paper_id,author_id,author_order
P00001,A00001,1
P00001,A00002,2
P00001,A00003,3
P00001,A00004,4
P00002,A00005,1
P00002,A00006,2
P00002,A00007,3
P00003,A00008,1
P00003,A00009,2
P00003,A00010,3
P00003,A00011,4
P00004,A00005,3
P00004,A00006,1
P00004,A00007,4
P00004,A00012,2
P00005,A00003,2
P00005,A00013,1
P00005,A00014,3
P00005,A00015,4
P00006,A00013,4
P00006,A00015,1
P00006,A00016,2
P00006,A00017,3
P00007,A00018,1
P00007,A00019,2
P00007,A00020,3
P00008,A00021,1
P00008,A00022,2
P00009,A00018,1
P00009,A00019,2
P00010,A00006,1
P00010,A00023,2
P00010,A00024,3
P00011,A00006,1
P00011,A00023,2
P00011,A00024,3
P00012,A00025,1
P00012,A00026,2
P00012,A00027,3
P00013,A00028,1
P00013,A00029,2
P00014,A00027,3
P00014,A00028,1
P00014,A00029,2
P00014,A00030,4
P00015,A00027,3
P00015,A00028,1
P00015,A00031,2
P00016,A00025,3
P00016,A00026,1
P00016,A00027,2
P00016,A00032,4
P00017,A00033,1
P00017,A00034,2
P00018,A00027,4
P00018,A00029,2
P00018,A00031,3
P00018,A00035,1
P00019,A00006,1
P00019,A00023,4
P00019,A00036,2
P00019,A00037,3
P00020,A00038,1
P00020,A00039,2
P00020,A00040,3
P00020,A00041,4
P00020,A00042,5
P00021,A00028,1
P00021,A00029,3
P00021,A00043,2
P00021,A00044,4
P00022,A00018,1
P00022,A00019,2
P00023,A00026,1
P00023,A00027,2
P00023,A00028,3
P00024,A00006,2
P00024,A00045,1
P00024,A00046,3
P00025,A00033,1
P00025,A00047,2
P00026,A00048,1
P00026,A00049,2
P00026,A00050,3
P00027,A00006,4
P00027,A00023,5
P00027,A00051,1
P00027,A00052,2
P00027,A00053,3
P00028,A00001,1
P00028,A00054,2
P00029,A00027,11
P00029,A00028,15
P00029,A00029,8
P00029,A00032,10
P00029,A00055,1
P00029,A00056,2
P00029,A00057,3
P00029,A00058,4
P00029,A00059,5
P00029,A00060,6
P00029,A00061,7
P00029,A00062,9
P00029,A00063,12
P00029,A00064,13
P00029,A00065,14
P00030,A00048,2
P00030,A00066,1
P00031,A00067,1
P00031,A00068,2
P00032,A00018,1
P00032,A00019,2
P00033,A00069,1
P00033,A00070,2
P00033,A00071,3
P00033,A00072,4
P00033,A00073,5
P00033,A00074,6
P00033,A00075,7
P00034,A00060,5
P00034,A00063,7
P00034,A00076,1
P00034,A00077,2
P00034,A00078,3
P00034,A00079,4
P00034,A00080,6
P00034,A00081,8
P00035,A00004,1
P00036,A00001,1
P00036,A00004,3
P00036,A00082,2
P00036,A00083,4
P00036,A00084,5
P00036,A00085,6
P00037,A00001,3
P00037,A00004,2
P00037,A00082,1
P00037,A00083,4
P00037,A00085,6
P00037,A00086,5
P00038,A00069,2
P00038,A00071,1
P00039,A00042,14
P00039,A00087,1
P00039,A00088,2
P00039,A00089,3
P00039,A00090,4
P00039,A00091,5
P00039,A00092,6
P00039,A00093,7
P00039,A00094,8
P00039,A00095,9
P00039,A00096,10
P00039,A00097,11
P00039,A00098,12
P00039,A00099,13
P00039,A00100,15
P00039,A00101,16
P00039,A00102,17
P00039,A00103,18
P00040,A00104,1
P00040,A00105,2
P00040,A00106,3
P00041,A00107,1
P00041,A00108,2
P00041,A00109,3
P00041,A00110,4
P00041,A00111,5
P00041,A00112,6
P00041,A00113,7
P00041,A00114,8
P00042,A00001,3
P00042,A00115,1
P00042,A00116,2
P00043,A00006,2
P00043,A00045,3
P00043,A00046,4
P00043,A00117,1
P00044,A00118,1
P00044,A00119,2
P00044,A00120,3
P00045,A00118,4
P00045,A00119,2
P00045,A00120,1
P00045,A00121,3
P00046,A00006,1
P00046,A00045,2
P00046,A00046,4
P00046,A00117,3
P00047,A00122,1
P00047,A00123,2
P00047,A00124,3
P00047,A00125,4
P00047,A00126,5
P00048,A00127,1
P00048,A00128,2
P00049,A00006,3
P00049,A00023,2
P00049,A00036,4
P00049,A00129,1
P00050,A00026,1
P00050,A00027,2
P00050,A00029,5
P00050,A00080,4
P00050,A00130,3
P00050,A00131,6
P00051,A00132,1
P00051,A00133,2
P00052,A00134,1
P00052,A00135,2
P00053,A00044,1
P00054,A00003,1
P00054,A00013,6
P00054,A00136,2
P00054,A00137,3
P00054,A00138,4
P00054,A00139,5
P00054,A00140,7
P00055,A00068,2
P00055,A00071,3
P00055,A00141,1
P00056,A00142,1
P00056,A00143,2
P00056,A00144,3
P00056,A00145,4
P00057,A00028,1
P00057,A00030,2
P00058,A00013,4
P00058,A00068,1
P00058,A00146,2
P00058,A00147,3
P00059,A00006,3
P00059,A00023,2
P00059,A00036,5
P00059,A00129,1
P00059,A00148,4
P00060,A00149,1
P00061,A00001,9
P00061,A00004,4
P00061,A00082,5
P00061,A00086,11
P00061,A00150,1
P00061,A00151,2
P00061,A00152,3
P00061,A00153,6
P00061,A00154,7
P00061,A00155,8
P00061,A00156,10
P00061,A00157,12
P00062,A00142,1
P00062,A00143,2
P00062,A00144,3
P00062,A00145,4
P00063,A00006,3
P00063,A00045,4
P00063,A00158,1
P00063,A00159,2
P00063,A00160,5
P00063,A00161,6
P00064,A00029,10
P00064,A00030,11
P00064,A00031,12
P00064,A00057,3
P00064,A00060,6
P00064,A00063,14
P00064,A00064,15
P00064,A00077,2
P00064,A00162,1
P00064,A00163,4
P00064,A00164,5
P00064,A00165,7
P00064,A00166,8
P00064,A00167,9
P00064,A00168,13
P00065,A00027,4
P00065,A00030,3
P00065,A00169,1
P00065,A00170,2
P00065,A00171,5
P00065,A00172,6
P00065,A00173,7
P00065,A00174,8
P00066,A00127,3
P00066,A00134,5
P00066,A00175,1
P00066,A00176,2
P00066,A00177,4
P00067,A00063,2
P00067,A00130,1
P00068,A00013,3
P00068,A00068,5
P00068,A00147,4
P00068,A00178,1
P00068,A00179,2
P00069,A00170,1
P00069,A00180,2
P00070,A00181,1
P00070,A00182,2
P00070,A00183,3
P00071,A00066,1
P00071,A00184,2
P00071,A00185,3
P00071,A00186,4
P00071,A00187,5
P00071,A00188,6
P00071,A00189,7
P00071,A00190,8
P00071,A00191,9
P00071,A00192,10
P00072,A00026,1
P00072,A00027,2
P00073,A00193,1
P00073,A00194,2
P00073,A00195,3
P00073,A00196,4
P00073,A00197,5
P00073,A00198,6
P00074,A00068,8
P00074,A00071,6
P00074,A00199,1
P00074,A00200,2
P00074,A00201,3
P00074,A00202,4
P00074,A00203,5
P00074,A00204,7
P00074,A00205,9
P00074,A00206,10
P00074,A00207,11
P00074,A00208,12
P00074,A00209,13
P00074,A00210,14
P00074,A00211,15
P00074,A00212,16
P00074,A00213,17
P00074,A00214,18
P00074,A00215,19
P00074,A00216,20
P00074,A00217,21
P00074,A00218,22
P00075,A00027,8
P00075,A00034,11
P00075,A00080,9
P00075,A00170,4
P00075,A00174,1
P00075,A00219,2
P00075,A00220,3
P00075,A00221,5
P00075,A00222,6
P00075,A00223,7
P00075,A00224,10
P00075,A00225,12
P00075,A00226,13
P00075,A00227,14
P00076,A00047,2
P00076,A00228,1
P00076,A00229,3
P00077,A00143,3
P00077,A00230,1
P00077,A00231,2
P00077,A00232,4
P00077,A00233,5
P00077,A00234,6
P00078,A00006,4
P00078,A00023,3
P00078,A00036,2
P00078,A00129,1
P00079,A00165,3
P00079,A00235,1
P00079,A00236,2
P00080,A00030,2
P00080,A00130,1
P00081,A00087,9
P00081,A00104,3
P00081,A00237,1
P00081,A00238,2
P00081,A00239,4
P00081,A00240,5
P00081,A00241,6
P00081,A00242,7
P00081,A00243,8
P00081,A00244,10
P00082,A00143,2
P00082,A00230,4
P00082,A00231,1
P00082,A00245,3
P00083,A00013,6
P00083,A00068,4
P00083,A00071,2
P00083,A00146,1
P00083,A00246,3
P00083,A00247,5
P00084,A00044,4
P00084,A00248,1
P00084,A00249,2
P00084,A00250,3
P00085,A00001,3
P00085,A00004,2
P00085,A00251,1
P00086,A00252,1
P00086,A00253,2
P00086,A00254,3
P00086,A00255,4
P00086,A00256,5
P00086,A00257,6
P00086,A00258,7
P00087,A00046,2
P00087,A00259,1
P00088,A00096,2
P00088,A00260,1
P00088,A00261,3
P00088,A00262,4
P00089,A00130,1
P00089,A00131,4
P00089,A00263,2
P00089,A00264,3
P00089,A00265,5
P00090,A00029,3
P00090,A00091,5
P00090,A00092,4
P00090,A00130,2
P00090,A00266,1
P00091,A00091,2
P00091,A00092,4
P00091,A00130,5
P00091,A00264,3
P00091,A00266,1
P00092,A00142,1
P00092,A00143,3
P00092,A00144,4
P00092,A00145,2
P00093,A00143,3
P00093,A00230,1
P00093,A00231,2
P00094,A00267,1
P00094,A00268,2
P00094,A00269,3
P00094,A00270,4
P00094,A00271,5
P00095,A00272,1
P00096,A00013,9
P00096,A00273,1
P00096,A00274,2
P00096,A00275,3
P00096,A00276,4
P00096,A00277,5
P00096,A00278,6
P00096,A00279,7
P00096,A00280,8
P00097,A00044,6
P00097,A00249,1
P00097,A00250,2
P00097,A00281,3
P00097,A00282,4
P00097,A00283,5
P00098,A00272,1
P00099,A00284,1
P00099,A00285,2
P00099,A00286,3
P00100,A00027,4
P00100,A00171,3
P00100,A00287,1
P00100,A00288,2
P00100,A00289,5
P00101,A00087,2
P00101,A00290,1
P00102,A00291,1
P00103,A00029,2
P00103,A00292,1
P00104,A00006,1
P00104,A00045,2
P00104,A00046,3
P00104,A00117,4
P00105,A00293,1
P00106,A00091,7
P00106,A00263,4
P00106,A00264,2
P00106,A00282,3
P00106,A00294,1
P00106,A00295,5
P00106,A00296,6
P00107,A00047,3
P00107,A00297,1
P00107,A00298,2
P00107,A00299,4
P00107,A00300,5
P00107,A00301,6
P00108,A00079,2
P00108,A00080,5
P00108,A00081,4
P00108,A00302,1
P00108,A00303,3
P00109,A00079,2
P00109,A00080,5
P00109,A00081,4
P00109,A00302,1
P00109,A00303,3
P00110,A00013,3
P00110,A00068,1
P00110,A00147,2
P00111,A00069,4
P00111,A00071,3
P00111,A00075,1
P00111,A00304,2
P00112,A00029,15
P00112,A00087,11
P00112,A00261,14
P00112,A00305,1
P00112,A00306,2
P00112,A00307,3
P00112,A00308,4
P00112,A00309,5
P00112,A00310,6
P00112,A00311,7
P00112,A00312,8
P00112,A00313,9
P00112,A00314,10
P00112,A00315,12
P00112,A00316,13
P00113,A00018,4
P00113,A00317,1
P00113,A00318,2
P00113,A00319,3
P00113,A00320,5
P00113,A00321,6
P00114,A00272,1
P00115,A00268,1
P00115,A00322,2
P00115,A00323,3
P00116,A00324,1
P00116,A00325,2
P00116,A00326,3
P00117,A00109,9
P00117,A00111,7
P00117,A00291,6
P00117,A00327,1
P00117,A00328,2
P00117,A00329,3
P00117,A00330,4
P00117,A00331,5
P00117,A00332,8
P00118,A00091,1
P00119,A00130,2
P00119,A00266,3
P00119,A00333,1
P00120,A00334,1
P00120,A00335,2
P00121,A00336,1
P00121,A00337,2
P00121,A00338,3
P00121,A00339,4
P00121,A00340,5
P00122,A00260,2
P00122,A00341,1
P00122,A00342,3
P00122,A00343,4
P00123,A00268,1
P00123,A00323,2
P00123,A00344,3
P00124,A00231,2
P00124,A00345,1
P00124,A00346,3
P00124,A00347,4
P00124,A00348,5
P00125,A00296,5
P00125,A00349,1
P00125,A00350,2
P00125,A00351,3
P00125,A00352,4
P00126,A00124,15
P00126,A00353,1
P00126,A00354,2
P00126,A00355,3
P00126,A00356,4
P00126,A00357,5
P00126,A00358,6
P00126,A00359,7
P00126,A00360,8
P00126,A00361,9
P00126,A00362,10
P00126,A00363,11
P00126,A00364,12
P00126,A00365,13
P00126,A00366,14
P00126,A00367,16
P00126,A00368,17
P00126,A00369,18
P00126,A00370,19
P00126,A00371,20
P00126,A00372,21
P00126,A00373,22
P00126,A00374,23
P00126,A00375,24
P00126,A00376,25
P00126,A00377,26
P00126,A00378,27
P00126,A00379,28
P00126,A00380,29
P00126,A00381,30
P00126,A00382,31
P00126,A00383,32
P00126,A00384,33
P00126,A00385,34
P00126,A00386,35
P00126,A00387,36
P00126,A00388,37
P00126,A00389,38
P00126,A00390,39
P00126,A00391,40
P00126,A00392,41
P00127,A00104,3
P00127,A00393,1
P00127,A00394,2
P00128,A00276,5
P00128,A00395,1
P00128,A00396,2
P00128,A00397,3
P00128,A00398,4
P00128,A00399,6
P00129,A00400,1
P00129,A00401,2
P00130,A00334,3
P00130,A00336,2
P00130,A00402,1
P00130,A00403,4
P00130,A00404,5
P00130,A00405,6
P00131,A00006,3
P00131,A00007,4
P00131,A00052,6
P00131,A00406,1
P00131,A00407,2
P00131,A00408,5
P00132,A00122,1
P00132,A00123,2
P00132,A00124,6
P00132,A00125,3
P00132,A00126,4
P00132,A00409,5
P00132,A00410,7
P00132,A00411,8
P00132,A00412,9
P00132,A00413,10
P00133,A00414,1
P00133,A00415,2
P00133,A00416,3
P00134,A00272,1
P00134,A00417,2
P00134,A00418,3
P00135,A00006,2
P00135,A00045,1
P00135,A00046,3
P00135,A00117,4
P00136,A00006,1
P00136,A00117,2
P00137,A00044,1
P00138,A00143,2
P00138,A00230,1
P00138,A00231,3
P00138,A00233,4
P00139,A00130,1
P00139,A00419,2
P00139,A00420,3
P00140,A00029,2
P00140,A00266,1
P00141,A00060,6
P00141,A00087,2
P00141,A00104,3
P00141,A00421,1
P00141,A00422,4
P00141,A00423,5
P00142,A00063,2
P00142,A00088,3
P00142,A00089,4
P00142,A00424,1
P00142,A00425,5
P00143,A00237,1
P00143,A00426,2
P00144,A00104,2
P00144,A00427,1
P00144,A00428,3
P00144,A00429,4
P00145,A00078,2
P00145,A00087,6
P00145,A00091,5
P00145,A00098,7
P00145,A00130,3
P00145,A00315,9
P00145,A00343,8
P00145,A00430,1
P00145,A00431,4
P00145,A00432,10
P00146,A00029,3
P00146,A00130,2
P00146,A00266,1
P00147,A00029,7
P00147,A00079,3
P00147,A00089,1
P00147,A00303,2
P00147,A00433,4
P00147,A00434,5
P00147,A00435,6
P00148,A00263,4
P00148,A00264,2
P00148,A00282,1
P00148,A00294,5
P00148,A00296,3
P00149,A00134,1
P00150,A00091,2
P00150,A00131,5
P00150,A00264,3
P00150,A00295,4
P00150,A00436,1
P00151,A00195,5
P00151,A00196,3
P00151,A00198,6
P00151,A00437,1
P00151,A00438,2
P00151,A00439,4
P00152,A00029,2
P00152,A00130,4
P00152,A00131,1
P00152,A00266,3
P00153,A00033,2
P00153,A00440,1
P00154,A00029,8
P00154,A00030,10
P00154,A00060,5
P00154,A00063,13
P00154,A00076,1
P00154,A00077,9
P00154,A00078,2
P00154,A00080,11
P00154,A00081,14
P00154,A00087,6
P00154,A00164,4
P00154,A00182,12
P00154,A00441,3
P00154,A00442,7
P00155,A00443,1
P00155,A00444,2
P00155,A00445,3
P00155,A00446,4
P00156,A00026,1
P00156,A00447,2
P00157,A00087,2
P00157,A00290,3
P00157,A00448,1
P00158,A00068,1
P00159,A00449,1
P00159,A00450,2
P00159,A00451,3
P00159,A00452,4
P00160,A00325,1
P00160,A00326,3
P00160,A00453,2
P00161,A00454,1
P00161,A00455,2
P00161,A00456,3
P00161,A00457,4
P00162,A00006,1
P00163,A00268,1
P00163,A00322,2
P00163,A00323,3
P00164,A00029,3
P00164,A00131,2
P00164,A00266,1
P00165,A00130,2
P00165,A00263,1
P00166,A00272,1
P00166,A00458,2
P00167,A00006,1
P00167,A00046,2
P00167,A00117,3
P00168,A00027,4
P00168,A00447,3
P00168,A00459,1
P00168,A00460,2
P00169,A00063,2
P00169,A00260,1
P00169,A00461,3
P00170,A00462,1
P00170,A00463,2
P00170,A00464,3
P00170,A00465,4
P00170,A00466,5
P00171,A00272,1
P00171,A00458,2
P00171,A00467,3
P00171,A00468,4
P00172,A00268,1
P00172,A00323,2
P00173,A00047,4
P00173,A00297,1
P00173,A00298,2
P00173,A00469,3
P00173,A00470,5
P00174,A00263,3
P00174,A00264,2
P00174,A00295,4
P00174,A00296,5
P00174,A00471,1
P00174,A00472,6
P00175,A00272,1
P00175,A00417,2
P00175,A00473,3
P00176,A00474,1
P00176,A00475,2
P00177,A00048,2
P00177,A00476,1
P00177,A00477,3
P00177,A00478,4
P00178,A00114,5
P00178,A00183,6
P00178,A00237,2
P00178,A00316,3
P00178,A00479,1
P00178,A00480,4
P00179,A00272,3
P00179,A00458,2
P00179,A00467,1
P00180,A00450,3
P00180,A00451,5
P00180,A00452,4
P00180,A00481,1
P00180,A00482,2
P00181,A00013,3
P00181,A00179,2
P00181,A00483,1
P00181,A00484,4
P00182,A00029,2
P00182,A00078,3
P00182,A00266,1
P00182,A00485,4
P00182,A00486,5
P00182,A00487,6
P00183,A00027,2
P00183,A00080,6
P00183,A00460,1
P00183,A00488,3
P00183,A00489,4
P00183,A00490,5
P00183,A00491,7
P00184,A00290,4
P00184,A00492,1
P00184,A00493,2
P00184,A00494,3
P00184,A00495,5
P00185,A00443,2
P00185,A00496,1
P00186,A00001,2
P00186,A00004,3
P00186,A00082,1
P00186,A00150,4
P00187,A00006,1
P00187,A00046,2
P00187,A00117,3
P00188,A00231,1
P00188,A00497,2
P00189,A00143,2
P00189,A00230,3
P00189,A00231,1
P00189,A00245,4
P00190,A00029,2
P00190,A00498,1
P00191,A00449,1
P00191,A00450,2
P00191,A00451,3
P00191,A00452,4
P00192,A00268,1
P00192,A00323,2
P00193,A00130,2
P00193,A00333,1
P00194,A00029,2
P00194,A00087,3
P00194,A00266,1
P00194,A00435,4
P00195,A00068,1
P00195,A00499,2
P00195,A00500,3
P00195,A00501,4
P00195,A00502,5
P00196,A00095,3
P00196,A00096,5
P00196,A00260,1
P00196,A00261,2
P00196,A00262,6
P00196,A00341,4
P00196,A00503,7
P00197,A00114,4
P00197,A00237,3
P00197,A00316,2
P00197,A00479,1
P00197,A00504,5
P00197,A00505,6
P00198,A00506,1
P00198,A00507,2
P00198,A00508,3
P00199,A00018,4
P00199,A00319,2
P00199,A00321,5
P00199,A00509,1
P00199,A00510,3
P00200,A00104,5
P00200,A00300,4
P00200,A00301,2
P00200,A00427,3
P00200,A00511,1
P00200,A00512,6
P00201,A00447,2
P00201,A00459,1
P00202,A00022,5
P00202,A00513,1
P00202,A00514,2
P00202,A00515,3
P00202,A00516,4
P00203,A00130,2
P00203,A00333,3
P00203,A00517,1
P00204,A00078,2
P00204,A00130,4
P00204,A00266,3
P00204,A00333,6
P00204,A00431,5
P00204,A00518,1
P00204,A00519,7
P00204,A00520,8
P00204,A00521,9
P00204,A00522,10
P00204,A00523,11
P00204,A00524,12
P00204,A00525,13
P00205,A00018,3
P00205,A00317,5
P00205,A00318,1
P00205,A00319,2
P00205,A00321,4
P00206,A00231,1
P00206,A00497,2
P00207,A00526,1
P00208,A00130,1
P00208,A00131,2
P00208,A00266,5
P00208,A00333,4
P00208,A00527,3
P00209,A00026,2
P00209,A00447,1
P00210,A00029,2
P00210,A00078,3
P00210,A00266,1
P00210,A00528,4
P00211,A00130,2
P00211,A00529,1
P00212,A00029,2
P00212,A00078,3
P00212,A00266,1
P00212,A00528,4
P00213,A00530,1
P00213,A00531,2
P00213,A00532,3
P00214,A00063,2
P00214,A00260,1
P00214,A00461,3
P00215,A00029,4
P00215,A00078,3
P00215,A00262,6
P00215,A00266,7
P00215,A00485,8
P00215,A00486,1
P00215,A00533,2
P00215,A00534,5
P00215,A00535,9
P00215,A00536,10
P00216,A00098,6
P00216,A00237,4
P00216,A00537,1
P00216,A00538,2
P00216,A00539,3
P00216,A00540,5
P00217,A00006,2
P00217,A00117,1
P00218,A00290,2
P00218,A00448,1
P00219,A00087,6
P00219,A00104,2
P00219,A00290,5
P00219,A00393,1
P00219,A00394,4
P00219,A00432,7
P00219,A00541,3
P00220,A00029,8
P00220,A00130,6
P00220,A00131,4
P00220,A00263,3
P00220,A00264,1
P00220,A00295,7
P00220,A00296,9
P00220,A00447,10
P00220,A00542,2
P00220,A00543,5
P00220,A00544,11
P00220,A00545,12
P00221,A00104,3
P00221,A00237,1
P00221,A00479,2
P00221,A00546,4
P00222,A00547,1
P00222,A00548,2
P00222,A00549,3
P00223,A00080,6
P00223,A00170,8
P00223,A00174,2
P00223,A00221,9
P00223,A00223,3
P00223,A00447,7
P00223,A00550,1
P00223,A00551,4
P00223,A00552,5
P00223,A00553,10
P00224,A00080,4
P00224,A00447,3
P00224,A00554,1
P00224,A00555,2
P00224,A00556,5
P00224,A00557,6
P00225,A00018,7
P00225,A00319,3
P00225,A00321,8
P00225,A00509,2
P00225,A00510,6
P00225,A00558,1
P00225,A00559,4
P00225,A00560,5
P00225,A00561,9
P00226,A00194,2
P00226,A00195,3
P00226,A00196,1
P00226,A00198,4
P00227,A00047,4
P00227,A00298,3
P00227,A00299,2
P00227,A00562,1
P00228,A00018,8
P00228,A00317,7
P00228,A00319,2
P00228,A00321,5
P00228,A00563,1
P00228,A00564,3
P00228,A00565,4
P00228,A00566,6
P00228,A00567,9
P00229,A00026,1
P00229,A00063,2
P00229,A00093,4
P00229,A00303,3
P00230,A00268,1
P00230,A00323,2
P00231,A00102,3
P00231,A00266,1
P00231,A00343,5
P00231,A00431,2
P00231,A00568,4
P00232,A00526,3
P00232,A00569,1
P00232,A00570,2
P00232,A00571,4
P00233,A00195,1
P00233,A00198,6
P00233,A00439,2
P00233,A00572,3
P00233,A00573,4
P00233,A00574,5
P00234,A00001,3
P00234,A00575,1
P00234,A00576,2
P00234,A00577,4
P00234,A00578,5
P00235,A00130,2
P00235,A00282,3
P00235,A00529,1
P00235,A00579,4
P00236,A00018,3
P00236,A00317,5
P00236,A00319,1
P00236,A00321,4
P00236,A00510,2
P00237,A00447,2
P00237,A00459,1
P00238,A00447,2
P00238,A00459,1
P00239,A00580,1
P00239,A00581,2
P00239,A00582,3
P00239,A00583,4
P00239,A00584,5
P00239,A00585,6
P00239,A00586,7
P00239,A00587,8
P00239,A00588,9
P00239,A00589,10
P00239,A00590,11
P00240,A00001,3
P00240,A00004,2
P00240,A00251,1
P00241,A00068,1
P00241,A00499,2
P00241,A00500,3
P00241,A00501,4
P00241,A00502,5
P00242,A00108,1
P00242,A00144,2
P00242,A00591,3
P00243,A00108,1
P00243,A00144,3
P00243,A00591,2
P00244,A00026,1
P00244,A00063,2
P00244,A00303,3
P00245,A00006,1
P00245,A00117,3
P00245,A00592,2
P00246,A00029,6
P00246,A00077,3
P00246,A00095,5
P00246,A00342,2
P00246,A00486,4
P00246,A00503,1
P00247,A00593,1
P00247,A00594,2
P00247,A00595,3
P00247,A00596,4
P00247,A00597,5
P00247,A00598,6
P00247,A00599,7
P00247,A00600,8
P00247,A00601,9
P00248,A00104,2
P00248,A00538,1
P00249,A00029,7
P00249,A00078,8
P00249,A00092,6
P00249,A00130,5
P00249,A00131,2
P00249,A00263,1
P00249,A00264,3
P00249,A00295,9
P00249,A00471,11
P00249,A00543,10
P00249,A00602,4
P00250,A00603,1
P00250,A00604,2
P00250,A00605,3
P00250,A00606,4
P00250,A00607,5
P00251,A00013,3
P00251,A00068,2
P00251,A00146,1
P00251,A00608,4
P00252,A00111,3
P00252,A00291,4
P00252,A00393,1
P00252,A00609,2
P00253,A00096,4
P00253,A00260,1
P00253,A00610,2
P00253,A00611,3
P00254,A00612,1
P00254,A00613,2
P00254,A00614,3
P00255,A00579,3
P00255,A00614,4
P00255,A00615,1
P00255,A00616,2
P00255,A00617,5
P00255,A00618,6
P00256,A00001,4
P00256,A00054,3
P00256,A00619,1
P00256,A00620,2
P00257,A00029,1
P00257,A00130,3
P00257,A00131,2
P00258,A00621,1
P00258,A00622,2
P00259,A00022,1
P00259,A00514,3
P00259,A00516,4
P00259,A00623,2
P00260,A00127,4
P00260,A00134,2
P00260,A00177,3
P00260,A00624,1
P00261,A00069,2
P00261,A00072,1
P00261,A00074,3
P00261,A00075,4
P00262,A00029,1
P00262,A00266,2
P00262,A00625,3
P00262,A00626,4
P00263,A00627,1
P00263,A00628,2
P00263,A00629,3
P00263,A00630,4
P00264,A00325,2
P00264,A00326,3
P00264,A00453,1
P00265,A00631,1
P00265,A00632,2
P00266,A00069,2
P00266,A00070,3
P00266,A00072,1
P00266,A00075,4
P00267,A00127,9
P00267,A00134,4
P00267,A00177,8
P00267,A00624,1
P00267,A00633,2
P00267,A00634,3
P00267,A00635,5
P00267,A00636,6
P00267,A00637,7
P00268,A00638,1
P00268,A00639,2
P00268,A00640,3
P00269,A00091,4
P00269,A00130,1
P00269,A00474,2
P00269,A00641,3
P00270,A00252,3
P00270,A00253,1
P00270,A00254,4
P00270,A00642,2
P00270,A00643,5
P00271,A00029,36
P00271,A00077,1
P00271,A00282,10
P00271,A00333,18
P00271,A00485,4
P00271,A00493,32
P00271,A00495,5
P00271,A00529,17
P00271,A00552,37
P00271,A00644,2
P00271,A00645,3
P00271,A00646,6
P00271,A00647,7
P00271,A00648,8
P00271,A00649,9
P00271,A00650,11
P00271,A00651,12
P00271,A00652,13
P00271,A00653,14
P00271,A00654,15
P00271,A00655,16
P00271,A00656,19
P00271,A00657,20
P00271,A00658,21
P00271,A00659,22
P00271,A00660,23
P00271,A00661,24
P00271,A00662,25
P00271,A00663,26
P00271,A00664,27
P00271,A00665,28
P00271,A00666,29
P00271,A00667,30
P00271,A00668,31
P00271,A00669,33
P00271,A00670,34
P00271,A00671,35
P00271,A00672,38
P00272,A00029,36
P00272,A00077,1
P00272,A00282,29
P00272,A00333,28
P00272,A00472,19
P00272,A00485,33
P00272,A00493,31
P00272,A00495,3
P00272,A00529,7
P00272,A00552,37
P00272,A00644,4
P00272,A00645,2
P00272,A00646,24
P00272,A00647,5
P00272,A00648,10
P00272,A00649,8
P00272,A00651,15
P00272,A00652,16
P00272,A00653,17
P00272,A00654,6
P00272,A00655,18
P00272,A00656,11
P00272,A00657,20
P00272,A00658,21
P00272,A00659,13
P00272,A00660,14
P00272,A00661,22
P00272,A00662,23
P00272,A00663,25
P00272,A00664,26
P00272,A00665,27
P00272,A00666,9
P00272,A00667,12
P00272,A00668,30
P00272,A00669,32
P00272,A00670,34
P00272,A00671,35
P00272,A00672,38
P00273,A00029,8
P00273,A00046,48
P00273,A00077,2
P00273,A00080,43
P00273,A00087,32
P00273,A00160,57
P00273,A00260,18
P00273,A00282,31
P00273,A00290,47
P00273,A00333,46
P00273,A00422,56
P00273,A00447,37
P00273,A00485,9
P00273,A00493,3
P00273,A00495,6
P00273,A00529,58
P00273,A00534,30
P00273,A00579,1
P00273,A00615,24
P00273,A00618,52
P00273,A00648,36
P00273,A00649,29
P00273,A00650,39
P00273,A00653,51
P00273,A00655,54
P00273,A00656,19
P00273,A00657,7
P00273,A00659,53
P00273,A00661,45
P00273,A00662,20
P00273,A00663,17
P00273,A00664,21
P00273,A00670,4
P00273,A00672,38
P00273,A00673,5
P00273,A00674,10
P00273,A00675,11
P00273,A00676,12
P00273,A00677,13
P00273,A00678,14
P00273,A00679,15
P00273,A00680,16
P00273,A00681,22
P00273,A00682,23
P00273,A00683,25
P00273,A00684,26
P00273,A00685,27
P00273,A00686,28
P00273,A00687,33
P00273,A00688,34
P00273,A00689,35
P00273,A00690,40
P00273,A00691,41
P00273,A00692,42
P00273,A00693,44
P00273,A00694,49
P00273,A00695,50
P00273,A00696,55
P00273,A00697,59
P00274,A00266,5
P00274,A00282,3
P00274,A00541,2
P00274,A00658,6
P00274,A00698,1
P00274,A00699,4
P00274,A00700,7
P00275,A00701,1
P00275,A00702,2
P00276,A00080,1
P00276,A00447,2
P00276,A00460,3
P00277,A00268,1
P00277,A00323,2
P00278,A00006,1
P00278,A00703,2
P00279,A00048,4
P00279,A00569,3
P00279,A00571,2
P00279,A00704,1
P00280,A00029,5
P00280,A00078,2
P00280,A00130,8
P00280,A00131,3
P00280,A00266,6
P00280,A00333,7
P00280,A00525,12
P00280,A00529,1
P00280,A00662,9
P00280,A00677,10
P00280,A00705,4
P00280,A00706,11
P00281,A00707,1
P00281,A00708,2
P00282,A00130,2
P00282,A00263,1
P00282,A00709,3
P00282,A00710,4
P00282,A00711,5
P00282,A00712,6
P00282,A00713,7
P00283,A00077,18
P00283,A00421,12
P00283,A00534,16
P00283,A00579,17
P00283,A00614,11
P00283,A00616,14
P00283,A00676,21
P00283,A00685,9
P00283,A00696,20
P00283,A00714,1
P00283,A00715,2
P00283,A00716,3
P00283,A00717,4
P00283,A00718,5
P00283,A00719,6
P00283,A00720,7
P00283,A00721,8
P00283,A00722,10
P00283,A00723,13
P00283,A00724,15
P00283,A00725,19
P00284,A00569,3
P00284,A00571,2
P00284,A00704,1
P00285,A00268,1
P00286,A00130,3
P00286,A00266,2
P00286,A00307,4
P00286,A00308,5
P00286,A00517,1
P00286,A00528,6
P00287,A00047,2
P00287,A00726,1
P00288,A00029,5
P00288,A00030,7
P00288,A00076,1
P00288,A00077,6
P00288,A00078,2
P00288,A00087,4
P00288,A00131,3
P00289,A00006,1
P00289,A00703,2
P00290,A00087,5
P00290,A00104,2
P00290,A00238,10
P00290,A00290,6
P00290,A00298,4
P00290,A00393,1
P00290,A00422,7
P00290,A00431,8
P00290,A00541,3
P00290,A00607,11
P00290,A00722,9
P00291,A00727,1
P00291,A00728,2
P00291,A00729,3
P00291,A00730,4
P00291,A00731,5
P00291,A00732,6
P00291,A00733,7
P00291,A00734,8
P00291,A00735,9
P00292,A00736,1
P00292,A00737,2
P00292,A00738,3
P00292,A00739,4
P00292,A00740,5
P00292,A00741,6
P00292,A00742,7
P00293,A00443,5
P00293,A00445,2
P00293,A00446,7
P00293,A00743,1
P00293,A00744,3
P00293,A00745,4
P00293,A00746,6
P00294,A00447,2
P00294,A00747,1
P00295,A00629,1
P00296,A00644,21
P00296,A00646,17
P00296,A00649,8
P00296,A00662,16
P00296,A00664,2
P00296,A00676,1
P00296,A00678,12
P00296,A00690,14
P00296,A00696,4
P00296,A00748,3
P00296,A00749,5
P00296,A00750,6
P00296,A00751,7
P00296,A00752,9
P00296,A00753,10
P00296,A00754,11
P00296,A00755,13
P00296,A00756,15
P00296,A00757,18
P00296,A00758,19
P00296,A00759,20
P00297,A00526,1
P00297,A00570,3
P00297,A00616,2
P00297,A00760,4
P00297,A00761,5
P00297,A00762,6
P00297,A00763,7
P00298,A00078,2
P00298,A00081,12
P00298,A00431,4
P00298,A00487,11
P00298,A00607,7
P00298,A00705,1
P00298,A00764,3
P00298,A00765,5
P00298,A00766,6
P00298,A00767,8
P00298,A00768,9
P00298,A00769,10
P00298,A00770,13
P00298,A00771,14
P00298,A00772,15
P00298,A00773,16
P00299,A00100,6
P00299,A00282,2
P00299,A00645,3
P00299,A00658,5
P00299,A00774,1
P00299,A00775,4
P00300,A00063,1
P00300,A00303,2
P00301,A00029,2
P00301,A00266,1
P00301,A00568,4
P00301,A00776,3
P00302,A00447,2
P00302,A00459,1
P00303,A00630,2
P00303,A00777,1
P00303,A00778,3
P00303,A00779,4
P00303,A00780,5
P00304,A00001,6
P00304,A00082,5
P00304,A00150,4
P00304,A00781,1
P00304,A00782,2
P00304,A00783,3
P00305,A00080,6
P00305,A00784,1
P00305,A00785,2
P00305,A00786,3
P00305,A00787,4
P00305,A00788,5
P00305,A00789,7
P00305,A00790,8
P00305,A00791,9
P00306,A00029,5
P00306,A00149,1
P00306,A00776,4
P00306,A00792,2
P00306,A00793,3
P00307,A00570,5
P00307,A00717,6
P00307,A00791,9
P00307,A00794,1
P00307,A00795,2
P00307,A00796,3
P00307,A00797,4
P00307,A00798,7
P00307,A00799,8
P00308,A00231,2
P00308,A00497,1
P00309,A00169,8
P00309,A00170,5
P00309,A00788,2
P00309,A00800,1
P00309,A00801,3
P00309,A00802,4
P00309,A00803,6
P00309,A00804,7
P00309,A00805,9
P00309,A00806,10
P00309,A00807,11
P00310,A00006,2
P00310,A00621,1
P00311,A00006,2
P00311,A00808,1
P00312,A00095,3
P00312,A00809,1
P00312,A00810,2
P00312,A00811,4
P00312,A00812,5
P00312,A00813,6
P00313,A00490,2
P00313,A00491,4
P00313,A00571,5
P00313,A00814,1
P00313,A00815,3
P00314,A00268,1
P00314,A00323,4
P00314,A00816,2
P00314,A00817,3
P00314,A00818,5
P00315,A00290,2
P00315,A00819,1
P00315,A00820,3
P00316,A00231,1
P00316,A00497,2
P00317,A00029,3
P00317,A00264,2
P00317,A00436,1
P00317,A00602,5
P00317,A00821,4
P00318,A00541,2
P00318,A00546,1
P00318,A00822,3
P00318,A00823,4
P00319,A00130,2
P00319,A00307,3
P00319,A00308,4
P00319,A00528,5
P00319,A00824,1
P00320,A00087,4
P00320,A00089,3
P00320,A00098,5
P00320,A00266,1
P00320,A00315,7
P00320,A00422,6
P00320,A00431,2
P00321,A00026,1
P00321,A00063,2
P00321,A00303,3
P00322,A00029,4
P00322,A00078,2
P00322,A00130,5
P00322,A00517,3
P00322,A00518,1
P00322,A00524,10
P00322,A00525,11
P00322,A00825,6
P00322,A00826,7
P00322,A00827,8
P00322,A00828,9
P00323,A00078,3
P00323,A00130,2
P00323,A00824,1
P00324,A00325,1
P00324,A00326,3
P00324,A00453,2
P00325,A00130,1
P00325,A00263,2
P00326,A00031,6
P00326,A00829,1
P00326,A00830,2
P00326,A00831,3
P00326,A00832,4
P00326,A00833,5
P00327,A00001,1
P00327,A00004,3
P00327,A00082,2
P00327,A00150,4
P00328,A00033,2
P00328,A00183,3
P00328,A00834,1
P00328,A00835,4
P00328,A00836,5
P00329,A00837,1
P00329,A00838,2
P00330,A00839,1
P00330,A00840,2
P00331,A00087,4
P00331,A00090,3
P00331,A00096,5
P00331,A00260,2
P00331,A00343,1
P00332,A00028,1
P00332,A00841,2
P00332,A00842,3
P00333,A00090,5
P00333,A00098,7
P00333,A00102,3
P00333,A00103,4
P00333,A00843,1
P00333,A00844,2
P00333,A00845,6
P00333,A00846,8
P00334,A00130,2
P00334,A00266,3
P00334,A00290,4
P00334,A00333,1
P00334,A00847,5
P00335,A00102,4
P00335,A00266,3
P00335,A00431,5
P00335,A00848,1
P00335,A00849,2
P00336,A00090,2
P00336,A00101,5
P00336,A00417,1
P00336,A00432,4
P00336,A00850,3
P00337,A00851,1
P00337,A00852,2
P00338,A00090,2
P00338,A00417,1
P00339,A00853,1
P00339,A00854,2
P00339,A00855,3
P00339,A00856,4
P00339,A00857,5
P00340,A00170,4
P00340,A00671,3
P00340,A00858,1
P00340,A00859,2
P00341,A00015,3
P00341,A00860,1
P00341,A00861,2
P00341,A00862,4
P00342,A00047,4
P00342,A00231,1
P00342,A00497,2
P00342,A00660,6
P00342,A00863,3
P00342,A00864,5
P00343,A00130,5
P00343,A00569,2
P00343,A00579,13
P00343,A00614,4
P00343,A00662,11
P00343,A00714,8
P00343,A00716,9
P00343,A00717,12
P00343,A00723,1
P00343,A00725,3
P00343,A00865,6
P00343,A00866,7
P00343,A00867,10
P00344,A00316,5
P00344,A00491,6
P00344,A00776,4
P00344,A00868,1
P00344,A00869,2
P00344,A00870,3
P00344,A00871,7
P00344,A00872,8
P00344,A00873,9
P00345,A00506,1
P00345,A00508,3
P00345,A00874,2
P00346,A00293,1
P00346,A00875,2
P00346,A00876,3
P00346,A00877,4
P00346,A00878,5
P00347,A00879,1
P00347,A00880,2
P00347,A00881,3
P00347,A00882,4
P00347,A00883,5
P00347,A00884,6
P00347,A00885,7
P00347,A00886,8
P00347,A00887,9
P00348,A00490,1
P00348,A00888,2
P00348,A00889,3
P00348,A00890,4
P00349,A00087,3
P00349,A00891,1
P00349,A00892,2
P00349,A00893,4
P00350,A00066,1
P00350,A00894,2
P00350,A00895,3
P00350,A00896,4
P00350,A00897,5
P00350,A00898,6
P00351,A00028,4
P00351,A00029,3
P00351,A00077,6
P00351,A00282,5
P00351,A00899,1
P00351,A00900,2
P00352,A00102,4
P00352,A00103,5
P00352,A00901,1
P00352,A00902,2
P00352,A00903,3
P00352,A00904,6
P00353,A00078,2
P00353,A00130,5
P00353,A00307,3
P00353,A00773,4
P00353,A00905,1
P00354,A00477,1
P00355,A00068,2
P00355,A00071,4
P00355,A00141,1
P00355,A00906,3
P00355,A00907,5
P00355,A00908,6
P00355,A00909,7
P00356,A00117,4
P00356,A00571,3
P00356,A00622,2
P00356,A00910,1
P00357,A00063,2
P00357,A00303,3
P00357,A00911,1
P00358,A00029,2
P00358,A00130,3
P00358,A00266,1
P00359,A00699,4
P00359,A00912,1
P00359,A00913,2
P00359,A00914,3
P00360,A00090,2
P00360,A00096,4
P00360,A00260,1
P00360,A00343,3
P00361,A00648,6
P00361,A00649,5
P00361,A00915,1
P00361,A00916,2
P00361,A00917,3
P00361,A00918,4
P00362,A00006,4
P00362,A00007,5
P00362,A00052,6
P00362,A00406,3
P00362,A00407,1
P00362,A00919,2
P00363,A00095,6
P00363,A00809,2
P00363,A00810,1
P00363,A00811,7
P00363,A00812,3
P00363,A00813,11
P00363,A00920,4
P00363,A00921,5
P00363,A00922,8
P00363,A00923,9
P00363,A00924,10
P00364,A00288,4
P00364,A00539,3
P00364,A00925,1
P00364,A00926,2
P00364,A00927,5
P00364,A00928,6
P00365,A00130,4
P00365,A00333,2
P00365,A00421,1
P00365,A00824,3
P00366,A00090,4
P00366,A00417,1
P00366,A00431,5
P00366,A00840,3
P00366,A00850,2
P00367,A00929,1
P00368,A00127,4
P00368,A00134,2
P00368,A00177,3
P00368,A00624,1
P00369,A00547,3
P00369,A00549,2
P00369,A00930,1
P00369,A00931,4
P00369,A00932,5
P00369,A00933,6
P00370,A00934,1
P00370,A00935,2
P00371,A00066,1
P00372,A00130,2
P00372,A00131,4
P00372,A00263,3
P00372,A00712,6
P00372,A00713,5
P00372,A00936,1
P00373,A00353,1
P00373,A00354,2
P00373,A00356,3
P00373,A00357,5
P00373,A00386,4
P00374,A00431,3
P00374,A00937,1
P00374,A00938,2
P00374,A00939,4
P00374,A00940,5
P00374,A00941,6
P00374,A00942,7
P00374,A00943,8
P00374,A00944,9
P00375,A00127,2
P00375,A00634,1
P00376,A00029,4
P00376,A00342,2
P00376,A00776,3
P00376,A00945,1
P00377,A00268,3
P00377,A00323,1
P00377,A00818,7
P00377,A00946,2
P00377,A00947,4
P00377,A00948,5
P00377,A00949,6
P00378,A00266,6
P00378,A00431,7
P00378,A00540,8
P00378,A00541,2
P00378,A00843,4
P00378,A00844,3
P00378,A00950,1
P00378,A00951,5
P00379,A00048,3
P00379,A00622,4
P00379,A00910,1
P00379,A00952,2
P00380,A00066,1
P00380,A00953,2
P00381,A00006,2
P00381,A00117,1
P00382,A00431,4
P00382,A00954,1
P00382,A00955,2
P00382,A00956,3
P00383,A00040,2
P00383,A00957,1
P00384,A00263,3
P00384,A00264,2
P00384,A00958,1
P00385,A00959,1
P00386,A00063,3
P00386,A00088,2
P00386,A00089,4
P00386,A00424,1
P00386,A00425,5
P00387,A00570,3
P00387,A00612,4
P00387,A00819,1
P00387,A00960,2
P00388,A00124,3
P00388,A00788,2
P00388,A00800,4
P00388,A00961,1
P00389,A00090,3
P00389,A00432,5
P00389,A00962,1
P00389,A00963,2
P00389,A00964,4
P00389,A00965,6
P00389,A00966,7
P00390,A00959,1
P00391,A00047,2
P00391,A00228,1
P00391,A00229,4
P00391,A00967,3
P00392,A00102,5
P00392,A00266,4
P00392,A00431,3
P00392,A00837,6
P00392,A00848,2
P00392,A00849,1
P00392,A00968,7
P00393,A00029,4
P00393,A00095,1
P00393,A00342,2
P00393,A00969,3
P00393,A00970,5
P00394,A00047,3
P00394,A00231,1
P00394,A00497,2
P00394,A00863,4
P00394,A00864,6
P00394,A00971,5
P00395,A00614,4
P00395,A00650,3
P00395,A00848,5
P00395,A00972,1
P00395,A00973,2
P00395,A00974,6
P00395,A00975,7
P00396,A00047,4
P00396,A00298,3
P00396,A00421,6
P00396,A00562,1
P00396,A00570,2
P00396,A00976,5
P00397,A00130,2
P00397,A00131,3
P00397,A00266,4
P00397,A00471,5
P00397,A00977,1
P00398,A00040,1
P00399,A00124,13
P00399,A00353,5
P00399,A00354,2
P00399,A00356,1
P00399,A00357,6
P00399,A00358,11
P00399,A00373,15
P00399,A00376,3
P00399,A00379,14
P00399,A00381,12
P00399,A00392,7
P00399,A00978,4
P00399,A00979,8
P00399,A00980,9
P00399,A00981,10
P00399,A00982,16
P00400,A00005,4
P00400,A00006,3
P00400,A00983,1
P00400,A00984,2
P00401,A00311,2
P00401,A00313,11
P00401,A00314,5
P00401,A00670,10
P00401,A00677,8
P00401,A00797,4
P00401,A00985,1
P00401,A00986,3
P00401,A00987,6
P00401,A00988,7
P00401,A00989,9
P00401,A00990,12
P00401,A00991,13
P00401,A00992,14
P00401,A00993,15
P00401,A00994,16
P00402,A00164,4
P00402,A00182,5
P00402,A00612,1
P00402,A00614,2
P00402,A00995,3
P00402,A00996,6
P00403,A00102,3
P00403,A00103,4
P00403,A00843,2
P00403,A00844,1
P00403,A00904,5
P00404,A00029,8
P00404,A00149,4
P00404,A00541,1
P00404,A00698,3
P00404,A00719,5
P00404,A00793,6
P00404,A00997,2
P00404,A00998,7
P00404,A00999,9
P00405,A00079,2
P00405,A00080,4
P00405,A00489,1
P00405,A01000,3
P00406,A00526,3
P00406,A00570,2
P00406,A01001,1
P00407,A00447,2
P00407,A00460,3
P00407,A00488,6
P00407,A00747,7
P00407,A01002,1
P00407,A01003,4
P00407,A01004,5
P00408,A00066,1
P00408,A01005,2
P00408,A01006,3
P00409,A00268,1
P00409,A01007,2
P00409,A01008,3
P00409,A01009,4
P00410,A00417,1
P00410,A00840,2
P00411,A00033,2
P00411,A00440,1
P00411,A01010,3
P00411,A01011,4
P00412,A00268,2
P00412,A00818,3
P00412,A01012,1
P00413,A00807,2
P00413,A01013,1
P00413,A01014,3
P00414,A00001,1
P00414,A00004,5
P00414,A00082,2
P00414,A00150,3
P00414,A00251,4
P00414,A01015,6
P00414,A01016,7
P00414,A01017,8
P00414,A01018,9
P00415,A00272,5
P00415,A01019,1
P00415,A01020,2
P00415,A01021,3
P00415,A01022,4
P00416,A00656,3
P00416,A00657,1
P00416,A00670,6
P00416,A00971,7
P00416,A01023,2
P00416,A01024,4
P00416,A01025,5
P00417,A00260,3
P00417,A00343,2
P00417,A01026,1
P00418,A00504,4
P00418,A00673,2
P00418,A00729,6
P00418,A00788,5
P00418,A01027,1
P00418,A01028,3
P00419,A00029,4
P00419,A00264,3
P00419,A00436,1
P00419,A00602,5
P00419,A01029,2
P00419,A01030,6
P00420,A00088,3
P00420,A01031,1
P00420,A01032,2
P00421,A00029,9
P00421,A00057,3
P00421,A00498,2
P00421,A00662,13
P00421,A00663,14
P00421,A00776,10
P00421,A00900,8
P00421,A01033,1
P00421,A01034,4
P00421,A01035,5
P00421,A01036,6
P00421,A01037,7
P00421,A01038,11
P00421,A01039,12
P00422,A00130,3
P00422,A00545,17
P00422,A00683,13
P00422,A00713,1
P00422,A00989,4
P00422,A01040,2
P00422,A01041,5
P00422,A01042,6
P00422,A01043,7
P00422,A01044,8
P00422,A01045,9
P00422,A01046,10
P00422,A01047,11
P00422,A01048,12
P00422,A01049,14
P00422,A01050,15
P00422,A01051,16
P00422,A01052,18
P00422,A01053,19
P00423,A00104,2
P00423,A00702,5
P00423,A00892,1
P00423,A01054,3
P00423,A01055,4
P00423,A01056,6
P00424,A00087,3
P00424,A00290,2
P00424,A00448,1
P00425,A00006,1
P00425,A00158,2
P00425,A00703,3
P00426,A00814,1
P00426,A01057,2
P00427,A00814,1
P00427,A01057,3
P00427,A01058,2
P00428,A00063,2
P00428,A00871,8
P00428,A00932,7
P00428,A01059,1
P00428,A01060,3
P00428,A01061,4
P00428,A01062,5
P00428,A01063,6
P00429,A00005,3
P00429,A00006,2
P00429,A00238,7
P00429,A00445,4
P00429,A00558,1
P00429,A00746,8
P00429,A01064,5
P00429,A01065,6
P00430,A01066,1
P00430,A01067,2
P00430,A01068,3
P00430,A01069,4
P00431,A00080,8
P00431,A00314,5
P00431,A00447,3
P00431,A01070,1
P00431,A01071,2
P00431,A01072,4
P00431,A01073,6
P00431,A01074,7
P00431,A01075,9
P00432,A00231,5
P00432,A00345,1
P00432,A00348,4
P00432,A00497,2
P00432,A01076,3
P00433,A00033,3
P00433,A00081,4
P00433,A01077,1
P00433,A01078,2
P00434,A00005,3
P00434,A00006,2
P00434,A00117,4
P00434,A00983,1
P00434,A01079,5
P00435,A00005,1
P00435,A00006,4
P00435,A00558,3
P00435,A01080,2
P00436,A00029,5
P00436,A00149,1
P00436,A00436,2
P00436,A00793,4
P00436,A01081,3
P00437,A00678,1
P00437,A00690,9
P00437,A00692,16
P00437,A00755,4
P00437,A01082,2
P00437,A01083,3
P00437,A01084,5
P00437,A01085,6
P00437,A01086,7
P00437,A01087,8
P00437,A01088,10
P00437,A01089,11
P00437,A01090,12
P00437,A01091,13
P00437,A01092,14
P00437,A01093,15
P00437,A01094,17
P00437,A01095,18
P00437,A01096,19
P00437,A01097,20
P00437,A01098,21
P00437,A01099,22
P00437,A01100,23
P00437,A01101,24
P00438,A00526,2
P00438,A00569,3
P00438,A00570,1
P00438,A01102,4
P00438,A01103,5
P00438,A01104,6
P00439,A00029,4
P00439,A00130,2
P00439,A00263,3
P00439,A00460,1
P00439,A00471,5
P00440,A00029,8
P00440,A00485,1
P00440,A00759,3
P00440,A01105,2
P00440,A01106,4
P00440,A01107,5
P00440,A01108,6
P00440,A01109,7
P00440,A01110,9
P00441,A00260,1
P00441,A01111,2
P00442,A00029,7
P00442,A00077,1
P00442,A00266,6
P00442,A00668,5
P00442,A00991,3
P00442,A01112,2
P00442,A01113,4
P00443,A00447,12
P00443,A00460,2
P00443,A00488,1
P00443,A01003,5
P00443,A01004,7
P00443,A01114,3
P00443,A01115,4
P00443,A01116,6
P00443,A01117,8
P00443,A01118,9
P00443,A01119,10
P00443,A01120,11
P00443,A01121,13
P00444,A00102,5
P00444,A00266,4
P00444,A00431,3
P00444,A00837,6
P00444,A00848,2
P00444,A00849,1
P00444,A00968,7
P00445,A00057,2
P00445,A01122,1
P00445,A01123,3
P00446,A00252,7
P00446,A00345,1
P00446,A00346,4
P00446,A01076,2
P00446,A01124,3
P00446,A01125,5
P00446,A01126,6
P00447,A01127,1
P00447,A01128,2
P00447,A01129,3
P00447,A01130,4
P00447,A01131,5
P00447,A01132,6
P00447,A01133,7
P00447,A01134,8
P00447,A01135,9
P00447,A01136,10
P00447,A01137,11
P00447,A01138,12
P00447,A01139,13
P00447,A01140,14
P00447,A01141,15
P00447,A01142,16
P00447,A01143,17
P00447,A01144,18
P00447,A01145,19
P00447,A01146,20
P00448,A00029,2
P00448,A00498,4
P00448,A00705,1
P00448,A00900,3
P00448,A01147,5
P00449,A00029,5
P00449,A00057,4
P00449,A00058,3
P00449,A00485,2
P00449,A00498,6
P00449,A00986,9
P00449,A01147,1
P00449,A01148,7
P00449,A01149,8
P00450,A00080,7
P00450,A00170,4
P00450,A00873,10
P00450,A00888,2
P00450,A01150,1
P00450,A01151,3
P00450,A01152,5
P00450,A01153,6
P00450,A01154,8
P00450,A01155,9
P00450,A01156,11
P00451,A00005,3
P00451,A00006,2
P00451,A00117,4
P00451,A00983,1
P00452,A00276,4
P00452,A01157,1
P00452,A01158,2
P00452,A01159,3
P00453,A00018,2
P00453,A01160,1
P00453,A01161,3
P00453,A01162,4
P00453,A01163,5
P00454,A00290,3
P00454,A00571,5
P00454,A00819,1
P00454,A01164,2
P00454,A01165,4
P00455,A00570,2
P00455,A00571,3
P00455,A00960,1
P00456,A00058,1
P00456,A00618,9
P00456,A01166,2
P00456,A01167,3
P00456,A01168,4
P00456,A01169,5
P00456,A01170,6
P00456,A01171,7
P00456,A01172,8
P00457,A00548,4
P00457,A00932,7
P00457,A01059,1
P00457,A01062,2
P00457,A01063,5
P00457,A01173,3
P00457,A01174,6
P00458,A00006,2
P00458,A00046,1
P00458,A00117,3
P00459,A01175,1
P00459,A01176,2
P00459,A01177,3
P00460,A00029,5
P00460,A00306,4
P00460,A00309,1
P00460,A00310,3
P00460,A00426,12
P00460,A00529,7
P00460,A00533,9
P00460,A00646,6
P00460,A00662,14
P00460,A00663,16
P00460,A00788,11
P00460,A01122,8
P00460,A01178,2
P00460,A01179,10
P00460,A01180,13
P00460,A01181,15
P00461,A00006,2
P00461,A00117,3
P00461,A00808,1
P00462,A00048,2
P00462,A00066,1
P00462,A00098,3
P00462,A01182,4
P00462,A01183,5
P00463,A00852,1
P00464,A00228,3
P00464,A01184,1
P00464,A01185,2
P00465,A00028,11
P00465,A00029,5
P00465,A00057,1
P00465,A00131,2
P00465,A00333,8
P00465,A00498,7
P00465,A00705,4
P00465,A00842,6
P00465,A01033,10
P00465,A01122,3
P00465,A01147,9
P00466,A01186,1
P00467,A00991,2
P00467,A00992,1
P00467,A01187,3
P00467,A01188,4
P00468,A01189,1
P00468,A01190,2
P00468,A01191,3
P00468,A01192,4
P00468,A01193,5
P00469,A00033,3
P00469,A00047,6
P00469,A00231,1
P00469,A00290,4
P00469,A00497,2
P00469,A00863,7
P00469,A00971,5
P00470,A00891,1
P00470,A00892,2
P00470,A01194,3
P00470,A01195,4
P00471,A00891,1
P00471,A00892,2
P00472,A00033,2
P00472,A00440,1
P00472,A00579,4
P00472,A01010,3
P00473,A00066,2
P00473,A01196,1
P00474,A01197,1
P00474,A01198,2
P00475,A00066,1
P00475,A01199,2
P00475,A01200,3
P00475,A01201,4
P00475,A01202,5
P00475,A01203,6
P00475,A01204,7
P00475,A01205,8
P00476,A00090,1
P00476,A00343,6
P00476,A00417,2
P00476,A00840,4
P00476,A00850,3
P00476,A01206,5
P00477,A00102,6
P00477,A00727,1
P00477,A00728,2
P00477,A00837,5
P00477,A00849,3
P00477,A01207,4
P00477,A01208,7
P00478,A00096,2
P00478,A00260,1
P00478,A00343,3
P00478,A01209,4
P00479,A00852,2
P00479,A01210,1
P00479,A01211,3
P00480,A00029,2
P00480,A00078,3
P00480,A00087,6
P00480,A00266,1
P00480,A00343,8
P00480,A00435,7
P00480,A00528,5
P00480,A01212,4
P00481,A00018,2
P00481,A01213,1
P00482,A00026,1
P00482,A00079,2
P00482,A01102,3
P00483,A01214,1
P00483,A01215,2
P00483,A01216,3
P00484,A00417,1
P00484,A00840,2
P00485,A00149,1
P00485,A00436,4
P00485,A00776,6
P00485,A00793,5
P00485,A00998,2
P00485,A01217,3
P00485,A01218,7
P00486,A00069,3
P00486,A01219,1
P00486,A01220,2
P00487,A00451,5
P00487,A00452,4
P00487,A01221,1
P00487,A01222,2
P00487,A01223,3
P00488,A00291,3
P00488,A01224,1
P00488,A01225,2
P00489,A00006,3
P00489,A00259,4
P00489,A00444,9
P00489,A00445,8
P00489,A00558,2
P00489,A00709,1
P00489,A00910,6
P00489,A01065,7
P00489,A01226,5
P00490,A00087,2
P00490,A00290,3
P00490,A00570,6
P00490,A00662,9
P00490,A01227,1
P00490,A01228,4
P00490,A01229,5
P00490,A01230,7
P00490,A01231,8
P00491,A00570,2
P00491,A00762,3
P00491,A01232,1
P00492,A00087,5
P00492,A00104,2
P00492,A00570,3
P00492,A01233,1
P00492,A01234,4
P00493,A00169,7
P00493,A00170,11
P00493,A00788,4
P00493,A00806,1
P00493,A00994,10
P00493,A01235,2
P00493,A01236,3
P00493,A01237,5
P00493,A01238,6
P00493,A01239,8
P00493,A01240,9
P00494,A00031,4
P00494,A00833,2
P00494,A01241,1
P00494,A01242,3
P00494,A01243,5
P00495,A00031,3
P00495,A00833,1
P00495,A01244,2
P00496,A00087,5
P00496,A00305,1
P00496,A00864,6
P00496,A00992,4
P00496,A01245,2
P00496,A01246,3
P00497,A00066,1
P00497,A00894,5
P00497,A00895,6
P00497,A00896,4
P00497,A00897,2
P00497,A00898,7
P00497,A01247,3
P00498,A00570,2
P00498,A01248,1
P00499,A00029,4
P00499,A01249,1
P00499,A01250,2
P00499,A01251,3
P00500,A00026,2
P00500,A00063,3
P00500,A01059,1
P00500,A01062,5
P00500,A01063,4
P00501,A00028,14
P00501,A00029,1
P00501,A00057,3
P00501,A00498,8
P00501,A00842,7
P00501,A00900,5
P00501,A01252,2
P00501,A01253,4
P00501,A01254,6
P00501,A01255,9
P00501,A01256,10
P00501,A01257,11
P00501,A01258,12
P00501,A01259,13
P00501,A01260,15
P00502,A00485,3
P00502,A01261,1
P00502,A01262,2
P00503,A00934,2
P00503,A01263,1
P00504,A00087,3
P00504,A00262,2
P00504,A00316,4
P00504,A01264,1
P00505,A00004,1
P00505,A01265,2
P00505,A01266,3
P00505,A01267,4
P00506,A00029,4
P00506,A01268,1
P00506,A01269,2
P00506,A01270,3
P00507,A00030,2
P00507,A01271,1
P00507,A01272,3
P00507,A01273,4
P00507,A01274,5
P00507,A01275,6
P00507,A01276,7
P00507,A01277,8
P00507,A01278,9
P00507,A01279,10
P00507,A01280,11
P00508,A00028,3
P00508,A00029,2
P00508,A00249,4
P00508,A00343,6
P00508,A00498,1
P00508,A01281,5
P00509,A00028,2
P00509,A00029,6
P00509,A00283,1
P00509,A00498,7
P00509,A00899,8
P00509,A01282,3
P00509,A01283,4
P00509,A01284,5
P00510,A00471,2
P00510,A00650,3
P00510,A01285,1
P00510,A01286,4
P00511,A00346,2
P00511,A01287,1
P00512,A00005,3
P00512,A00006,2
P00512,A01288,1
P00513,A00268,1
P00513,A01289,2
P00513,A01290,3
P00513,A01291,4
P00514,A00290,2
P00514,A01292,1
P00514,A01293,3
P00515,A00090,4
P00515,A00098,7
P00515,A00417,1
P00515,A00431,6
P00515,A00432,5
P00515,A00840,2
P00515,A00850,3
P00516,A00471,2
P00516,A00541,3
P00516,A00698,4
P00516,A01285,1
P00517,A00447,2
P00517,A00747,1
P00518,A00080,6
P00518,A00447,2
P00518,A00460,1
P00518,A00488,5
P00518,A00489,3
P00518,A00490,4
P00519,A00130,4
P00519,A00296,6
P00519,A00471,5
P00519,A01294,1
P00519,A01295,2
P00519,A01296,3
P00520,A00078,4
P00520,A00130,2
P00520,A00663,6
P00520,A00991,5
P00520,A01049,7
P00520,A01122,1
P00520,A01297,3
P00521,A00723,2
P00521,A01298,1
P00521,A01299,3
P00521,A01300,4
P00522,A01301,1
P00522,A01302,2
P00522,A01303,3
P00522,A01304,4
P00522,A01305,5
P00523,A01301,1
P00523,A01302,2
P00523,A01303,3
P00523,A01304,4
P00523,A01305,5
P00524,A00087,2
P00524,A00448,3
P00524,A00701,1
P00524,A00891,4
P00525,A00104,2
P00525,A00570,3
P00525,A01233,1
P00526,A00005,4
P00526,A00006,2
P00526,A00034,3
P00526,A00445,7
P00526,A00558,1
P00526,A00709,5
P00526,A00746,9
P00526,A01064,8
P00526,A01065,6
P00527,A00102,4
P00527,A00618,3
P00527,A00837,5
P00527,A00849,1
P00527,A00968,6
P00527,A01306,2
P00528,A00622,1
P00529,A00029,4
P00529,A00342,2
P00529,A00544,5
P00529,A00656,3
P00529,A00970,6
P00529,A01264,1
P00530,A01182,3
P00530,A01307,1
P00530,A01308,2
P00530,A01309,4
P00531,A01310,1
P00531,A01311,2
P00531,A01312,3
P00532,A00104,2
P00532,A00427,3
P00532,A00541,1
P00532,A00950,4
P00532,A01313,5
P00533,A00471,2
P00533,A00541,3
P00533,A01285,1
P00534,A00104,2
P00534,A00130,3
P00534,A00266,4
P00534,A00824,1
P00534,A00850,8
P00534,A01314,5
P00534,A01315,6
P00534,A01316,7
P00534,A01317,9
P00534,A01318,10
P00535,A00029,6
P00535,A00131,5
P00535,A00485,3
P00535,A01108,2
P00535,A01212,1
P00535,A01319,4
P00536,A00029,3
P00536,A00259,2
P00536,A00306,5
P00536,A00517,4
P00536,A00709,1
P00537,A00005,3
P00537,A00006,1
P00537,A00033,4
P00537,A00983,2
P00538,A00029,2
P00538,A00266,4
P00538,A00333,1
P00538,A00992,3
P00539,A00149,2
P00539,A00776,4
P00539,A01218,3
P00539,A01320,1
P00539,A01321,5
P00540,A00962,3
P00540,A00963,2
P00540,A01322,1
P00540,A01323,4
P00541,A00006,2
P00541,A00406,3
P00541,A01324,1
P00542,A00033,4
P00542,A00805,3
P00542,A00991,1
P00542,A00992,2
P00543,A00891,1
P00543,A00892,2
P00543,A01194,3
P00544,A00029,4
P00544,A00306,6
P00544,A00309,1
P00544,A00310,3
P00544,A00426,8
P00544,A00485,2
P00544,A00662,10
P00544,A00788,9
P00544,A01178,5
P00544,A01180,7
P00545,A00266,2
P00545,A00431,5
P00545,A00474,6
P00545,A00487,3
P00545,A00663,10
P00545,A00683,4
P00545,A00922,8
P00545,A01325,1
P00545,A01326,7
P00545,A01327,9
P00546,A00108,3
P00546,A00144,4
P00546,A01328,1
P00546,A01329,2
P00547,A00471,3
P00547,A00650,7
P00547,A00848,6
P00547,A01294,4
P00547,A01296,2
P00547,A01330,1
P00547,A01331,5
P00548,A01059,3
P00548,A01062,2
P00548,A01063,1
P00548,A01332,4
P00549,A00001,8
P00549,A01333,1
P00549,A01334,2
P00549,A01335,3
P00549,A01336,4
P00549,A01337,5
P00549,A01338,6
P00549,A01339,7
P00549,A01340,9
P00549,A01341,10
P00550,A00895,6
P00550,A01342,1
P00550,A01343,2
P00550,A01344,3
P00550,A01345,4
P00550,A01346,5
P00550,A01347,7
P00551,A00342,2
P00551,A00529,5
P00551,A00647,3
P00551,A00677,4
P00551,A00692,6
P00551,A01264,1
P00551,A01348,7
P00551,A01349,8
P00551,A01350,9
P00552,A00102,5
P00552,A00103,6
P00552,A00431,2
P00552,A00837,7
P00552,A00843,1
P00552,A00844,4
P00552,A01318,8
P00552,A01351,3
P00553,A00013,2
P00553,A00136,3
P00553,A01352,1
P00554,A00268,4
P00554,A01353,1
P00554,A01354,2
P00554,A01355,3
P00555,A00268,1
P00555,A01356,2
P00555,A01357,3
P00556,A01358,1
P00556,A01359,2
P00556,A01360,3
P00557,A00807,2
P00557,A01013,1
P00557,A01361,3
P00557,A01362,4
P00558,A00263,3
P00558,A00264,2
P00558,A01363,1
P00558,A01364,4
P00558,A01365,5
P00558,A01366,6
P00559,A00026,1
P00559,A00029,7
P00559,A00079,2
P00559,A00087,6
P00559,A01102,5
P00559,A01367,3
P00559,A01368,4
P00560,A00087,4
P00560,A00343,6
P00560,A00417,1
P00560,A00431,5
P00560,A00840,2
P00560,A01102,3
P00561,A00066,1
P00561,A00896,4
P00561,A01247,3
P00561,A01369,2
P00562,A00629,2
P00562,A01370,1
P00562,A01371,3
P00562,A01372,4
P00562,A01373,5
P00562,A01374,6
P00563,A01357,1
P00564,A00130,2
P00564,A00263,3
P00564,A00266,4
P00564,A01375,1
P00564,A01376,5
P00564,A01377,6
P00565,A00013,5
P00565,A00068,2
P00565,A00247,6
P00565,A01219,1
P00565,A01378,3
P00565,A01379,4
P00566,A00078,3
P00566,A00131,10
P00566,A00266,5
P00566,A00333,6
P00566,A00431,2
P00566,A00487,14
P00566,A00614,18
P00566,A00647,11
P00566,A00674,15
P00566,A00770,17
P00566,A00905,7
P00566,A01183,16
P00566,A01325,4
P00566,A01327,8
P00566,A01380,1
P00566,A01381,9
P00566,A01382,12
P00566,A01383,13
P00567,A00343,4
P00567,A00432,3
P00567,A00541,2
P00567,A01384,1
P00568,A00124,6
P00568,A00670,8
P00568,A00819,7
P00568,A01385,1
P00568,A01386,2
P00568,A01387,3
P00568,A01388,4
P00568,A01389,5
P00569,A00087,5
P00569,A00290,2
P00569,A00893,3
P00569,A01102,1
P00569,A01292,4
P00569,A01293,7
P00569,A01390,6
P00570,A00431,4
P00570,A00570,2
P00570,A00650,11
P00570,A00659,13
P00570,A00714,9
P00570,A00716,1
P00570,A00725,8
P00570,A01264,10
P00570,A01325,6
P00570,A01326,3
P00570,A01383,5
P00570,A01391,7
P00570,A01392,12
P00571,A00471,2
P00571,A01285,1
P00572,A00342,2
P00572,A01393,1
P00573,A00447,6
P00573,A00673,5
P00573,A00788,2
P00573,A00800,1
P00573,A00807,4
P00573,A00967,3
P00574,A00087,2
P00574,A00290,1
P00575,A00063,2
P00575,A01059,1
P00575,A01062,4
P00575,A01063,3
P00576,A00547,2
P00576,A00548,3
P00576,A01394,1
P00576,A01395,4
P00577,A00096,6
P00577,A00422,5
P00577,A00672,3
P00577,A00685,7
P00577,A01052,2
P00577,A01396,1
P00577,A01397,4
P00578,A00028,2
P00578,A00111,5
P00578,A00419,7
P00578,A00498,4
P00578,A00553,6
P00578,A00842,1
P00578,A01317,9
P00578,A01398,3
P00578,A01399,8
P00578,A01400,10
P00579,A00346,2
P00579,A01401,1
P00580,A00078,5
P00580,A00130,2
P00580,A00263,4
P00580,A00529,3
P00580,A00662,6
P00580,A01402,1
P00581,A00431,7
P00581,A00570,2
P00581,A00662,12
P00581,A00663,11
P00581,A00723,3
P00581,A00770,10
P00581,A00865,6
P00581,A01299,1
P00581,A01325,9
P00581,A01403,4
P00581,A01404,5
P00581,A01405,8
P00582,A00170,5
P00582,A01151,4
P00582,A01406,1
P00582,A01407,2
P00582,A01408,3
P00583,A00158,1
P00583,A01409,2
P00584,A00342,3
P00584,A00343,1
P00584,A01052,2
P00585,A00102,5
P00585,A00431,4
P00585,A00436,3
P00585,A00837,6
P00585,A00844,2
P00585,A00849,1
P00586,A01385,3
P00586,A01386,2
P00586,A01387,1
P00586,A01388,5
P00586,A01389,4
P00587,A01410,1
P00588,A00033,2
P00588,A00047,4
P00588,A00231,1
P00588,A00497,3
P00588,A00863,7
P00588,A00864,6
P00588,A00971,5
P00589,A00460,2
P00589,A01411,1
P00590,A00447,5
P00590,A00491,1
P00590,A01237,3
P00590,A01412,2
P00590,A01413,4
P00591,A00130,2
P00591,A00263,3
P00591,A00936,1
P00592,A00447,2
P00592,A00747,1
P00593,A01414,1
P00593,A01415,2
P00593,A01416,3
P00594,A00090,2
P00594,A00130,5
P00594,A00266,6
P00594,A00431,4
P00594,A00731,9
P00594,A00962,1
P00594,A00964,8
P00594,A01060,7
P00594,A01067,10
P00594,A01325,3
P00595,A00078,4
P00595,A00130,2
P00595,A00266,3
P00595,A01122,1
P00596,A00104,3
P00596,A00195,5
P00596,A00574,2
P00596,A00622,4
P00596,A01234,1
P00596,A01417,6
P00596,A01418,7
P00597,A00094,1
P00597,A00725,8
P00597,A00731,5
P00597,A00810,6
P00597,A01228,9
P00597,A01419,2
P00597,A01420,3
P00597,A01421,4
P00597,A01422,7
P00597,A01423,10
P00598,A00526,2
P00598,A00570,3
P00598,A01424,1
P00598,A01425,4
P00598,A01426,5
P00599,A00117,7
P00599,A00570,8
P00599,A00574,2
P00599,A00622,1
P00599,A00723,4
P00599,A00983,3
P00599,A01299,6
P00599,A01427,5
P00600,A01428,1
P00600,A01429,2
P00600,A01430,3
P00600,A01431,4
P00601,A00066,1
P00601,A00718,2
P00601,A01199,3
P00601,A01432,4
P00602,A01160,1
P00602,A01162,4
P00602,A01433,2
P00602,A01434,3
P00602,A01435,5
P00602,A01436,6
P00603,A00078,3
P00603,A00266,5
P00603,A00333,1
P00603,A00431,2
P00603,A00705,7
P00603,A00905,4
P00603,A01389,6
P00604,A00029,7
P00604,A00077,1
P00604,A00131,2
P00604,A00485,3
P00604,A00495,4
P00604,A00650,6
P00604,A01212,5
P00605,A00029,6
P00605,A00087,4
P00605,A00266,5
P00605,A00485,2
P00605,A00534,7
P00605,A00893,8
P00605,A01212,1
P00605,A01437,3
P00606,A00098,15
P00606,A00614,4
P00606,A00622,12
P00606,A00996,3
P00606,A01080,8
P00606,A01438,1
P00606,A01439,2
P00606,A01440,5
P00606,A01441,6
P00606,A01442,7
P00606,A01443,9
P00606,A01444,10
P00606,A01445,11
P00606,A01446,13
P00606,A01447,14
P00606,A01448,16
P00606,A01449,17
P00607,A00005,3
P00607,A00006,2
P00607,A00117,4
P00607,A00983,1
P00608,A00001,1
P00608,A00054,2
P00608,A01450,3
P00609,A00268,1
P00609,A01289,2
P00609,A01290,3
P00609,A01291,4
P00610,A01176,2
P00610,A01451,1
P00611,A00670,9
P00611,A01437,4
P00611,A01452,1
P00611,A01453,2
P00611,A01454,3
P00611,A01455,5
P00611,A01456,6
P00611,A01457,7
P00611,A01458,8
P00612,A00029,2
P00612,A00295,5
P00612,A00350,3
P00612,A01459,1
P00612,A01460,4
P00612,A01461,6
P00613,A01462,1
P00613,A01463,2
P00613,A01464,3
P00613,A01465,4
P00613,A01466,5
P00613,A01467,6
P00614,A00105,4
P00614,A00290,2
P00614,A00432,6
P00614,A00874,1
P00614,A01292,3
P00614,A01293,5
P00615,A00131,9
P00615,A00266,10
P00615,A00487,3
P00615,A00529,6
P00615,A00677,4
P00615,A00991,5
P00615,A01049,8
P00615,A01264,2
P00615,A01327,7
P00615,A01468,1
P00616,A00030,11
P00616,A00087,9
P00616,A00169,3
P00616,A00544,14
P00616,A00662,13
P00616,A00663,8
P00616,A00677,7
P00616,A00986,1
P00616,A00991,10
P00616,A01469,2
P00616,A01470,4
P00616,A01471,5
P00616,A01472,6
P00616,A01473,12
P00617,A00066,4
P00617,A01474,1
P00617,A01475,2
P00617,A01476,3
P00617,A01477,5
P00618,A00541,3
P00618,A01478,1
P00618,A01479,2
P00619,A01175,1
P00619,A01176,2
P00619,A01177,3
P00620,A01176,1
P00620,A01480,2
P00621,A00614,2
P00621,A01447,1
P00621,A01481,3
P00622,A00170,5
P00622,A00787,1
P00622,A00888,2
P00622,A00889,3
P00622,A01154,4
P00623,A00231,2
P00623,A00346,1
P00624,A00078,4
P00624,A00333,1
P00624,A00431,2
P00624,A00905,3
P00625,A00130,4
P00625,A01042,5
P00625,A01043,6
P00625,A01482,1
P00625,A01483,2
P00625,A01484,3
P00625,A01485,7
P00626,A00005,3
P00626,A00006,2
P00626,A00117,4
P00626,A00983,1
P00627,A00133,2
P00627,A01486,1
P00627,A01487,3
P00627,A01488,4
P00627,A01489,5
P00628,A00006,2
P00628,A00263,4
P00628,A00709,3
P00628,A01288,1
P00629,A01176,2
P00629,A01480,1
P00630,A01490,1
P00630,A01491,2
P00630,A01492,3
P00630,A01493,4
P00631,A00130,3
P00631,A00311,5
P00631,A00713,1
P00631,A00809,9
P00631,A00989,6
P00631,A01040,2
P00631,A01048,8
P00631,A01050,4
P00631,A01494,7
P00632,A00144,2
P00632,A00298,1
P00633,A00104,3
P00633,A00570,2
P00633,A01233,1
P00633,A01448,4
P00634,A00629,1
P00634,A01370,3
P00634,A01371,2
P00635,A00087,4
P00635,A00417,1
P00635,A00840,2
P00635,A01102,3
P00636,A01495,1
P00636,A01496,2
P00636,A01497,3
P00636,A01498,4
P00637,A00723,2
P00637,A01298,3
P00637,A01499,1
P00638,A01490,3
P00638,A01491,2
P00638,A01492,1
P00639,A00167,1
P00639,A00478,2
P00639,A01500,3
P00639,A01501,4
P00639,A01502,5
P00639,A01503,6
P00640,A00005,2
P00640,A00006,1
P00640,A00117,5
P00640,A00558,4
P00640,A00983,3
P00641,A00268,4
P00641,A01353,1
P00641,A01354,2
P00641,A01355,3
P00642,A00974,3
P00642,A01504,1
P00642,A01505,2
P00642,A01506,4
P00643,A00570,2
P00643,A01232,1
P00644,A00290,2
P00644,A00971,1
P00645,A00131,6
P00645,A00266,5
P00645,A00471,2
P00645,A00541,4
P00645,A00650,8
P00645,A00963,9
P00645,A01286,3
P00645,A01294,7
P00645,A01507,1
P00646,A00018,2
P00646,A01498,1
P00647,A00102,8
P00647,A00508,9
P00647,A01508,1
P00647,A01509,2
P00647,A01510,3
P00647,A01511,4
P00647,A01512,5
P00647,A01513,6
P00647,A01514,7
P00648,A00004,1
P00648,A01267,5
P00648,A01515,2
P00648,A01516,3
P00648,A01517,4
P00649,A00005,3
P00649,A00006,1
P00649,A00558,2
P00650,A01141,8
P00650,A01518,1
P00650,A01519,2
P00650,A01520,3
P00650,A01521,4
P00650,A01522,5
P00650,A01523,6
P00650,A01524,7
P00651,A00553,6
P00651,A00667,5
P00651,A00670,4
P00651,A00802,1
P00651,A01525,2
P00651,A01526,3
P00652,A00471,2
P00652,A01330,3
P00652,A01527,1
P00652,A01528,4
P00652,A01529,5
P00653,A01530,1
P00653,A01531,2
P00653,A01532,3
P00654,A00490,2
P00654,A00890,3
P00654,A00893,5
P00654,A01533,1
P00654,A01534,4
P00655,A00541,2
P00655,A00773,4
P00655,A01233,3
P00655,A01313,1
P00656,A00419,8
P00656,A00447,3
P00656,A00552,5
P00656,A00662,10
P00656,A00663,12
P00656,A00709,7
P00656,A00788,9
P00656,A00888,4
P00656,A01235,6
P00656,A01236,1
P00656,A01535,2
P00656,A01536,11
P00657,A00820,9
P00657,A01312,2
P00657,A01443,10
P00657,A01537,1
P00657,A01538,3
P00657,A01539,4
P00657,A01540,5
P00657,A01541,6
P00657,A01542,7
P00657,A01543,8
P00657,A01544,11
P00657,A01545,12
P00657,A01546,13
P00658,A00013,2
P00658,A01547,1
P00659,A00078,5
P00659,A00266,2
P00659,A00905,3
P00659,A01387,4
P00659,A01389,1
P00659,A01548,6
P00660,A00937,1
P00660,A00938,3
P00660,A01549,2
P00661,A00130,2
P00661,A00431,3
P00661,A00905,6
P00661,A01550,1
P00661,A01551,4
P00661,A01552,5
P00662,A00029,4
P00662,A00249,2
P00662,A01553,1
P00662,A01554,3
P00663,A00962,1
P00664,A00504,4
P00664,A00673,2
P00664,A01027,3
P00664,A01555,1
P00665,A00029,4
P00665,A00092,5
P00665,A00130,2
P00665,A00263,7
P00665,A00264,1
P00665,A00495,8
P00665,A00650,9
P00665,A00958,3
P00665,A01556,6
P00666,A00087,2
P00666,A00290,3
P00666,A00442,4
P00666,A00893,8
P00666,A01212,1
P00666,A01469,6
P00666,A01557,5
P00666,A01558,7
P00667,A00130,2
P00667,A00263,6
P00667,A00264,3
P00667,A00936,4
P00667,A00958,5
P00667,A01365,7
P00667,A01375,1
P00667,A01559,8
P00668,A00266,1
P00668,A00529,2
P00668,A00683,6
P00668,A00773,7
P00668,A01237,8
P00668,A01389,3
P00668,A01560,4
P00668,A01561,5
P00669,A00498,1
P00669,A01033,2
P00669,A01036,6
P00669,A01389,3
P00669,A01562,4
P00669,A01563,5
P00669,A01564,7
P00669,A01565,8
P00670,A00458,1
P00670,A00723,2
P00671,A00287,2
P00671,A01566,1
P00671,A01567,3
P00671,A01568,4
P00672,A00108,2
P00672,A00144,1
P00672,A00852,3
P00673,A00352,8
P00673,A01366,5
P00673,A01569,1
P00673,A01570,2
P00673,A01571,3
P00673,A01572,4
P00673,A01573,6
P00673,A01574,7
P00674,A01575,1
P00674,A01576,2
P00674,A01577,3
P00674,A01578,4
P00674,A01579,5
P00674,A01580,6
P00674,A01581,7
P00674,A01582,8
P00674,A01583,9
P00674,A01584,10
P00674,A01585,11
P00674,A01586,12
P00675,A00006,2
P00675,A00263,4
P00675,A00709,3
P00675,A01288,1
P00676,A01587,1
P00676,A01588,2
P00676,A01589,3
P00676,A01590,4
P00676,A01591,5
P00677,A00130,1
P00677,A00263,2
P00677,A00936,3
P00678,A00124,3
P00678,A00259,1
P00678,A00490,2
P00678,A01592,4
P00679,A00068,2
P00679,A00071,1
P00679,A00141,3
P00679,A00906,5
P00679,A00908,6
P00679,A00909,7
P00679,A01593,4
P00680,A00498,10
P00680,A00900,9
P00680,A01033,6
P00680,A01034,4
P00680,A01035,3
P00680,A01039,7
P00680,A01049,8
P00680,A01264,2
P00680,A01594,1
P00680,A01595,5
P00681,A00614,3
P00681,A00714,2
P00681,A00874,5
P00681,A01447,4
P00681,A01596,1
P00682,A00077,1
P00682,A00266,5
P00682,A00431,6
P00682,A00668,3
P00682,A00731,7
P00682,A01112,2
P00682,A01113,4
P00683,A00102,7
P00683,A00849,2
P00683,A01218,8
P00683,A01239,6
P00683,A01597,1
P00683,A01598,3
P00683,A01599,4
P00683,A01600,5
P00684,A00102,7
P00684,A00837,8
P00684,A00849,2
P00684,A01599,3
P00684,A01600,4
P00684,A01601,1
P00684,A01602,5
P00684,A01603,6
P00685,A00541,1
P00685,A00731,7
P00685,A00824,4
P00685,A01067,6
P00685,A01384,2
P00685,A01604,3
P00685,A01605,5
P00686,A00029,8
P00686,A00087,3
P00686,A00130,7
P00686,A00290,2
P00686,A00485,5
P00686,A01212,1
P00686,A01437,6
P00686,A01469,4
P00687,A00090,2
P00687,A00570,3
P00687,A01367,1
P00688,A01606,1
P00688,A01607,2
P00689,A01059,2
P00689,A01062,4
P00689,A01063,3
P00689,A01608,1
P00690,A01176,2
P00690,A01609,1
P00691,A00004,2
P00691,A01516,1
P00692,A00447,2
P00692,A00460,4
P00692,A00747,5
P00692,A01003,3
P00692,A01413,1
P00693,A00231,2
P00693,A00497,1
P00694,A01610,1
P00694,A01611,2
P00694,A01612,3
P00694,A01613,4
P00695,A00723,2
P00695,A00865,6
P00695,A01413,5
P00695,A01499,3
P00695,A01614,1
P00695,A01615,4
P00696,A00171,10
P00696,A00471,11
P00696,A00832,5
P00696,A00888,8
P00696,A01003,2
P00696,A01013,7
P00696,A01616,1
P00696,A01617,3
P00696,A01618,4
P00696,A01619,6
P00696,A01620,9
P00697,A00029,5
P00697,A00530,1
P00697,A00650,4
P00697,A01621,2
P00697,A01622,3
P00698,A00629,1
P00698,A01623,2
P00698,A01624,3
P00699,A00066,3
P00699,A01625,1
P00699,A01626,2
P00699,A01627,4
P00699,A01628,5
P00700,A00259,5
P00700,A00460,2
P00700,A00490,1
P00700,A01629,3
P00700,A01630,4
P00701,A00130,3
P00701,A00131,2
P00701,A00263,1
P00701,A00264,4
P00701,A01631,5
P00702,A00662,8
P00702,A00676,6
P00702,A00888,4
P00702,A01617,3
P00702,A01632,1
P00702,A01633,2
P00702,A01634,5
P00702,A01635,7
P00703,A00029,8
P00703,A00057,4
P00703,A00498,2
P00703,A00662,9
P00703,A00663,12
P00703,A00900,3
P00703,A01033,1
P00703,A01034,5
P00703,A01035,6
P00703,A01036,7
P00703,A01039,11
P00703,A01562,10
P00704,A00130,3
P00704,A00311,5
P00704,A00713,1
P00704,A00809,9
P00704,A00989,6
P00704,A01040,2
P00704,A01048,8
P00704,A01050,4
P00704,A01494,7
P00705,A00417,3
P00705,A00839,1
P00705,A00840,2
P00706,A00486,1
P00706,A00533,2
P00707,A00490,2
P00707,A00814,1
P00708,A00124,4
P00708,A01636,1
P00708,A01637,2
P00708,A01638,3
P00708,A01639,5
P00709,A00081,5
P00709,A00307,11
P00709,A00308,12
P00709,A00614,3
P00709,A00732,9
P00709,A00770,7
P00709,A01182,8
P00709,A01183,1
P00709,A01188,10
P00709,A01629,4
P00709,A01640,2
P00709,A01641,6
P00710,A00266,2
P00710,A01389,3
P00710,A01642,1
P00711,A01643,1
P00711,A01644,2
P00711,A01645,3
P00711,A01646,4
P00711,A01647,5
P00711,A01648,6
P00712,A01438,3
P00712,A01649,1
P00712,A01650,2
P00713,A00006,24
P00713,A00031,19
P00713,A00064,25
P00713,A00111,27
P00713,A00406,31
P00713,A00549,11
P00713,A00565,26
P00713,A00832,7
P00713,A00833,1
P00713,A00918,35
P00713,A01651,2
P00713,A01652,3
P00713,A01653,4
P00713,A01654,5
P00713,A01655,6
P00713,A01656,8
P00713,A01657,9
P00713,A01658,10
P00713,A01659,12
P00713,A01660,13
P00713,A01661,14
P00713,A01662,15
P00713,A01663,16
P00713,A01664,17
P00713,A01665,18
P00713,A01666,20
P00713,A01667,21
P00713,A01668,22
P00713,A01669,23
P00713,A01670,28
P00713,A01671,29
P00713,A01672,30
P00713,A01673,32
P00713,A01674,33
P00713,A01675,34
P00714,A00049,3
P00714,A00066,12
P00714,A00569,6
P00714,A00614,1
P00714,A00718,5
P00714,A01326,4
P00714,A01426,11
P00714,A01448,7
P00714,A01676,2
P00714,A01677,8
P00714,A01678,9
P00714,A01679,10
P00715,A00005,4
P00715,A00006,1
P00715,A00558,3
P00715,A00983,5
P00715,A01288,2
P00715,A01680,6
P00716,A00460,1
P00716,A00488,2
P00716,A01114,4
P00716,A01117,6
P00716,A01118,5
P00716,A01119,3
P00717,A00807,2
P00717,A01681,1
P00717,A01682,3
P00717,A01683,4
P00718,A01684,1
P00718,A01685,2
P00718,A01686,3
P00718,A01687,4
P00718,A01688,5
P00719,A00087,11
P00719,A00090,13
P00719,A00101,18
P00719,A00102,15
P00719,A00104,16
P00719,A00130,9
P00719,A00266,3
P00719,A00290,8
P00719,A00343,17
P00719,A00417,1
P00719,A00425,14
P00719,A00431,2
P00719,A00824,7
P00719,A00840,4
P00719,A00892,5
P00719,A00905,6
P00719,A00963,10
P00719,A01067,12
P00720,A00443,2
P00720,A01689,1
P00721,A00701,1
P00721,A01690,2
P00722,A00029,9
P00722,A00078,3
P00722,A00266,10
P00722,A01691,1
P00722,A01692,2
P00722,A01693,4
P00722,A01694,5
P00722,A01695,6
P00722,A01696,7
P00722,A01697,8
P00722,A01698,11
P00722,A01699,12
P00722,A01700,13
P00723,A01701,1
P00723,A01702,2
P00723,A01703,3
P00723,A01704,4
P00723,A01705,5
P00724,A00431,4
P00724,A00490,3
P00724,A00692,6
P00724,A00962,1
P00724,A01325,2
P00724,A01561,5
P00725,A00215,3
P00725,A00346,5
P00725,A01587,1
P00725,A01588,4
P00725,A01590,2
P00726,A00028,2
P00726,A00283,3
P00726,A00498,4
P00726,A01706,1
P00726,A01707,5
P00726,A01708,6
P00727,A01709,1
P00727,A01710,2
P00728,A00098,1
P00728,A01234,3
P00728,A01421,6
P00728,A01711,2
P00728,A01712,4
P00728,A01713,5
P00729,A00078,6
P00729,A00266,4
P00729,A00656,3
P00729,A00657,2
P00729,A01122,5
P00729,A01389,1
P00729,A01714,7
P00730,A00033,4
P00730,A01233,1
P00730,A01528,3
P00730,A01715,2
P00731,A00802,2
P00731,A01716,1
P00732,A00004,1
P00732,A01515,2
P00732,A01516,3
P00733,A00102,7
P00733,A00103,8
P00733,A00837,9
P00733,A00849,3
P00733,A01599,4
P00733,A01600,5
P00733,A01601,2
P00733,A01602,6
P00733,A01717,1
P00734,A00170,10
P00734,A00174,4
P00734,A00677,5
P00734,A01150,6
P00734,A01321,7
P00734,A01718,1
P00734,A01719,2
P00734,A01720,3
P00734,A01721,8
P00734,A01722,9
P00735,A00629,1
P00735,A01370,5
P00735,A01723,2
P00735,A01724,3
P00735,A01725,4
P00736,A00290,4
P00736,A00802,3
P00736,A00819,2
P00736,A01716,1
P00737,A00049,6
P00737,A00614,5
P00737,A00731,3
P00737,A00732,1
P00737,A00805,2
P00737,A01475,8
P00737,A01679,4
P00737,A01726,7
P00737,A01727,9
P00738,A01176,2
P00738,A01728,1
P00739,A01176,2
P00739,A01728,1
P00740,A00005,4
P00740,A00006,2
P00740,A00158,6
P00740,A00548,3
P00740,A00558,1
P00740,A00852,5
P00741,A01729,1
P00741,A01730,2
P00741,A01731,3
P00741,A01732,4
P00742,A00547,3
P00742,A00548,2
P00742,A01394,1
P00743,A00033,9
P00743,A00170,6
P00743,A01075,7
P00743,A01152,2
P00743,A01153,1
P00743,A01733,3
P00743,A01734,4
P00743,A01735,5
P00743,A01736,8
P00744,A00006,3
P00744,A00158,5
P00744,A00548,1
P00744,A00558,2
P00744,A00670,4
P00745,A00033,5
P00745,A00124,8
P00745,A01385,1
P00745,A01386,2
P00745,A01387,3
P00745,A01388,7
P00745,A01389,6
P00745,A01528,4
P00746,A00622,2
P00746,A00983,1
P00746,A01299,4
P00746,A01427,3
P00746,A01737,5
P00746,A01738,6
P00746,A01739,7
P00747,A00029,9
P00747,A00728,7
P00747,A00776,8
P00747,A00998,5
P00747,A01207,1
P00747,A01320,6
P00747,A01740,2
P00747,A01741,3
P00747,A01742,4
P00748,A00006,2
P00748,A01288,1
P00749,A00440,1
P00749,A01473,2
P00749,A01743,3
P00750,A00081,4
P00750,A00570,3
P00750,A00820,2
P00750,A00972,1
P00750,A00973,5
P00750,A00974,6
P00750,A01188,7
P00751,A00972,9
P00751,A01447,10
P00751,A01744,1
P00751,A01745,2
P00751,A01746,3
P00751,A01747,4
P00751,A01748,5
P00751,A01749,6
P00751,A01750,7
P00751,A01751,8
P00752,A00723,4
P00752,A01299,1
P00752,A01403,3
P00752,A01404,2
P00752,A01499,5
P00752,A01752,6
P00753,A00272,2
P00753,A00520,5
P00753,A01299,1
P00753,A01404,3
P00753,A01753,4
P00754,A00142,8
P00754,A01754,1
P00754,A01755,2
P00754,A01756,3
P00754,A01757,4
P00754,A01758,5
P00754,A01759,6
P00754,A01760,7
P00755,A00066,5
P00755,A00896,1
P00755,A00897,4
P00755,A01761,2
P00755,A01762,3
P00755,A01763,6
P00756,A00098,14
P00756,A00431,6
P00756,A00562,17
P00756,A00614,1
P00756,A00622,19
P00756,A00718,13
P00756,A00825,20
P00756,A00996,15
P00756,A01226,4
P00756,A01447,5
P00756,A01448,2
P00756,A01676,11
P00756,A01764,3
P00756,A01765,7
P00756,A01766,8
P00756,A01767,9
P00756,A01768,10
P00756,A01769,12
P00756,A01770,16
P00756,A01771,18
P00757,A00124,5
P00757,A01386,3
P00757,A01387,2
P00757,A01388,1
P00757,A01389,4
P00758,A00723,2
P00758,A01413,4
P00758,A01614,3
P00758,A01772,1
P00759,A00130,2
P00759,A00474,4
P00759,A00824,3
P00759,A01773,1
P00760,A00803,1
P00760,A00889,2
P00761,A00614,2
P00761,A00989,4
P00761,A01447,1
P00761,A01774,3
P00762,A00447,2
P00762,A00460,5
P00762,A00490,3
P00762,A00747,6
P00762,A01003,4
P00762,A01775,1
P00763,A00833,2
P00763,A01242,3
P00763,A01674,1
P00763,A01776,4
P00764,A00114,2
P00764,A00266,5
P00764,A00541,1
P00764,A01777,3
P00764,A01778,4
P00765,A00791,9
P00765,A01229,2
P00765,A01231,4
P00765,A01348,3
P00765,A01779,1
P00765,A01780,5
P00765,A01781,6
P00765,A01782,7
P00765,A01783,8
P00766,A01176,2
P00766,A01784,1
P00767,A01785,1
P00767,A01786,2
P00767,A01787,3
P00767,A01788,4
P00768,A00170,4
P00768,A00552,5
P00768,A01406,2
P00768,A01789,1
P00768,A01790,3
P00768,A01791,6
P00769,A00629,4
P00769,A01792,1
P00769,A01793,2
P00769,A01794,3
P00770,A00417,3
P00770,A00839,1
P00770,A00840,2
P00770,A01795,4
P00771,A00417,3
P00771,A00839,1
P00771,A00840,2
P00771,A01795,4
P00772,A00460,7
P00772,A00488,1
P00772,A00543,3
P00772,A01072,2
P00772,A01075,5
P00772,A01115,8
P00772,A01118,6
P00772,A01796,4
P00773,A00130,2
P00773,A00266,3
P00773,A00487,8
P00773,A00663,9
P00773,A00716,4
P00773,A00731,5
P00773,A00905,1
P00773,A01383,7
P00773,A01797,6
P00773,A01798,10
P00774,A00570,5
P00774,A00723,2
P00774,A00865,4
P00774,A01299,1
P00774,A01413,3
P00774,A01447,6
P00775,A01799,1
P00775,A01800,2
P00775,A01801,3
P00775,A01802,4
P00775,A01803,5
P00775,A01804,6
P00776,A00018,2
P00776,A00019,3
P00776,A01358,1
P00777,A01805,1
P00777,A01806,2
P00777,A01807,3
P00777,A01808,4
P00777,A01809,5
P00777,A01810,6
P00777,A01811,7
P00777,A01812,8
P00778,A01813,1
P00778,A01814,2
P00778,A01815,3
P00778,A01816,4
P00778,A01817,5
P00779,A00797,3
P00779,A00994,4
P00779,A01614,2
P00779,A01818,1
P00780,A00231,1
P00780,A00497,2
P00780,A01819,3
P00780,A01820,4
P00781,A00087,2
P00781,A00290,3
P00781,A00432,7
P00781,A01227,1
P00781,A01821,4
P00781,A01822,5
P00781,A01823,6
P00782,A00266,2
P00782,A01389,3
P00782,A01642,1
P00783,A01824,1
P00783,A01825,2
P00783,A01826,3
P00783,A01827,4
P00783,A01828,5
P00784,A00049,7
P00784,A00562,6
P00784,A00569,4
P00784,A00570,2
P00784,A01233,3
P00784,A01447,5
P00784,A01829,1
P00784,A01830,8
P00785,A00104,2
P00785,A00195,7
P00785,A00574,3
P00785,A00622,4
P00785,A01234,1
P00785,A01417,5
P00785,A01418,6
P00786,A00006,2
P00786,A01831,1
P00787,A00787,1
P00787,A01003,2
P00787,A01013,3
P00788,A00231,2
P00788,A00429,1
P00789,A00005,5
P00789,A00006,2
P00789,A00447,3
P00789,A00558,1
P00789,A01832,4
P00790,A00486,1
P00790,A00533,2
P00791,A00663,7
P00791,A00677,9
P00791,A00752,10
P00791,A00790,6
P00791,A00805,4
P00791,A00970,5
P00791,A01044,8
P00791,A01236,2
P00791,A01535,1
P00791,A01820,11
P00791,A01833,3
P00792,A00415,3
P00792,A01428,2
P00792,A01429,1
P00793,A00033,4
P00793,A01528,3
P00793,A01715,1
P00793,A01834,2
P00794,A00231,2
P00794,A00497,1
P00795,A00485,2
P00795,A01212,3
P00795,A01437,4
P00795,A01835,1
P00796,A00006,1
P00796,A00046,3
P00796,A01288,2
P00797,A00069,2
P00797,A00211,4
P00797,A00216,5
P00797,A00499,3
P00797,A01836,1
P00798,A00345,3
P00798,A01076,2
P00798,A01837,1
P00799,A00033,8
P00799,A00124,7
P00799,A00149,6
P00799,A00221,2
P00799,A01152,4
P00799,A01471,9
P00799,A01838,1
P00799,A01839,3
P00799,A01840,5
P00800,A00618,7
P00800,A00768,5
P00800,A00893,6
P00800,A00994,9
P00800,A01714,4
P00800,A01841,1
P00800,A01842,2
P00800,A01843,3
P00800,A01844,8
P00800,A01845,10
P00801,A01595,3
P00801,A01846,1
P00801,A01847,2
P00802,A00231,1
P00802,A00497,2
P00803,A00230,2
P00803,A00233,3
P00803,A01760,4
P00803,A01848,1
P00803,A01849,5
P00803,A01850,6
P00803,A01851,7
P00803,A01852,8
P00804,A00005,4
P00804,A00006,2
P00804,A00558,3
P00804,A00833,5
P00804,A01656,1
P00805,A00066,1
P00805,A01853,2
P00806,A00078,4
P00806,A00486,3
P00806,A00533,1
P00806,A01122,2
P00806,A01152,5
P00806,A01471,6
P00806,A01780,8
P00806,A01854,7
P00806,A01855,9
P00807,A00915,3
P00807,A01649,1
P00807,A01856,2
P00808,A00290,2
P00808,A01857,1
P00809,A01250,3
P00809,A01684,1
P00809,A01858,2
P00810,A00272,3
P00810,A01859,1
P00810,A01860,2
P00810,A01861,4
P00810,A01862,5
P00810,A01863,6
P00811,A00614,3
P00811,A00718,2
P00811,A01596,1
P00812,A00068,4
P00812,A00146,1
P00812,A01518,7
P00812,A01519,23
P00812,A01864,2
P00812,A01865,3
P00812,A01866,5
P00812,A01867,6
P00812,A01868,8
P00812,A01869,9
P00812,A01870,10
P00812,A01871,11
P00812,A01872,12
P00812,A01873,13
P00812,A01874,14
P00812,A01875,15
P00812,A01876,16
P00812,A01877,17
P00812,A01878,18
P00812,A01879,19
P00812,A01880,20
P00812,A01881,21
P00812,A01882,22
P00812,A01883,24
P00812,A01884,25
P00812,A01885,26
P00812,A01886,27
P00812,A01887,28
P00812,A01888,29
P00812,A01889,30
P00812,A01890,31
P00812,A01891,32
P00812,A01892,33
P00812,A01893,34
P00812,A01894,35
P00812,A01895,36
P00812,A01896,37
P00813,A01805,1
P00813,A01806,2
P00813,A01808,5
P00813,A01812,7
P00813,A01897,3
P00813,A01898,4
P00813,A01899,6
P00814,A00541,2
P00814,A00546,1
P00814,A01384,4
P00814,A01900,3
P00814,A01901,5
P00815,A00066,2
P00815,A01902,1
P00816,A01176,2
P00816,A01903,1
P00817,A00066,4
P00817,A01904,1
P00817,A01905,2
P00817,A01906,3
P00818,A00345,1
P00818,A00348,9
P00818,A01076,3
P00818,A01116,4
P00818,A01907,2
P00818,A01908,5
P00818,A01909,6
P00818,A01910,7
P00818,A01911,8
P00818,A01912,10
P00818,A01913,11
P00819,A00570,9
P00819,A00970,6
P00819,A00973,10
P00819,A01069,5
P00819,A01075,7
P00819,A01447,11
P00819,A01736,8
P00819,A01914,1
P00819,A01915,2
P00819,A01916,3
P00819,A01917,4
P00820,A00096,2
P00820,A01918,1
P00820,A01919,3
P00821,A00066,1
P00821,A01853,2
P00822,A00130,1
P00822,A00263,5
P00822,A00264,4
P00822,A00936,2
P00822,A00958,3
P00823,A00018,2
P00823,A01920,1
P00824,A01176,3
P00824,A01921,1
P00824,A01922,2
P00824,A01923,4
P00825,A00221,25
P00825,A00667,13
P00825,A00670,18
P00825,A00784,1
P00825,A00788,19
P00825,A00790,8
P00825,A00797,22
P00825,A00801,26
P00825,A00805,2
P00825,A00927,24
P00825,A01050,6
P00825,A01051,17
P00825,A01085,14
P00825,A01226,21
P00825,A01280,11
P00825,A01727,20
P00825,A01924,3
P00825,A01925,4
P00825,A01926,5
P00825,A01927,7
P00825,A01928,9
P00825,A01929,10
P00825,A01930,12
P00825,A01931,15
P00825,A01932,16
P00825,A01933,23
P00826,A01934,1
P00826,A01935,2
P00826,A01936,3
P00826,A01937,4
P00826,A01938,5
P00826,A01939,6
P00827,A00276,8
P00827,A01940,1
P00827,A01941,2
P00827,A01942,3
P00827,A01943,4
P00827,A01944,5
P00827,A01945,6
P00827,A01946,7
P00828,A00629,1
P00828,A01623,4
P00828,A01947,2
P00828,A01948,3
P00829,A00009,2
P00829,A01949,1
P00830,A01059,1
P00831,A00006,3
P00831,A00447,4
P00831,A00558,5
P00831,A00747,2
P00831,A01832,1
P00832,A01950,1
P00833,A00490,2
P00833,A00814,1
P00833,A01058,3
P00834,A00622,4
P00834,A01951,1
P00834,A01952,2
P00834,A01953,3
P00835,A00268,1
P00835,A01954,2
P00835,A01955,3
P00835,A01956,4
P00835,A01957,5
P00835,A01958,6
P00836,A00029,5
P00836,A00266,4
P00836,A00776,3
P00836,A01320,1
P00836,A01959,2
P00836,A01960,6
P00836,A01961,7
P00837,A00005,4
P00837,A00006,3
P00837,A00709,7
P00837,A00983,1
P00837,A01737,2
P00837,A01962,5
P00837,A01963,6
P00837,A01964,8
P00837,A01965,9
P00838,A00622,2
P00838,A01966,1
P00839,A00447,2
P00839,A00747,1
P00840,A01250,3
P00840,A01684,1
P00840,A01858,2
P00840,A01967,4
P00840,A01968,5
P00841,A00991,2
P00841,A01366,3
P00841,A01969,1
P00841,A01970,4
P00842,A01176,2
P00842,A01451,1
P00843,A00266,5
P00843,A00672,1
P00843,A01052,4
P00843,A01396,2
P00843,A01971,3
P00843,A01972,6
P00843,A01973,7
P00844,A00827,5
P00844,A01272,2
P00844,A01928,6
P00844,A01974,1
P00844,A01975,3
P00844,A01976,4
P00845,A00523,12
P00845,A00542,21
P00845,A00614,19
P00845,A00770,28
P00845,A00790,8
P00845,A00797,26
P00845,A00805,1
P00845,A00825,33
P00845,A00922,3
P00845,A00927,31
P00845,A01085,13
P00845,A01226,27
P00845,A01326,18
P00845,A01475,20
P00845,A01676,17
P00845,A01727,23
P00845,A01931,14
P00845,A01932,15
P00845,A01933,32
P00845,A01977,2
P00845,A01978,4
P00845,A01979,5
P00845,A01980,6
P00845,A01981,7
P00845,A01982,9
P00845,A01983,10
P00845,A01984,11
P00845,A01985,16
P00845,A01986,22
P00845,A01987,24
P00845,A01988,25
P00845,A01989,29
P00845,A01990,30
P00846,A00130,2
P00846,A00264,4
P00846,A00474,3
P00846,A00958,5
P00846,A01991,1
P00846,A01992,6
P00847,A00544,16
P00847,A00545,17
P00847,A00649,12
P00847,A00805,9
P00847,A00827,15
P00847,A01084,3
P00847,A01085,2
P00847,A01100,1
P00847,A01924,18
P00847,A01929,13
P00847,A01984,14
P00847,A01993,4
P00847,A01994,5
P00847,A01995,6
P00847,A01996,7
P00847,A01997,8
P00847,A01998,10
P00847,A01999,11
P00848,A00006,3
P00848,A00319,7
P00848,A00510,10
P00848,A00558,1
P00848,A02000,2
P00848,A02001,4
P00848,A02002,5
P00848,A02003,6
P00848,A02004,8
P00848,A02005,9
P00849,A00431,8
P00849,A00663,5
P00849,A00848,4
P00849,A00988,7
P00849,A01325,2
P00849,A01327,6
P00849,A02006,1
P00849,A02007,3
P00850,A00714,5
P00850,A00974,1
P00850,A01506,4
P00850,A02008,2
P00850,A02009,3
P00850,A02010,6
P00850,A02011,7
P00851,A00124,4
P00851,A02012,1
P00851,A02013,2
P00851,A02014,3
P00851,A02015,5
P00851,A02016,6
P00851,A02017,7
P00851,A02018,8
P00851,A02019,9
P00851,A02020,10
P00851,A02021,11
P00851,A02022,12
P00851,A02023,13
P00851,A02024,14
P00851,A02025,15
P00852,A01604,1
P00853,A00614,17
P00853,A00731,8
P00853,A00732,11
P00853,A00770,13
P00853,A00805,3
P00853,A00927,14
P00853,A01050,9
P00853,A01069,12
P00853,A01307,1
P00853,A01475,16
P00853,A01544,18
P00853,A01727,15
P00853,A01767,10
P00853,A01926,4
P00853,A01929,6
P00853,A01979,5
P00853,A01988,2
P00853,A02026,7
P00854,A00066,1
P00854,A00896,3
P00854,A01247,4
P00854,A01902,2
P00855,A00049,4
P00855,A00066,9
P00855,A00570,2
P00855,A00718,5
P00855,A00731,7
P00855,A00732,6
P00855,A00805,8
P00855,A01233,1
P00855,A01829,3
P00856,A00033,3
P00856,A01715,1
P00856,A01834,2
P00857,A00776,2
P00857,A00803,5
P00857,A00870,4
P00857,A01959,3
P00857,A02027,1
P00857,A02028,6
P00857,A02029,7
P00858,A00130,3
P00858,A00266,2
P00858,A00905,1
P00859,A00028,1
P00859,A00283,3
P00859,A01282,4
P00859,A01706,2
P00859,A02030,5
P00859,A02031,6
P00860,A02032,1
P00860,A02033,2
P00861,A00723,3
P00861,A00865,1
P00861,A01299,2
P00861,A01475,6
P00861,A01676,8
P00861,A01678,7
P00861,A01752,5
P00861,A02034,4
P00862,A02035,1
P00862,A02036,2
P00862,A02037,3
P00862,A02038,4
P00862,A02039,5
P00862,A02040,6
P00863,A02041,1
P00864,A00520,9
P00864,A00922,12
P00864,A01299,17
P00864,A01383,11
P00864,A01443,16
P00864,A01678,7
P00864,A01978,14
P00864,A01985,15
P00864,A02026,10
P00864,A02042,1
P00864,A02043,2
P00864,A02044,3
P00864,A02045,4
P00864,A02046,5
P00864,A02047,6
P00864,A02048,8
P00864,A02049,13
P00864,A02050,18
P00865,A00005,2
P00865,A01775,3
P00865,A02051,1
P00866,A00130,2
P00866,A00664,3
P00866,A01561,4
P00866,A01991,1
P00867,A00530,2
P00867,A01286,4
P00867,A01621,1
P00867,A01622,3
P00868,A00029,2
P00868,A00266,3
P00868,A00991,4
P00868,A02052,1
P00869,A00268,1
P00869,A01289,2
P00869,A01290,3
P00869,A02053,4
P00869,A02054,5
P00870,A00723,2
P00870,A00770,9
P00870,A00805,5
P00870,A01299,3
P00870,A01532,7
P00870,A01775,4
P00870,A01929,8
P00870,A01981,6
P00870,A02055,1
P00871,A02056,1
P00871,A02057,2
P00871,A02058,3
P00871,A02059,4
P00871,A02060,5
P00871,A02061,6
P00871,A02062,7
P00871,A02063,8
P00871,A02064,9
P00871,A02065,10
P00872,A00006,2
P00872,A00558,3
P00872,A02066,1
P00873,A00049,7
P00873,A00098,6
P00873,A00570,3
P00873,A00731,10
P00873,A00805,11
P00873,A01233,2
P00873,A01448,4
P00873,A01481,5
P00873,A01676,9
P00873,A01829,1
P00873,A02067,8
P00874,A02068,1
P00874,A02069,2
P00875,A00440,2
P00875,A00790,1
P00876,A00130,4
P00876,A00263,6
P00876,A00774,5
P00876,A00925,2
P00876,A01559,8
P00876,A02070,1
P00876,A02071,3
P00876,A02072,7
P00876,A02073,9
P00877,A00033,7
P00877,A00231,1
P00877,A00497,6
P00877,A00776,2
P00877,A00971,8
P00877,A01218,4
P00877,A01959,5
P00877,A02028,3
P00878,A01176,2
P00878,A01609,1
P00879,A00471,3
P00879,A02074,1
P00879,A02075,2
P00880,A01790,3
P00880,A02076,1
P00880,A02077,2
P00881,A02078,1
P00881,A02079,2
P00882,A00259,1
P00882,A00490,2
P00883,A00124,6
P00883,A00221,3
P00883,A01152,1
P00883,A01838,2
P00883,A02080,4
P00883,A02081,5
P00883,A02082,7
P00884,A01057,4
P00884,A01058,2
P00884,A01514,1
P00884,A02083,3
P00885,A00657,3
P00885,A01595,4
P00885,A02084,1
P00885,A02085,2
P00885,A02086,5
P00886,A00006,2
P00886,A01832,1
P00887,A01227,3
P00887,A01418,2
P00887,A02087,1
P00888,A00033,9
P00888,A01471,10
P00888,A02088,1
P00888,A02089,2
P00888,A02090,3
P00888,A02091,4
P00888,A02092,5
P00888,A02093,6
P00888,A02094,7
P00888,A02095,8
P00888,A02096,11
P00889,A00670,2
P00889,A01528,4
P00889,A02097,1
P00889,A02098,3
P00890,A02072,5
P00890,A02099,1
P00890,A02100,2
P00890,A02101,3
P00890,A02102,4
P00890,A02103,6
P00891,A02104,1
P00891,A02105,2
P00891,A02106,3
P00891,A02107,4
P00891,A02108,5
P00891,A02109,6
P00891,A02110,7
P00891,A02111,8
P00891,A02112,9
P00892,A00124,7
P00892,A00149,5
P00892,A00221,2
P00892,A01152,3
P00892,A01838,1
P00892,A01840,4
P00892,A02113,6
P00893,A02114,1
P00893,A02115,2
P00893,A02116,3
P00893,A02117,4
P00893,A02118,5
P00893,A02119,6
P00893,A02120,7
P00893,A02121,8
P00894,A00049,9
P00894,A00066,6
P00894,A00523,20
P00894,A00569,5
P00894,A00614,1
P00894,A00718,7
P00894,A00731,15
P00894,A00732,14
P00894,A00798,16
P00894,A00805,12
P00894,A00922,17
P00894,A01226,2
P00894,A01233,3
P00894,A01299,25
P00894,A01325,24
P00894,A01447,4
P00894,A01448,10
P00894,A01475,13
P00894,A01481,8
P00894,A01532,19
P00894,A01978,18
P00894,A02122,11
P00894,A02123,21
P00894,A02124,22
P00894,A02125,23
P00895,A00029,6
P00895,A00677,3
P00895,A02126,1
P00895,A02127,2
P00895,A02128,4
P00895,A02129,5
P00895,A02130,7
P00895,A02131,8
P00895,A02132,9
P00895,A02133,10
P00896,A02075,1
P00896,A02133,2
P00897,A00670,3
P00897,A01765,1
P00897,A02134,2
P00897,A02135,4
P00897,A02136,5
P00897,A02137,6
P00897,A02138,7
P00898,A00723,4
P00898,A00865,5
P00898,A01299,7
P00898,A01532,2
P00898,A02047,1
P00898,A02139,3
P00898,A02140,6
P00899,A00670,2
P00899,A01842,1
P00899,A02141,3
P00900,A00106,1
P00901,A00824,1
P00901,A01182,3
P00901,A02142,2
P00902,A00442,5
P00902,A00540,6
P00902,A00793,2
P00902,A02028,3
P00902,A02143,1
P00902,A02144,4
P00903,A00431,1
P00904,A00523,10
P00904,A00614,11
P00904,A00723,12
P00904,A00732,5
P00904,A00922,4
P00904,A01299,13
P00904,A01314,8
P00904,A01326,6
P00904,A01475,14
P00904,A01678,1
P00904,A01978,2
P00904,A01979,3
P00904,A01985,7
P00904,A02145,9
P00904,A02146,15
P00904,A02147,16
P00904,A02148,17
P00905,A00170,5
P00905,A00662,6
P00905,A00827,3
P00905,A01151,4
P00905,A01297,2
P00905,A01974,1
P00906,A00096,6
P00906,A00343,5
P00906,A02149,1
P00906,A02150,2
P00906,A02151,3
P00906,A02152,4
P00907,A01649,2
P00907,A02153,1
P00908,A00440,6
P00908,A00790,2
P00908,A00805,7
P00908,A01473,5
P00908,A01927,1
P00908,A02154,3
P00908,A02155,4
P00908,A02156,8
P00909,A00529,1
P00909,A01122,2
P00910,A00434,25
P00910,A00498,4
P00910,A00645,15
P00910,A00661,20
P00910,A00663,24
P00910,A00667,9
P00910,A00679,14
P00910,A00900,7
P00910,A01034,6
P00910,A01035,19
P00910,A01037,1
P00910,A01039,17
P00910,A01350,12
P00910,A01594,10
P00910,A02157,2
P00910,A02158,3
P00910,A02159,5
P00910,A02160,8
P00910,A02161,11
P00910,A02162,13
P00910,A02163,16
P00910,A02164,18
P00910,A02165,21
P00910,A02166,22
P00910,A02167,23
P00910,A02168,26
P00911,A00130,4
P00911,A00169,3
P00911,A00713,1
P00911,A01040,2
P00911,A01045,5
P00911,A01494,6
P00912,A00937,1
P00912,A00938,2
P00913,A00049,7
P00913,A00614,6
P00913,A00731,3
P00913,A00732,1
P00913,A00805,4
P00913,A01475,5
P00913,A02122,8
P00913,A02169,2
P00913,A02170,9
P00914,A02171,1
P00914,A02172,2
P00914,A02173,3
P00914,A02174,4
P00915,A00440,1
P00915,A01473,2
P00915,A02175,3
P00915,A02176,4
P00915,A02177,5
P00916,A00723,1
P00916,A00761,13
P00916,A00770,18
P00916,A00805,14
P00916,A00865,2
P00916,A01299,3
P00916,A01475,16
P00916,A01499,4
P00916,A01532,15
P00916,A01752,5
P00916,A01772,11
P00916,A01775,6
P00916,A02034,7
P00916,A02178,8
P00916,A02179,9
P00916,A02180,10
P00916,A02181,12
P00916,A02182,17
P00917,A01475,1
P00917,A02183,2
P00917,A02184,3
P00917,A02185,4
P00917,A02186,5
P00917,A02187,6
P00917,A02188,7
P00917,A02189,8
P00917,A02190,9
P00918,A00049,6
P00918,A00066,12
P00918,A00614,5
P00918,A00732,2
P00918,A00805,3
P00918,A01475,8
P00918,A02122,7
P00918,A02169,1
P00918,A02184,10
P00918,A02188,9
P00918,A02191,4
P00918,A02192,11
P00919,A00440,7
P00919,A00544,11
P00919,A00545,6
P00919,A00805,3
P00919,A00867,5
P00919,A00992,8
P00919,A01085,14
P00919,A01100,15
P00919,A01924,9
P00919,A01928,12
P00919,A01929,13
P00919,A01932,10
P00919,A02193,1
P00919,A02194,2
P00919,A02195,4
P00920,A00440,1
P00920,A01473,3
P00920,A01927,2
P00921,A00544,4
P00921,A00545,3
P00921,A00649,5
P00921,A00788,11
P00921,A00805,10
P00921,A01085,7
P00921,A01100,6
P00921,A01929,8
P00921,A01984,9
P00921,A02196,1
P00921,A02197,2
P00922,A00078,5
P00922,A00723,8
P00922,A00770,13
P00922,A00771,12
P00922,A00773,14
P00922,A00937,4
P00922,A00938,1
P00922,A01042,10
P00922,A01169,7
P00922,A01179,3
P00922,A02198,2
P00922,A02199,6
P00922,A02200,9
P00922,A02201,11
P00923,A00788,2
P00923,A00800,1
P00924,A01930,4
P00924,A02202,1
P00924,A02203,2
P00924,A02204,3
P00925,A00144,2
P00925,A00346,1
P00926,A00629,1
P00926,A01353,3
P00926,A02205,2
P00927,A00419,14
P00927,A00788,9
P00927,A00971,5
P00927,A00991,12
P00927,A01150,11
P00927,A01839,7
P00927,A02206,1
P00927,A02207,2
P00927,A02208,3
P00927,A02209,4
P00927,A02210,6
P00927,A02211,8
P00927,A02212,10
P00927,A02213,13
P00927,A02214,15
P00927,A02215,16
P00928,A00102,9
P00928,A00431,10
P00928,A00843,7
P00928,A00849,8
P00928,A00951,2
P00928,A01066,4
P00928,A02216,1
P00928,A02217,3
P00928,A02218,5
P00928,A02219,6
P00928,A02220,11
P00929,A00029,4
P00929,A01217,1
P00929,A01218,2
P00929,A02221,3
P00930,A00807,2
P00930,A01681,1
P00931,A00649,5
P00931,A00805,4
P00931,A01085,8
P00931,A01100,7
P00931,A02197,6
P00931,A02222,1
P00931,A02223,2
P00931,A02224,3
P00932,A00133,6
P00932,A00300,1
P00932,A00301,2
P00932,A00512,7
P00932,A00838,10
P00932,A02225,3
P00932,A02226,4
P00932,A02227,5
P00932,A02228,8
P00932,A02229,9
P00932,A02230,11
P00933,A00231,2
P00933,A02231,1
P00934,A00614,3
P00934,A02124,1
P00934,A02125,2
P00935,A02232,1
P00935,A02233,2
P00935,A02234,3
P00935,A02235,4
P00935,A02236,5
P00935,A02237,6
P00935,A02238,7
P00935,A02239,8
P00936,A00298,3
P00936,A00562,1
P00936,A00723,7
P00936,A00865,8
P00936,A00950,12
P00936,A01775,9
P00936,A02240,2
P00936,A02241,4
P00936,A02242,5
P00936,A02243,6
P00936,A02244,10
P00936,A02245,11
P00936,A02246,13
P00937,A00471,3
P00937,A00529,2
P00937,A02247,1
P00937,A02248,4
P00937,A02249,5
P00938,A00006,7
P00938,A00558,3
P00938,A00797,4
P00938,A00805,8
P00938,A00828,11
P00938,A01226,2
P00938,A01416,5
P00938,A01818,1
P00938,A01982,6
P00938,A01984,10
P00938,A02197,9
P00939,A00101,3
P00939,A01857,2
P00939,A02250,1
P00939,A02251,4
P00940,A00170,9
P00940,A01323,5
P00940,A01900,7
P00940,A02252,1
P00940,A02253,2
P00940,A02254,3
P00940,A02255,4
P00940,A02256,6
P00940,A02257,8
P00941,A00629,2
P00941,A01724,1
P00942,A00130,6
P00942,A00263,2
P00942,A00264,5
P00942,A02258,1
P00942,A02259,3
P00942,A02260,4
P00943,A00670,2
P00943,A01528,4
P00943,A02097,1
P00943,A02098,3
P00944,A00006,2
P00944,A01288,1
P00945,A02261,1
P00945,A02262,2
P00945,A02263,3
P00945,A02264,4
P00946,A00108,4
P00946,A00144,2
P00946,A02265,1
P00946,A02266,3
P00947,A00622,4
P00947,A00950,5
P00947,A01951,1
P00947,A01952,2
P00947,A01953,3
P00948,A00731,2
P00948,A00732,1
P00948,A00805,5
P00948,A00922,4
P00948,A01314,7
P00948,A01532,6
P00948,A01926,3
P00948,A02267,8
P00949,A00149,5
P00949,A00221,4
P00949,A00541,8
P00949,A00793,6
P00949,A01320,2
P00949,A01840,3
P00949,A02268,1
P00949,A02269,7
P00949,A02270,9
P00950,A00077,8
P00950,A00131,4
P00950,A00266,7
P00950,A00650,2
P00950,A00661,6
P00950,A00677,3
P00950,A01468,5
P00950,A02271,1
P00950,A02272,9
P00951,A00006,16
P00951,A00544,12
P00951,A00545,11
P00951,A00558,5
P00951,A00805,4
P00951,A00827,3
P00951,A01047,15
P00951,A01280,8
P00951,A01297,2
P00951,A01560,14
P00951,A01561,13
P00951,A01929,9
P00951,A01984,6
P00951,A02194,7
P00951,A02273,1
P00951,A02274,10
P00952,A00066,2
P00952,A01902,1
P00953,A00081,8
P00953,A00994,7
P00953,A01629,9
P00953,A01714,2
P00953,A01842,1
P00953,A02275,3
P00953,A02276,4
P00953,A02277,5
P00953,A02278,6
P00954,A00106,5
P00954,A02149,4
P00954,A02150,2
P00954,A02151,3
P00954,A02152,1
P00954,A02279,6
P00955,A00843,2
P00955,A00844,4
P00955,A00849,5
P00955,A01067,3
P00955,A01629,7
P00955,A02280,1
P00955,A02281,6
P00956,A00440,3
P00956,A00676,4
P00956,A01743,2
P00956,A01782,6
P00956,A02282,1
P00956,A02283,5
P00957,A00656,3
P00957,A00657,2
P00957,A00702,5
P00957,A00999,6
P00957,A01294,4
P00957,A02284,1
P00958,A00622,2
P00958,A01404,1
P00959,A00614,4
P00959,A00770,8
P00959,A00805,3
P00959,A01307,1
P00959,A01447,2
P00959,A01532,6
P00959,A01926,5
P00959,A01988,7
P00960,A00092,5
P00960,A00130,3
P00960,A00263,1
P00960,A00264,4
P00960,A00936,6
P00960,A00958,2
P00960,A02285,7
P00961,A00614,7
P00961,A00723,8
P00961,A02122,6
P00961,A02124,1
P00961,A02125,2
P00961,A02286,3
P00961,A02287,4
P00961,A02288,5
P00961,A02289,9
P00961,A02290,10
P00962,A00343,3
P00962,A02149,4
P00962,A02150,1
P00962,A02151,2
P00962,A02152,5
P00963,A02291,1
P00964,A00440,5
P00964,A00805,3
P00964,A00828,9
P00964,A01085,8
P00964,A01280,10
P00964,A01931,7
P00964,A02222,4
P00964,A02223,1
P00964,A02224,2
P00964,A02292,6
P00965,A00049,8
P00965,A00614,2
P00965,A00617,6
P00965,A01226,3
P00965,A01233,4
P00965,A01447,1
P00965,A01774,7
P00965,A01983,9
P00965,A02267,10
P00965,A02293,5
P00966,A00805,2
P00966,A00828,5
P00966,A01023,3
P00966,A01532,4
P00966,A01727,8
P00966,A01924,7
P00966,A01926,6
P00966,A02294,1
P00967,A00298,3
P00967,A00562,1
P00967,A00849,2
P00967,A02125,6
P00967,A02240,5
P00967,A02295,4
P00968,A00723,3
P00968,A01299,2
P00968,A02034,4
P00968,A02180,1
P00968,A02181,5
P00969,A01507,1
P00969,A02296,2
P00970,A00102,6
P00970,A00837,7
P00970,A00849,2
P00970,A01599,3
P00970,A01600,4
P00970,A01601,1
P00970,A01602,5
P00971,A00196,2
P00971,A01784,1
P00972,A00727,1
P00972,A01914,3
P00972,A01915,2
P00973,A00541,2
P00973,A01604,4
P00973,A02297,1
P00973,A02298,3
P00974,A00090,4
P00974,A01268,2
P00974,A02299,1
P00974,A02300,3
P00974,A02301,5
P00974,A02302,6
P00974,A02303,7
P00974,A02304,8
P00974,A02305,9
P00974,A02306,10
P00974,A02307,11
P00975,A00026,3
P00975,A00079,2
P00975,A01368,1
P00976,A00104,3
P00976,A00299,7
P00976,A00511,2
P00976,A00824,4
P00976,A00871,6
P00976,A02297,5
P00976,A02308,1
P00977,A00570,3
P00977,A01233,1
P00977,A01447,4
P00977,A01829,2
P00978,A00620,2
P00978,A01950,3
P00978,A02309,1
P00979,A00849,3
P00979,A00951,4
P00979,A02218,2
P00979,A02310,1
P00979,A02311,5
P00979,A02312,6
P00979,A02313,7
P00980,A00570,3
P00980,A01233,1
P00980,A01829,2
P00981,A00298,4
P00981,A00562,3
P00981,A01268,2
P00981,A01641,5
P00981,A02242,1
P00982,A00345,2
P00982,A00348,1
P00982,A01076,7
P00982,A01124,14
P00982,A01126,12
P00982,A01907,9
P00982,A01911,16
P00982,A01912,11
P00982,A02314,3
P00982,A02315,4
P00982,A02316,5
P00982,A02317,6
P00982,A02318,8
P00982,A02319,10
P00982,A02320,13
P00982,A02321,15
P00982,A02322,17
P00982,A02323,18
P00982,A02324,19
P00982,A02325,20
P00983,A00298,7
P00983,A00814,3
P00983,A00843,2
P00983,A00926,1
P00983,A02125,4
P00983,A02268,5
P00983,A02270,6
P00984,A00614,9
P00984,A00732,10
P00984,A00805,13
P00984,A01447,8
P00984,A01532,12
P00984,A01926,11
P00984,A02122,7
P00984,A02124,4
P00984,A02125,1
P00984,A02286,2
P00984,A02287,5
P00984,A02288,3
P00984,A02326,6
P00984,A02327,14
P00985,A00614,3
P00985,A01226,6
P00985,A01233,2
P00985,A01442,5
P00985,A01447,4
P00985,A01769,7
P00985,A01984,8
P00985,A02097,1
P00986,A00440,9
P00986,A00544,13
P00986,A00545,5
P00986,A00805,8
P00986,A00986,1
P00986,A01085,12
P00986,A01100,7
P00986,A01473,11
P00986,A01928,6
P00986,A02328,2
P00986,A02329,3
P00986,A02330,4
P00986,A02331,10
P00987,A00078,3
P00987,A00130,6
P00987,A00266,4
P00987,A00905,1
P00987,A02258,2
P00987,A02332,5
P00988,A00723,2
P00988,A01299,3
P00988,A01499,1
P00989,A00149,1
P00989,A00221,4
P00989,A00793,2
P00989,A01320,6
P00989,A01840,3
P00989,A02333,5
P00990,A00985,3
P00990,A01416,2
P00990,A02334,1
P00991,A00431,6
P00991,A00530,1
P00991,A01622,4
P00991,A02335,2
P00991,A02336,3
P00991,A02337,5
P00991,A02338,7
P00992,A00629,2
P00992,A02339,1
P00992,A02340,3
P00992,A02341,4
P00993,A00102,6
P00993,A00837,5
P00993,A00849,3
P00993,A01600,7
P00993,A01601,1
P00993,A01602,8
P00993,A02218,4
P00993,A02268,2
P00994,A00048,8
P00994,A00570,15
P00994,A00605,11
P00994,A00723,2
P00994,A00731,7
P00994,A00732,13
P00994,A00770,14
P00994,A00865,5
P00994,A01299,1
P00994,A01404,10
P00994,A01475,9
P00994,A01477,12
P00994,A01678,3
P00994,A01752,6
P00994,A02034,4
P00995,A00440,12
P00995,A00545,8
P00995,A00805,6
P00995,A00827,16
P00995,A00986,10
P00995,A01085,4
P00995,A01473,2
P00995,A01532,15
P00995,A01931,5
P00995,A02197,7
P00995,A02331,9
P00995,A02342,1
P00995,A02343,3
P00995,A02344,11
P00995,A02345,13
P00995,A02346,14
P00996,A00030,1
P00996,A00174,3
P00996,A00229,2
P00996,A01277,4
P00996,A01348,5
P00997,A00006,2
P00997,A02347,1
P00998,A00649,4
P00998,A00784,8
P00998,A00797,2
P00998,A00805,6
P00998,A01924,7
P00998,A01929,10
P00998,A01982,5
P00998,A01984,9
P00998,A02348,1
P00998,A02349,3
P00999,A00614,4
P00999,A00805,9
P00999,A00986,6
P00999,A01532,11
P00999,A01727,12
P00999,A01926,10
P00999,A01981,2
P00999,A01983,3
P00999,A01988,5
P00999,A02344,1
P00999,A02350,7
P00999,A02351,8
P01000,A01820,1
P01001,A01851,2
P01001,A01852,3
P01001,A02352,1
P01001,A02353,4
P01002,A00440,10
P01002,A00545,6
P01002,A00805,4
P01002,A00827,16
P01002,A00986,8
P01002,A01085,13
P01002,A01473,1
P01002,A01532,15
P01002,A01931,14
P01002,A02197,5
P01002,A02331,7
P01002,A02342,2
P01002,A02343,3
P01002,A02344,9
P01002,A02346,12
P01002,A02354,11
P01003,A00671,10
P01003,A00729,13
P01003,A00734,7
P01003,A00991,4
P01003,A00992,1
P01003,A02169,5
P01003,A02173,3
P01003,A02191,2
P01003,A02355,6
P01003,A02356,8
P01003,A02357,9
P01003,A02358,11
P01003,A02359,12
P01003,A02360,14
P01004,A00471,3
P01004,A00529,2
P01004,A01330,1
P01005,A00545,11
P01005,A00805,4
P01005,A00827,5
P01005,A00994,9
P01005,A01297,2
P01005,A01727,13
P01005,A01924,12
P01005,A01927,8
P01005,A01929,10
P01005,A01973,6
P01005,A01974,3
P01005,A02210,7
P01005,A02273,1
P01006,A00471,2
P01006,A02361,1
P01007,A00290,5
P01007,A00819,2
P01007,A00963,7
P01007,A00975,6
P01007,A01526,3
P01007,A01716,4
P01007,A02362,1
P01007,A02363,8
P01008,A00144,6
P01008,A00346,1
P01008,A01490,2
P01008,A02056,4
P01008,A02059,5
P01008,A02364,3
P01009,A00541,1
P01009,A01604,3
P01009,A02365,2
P01009,A02366,4
P01010,A00443,1
P01010,A02367,2
P01010,A02368,3
P01010,A02369,4
P01010,A02370,5
P01011,A00443,4
P01011,A02371,1
P01011,A02372,2
P01011,A02373,3
P01012,A00673,8
P01012,A00734,15
P01012,A00991,13
P01012,A00992,12
P01012,A01028,14
P01012,A01077,1
P01012,A02356,16
P01012,A02360,2
P01012,A02374,3
P01012,A02375,4
P01012,A02376,5
P01012,A02377,6
P01012,A02378,7
P01012,A02379,9
P01012,A02380,10
P01012,A02381,11
P01013,A00130,6
P01013,A00296,5
P01013,A00349,1
P01013,A00350,3
P01013,A00352,7
P01013,A01437,2
P01013,A02382,4
P01014,A02383,1
P01014,A02384,2
P01014,A02385,3
P01014,A02386,4
P01014,A02387,5
P01015,A00447,2
P01015,A00471,6
P01015,A00490,3
P01015,A01271,4
P01015,A01272,5
P01015,A01775,1
P01016,A00006,2
P01016,A00447,3
P01016,A00558,1
P01016,A01416,5
P01016,A01832,4
P01017,A00506,1
P01017,A00770,5
P01017,A00973,6
P01017,A01477,7
P01017,A02388,2
P01017,A02389,3
P01017,A02390,4
P01018,A00170,15
P01018,A00803,6
P01018,A00804,3
P01018,A00971,12
P01018,A02270,9
P01018,A02391,1
P01018,A02392,2
P01018,A02393,4
P01018,A02394,5
P01018,A02395,7
P01018,A02396,8
P01018,A02397,10
P01018,A02398,11
P01018,A02399,13
P01018,A02400,14
P01019,A00440,12
P01019,A00545,8
P01019,A00805,6
P01019,A00827,16
P01019,A00986,10
P01019,A01085,4
P01019,A01473,2
P01019,A01532,15
P01019,A01931,5
P01019,A02197,7
P01019,A02331,9
P01019,A02342,1
P01019,A02343,3
P01019,A02344,11
P01019,A02345,13
P01019,A02346,14
P01020,A00415,2
P01020,A01429,1
P01020,A02401,3
P01021,A00224,23
P01021,A00440,11
P01021,A00670,21
P01021,A00788,20
P01021,A00805,8
P01021,A00828,14
P01021,A01050,16
P01021,A01084,4
P01021,A01085,2
P01021,A01099,6
P01021,A01100,1
P01021,A01532,13
P01021,A01727,22
P01021,A01924,17
P01021,A01926,15
P01021,A01927,18
P01021,A01930,19
P01021,A01999,10
P01021,A02402,3
P01021,A02403,5
P01021,A02404,7
P01021,A02405,9
P01021,A02406,12
P01022,A00490,3
P01022,A00541,5
P01022,A00814,1
P01022,A01605,2
P01022,A02308,4
P01023,A00104,6
P01023,A00394,7
P01023,A00844,4
P01023,A00849,1
P01023,A01605,5
P01023,A02125,2
P01023,A02407,3
P01024,A00701,1
P01025,A00068,12
P01025,A00201,3
P01025,A00209,2
P01025,A00512,6
P01025,A01217,10
P01025,A01429,9
P01025,A02225,4
P01025,A02226,1
P01025,A02229,7
P01025,A02408,5
P01025,A02409,8
P01025,A02410,11
P01026,A00272,3
P01026,A00731,8
P01026,A00865,5
P01026,A01299,2
P01026,A01404,6
P01026,A01475,10
P01026,A01678,9
P01026,A02034,1
P01026,A02411,4
P01026,A02412,7
P01027,A00272,12
P01027,A00523,10
P01027,A00614,11
P01027,A00732,5
P01027,A00922,4
P01027,A01299,13
P01027,A01314,8
P01027,A01326,6
P01027,A01475,14
P01027,A01678,1
P01027,A01978,2
P01027,A01979,3
P01027,A01985,7
P01027,A02145,9
P01027,A02146,15
P01027,A02147,16
P01027,A02148,17
P01028,A01227,3
P01028,A01418,2
P01028,A02413,1
P01029,A02414,1
P01029,A02415,2
P01030,A00342,2
P01030,A00647,5
P01030,A00661,4
P01030,A00677,3
P01030,A01264,1
P01030,A01327,6
P01031,A00266,2
P01031,A00706,4
P01031,A01327,3
P01031,A01560,5
P01031,A02416,1
P01031,A02417,6
P01032,A00508,9
P01032,A01508,2
P01032,A01509,3
P01032,A02418,1
P01032,A02419,4
P01032,A02420,5
P01032,A02421,6
P01032,A02422,7
P01032,A02423,8
P01033,A02424,1
P01033,A02425,2
P01034,A00006,4
P01034,A00558,3
P01034,A02003,1
P01034,A02426,2
P01034,A02427,5
P01035,A00104,7
P01035,A00290,6
P01035,A00417,1
P01035,A00839,3
P01035,A00840,2
P01035,A00892,4
P01035,A01264,5
P01036,A00545,8
P01036,A00805,5
P01036,A00991,6
P01036,A01280,12
P01036,A01727,13
P01036,A01798,3
P01036,A01924,9
P01036,A01929,11
P01036,A01984,10
P01036,A02197,7
P01036,A02206,2
P01036,A02210,4
P01036,A02428,1
P01037,A00064,8
P01037,A00478,3
P01037,A01842,1
P01037,A02276,4
P01037,A02278,6
P01037,A02429,2
P01037,A02430,5
P01037,A02431,7
P01037,A02432,9
P01038,A00788,2
P01038,A00800,1
P01038,A02399,3
P01039,A00130,4
P01039,A00266,3
P01039,A00529,2
P01039,A01122,1
P01040,A00440,3
P01040,A00676,4
P01040,A01743,2
P01040,A01782,6
P01040,A01783,5
P01040,A02282,1
P01040,A02283,7
P01041,A01040,2
P01041,A02374,1
P01042,A01643,1
P01042,A01644,2
P01042,A01645,3
P01042,A01646,4
P01042,A01648,6
P01042,A02433,5
P01043,A00009,10
P01043,A00853,4
P01043,A00855,8
P01043,A02434,1
P01043,A02435,2
P01043,A02436,3
P01043,A02437,5
P01043,A02438,6
P01043,A02439,7
P01043,A02440,9
P01043,A02441,11
P01043,A02442,12
P01043,A02443,13
P01044,A02444,1
P01044,A02445,2
P01044,A02446,3
P01044,A02447,4
P01045,A00530,2
P01045,A01622,3
P01045,A02335,1
P01045,A02336,5
P01045,A02448,4
P01046,A00124,7
P01046,A00149,6
P01046,A00221,1
P01046,A01316,11
P01046,A01320,2
P01046,A01838,3
P01046,A01839,4
P01046,A01840,5
P01046,A01915,9
P01046,A02449,8
P01046,A02450,10
P01046,A02451,12
P01047,A00052,10
P01047,A00723,1
P01047,A00795,15
P01047,A00797,19
P01047,A00865,12
P01047,A01316,25
P01047,A01413,5
P01047,A01442,11
P01047,A01499,3
P01047,A01614,4
P01047,A01649,13
P01047,A01915,23
P01047,A02201,18
P01047,A02449,22
P01047,A02450,24
P01047,A02451,26
P01047,A02452,2
P01047,A02453,6
P01047,A02454,7
P01047,A02455,8
P01047,A02456,9
P01047,A02457,14
P01047,A02458,16
P01047,A02459,17
P01047,A02460,20
P01047,A02461,21
P01048,A02462,1
P01049,A01154,2
P01049,A02463,1
P01050,A00614,6
P01050,A00716,4
P01050,A00798,1
P01050,A00805,2
P01050,A01447,5
P01050,A01532,10
P01050,A01676,7
P01050,A01926,8
P01050,A01929,11
P01050,A01979,9
P01050,A02464,3
P01051,A00805,2
P01051,A01299,9
P01051,A01326,3
P01051,A01475,8
P01051,A01676,7
P01051,A01926,4
P01051,A01979,5
P01051,A01986,1
P01051,A01990,11
P01051,A02034,10
P01051,A02465,6
P01052,A00788,2
P01052,A00805,3
P01052,A00827,7
P01052,A00828,6
P01052,A00961,1
P01052,A01727,4
P01052,A01984,5
P01053,A00333,9
P01053,A00545,7
P01053,A00673,8
P01053,A00805,6
P01053,A01924,10
P01053,A02193,3
P01053,A02194,4
P01053,A02195,2
P01053,A02466,1
P01053,A02467,5
P01053,A02468,11
P01054,A00614,6
P01054,A00732,4
P01054,A00805,3
P01054,A01475,7
P01054,A01984,5
P01054,A02469,1
P01054,A02470,2
P01054,A02471,8
P01055,A00104,3
P01055,A00298,5
P01055,A00299,2
P01055,A00432,6
P01055,A00540,4
P01055,A00541,1
P01055,A02472,7
P01055,A02473,8
P01056,A00723,2
P01056,A00731,7
P01056,A00732,10
P01056,A00865,4
P01056,A01299,1
P01056,A01404,9
P01056,A01475,11
P01056,A01678,6
P01056,A01752,8
P01056,A02034,3
P01056,A02178,5
P01057,A00544,9
P01057,A00545,7
P01057,A00670,4
P01057,A00805,2
P01057,A00835,5
P01057,A00991,3
P01057,A01532,6
P01057,A01924,8
P01057,A01930,1
P01058,A00196,1
P01058,A02474,2
P01059,A02475,1
P01059,A02476,2
P01059,A02477,3
P01059,A02478,4
P01060,A00108,1
P01060,A00144,3
P01060,A02479,2
P01061,A00018,3
P01061,A01689,2
P01061,A02480,1
P01062,A00108,4
P01062,A00144,2
P01062,A02241,1
P01062,A02481,3
P01063,A02482,1
P01063,A02483,2
P01063,A02484,3
P01064,A00723,3
P01064,A00731,7
P01064,A00865,4
P01064,A01299,2
P01064,A01404,5
P01064,A01475,9
P01064,A01678,8
P01064,A02034,1
P01064,A02412,6
P01065,A00029,6
P01065,A00342,4
P01065,A00657,3
P01065,A01393,1
P01065,A02485,2
P01065,A02486,5
P01065,A02487,7
P01066,A00104,3
P01066,A00131,5
P01066,A00474,4
P01066,A00511,2
P01066,A02308,1
P01067,A02425,2
P01067,A02488,1
P01067,A02489,3
P01068,A00448,2
P01068,A02490,1
P01069,A01278,7
P01069,A01433,17
P01069,A02491,1
P01069,A02492,2
P01069,A02493,3
P01069,A02494,4
P01069,A02495,5
P01069,A02496,6
P01069,A02497,8
P01069,A02498,9
P01069,A02499,10
P01069,A02500,11
P01069,A02501,12
P01069,A02502,13
P01069,A02503,14
P01069,A02504,15
P01069,A02505,16
P01069,A02506,18
P01070,A01609,1
P01070,A02425,2
P01071,A00133,1
P01071,A02507,2
P01071,A02508,3
P01071,A02509,4
P01071,A02510,5
P01071,A02511,6
P01072,A00029,4
P01072,A00130,6
P01072,A00264,2
P01072,A00266,5
P01072,A00958,3
P01072,A01631,1
P01073,A00033,3
P01073,A01528,2
P01073,A01535,1
P01073,A01715,5
P01073,A01834,4
P01073,A01931,6
P01073,A02512,7
P01074,A00657,5
P01074,A00698,4
P01074,A01504,1
P01074,A01505,2
P01074,A02513,3
P01075,A00268,1
P01075,A01957,5
P01075,A02514,2
P01075,A02515,3
P01075,A02516,4
P01075,A02517,6
P01076,A00088,2
P01076,A01031,1
P01077,A00629,2
P01077,A01724,1
P01077,A02518,3
P01077,A02519,4
P01077,A02520,5
P01078,A02521,1
P01078,A02522,2
P01078,A02523,3
P01078,A02524,4
P01079,A00290,3
P01079,A00448,2
P01079,A02525,1
P01080,A02410,2
P01080,A02526,1
P01081,A00629,2
P01081,A01724,1
P01082,A00424,2
P01082,A02527,1
P01083,A02528,1
P01083,A02529,2
P01083,A02530,3
P01084,A00195,10
P01084,A00266,5
P01084,A00574,2
P01084,A00622,4
P01084,A00746,13
P01084,A00983,3
P01084,A01299,1
P01084,A01403,6
P01084,A01404,7
P01084,A01417,9
P01084,A01418,11
P01084,A02531,8
P01084,A02532,12
P01085,A00570,10
P01085,A00723,5
P01085,A00770,9
P01085,A01272,11
P01085,A01299,2
P01085,A01327,3
P01085,A01404,6
P01085,A02034,4
P01085,A02411,1
P01085,A02533,7
P01085,A02534,8
P01086,A00723,4
P01086,A01477,6
P01086,A01514,1
P01086,A02183,5
P01086,A02535,2
P01086,A02536,3
P01087,A00614,2
P01087,A01448,3
P01087,A02537,1
P01087,A02538,4
P01087,A02539,5
P01088,A02540,1
P01088,A02541,2
P01088,A02542,3
P01088,A02543,4
P01088,A02544,5
P01088,A02545,6
P01088,A02546,7
P01088,A02547,8
P01089,A00431,6
P01089,A00751,3
P01089,A02548,1
P01089,A02549,2
P01089,A02550,4
P01089,A02551,5
P01090,A00104,3
P01090,A00195,5
P01090,A00574,2
P01090,A00622,4
P01090,A01234,1
P01090,A01417,6
P01091,A00006,2
P01091,A01288,1
P01092,A02552,1
P01092,A02553,2
P01092,A02554,3
P01092,A02555,4
P01092,A02556,5
P01092,A02557,6
P01092,A02558,7
P01092,A02559,8
P01093,A00670,4
P01093,A01226,5
P01093,A02560,1
P01093,A02561,2
P01093,A02562,3
P01094,A00432,7
P01094,A00843,5
P01094,A00844,6
P01094,A00849,1
P01094,A02125,3
P01094,A02407,4
P01094,A02563,2
P01095,A02564,1
P01095,A02565,2
P01095,A02566,3
P01095,A02567,4
P01095,A02568,5
P01096,A01459,1
P01096,A02382,2
P01096,A02569,3
P01097,A00266,5
P01097,A00714,4
P01097,A00716,3
P01097,A01596,7
P01097,A01797,1
P01097,A02570,2
P01097,A02571,6
P01098,A00231,2
P01098,A02572,1
P01098,A02573,3
P01099,A00723,9
P01099,A01058,6
P01099,A01447,4
P01099,A01744,1
P01099,A01745,2
P01099,A02123,8
P01099,A02574,3
P01099,A02575,5
P01099,A02576,7
P01100,A02577,1
P01100,A02578,2
P01101,A00006,2
P01101,A00558,3
P01101,A02066,1
P01102,A01028,2
P01102,A02579,1
P01103,A00963,11
P01103,A01604,5
P01103,A02580,1
P01103,A02581,2
P01103,A02582,3
P01103,A02583,4
P01103,A02584,6
P01103,A02585,7
P01103,A02586,8
P01103,A02587,9
P01103,A02588,10
P01104,A01590,4
P01104,A02266,5
P01104,A02589,1
P01104,A02590,2
P01104,A02591,3
P01105,A00673,4
P01105,A01406,1
P01105,A01789,2
P01105,A02592,3
P01105,A02593,5
P01106,A02594,1
P01106,A02595,2
P01106,A02596,3
P01106,A02597,4
P01106,A02598,5
P01107,A00298,5
P01107,A00299,8
P01107,A00421,1
P01107,A00562,2
P01107,A00614,6
P01107,A01447,7
P01107,A02241,3
P01107,A02242,4
P01108,A00511,3
P01108,A00541,4
P01108,A00814,1
P01108,A00976,2
P01109,A01604,2
P01109,A02599,1
P01110,A00562,2
P01110,A01268,3
P01110,A01641,4
P01110,A02242,1
P01111,A00629,2
P01111,A02205,1
P01112,A00523,12
P01112,A00732,7
P01112,A00805,6
P01112,A00819,5
P01112,A01981,8
P01112,A01982,11
P01112,A01983,10
P01112,A02223,3
P01112,A02224,4
P01112,A02600,1
P01112,A02601,2
P01112,A02602,9
P01113,A01535,2
P01113,A02603,1
P01113,A02604,3
P01114,A00102,5
P01114,A00837,4
P01114,A00849,2
P01114,A01601,1
P01114,A02268,3
P01115,A00081,2
P01115,A00670,3
P01115,A01528,1
P01115,A02605,4
P01116,A02606,1
P01116,A02607,2
P01116,A02608,3
P01116,A02609,4
P01117,A00130,1
P01117,A02610,2
P01117,A02611,3
P01118,A00104,2
P01118,A00432,8
P01118,A00511,7
P01118,A00824,4
P01118,A01234,1
P01118,A02612,3
P01118,A02613,5
P01118,A02614,6
P01119,A00873,7
P01119,A01150,1
P01119,A01155,3
P01119,A02273,5
P01119,A02615,2
P01119,A02616,4
P01119,A02617,6
P01119,A02618,8
P01120,A00004,3
P01120,A00133,5
P01120,A00276,4
P01120,A01515,2
P01120,A01517,1
P01121,A00574,3
P01121,A00622,2
P01121,A01299,4
P01121,A01403,5
P01121,A01832,1
P01122,A00293,5
P01122,A00877,2
P01122,A01227,1
P01122,A01991,4
P01122,A02619,3
P01122,A02620,6
P01122,A02621,7
P01123,A00629,2
P01123,A02519,4
P01123,A02622,1
P01123,A02623,3
P01123,A02624,5
P01123,A02625,6
P01123,A02626,7
P01124,A00614,3
P01124,A02627,1
P01124,A02628,2
P01125,A00629,6
P01125,A01370,7
P01125,A01374,5
P01125,A01724,4
P01125,A02629,1
P01125,A02630,2
P01125,A02631,3
P01126,A01518,5
P01126,A02632,1
P01126,A02633,2
P01126,A02634,3
P01126,A02635,4
P01126,A02636,6
P01126,A02637,7
P01127,A00124,4
P01127,A00670,3
P01127,A01842,1
P01127,A02141,6
P01127,A02638,2
P01127,A02639,5
P01127,A02640,7
P01128,A01604,2
P01128,A02296,1
P01129,A00431,4
P01129,A01300,3
P01129,A01821,1
P01129,A02641,2
P01130,A01819,1
P01131,A00417,1
P01131,A00840,2
P01132,A01604,1
P01133,A00571,5
P01133,A00574,6
P01133,A00723,3
P01133,A00805,7
P01133,A01299,1
P01133,A01404,2
P01133,A02034,4
P01134,A00629,2
P01134,A02205,1
P01135,A00974,1
P01135,A01504,2
P01135,A01505,3
P01135,A01559,4
P01136,A00727,4
P01136,A00843,7
P01136,A01067,1
P01136,A01317,5
P01136,A02280,2
P01136,A02642,3
P01136,A02643,6
P01137,A02644,1
P01137,A02645,2
P01137,A02646,3
P01137,A02647,4
P01137,A02648,5
P01137,A02649,6
P01138,A00723,4
P01138,A00795,5
P01138,A01775,6
P01138,A02055,3
P01138,A02334,1
P01138,A02650,2
P01139,A00102,8
P01139,A00731,5
P01139,A00837,7
P01139,A00849,2
P01139,A01601,1
P01139,A02268,3
P01139,A02651,4
P01139,A02652,6
P01140,A00029,5
P01140,A00266,4
P01140,A00776,7
P01140,A01218,3
P01140,A01320,1
P01140,A01959,6
P01140,A01960,8
P01140,A02653,2
P01141,A01058,2
P01141,A01514,1
P01141,A02654,3
P01142,A00937,1
P01142,A00938,3
P01142,A02655,2
P01143,A01227,3
P01143,A01418,2
P01143,A02413,1
P01144,A00486,1
P01144,A00533,3
P01144,A02655,2
P01145,A00098,13
P01145,A00523,9
P01145,A00732,6
P01145,A00805,5
P01145,A00819,2
P01145,A00843,11
P01145,A00849,12
P01145,A01317,10
P01145,A01979,8
P01145,A01981,7
P01145,A02600,1
P01145,A02656,3
P01145,A02657,4
P01145,A02658,14
P01145,A02659,15
P01146,A02660,1
P01146,A02661,2
P01146,A02662,3
P01147,A02663,1
P01147,A02664,2
P01147,A02665,3
P01147,A02666,4
P01147,A02667,5
P01147,A02668,6
P01147,A02669,7
P01147,A02670,8
P01147,A02671,9
P01147,A02672,10
P01147,A02673,11
P01147,A02674,12
P01148,A00268,1
P01148,A02516,2
P01148,A02517,3
P01148,A02675,4
P01149,A00104,3
P01149,A00511,2
P01149,A01650,4
P01149,A02308,1
P01150,A00490,3
P01150,A00723,5
P01150,A00770,2
P01150,A00805,4
P01150,A01614,1
P01150,A01981,7
P01150,A02650,6
P01151,A00029,14
P01151,A00077,3
P01151,A00650,13
P01151,A00677,2
P01151,A01468,8
P01151,A01718,11
P01151,A01719,6
P01151,A02166,9
P01151,A02676,1
P01151,A02677,4
P01151,A02678,5
P01151,A02679,7
P01151,A02680,10
P01151,A02681,12
P01152,A00268,1
P01152,A01957,6
P01152,A02514,2
P01152,A02515,3
P01152,A02516,4
P01152,A02517,7
P01152,A02682,5
P01153,A00622,3
P01153,A02683,1
P01153,A02684,2
P01153,A02685,4
P01154,A00196,4
P01154,A02686,1
P01154,A02687,2
P01154,A02688,3
P01154,A02689,5
P01155,A00290,5
P01155,A00541,3
P01155,A02297,1
P01155,A02690,2
P01155,A02691,4
P01156,A00033,2
P01156,A00307,7
P01156,A00447,4
P01156,A00967,3
P01156,A00992,6
P01156,A01188,5
P01156,A01820,1
P01157,A00170,7
P01157,A00426,1
P01157,A00673,3
P01157,A01064,2
P01157,A01727,6
P01157,A02692,4
P01157,A02693,5
P01158,A01610,2
P01158,A01611,1
P01158,A01612,3
P01158,A01613,4
P01159,A00491,1
P01159,A00631,4
P01159,A00668,3
P01159,A00994,5
P01159,A01614,6
P01159,A01629,7
P01159,A02694,2
P01160,A00033,5
P01160,A02097,1
P01160,A02695,2
P01160,A02696,3
P01160,A02697,4
P01161,A01857,3
P01161,A02698,1
P01161,A02699,2
P01161,A02700,4
P01161,A02701,5
P01162,A02165,2
P01162,A02397,6
P01162,A02702,1
P01162,A02703,3
P01162,A02704,4
P01162,A02705,5
P01163,A00102,4
P01163,A00130,3
P01163,A00266,2
P01163,A00837,5
P01163,A00905,1
P01163,A01325,6
P01164,A00629,2
P01164,A01724,1
P01165,A00068,2
P01165,A01836,1
P01166,A01702,2
P01166,A01704,3
P01166,A02706,1
P01166,A02707,4
P01167,A00124,12
P01167,A00221,1
P01167,A01838,3
P01167,A01840,4
P01167,A02270,9
P01167,A02708,2
P01167,A02709,5
P01167,A02710,6
P01167,A02711,7
P01167,A02712,8
P01167,A02713,10
P01167,A02714,11
P01168,A00523,9
P01168,A00614,3
P01168,A01085,8
P01168,A01233,1
P01168,A01447,5
P01168,A01448,6
P01168,A01769,7
P01168,A01979,10
P01168,A02562,2
P01168,A02715,4
P01169,A00006,6
P01169,A00558,4
P01169,A00797,3
P01169,A00805,7
P01169,A00862,5
P01169,A01226,2
P01169,A01818,1
P01169,A01928,9
P01169,A02197,8
P01170,A00667,13
P01170,A00756,24
P01170,A00788,14
P01170,A00805,6
P01170,A01494,23
P01170,A01727,15
P01170,A01924,11
P01170,A01926,10
P01170,A01930,12
P01170,A01984,9
P01170,A02405,16
P01170,A02661,17
P01170,A02703,22
P01170,A02704,21
P01170,A02705,20
P01170,A02716,1
P01170,A02717,2
P01170,A02718,3
P01170,A02719,4
P01170,A02720,5
P01170,A02721,7
P01170,A02722,8
P01170,A02723,18
P01170,A02724,19
P01171,A00130,8
P01171,A00834,2
P01171,A01010,7
P01171,A01212,4
P01171,A01536,5
P01171,A02725,1
P01171,A02726,3
P01171,A02727,6
P01172,A01907,2
P01172,A02059,5
P01172,A02317,1
P01172,A02728,3
P01172,A02729,4
P01173,A00471,2
P01173,A01294,4
P01173,A01330,3
P01173,A02730,1
P01174,A00614,15
P01174,A00727,7
P01174,A00874,13
P01174,A00927,12
P01174,A00973,14
P01174,A01069,10
P01174,A01316,9
P01174,A01914,1
P01174,A01915,2
P01174,A01916,6
P01174,A01917,5
P01174,A02327,3
P01174,A02731,4
P01174,A02732,8
P01174,A02733,11
P01175,A02734,1
P01175,A02735,2
P01175,A02736,3
P01175,A02737,4
P01175,A02738,5
P01175,A02739,6
P01176,A00124,6
P01176,A02012,1
P01176,A02013,2
P01176,A02014,5
P01176,A02015,7
P01176,A02017,4
P01176,A02018,8
P01176,A02019,9
P01176,A02020,10
P01176,A02021,11
P01176,A02022,12
P01176,A02023,13
P01176,A02024,14
P01176,A02025,16
P01176,A02740,3
P01176,A02741,15
P01177,A00440,7
P01177,A00545,9
P01177,A00805,4
P01177,A00828,5
P01177,A01084,2
P01177,A01085,1
P01177,A01100,3
P01177,A01473,8
P01177,A02197,6
P01178,A00440,10
P01178,A00545,8
P01178,A00805,7
P01178,A00827,13
P01178,A01085,5
P01178,A01473,2
P01178,A01532,12
P01178,A01927,4
P01178,A01931,6
P01178,A02182,11
P01178,A02331,9
P01178,A02342,3
P01178,A02345,14
P01178,A02346,15
P01178,A02742,1
P01179,A00087,6
P01179,A00290,2
P01179,A01227,3
P01179,A01991,4
P01179,A02619,1
P01179,A02743,5
P01180,A02425,2
P01180,A02488,1
P01180,A02489,3
P01181,A00026,5
P01181,A00079,4
P01181,A00266,2
P01181,A01368,3
P01181,A01389,6
P01181,A02744,1
P01182,A00033,3
P01182,A00834,1
P01182,A02097,4
P01182,A02725,2
P01183,A00170,2
P01183,A00803,13
P01183,A00804,11
P01183,A00971,7
P01183,A02270,5
P01183,A02391,1
P01183,A02392,9
P01183,A02393,3
P01183,A02394,12
P01183,A02395,6
P01183,A02397,4
P01183,A02399,8
P01183,A02400,14
P01183,A02745,10
P01184,A02746,1
P01184,A02747,2
P01184,A02748,3
P01184,A02749,4
P01184,A02750,5
P01184,A02751,6
P01185,A00622,3
P01185,A02752,1
P01185,A02753,2
P01185,A02754,4
P01185,A02755,5
P01186,A00196,3
P01186,A02489,4
P01186,A02686,1
P01186,A02688,2
P01187,A00605,6
P01187,A00716,2
P01187,A00717,3
P01187,A00805,4
P01187,A01727,8
P01187,A02464,1
P01187,A02693,7
P01187,A02756,5
P01188,A00130,3
P01188,A00296,4
P01188,A00349,1
P01188,A00936,6
P01188,A02382,2
P01188,A02757,5
P01189,A00629,2
P01189,A02758,1
P01190,A01268,7
P01190,A02300,1
P01190,A02302,3
P01190,A02303,4
P01190,A02759,2
P01190,A02760,5
P01190,A02761,6
P01191,A00272,3
P01191,A00795,1
P01191,A02762,2
P01192,A00133,5
P01192,A00300,1
P01192,A00301,2
P01192,A00512,6
P01192,A00838,8
P01192,A02226,3
P01192,A02227,4
P01192,A02228,7
P01192,A02230,9
P01193,A00068,9
P01193,A00201,2
P01193,A00209,1
P01193,A00512,6
P01193,A01217,8
P01193,A02226,3
P01193,A02227,4
P01193,A02408,5
P01193,A02410,7
P01194,A00421,1
P01194,A00562,2
P01194,A02241,3
P01194,A02244,4
P01195,A00629,3
P01195,A02758,1
P01195,A02763,2
P01195,A02764,4
P01196,A02765,1
P01196,A02766,2
P01196,A02767,3
P01196,A02768,4
P01196,A02769,5
P01196,A02770,6
P01196,A02771,7
P01196,A02772,8
P01197,A02773,1
P01198,A00802,5
P01198,A00912,4
P01198,A01681,1
P01198,A02774,2
P01198,A02775,3
P01198,A02776,6
P01198,A02777,7
P01199,A00006,2
P01199,A01416,3
P01199,A01832,1
P01200,A00029,7
P01200,A00650,9
P01200,A00677,2
P01200,A01468,8
P01200,A02126,1
P01200,A02778,3
P01200,A02779,4
P01200,A02780,5
P01200,A02781,6
P01200,A02782,10
P01200,A02783,11
P01200,A02784,12
P01200,A02785,13
P01201,A00544,6
P01201,A01735,3
P01201,A01999,1
P01201,A02113,4
P01201,A02786,2
P01201,A02787,5
P01202,A00102,8
P01202,A00174,4
P01202,A00837,9
P01202,A02131,5
P01202,A02280,10
P01202,A02788,1
P01202,A02789,2
P01202,A02790,3
P01202,A02791,6
P01202,A02792,7
P01203,A00723,2
P01203,A00865,4
P01203,A01299,3
P01203,A02034,1
P01204,A00541,3
P01204,A00925,1
P01204,A01559,5
P01204,A01918,4
P01204,A02793,2
P01205,A00066,13
P01205,A00523,12
P01205,A00731,7
P01205,A00770,15
P01205,A00805,2
P01205,A01383,5
P01205,A01475,14
P01205,A01532,11
P01205,A01769,10
P01205,A01978,8
P01205,A01979,9
P01205,A01989,4
P01205,A02146,1
P01205,A02600,6
P01205,A02794,3
P01206,A02795,1
P01206,A02796,2
P01206,A02797,3
P01207,A02798,1
P01207,A02799,2
P01207,A02800,3
P01207,A02801,4
P01208,A00672,4
P01208,A01052,3
P01208,A01396,1
P01208,A01971,5
P01208,A02802,2
P01209,A00066,1
P01209,A00896,2
P01209,A00897,3
P01210,A00875,5
P01210,A02149,1
P01210,A02150,2
P01210,A02151,3
P01210,A02152,4
P01211,A02425,2
P01211,A02488,1
P01211,A02489,3
P01212,A00714,4
P01212,A00716,3
P01212,A02072,5
P01212,A02803,1
P01212,A02804,2
P01212,A02805,6
P01213,A02056,4
P01213,A02059,2
P01213,A02060,7
P01213,A02063,5
P01213,A02806,1
P01213,A02807,3
P01213,A02808,6
P01214,A00649,10
P01214,A00805,6
P01214,A00819,5
P01214,A00828,12
P01214,A00992,7
P01214,A01100,9
P01214,A01982,11
P01214,A02197,8
P01214,A02222,2
P01214,A02223,3
P01214,A02224,4
P01214,A02809,1
P01215,A00087,8
P01215,A01060,7
P01215,A02363,3
P01215,A02810,1
P01215,A02811,2
P01215,A02812,4
P01215,A02813,5
P01215,A02814,6
P01215,A02815,9
P01215,A02816,10
P01216,A02817,1
P01216,A02818,2
P01216,A02819,3
P01216,A02820,4
P01216,A02821,5
P01216,A02822,6
P01217,A02425,4
P01217,A02488,1
P01217,A02489,3
P01217,A02823,2
P01218,A00570,5
P01218,A00805,8
P01218,A01233,1
P01218,A01447,3
P01218,A02097,6
P01218,A02224,7
P01218,A02715,2
P01218,A02824,4
P01219,A00629,1
P01219,A02825,2
P01219,A02826,3
P01219,A02827,4
P01220,A00701,1
P01220,A01194,3
P01220,A02828,2
P01221,A00290,2
P01221,A00431,5
P01221,A01227,3
P01221,A02743,1
P01221,A02829,4
P01222,A00087,9
P01222,A00290,3
P01222,A01227,2
P01222,A01299,6
P01222,A01307,7
P01222,A01775,5
P01222,A01821,8
P01222,A01991,4
P01222,A02620,1
P01222,A02830,10
P01223,A00221,2
P01223,A01406,3
P01223,A02708,1
P01223,A02831,4
P01224,A01028,2
P01224,A02832,1
P01225,A02833,1
P01225,A02834,2
P01225,A02835,3
P01225,A02836,4
P01226,A01233,3
P01226,A01678,4
P01226,A02602,9
P01226,A02715,1
P01226,A02837,2
P01226,A02838,5
P01226,A02839,6
P01226,A02840,7
P01226,A02841,8
P01226,A02842,10
P01227,A01477,3
P01227,A01678,2
P01227,A02145,4
P01227,A02600,5
P01227,A02841,1
P01228,A00266,4
P01228,A00824,2
P01228,A00976,3
P01228,A02843,1
P01229,A00562,2
P01229,A00570,4
P01229,A00950,5
P01229,A01447,3
P01229,A02844,1
P01230,A00298,4
P01230,A00562,2
P01230,A01268,3
P01230,A01641,5
P01230,A02242,1
P01231,A00629,2
P01231,A01724,1
P01232,A00298,4
P01232,A00421,8
P01232,A00562,1
P01232,A00950,5
P01232,A01299,3
P01232,A02125,10
P01232,A02244,6
P01232,A02844,2
P01232,A02845,7
P01232,A02846,9
P01233,A01176,3
P01233,A02847,1
P01233,A02848,2
P01234,A02849,1
P01234,A02850,2
P01234,A02851,3
P01234,A02852,4
P01234,A02853,5
P01234,A02854,6
P01234,A02855,7
P01234,A02856,8
P01234,A02857,9
P01234,A02858,10
P01234,A02859,11
P01234,A02860,12
P01234,A02861,13
P01234,A02862,14
P01235,A00104,3
P01235,A00511,2
P01235,A00814,4
P01235,A00824,5
P01235,A02308,1
P01236,A00421,1
P01236,A00562,3
P01236,A00614,12
P01236,A00735,13
P01236,A00892,14
P01236,A00950,10
P01236,A01268,5
P01236,A01447,11
P01236,A02253,6
P01236,A02300,15
P01236,A02302,16
P01236,A02303,17
P01236,A02479,7
P01236,A02759,2
P01236,A02863,4
P01236,A02864,8
P01236,A02865,9
P01236,A02866,18
P01236,A02867,19
P01237,A01227,3
P01237,A01292,4
P01237,A01418,2
P01237,A02413,1
P01238,A01014,6
P01238,A02161,4
P01238,A02868,1
P01238,A02869,2
P01238,A02870,3
P01238,A02871,5
P01239,A00529,17
P01239,A00656,19
P01239,A00667,9
P01239,A00677,5
P01239,A01014,20
P01239,A01327,8
P01239,A01468,3
P01239,A01974,1
P01239,A02133,15
P01239,A02139,4
P01239,A02157,11
P01239,A02166,13
P01239,A02193,6
P01239,A02328,10
P01239,A02791,18
P01239,A02872,2
P01239,A02873,7
P01239,A02874,12
P01239,A02875,14
P01239,A02876,16
P01240,A01442,8
P01240,A01443,6
P01240,A02877,1
P01240,A02878,2
P01240,A02879,3
P01240,A02880,4
P01240,A02881,5
P01240,A02882,7
P01240,A02883,9
P01241,A00612,1
P01241,A00614,3
P01241,A00805,6
P01241,A00823,11
P01241,A00922,8
P01241,A01447,4
P01241,A01676,10
P01241,A01978,7
P01241,A02540,13
P01241,A02884,2
P01241,A02885,5
P01241,A02886,9
P01241,A02887,12
P01241,A02888,14
P01242,A02889,1
P01242,A02890,2
P01242,A02891,3
P01243,A00629,1
P01243,A02623,3
P01243,A02825,2
P01244,A00033,4
P01244,A00890,6
P01244,A01237,2
P01244,A01534,7
P01244,A02097,1
P01244,A02892,3
P01244,A02893,5
P01245,A00614,5
P01245,A01447,4
P01245,A02894,1
P01245,A02895,2
P01245,A02896,3
P01246,A00018,3
P01246,A02897,1
P01246,A02898,2
P01246,A02899,4
P01247,A00124,1
P01247,A00788,2
P01247,A00805,3
P01248,A00756,8
P01248,A01047,5
P01248,A01264,6
P01248,A01560,7
P01248,A02166,2
P01248,A02900,1
P01248,A02901,3
P01248,A02902,4
P01249,A00431,6
P01249,A00614,3
P01249,A00754,9
P01249,A00756,8
P01249,A00805,16
P01249,A00848,2
P01249,A00849,12
P01249,A00905,5
P01249,A01050,13
P01249,A01181,10
P01249,A01325,1
P01249,A01327,7
P01249,A01978,14
P01249,A01984,15
P01249,A02416,4
P01249,A02732,11
P01249,A02903,17
P01250,A00006,3
P01250,A00046,5
P01250,A00558,1
P01250,A00670,4
P01250,A01528,2
P01251,A00104,3
P01251,A00511,1
P01251,A01650,4
P01251,A02308,2
P01252,A00345,3
P01252,A01907,2
P01252,A02904,1
P01253,A00299,3
P01253,A00541,2
P01253,A00814,1
P01253,A02905,4
P01254,A00570,4
P01254,A00702,5
P01254,A01233,1
P01254,A01447,2
P01254,A01829,6
P01254,A02906,3
P01255,A00649,11
P01255,A00805,7
P01255,A00819,6
P01255,A00828,13
P01255,A00992,8
P01255,A01100,10
P01255,A01982,12
P01255,A02197,9
P01255,A02222,2
P01255,A02223,3
P01255,A02224,4
P01255,A02809,1
P01255,A02907,5
P01256,A00506,1
P01256,A00770,6
P01256,A01475,7
P01256,A01678,3
P01256,A01769,4
P01256,A02145,2
P01256,A02600,5
P01257,A00523,10
P01257,A00614,5
P01257,A00805,4
P01257,A00819,2
P01257,A01050,9
P01257,A01233,7
P01257,A01447,6
P01257,A01979,8
P01257,A02600,3
P01257,A02657,1
P01258,A02908,1
P01258,A02909,2
P01258,A02910,3
P01258,A02911,4
P01259,A00066,10
P01259,A02912,1
P01259,A02913,2
P01259,A02914,3
P01259,A02915,4
P01259,A02916,5
P01259,A02917,6
P01259,A02918,7
P01259,A02919,8
P01259,A02920,9
P01259,A02921,11
P01259,A02922,12
P01259,A02923,13
P01259,A02924,14
P01259,A02925,15
P01259,A02926,16
P01259,A02927,17
P01259,A02928,18
P01259,A02929,19
P01259,A02930,20
P01260,A00447,3
P01260,A00952,2
P01260,A02931,1
P01260,A02932,4
P01260,A02933,5
P01261,A02425,2
P01261,A02474,1
P01262,A00440,1
P01262,A00805,2
P01262,A00828,3
P01262,A01100,5
P01262,A02197,4
P01263,A00029,12
P01263,A00077,5
P01263,A00485,6
P01263,A00650,11
P01263,A00677,4
P01263,A02126,1
P01263,A02778,3
P01263,A02779,7
P01263,A02780,8
P01263,A02781,2
P01263,A02782,9
P01263,A02934,10
P01264,A00723,3
P01264,A00865,4
P01264,A01299,2
P01264,A02034,1
P01265,A00723,4
P01265,A01299,1
P01265,A01404,3
P01265,A02034,2
P01266,A00196,2
P01266,A02935,1
P01267,A01176,2
P01267,A02936,1
P01268,A00018,3
P01268,A01498,1
P01268,A02937,2
P01269,A01176,2
P01269,A02938,1
P01270,A00657,5
P01270,A01842,2
P01270,A02010,6
P01270,A02638,3
P01270,A02939,1
P01270,A02940,4
P01271,A00614,3
P01271,A01448,6
P01271,A02047,7
P01271,A02124,1
P01271,A02125,2
P01271,A02288,4
P01271,A02941,5
P01272,A02942,1
P01272,A02943,2
P01272,A02944,3
P01272,A02945,4
P01272,A02946,5
P01273,A00440,2
P01273,A00487,5
P01273,A00676,4
P01273,A00696,3
P01273,A02947,1
P01274,A00345,4
P01274,A01067,2
P01274,A02642,1
P01274,A02643,3
P01275,A00805,4
P01275,A00833,5
P01275,A02948,1
P01275,A02949,2
P01275,A02950,3
P01275,A02951,6
P01275,A02952,7
P01276,A00098,6
P01276,A00290,9
P01276,A00614,4
P01276,A00805,5
P01276,A00819,1
P01276,A00843,10
P01276,A02600,2
P01276,A02658,7
P01276,A02659,8
P01276,A02953,3
P01277,A01383,5
P01277,A01438,8
P01277,A01443,11
P01277,A02954,1
P01277,A02955,2
P01277,A02956,3
P01277,A02957,4
P01277,A02958,6
P01277,A02959,7
P01277,A02960,9
P01277,A02961,10
P01278,A00843,1
P01278,A00844,2
P01278,A00849,4
P01278,A02291,5
P01278,A02407,3
P01279,A00735,6
P01279,A01352,3
P01279,A01417,4
P01279,A02962,1
P01279,A02963,2
P01279,A02964,5
P01280,A00490,2
P01280,A00815,1
P01281,A01776,2
P01281,A02965,1
P01281,A02966,3
P01281,A02967,4
P01282,A00029,5
P01282,A01212,1
P01282,A01437,4
P01282,A02467,2
P01282,A02968,3
P01283,A00819,5
P01283,A01060,4
P01283,A01604,1
P01283,A02363,3
P01283,A02809,6
P01283,A02969,2
P01284,A00108,1
P01284,A00144,2
P01285,A00622,1
P01285,A02970,2
P01285,A02971,3
P01286,A00231,6
P01286,A00345,2
P01286,A00429,1
P01286,A01126,5
P01286,A02972,3
P01286,A02973,4
P01286,A02974,7
P01287,A02975,1
P01287,A02976,2
P01287,A02977,3
P01287,A02978,4
P01287,A02979,5
P01288,A00272,2
P01288,A00795,3
P01288,A02762,1
P01289,A00290,6
P01289,A00802,3
P01289,A00819,2
P01289,A01014,4
P01289,A01716,1
P01289,A02980,5
P01290,A00670,3
P01290,A00801,2
P01290,A00992,5
P01290,A02185,4
P01290,A02981,1
P01291,A00030,3
P01291,A00041,1
P01291,A02982,2
P01291,A02983,4
P01292,A02984,1
P01292,A02985,2
P01292,A02986,3
P01293,A00614,4
P01293,A00805,2
P01293,A01383,9
P01293,A01926,8
P01293,A02146,6
P01293,A02824,3
P01293,A02987,1
P01293,A02988,5
P01293,A02989,7
P01294,A00714,4
P01294,A01596,1
P01294,A01797,2
P01294,A02218,6
P01294,A02464,5
P01294,A02990,3
P01295,A00293,5
P01295,A00877,2
P01295,A01227,1
P01295,A01991,4
P01295,A02619,3
P01295,A02620,6
P01295,A02621,7
P01296,A02482,3
P01296,A02483,1
P01296,A02732,7
P01296,A02991,2
P01296,A02992,4
P01296,A02993,5
P01296,A02994,6
P01296,A02995,8
P01297,A00276,3
P01297,A02996,1
P01297,A02997,2
P01297,A02998,4
P01298,A00723,3
P01298,A00865,5
P01298,A01299,2
P01298,A01752,6
P01298,A02034,1
P01298,A02411,4
P01299,A00432,5
P01299,A01227,3
P01299,A01418,2
P01299,A02413,1
P01299,A02999,4
P01300,A01507,2
P01300,A02969,1
P01301,A00520,6
P01301,A00723,4
P01301,A00805,3
P01301,A01475,2
P01301,A01532,5
P01301,A03000,1
P01302,A03001,1
P01302,A03002,2
P01302,A03003,3
P01302,A03004,4
P01303,A03005,1
P01303,A03006,2
P01303,A03007,3
P01303,A03008,4
P01304,A00224,7
P01304,A00670,6
P01304,A00805,4
P01304,A00827,9
P01304,A00828,8
P01304,A02294,5
P01304,A02824,1
P01304,A02987,2
P01304,A03009,3
P01305,A00268,1
P01305,A01954,3
P01305,A02516,2
P01305,A02517,4
P01306,A00529,9
P01306,A01532,5
P01306,A01560,4
P01306,A02193,1
P01306,A03010,2
P01306,A03011,3
P01306,A03012,6
P01306,A03013,7
P01306,A03014,8
P01307,A00221,3
P01307,A01406,2
P01307,A01408,4
P01307,A03015,1
P01308,A00006,3
P01308,A00709,5
P01308,A00994,6
P01308,A01288,1
P01308,A01832,2
P01308,A03016,4
P01309,A02489,1
P01309,A02823,3
P01309,A03017,2
P01309,A03018,4
P01309,A03019,5
P01309,A03020,6
P01310,A00230,2
P01310,A00233,4
P01310,A01760,5
P01310,A03021,1
P01310,A03022,3
P01311,A00079,2
P01311,A00266,3
P01311,A00290,4
P01311,A01429,1
P01312,A03023,1
P01312,A03024,2
P01312,A03025,3
P01312,A03026,4
P01312,A03027,5
P01312,A03028,6
P01312,A03029,7
P01312,A03030,8
P01312,A03031,9
P01312,A03032,10
P01312,A03033,11
P01312,A03034,12
P01312,A03035,13
P01312,A03036,14
P01312,A03037,15
P01312,A03038,16
P01312,A03039,17
P01312,A03040,18
P01312,A03041,19
P01312,A03042,20
P01313,A00130,5
P01313,A00266,2
P01313,A00431,4
P01313,A00905,1
P01313,A01642,3
P01314,A00629,1
P01315,A03043,1
P01316,A00104,3
P01316,A00511,2
P01316,A00824,4
P01316,A02308,1
P01317,A00570,4
P01317,A00819,3
P01317,A02600,2
P01317,A03044,1
P01318,A00087,5
P01318,A00290,2
P01318,A00431,6
P01318,A01227,3
P01318,A01991,4
P01318,A02619,1
P01319,A00431,5
P01319,A02789,2
P01319,A03045,1
P01319,A03046,3
P01319,A03047,4
P01320,A00079,7
P01320,A00290,3
P01320,A00862,8
P01320,A01122,5
P01320,A01469,2
P01320,A02259,4
P01320,A03048,1
P01320,A03049,6
P01321,A00133,3
P01321,A00276,2
P01321,A03050,1
P01322,A00614,2
P01322,A00798,1
P01322,A03051,3
P01322,A03052,4
P01323,A03053,1
P01323,A03054,2
P01323,A03055,3
P01323,A03056,4
P01324,A00196,2
P01324,A03057,1
P01325,A03058,1
P01325,A03059,2
P01325,A03060,3
P01325,A03061,4
P01326,A01365,7
P01326,A01970,6
P01326,A03062,1
P01326,A03063,2
P01326,A03064,3
P01326,A03065,4
P01326,A03066,5
P01326,A03067,8
P01327,A00964,3
P01327,A01604,2
P01327,A02296,1
P01327,A03068,4
P01328,A01058,8
P01328,A01299,3
P01328,A01744,1
P01328,A01745,2
P01328,A03069,4
P01328,A03070,5
P01328,A03071,6
P01328,A03072,7
P01329,A00124,1
P01330,A03073,1
P01331,A00266,4
P01331,A00716,2
P01331,A00805,3
P01331,A00905,5
P01331,A02464,1
P01331,A02693,6
P01331,A03074,7
P01332,A00735,4
P01332,A03075,1
P01332,A03076,2
P01332,A03077,3
P01332,A03078,5
P01333,A00069,2
P01333,A00206,12
P01333,A00211,11
P01333,A00215,13
P01333,A00216,19
P01333,A00499,9
P01333,A01836,4
P01333,A02565,10
P01333,A03079,1
P01333,A03080,3
P01333,A03081,5
P01333,A03082,6
P01333,A03083,7
P01333,A03084,8
P01333,A03085,14
P01333,A03086,15
P01333,A03087,16
P01333,A03088,17
P01333,A03089,18
P01333,A03090,20
P01334,A01739,3
P01334,A01766,4
P01334,A03091,1
P01334,A03092,2
P01334,A03093,5
P01334,A03094,6
P01334,A03095,7
P01335,A00972,3
P01335,A01404,4
P01335,A01744,2
P01335,A01745,1
P01335,A01751,6
P01335,A03072,5
P01336,A00069,2
P01336,A00206,12
P01336,A00211,11
P01336,A00215,13
P01336,A00216,19
P01336,A00499,9
P01336,A01836,4
P01336,A02565,10
P01336,A03079,1
P01336,A03080,3
P01336,A03081,5
P01336,A03082,6
P01336,A03083,7
P01336,A03084,8
P01336,A03085,14
P01336,A03086,15
P01336,A03087,16
P01336,A03088,17
P01336,A03089,18
P01336,A03090,20
P01337,A02011,1
P01337,A03096,2
P01338,A00614,6
P01338,A00805,5
P01338,A00819,1
P01338,A01067,7
P01338,A02146,4
P01338,A02600,2
P01338,A02657,3
P01339,A00657,5
P01339,A00925,3
P01339,A01406,1
P01339,A01408,4
P01339,A02592,2
P01340,A03097,1
P01340,A03098,2
P01340,A03099,3
P01340,A03100,4
P01340,A03101,5
P01341,A00614,6
P01341,A00805,7
P01341,A01233,3
P01341,A01988,4
P01341,A02146,8
P01341,A02185,1
P01341,A02981,5
P01341,A02988,2
P01342,A00349,2
P01342,A01212,4
P01342,A02382,1
P01342,A03102,3
P01342,A03103,5
P01342,A03104,6
P01343,A00570,8
P01343,A01233,2
P01343,A01447,7
P01343,A01678,4
P01343,A02715,1
P01343,A03105,3
P01343,A03106,5
P01343,A03107,6
P01343,A03108,9
P01344,A00440,4
P01344,A00447,13
P01344,A00696,1
P01344,A00867,3
P01344,A01297,14
P01344,A01973,17
P01344,A02157,12
P01344,A02210,6
P01344,A02213,21
P01344,A02947,10
P01344,A03010,20
P01344,A03109,2
P01344,A03110,5
P01344,A03111,7
P01344,A03112,8
P01344,A03113,9
P01344,A03114,11
P01344,A03115,15
P01344,A03116,16
P01344,A03117,18
P01344,A03118,19
P01344,A03119,22
P01345,A00033,4
P01345,A00440,3
P01345,A00805,6
P01345,A01834,1
P01345,A02224,5
P01345,A02292,2
P01346,A00440,9
P01346,A00676,8
P01346,A00696,2
P01346,A01635,3
P01346,A01973,6
P01346,A03117,11
P01346,A03120,1
P01346,A03121,4
P01346,A03122,5
P01346,A03123,7
P01346,A03124,10
P01346,A03125,12
P01346,A03126,13
P01347,A00221,2
P01347,A00545,8
P01347,A00670,11
P01347,A00805,6
P01347,A01100,7
P01347,A01152,4
P01347,A01838,3
P01347,A01927,9
P01347,A02288,1
P01347,A03127,5
P01347,A03128,10
P01348,A01744,1
P01348,A01745,2
P01348,A01750,6
P01348,A01751,5
P01348,A02055,4
P01348,A02554,7
P01348,A03129,3
P01349,A00614,4
P01349,A01447,3
P01349,A03130,1
P01349,A03131,2
P01350,A03132,1
P01350,A03133,2
P01350,A03134,3
P01350,A03135,4
P01350,A03136,5
P01350,A03137,6
P01350,A03138,7
P01350,A03139,8
P01350,A03140,9
P01350,A03141,10
P01350,A03142,11
P01350,A03143,12
P01350,A03144,13
P01350,A03145,14
P01350,A03146,15
P01350,A03147,16
P01350,A03148,17
P01350,A03149,18
P01350,A03150,19
P01350,A03151,20
P01350,A03152,21
P01350,A03153,22
P01351,A01911,2
P01351,A03154,1
P01352,A03155,1
P01352,A03156,2
P01353,A00170,8
P01353,A00793,3
P01353,A01317,1
P01353,A02144,4
P01353,A02786,10
P01353,A03157,2
P01353,A03158,5
P01353,A03159,6
P01353,A03160,7
P01353,A03161,9
P01354,A00614,4
P01354,A00819,3
P01354,A02600,2
P01354,A03162,1
P01355,A03163,1
P01355,A03164,2
P01355,A03165,3
P01356,A00130,3
P01356,A01773,1
P01356,A03166,2
P01356,A03167,4
P01357,A00614,5
P01357,A00805,4
P01357,A00819,2
P01357,A01067,3
P01357,A01676,6
P01357,A02183,7
P01357,A02600,1
P01357,A03168,8
P01358,A00629,2
P01358,A02341,3
P01358,A03169,1
P01359,A00526,1
P01359,A00770,3
P01359,A03170,2
P01360,A00843,2
P01360,A00844,1
P01360,A02125,4
P01360,A02563,3
P01361,A00299,2
P01361,A00824,3
P01361,A00999,4
P01361,A02843,1
P01362,A00670,3
P01362,A00801,2
P01362,A01307,5
P01362,A02185,4
P01362,A02981,1
P01363,A00298,7
P01363,A00421,8
P01363,A00562,1
P01363,A00849,2
P01363,A02125,3
P01363,A02241,6
P01363,A02244,9
P01363,A02407,4
P01363,A02844,5
P01363,A02845,10
P01364,A00723,2
P01364,A00865,5
P01364,A00973,8
P01364,A01299,1
P01364,A01499,4
P01364,A01615,6
P01364,A02034,3
P01364,A02650,7
P01365,A01507,2
P01365,A02363,3
P01365,A03171,1
P01366,A00018,2
P01366,A03172,1
P01366,A03173,3
P01367,A00018,4
P01367,A03174,1
P01367,A03175,2
P01367,A03176,3
P01368,A00570,3
P01368,A01233,2
P01368,A01447,4
P01368,A01829,1
P01369,A00627,4
P01369,A00716,2
P01369,A01314,16
P01369,A01325,20
P01369,A01988,15
P01369,A02411,19
P01369,A02534,9
P01369,A02955,11
P01369,A03177,1
P01369,A03178,3
P01369,A03179,5
P01369,A03180,6
P01369,A03181,7
P01369,A03182,8
P01369,A03183,10
P01369,A03184,12
P01369,A03185,13
P01369,A03186,14
P01369,A03187,17
P01369,A03188,18
P01370,A00298,4
P01370,A00562,2
P01370,A02240,3
P01370,A02241,1
P01370,A02242,5
P01371,A01028,1
P01372,A00614,9
P01372,A01308,3
P01372,A01678,8
P01372,A02464,4
P01372,A02600,7
P01372,A03189,1
P01372,A03190,2
P01372,A03191,5
P01372,A03192,6
P01373,A01064,3
P01373,A02289,4
P01373,A02360,10
P01373,A03193,1
P01373,A03194,2
P01373,A03195,5
P01373,A03196,6
P01373,A03197,7
P01373,A03198,8
P01373,A03199,9
P01374,A00541,2
P01374,A01604,1
P01374,A02296,3
P01375,A03200,1
P01375,A03201,2
P01375,A03202,3
P01375,A03203,4
P01375,A03204,5
P01375,A03205,6
P01375,A03206,7
P01375,A03207,8
P01375,A03208,9
P01375,A03209,10
P01376,A03210,1
P01376,A03211,2
P01376,A03212,3
P01376,A03213,4
P01377,A03214,1
P01377,A03215,2
P01378,A00266,2
P01378,A02416,1
P01379,A00844,3
P01379,A02124,1
P01379,A03168,2
P01379,A03216,4
P01379,A03217,5
P01380,A00570,3
P01380,A00972,1
P01380,A00973,2
P01380,A01641,5
P01380,A03218,4
P01381,A00440,9
P01381,A00545,8
P01381,A00805,6
P01381,A00827,13
P01381,A01473,2
P01381,A01927,7
P01381,A01928,11
P01381,A02331,12
P01381,A02342,5
P01381,A02345,3
P01381,A02346,14
P01381,A02742,1
P01381,A03219,4
P01381,A03220,10
P01382,A00087,4
P01382,A00290,3
P01382,A00448,6
P01382,A00701,8
P01382,A00862,7
P01382,A01236,9
P01382,A01469,2
P01382,A02259,1
P01382,A03049,5
P01382,A03221,10
P01382,A03222,11
P01383,A00440,2
P01383,A00676,1
P01384,A00788,4
P01384,A00827,3
P01384,A01272,1
P01384,A01297,10
P01384,A01929,16
P01384,A01984,15
P01384,A03223,2
P01384,A03224,5
P01384,A03225,6
P01384,A03226,7
P01384,A03227,8
P01384,A03228,9
P01384,A03229,11
P01384,A03230,12
P01384,A03231,13
P01384,A03232,14
P01384,A03233,17
P01385,A03234,1
P01385,A03235,2
P01385,A03236,3
P01385,A03237,4
P01385,A03238,5
P01385,A03239,6
P01385,A03240,7
P01386,A00805,4
P01386,A01383,5
P01386,A02600,2
P01386,A02824,3
P01386,A02987,1
P01386,A02989,6
P01387,A03241,1
P01387,A03242,2
P01387,A03243,3
P01387,A03244,4
P01388,A00452,6
P01388,A02226,1
P01388,A02229,5
P01388,A03087,2
P01388,A03088,4
P01388,A03245,3
P01389,A00142,2
P01389,A00145,3
P01389,A01760,5
P01389,A03021,4
P01389,A03246,1
P01390,A00612,2
P01390,A00614,6
P01390,A00805,5
P01390,A00819,3
P01390,A00823,7
P01390,A02657,4
P01390,A02884,1
P01390,A02887,8
P01391,A00124,2
P01391,A00788,3
P01391,A02015,1
P01392,A00701,2
P01392,A03247,1
P01393,A01308,7
P01393,A01477,3
P01393,A01678,2
P01393,A02042,6
P01393,A02600,4
P01393,A02652,8
P01393,A02841,1
P01393,A03074,9
P01393,A03248,5
P01394,A03249,1
P01394,A03250,2
P01394,A03251,3
P01395,A00670,5
P01395,A00805,4
P01395,A00819,2
P01395,A00828,8
P01395,A01050,7
P01395,A01924,6
P01395,A03252,1
P01395,A03253,3
P01396,A03254,1
P01396,A03255,2
P01397,A03256,1
P01397,A03257,2
P01398,A01678,6
P01398,A01915,5
P01398,A02601,4
P01398,A02839,3
P01398,A03258,1
P01398,A03259,2
P01399,A03260,1
P01399,A03261,2
P01399,A03262,3
P01399,A03263,4
P01399,A03264,5
P01400,A03265,1
P01400,A03266,2
P01400,A03267,3
P01400,A03268,4
P01400,A03269,5
P01400,A03270,6
P01401,A00124,5
P01401,A00221,2
P01401,A01838,3
P01401,A01840,4
P01401,A02708,1
P01402,A00614,2
P01402,A00798,1
P01402,A03051,3
P01402,A03052,4
P01403,A00272,2
P01403,A00795,3
P01403,A02762,1
P01404,A00507,5
P01404,A00723,2
P01404,A00770,7
P01404,A00865,6
P01404,A01057,4
P01404,A01299,3
P01404,A02034,1
P01404,A03271,8
P01405,A00570,5
P01405,A00732,6
P01405,A00805,4
P01405,A00819,2
P01405,A01067,3
P01405,A02600,1
P01405,A03272,7
P01406,A00266,1
P01406,A01389,3
P01406,A03273,2
P01407,A01567,2
P01407,A03274,1
P01407,A03275,3
P01408,A00541,2
P01408,A00562,3
P01408,A00843,4
P01408,A03276,1
P01409,A00541,3
P01409,A02297,1
P01409,A02690,2
P01410,A03277,1
P01410,A03278,2
P01410,A03279,3
P01411,A00541,1
P01411,A00843,3
P01411,A00849,2
P01411,A02125,4
P01411,A03280,5
P01412,A00006,2
P01412,A02066,1
P01413,A03281,1
P01413,A03282,2
P01413,A03283,3
P01414,A03284,1
P01414,A03285,2
P01414,A03286,3
P01415,A02425,2
P01415,A02488,1
P01415,A02489,3
P01416,A00629,1
P01416,A03287,2
P01417,A01678,5
P01417,A01917,2
P01417,A02602,4
P01417,A03286,3
P01417,A03288,1
P01418,A00671,3
P01418,A01028,1
P01418,A03289,2
P01419,A00299,4
P01419,A00849,5
P01419,A02122,7
P01419,A02125,8
P01419,A02659,9
P01419,A02906,6
P01419,A03290,1
P01419,A03291,2
P01419,A03292,3
P01420,A02028,5
P01420,A02071,2
P01420,A02072,3
P01420,A02102,4
P01420,A02113,6
P01420,A02787,7
P01420,A03293,1
P01421,A03294,1
P01421,A03295,2
P01422,A01821,5
P01422,A02290,2
P01422,A03296,1
P01422,A03297,3
P01422,A03298,4
P01423,A02975,1
P01423,A02976,2
P01423,A02977,3
P01423,A02978,4
P01424,A02975,1
P01424,A02976,2
P01424,A02977,3
P01424,A02978,4
P01424,A02979,5
P01424,A03299,6
P01425,A03300,1
P01425,A03301,2
P01425,A03302,3
P01425,A03303,4
P01425,A03304,5
P01425,A03305,6
P01426,A00448,2
P01426,A02490,1
P01427,A01402,2
P01427,A03306,1
P01427,A03307,3
P01427,A03308,4
P01428,A02319,7
P01428,A03290,5
P01428,A03309,1
P01428,A03310,2
P01428,A03311,3
P01428,A03312,4
P01428,A03313,6
P01428,A03314,8
P01428,A03315,9
P01428,A03316,10
P01429,A00486,2
P01429,A00533,3
P01429,A02655,1
P01430,A00431,7
P01430,A00725,6
P01430,A01550,4
P01430,A01551,2
P01430,A03317,1
P01430,A03318,3
P01430,A03319,5
P01430,A03320,8
P01430,A03321,9
P01431,A00130,1
P01431,A02611,3
P01431,A03322,2
P01431,A03323,4
P01432,A00006,2
P01432,A00259,3
P01432,A03324,1
P01433,A02425,2
P01433,A02935,1
P01434,A00723,7
P01434,A00731,4
P01434,A00865,6
P01434,A01299,1
P01434,A01404,2
P01434,A01499,5
P01434,A02034,3
P01435,A03325,1
P01435,A03326,2
P01435,A03327,3
P01435,A03328,4
P01435,A03329,5
P01435,A03330,6
P01436,A03331,1
P01436,A03332,2
P01436,A03333,3
P01436,A03334,4
P01436,A03335,5
P01436,A03336,6
P01436,A03337,7
P01437,A01443,5
P01437,A01987,7
P01437,A03338,1
P01437,A03339,2
P01437,A03340,3
P01437,A03341,4
P01437,A03342,6
P01438,A00003,6
P01438,A00013,1
P01438,A00068,16
P01438,A00147,14
P01438,A00179,11
P01438,A01378,10
P01438,A01547,3
P01438,A03343,2
P01438,A03344,4
P01438,A03345,5
P01438,A03346,7
P01438,A03347,8
P01438,A03348,9
P01438,A03349,12
P01438,A03350,13
P01438,A03351,15
P01439,A00440,5
P01439,A00805,4
P01439,A01100,6
P01439,A01734,7
P01439,A02711,2
P01439,A03352,1
P01439,A03353,3
P01440,A00447,2
P01440,A00805,5
P01440,A02222,3
P01440,A03354,1
P01440,A03355,4
P01441,A00196,4
P01441,A02489,5
P01441,A02686,1
P01441,A02687,3
P01441,A02688,2
P01442,A00066,6
P01442,A00614,5
P01442,A00718,4
P01442,A01596,1
P01442,A03356,2
P01442,A03357,3
P01442,A03358,7
P01443,A00421,1
P01443,A00562,2
P01443,A02241,3
P01443,A03359,4
P01444,A00768,1
P01444,A01003,5
P01444,A03360,2
P01444,A03361,3
P01444,A03362,4
P01444,A03363,6
P01444,A03364,7
P01444,A03365,8
P01444,A03366,9
P01445,A00723,2
P01445,A00770,8
P01445,A00865,5
P01445,A01299,4
P01445,A01499,1
P01445,A01615,7
P01445,A02034,3
P01445,A02650,6
P01446,A00991,4
P01446,A02314,3
P01446,A02817,1
P01446,A03367,2
P01446,A03368,5
P01447,A00130,1
P01447,A00474,2
P01447,A00605,3
P01447,A01028,5
P01447,A02289,6
P01447,A02895,4
P01448,A00541,2
P01448,A00951,5
P01448,A01604,3
P01448,A03369,1
P01448,A03370,4
P01449,A00066,8
P01449,A00614,4
P01449,A00631,9
P01449,A00723,5
P01449,A01447,3
P01449,A01915,2
P01449,A02082,6
P01449,A02124,1
P01449,A02125,7
P01450,A00006,2
P01450,A01288,1
P01450,A01832,3
P01451,A03371,1
P01451,A03372,2
P01451,A03373,3
P01451,A03374,4
P01451,A03375,5
P01451,A03376,6
P01451,A03377,7
P01451,A03378,8
P01452,A00087,6
P01452,A00290,2
P01452,A00814,3
P01452,A01227,5
P01452,A01821,7
P01452,A01991,4
P01452,A02619,1
P01452,A02743,8
P01453,A03379,1
P01453,A03380,2
P01454,A00470,3
P01454,A00814,2
P01454,A03381,1
P01455,A00447,3
P01455,A03382,1
P01455,A03383,2
P01455,A03384,4
P01456,A00447,3
P01456,A03382,1
P01456,A03383,2
P01456,A03384,4
P01457,A00087,6
P01457,A00290,3
P01457,A00814,2
P01457,A01227,4
P01457,A01991,5
P01457,A02619,1
P01457,A02743,7
P01458,A00417,1
P01458,A00840,2
P01459,A00614,3
P01459,A02042,2
P01459,A02046,1
P01460,A00006,2
P01460,A01831,1
P01461,A00629,1
P01461,A02825,2
P01462,A00426,1
P01463,A00421,1
P01463,A00562,5
P01463,A00614,19
P01463,A00735,8
P01463,A00950,17
P01463,A01268,7
P01463,A01447,18
P01463,A02252,15
P01463,A02253,14
P01463,A02280,3
P01463,A02300,12
P01463,A02303,13
P01463,A02759,11
P01463,A02863,6
P01463,A02864,10
P01463,A02865,20
P01463,A03374,2
P01463,A03385,4
P01463,A03386,9
P01463,A03387,16
P01464,A00670,10
P01464,A00805,9
P01464,A00819,1
P01464,A02067,6
P01464,A02362,8
P01464,A02809,2
P01464,A02953,7
P01464,A03252,3
P01464,A03388,4
P01464,A03389,5
P01465,A00995,4
P01465,A01233,2
P01465,A01447,3
P01465,A01678,5
P01465,A02657,1
P01466,A00068,2
P01466,A00136,3
P01466,A02408,4
P01466,A03390,1
P01467,A03391,1
P01467,A03392,2
P01467,A03393,3
P01467,A03394,4
P01468,A00029,4
P01468,A00079,6
P01468,A00266,5
P01468,A00776,7
P01468,A01122,1
P01468,A01218,8
P01468,A01320,2
P01468,A03395,3
P01469,A00440,4
P01469,A00805,6
P01469,A01927,9
P01469,A01931,10
P01469,A02222,2
P01469,A02224,3
P01469,A02742,8
P01469,A02809,7
P01469,A02839,1
P01469,A02907,5
P01470,A00723,5
P01470,A01299,1
P01470,A01404,4
P01470,A02034,2
P01470,A03396,3
P01471,A01176,2
P01471,A01923,3
P01471,A03397,1
P01472,A00972,2
P01472,A01744,3
P01472,A01745,1
P01472,A03398,4
P01473,A02425,3
P01473,A02488,2
P01473,A02489,4
P01473,A03399,1
P01474,A02906,2
P01474,A03400,1
P01474,A03401,3
P01475,A00006,3
P01475,A01288,1
P01475,A01832,2
P01476,A00570,5
P01476,A01678,4
P01476,A01981,8
P01476,A02600,2
P01476,A02885,3
P01476,A03402,1
P01476,A03403,6
P01476,A03404,7
P01477,A02352,2
P01477,A03405,1
P01478,A00622,2
P01478,A02683,1
P01479,A00296,4
P01479,A00349,2
P01479,A02382,1
P01479,A02757,3
P01480,A00716,4
P01480,A00717,2
P01480,A03406,1
P01480,A03407,3
P01481,A00298,4
P01481,A00562,2
P01481,A02240,3
P01481,A02906,5
P01481,A03408,1
P01482,A00614,7
P01482,A02685,2
P01482,A03409,1
P01482,A03410,3
P01482,A03411,4
P01482,A03412,5
P01482,A03413,6
P01482,A03414,8
P01483,A00824,11
P01483,A00877,6
P01483,A01227,12
P01483,A01300,5
P01483,A02789,4
P01483,A02792,9
P01483,A03046,10
P01483,A03415,1
P01483,A03416,2
P01483,A03417,3
P01483,A03418,7
P01483,A03419,8
P01484,A00290,3
P01484,A01227,2
P01484,A01991,4
P01484,A03221,5
P01484,A03418,1
P01484,A03420,6
P01484,A03421,7
P01485,A00081,8
P01485,A00622,11
P01485,A00723,1
P01485,A00795,7
P01485,A00865,12
P01485,A00973,15
P01485,A01073,4
P01485,A01299,6
P01485,A01309,9
P01485,A01499,10
P01485,A01752,13
P01485,A01772,2
P01485,A03422,3
P01485,A03423,5
P01485,A03424,14
P01486,A00614,3
P01486,A00805,4
P01486,A00819,1
P01486,A02600,2
P01487,A00028,2
P01487,A02610,4
P01487,A03425,1
P01487,A03426,3
P01488,A01320,3
P01488,A03427,1
P01488,A03428,2
P01488,A03429,4
P01488,A03430,5
P01488,A03431,6
P01489,A00570,8
P01489,A00965,6
P01489,A01417,4
P01489,A01477,2
P01489,A02656,1
P01489,A02885,7
P01489,A02906,3
P01489,A03432,5
P01490,A00964,6
P01490,A02599,5
P01490,A02743,3
P01490,A03068,1
P01490,A03433,2
P01490,A03434,4
P01491,A00494,7
P01491,A01641,5
P01491,A01744,1
P01491,A01745,3
P01491,A01751,9
P01491,A02554,10
P01491,A03069,4
P01491,A03071,2
P01491,A03129,8
P01491,A03435,6
P01492,A03371,1
P01492,A03436,2
P01492,A03437,3
P01493,A00133,4
P01493,A00300,2
P01493,A00301,1
P01493,A02228,3
P01494,A00006,2
P01494,A00046,1
P01494,A00160,3
P01495,A00124,2
P01495,A02012,1
P01495,A02013,5
P01495,A02014,8
P01495,A02015,3
P01495,A02017,7
P01495,A02018,9
P01495,A02019,10
P01495,A02020,14
P01495,A02021,12
P01495,A02022,13
P01495,A02024,6
P01495,A02025,16
P01495,A02740,4
P01495,A03438,11
P01495,A03439,15
P01495,A03440,17
P01496,A03441,1
P01496,A03442,2
P01496,A03443,3
P01496,A03444,4
P01496,A03445,5
P01497,A00195,1
P01497,A00196,3
P01497,A00198,4
P01497,A00439,2
P01497,A01418,5
P01497,A03446,6
P01498,A00426,7
P01498,A01064,3
P01498,A02289,1
P01498,A02594,5
P01498,A03048,4
P01498,A03447,2
P01498,A03448,6
P01499,A00421,2
P01499,A03385,1
P01499,A03449,3
P01500,A00421,1
P01500,A00562,6
P01500,A00950,8
P01500,A01447,7
P01500,A03221,5
P01500,A03385,2
P01500,A03418,4
P01500,A03450,3
P01501,A00735,5
P01501,A01268,2
P01501,A02280,4
P01501,A02863,1
P01501,A03451,3
P01501,A03452,6
P01502,A00018,4
P01502,A00268,3
P01502,A03174,2
P01502,A03175,1
P01503,A00447,3
P01503,A00803,2
P01503,A01028,1
P01504,A00523,8
P01504,A00570,5
P01504,A00732,6
P01504,A00805,4
P01504,A00819,2
P01504,A01981,7
P01504,A02600,1
P01504,A02657,3
P01505,A02813,2
P01505,A02814,5
P01505,A03433,3
P01505,A03434,1
P01505,A03453,4
P01505,A03454,6
P01505,A03455,7
P01505,A03456,8
P01506,A00272,2
P01506,A00795,3
P01506,A02762,1
P01507,A03457,1
P01507,A03458,2
P01507,A03459,3
P01507,A03460,4
P01508,A00520,2
P01508,A00716,4
P01508,A00805,8
P01508,A01383,3
P01508,A01532,6
P01508,A01989,10
P01508,A02464,7
P01508,A03461,1
P01508,A03462,5
P01508,A03463,9
P01509,A03464,1
P01509,A03465,2
P01509,A03466,3
P01510,A01176,2
P01510,A01923,3
P01510,A03467,1
P01511,A00517,2
P01511,A00991,3
P01511,A02277,1
P01512,A03468,1
P01512,A03469,2
P01512,A03470,3
P01513,A00622,2
P01513,A01299,4
P01513,A01832,1
P01513,A03471,3
P01514,A00670,1
P01514,A00835,5
P01514,A01528,2
P01514,A01834,3
P01514,A02122,6
P01514,A03472,4
P01515,A00130,5
P01515,A02464,4
P01515,A03011,2
P01515,A03180,3
P01515,A03473,1
P01516,A03474,1
P01516,A03475,2
P01516,A03476,3
P01517,A00001,2
P01517,A03477,1
P01517,A03478,3
P01517,A03479,4
P01518,A02408,6
P01518,A03480,1
P01518,A03481,2
P01518,A03482,3
P01518,A03483,4
P01518,A03484,5
P01519,A03485,1
P01519,A03486,2
P01519,A03487,3
P01520,A02490,1
P01520,A03488,2
P01520,A03489,3
P01521,A00843,2
P01521,A00844,1
P01521,A03490,3
P01521,A03491,4
P01522,A03492,1
P01522,A03493,2
P01522,A03494,3
P01522,A03495,4
P01522,A03496,5
P01522,A03497,6
P01523,A03498,1
P01523,A03499,2
P01523,A03500,3
P01523,A03501,4
P01523,A03502,5
P01523,A03503,6
P01524,A00797,2
P01524,A01226,3
P01524,A01716,5
P01524,A01818,1
P01524,A01982,6
P01524,A03504,4
P01525,A02425,4
P01525,A03397,3
P01525,A03505,1
P01525,A03506,2
P01526,A00068,2
P01526,A00620,1
P01527,A00629,2
P01527,A01784,1
P01527,A02424,3
P01527,A02425,4
P01528,A00130,2
P01528,A00673,1
P01528,A01027,9
P01528,A01028,8
P01528,A01077,10
P01528,A01108,4
P01528,A01212,3
P01528,A01365,14
P01528,A02157,11
P01528,A02259,13
P01528,A02467,6
P01528,A03448,15
P01528,A03507,5
P01528,A03508,7
P01528,A03509,12
P01529,A00471,9
P01529,A02789,5
P01529,A03046,2
P01529,A03415,7
P01529,A03416,3
P01529,A03419,6
P01529,A03510,1
P01529,A03511,4
P01529,A03512,8
P01530,A00877,7
P01530,A01417,2
P01530,A01477,3
P01530,A02656,1
P01530,A02906,4
P01530,A03418,6
P01530,A03432,5
P01531,A00670,2
P01531,A00805,4
P01531,A01233,1
P01531,A01528,3
P01532,A02600,3
P01532,A02656,1
P01532,A02885,2
P01533,A00046,3
P01533,A00081,6
P01533,A00087,5
P01533,A00290,4
P01533,A00306,7
P01533,A00819,1
P01533,A01031,2
P01534,A00964,6
P01534,A02599,5
P01534,A03068,2
P01534,A03433,3
P01534,A03434,1
P01534,A03513,4
P01535,A00124,7
P01535,A00221,1
P01535,A00998,5
P01535,A01840,3
P01535,A02217,4
P01535,A02268,6
P01535,A03514,2
P01536,A00506,2
P01536,A00874,1
P01537,A00802,2
P01537,A00912,6
P01537,A01681,1
P01537,A01716,5
P01537,A02774,4
P01537,A02775,7
P01537,A03515,3
P01537,A03516,8
P01537,A03517,9
P01537,A03518,10
P01538,A03519,1
P01538,A03520,2
P01538,A03521,3
P01539,A00801,6
P01539,A01065,7
P01539,A01122,3
P01539,A01841,5
P01539,A03522,1
P01539,A03523,2
P01539,A03524,4
P01539,A03525,8
P01540,A00290,4
P01540,A00431,7
P01540,A00871,2
P01540,A01227,5
P01540,A02619,3
P01540,A02743,1
P01540,A03526,6
P01541,A00723,6
P01541,A00805,2
P01541,A02179,5
P01541,A02223,3
P01541,A02601,7
P01541,A03248,1
P01541,A03527,4
P01541,A03528,8
P01542,A03529,1
P01542,A03530,2
P01542,A03531,3
P01542,A03532,4
P01543,A02975,3
P01543,A03533,1
P01543,A03534,2
P01544,A00124,17
P01544,A02012,1
P01544,A02013,3
P01544,A02014,5
P01544,A02015,18
P01544,A02017,16
P01544,A02018,13
P01544,A02019,12
P01544,A02020,8
P01544,A02021,10
P01544,A02022,11
P01544,A02024,2
P01544,A02740,4
P01544,A03438,9
P01544,A03535,6
P01544,A03536,7
P01544,A03537,14
P01544,A03538,15
P01544,A03539,19
P01545,A00526,1
P01545,A02084,3
P01545,A03540,2
P01546,A03380,2
P01546,A03541,1
P01547,A00018,2
P01547,A01213,1
P01548,A00614,5
P01548,A01447,4
P01548,A02894,1
P01548,A02895,2
P01548,A02896,3
P01548,A03542,6
P01549,A01320,2
P01549,A02606,5
P01549,A03543,1
P01549,A03544,3
P01549,A03545,4
P01550,A00028,3
P01550,A01569,1
P01550,A01571,2
P01550,A01572,4
P01550,A03546,5
P01550,A03547,6
P01551,A00440,2
P01551,A03548,1
P01551,A03549,3
P01551,A03550,4
P01552,A00541,5
P01552,A01439,4
P01552,A01442,3
P01552,A02297,1
P01552,A02490,6
P01552,A02690,2
P01552,A03551,7
P01553,A03552,1
P01553,A03553,2
P01553,A03554,3
P01553,A03555,4
P01553,A03556,5
P01553,A03557,6
P01553,A03558,7
P01553,A03559,8
P01554,A00006,2
P01554,A00447,3
P01554,A02051,1
P01555,A00421,1
P01555,A00562,4
P01555,A02760,3
P01555,A03560,2
P01556,A03561,1
P01556,A03562,2
P01556,A03563,3
P01557,A00494,3
P01557,A00614,4
P01557,A01614,5
P01557,A02895,2
P01557,A02896,6
P01557,A03542,1
P01558,A00542,6
P01558,A00614,3
P01558,A00805,5
P01558,A01233,1
P01558,A01447,4
P01558,A03564,2
P01559,A01067,2
P01559,A02642,1
P01560,A03565,1
P01560,A03566,2
P01560,A03567,3
P01560,A03568,4
P01561,A00622,2
P01561,A01288,1
P01562,A00570,5
P01562,A00732,6
P01562,A00805,4
P01562,A00819,2
P01562,A01067,3
P01562,A02183,7
P01562,A02600,1
P01562,A03168,8
P01563,A03208,7
P01563,A03569,1
P01563,A03570,2
P01563,A03571,3
P01563,A03572,4
P01563,A03573,5
P01563,A03574,6
P01563,A03575,8
P01563,A03576,9
P01563,A03577,10
P01563,A03578,11
P01563,A03579,12
P01563,A03580,13
P01563,A03581,14
P01563,A03582,15
P01563,A03583,16
P01563,A03584,17
P01563,A03585,18
P01563,A03586,19
P01563,A03587,20
P01563,A03588,21
P01563,A03589,22
P01563,A03590,23
P01563,A03591,24
P01563,A03592,25
P01564,A00081,2
P01564,A00314,4
P01564,A00447,28
P01564,A00543,19
P01564,A00631,16
P01564,A00797,26
P01564,A00985,3
P01564,A01003,15
P01564,A01073,12
P01564,A01415,20
P01564,A01416,11
P01564,A01629,36
P01564,A01654,6
P01564,A01820,18
P01564,A01854,22
P01564,A02224,37
P01564,A02605,13
P01564,A02726,9
P01564,A03363,14
P01564,A03593,1
P01564,A03594,5
P01564,A03595,7
P01564,A03596,8
P01564,A03597,10
P01564,A03598,17
P01564,A03599,21
P01564,A03600,23
P01564,A03601,24
P01564,A03602,25
P01564,A03603,27
P01564,A03604,29
P01564,A03605,30
P01564,A03606,31
P01564,A03607,32
P01564,A03608,33
P01564,A03609,34
P01564,A03610,35
P01565,A00081,2
P01565,A00314,4
P01565,A00447,28
P01565,A00543,19
P01565,A00631,16
P01565,A00797,26
P01565,A00985,3
P01565,A01003,15
P01565,A01073,12
P01565,A01415,20
P01565,A01416,11
P01565,A01629,36
P01565,A01654,6
P01565,A01820,18
P01565,A01854,22
P01565,A02224,37
P01565,A02605,13
P01565,A02726,9
P01565,A03363,14
P01565,A03593,1
P01565,A03594,5
P01565,A03595,7
P01565,A03596,8
P01565,A03597,10
P01565,A03598,17
P01565,A03599,21
P01565,A03600,23
P01565,A03601,24
P01565,A03602,25
P01565,A03603,27
P01565,A03604,29
P01565,A03605,30
P01565,A03606,31
P01565,A03607,32
P01565,A03608,33
P01565,A03609,34
P01565,A03610,35
P01566,A02578,3
P01566,A03611,1
P01566,A03612,2
P01566,A03613,4
P01567,A03614,1
P01567,A03615,2
P01568,A00006,2
P01568,A02066,1
P01569,A03616,1
P01569,A03617,2
P01569,A03618,3
P01569,A03619,4
P01569,A03620,5
P01569,A03621,6
P01569,A03622,7
P01570,A00800,3
P01570,A03623,1
P01570,A03624,2
P01570,A03625,4
P01571,A00295,2
P01571,A01461,3
P01571,A03626,1
P01571,A03627,4
P01571,A03628,5
P01572,A00149,4
P01572,A00211,2
P01572,A00776,10
P01572,A01217,5
P01572,A01218,9
P01572,A03629,1
P01572,A03630,3
P01572,A03631,6
P01572,A03632,7
P01572,A03633,8
P01573,A00673,2
P01573,A00994,7
P01573,A01027,1
P01573,A01077,5
P01573,A03508,6
P01573,A03509,8
P01573,A03634,3
P01573,A03635,4
P01574,A00266,2
P01574,A00431,3
P01574,A01642,1
P01575,A02489,3
P01575,A03017,2
P01575,A03636,1
P01576,A00170,12
P01576,A00442,6
P01576,A00447,5
P01576,A00673,2
P01576,A00788,4
P01576,A00800,1
P01576,A00807,3
P01576,A00889,11
P01576,A01003,8
P01576,A03637,7
P01576,A03638,9
P01576,A03639,10
P01576,A03640,13
P01576,A03641,14
P01576,A03642,15
P01577,A01300,1
P01577,A01821,2
P01577,A02300,3
P01577,A02759,6
P01577,A03643,4
P01577,A03644,5
P01578,A00842,3
P01578,A03645,1
P01578,A03646,2
P01579,A00543,1
P01579,A01072,3
P01579,A01796,2
P01579,A03647,4
P01579,A03648,5
P01579,A03649,6
P01579,A03650,7
P01580,A00013,7
P01580,A00068,1
P01580,A00084,4
P01580,A00147,6
P01580,A00484,3
P01580,A03651,2
P01580,A03652,5
P01581,A02975,1
P01581,A02979,7
P01581,A03299,10
P01581,A03653,2
P01581,A03654,3
P01581,A03655,4
P01581,A03656,5
P01581,A03657,6
P01581,A03658,8
P01581,A03659,9
P01582,A00447,3
P01582,A02222,4
P01582,A03354,1
P01582,A03660,2
P01583,A01307,6
P01583,A01469,5
P01583,A02275,3
P01583,A02413,2
P01583,A03661,1
P01583,A03662,4
P01584,A01323,3
P01584,A02253,4
P01584,A02254,6
P01584,A02255,5
P01584,A02256,2
P01584,A03663,1
P01584,A03664,7
P01584,A03665,8
P01585,A00629,1
P01586,A00064,5
P01586,A00670,3
P01586,A00797,4
P01586,A01565,8
P01586,A02429,1
P01586,A02431,7
P01586,A03666,2
P01586,A03667,6
P01587,A00049,7
P01587,A00614,2
P01587,A01226,3
P01587,A01326,9
P01587,A01447,1
P01587,A01767,8
P01587,A03668,4
P01587,A03669,5
P01587,A03670,6
P01588,A00570,5
P01588,A00732,6
P01588,A00805,4
P01588,A00819,2
P01588,A02125,3
P01588,A02600,1
P01589,A00541,2
P01589,A03276,1
P01590,A00523,8
P01590,A00570,5
P01590,A00732,6
P01590,A00805,4
P01590,A00819,2
P01590,A01981,7
P01590,A02600,1
P01590,A02657,3
P01591,A01754,2
P01591,A01755,3
P01591,A03671,1
P01591,A03672,4
P01591,A03673,5
P01592,A02975,1
P01592,A02979,2
P01592,A03653,3
P01592,A03655,5
P01592,A03656,6
P01592,A03657,4
P01592,A03658,7
P01592,A03659,8
P01593,A00507,8
P01593,A00723,2
P01593,A00731,5
P01593,A00770,7
P01593,A01057,4
P01593,A01299,3
P01593,A01752,6
P01593,A02034,1
P01593,A03271,9
P01594,A00068,4
P01594,A01216,5
P01594,A01836,2
P01594,A03674,1
P01594,A03675,3
P01595,A00767,2
P01595,A00791,1
P01595,A01096,28
P01595,A01319,23
P01595,A01780,5
P01595,A01844,31
P01595,A02082,16
P01595,A02224,32
P01595,A03676,3
P01595,A03677,4
P01595,A03678,6
P01595,A03679,7
P01595,A03680,8
P01595,A03681,9
P01595,A03682,10
P01595,A03683,11
P01595,A03684,12
P01595,A03685,13
P01595,A03686,14
P01595,A03687,15
P01595,A03688,17
P01595,A03689,18
P01595,A03690,19
P01595,A03691,20
P01595,A03692,21
P01595,A03693,22
P01595,A03694,24
P01595,A03695,25
P01595,A03696,26
P01595,A03697,27
P01595,A03698,29
P01595,A03699,30
P01595,A03700,33
P01596,A00767,2
P01596,A00791,1
P01596,A01096,28
P01596,A01319,23
P01596,A01780,5
P01596,A01844,31
P01596,A02082,16
P01596,A02224,32
P01596,A03676,3
P01596,A03677,4
P01596,A03678,6
P01596,A03679,7
P01596,A03680,8
P01596,A03681,9
P01596,A03682,10
P01596,A03683,11
P01596,A03684,12
P01596,A03685,13
P01596,A03686,14
P01596,A03687,15
P01596,A03688,17
P01596,A03689,18
P01596,A03690,19
P01596,A03691,20
P01596,A03692,21
P01596,A03693,22
P01596,A03694,24
P01596,A03695,25
P01596,A03696,26
P01596,A03697,27
P01596,A03698,29
P01596,A03699,30
P01596,A03700,33
P01597,A00440,34
P01597,A00670,33
P01597,A00785,1
P01597,A00790,5
P01597,A00797,28
P01597,A00867,6
P01597,A00967,30
P01597,A00985,27
P01597,A01209,36
P01597,A01377,26
P01597,A01473,4
P01597,A01634,35
P01597,A01727,32
P01597,A01927,2
P01597,A01999,31
P01597,A02081,29
P01597,A02156,9
P01597,A02191,14
P01597,A02742,39
P01597,A03701,3
P01597,A03702,7
P01597,A03703,8
P01597,A03704,10
P01597,A03705,11
P01597,A03706,12
P01597,A03707,13
P01597,A03708,15
P01597,A03709,16
P01597,A03710,17
P01597,A03711,18
P01597,A03712,19
P01597,A03713,20
P01597,A03714,21
P01597,A03715,22
P01597,A03716,23
P01597,A03717,24
P01597,A03718,25
P01597,A03719,37
P01597,A03720,38
P01598,A00440,34
P01598,A00670,33
P01598,A00785,1
P01598,A00790,5
P01598,A00797,28
P01598,A00867,6
P01598,A00967,30
P01598,A00985,27
P01598,A01209,36
P01598,A01377,26
P01598,A01473,4
P01598,A01634,35
P01598,A01727,32
P01598,A01927,2
P01598,A01999,31
P01598,A02081,29
P01598,A02156,9
P01598,A02191,14
P01598,A02742,39
P01598,A03701,3
P01598,A03702,7
P01598,A03703,8
P01598,A03704,10
P01598,A03705,11
P01598,A03706,12
P01598,A03707,13
P01598,A03708,15
P01598,A03709,16
P01598,A03710,17
P01598,A03711,18
P01598,A03712,19
P01598,A03713,20
P01598,A03714,21
P01598,A03715,22
P01598,A03716,23
P01598,A03717,24
P01598,A03718,25
P01598,A03719,37
P01598,A03720,38
P01599,A00221,9
P01599,A01150,28
P01599,A01152,1
P01599,A01155,17
P01599,A01317,29
P01599,A02028,26
P01599,A02029,31
P01599,A02113,4
P01599,A02206,30
P01599,A02210,11
P01599,A02428,15
P01599,A02711,25
P01599,A02786,10
P01599,A02787,5
P01599,A03159,12
P01599,A03353,27
P01599,A03721,2
P01599,A03722,3
P01599,A03723,6
P01599,A03724,7
P01599,A03725,8
P01599,A03726,13
P01599,A03727,14
P01599,A03728,16
P01599,A03729,18
P01599,A03730,19
P01599,A03731,20
P01599,A03732,21
P01599,A03733,22
P01599,A03734,23
P01599,A03735,24
P01599,A03736,32
P01600,A02774,2
P01600,A03737,1
P01600,A03738,3
P01601,A00266,2
P01601,A00431,3
P01601,A01642,1
P01602,A03739,1
P01602,A03740,2
P01602,A03741,3
P01602,A03742,4
P01602,A03743,5
P01603,A00506,2
P01603,A00865,5
P01603,A01066,1
P01603,A02399,4
P01603,A03744,3
P01604,A00723,1
P01604,A00865,5
P01604,A01299,4
P01604,A01499,3
P01604,A02034,2
P01604,A03745,6
P01604,A03746,7
P01605,A02208,2
P01605,A02779,5
P01605,A02780,4
P01605,A02781,3
P01605,A03747,1
P01606,A00196,2
P01606,A02474,1
P01607,A00130,5
P01607,A00266,1
P01607,A00417,7
P01607,A00431,4
P01607,A00840,6
P01607,A00905,2
P01607,A02743,3
P01608,A00272,2
P01608,A01299,4
P01608,A01499,1
P01608,A01615,5
P01608,A02034,3
P01609,A00795,7
P01609,A02055,4
P01609,A03248,8
P01609,A03748,1
P01609,A03749,2
P01609,A03750,3
P01609,A03751,5
P01609,A03752,6
P01609,A03753,9
P01610,A00738,6
P01610,A00912,3
P01610,A01681,5
P01610,A03754,1
P01610,A03755,2
P01610,A03756,4
P01611,A00081,10
P01611,A00506,3
P01611,A00712,7
P01611,A00723,2
P01611,A00767,16
P01611,A00771,18
P01611,A00791,15
P01611,A00795,11
P01611,A00799,19
P01611,A01073,4
P01611,A01183,14
P01611,A01309,9
P01611,A01415,5
P01611,A02293,6
P01611,A03422,1
P01611,A03424,13
P01611,A03757,8
P01611,A03758,12
P01611,A03759,17
P01612,A03760,1
P01612,A03761,2
P01613,A02850,13
P01613,A02851,14
P01613,A02852,15
P01613,A03762,1
P01613,A03763,2
P01613,A03764,3
P01613,A03765,4
P01613,A03766,5
P01613,A03767,6
P01613,A03768,7
P01613,A03769,8
P01613,A03770,9
P01613,A03771,10
P01613,A03772,11
P01613,A03773,12
P01614,A00290,8
P01614,A00614,5
P01614,A00805,7
P01614,A00819,1
P01614,A01421,9
P01614,A01676,6
P01614,A02600,2
P01614,A03044,4
P01614,A03162,3
P01615,A01062,2
P01615,A02810,5
P01615,A03774,1
P01615,A03775,3
P01615,A03776,4
P01615,A03777,6
P01616,A03778,1
P01616,A03779,2
P01616,A03780,3
P01616,A03781,4
P01617,A03380,2
P01617,A03782,1
P01618,A03380,2
P01618,A03782,1
P01619,A03591,3
P01619,A03783,1
P01619,A03784,2
P01619,A03785,4
P01620,A00298,3
P01620,A03786,1
P01620,A03787,2
P01621,A00965,3
P01621,A03371,1
P01621,A03436,2
P01622,A03672,1
P01622,A03788,2
P01623,A00494,9
P01623,A01447,8
P01623,A01744,2
P01623,A01745,3
P01623,A02575,6
P01623,A03071,5
P01623,A03129,7
P01623,A03789,1
P01623,A03790,4
P01624,A03760,1
P01624,A03761,2
P01624,A03791,3
P01624,A03792,4
P01625,A02699,2
P01625,A03793,1
P01625,A03794,3
P01626,A00570,3
P01626,A02554,4
P01626,A02843,1
P01626,A03795,2
P01626,A03796,5
P01626,A03797,6
P01626,A03798,7
P01627,A00124,1
P01627,A00788,2
P01627,A03799,3
P01628,A00298,4
P01628,A00562,2
P01628,A02906,3
P01628,A03408,1
P01629,A00723,2
P01629,A01499,3
P01629,A02034,1
P01630,A01064,1
P01630,A01065,12
P01630,A02289,2
P01630,A03196,10
P01630,A03197,11
P01630,A03199,7
P01630,A03800,3
P01630,A03801,4
P01630,A03802,5
P01630,A03803,6
P01630,A03804,8
P01630,A03805,9
P01631,A01504,1
P01631,A03806,2
P01631,A03807,3
P01632,A00723,2
P01632,A00865,5
P01632,A01299,4
P01632,A01499,1
P01632,A02034,3
P01633,A00443,3
P01633,A01689,2
P01633,A02480,1
P01634,A03808,1
P01634,A03809,2
P01634,A03810,3
P01635,A02218,5
P01635,A03811,1
P01635,A03812,2
P01635,A03813,3
P01635,A03814,4
P01636,A00520,3
P01636,A00723,2
P01636,A03815,1
P01637,A03816,1
P01637,A03817,2
P01637,A03818,3
P01637,A03819,4
P01637,A03820,5
P01637,A03821,6
P01637,A03822,7
P01637,A03823,8
P01637,A03824,9
P01637,A03825,10
P01637,A03826,11
P01637,A03827,12
P01637,A03828,13
P01637,A03829,14
P01637,A03830,15
P01637,A03831,16
P01637,A03832,17
P01637,A03833,18
P01637,A03834,19
P01637,A03835,20
P01637,A03836,21
P01637,A03837,22
P01637,A03838,23
P01637,A03839,24
P01637,A03840,25
P01637,A03841,26
P01637,A03842,27
P01637,A03843,28
P01637,A03844,29
P01637,A03845,30
P01637,A03846,31
P01637,A03847,32
P01637,A03848,33
P01637,A03849,34
P01637,A03850,35
P01637,A03851,36
P01637,A03852,37
P01637,A03853,38
P01637,A03854,39
P01637,A03855,40
P01637,A03856,41
P01637,A03857,42
P01637,A03858,43
P01637,A03859,44
P01637,A03860,45
P01637,A03861,46
P01637,A03862,47
P01637,A03863,48
P01637,A03864,49
P01637,A03865,50
P01637,A03866,51
P01637,A03867,52
P01637,A03868,53
P01637,A03869,54
P01637,A03870,55
P01637,A03871,56
P01637,A03872,57
P01637,A03873,58
P01637,A03874,59
P01637,A03875,60
P01637,A03876,61
P01637,A03877,62
P01637,A03878,63
P01637,A03879,64
P01637,A03880,65
P01637,A03881,66
P01637,A03882,67
P01638,A00066,8
P01638,A00614,6
P01638,A00951,11
P01638,A01421,12
P01638,A01447,7
P01638,A02124,4
P01638,A02125,1
P01638,A02218,5
P01638,A02291,3
P01638,A02311,10
P01638,A02407,9
P01638,A03883,2
P01639,A00526,1
P01639,A00848,6
P01639,A01248,3
P01639,A01325,5
P01639,A01447,9
P01639,A01596,4
P01639,A02540,8
P01639,A02588,7
P01639,A03884,2
P01640,A00473,1
P01640,A00622,2
P01641,A00027,6
P01641,A00080,5
P01641,A00994,7
P01641,A01150,1
P01641,A01321,2
P01641,A03885,3
P01641,A03886,4
P01641,A03887,8
P01641,A03888,9
P01642,A00723,5
P01642,A00731,6
P01642,A01299,4
P01642,A01404,3
P01642,A02034,1
P01642,A03396,2
P01643,A00231,4
P01643,A03889,1
P01643,A03890,2
P01643,A03891,3
P01644,A03816,21
P01644,A03818,3
P01644,A03819,4
P01644,A03820,1
P01644,A03821,5
P01644,A03822,6
P01644,A03823,7
P01644,A03824,8
P01644,A03825,9
P01644,A03826,10
P01644,A03827,11
P01644,A03828,12
P01644,A03829,13
P01644,A03830,14
P01644,A03831,15
P01644,A03832,16
P01644,A03833,17
P01644,A03834,18
P01644,A03835,19
P01644,A03836,20
P01644,A03838,23
P01644,A03839,24
P01644,A03840,25
P01644,A03841,26
P01644,A03842,27
P01644,A03843,28
P01644,A03844,29
P01644,A03845,30
P01644,A03846,31
P01644,A03847,32
P01644,A03848,33
P01644,A03849,34
P01644,A03850,35
P01644,A03851,36
P01644,A03852,37
P01644,A03853,38
P01644,A03854,39
P01644,A03855,40
P01644,A03856,41
P01644,A03857,42
P01644,A03858,43
P01644,A03859,44
P01644,A03860,45
P01644,A03861,46
P01644,A03862,48
P01644,A03863,49
P01644,A03864,50
P01644,A03865,51
P01644,A03866,52
P01644,A03867,53
P01644,A03868,54
P01644,A03869,55
P01644,A03870,56
P01644,A03871,57
P01644,A03872,58
P01644,A03873,59
P01644,A03874,60
P01644,A03875,61
P01644,A03876,62
P01644,A03877,63
P01644,A03878,64
P01644,A03879,65
P01644,A03880,66
P01644,A03881,67
P01644,A03882,68
P01644,A03892,2
P01644,A03893,22
P01644,A03894,47
P01645,A03895,1
P01645,A03896,2
P01645,A03897,3
P01645,A03898,4
P01646,A00231,3
P01646,A01819,2
P01646,A03899,1
P01647,A03900,1
P01647,A03901,2
P01647,A03902,3
P01647,A03903,4
P01647,A03904,5
P01648,A02853,12
P01648,A03203,8
P01648,A03205,3
P01648,A03206,13
P01648,A03333,19
P01648,A03905,1
P01648,A03906,2
P01648,A03907,4
P01648,A03908,5
P01648,A03909,6
P01648,A03910,7
P01648,A03911,9
P01648,A03912,10
P01648,A03913,11
P01648,A03914,14
P01648,A03915,15
P01648,A03916,16
P01648,A03917,17
P01648,A03918,18
P01648,A03919,20
P01648,A03920,21
P01649,A00290,3
P01649,A00892,8
P01649,A01227,2
P01649,A02620,1
P01649,A02830,7
P01649,A02963,4
P01649,A03921,5
P01649,A03922,6
P01650,A01946,2
P01650,A03923,1
P01650,A03924,3
P01650,A03925,4
P01650,A03926,5
P01650,A03927,6
P01651,A00629,3
P01651,A02758,1
P01651,A02763,2
P01651,A02764,4
P01652,A01271,1
P01652,A03928,2
P01652,A03929,3
P01653,A00081,10
P01653,A00494,20
P01653,A00668,8
P01653,A00723,12
P01653,A00795,15
P01653,A00805,2
P01653,A01183,9
P01653,A02179,11
P01653,A02223,3
P01653,A02224,7
P01653,A02293,14
P01653,A02601,4
P01653,A02715,5
P01653,A03248,1
P01653,A03422,13
P01653,A03930,6
P01653,A03931,16
P01653,A03932,17
P01653,A03933,18
P01653,A03934,19
P01654,A01751,9
P01654,A03062,2
P01654,A03064,1
P01654,A03065,6
P01654,A03066,3
P01654,A03414,4
P01654,A03935,5
P01654,A03936,7
P01654,A03937,8
P01654,A03938,10
P01655,A00570,8
P01655,A00732,11
P01655,A00805,10
P01655,A00819,2
P01655,A00892,7
P01655,A01447,9
P01655,A02600,1
P01655,A02751,4
P01655,A02906,3
P01655,A03939,5
P01655,A03940,6
P01656,A00290,8
P01656,A00614,6
P01656,A00805,5
P01656,A00819,3
P01656,A00824,7
P01656,A00843,9
P01656,A02600,2
P01656,A02656,4
P01656,A03941,1
P01657,A00487,3
P01657,A00805,7
P01657,A01299,8
P01657,A01986,6
P01657,A02132,13
P01657,A02534,14
P01657,A02718,12
P01657,A02902,2
P01657,A02988,10
P01657,A03227,15
P01657,A03402,9
P01657,A03942,1
P01657,A03943,4
P01657,A03944,5
P01657,A03945,11
P01658,A00570,5
P01658,A00995,3
P01658,A01233,4
P01658,A03402,1
P01658,A03946,2
P01658,A03947,6
P01658,A03948,7
P01659,A01151,7
P01659,A02392,8
P01659,A02394,9
P01659,A02483,4
P01659,A03791,6
P01659,A03949,1
P01659,A03950,2
P01659,A03951,3
P01659,A03952,5
P01659,A03953,10
P01660,A00290,10
P01660,A00431,13
P01660,A00570,7
P01660,A00805,8
P01660,A00819,2
P01660,A00824,12
P01660,A00843,11
P01660,A01821,4
P01660,A02125,9
P01660,A02600,1
P01660,A03044,3
P01660,A03954,5
P01660,A03955,6
P01661,A03816,17
P01661,A03817,2
P01661,A03818,3
P01661,A03820,4
P01661,A03821,5
P01661,A03822,6
P01661,A03823,7
P01661,A03826,10
P01661,A03829,11
P01661,A03830,12
P01661,A03832,14
P01661,A03833,15
P01661,A03836,16
P01661,A03837,18
P01661,A03838,19
P01661,A03839,20
P01661,A03840,21
P01661,A03841,22
P01661,A03842,23
P01661,A03843,24
P01661,A03844,25
P01661,A03845,26
P01661,A03850,29
P01661,A03851,30
P01661,A03853,31
P01661,A03854,32
P01661,A03857,34
P01661,A03858,35
P01661,A03864,36
P01661,A03865,37
P01661,A03866,38
P01661,A03867,39
P01661,A03870,40
P01661,A03871,1
P01661,A03873,41
P01661,A03877,43
P01661,A03878,44
P01661,A03880,45
P01661,A03881,46
P01661,A03882,47
P01661,A03956,8
P01661,A03957,9
P01661,A03958,13
P01661,A03959,27
P01661,A03960,28
P01661,A03961,33
P01661,A03962,42
P01662,A03963,1
P01662,A03964,2
P01662,A03965,3
P01663,A00964,4
P01663,A02743,3
P01663,A03068,2
P01663,A03966,1
P01664,A00066,8
P01664,A00716,11
P01664,A01182,3
P01664,A01678,4
P01664,A02716,1
P01664,A02717,5
P01664,A03967,2
P01664,A03968,6
P01664,A03969,7
P01664,A03970,9
P01664,A03971,10
P01665,A03972,1
P01665,A03973,2
P01665,A03974,3
P01665,A03975,4
P01665,A03976,5
P01665,A03977,6
P01665,A03978,7
P01666,A00570,3
P01666,A01447,4
P01666,A03795,2
P01666,A03979,1
P01667,A00081,12
P01667,A00723,4
P01667,A00795,10
P01667,A00865,8
P01667,A01309,13
P01667,A01752,9
P01667,A02055,1
P01667,A02461,15
P01667,A03248,7
P01667,A03528,5
P01667,A03750,2
P01667,A03752,3
P01667,A03934,14
P01667,A03980,6
P01667,A03981,11
P01668,A00562,2
P01668,A03982,1
P01669,A00068,5
P01669,A00141,2
P01669,A00906,4
P01669,A00907,6
P01669,A01593,3
P01669,A03983,1
P01669,A03984,7
P01670,A00066,1
P01670,A00507,3
P01670,A01182,2
P01670,A01475,5
P01670,A02716,6
P01670,A03271,4
P01671,A01406,2
P01671,A03985,1
P01671,A03986,3
P01671,A03987,4
P01671,A03988,5
P01672,A00541,1
P01672,A00562,5
P01672,A00814,2
P01672,A03408,4
P01672,A03989,3
P01673,A02576,6
P01673,A03106,2
P01673,A03990,1
P01673,A03991,3
P01673,A03992,4
P01673,A03993,5
P01674,A01567,4
P01674,A03519,1
P01674,A03520,2
P01674,A03994,3
P01674,A03995,5
P01675,A03996,1
P01675,A03997,2
P01676,A01818,1
P01677,A00266,9
P01677,A00805,7
P01677,A00890,11
P01677,A00994,5
P01677,A01023,1
P01677,A01024,3
P01677,A01297,8
P01677,A01534,12
P01677,A03998,2
P01677,A03999,4
P01677,A04000,6
P01677,A04001,10
P01678,A00079,2
P01678,A00173,16
P01678,A00308,13
P01678,A00419,18
P01678,A00525,15
P01678,A00544,10
P01678,A00826,5
P01678,A00827,8
P01678,A01044,3
P01678,A01049,4
P01678,A01229,6
P01678,A01494,20
P01678,A02195,1
P01678,A02210,14
P01678,A02330,7
P01678,A04002,9
P01678,A04003,11
P01678,A04004,12
P01678,A04005,17
P01678,A04006,19
P01679,A00570,5
P01679,A00732,7
P01679,A00805,6
P01679,A00819,4
P01679,A02223,3
P01679,A02600,1
P01679,A02601,2
P01680,A01065,1
P01680,A03615,3
P01680,A04007,2
P01681,A04008,1
P01681,A04009,2
P01681,A04010,3
P01681,A04011,4
P01681,A04012,5
P01682,A00299,2
P01682,A01206,5
P01682,A02658,4
P01682,A04013,1
P01682,A04014,3
P01683,A04015,1
P01684,A00048,4
P01684,A00622,5
P01684,A00723,6
P01684,A00731,8
P01684,A01299,1
P01684,A01404,3
P01684,A01832,9
P01684,A02034,2
P01684,A02534,10
P01684,A04016,7
P01685,A00701,2
P01685,A01604,1
P01686,A04017,1
P01686,A04018,2
P01686,A04019,3
P01686,A04020,4
P01686,A04021,5
P01686,A04022,6
P01686,A04023,7
P01686,A04024,8
P01686,A04025,9
P01686,A04026,10
P01687,A01892,3
P01687,A02408,4
P01687,A03480,1
P01687,A03481,2
P01688,A00374,10
P01688,A03569,1
P01688,A03570,2
P01688,A03571,3
P01688,A03574,13
P01688,A03577,4
P01688,A03578,9
P01688,A03579,8
P01688,A03581,12
P01688,A03583,14
P01688,A03584,15
P01688,A03587,19
P01688,A03589,20
P01688,A04027,5
P01688,A04028,6
P01688,A04029,7
P01688,A04030,11
P01688,A04031,16
P01688,A04032,17
P01688,A04033,18
P01689,A00671,5
P01689,A00802,7
P01689,A01406,2
P01689,A01789,3
P01689,A04034,1
P01689,A04035,4
P01689,A04036,6
P01690,A00612,2
P01690,A02884,1
P01691,A04037,1
P01691,A04038,2
P01691,A04039,3
P01692,A01821,2
P01692,A02303,5
P01692,A03954,4
P01692,A04040,1
P01692,A04041,3
P01693,A00066,15
P01693,A00727,12
P01693,A01915,4
P01693,A01916,13
P01693,A02125,1
P01693,A02286,3
P01693,A02287,5
P01693,A02327,8
P01693,A02921,14
P01693,A04042,2
P01693,A04043,6
P01693,A04044,7
P01693,A04045,9
P01693,A04046,10
P01693,A04047,11
P01694,A00421,1
P01694,A00562,2
P01694,A02241,3
P01694,A03359,4
P01695,A01784,1
P01695,A02425,2
P01696,A00541,1
P01696,A00793,3
P01696,A04048,2
P01696,A04049,4
P01697,A03817,8
P01697,A04050,1
P01697,A04051,2
P01697,A04052,3
P01697,A04053,4
P01697,A04054,5
P01697,A04055,6
P01697,A04056,7
P01697,A04057,9
P01697,A04058,10
P01697,A04059,11
P01697,A04060,12
P01697,A04061,13
P01697,A04062,14
P01697,A04063,15
P01697,A04064,16
P01697,A04065,17
P01697,A04066,18
P01697,A04067,19
P01697,A04068,20
P01697,A04069,21
P01697,A04070,22
P01697,A04071,23
P01697,A04072,24
P01697,A04073,25
P01697,A04074,26
P01697,A04075,27
P01698,A02363,2
P01698,A02810,4
P01698,A03454,5
P01698,A04076,1
P01698,A04077,3
P01699,A00440,3
P01699,A00676,5
P01699,A00757,2
P01699,A01635,1
P01699,A01743,4
P01700,A00487,9
P01700,A00614,13
P01700,A00731,14
P01700,A00924,12
P01700,A01299,3
P01700,A01325,6
P01700,A01327,2
P01700,A01404,4
P01700,A01833,17
P01700,A01982,10
P01700,A02534,1
P01700,A02652,15
P01700,A03074,16
P01700,A03471,5
P01700,A04078,7
P01700,A04079,8
P01700,A04080,11
P01701,A01751,10
P01701,A03062,1
P01701,A03063,2
P01701,A03064,8
P01701,A03066,9
P01701,A03067,11
P01701,A03414,7
P01701,A03935,4
P01701,A03937,3
P01701,A04081,5
P01701,A04082,6
P01702,A00723,2
P01702,A00731,5
P01702,A01299,3
P01702,A02034,1
P01702,A02411,4
P01703,A00266,2
P01703,A00431,3
P01703,A00905,4
P01703,A01642,5
P01703,A01797,1
P01704,A00562,3
P01704,A02243,2
P01704,A03899,1
P01705,A01250,3
P01705,A02141,4
P01705,A04083,1
P01705,A04084,2
P01705,A04085,5
P01706,A00087,7
P01706,A00290,5
P01706,A01469,6
P01706,A04086,1
P01706,A04087,2
P01706,A04088,3
P01706,A04089,4
P01706,A04090,8
P01707,A00087,8
P01707,A00290,4
P01707,A01227,5
P01707,A02743,1
P01707,A03421,7
P01707,A04086,2
P01707,A04091,3
P01707,A04092,6
P01708,A00087,7
P01708,A00290,5
P01708,A01227,6
P01708,A02743,4
P01708,A03421,8
P01708,A04086,1
P01708,A04091,2
P01708,A04092,3
P01709,A00290,4
P01709,A00614,5
P01709,A00805,6
P01709,A00819,3
P01709,A00824,7
P01709,A00843,8
P01709,A02600,2
P01709,A03941,1
P01710,A00006,3
P01710,A00447,2
P01710,A02051,1
P01711,A04093,1
P01711,A04094,2
P01711,A04095,3
P01712,A02425,2
P01712,A02489,3
P01712,A04096,1
P01713,A04097,1
P01713,A04098,2
P01713,A04099,3
P01713,A04100,4
P01714,A00864,1
P01714,A01558,2
P01715,A04073,24
P01715,A04101,1
P01715,A04102,2
P01715,A04103,3
P01715,A04104,4
P01715,A04105,5
P01715,A04106,6
P01715,A04107,7
P01715,A04108,8
P01715,A04109,9
P01715,A04110,10
P01715,A04111,11
P01715,A04112,12
P01715,A04113,13
P01715,A04114,14
P01715,A04115,15
P01715,A04116,16
P01715,A04117,17
P01715,A04118,18
P01715,A04119,19
P01715,A04120,20
P01715,A04121,21
P01715,A04122,22
P01715,A04123,23
P01715,A04124,25
P01715,A04125,26
P01715,A04126,27
P01715,A04127,28
P01715,A04128,29
P01715,A04129,30
P01715,A04130,31
P01715,A04131,32
P01716,A00716,4
P01716,A00798,1
P01716,A01326,7
P01716,A01383,10
P01716,A02050,3
P01716,A02072,11
P01716,A04078,9
P01716,A04132,2
P01716,A04133,5
P01716,A04134,6
P01716,A04135,8
P01716,A04136,12
P01716,A04137,13
P01717,A03387,2
P01717,A04138,1
P01718,A00272,2
P01718,A00865,7
P01718,A01299,6
P01718,A01499,1
P01718,A02034,4
P01718,A03248,3
P01718,A04139,5
P01719,A00006,2
P01719,A01832,1
P01719,A02512,3
P01720,A02123,2
P01720,A04140,1
P01720,A04141,3
P01720,A04142,4
P01721,A00964,4
P01721,A01058,3
P01721,A03068,2
P01721,A03966,1
P01722,A04143,1
P01723,A04086,1
P01723,A04092,2
P01724,A02425,3
P01724,A02488,1
P01724,A02489,2
P01725,A03380,2
P01725,A04144,1
P01726,A03380,2
P01726,A04144,1
P01727,A00629,2
P01727,A02758,1
P01728,A04145,1
P01728,A04146,2
P01728,A04147,3
P01728,A04148,4
P01729,A01678,4
P01729,A01915,2
P01729,A01917,7
P01729,A02602,5
P01729,A03286,3
P01729,A03288,1
P01729,A04149,6
P01730,A04150,1
P01730,A04151,2
P01730,A04152,3
P01730,A04153,4
P01730,A04154,5
P01730,A04155,6
P01731,A04156,1
P01731,A04157,2
P01731,A04158,3
P01732,A00670,2
P01732,A00805,6
P01732,A01233,1
P01732,A02292,3
P01732,A03564,5
P01732,A04159,4
P01733,A00877,7
P01733,A01417,3
P01733,A01477,2
P01733,A02656,1
P01733,A02906,4
P01733,A03418,6
P01733,A03432,5
P01734,A00440,6
P01734,A00805,7
P01734,A01100,5
P01734,A01209,4
P01734,A04160,1
P01734,A04161,2
P01734,A04162,3
P01734,A04163,8
P01734,A04164,9
P01735,A04165,1
P01736,A00421,5
P01736,A00562,3
P01736,A00614,2
P01736,A01447,6
P01736,A02240,4
P01736,A02241,1
P01737,A04166,1
P01737,A04167,2
P01737,A04168,3
P01737,A04169,4
P01737,A04170,5
P01738,A00069,5
P01738,A01593,3
P01738,A02462,2
P01738,A04171,1
P01738,A04172,4
P01738,A04173,6
P01738,A04174,7
P01739,A00068,2
P01739,A00146,6
P01739,A01379,4
P01739,A03350,1
P01739,A04175,3
P01739,A04176,5
P01740,A00149,5
P01740,A00221,6
P01740,A01840,2
P01740,A02333,3
P01740,A04177,1
P01740,A04178,4
P01741,A03816,17
P01741,A03817,2
P01741,A03818,3
P01741,A03820,4
P01741,A03821,5
P01741,A03822,6
P01741,A03823,7
P01741,A03824,8
P01741,A03825,9
P01741,A03826,10
P01741,A03829,11
P01741,A03830,12
P01741,A03831,13
P01741,A03832,14
P01741,A03833,15
P01741,A03836,16
P01741,A03838,19
P01741,A03839,20
P01741,A03840,21
P01741,A03841,22
P01741,A03842,23
P01741,A03843,24
P01741,A03844,25
P01741,A03845,26
P01741,A03846,27
P01741,A03849,28
P01741,A03850,29
P01741,A03851,30
P01741,A03853,31
P01741,A03854,32
P01741,A03855,33
P01741,A03857,34
P01741,A03858,35
P01741,A03861,36
P01741,A03864,37
P01741,A03865,38
P01741,A03866,39
P01741,A03867,40
P01741,A03870,1
P01741,A03871,41
P01741,A03873,42
P01741,A03875,43
P01741,A03877,44
P01741,A03878,45
P01741,A03880,46
P01741,A03881,47
P01741,A03882,48
P01741,A03893,18
P01742,A01504,3
P01742,A04179,1
P01742,A04180,2
P01743,A04181,1
P01743,A04182,2
P01743,A04183,3
P01743,A04184,4
P01744,A01443,8
P01744,A04185,1
P01744,A04186,2
P01744,A04187,3
P01744,A04188,4
P01744,A04189,5
P01744,A04190,6
P01744,A04191,7
P01745,A04192,1
P01745,A04193,2
P01745,A04194,3
P01745,A04195,4
P01745,A04196,5
P01745,A04197,6
P01746,A03767,3
P01746,A03771,4
P01746,A04198,1
P01746,A04199,2
P01746,A04200,5
P01746,A04201,6
P01746,A04202,7
P01747,A02363,2
P01747,A02810,4
P01747,A03454,5
P01747,A04076,1
P01747,A04077,3
P01748,A00541,2
P01748,A00562,4
P01748,A03408,3
P01748,A03989,1
P01749,A01567,2
P01749,A03519,1
P01749,A04203,3
P01750,A01567,2
P01750,A03519,1
P01750,A04203,3
P01751,A00801,8
P01751,A00805,3
P01751,A01014,7
P01751,A01034,11
P01751,A02132,1
P01751,A02512,6
P01751,A04204,2
P01751,A04205,4
P01751,A04206,5
P01751,A04207,9
P01751,A04208,10
P01751,A04209,12
P01751,A04210,13
P01751,A04211,14
P01751,A04212,15
P01752,A00106,4
P01752,A03261,2
P01752,A04213,1
P01752,A04214,3
P01753,A00723,1
P01753,A00865,5
P01753,A01751,10
P01753,A01752,6
P01753,A02055,2
P01753,A02461,8
P01753,A03471,3
P01753,A03934,7
P01753,A03980,4
P01753,A04215,9
P01754,A02363,2
P01754,A02810,5
P01754,A03776,4
P01754,A04076,1
P01754,A04077,3
P01755,A04216,1
P01755,A04217,2
P01755,A04218,3
P01755,A04219,4
P01755,A04220,5
P01756,A01214,3
P01756,A03213,2
P01756,A04221,1
P01756,A04222,4
P01757,A00266,8
P01757,A00714,6
P01757,A00717,11
P01757,A00719,4
P01757,A01797,1
P01757,A02571,9
P01757,A03406,5
P01757,A03522,3
P01757,A04223,2
P01757,A04224,7
P01757,A04225,10
P01758,A00290,5
P01758,A00570,4
P01758,A00819,3
P01758,A00824,7
P01758,A00843,6
P01758,A02600,2
P01758,A03044,1
P01759,A04226,1
P01759,A04227,2
P01759,A04228,3
P01759,A04229,4
P01759,A04230,5
P01760,A01308,6
P01760,A03192,7
P01760,A04231,1
P01760,A04232,2
P01760,A04233,3
P01760,A04234,4
P01760,A04235,5
P01761,A00843,2
P01761,A04236,1
P01762,A00066,3
P01762,A02125,2
P01762,A02921,4
P01762,A04237,1
P01762,A04238,5
P01762,A04239,6
P01763,A00102,4
P01763,A01443,8
P01763,A01914,1
P01763,A01915,2
P01763,A01917,6
P01763,A02327,7
P01763,A02731,3
P01763,A02732,5
P01764,A00268,2
P01764,A04240,1
P01765,A03816,9
P01765,A03817,2
P01765,A03819,3
P01765,A03820,4
P01765,A03827,5
P01765,A03828,6
P01765,A03832,7
P01765,A03834,8
P01765,A03835,1
P01765,A03847,10
P01765,A03848,11
P01765,A03852,12
P01765,A03854,13
P01765,A03858,14
P01765,A03859,15
P01765,A03860,16
P01765,A03862,17
P01765,A03863,18
P01765,A03868,19
P01765,A03869,20
P01765,A03870,21
P01765,A03871,22
P01765,A03875,23
P01765,A03876,24
P01765,A03879,25
P01766,A00485,8
P01766,A00842,5
P01766,A01663,4
P01766,A04241,1
P01766,A04242,2
P01766,A04243,3
P01766,A04244,6
P01766,A04245,7
P01766,A04246,9
P01766,A04247,10
P01766,A04248,11
P01767,A00068,2
P01767,A01836,1
P01767,A04249,3
P01768,A04147,2
P01768,A04148,3
P01768,A04250,1
P01769,A04251,1
P01769,A04252,2
P01769,A04253,3
P01769,A04254,4
P01769,A04255,5
P01769,A04256,6
P01770,A04252,6
P01770,A04253,4
P01770,A04254,10
P01770,A04256,7
P01770,A04257,1
P01770,A04258,2
P01770,A04259,3
P01770,A04260,5
P01770,A04261,8
P01770,A04262,9
P01771,A03772,4
P01771,A04066,5
P01771,A04263,1
P01771,A04264,2
P01771,A04265,3
P01772,A00440,7
P01772,A00805,8
P01772,A01100,6
P01772,A01209,4
P01772,A02197,5
P01772,A04266,1
P01772,A04267,2
P01772,A04268,3
P01773,A03816,10
P01773,A03817,2
P01773,A03819,3
P01773,A03820,4
P01773,A03827,5
P01773,A03828,6
P01773,A03832,7
P01773,A03834,8
P01773,A03835,9
P01773,A03847,11
P01773,A03848,12
P01773,A03852,13
P01773,A03854,14
P01773,A03858,16
P01773,A03859,17
P01773,A03860,18
P01773,A03862,19
P01773,A03863,20
P01773,A03868,21
P01773,A03869,22
P01773,A03871,1
P01773,A03872,24
P01773,A03874,25
P01773,A03875,26
P01773,A03876,27
P01773,A03879,28
P01773,A04124,23
P01773,A04269,15
P01774,A00614,6
P01774,A01315,7
P01774,A01604,5
P01774,A02583,1
P01774,A03748,2
P01774,A03749,4
P01774,A04270,3
P01775,A00657,5
P01775,A00925,3
P01775,A01406,1
P01775,A01408,4
P01775,A02592,2
P01776,A02056,4
P01776,A04271,1
P01776,A04272,2
P01776,A04273,3
P01776,A04274,5
P01776,A04275,6
P01776,A04276,7
P01777,A04277,1
P01777,A04278,2
P01777,A04279,3
P01778,A00541,3
P01778,A02297,2
P01778,A03989,1
P01779,A01678,7
P01779,A02602,6
P01779,A02958,4
P01779,A03286,5
P01779,A04280,1
P01779,A04281,2
P01779,A04282,3
P01780,A00440,3
P01780,A00676,10
P01780,A00696,5
P01780,A00805,6
P01780,A01635,4
P01780,A02348,11
P01780,A02512,7
P01780,A03120,14
P01780,A03121,13
P01780,A03122,1
P01780,A03228,2
P01780,A04283,8
P01780,A04284,9
P01780,A04285,12
P01780,A04286,15
P01781,A00272,7
P01781,A00865,8
P01781,A01744,2
P01781,A01745,3
P01781,A03069,4
P01781,A04287,1
P01781,A04288,5
P01781,A04289,6
P01781,A04290,9
P01782,A00066,9
P01782,A00727,6
P01782,A01915,5
P01782,A02125,4
P01782,A02280,8
P01782,A02286,7
P01782,A02407,12
P01782,A02921,10
P01782,A04044,13
P01782,A04045,1
P01782,A04047,2
P01782,A04291,3
P01782,A04292,11
P01782,A04293,14
P01783,A00196,2
P01783,A03282,1
P01783,A04294,3
P01784,A00079,4
P01784,A00709,2
P01784,A01327,7
P01784,A04001,3
P01784,A04295,1
P01784,A04296,5
P01784,A04297,6
P01785,A00629,1
P01785,A04298,2
P01786,A00272,2
P01786,A04299,1
P01786,A04300,3
P01786,A04301,4
P01786,A04302,5
P01786,A04303,6
P01787,A00629,4
P01787,A04298,1
P01787,A04304,2
P01787,A04305,3
P01788,A04306,1
P01789,A00494,4
P01789,A00716,9
P01789,A00731,3
P01789,A00805,5
P01789,A00905,8
P01789,A01308,2
P01789,A02464,1
P01789,A04307,6
P01789,A04308,7
P01790,A00101,3
P01790,A04309,1
P01790,A04310,2
P01791,A04311,1
P01791,A04312,2
P01791,A04313,3
P01791,A04314,4
P01791,A04315,5
P01791,A04316,6
P01791,A04317,7
P01791,A04318,8
P01791,A04319,9
P01791,A04320,10
P01792,A00520,5
P01792,A01383,4
P01792,A03461,1
P01792,A03462,3
P01792,A04321,2
P01793,A00470,5
P01793,A03795,2
P01793,A04322,1
P01793,A04323,3
P01793,A04324,4
P01794,A03380,2
P01794,A04325,1
P01795,A01451,2
P01795,A03380,3
P01795,A04326,1
P01796,A00843,2
P01796,A02613,5
P01796,A04327,1
P01796,A04328,3
P01796,A04329,4
P01797,A04330,1
P01797,A04331,2
P01797,A04332,3
P01797,A04333,4
P01797,A04334,5
P01797,A04335,6
P01797,A04336,7
P01798,A03380,2
P01798,A04337,1
P01798,A04338,3
P01799,A00973,2
P01799,A04339,1
P01800,A00447,5
P01800,A00802,3
P01800,A04340,1
P01800,A04341,2
P01800,A04342,4
P01800,A04343,6
P01800,A04344,7
P01801,A00431,5
P01801,A00475,4
P01801,A03291,3
P01801,A04345,1
P01801,A04346,2
P01802,A00290,8
P01802,A00570,10
P01802,A00805,11
P01802,A00819,1
P01802,A00843,9
P01802,A00892,7
P01802,A02600,2
P01802,A02751,6
P01802,A02906,4
P01802,A03162,3
P01802,A04347,5
P01803,A00266,8
P01803,A01642,7
P01803,A02072,5
P01803,A02803,1
P01803,A04078,4
P01803,A04135,2
P01803,A04348,3
P01803,A04349,6
P01804,A00447,9
P01804,A00767,10
P01804,A01073,13
P01804,A01415,5
P01804,A03016,3
P01804,A03389,12
P01804,A03686,11
P01804,A04350,1
P01804,A04351,2
P01804,A04352,4
P01804,A04353,6
P01804,A04354,7
P01804,A04355,8
P01805,A01010,1
P01805,A04356,2
P01806,A04145,1
P01806,A04147,2
P01806,A04148,4
P01806,A04357,3
P01807,A00614,5
P01807,A00617,6
P01807,A01447,4
P01807,A01604,3
P01807,A02583,1
P01807,A03748,2
P01808,A00421,1
P01808,A00562,2
P01808,A02244,3
P01808,A02845,4
P01809,A02223,3
P01809,A03248,6
P01809,A04299,4
P01809,A04301,7
P01809,A04303,2
P01809,A04343,1
P01809,A04358,5
P01810,A00562,2
P01810,A00950,4
P01810,A03408,3
P01810,A04359,1
P01811,A00426,8
P01811,A00673,3
P01811,A00994,6
P01811,A01064,2
P01811,A02194,5
P01811,A02289,1
P01811,A02594,4
P01811,A03448,7
P01811,A03801,9
P01812,A00033,11
P01812,A00081,13
P01812,A00314,9
P01812,A00649,10
P01812,A00785,16
P01812,A00791,12
P01812,A00888,3
P01812,A00985,8
P01812,A01077,2
P01812,A03593,15
P01812,A04360,1
P01812,A04361,4
P01812,A04362,5
P01812,A04363,6
P01812,A04364,7
P01812,A04365,14
P01813,A04366,1
P01813,A04367,2
P01813,A04368,3
P01813,A04369,4
P01814,A03808,1
P01814,A03809,2
P01815,A02360,7
P01815,A02381,2
P01815,A03221,4
P01815,A03921,5
P01815,A04370,1
P01815,A04371,3
P01815,A04372,6
P01816,A02732,2
P01816,A02993,1
P01816,A02995,3
P01817,A04373,1
P01817,A04374,2
P01817,A04375,3
P01817,A04376,4
P01817,A04377,5
P01817,A04378,6
P01817,A04379,7
P01818,A00077,2
P01818,A00290,9
P01818,A00431,8
P01818,A00650,6
P01818,A01300,7
P01818,A02126,1
P01818,A02781,5
P01818,A03420,3
P01818,A04380,4
P01819,A04381,1
P01819,A04382,2
P01819,A04383,3
P01820,A01212,4
P01820,A01282,5
P01820,A04384,1
P01820,A04385,2
P01820,A04386,3
P01821,A00964,2
P01821,A04387,1
P01821,A04388,3
P01821,A04389,4
P01821,A04390,5
P01822,A00843,2
P01822,A02291,3
P01822,A04391,1
P01823,A00276,3
P01823,A02996,1
P01823,A02997,2
P01823,A02998,4
P01823,A04392,5
P01824,A01604,2
P01824,A04393,1
P01825,A00570,5
P01825,A00824,9
P01825,A01676,6
P01825,A02600,2
P01825,A02885,1
P01825,A02906,11
P01825,A03044,4
P01825,A04394,3
P01825,A04395,7
P01825,A04396,8
P01825,A04397,10
P01826,A01510,1
P01826,A01511,12
P01826,A01596,4
P01826,A02218,2
P01826,A02732,3
P01826,A02910,8
P01826,A03356,9
P01826,A04398,5
P01826,A04399,6
P01826,A04400,7
P01826,A04401,10
P01826,A04402,11
P01827,A02407,2
P01827,A02563,3
P01827,A04403,1
P01828,A01604,1
P01828,A02583,3
P01828,A04393,2
P01829,A00865,10
P01829,A01744,1
P01829,A01745,5
P01829,A01751,6
P01829,A02895,8
P01829,A03129,9
P01829,A03297,7
P01829,A04287,3
P01829,A04288,2
P01829,A04404,4
P01830,A00006,2
P01830,A04267,1
P01830,A04405,3
P01831,A00617,9
P01831,A01096,10
P01831,A01152,1
P01831,A01207,5
P01831,A01733,14
P01831,A01740,6
P01831,A01777,13
P01831,A01813,3
P01831,A02028,7
P01831,A02217,2
P01831,A03352,4
P01831,A04406,8
P01831,A04407,11
P01831,A04408,12
P01832,A00030,2
P01832,A00684,6
P01832,A01469,5
P01832,A03448,3
P01832,A04409,1
P01832,A04410,4
P01832,A04411,7
P01833,A00511,2
P01833,A04412,1
P01834,A04413,1
P01834,A04414,2
P01834,A04415,3
P01834,A04416,4
P01835,A03265,3
P01835,A03266,2
P01835,A03267,8
P01835,A03268,5
P01835,A03269,7
P01835,A04417,1
P01835,A04418,4
P01835,A04419,6
P01836,A04420,1
P01836,A04421,2
P01836,A04422,3
P01836,A04423,4
P01836,A04424,5
P01836,A04425,6
P01836,A04426,7
P01837,A00996,1
P01837,A01448,6
P01837,A01449,3
P01837,A02153,2
P01837,A02290,12
P01837,A04427,4
P01837,A04428,5
P01837,A04429,7
P01837,A04430,8
P01837,A04431,9
P01837,A04432,10
P01837,A04433,11
P01837,A04434,13
P01838,A00622,2
P01838,A02660,1
P01838,A02661,3
P01839,A03194,5
P01839,A03199,7
P01839,A03310,6
P01839,A03800,3
P01839,A04435,1
P01839,A04436,2
P01839,A04437,4
P01840,A04142,1
P01840,A04438,2
P01840,A04439,3
P01840,A04440,4
P01840,A04441,5
P01841,A00494,3
P01841,A00506,2
P01841,A01066,1
P01841,A01475,4
P01842,A03010,4
P01842,A03011,5
P01842,A03180,3
P01842,A03248,2
P01842,A03473,1
P01843,A00490,1
P01843,A00893,4
P01843,A01558,2
P01843,A04442,3
P01844,A04443,1
P01844,A04444,2
P01844,A04445,3
P01844,A04446,4
P01844,A04447,5
P01844,A04448,6
P01844,A04449,7
P01844,A04450,8
P01844,A04451,9
P01844,A04452,10
P01845,A00290,4
P01845,A00421,1
P01845,A00448,5
P01845,A00562,6
P01845,A00950,7
P01845,A01447,8
P01845,A01833,9
P01845,A03385,2
P01845,A03418,3
P01845,A04453,10
P01845,A04454,11
P01846,A00290,14
P01846,A00421,1
P01846,A00562,11
P01846,A00735,17
P01846,A01268,4
P01846,A01833,16
P01846,A02253,6
P01846,A02300,18
P01846,A02302,19
P01846,A02303,20
P01846,A02479,5
P01846,A02759,3
P01846,A02760,9
P01846,A02864,7
P01846,A02865,10
P01846,A03385,2
P01846,A03418,15
P01846,A03560,8
P01846,A04453,12
P01846,A04454,13
P01847,A00562,3
P01847,A02243,2
P01847,A03899,1
P01848,A03385,1
P01848,A04455,2
P01849,A00701,7
P01849,A01065,2
P01849,A01453,8
P01849,A02751,6
P01849,A04456,1
P01849,A04457,3
P01849,A04458,4
P01849,A04459,5
P01850,A04213,1
P01850,A04460,2
P01851,A00448,3
P01851,A00877,4
P01851,A02620,5
P01851,A04136,6
P01851,A04461,1
P01851,A04462,2
P01852,A00018,4
P01852,A00268,2
P01852,A03174,1
P01852,A03175,3
P01853,A03205,7
P01853,A03255,4
P01853,A04463,1
P01853,A04464,2
P01853,A04465,3
P01853,A04466,5
P01853,A04467,6
P01854,A01649,1
P01854,A02153,2
P01854,A04427,3
P01854,A04428,4
P01854,A04468,5
P01855,A00843,4
P01855,A02291,1
P01855,A04469,2
P01855,A04470,3
P01856,A01988,2
P01856,A04471,1
P01857,A00500,8
P01857,A01892,7
P01857,A04472,1
P01857,A04473,2
P01857,A04474,3
P01857,A04475,4
P01857,A04476,5
P01857,A04477,6
P01858,A00272,5
P01858,A01308,6
P01858,A01678,7
P01858,A03422,4
P01858,A04478,1
P01858,A04479,2
P01858,A04480,3
P01858,A04481,8
P01858,A04482,9
P01858,A04483,10
P01859,A01682,2
P01859,A01683,6
P01859,A02904,1
P01859,A04484,3
P01859,A04485,4
P01859,A04486,5
P01860,A00824,10
P01860,A01991,8
P01860,A04323,7
P01860,A04412,4
P01860,A04487,1
P01860,A04488,2
P01860,A04489,3
P01860,A04490,5
P01860,A04491,6
P01860,A04492,9
P01861,A00048,2
P01861,A00066,1
P01862,A00558,4
P01862,A01605,3
P01862,A04493,1
P01862,A04494,2
P01863,A02728,1
P01863,A03021,4
P01863,A03221,8
P01863,A04272,5
P01863,A04274,6
P01863,A04495,2
P01863,A04496,3
P01863,A04497,7
P01863,A04498,9
P01864,A04499,1
P01864,A04500,2
P01864,A04501,3
P01864,A04502,4
P01864,A04503,5
P01865,A01320,1
P01865,A04504,2
P01866,A00066,4
P01866,A01915,3
P01866,A02124,1
P01866,A02125,2
P01867,A00562,2
P01867,A00770,3
P01867,A02773,1
P01867,A03129,5
P01867,A04505,4
P01868,A04506,1
P01868,A04507,2
P01868,A04508,3
P01868,A04509,4
P01869,A00506,2
P01869,A00570,8
P01869,A00729,6
P01869,A00767,11
P01869,A00791,10
P01869,A00799,9
P01869,A01066,1
P01869,A02293,12
P01869,A03389,4
P01869,A04510,3
P01869,A04511,5
P01869,A04512,7
P01870,A03265,5
P01870,A03266,1
P01870,A03268,8
P01870,A03269,15
P01870,A04417,14
P01870,A04419,12
P01870,A04513,2
P01870,A04514,3
P01870,A04515,4
P01870,A04516,6
P01870,A04517,7
P01870,A04518,9
P01870,A04519,10
P01870,A04520,11
P01870,A04521,13
P01870,A04522,16
P01870,A04523,17
P01870,A04524,18
P01871,A03569,1
P01871,A03570,2
P01871,A03571,3
P01871,A03574,6
P01871,A03577,14
P01871,A03578,9
P01871,A03579,4
P01871,A03581,5
P01871,A03584,7
P01871,A03585,8
P01871,A03586,12
P01871,A03587,16
P01871,A03589,18
P01871,A04032,13
P01871,A04063,10
P01871,A04525,11
P01871,A04526,15
P01871,A04527,17
P01872,A00570,5
P01872,A00824,7
P01872,A00843,8
P01872,A00877,6
P01872,A02125,4
P01872,A02600,2
P01872,A02885,3
P01872,A03044,1
P01873,A00541,1
P01873,A02297,2
P01873,A04528,3
P01874,A04363,2
P01874,A04365,1
P01874,A04529,3
P01875,A00670,2
P01875,A01233,1
P01875,A01528,5
P01875,A01735,7
P01875,A02080,8
P01875,A02113,6
P01875,A02809,3
P01875,A04307,9
P01875,A04530,4
P01876,A00081,10
P01876,A00673,2
P01876,A00785,6
P01876,A00791,8
P01876,A01844,9
P01876,A02893,7
P01876,A03981,4
P01876,A04355,5
P01876,A04531,1
P01876,A04532,3
P01877,A03792,4
P01877,A04533,1
P01877,A04534,2
P01877,A04535,3
P01877,A04536,5
P01877,A04537,6
P01877,A04538,7
P01878,A01499,4
P01878,A01615,5
P01878,A02553,6
P01878,A02650,2
P01878,A04539,1
P01878,A04540,3
P01879,A00066,8
P01879,A01182,2
P01879,A01678,4
P01879,A02716,1
P01879,A02717,5
P01879,A03404,6
P01879,A03971,7
P01879,A04541,3
P01880,A01999,1
P01881,A02490,1
P01881,A03488,2
P01881,A03489,3
P01882,A04542,1
P01882,A04543,2
P01882,A04544,3
P01883,A03255,1
P01883,A04465,9
P01883,A04545,2
P01883,A04546,3
P01883,A04547,4
P01883,A04548,5
P01883,A04549,6
P01883,A04550,7
P01883,A04551,8
P01883,A04552,10
P01884,A00081,8
P01884,A00314,12
P01884,A00767,6
P01884,A00791,5
P01884,A00805,15
P01884,A00985,11
P01884,A01073,13
P01884,A01820,9
P01884,A02223,2
P01884,A02224,3
P01884,A02292,4
P01884,A03593,10
P01884,A03596,14
P01884,A03686,7
P01884,A04553,1
P01885,A00290,5
P01885,A00299,10
P01885,A00824,11
P01885,A00849,2
P01885,A01227,4
P01885,A01601,6
P01885,A02125,7
P01885,A02407,8
P01885,A03221,9
P01885,A03418,1
P01885,A04554,3
P01886,A00612,5
P01886,A00723,3
P01886,A04300,1
P01886,A04301,4
P01886,A04303,2
P01886,A04344,8
P01886,A04358,6
P01886,A04555,7
P01887,A00081,5
P01887,A00795,6
P01887,A02293,7
P01887,A03125,4
P01887,A03228,3
P01887,A03932,8
P01887,A04556,1
P01887,A04557,2
P01888,A02979,6
P01888,A03655,10
P01888,A03656,2
P01888,A03657,9
P01888,A03658,4
P01888,A04558,1
P01888,A04559,3
P01888,A04560,5
P01888,A04561,7
P01888,A04562,8
P01889,A03574,5
P01889,A03581,3
P01889,A03583,6
P01889,A03584,7
P01889,A03586,12
P01889,A04525,9
P01889,A04551,11
P01889,A04563,1
P01889,A04564,2
P01889,A04565,4
P01889,A04566,8
P01889,A04567,10
P01889,A04568,13
P01889,A04569,14
P01889,A04570,15
P01889,A04571,16
P01889,A04572,17
P01890,A02255,2
P01890,A03065,6
P01890,A04573,1
P01890,A04574,3
P01890,A04575,4
P01890,A04576,5
P01891,A00824,8
P01891,A01991,6
P01891,A03540,2
P01891,A03795,7
P01891,A03954,9
P01891,A04048,4
P01891,A04577,1
P01891,A04578,3
P01891,A04579,5
P01892,A00617,9
P01892,A00797,12
P01892,A01981,4
P01892,A02179,6
P01892,A02390,5
P01892,A02989,10
P01892,A03297,7
P01892,A04407,11
P01892,A04580,1
P01892,A04581,2
P01892,A04582,3
P01892,A04583,8
P01893,A04328,3
P01893,A04438,1
P01893,A04440,2
P01894,A04145,1
P01894,A04147,3
P01894,A04148,5
P01894,A04357,4
P01894,A04584,2
P01895,A00290,3
P01895,A01227,2
P01895,A02620,7
P01895,A03418,8
P01895,A04585,1
P01895,A04586,4
P01895,A04587,5
P01895,A04588,6
P01896,A00672,4
P01896,A00701,1
P01896,A01052,2
P01896,A02828,3
P01897,A03332,13
P01897,A03772,11
P01897,A04068,3
P01897,A04589,1
P01897,A04590,2
P01897,A04591,4
P01897,A04592,5
P01897,A04593,6
P01897,A04594,7
P01897,A04595,8
P01897,A04596,9
P01897,A04597,10
P01897,A04598,12
P01898,A03265,2
P01898,A03266,3
P01898,A03268,1
P01898,A04599,4
P01898,A04600,5
P01898,A04601,6
P01898,A04602,7
P01898,A04603,8
P01898,A04604,9
P01898,A04605,10
P01898,A04606,11
P01899,A00570,3
P01899,A00805,4
P01899,A01066,1
P01899,A02399,2
P01900,A00723,2
P01900,A01314,3
P01900,A02034,1
P01901,A00066,8
P01901,A00081,10
P01901,A00507,3
P01901,A00729,6
P01901,A00791,9
P01901,A01066,1
P01901,A02125,7
P01901,A02399,2
P01901,A03271,4
P01901,A04607,5
P01902,A01028,2
P01902,A04608,1
P01902,A04609,3
P01903,A01567,3
P01903,A03251,2
P01903,A04610,1
P01904,A00849,2
P01904,A01300,1
P01904,A01991,4
P01904,A04611,3
P01905,A00443,2
P01905,A04612,1
P01905,A04613,3
P01906,A02425,3
P01906,A02489,4
P01906,A03397,1
P01906,A03505,2
P01906,A03506,5
P01907,A00570,4
P01907,A00824,7
P01907,A00843,8
P01907,A00877,6
P01907,A02125,5
P01907,A02600,2
P01907,A02885,3
P01907,A03044,1
P01908,A00066,6
P01908,A01915,3
P01908,A02125,2
P01908,A02921,5
P01908,A04045,4
P01908,A04614,1
P01909,A00266,1
P01909,A00890,4
P01909,A01534,3
P01909,A04615,2
P01910,A00490,4
P01910,A00815,3
P01910,A04616,1
P01910,A04617,2
P01911,A00622,2
P01911,A01427,3
P01911,A02683,4
P01911,A04618,1
P01912,A00426,2
P01912,A04619,1
P01912,A04620,3
P01913,A00276,3
P01913,A04621,1
P01913,A04622,2
P01913,A04623,4
P01914,A00081,14
P01914,A00314,13
P01914,A00374,8
P01914,A00791,16
P01914,A00797,12
P01914,A00985,2
P01914,A01073,5
P01914,A01236,6
P01914,A01416,10
P01914,A01820,3
P01914,A02223,4
P01914,A03593,15
P01914,A03600,1
P01914,A04361,9
P01914,A04624,7
P01914,A04625,11
P01915,A04626,1
P01915,A04627,2
P01915,A04628,3
P01915,A04629,4
P01915,A04630,5
P01916,A04631,1
P01916,A04632,2
P01917,A01057,2
P01917,A01058,4
P01917,A01514,1
P01917,A02083,3
P01917,A02125,6
P01917,A04633,5
P01917,A04634,7
P01917,A04635,8
P01918,A01521,3
P01918,A01882,12
P01918,A04636,1
P01918,A04637,2
P01918,A04638,4
P01918,A04639,5
P01918,A04640,6
P01918,A04641,7
P01918,A04642,8
P01918,A04643,9
P01918,A04644,10
P01918,A04645,11
P01919,A04646,1
P01919,A04647,2
P01919,A04648,3
P01920,A01821,2
P01920,A03904,3
P01920,A04040,1
P01920,A04649,4
P01920,A04650,5
P01921,A04651,1
P01922,A04652,1
P01922,A04653,2
P01922,A04654,3
P01923,A00431,5
P01923,A01550,2
P01923,A03318,4
P01923,A04655,1
P01923,A04656,3
P01924,A01604,2
P01924,A04657,1
P01925,A01182,2
P01925,A01678,4
P01925,A02716,1
P01925,A03967,3
P01926,A03204,4
P01926,A03579,6
P01926,A03920,9
P01926,A04658,1
P01926,A04659,2
P01926,A04660,3
P01926,A04661,5
P01926,A04662,7
P01926,A04663,8
P01926,A04664,10
P01927,A03569,15
P01927,A03570,2
P01927,A03571,3
P01927,A03572,8
P01927,A03578,11
P01927,A03579,9
P01927,A03580,1
P01927,A03581,16
P01927,A03584,17
P01927,A03586,19
P01927,A03588,21
P01927,A03589,10
P01927,A03591,4
P01927,A04571,20
P01927,A04665,5
P01927,A04666,6
P01927,A04667,7
P01927,A04668,12
P01927,A04669,13
P01927,A04670,14
P01927,A04671,18
P01927,A04672,22
P01928,A00299,5
P01928,A00849,8
P01928,A02125,9
P01928,A02203,4
P01928,A02906,3
P01928,A03290,2
P01928,A03291,1
P01928,A03292,6
P01928,A04347,10
P01928,A04673,7
P01929,A03268,4
P01929,A04600,1
P01929,A04601,6
P01929,A04674,2
P01929,A04675,3
P01929,A04676,5
P01929,A04677,7
P01929,A04678,8
P01929,A04679,9
P01929,A04680,10
P01929,A04681,11
P01929,A04682,12
P01929,A04683,13
P01929,A04684,14
P01929,A04685,15
P01929,A04686,16
P01929,A04687,17
P01930,A03371,4
P01930,A04688,1
P01930,A04689,2
P01930,A04690,3
P01931,A00785,11
P01931,A00791,10
P01931,A03062,2
P01931,A03064,1
P01931,A03066,4
P01931,A03414,5
P01931,A03935,6
P01931,A03937,7
P01931,A04081,9
P01931,A04082,8
P01931,A04691,3
P01932,A04692,1
P01932,A04693,2
P01932,A04694,3
P01932,A04695,4
P01932,A04696,5
P01932,A04697,6
P01933,A02252,2
P01933,A02253,3
P01933,A04698,1
P01933,A04699,4
P01933,A04700,5
P01934,A00487,6
P01934,A01299,2
P01934,A01404,3
P01934,A02034,4
P01934,A02534,5
P01934,A04701,1
P01935,A02046,3
P01935,A04702,1
P01935,A04703,2
P01935,A04704,4
P01935,A04705,5
P01935,A04706,6
P01935,A04707,7
P01936,A00431,7
P01936,A00951,5
P01936,A02125,2
P01936,A02291,6
P01936,A02407,3
P01936,A03883,1
P01936,A04708,4
P01936,A04709,8
P01937,A00066,6
P01937,A01915,3
P01937,A02125,2
P01937,A02921,5
P01937,A04045,4
P01937,A04710,1
P01938,A00843,3
P01938,A04711,1
P01938,A04712,2
P01939,A00541,2
P01939,A00843,3
P01939,A04048,1
P01940,A00657,4
P01940,A01842,1
P01940,A02870,2
P01940,A04713,3
P01941,A00471,2
P01941,A00488,4
P01941,A04408,3
P01941,A04714,1
P01942,A04021,4
P01942,A04022,5
P01942,A04715,1
P01942,A04716,2
P01942,A04717,3
P01942,A04718,6
P01942,A04719,7
P01943,A00266,1
P01944,A00460,3
P01944,A00490,2
P01944,A04720,1
P01945,A00824,10
P01945,A01300,11
P01945,A01991,8
P01945,A03396,3
P01945,A03795,9
P01945,A04040,5
P01945,A04323,7
P01945,A04579,6
P01945,A04721,1
P01945,A04722,2
P01945,A04723,4
P01946,A00614,4
P01946,A01439,5
P01946,A01442,2
P01946,A01447,3
P01946,A02843,1
P01946,A04724,6
P01947,A03553,1
P01947,A03554,5
P01947,A03556,6
P01947,A03557,10
P01947,A03558,9
P01947,A03559,8
P01947,A04725,2
P01947,A04726,3
P01947,A04727,4
P01947,A04728,7
P01947,A04729,11
P01948,A04730,1
P01949,A01840,7
P01949,A02057,3
P01949,A04731,1
P01949,A04732,2
P01949,A04733,4
P01949,A04734,5
P01949,A04735,6
P01950,A00170,6
P01950,A00738,5
P01950,A04736,1
P01950,A04737,2
P01950,A04738,3
P01950,A04739,4
P01951,A00865,4
P01951,A01744,3
P01951,A01745,2
P01951,A03790,1
P01952,A00892,2
P01952,A03847,3
P01952,A04214,1
P01953,A01070,1
P01954,A00918,1
P01954,A04740,2
P01954,A04741,3
P01954,A04742,4
P01954,A04743,5
P01954,A04744,6
P01954,A04745,7
P01954,A04746,8
P01954,A04747,9
P01954,A04748,10
P01954,A04749,11
P01954,A04750,12
P01954,A04751,13
P01954,A04752,14
P01955,A00723,6
P01955,A00761,1
P01955,A01649,7
P01955,A02034,5
P01955,A03396,2
P01955,A04753,3
P01955,A04754,4
P01956,A01649,6
P01956,A02153,5
P01956,A03795,1
P01956,A04323,2
P01956,A04755,3
P01956,A04756,4
P01957,A01650,3
P01957,A02542,4
P01957,A04181,2
P01957,A04183,1
P01958,A00575,1
P01958,A02125,2
P01958,A03811,6
P01958,A03924,4
P01958,A04757,3
P01958,A04758,5
P01958,A04759,7
P01958,A04760,8
P01959,A00629,3
P01959,A04761,1
P01959,A04762,2
P01960,A00447,4
P01960,A00709,2
P01960,A03016,3
P01960,A04763,1
P01961,A03771,19
P01961,A03772,2
P01961,A03860,14
P01961,A03879,20
P01961,A03906,18
P01961,A04066,10
P01961,A04068,12
P01961,A04202,13
P01961,A04764,1
P01961,A04765,3
P01961,A04766,4
P01961,A04767,5
P01961,A04768,6
P01961,A04769,7
P01961,A04770,8
P01961,A04771,9
P01961,A04772,11
P01961,A04773,15
P01961,A04774,16
P01961,A04775,17
P01961,A04776,21
P01962,A03772,7
P01962,A03879,9
P01962,A03906,4
P01962,A04765,8
P01962,A04772,5
P01962,A04777,1
P01962,A04778,2
P01962,A04779,3
P01962,A04780,6
P01962,A04781,10
P01963,A03325,2
P01963,A03326,1
P01963,A03327,3
P01963,A03328,4
P01963,A03329,5
P01964,A00562,2
P01964,A02240,3
P01964,A03408,1
P01965,A00144,2
P01965,A02240,3
P01965,A02906,4
P01965,A04782,1
P01966,A04783,1
P01967,A00266,3
P01967,A02260,2
P01967,A04078,5
P01967,A04615,4
P01967,A04784,1
P01968,A00144,2
P01968,A02240,3
P01968,A04782,1
P01969,A01365,5
P01969,A01504,3
P01969,A04785,1
P01969,A04786,2
P01969,A04787,4
P01970,A00081,8
P01970,A00124,4
P01970,A00645,3
P01970,A00805,10
P01970,A00994,9
P01970,A01297,7
P01970,A02402,2
P01970,A02987,5
P01970,A04788,1
P01970,A04789,6
P01970,A04790,11
P01971,A03809,1
P01971,A04791,2
P01972,A01402,2
P01972,A04021,3
P01972,A04792,1
P01973,A00272,17
P01973,A00492,25
P01973,A00714,2
P01973,A00763,23
P01973,A01164,15
P01973,A01540,7
P01973,A01541,8
P01973,A03168,18
P01973,A03216,20
P01973,A04793,1
P01973,A04794,3
P01973,A04795,4
P01973,A04796,5
P01973,A04797,6
P01973,A04798,9
P01973,A04799,10
P01973,A04800,11
P01973,A04801,12
P01973,A04802,13
P01973,A04803,14
P01973,A04804,16
P01973,A04805,19
P01973,A04806,21
P01973,A04807,22
P01973,A04808,24
P01973,A04809,26
P01974,A04810,1
P01974,A04811,2
P01974,A04812,3
P01975,A00290,4
P01975,A00614,2
P01975,A01233,3
P01975,A01447,5
P01975,A04813,1
P01976,A02864,3
P01976,A04689,2
P01976,A04814,1
P01977,A00081,12
P01977,A00605,1
P01977,A00723,16
P01977,A00770,9
P01977,A00771,8
P01977,A00791,4
P01977,A00795,13
P01977,A00799,3
P01977,A01027,2
P01977,A01309,7
P01977,A01751,17
P01977,A01821,15
P01977,A02125,18
P01977,A02895,5
P01977,A03106,11
P01977,A03389,14
P01977,A03931,6
P01977,A04815,10
P01978,A02975,8
P01978,A02979,7
P01978,A03653,1
P01978,A03655,5
P01978,A03658,6
P01978,A04816,2
P01978,A04817,3
P01978,A04818,4
P01979,A04819,1
P01979,A04820,2
P01979,A04821,3
P01979,A04822,4
P01979,A04823,5
P01979,A04824,6
P01980,A03457,2
P01980,A03460,1
P01980,A03508,5
P01980,A04825,3
P01980,A04826,4
P01981,A04827,1
P01981,A04828,2
P01981,A04829,3
P01981,A04830,4
P01982,A03481,2
P01982,A04831,1
P01982,A04832,3
P01982,A04833,4
P01982,A04834,5
P01982,A04835,6
P01982,A04836,7
P01982,A04837,8
P01982,A04838,9
P01983,A04839,1
P01983,A04840,2
P01983,A04841,3
P01984,A00106,4
P01984,A04213,1
P01984,A04214,3
P01984,A04842,2
P01985,A00077,4
P01985,A00431,9
P01985,A00562,3
P01985,A01300,6
P01985,A02126,2
P01985,A04380,5
P01985,A04843,1
P01985,A04844,7
P01985,A04845,8
P01986,A04115,30
P01986,A04830,2
P01986,A04846,1
P01986,A04847,3
P01986,A04848,4
P01986,A04849,5
P01986,A04850,6
P01986,A04851,7
P01986,A04852,8
P01986,A04853,9
P01986,A04854,10
P01986,A04855,11
P01986,A04856,12
P01986,A04857,13
P01986,A04858,14
P01986,A04859,15
P01986,A04860,16
P01986,A04861,17
P01986,A04862,18
P01986,A04863,19
P01986,A04864,20
P01986,A04865,21
P01986,A04866,22
P01986,A04867,23
P01986,A04868,24
P01986,A04869,25
P01986,A04870,26
P01986,A04871,27
P01986,A04872,28
P01986,A04873,29
P01986,A04874,31
P01986,A04875,32
P01986,A04876,33
P01986,A04877,34
P01986,A04878,35
P01986,A04879,36
P01986,A04880,37
P01986,A04881,38
P01986,A04882,39
P01986,A04883,40
P01986,A04884,41
P01986,A04885,42
P01986,A04886,43
P01986,A04887,44
P01986,A04888,45
P01986,A04889,46
P01986,A04890,47
P01986,A04891,48
P01986,A04892,49
P01986,A04893,50
P01987,A04894,1
P01987,A04895,2
P01988,A00268,2
P01988,A04240,1
P01989,A04896,1
P01989,A04897,2
P01989,A04898,3
P01989,A04899,4
P01989,A04900,5
P01989,A04901,6
P01989,A04902,7
P01989,A04903,8
P01989,A04904,9
P01990,A00080,14
P01990,A00447,2
P01990,A01661,8
P01990,A03382,1
P01990,A03383,6
P01990,A04243,4
P01990,A04905,3
P01990,A04906,5
P01990,A04907,7
P01990,A04908,9
P01990,A04909,10
P01990,A04910,11
P01990,A04911,12
P01990,A04912,13
P01991,A01604,2
P01991,A04657,1
P01992,A04913,1
P01992,A04914,2
P01993,A00629,2
P01993,A04304,1
P01994,A00276,4
P01994,A04621,2
P01994,A04622,3
P01994,A04623,1
P01995,A00475,3
P01995,A03271,5
P01995,A04234,2
P01995,A04915,1
P01995,A04916,4
P01996,A01751,8
P01996,A03062,1
P01996,A03063,2
P01996,A03064,6
P01996,A03066,7
P01996,A03067,9
P01996,A03935,5
P01996,A03937,4
P01996,A04081,3
P01997,A02246,1
P01997,A04917,2
P01997,A04918,3
P01997,A04919,4
P01998,A04920,1
P01998,A04921,2
P01999,A00723,2
P01999,A01299,3
P01999,A01314,4
P01999,A01404,5
P01999,A02034,1
P02000,A03895,3
P02000,A03896,1
P02000,A03897,2
P02000,A04922,4
P02001,A04923,1
P02001,A04924,2
P02002,A00066,7
P02002,A00526,1
P02002,A00570,6
P02002,A01103,3
P02002,A01481,4
P02002,A02122,10
P02002,A03884,2
P02002,A04925,5
P02002,A04926,8
P02002,A04927,9
P02002,A04928,11
P02003,A04929,1
P02003,A04930,2
P02003,A04931,3
P02003,A04932,4
P02003,A04933,5
P02003,A04934,6
P02004,A00541,2
P02004,A00834,4
P02004,A02725,5
P02004,A04935,1
P02004,A04936,3
P02005,A00298,3
P02005,A00562,2
P02005,A02773,1
P02006,A03792,3
P02006,A04534,1
P02006,A04535,4
P02006,A04536,5
P02006,A04937,2
P02006,A04938,6
P02007,A00622,4
P02007,A00799,8
P02007,A01308,5
P02007,A02293,7
P02007,A04478,1
P02007,A04479,2
P02007,A04480,3
P02007,A04939,6
P02007,A04940,9
P02008,A03785,14
P02008,A03920,19
P02008,A04068,13
P02008,A04202,7
P02008,A04772,12
P02008,A04941,1
P02008,A04942,2
P02008,A04943,3
P02008,A04944,4
P02008,A04945,5
P02008,A04946,6
P02008,A04947,8
P02008,A04948,9
P02008,A04949,10
P02008,A04950,11
P02008,A04951,15
P02008,A04952,16
P02008,A04953,17
P02008,A04954,18
P02008,A04955,20
P02009,A02715,3
P02009,A04421,5
P02009,A04956,1
P02009,A04957,2
P02009,A04958,4
P02009,A04959,6
P02009,A04960,7
P02009,A04961,8
P02009,A04962,9
P02010,A00657,2
P02010,A02284,3
P02010,A02870,1
P02010,A04963,4
P02010,A04964,5
P02011,A02464,1
P02011,A03131,2
P02012,A00196,2
P02012,A04965,1
P02013,A02977,9
P02013,A04966,1
P02013,A04967,2
P02013,A04968,3
P02013,A04969,4
P02013,A04970,5
P02013,A04971,6
P02013,A04972,7
P02013,A04973,8
P02014,A03125,4
P02014,A03228,3
P02014,A04556,2
P02014,A04557,1
P02015,A00006,5
P02015,A00314,10
P02015,A00791,11
P02015,A00985,9
P02015,A02512,2
P02015,A03253,3
P02015,A03280,1
P02015,A03943,4
P02015,A04974,6
P02015,A04975,7
P02015,A04976,8
P02016,A00605,4
P02016,A00723,5
P02016,A00865,8
P02016,A01744,3
P02016,A01745,2
P02016,A01751,7
P02016,A02895,6
P02016,A04404,1
P02017,A00767,5
P02017,A03934,6
P02017,A04283,4
P02017,A04977,1
P02017,A04978,2
P02017,A04979,3
P02018,A04980,1
P02018,A04981,2
P02019,A04982,1
P02019,A04983,2
P02019,A04984,3
P02019,A04985,4
P02019,A04986,5
P02020,A04020,5
P02020,A04021,3
P02020,A04022,6
P02020,A04715,1
P02020,A04987,2
P02020,A04988,4
P02021,A02132,3
P02021,A03943,7
P02021,A04989,1
P02021,A04990,2
P02021,A04991,4
P02021,A04992,5
P02021,A04993,6
P02022,A00081,12
P02022,A00767,9
P02022,A00791,8
P02022,A00795,11
P02022,A00805,5
P02022,A01073,15
P02022,A01309,13
P02022,A02223,2
P02022,A02224,4
P02022,A02293,14
P02022,A02601,6
P02022,A02907,7
P02022,A03686,10
P02022,A03930,3
P02022,A04994,1
P02023,A04995,1
P02023,A04996,2
P02023,A04997,3
P02023,A04998,4
P02023,A04999,5
P02023,A05000,6
P02023,A05001,7
P02023,A05002,8
P02023,A05003,9
P02024,A03756,3
P02024,A05004,1
P02024,A05005,2
P02024,A05006,4
P02024,A05007,5
P02024,A05008,6
P02025,A02702,1
P02025,A05009,2
P02025,A05010,3
P02026,A00843,2
P02026,A04327,3
P02026,A04328,1
P02026,A05011,4
P02027,A00272,1
P02027,A01499,2
P02028,A00029,6
P02028,A01212,4
P02028,A01282,5
P02028,A04384,1
P02028,A04385,2
P02028,A04386,3
P02029,A00266,7
P02029,A00731,9
P02029,A00905,10
P02029,A01821,8
P02029,A05012,1
P02029,A05013,2
P02029,A05014,3
P02029,A05015,4
P02029,A05016,5
P02029,A05017,6
P02030,A00612,3
P02030,A05018,1
P02030,A05019,2
P02031,A00801,2
P02031,A01558,4
P02031,A05020,1
P02031,A05021,3
P02032,A02572,3
P02032,A05022,1
P02032,A05023,2
P02032,A05024,4
P02032,A05025,5
P02032,A05026,6
P02032,A05027,7
P02032,A05028,8
P02032,A05029,9
P02033,A05030,1
P02033,A05031,2
P02034,A00447,4
P02034,A00709,2
P02034,A03016,3
P02034,A04763,1
P02034,A05032,5
P02035,A00081,6
P02035,A00797,7
P02035,A03228,3
P02035,A04556,2
P02035,A05033,1
P02035,A05034,4
P02035,A05035,5
P02036,A03267,6
P02036,A03268,4
P02036,A03269,5
P02036,A04419,1
P02036,A04606,11
P02036,A05036,2
P02036,A05037,3
P02036,A05038,7
P02036,A05039,8
P02036,A05040,9
P02036,A05041,10
P02036,A05042,12
P02037,A00006,5
P02037,A00081,11
P02037,A00314,9
P02037,A00985,10
P02037,A01535,7
P02037,A02512,2
P02037,A03253,3
P02037,A03593,8
P02037,A03943,4
P02037,A05043,1
P02037,A05044,6
P02038,A00006,3
P02038,A04267,1
P02038,A05045,2
P02039,A00066,7
P02039,A01915,3
P02039,A02125,2
P02039,A02921,6
P02039,A03258,4
P02039,A03934,8
P02039,A04045,5
P02039,A04710,1
P02039,A05046,9
P02039,A05047,10
P02039,A05048,11
P02040,A00723,2
P02040,A02055,1
P02040,A03660,3
P02041,A00006,2
P02041,A00447,3
P02041,A02051,1
P02042,A00440,2
P02042,A05049,1
P02043,A00130,1
P02043,A02610,3
P02043,A02611,4
P02043,A05050,2
P02044,A00006,2
P02044,A01010,3
P02044,A02066,1
P02045,A01629,3
P02045,A02123,2
P02045,A04140,1
P02046,A02563,9
P02046,A05051,1
P02046,A05052,2
P02046,A05053,3
P02046,A05054,4
P02046,A05055,5
P02046,A05056,6
P02046,A05057,7
P02046,A05058,8
P02046,A05059,10
P02047,A00950,2
P02047,A02297,1
P02048,A00081,12
P02048,A00723,1
P02048,A00770,13
P02048,A00795,6
P02048,A00865,9
P02048,A00973,16
P02048,A01299,7
P02048,A01309,11
P02048,A01499,2
P02048,A01752,8
P02048,A02034,3
P02048,A03248,5
P02048,A03422,4
P02048,A04299,14
P02048,A04303,15
P02048,A05060,10
P02049,A00124,14
P02049,A00221,2
P02049,A01152,3
P02049,A01740,4
P02049,A01838,10
P02049,A01840,11
P02049,A01854,15
P02049,A02015,13
P02049,A02028,7
P02049,A02708,9
P02049,A03731,5
P02049,A05061,1
P02049,A05062,6
P02049,A05063,8
P02049,A05064,12
P02050,A01028,2
P02050,A02832,1
P02050,A05065,3
P02050,A05066,4
P02051,A00068,2
P02051,A00211,3
P02051,A05067,1
P02052,A00066,8
P02052,A00299,13
P02052,A00614,14
P02052,A01442,7
P02052,A01447,3
P02052,A02122,6
P02052,A02308,1
P02052,A02658,4
P02052,A05068,2
P02052,A05069,5
P02052,A05070,9
P02052,A05071,10
P02052,A05072,11
P02052,A05073,12
P02053,A02300,5
P02053,A02759,1
P02053,A04403,12
P02053,A05074,2
P02053,A05075,3
P02053,A05076,4
P02053,A05077,6
P02053,A05078,7
P02053,A05079,8
P02053,A05080,9
P02053,A05081,10
P02053,A05082,11
P02053,A05083,13
P02053,A05084,14
P02053,A05085,15
P02053,A05086,16
P02053,A05087,17
P02053,A05088,18
P02053,A05089,19
P02054,A00614,7
P02054,A00822,25
P02054,A01602,1
P02054,A01753,11
P02054,A01983,6
P02054,A02148,12
P02054,A02290,15
P02054,A02906,17
P02054,A03190,24
P02054,A03757,4
P02054,A03795,14
P02054,A04136,23
P02054,A04544,22
P02054,A05090,2
P02054,A05091,3
P02054,A05092,5
P02054,A05093,8
P02054,A05094,9
P02054,A05095,10
P02054,A05096,13
P02054,A05097,16
P02054,A05098,18
P02054,A05099,19
P02054,A05100,20
P02054,A05101,21
P02055,A03062,2
P02055,A03064,1
P02055,A03066,5
P02055,A03414,6
P02055,A03935,4
P02055,A03937,7
P02055,A04691,3
P02056,A00965,2
P02056,A01477,7
P02056,A02296,1
P02056,A02464,4
P02056,A03524,6
P02056,A05102,3
P02056,A05103,5
P02056,A05104,8
P02056,A05105,9
P02057,A01802,3
P02057,A01804,4
P02057,A05106,1
P02057,A05107,2
P02058,A05108,1
P02059,A00066,5
P02059,A00290,11
P02059,A00421,1
P02059,A00562,7
P02059,A00717,4
P02059,A00950,6
P02059,A01447,15
P02059,A01821,13
P02059,A01833,14
P02059,A02464,3
P02059,A02760,16
P02059,A03385,2
P02059,A03418,10
P02059,A03560,17
P02059,A05109,8
P02059,A05110,9
P02059,A05111,12
P02060,A05112,1
P02060,A05113,2
P02060,A05114,3
P02060,A05115,4
P02061,A00849,3
P02061,A01991,1
P02061,A03900,4
P02061,A03954,2
P02062,A00562,2
P02062,A00770,3
P02062,A02773,1
P02062,A03129,5
P02062,A04505,4
P02063,A00298,3
P02063,A00562,2
P02063,A02773,1
P02064,A00290,2
P02064,A00824,5
P02064,A01227,3
P02064,A04148,4
P02064,A05116,1
P02065,A00030,3
P02065,A00648,1
P02065,A05117,2
P02065,A05118,4
P02066,A03808,1
P02066,A03809,2
P02067,A01066,1
P02067,A05119,2
P02068,A03068,2
P02068,A03966,1
P02069,A00892,1
P02069,A01056,3
P02069,A02751,2
P02070,A04073,2
P02070,A05120,1
P02071,A01649,1
P02071,A02153,2
P02072,A03560,1
P02073,A00950,6
P02073,A00973,3
P02073,A03072,4
P02073,A04339,1
P02073,A05121,2
P02073,A05122,5
P02074,A00006,4
P02074,A04976,5
P02074,A04993,2
P02074,A05123,1
P02074,A05124,3
P02075,A00492,2
P02075,A04919,4
P02075,A05102,1
P02075,A05125,3
P02076,A01442,2
P02076,A03540,1
P02077,A05126,1
P02077,A05127,2
P02077,A05128,3
P02077,A05129,4
P02077,A05130,5
P02077,A05131,6
P02077,A05132,7
P02077,A05133,8
P02077,A05134,9
P02077,A05135,10
P02077,A05136,11
P02078,A00290,4
P02078,A01227,5
P02078,A03421,3
P02078,A04086,1
P02078,A04092,2
P02079,A01326,6
P02079,A01676,7
P02079,A01678,5
P02079,A02600,2
P02079,A02885,4
P02079,A03044,3
P02079,A05137,1
P02080,A02580,2
P02080,A03167,4
P02080,A05138,1
P02080,A05139,3
P02080,A05140,5
P02080,A05141,6
P02081,A05142,1
P02081,A05143,2
P02082,A00101,2
P02082,A02580,4
P02082,A04309,1
P02082,A04310,3
P02083,A00843,2
P02083,A02600,3
P02083,A03168,4
P02083,A05144,1
P02084,A05145,1
P02084,A05146,2
P02084,A05147,3
P02085,A00824,11
P02085,A00843,12
P02085,A00877,10
P02085,A02125,6
P02085,A02600,2
P02085,A02885,5
P02085,A02906,9
P02085,A03044,1
P02085,A03795,4
P02085,A04323,3
P02085,A04347,8
P02085,A05148,7
P02086,A00066,8
P02086,A00723,3
P02086,A01633,1
P02086,A02125,2
P02086,A05149,4
P02086,A05150,5
P02086,A05151,6
P02086,A05152,7
P02087,A03468,1
P02088,A01014,6
P02088,A02132,5
P02088,A02512,8
P02088,A02902,12
P02088,A03942,7
P02088,A03943,9
P02088,A04989,4
P02088,A04990,2
P02088,A04991,3
P02088,A05153,1
P02088,A05154,10
P02088,A05155,11
P02089,A00520,2
P02089,A00805,5
P02089,A01383,4
P02089,A02464,6
P02089,A03461,1
P02089,A03462,7
P02089,A04321,3
P02090,A00424,1
P02091,A00001,7
P02091,A05156,1
P02091,A05157,2
P02091,A05158,3
P02091,A05159,4
P02091,A05160,5
P02091,A05161,6
P02092,A00130,5
P02092,A00296,4
P02092,A00349,2
P02092,A02382,1
P02092,A05162,3
P02092,A05163,6
P02093,A00505,3
P02093,A00925,5
P02093,A01406,2
P02093,A01408,4
P02093,A02592,1
P02094,A02613,3
P02094,A04722,2
P02094,A05164,1
P02095,A00562,2
P02095,A04359,1
P02096,A00196,3
P02096,A02474,2
P02096,A04326,1
P02097,A00130,2
P02097,A02610,4
P02097,A04142,3
P02097,A04915,1
P02098,A05165,1
P02098,A05166,2
P02098,A05167,3
P02098,A05168,4
P02098,A05169,5
P02098,A05170,6
P02098,A05171,7
P02099,A01744,3
P02099,A01745,1
P02099,A03790,2
P02100,A00641,2
P02100,A00950,10
P02100,A00973,7
P02100,A02690,9
P02100,A03627,6
P02100,A04339,8
P02100,A05122,1
P02100,A05172,3
P02100,A05173,4
P02100,A05174,5
P02101,A00629,1
P02101,A05175,2
P02102,A00310,1
P02102,A00617,6
P02102,A04090,2
P02102,A04406,7
P02102,A05176,3
P02102,A05177,4
P02102,A05178,5
P02103,A01907,3
P02103,A01912,2
P02103,A05179,1
P02104,A02676,2
P02104,A04843,4
P02104,A05180,1
P02104,A05181,3
P02104,A05182,5
P02105,A02151,4
P02105,A05183,1
P02105,A05184,2
P02105,A05185,3
P02106,A00732,1
P02107,A00732,1
P02108,A04929,3
P02108,A04930,2
P02108,A04931,4
P02108,A04932,5
P02108,A04933,1
P02108,A04934,6
P02109,A00049,3
P02109,A00614,2
P02109,A01233,1
P02109,A01447,4
P02109,A05186,5
P02110,A03403,8
P02110,A03971,7
P02110,A04540,2
P02110,A05187,1
P02110,A05188,3
P02110,A05189,4
P02110,A05190,5
P02110,A05191,6
P02111,A00541,1
P02111,A05192,2
P02111,A05193,3
P02112,A00511,2
P02112,A04412,1
P02112,A05194,3
P02113,A02610,2
P02113,A02611,3
P02113,A05195,1
P02114,A03468,1
P02114,A04534,2
P02115,A03488,3
P02115,A05196,1
P02115,A05197,2
P02115,A05198,4
P02116,A00849,1
P02116,A01601,2
P02116,A02218,3
P02117,A00431,4
P02117,A00475,2
P02117,A04346,3
P02117,A05199,1
P02118,A00431,15
P02118,A00824,6
P02118,A00877,9
P02118,A01300,2
P02118,A02789,14
P02118,A02792,13
P02118,A03046,12
P02118,A03179,11
P02118,A03415,1
P02118,A03416,5
P02118,A03417,3
P02118,A03418,10
P02118,A03419,8
P02118,A05200,4
P02118,A05201,7
P02119,A00066,3
P02119,A02125,2
P02119,A02921,4
P02119,A04238,5
P02119,A04239,6
P02119,A05202,1
P02120,A03269,5
P02120,A05203,1
P02120,A05204,2
P02120,A05205,3
P02120,A05206,4
P02121,A05207,1
P02121,A05208,2
P02121,A05209,3
P02122,A05210,1
P02122,A05211,2
P02123,A01567,3
P02123,A05009,2
P02123,A05010,4
P02123,A05212,1
P02124,A00066,8
P02124,A01915,5
P02124,A02124,6
P02124,A02125,2
P02124,A02280,4
P02124,A02287,1
P02124,A02407,7
P02124,A04815,3
P02125,A00049,2
P02125,A03540,1
P02126,A04156,1
P02126,A04158,4
P02126,A05213,2
P02126,A05214,3
P02126,A05215,5
P02126,A05216,6
P02126,A05217,7
P02127,A00069,3
P02127,A02462,1
P02127,A05218,2
P02128,A00144,3
P02128,A05219,1
P02128,A05220,2
P02129,A04559,3
P02129,A05221,1
P02129,A05222,2
P02129,A05223,4
P02129,A05224,5
P02129,A05225,6
P02129,A05226,7
P02129,A05227,8
P02129,A05228,9
P02130,A00805,6
P02130,A01314,2
P02130,A03248,3
P02130,A05229,1
P02130,A05230,4
P02130,A05231,5
P02131,A00081,2
P02131,A00767,7
P02131,A00791,8
P02131,A01820,10
P02131,A04283,6
P02131,A05232,1
P02131,A05233,3
P02131,A05234,4
P02131,A05235,5
P02131,A05236,9
P02131,A05237,11
P02132,A00735,4
P02132,A02962,1
P02132,A02963,2
P02132,A02964,3
P02133,A00290,6
P02133,A00735,9
P02133,A01418,3
P02133,A02620,5
P02133,A02759,7
P02133,A03452,2
P02133,A04092,4
P02133,A05238,1
P02133,A05239,8
P02134,A01804,5
P02134,A05240,1
P02134,A05241,2
P02134,A05242,3
P02134,A05243,4
P02134,A05244,6
P02134,A05245,7
P02134,A05246,8
P02135,A01821,2
P02135,A01823,4
P02135,A03904,3
P02135,A04040,1
P02135,A04650,5
P02136,A02297,2
P02136,A05247,1
P02137,A00614,2
P02137,A01447,3
P02137,A02628,4
P02137,A03884,1
P02138,A05248,1
P02138,A05249,2
P02138,A05250,3
P02139,A00006,1
P02139,A02066,3
P02139,A03945,5
P02139,A04843,4
P02139,A05251,2
P02139,A05252,6
P02140,A03468,1
P02140,A04534,2
P02140,A04937,3
P02141,A00614,4
P02141,A05253,1
P02141,A05254,2
P02141,A05255,3
P02141,A05256,5
P02141,A05257,6
P02142,A00614,5
P02142,A01447,17
P02142,A03623,3
P02142,A04428,6
P02142,A05258,1
P02142,A05259,2
P02142,A05260,4
P02142,A05261,7
P02142,A05262,8
P02142,A05263,9
P02142,A05264,10
P02142,A05265,11
P02142,A05266,12
P02142,A05267,13
P02142,A05268,14
P02142,A05269,15
P02142,A05270,16
P02142,A05271,18
P02142,A05272,19
P02142,A05273,20
P02142,A05274,21
P02142,A05275,22
P02143,A00562,2
P02143,A03408,1
P02144,A01275,1
P02144,A02150,5
P02144,A02151,4
P02144,A05276,2
P02144,A05277,3
P02144,A05278,6
P02145,A00087,4
P02145,A00290,3
P02145,A01227,2
P02145,A02620,1
P02145,A02830,7
P02145,A02963,5
P02145,A03921,6
P02146,A00614,1
P02147,A00629,1
P02147,A05279,2
P02147,A05280,3
P02148,A05281,1
P02149,A02125,4
P02149,A02389,5
P02149,A04815,3
P02149,A05282,1
P02149,A05283,2
P02149,A05284,6
P02149,A05285,7
P02149,A05286,8
P02149,A05287,9
P02150,A03267,2
P02150,A03268,5
P02150,A04419,4
P02150,A05036,1
P02150,A05038,3
P02150,A05039,6
P02150,A05041,7
P02151,A00843,2
P02151,A04327,3
P02151,A04328,1
P02151,A04438,4
P02151,A05011,5
P02152,A00570,5
P02152,A00732,9
P02152,A00805,8
P02152,A00819,6
P02152,A02600,1
P02152,A04321,7
P02152,A05176,2
P02152,A05288,3
P02152,A05289,4
P02153,A03074,3
P02153,A03272,2
P02153,A03795,5
P02153,A04323,6
P02153,A05290,1
P02153,A05291,4
P02153,A05292,7
P02154,A00731,7
P02154,A00805,4
P02154,A01237,9
P02154,A01315,6
P02154,A01915,13
P02154,A02146,5
P02154,A02220,12
P02154,A02286,1
P02154,A02327,3
P02154,A02600,2
P02154,A03406,10
P02154,A05293,8
P02154,A05294,11
P02154,A05295,14
P02155,A01449,5
P02155,A02153,4
P02155,A02906,9
P02155,A03396,7
P02155,A03795,2
P02155,A04323,3
P02155,A04505,6
P02155,A05193,8
P02155,A05296,1
P02156,A00006,5
P02156,A00967,4
P02156,A02512,2
P02156,A03253,3
P02156,A05297,1
P02157,A04073,24
P02157,A04101,15
P02157,A04102,2
P02157,A04103,3
P02157,A04104,5
P02157,A04107,6
P02157,A04108,8
P02157,A04109,9
P02157,A04110,1
P02157,A04113,11
P02157,A04114,12
P02157,A04115,16
P02157,A04117,18
P02157,A04118,19
P02157,A04121,20
P02157,A04122,21
P02157,A04123,23
P02157,A04124,25
P02157,A04125,26
P02157,A04127,27
P02157,A04129,28
P02157,A04130,29
P02157,A04131,30
P02157,A05298,4
P02157,A05299,7
P02157,A05300,10
P02157,A05301,13
P02157,A05302,14
P02157,A05303,17
P02157,A05304,22
P02158,A05015,1
P02158,A05305,2
P02158,A05306,3
P02159,A00490,2
P02159,A00815,4
P02159,A00892,5
P02159,A01058,3
P02159,A05307,1
P02160,A04438,1
P02160,A05308,2
P02160,A05309,3
P02161,A00447,5
P02161,A01558,2
P02161,A04363,4
P02161,A04365,3
P02161,A05310,1
P02162,A00290,10
P02162,A00448,12
P02162,A00507,11
P02162,A00570,9
P02162,A00805,8
P02162,A00819,1
P02162,A00843,13
P02162,A02223,6
P02162,A02464,4
P02162,A02600,5
P02162,A02656,3
P02162,A03162,2
P02162,A03389,7
P02163,A01206,4
P02163,A03954,3
P02163,A04489,1
P02163,A05311,2
P02164,A00066,1
P02164,A01475,6
P02164,A02183,4
P02164,A02189,5
P02164,A02921,2
P02164,A05312,3
P02165,A00440,20
P02165,A00757,18
P02165,A01473,1
P02165,A01670,6
P02165,A02177,3
P02165,A02283,13
P02165,A04362,5
P02165,A05313,2
P02165,A05314,4
P02165,A05315,7
P02165,A05316,8
P02165,A05317,9
P02165,A05318,10
P02165,A05319,11
P02165,A05320,12
P02165,A05321,14
P02165,A05322,15
P02165,A05323,16
P02165,A05324,17
P02165,A05325,19
P02166,A04527,6
P02166,A05326,1
P02166,A05327,2
P02166,A05328,3
P02166,A05329,4
P02166,A05330,5
P02166,A05331,7
P02166,A05332,8
P02166,A05333,9
P02166,A05334,10
P02166,A05335,11
P02166,A05336,12
P02166,A05337,13
P02166,A05338,14
P02166,A05339,15
P02166,A05340,16
P02167,A00418,10
P02167,A02351,2
P02167,A05341,1
P02167,A05342,3
P02167,A05343,4
P02167,A05344,5
P02167,A05345,6
P02167,A05346,7
P02167,A05347,8
P02167,A05348,9
P02167,A05349,11
P02168,A00266,9
P02168,A01558,2
P02168,A02399,8
P02168,A02868,3
P02168,A02869,1
P02168,A03112,5
P02168,A05350,4
P02168,A05351,6
P02168,A05352,7
P02169,A00668,2
P02169,A01820,4
P02169,A01854,3
P02169,A05353,1
P02169,A05354,5
P02169,A05355,6
P02170,A01085,3
P02170,A01100,1
P02170,A01280,19
P02170,A01473,15
P02170,A01670,17
P02170,A01780,11
P02170,A01993,4
P02170,A01994,6
P02170,A01995,30
P02170,A01996,5
P02170,A02177,16
P02170,A02192,28
P02170,A03679,27
P02170,A03681,22
P02170,A05315,18
P02170,A05321,23
P02170,A05322,13
P02170,A05323,14
P02170,A05324,12
P02170,A05325,21
P02170,A05356,2
P02170,A05357,7
P02170,A05358,8
P02170,A05359,9
P02170,A05360,10
P02170,A05361,20
P02170,A05362,24
P02170,A05363,25
P02170,A05364,26
P02170,A05365,29
P02171,A00124,1
P02171,A03667,2
P02171,A05366,3
P02172,A03561,1
P02172,A03562,2
P02173,A05367,1
P02173,A05368,2
P02173,A05369,3
P02173,A05370,4
P02173,A05371,5
P02173,A05372,6
P02173,A05373,7
P02173,A05374,8
P02173,A05375,9
P02173,A05376,10
P02173,A05377,11
P02173,A05378,12
P02173,A05379,13
P02173,A05380,14
P02173,A05381,15
P02173,A05382,16
P02173,A05383,17
P02173,A05384,18
P02173,A05385,19
P02173,A05386,20
P02174,A00004,1
P02174,A00054,3
P02174,A01515,2
P02174,A05387,4
P02175,A03204,5
P02175,A04663,1
P02175,A05327,2
P02175,A05388,3
P02175,A05389,4
P02176,A03267,2
P02176,A03268,6
P02176,A03269,7
P02176,A05036,10
P02176,A05038,3
P02176,A05039,4
P02176,A05040,1
P02176,A05041,5
P02176,A05390,8
P02176,A05391,9
P02177,A00507,27
P02177,A00520,3
P02177,A00757,28
P02177,A00770,36
P02177,A00795,33
P02177,A01237,37
P02177,A01383,1
P02177,A01405,40
P02177,A01475,10
P02177,A01483,21
P02177,A01602,39
P02177,A01989,2
P02177,A02026,5
P02177,A02047,4
P02177,A02199,24
P02177,A02351,35
P02177,A03115,9
P02177,A03190,11
P02177,A03542,34
P02177,A03681,25
P02177,A04281,30
P02177,A05094,18
P02177,A05098,15
P02177,A05392,6
P02177,A05393,7
P02177,A05394,8
P02177,A05395,12
P02177,A05396,13
P02177,A05397,14
P02177,A05398,16
P02177,A05399,17
P02177,A05400,19
P02177,A05401,20
P02177,A05402,22
P02177,A05403,23
P02177,A05404,26
P02177,A05405,29
P02177,A05406,31
P02177,A05407,32
P02177,A05408,38
P02177,A05409,41
P02177,A05410,42
P02178,A00440,16
P02178,A00645,36
P02178,A00676,8
P02178,A00696,1
P02178,A00867,9
P02178,A00986,20
P02178,A01043,27
P02178,A01045,6
P02178,A01239,31
P02178,A01297,32
P02178,A01327,19
P02178,A01841,37
P02178,A01845,45
P02178,A01973,2
P02178,A01976,46
P02178,A02157,28
P02178,A02193,18
P02178,A02947,4
P02178,A03110,17
P02178,A03112,23
P02178,A03113,25
P02178,A03116,33
P02178,A03117,42
P02178,A03119,44
P02178,A03233,10
P02178,A05231,13
P02178,A05411,3
P02178,A05412,5
P02178,A05413,7
P02178,A05414,11
P02178,A05415,12
P02178,A05416,14
P02178,A05417,15
P02178,A05418,21
P02178,A05419,22
P02178,A05420,24
P02178,A05421,26
P02178,A05422,29
P02178,A05423,30
P02178,A05424,34
P02178,A05425,35
P02178,A05426,38
P02178,A05427,39
P02178,A05428,40
P02178,A05429,41
P02178,A05430,43
P02178,A05431,47
P02179,A04920,2
P02179,A04921,1
P02180,A00150,1
P02180,A05432,2
P02180,A05433,3
P02180,A05434,4
P02180,A05435,5
P02180,A05436,6
P02180,A05437,7
P02180,A05438,8
P02181,A00006,2
P02181,A04267,1
P02181,A05439,3
P02182,A00447,5
P02182,A00785,6
P02182,A01473,7
P02182,A03354,1
P02182,A04360,3
P02182,A04362,2
P02182,A05440,4
P02183,A02333,5
P02183,A05441,1
P02183,A05442,2
P02183,A05443,3
P02183,A05444,4
P02183,A05445,6
P02183,A05446,7
P02184,A00788,9
P02184,A00806,14
P02184,A00827,4
P02184,A00890,13
P02184,A00987,18
P02184,A01237,16
P02184,A01280,5
P02184,A01297,3
P02184,A01377,10
P02184,A01780,8
P02184,A01928,21
P02184,A01976,7
P02184,A02140,19
P02184,A03012,20
P02184,A03014,2
P02184,A03116,1
P02184,A03681,15
P02184,A05395,11
P02184,A05408,17
P02184,A05447,6
P02184,A05448,12
P02185,A00079,4
P02185,A00709,2
P02185,A01288,11
P02185,A03016,3
P02185,A03593,6
P02185,A04001,8
P02185,A04295,1
P02185,A04296,9
P02185,A05060,7
P02185,A05449,5
P02185,A05450,10
P02186,A04815,2
P02186,A05285,3
P02186,A05451,1
P02186,A05452,4
P02187,A04213,1
P02187,A04460,2
P02188,A00049,4
P02188,A00066,3
P02188,A00614,2
P02188,A05453,1
P02189,A03097,1
P02189,A05454,2
P02189,A05455,3
P02189,A05456,4
P02189,A05457,5
P02189,A05458,6
P02190,A01801,2
P02190,A01802,3
P02190,A05459,1
P02191,A00079,2
P02191,A00529,3
P02191,A01558,4
P02191,A05460,1
P02192,A05080,4
P02192,A05082,3
P02192,A05461,1
P02192,A05462,2
P02193,A00562,2
P02193,A03408,3
P02193,A04359,1
P02194,A00417,1
P02195,A00066,2
P02195,A00896,1
P02195,A00897,3
P02196,A05463,1
P02196,A05464,2
P02196,A05465,3
P02196,A05466,4
P02196,A05467,5
P02196,A05468,6
P02197,A00614,2
P02197,A01233,3
P02197,A01447,4
P02197,A04813,1
P02198,A05469,1
P02198,A05470,2
P02198,A05471,3
P02199,A04896,1
P02199,A05472,2
P02200,A05473,1
P02201,A00487,5
P02201,A01299,2
P02201,A01535,3
P02201,A02034,4
P02201,A02534,7
P02201,A02902,6
P02201,A03227,10
P02201,A03404,1
P02201,A03945,9
P02201,A04701,11
P02201,A05474,8
P02202,A03380,2
P02202,A05475,1
P02203,A05476,1
P02203,A05477,2
P02203,A05478,3
P02204,A00471,3
P02204,A00529,4
P02204,A01122,6
P02204,A01331,2
P02204,A05479,1
P02204,A05480,5
P02205,A05481,1
P02205,A05482,2
P02205,A05483,3
P02206,A00049,4
P02206,A00066,6
P02206,A00614,5
P02206,A01797,7
P02206,A03795,2
P02206,A04322,1
P02206,A04323,3
P02207,A05210,1
P02207,A05211,2
P02208,A05484,1
P02208,A05485,2
P02208,A05486,3
P02209,A00622,4
P02209,A04478,2
P02209,A04480,3
P02209,A04481,8
P02209,A04939,7
P02209,A05487,1
P02209,A05488,5
P02209,A05489,6
P02210,A05490,1
P02210,A05491,2
P02210,A05492,3
P02210,A05493,4
P02210,A05494,5
P02210,A05495,6
P02210,A05496,7
P02211,A02151,22
P02211,A02759,29
P02211,A03178,5
P02211,A05074,8
P02211,A05076,25
P02211,A05103,1
P02211,A05184,9
P02211,A05492,32
P02211,A05494,36
P02211,A05497,2
P02211,A05498,3
P02211,A05499,4
P02211,A05500,6
P02211,A05501,7
P02211,A05502,10
P02211,A05503,11
P02211,A05504,12
P02211,A05505,13
P02211,A05506,14
P02211,A05507,15
P02211,A05508,16
P02211,A05509,17
P02211,A05510,18
P02211,A05511,19
P02211,A05512,20
P02211,A05513,21
P02211,A05514,23
P02211,A05515,24
P02211,A05516,26
P02211,A05517,27
P02211,A05518,28
P02211,A05519,30
P02211,A05520,31
P02211,A05521,33
P02211,A05522,34
P02211,A05523,35
P02211,A05524,37
P02212,A02125,2
P02212,A05525,1
P02212,A05526,3
P02213,A00605,4
P02213,A00770,9
P02213,A01314,8
P02213,A01418,2
P02213,A02652,7
P02213,A02895,6
P02213,A02963,3
P02213,A03074,10
P02213,A03527,5
P02213,A05527,1
P02213,A05528,11
P02213,A05529,12
P02214,A00622,7
P02214,A02662,3
P02214,A02723,6
P02214,A03971,8
P02214,A05123,4
P02214,A05201,1
P02214,A05530,2
P02214,A05531,5
P02214,A05532,9
P02214,A05533,10
P02215,A00925,3
P02215,A01365,5
P02215,A02804,2
P02215,A03218,4
P02215,A05534,1
P02216,A01604,1
P02217,A05535,1
P02217,A05536,2
P02217,A05537,3
P02217,A05538,4
P02217,A05539,5
P02217,A05540,6
P02217,A05541,7
P02217,A05542,8
P02217,A05543,9
P02218,A00614,1
P02218,A02537,2
P02218,A03884,3
P02218,A05544,4
P02219,A00526,1
P02219,A00574,2
P02220,A03452,3
P02220,A05545,1
P02220,A05546,2
P02220,A05547,4
P02221,A00548,13
P02221,A00833,9
P02221,A00842,7
P02221,A01534,11
P02221,A01668,10
P02221,A05548,1
P02221,A05549,2
P02221,A05550,3
P02221,A05551,4
P02221,A05552,5
P02221,A05553,6
P02221,A05554,8
P02221,A05555,12
P02222,A00196,2
P02222,A00629,3
P02222,A04325,1
P02223,A00018,4
P02223,A00268,3
P02223,A03174,2
P02223,A05556,1
P02224,A00018,2
P02224,A00268,4
P02224,A05556,1
P02224,A05557,3
P02225,A00018,3
P02225,A05556,2
P02225,A05558,1
P02226,A05559,1
P02226,A05560,2
P02226,A05561,3
P02226,A05562,4
P02227,A00562,3
P02227,A02243,2
P02227,A03899,1
P02228,A01773,6
P02228,A01821,4
P02228,A03904,3
P02228,A03954,5
P02228,A04384,1
P02228,A05563,2
P02229,A00629,7
P02229,A05564,1
P02229,A05565,2
P02229,A05566,3
P02229,A05567,4
P02229,A05568,5
P02229,A05569,6
P02230,A00448,1
P02231,A05570,1
P02231,A05571,2
P02232,A05572,1
P02232,A05573,2
P02233,A00488,4
P02233,A01152,5
P02233,A01365,8
P02233,A01777,7
P02233,A01813,10
P02233,A01842,6
P02233,A02217,1
P02233,A04408,3
P02233,A05574,2
P02233,A05575,9
P02234,A00973,5
P02234,A04020,6
P02234,A04021,3
P02234,A04715,1
P02234,A04987,2
P02234,A05576,4
P02234,A05577,7
P02235,A00936,1
P02235,A01028,5
P02235,A01212,6
P02235,A01261,2
P02235,A01833,8
P02235,A01842,3
P02235,A04488,7
P02235,A05578,4
P02236,A00144,2
P02236,A02481,4
P02236,A05579,1
P02236,A05580,3
P02237,A05581,1
P02237,A05582,2
P02237,A05583,3
P02237,A05584,4
P02237,A05585,5
P02237,A05586,6
P02237,A05587,7
P02237,A05588,8
P02237,A05589,9
P02237,A05590,10
P02237,A05591,11
P02238,A03380,2
P02238,A04338,3
P02238,A05592,1
P02239,A05593,1
P02239,A05594,2
P02239,A05595,3
P02239,A05596,4
P02239,A05597,5
P02239,A05598,6
P02240,A05484,5
P02240,A05485,1
P02240,A05599,2
P02240,A05600,3
P02240,A05601,4
P02241,A04692,1
P02241,A04693,3
P02241,A04694,2
P02241,A04697,4
P02242,A00028,4
P02242,A01569,1
P02242,A01571,2
P02242,A02387,3
P02242,A03546,5
P02243,A00511,5
P02243,A00824,6
P02243,A01649,8
P02243,A01650,2
P02243,A02153,4
P02243,A02308,3
P02243,A03291,1
P02243,A04752,7
P02244,A00276,6
P02244,A04461,1
P02244,A05193,7
P02244,A05602,2
P02244,A05603,3
P02244,A05604,4
P02244,A05605,5
P02245,A05606,1
P02245,A05607,2
P02245,A05608,3
P02245,A05609,4
P02245,A05610,5
P02245,A05611,6
P02245,A05612,7
P02245,A05613,8
P02245,A05614,9
P02245,A05615,10
P02245,A05616,11
P02245,A05617,12
P02246,A05188,2
P02246,A05618,1
P02247,A01028,2
P02247,A02832,1
P02247,A05065,5
P02247,A05619,3
P02247,A05620,4
P02248,A01604,2
P02248,A04393,1
P02249,A01528,2
P02249,A02295,3
P02249,A04038,1
P02249,A04923,4
P02250,A00562,1
P02250,A00849,3
P02250,A02125,5
P02250,A02243,2
P02250,A03899,4
P02251,A00124,8
P02251,A00231,10
P02251,A00290,7
P02251,A00660,1
P02251,A00997,9
P02251,A01014,4
P02251,A01212,14
P02251,A01528,16
P02251,A01529,3
P02251,A01833,15
P02251,A02352,17
P02251,A02360,25
P02251,A02466,11
P02251,A02479,20
P02251,A03048,5
P02251,A03049,6
P02251,A03405,18
P02251,A05110,12
P02251,A05621,2
P02251,A05622,13
P02251,A05623,19
P02251,A05624,21
P02251,A05625,22
P02251,A05626,23
P02251,A05627,24
P02252,A00144,2
P02252,A02481,4
P02252,A05579,1
P02252,A05580,3
P02253,A01821,3
P02253,A01991,5
P02253,A03954,2
P02253,A04489,1
P02253,A04577,4
P02253,A05628,6
P02254,A02544,10
P02254,A04136,1
P02254,A05629,2
P02254,A05630,3
P02254,A05631,4
P02254,A05632,5
P02254,A05633,6
P02254,A05634,7
P02254,A05635,8
P02254,A05636,9
P02254,A05637,11
P02255,A00605,4
P02255,A01028,2
P02255,A02009,1
P02255,A05638,3
P02256,A01397,261
P02256,A01470,1040
P02256,A01955,640
P02256,A01986,579
P02256,A03049,968
P02256,A03121,1100
P02256,A03355,906
P02256,A03459,974
P02256,A04488,184
P02256,A04832,6
P02256,A04976,1043
P02256,A05336,1095
P02256,A05552,1084
P02256,A05639,1
P02256,A05640,2
P02256,A05641,3
P02256,A05642,4
P02256,A05643,5
P02256,A05644,7
P02256,A05645,8
P02256,A05646,9
P02256,A05647,10
P02256,A05648,11
P02256,A05649,12
P02256,A05650,13
P02256,A05651,14
P02256,A05652,15
P02256,A05653,16
P02256,A05654,17
P02256,A05655,18
P02256,A05656,19
P02256,A05657,20
P02256,A05658,21
P02256,A05659,22
P02256,A05660,23
P02256,A05661,24
P02256,A05662,25
P02256,A05663,26
P02256,A05664,27
P02256,A05665,28
P02256,A05666,29
P02256,A05667,30
P02256,A05668,31
P02256,A05669,32
P02256,A05670,33
P02256,A05671,34
P02256,A05672,35
P02256,A05673,36
P02256,A05674,37
P02256,A05675,38
P02256,A05676,39
P02256,A05677,40
P02256,A05678,41
P02256,A05679,42
P02256,A05680,43
P02256,A05681,44
P02256,A05682,45
P02256,A05683,46
P02256,A05684,47
P02256,A05685,48
P02256,A05686,49
P02256,A05687,50
P02256,A05688,51
P02256,A05689,52
P02256,A05690,53
P02256,A05691,54
P02256,A05692,55
P02256,A05693,56
P02256,A05694,57
P02256,A05695,58
P02256,A05696,59
P02256,A05697,60
P02256,A05698,61
P02256,A05699,62
P02256,A05700,63
P02256,A05701,64
P02256,A05702,65
P02256,A05703,66
P02256,A05704,67
P02256,A05705,68
P02256,A05706,69
P02256,A05707,70
P02256,A05708,71
P02256,A05709,72
P02256,A05710,73
P02256,A05711,74
P02256,A05712,75
P02256,A05713,76
P02256,A05714,77
P02256,A05715,78
P02256,A05716,79
P02256,A05717,80
P02256,A05718,81
P02256,A05719,82
P02256,A05720,83
P02256,A05721,84
P02256,A05722,85
P02256,A05723,86
P02256,A05724,87
P02256,A05725,88
P02256,A05726,89
P02256,A05727,90
P02256,A05728,91
P02256,A05729,92
P02256,A05730,93
P02256,A05731,94
P02256,A05732,95
P02256,A05733,96
P02256,A05734,97
P02256,A05735,98
P02256,A05736,99
P02256,A05737,100
P02256,A05738,101
P02256,A05739,102
P02256,A05740,103
P02256,A05741,104
P02256,A05742,105
P02256,A05743,106
P02256,A05744,107
P02256,A05745,108
P02256,A05746,109
P02256,A05747,110
P02256,A05748,111
P02256,A05749,112
P02256,A05750,113
P02256,A05751,114
P02256,A05752,115
P02256,A05753,116
P02256,A05754,117
P02256,A05755,118
P02256,A05756,119
P02256,A05757,120
P02256,A05758,121
P02256,A05759,122
P02256,A05760,123
P02256,A05761,124
P02256,A05762,125
P02256,A05763,126
P02256,A05764,127
P02256,A05765,128
P02256,A05766,129
P02256,A05767,130
P02256,A05768,131
P02256,A05769,132
P02256,A05770,133
P02256,A05771,134
P02256,A05772,135
P02256,A05773,136
P02256,A05774,137
P02256,A05775,138
P02256,A05776,139
P02256,A05777,140
P02256,A05778,141
P02256,A05779,142
P02256,A05780,143
P02256,A05781,144
P02256,A05782,145
P02256,A05783,146
P02256,A05784,147
P02256,A05785,148
P02256,A05786,149
P02256,A05787,150
P02256,A05788,151
P02256,A05789,152
P02256,A05790,153
P02256,A05791,154
P02256,A05792,155
P02256,A05793,156
P02256,A05794,157
P02256,A05795,158
P02256,A05796,159
P02256,A05797,160
P02256,A05798,161
P02256,A05799,162
P02256,A05800,163
P02256,A05801,164
P02256,A05802,165
P02256,A05803,166
P02256,A05804,167
P02256,A05805,168
P02256,A05806,169
P02256,A05807,170
P02256,A05808,171
P02256,A05809,172
P02256,A05810,173
P02256,A05811,174
P02256,A05812,175
P02256,A05813,176
P02256,A05814,177
P02256,A05815,178
P02256,A05816,179
P02256,A05817,180
P02256,A05818,181
P02256,A05819,182
P02256,A05820,183
P02256,A05821,185
P02256,A05822,186
P02256,A05823,187
P02256,A05824,188
P02256,A05825,189
P02256,A05826,190
P02256,A05827,191
P02256,A05828,192
P02256,A05829,193
P02256,A05830,194
P02256,A05831,195
P02256,A05832,196
P02256,A05833,197
P02256,A05834,198
P02256,A05835,199
P02256,A05836,200
P02256,A05837,201
P02256,A05838,202
P02256,A05839,203
P02256,A05840,204
P02256,A05841,205
P02256,A05842,206
P02256,A05843,207
P02256,A05844,208
P02256,A05845,209
P02256,A05846,210
P02256,A05847,211
P02256,A05848,212
P02256,A05849,213
P02256,A05850,214
P02256,A05851,215
P02256,A05852,216
P02256,A05853,217
P02256,A05854,218
P02256,A05855,219
P02256,A05856,220
P02256,A05857,221
P02256,A05858,222
P02256,A05859,223
P02256,A05860,224
P02256,A05861,225
P02256,A05862,226
P02256,A05863,227
P02256,A05864,228
P02256,A05865,229
P02256,A05866,230
P02256,A05867,231
P02256,A05868,232
P02256,A05869,233
P02256,A05870,234
P02256,A05871,235
P02256,A05872,236
P02256,A05873,237
P02256,A05874,238
P02256,A05875,239
P02256,A05876,240
P02256,A05877,241
P02256,A05878,242
P02256,A05879,243
P02256,A05880,244
P02256,A05881,245
P02256,A05882,246
P02256,A05883,247
P02256,A05884,248
P02256,A05885,249
P02256,A05886,250
P02256,A05887,251
P02256,A05888,252
P02256,A05889,253
P02256,A05890,254
P02256,A05891,255
P02256,A05892,256
P02256,A05893,257
P02256,A05894,258
P02256,A05895,259
P02256,A05896,260
P02256,A05897,262
P02256,A05898,263
P02256,A05899,264
P02256,A05900,265
P02256,A05901,266
P02256,A05902,267
P02256,A05903,268
P02256,A05904,269
P02256,A05905,270
P02256,A05906,271
P02256,A05907,272
P02256,A05908,273
P02256,A05909,274
P02256,A05910,275
P02256,A05911,276
P02256,A05912,277
P02256,A05913,278
P02256,A05914,279
P02256,A05915,280
P02256,A05916,281
P02256,A05917,282
P02256,A05918,283
P02256,A05919,284
P02256,A05920,285
P02256,A05921,286
P02256,A05922,287
P02256,A05923,288
P02256,A05924,289
P02256,A05925,290
P02256,A05926,291
P02256,A05927,292
P02256,A05928,293
P02256,A05929,294
P02256,A05930,295
P02256,A05931,296
P02256,A05932,297
P02256,A05933,298
P02256,A05934,299
P02256,A05935,300
P02256,A05936,301
P02256,A05937,302
P02256,A05938,303
P02256,A05939,304
P02256,A05940,305
P02256,A05941,306
P02256,A05942,307
P02256,A05943,308
P02256,A05944,309
P02256,A05945,310
P02256,A05946,311
P02256,A05947,312
P02256,A05948,313
P02256,A05949,314
P02256,A05950,315
P02256,A05951,316
P02256,A05952,317
P02256,A05953,318
P02256,A05954,319
P02256,A05955,320
P02256,A05956,321
P02256,A05957,322
P02256,A05958,323
P02256,A05959,324
P02256,A05960,325
P02256,A05961,326
P02256,A05962,327
P02256,A05963,328
P02256,A05964,329
P02256,A05965,330
P02256,A05966,331
P02256,A05967,332
P02256,A05968,333
P02256,A05969,334
P02256,A05970,335
P02256,A05971,336
P02256,A05972,337
P02256,A05973,338
P02256,A05974,339
P02256,A05975,340
P02256,A05976,341
P02256,A05977,342
P02256,A05978,343
P02256,A05979,344
P02256,A05980,345
P02256,A05981,346
P02256,A05982,347
P02256,A05983,348
P02256,A05984,349
P02256,A05985,350
P02256,A05986,351
P02256,A05987,352
P02256,A05988,353
P02256,A05989,354
P02256,A05990,355
P02256,A05991,356
P02256,A05992,357
P02256,A05993,358
P02256,A05994,359
P02256,A05995,360
P02256,A05996,361
P02256,A05997,362
P02256,A05998,363
P02256,A05999,364
P02256,A06000,365
P02256,A06001,366
P02256,A06002,367
P02256,A06003,368
P02256,A06004,369
P02256,A06005,370
P02256,A06006,371
P02256,A06007,372
P02256,A06008,373
P02256,A06009,374
P02256,A06010,375
P02256,A06011,376
P02256,A06012,377
P02256,A06013,378
P02256,A06014,379
P02256,A06015,380
P02256,A06016,381
P02256,A06017,382
P02256,A06018,383
P02256,A06019,384
P02256,A06020,385
P02256,A06021,386
P02256,A06022,387
P02256,A06023,388
P02256,A06024,389
P02256,A06025,390
P02256,A06026,391
P02256,A06027,392
P02256,A06028,393
P02256,A06029,394
P02256,A06030,395
P02256,A06031,396
P02256,A06032,397
P02256,A06033,398
P02256,A06034,399
P02256,A06035,400
P02256,A06036,401
P02256,A06037,402
P02256,A06038,403
P02256,A06039,404
P02256,A06040,405
P02256,A06041,406
P02256,A06042,407
P02256,A06043,408
P02256,A06044,409
P02256,A06045,410
P02256,A06046,411
P02256,A06047,412
P02256,A06048,413
P02256,A06049,414
P02256,A06050,415
P02256,A06051,416
P02256,A06052,417
P02256,A06053,418
P02256,A06054,419
P02256,A06055,420
P02256,A06056,421
P02256,A06057,422
P02256,A06058,423
P02256,A06059,424
P02256,A06060,425
P02256,A06061,426
P02256,A06062,427
P02256,A06063,428
P02256,A06064,429
P02256,A06065,430
P02256,A06066,431
P02256,A06067,432
P02256,A06068,433
P02256,A06069,434
P02256,A06070,435
P02256,A06071,436
P02256,A06072,437
P02256,A06073,438
P02256,A06074,439
P02256,A06075,440
P02256,A06076,441
P02256,A06077,442
P02256,A06078,443
P02256,A06079,444
P02256,A06080,445
P02256,A06081,446
P02256,A06082,447
P02256,A06083,448
P02256,A06084,449
P02256,A06085,450
P02256,A06086,451
P02256,A06087,452
P02256,A06088,453
P02256,A06089,454
P02256,A06090,455
P02256,A06091,456
P02256,A06092,457
P02256,A06093,458
P02256,A06094,459
P02256,A06095,460
P02256,A06096,461
P02256,A06097,462
P02256,A06098,463
P02256,A06099,464
P02256,A06100,465
P02256,A06101,466
P02256,A06102,467
P02256,A06103,468
P02256,A06104,469
P02256,A06105,470
P02256,A06106,471
P02256,A06107,472
P02256,A06108,473
P02256,A06109,474
P02256,A06110,475
P02256,A06111,476
P02256,A06112,477
P02256,A06113,478
P02256,A06114,479
P02256,A06115,480
P02256,A06116,481
P02256,A06117,482
P02256,A06118,483
P02256,A06119,484
P02256,A06120,485
P02256,A06121,486
P02256,A06122,487
P02256,A06123,488
P02256,A06124,489
P02256,A06125,490
P02256,A06126,491
P02256,A06127,492
P02256,A06128,493
P02256,A06129,494
P02256,A06130,495
P02256,A06131,496
P02256,A06132,497
P02256,A06133,498
P02256,A06134,499
P02256,A06135,500
P02256,A06136,501
P02256,A06137,502
P02256,A06138,503
P02256,A06139,504
P02256,A06140,505
P02256,A06141,506
P02256,A06142,507
P02256,A06143,508
P02256,A06144,509
P02256,A06145,510
P02256,A06146,511
P02256,A06147,512
P02256,A06148,513
P02256,A06149,514
P02256,A06150,515
P02256,A06151,516
P02256,A06152,517
P02256,A06153,518
P02256,A06154,519
P02256,A06155,520
P02256,A06156,521
P02256,A06157,522
P02256,A06158,523
P02256,A06159,524
P02256,A06160,525
P02256,A06161,526
P02256,A06162,527
P02256,A06163,528
P02256,A06164,529
P02256,A06165,530
P02256,A06166,531
P02256,A06167,532
P02256,A06168,533
P02256,A06169,534
P02256,A06170,535
P02256,A06171,536
P02256,A06172,537
P02256,A06173,538
P02256,A06174,539
P02256,A06175,540
P02256,A06176,541
P02256,A06177,542
P02256,A06178,543
P02256,A06179,544
P02256,A06180,545
P02256,A06181,546
P02256,A06182,547
P02256,A06183,548
P02256,A06184,549
P02256,A06185,550
P02256,A06186,551
P02256,A06187,552
P02256,A06188,553
P02256,A06189,554
P02256,A06190,555
P02256,A06191,556
P02256,A06192,557
P02256,A06193,558
P02256,A06194,559
P02256,A06195,560
P02256,A06196,561
P02256,A06197,562
P02256,A06198,563
P02256,A06199,564
P02256,A06200,565
P02256,A06201,566
P02256,A06202,567
P02256,A06203,568
P02256,A06204,569
P02256,A06205,570
P02256,A06206,571
P02256,A06207,572
P02256,A06208,573
P02256,A06209,574
P02256,A06210,575
P02256,A06211,576
P02256,A06212,577
P02256,A06213,578
P02256,A06214,580
P02256,A06215,581
P02256,A06216,582
P02256,A06217,583
P02256,A06218,584
P02256,A06219,585
P02256,A06220,586
P02256,A06221,587
P02256,A06222,588
P02256,A06223,589
P02256,A06224,590
P02256,A06225,591
P02256,A06226,592
P02256,A06227,593
P02256,A06228,594
P02256,A06229,595
P02256,A06230,596
P02256,A06231,597
P02256,A06232,598
P02256,A06233,599
P02256,A06234,600
P02256,A06235,601
P02256,A06236,602
P02256,A06237,603
P02256,A06238,604
P02256,A06239,605
P02256,A06240,606
P02256,A06241,607
P02256,A06242,608
P02256,A06243,609
P02256,A06244,610
P02256,A06245,611
P02256,A06246,612
P02256,A06247,613
P02256,A06248,614
P02256,A06249,615
P02256,A06250,616
P02256,A06251,617
P02256,A06252,618
P02256,A06253,619
P02256,A06254,620
P02256,A06255,621
P02256,A06256,622
P02256,A06257,623
P02256,A06258,624
P02256,A06259,625
P02256,A06260,626
P02256,A06261,627
P02256,A06262,628
P02256,A06263,629
P02256,A06264,630
P02256,A06265,631
P02256,A06266,632
P02256,A06267,633
P02256,A06268,634
P02256,A06269,635
P02256,A06270,636
P02256,A06271,637
P02256,A06272,638
P02256,A06273,639
P02256,A06274,641
P02256,A06275,642
P02256,A06276,643
P02256,A06277,644
P02256,A06278,645
P02256,A06279,646
P02256,A06280,647
P02256,A06281,648
P02256,A06282,649
P02256,A06283,650
P02256,A06284,651
P02256,A06285,652
P02256,A06286,653
P02256,A06287,654
P02256,A06288,655
P02256,A06289,656
P02256,A06290,657
P02256,A06291,658
P02256,A06292,659
P02256,A06293,660
P02256,A06294,661
P02256,A06295,662
P02256,A06296,663
P02256,A06297,664
P02256,A06298,665
P02256,A06299,666
P02256,A06300,667
P02256,A06301,668
P02256,A06302,669
P02256,A06303,670
P02256,A06304,671
P02256,A06305,672
P02256,A06306,673
P02256,A06307,674
P02256,A06308,675
P02256,A06309,676
P02256,A06310,677
P02256,A06311,678
P02256,A06312,679
P02256,A06313,680
P02256,A06314,681
P02256,A06315,682
P02256,A06316,683
P02256,A06317,684
P02256,A06318,685
P02256,A06319,686
P02256,A06320,687
P02256,A06321,688
P02256,A06322,689
P02256,A06323,690
P02256,A06324,691
P02256,A06325,692
P02256,A06326,693
P02256,A06327,694
P02256,A06328,695
P02256,A06329,696
P02256,A06330,697
P02256,A06331,698
P02256,A06332,699
P02256,A06333,700
P02256,A06334,701
P02256,A06335,702
P02256,A06336,703
P02256,A06337,704
P02256,A06338,705
P02256,A06339,706
P02256,A06340,707
P02256,A06341,708
P02256,A06342,709
P02256,A06343,710
P02256,A06344,711
P02256,A06345,712
P02256,A06346,713
P02256,A06347,714
P02256,A06348,715
P02256,A06349,716
P02256,A06350,717
P02256,A06351,718
P02256,A06352,719
P02256,A06353,720
P02256,A06354,721
P02256,A06355,722
P02256,A06356,723
P02256,A06357,724
P02256,A06358,725
P02256,A06359,726
P02256,A06360,727
P02256,A06361,728
P02256,A06362,729
P02256,A06363,730
P02256,A06364,731
P02256,A06365,732
P02256,A06366,733
P02256,A06367,734
P02256,A06368,735
P02256,A06369,736
P02256,A06370,737
P02256,A06371,738
P02256,A06372,739
P02256,A06373,740
P02256,A06374,741
P02256,A06375,742
P02256,A06376,743
P02256,A06377,744
P02256,A06378,745
P02256,A06379,746
P02256,A06380,747
P02256,A06381,748
P02256,A06382,749
P02256,A06383,750
P02256,A06384,751
P02256,A06385,752
P02256,A06386,753
P02256,A06387,754
P02256,A06388,755
P02256,A06389,756
P02256,A06390,757
P02256,A06391,758
P02256,A06392,759
P02256,A06393,760
P02256,A06394,761
P02256,A06395,762
P02256,A06396,763
P02256,A06397,764
P02256,A06398,765
P02256,A06399,766
P02256,A06400,767
P02256,A06401,768
P02256,A06402,769
P02256,A06403,770
P02256,A06404,771
P02256,A06405,772
P02256,A06406,773
P02256,A06407,774
P02256,A06408,775
P02256,A06409,776
P02256,A06410,777
P02256,A06411,778
P02256,A06412,779
P02256,A06413,780
P02256,A06414,781
P02256,A06415,782
P02256,A06416,783
P02256,A06417,784
P02256,A06418,785
P02256,A06419,786
P02256,A06420,787
P02256,A06421,788
P02256,A06422,789
P02256,A06423,790
P02256,A06424,791
P02256,A06425,792
P02256,A06426,793
P02256,A06427,794
P02256,A06428,795
P02256,A06429,796
P02256,A06430,797
P02256,A06431,798
P02256,A06432,799
P02256,A06433,800
P02256,A06434,801
P02256,A06435,802
P02256,A06436,803
P02256,A06437,804
P02256,A06438,805
P02256,A06439,806
P02256,A06440,807
P02256,A06441,808
P02256,A06442,809
P02256,A06443,810
P02256,A06444,811
P02256,A06445,812
P02256,A06446,813
P02256,A06447,814
P02256,A06448,815
P02256,A06449,816
P02256,A06450,817
P02256,A06451,818
P02256,A06452,819
P02256,A06453,820
P02256,A06454,821
P02256,A06455,822
P02256,A06456,823
P02256,A06457,824
P02256,A06458,825
P02256,A06459,826
P02256,A06460,827
P02256,A06461,828
P02256,A06462,829
P02256,A06463,830
P02256,A06464,831
P02256,A06465,832
P02256,A06466,833
P02256,A06467,834
P02256,A06468,835
P02256,A06469,836
P02256,A06470,837
P02256,A06471,838
P02256,A06472,839
P02256,A06473,840
P02256,A06474,841
P02256,A06475,842
P02256,A06476,843
P02256,A06477,844
P02256,A06478,845
P02256,A06479,846
P02256,A06480,847
P02256,A06481,848
P02256,A06482,849
P02256,A06483,850
P02256,A06484,851
P02256,A06485,852
P02256,A06486,853
P02256,A06487,854
P02256,A06488,855
P02256,A06489,856
P02256,A06490,857
P02256,A06491,858
P02256,A06492,859
P02256,A06493,860
P02256,A06494,861
P02256,A06495,862
P02256,A06496,863
P02256,A06497,864
P02256,A06498,865
P02256,A06499,866
P02256,A06500,867
P02256,A06501,868
P02256,A06502,869
P02256,A06503,870
P02256,A06504,871
P02256,A06505,872
P02256,A06506,873
P02256,A06507,874
P02256,A06508,875
P02256,A06509,876
P02256,A06510,877
P02256,A06511,878
P02256,A06512,879
P02256,A06513,880
P02256,A06514,881
P02256,A06515,882
P02256,A06516,883
P02256,A06517,884
P02256,A06518,885
P02256,A06519,886
P02256,A06520,887
P02256,A06521,888
P02256,A06522,889
P02256,A06523,890
P02256,A06524,891
P02256,A06525,892
P02256,A06526,893
P02256,A06527,894
P02256,A06528,895
P02256,A06529,896
P02256,A06530,897
P02256,A06531,898
P02256,A06532,899
P02256,A06533,900
P02256,A06534,901
P02256,A06535,902
P02256,A06536,903
P02256,A06537,904
P02256,A06538,905
P02256,A06539,907
P02256,A06540,908
P02256,A06541,909
P02256,A06542,910
P02256,A06543,911
P02256,A06544,912
P02256,A06545,913
P02256,A06546,914
P02256,A06547,915
P02256,A06548,916
P02256,A06549,917
P02256,A06550,918
P02256,A06551,919
P02256,A06552,920
P02256,A06553,921
P02256,A06554,922
P02256,A06555,923
P02256,A06556,924
P02256,A06557,925
P02256,A06558,926
P02256,A06559,927
P02256,A06560,928
P02256,A06561,929
P02256,A06562,930
P02256,A06563,931
P02256,A06564,932
P02256,A06565,933
P02256,A06566,934
P02256,A06567,935
P02256,A06568,936
P02256,A06569,937
P02256,A06570,938
P02256,A06571,939
P02256,A06572,940
P02256,A06573,941
P02256,A06574,942
P02256,A06575,943
P02256,A06576,944
P02256,A06577,945
P02256,A06578,946
P02256,A06579,947
P02256,A06580,948
P02256,A06581,949
P02256,A06582,950
P02256,A06583,951
P02256,A06584,952
P02256,A06585,953
P02256,A06586,954
P02256,A06587,955
P02256,A06588,956
P02256,A06589,957
P02256,A06590,958
P02256,A06591,959
P02256,A06592,960
P02256,A06593,961
P02256,A06594,962
P02256,A06595,963
P02256,A06596,964
P02256,A06597,965
P02256,A06598,966
P02256,A06599,967
P02256,A06600,969
P02256,A06601,970
P02256,A06602,971
P02256,A06603,972
P02256,A06604,973
P02256,A06605,975
P02256,A06606,976
P02256,A06607,977
P02256,A06608,978
P02256,A06609,979
P02256,A06610,980
P02256,A06611,981
P02256,A06612,982
P02256,A06613,983
P02256,A06614,984
P02256,A06615,985
P02256,A06616,986
P02256,A06617,987
P02256,A06618,988
P02256,A06619,989
P02256,A06620,990
P02256,A06621,991
P02256,A06622,992
P02256,A06623,993
P02256,A06624,994
P02256,A06625,995
P02256,A06626,996
P02256,A06627,997
P02256,A06628,998
P02256,A06629,999
P02256,A06630,1000
P02256,A06631,1001
P02256,A06632,1002
P02256,A06633,1003
P02256,A06634,1004
P02256,A06635,1005
P02256,A06636,1006
P02256,A06637,1007
P02256,A06638,1008
P02256,A06639,1009
P02256,A06640,1010
P02256,A06641,1011
P02256,A06642,1012
P02256,A06643,1013
P02256,A06644,1014
P02256,A06645,1015
P02256,A06646,1016
P02256,A06647,1017
P02256,A06648,1018
P02256,A06649,1019
P02256,A06650,1020
P02256,A06651,1021
P02256,A06652,1022
P02256,A06653,1023
P02256,A06654,1024
P02256,A06655,1025
P02256,A06656,1026
P02256,A06657,1027
P02256,A06658,1028
P02256,A06659,1029
P02256,A06660,1030
P02256,A06661,1031
P02256,A06662,1032
P02256,A06663,1033
P02256,A06664,1034
P02256,A06665,1035
P02256,A06666,1036
P02256,A06667,1037
P02256,A06668,1038
P02256,A06669,1039
P02256,A06670,1041
P02256,A06671,1042
P02256,A06672,1044
P02256,A06673,1045
P02256,A06674,1046
P02256,A06675,1047
P02256,A06676,1048
P02256,A06677,1049
P02256,A06678,1050
P02256,A06679,1051
P02256,A06680,1052
P02256,A06681,1053
P02256,A06682,1054
P02256,A06683,1055
P02256,A06684,1056
P02256,A06685,1057
P02256,A06686,1058
P02256,A06687,1059
P02256,A06688,1060
P02256,A06689,1061
P02256,A06690,1062
P02256,A06691,1063
P02256,A06692,1064
P02256,A06693,1065
P02256,A06694,1066
P02256,A06695,1067
P02256,A06696,1068
P02256,A06697,1069
P02256,A06698,1070
P02256,A06699,1071
P02256,A06700,1072
P02256,A06701,1073
P02256,A06702,1074
P02256,A06703,1075
P02256,A06704,1076
P02256,A06705,1077
P02256,A06706,1078
P02256,A06707,1079
P02256,A06708,1080
P02256,A06709,1081
P02256,A06710,1082
P02256,A06711,1083
P02256,A06712,1085
P02256,A06713,1086
P02256,A06714,1087
P02256,A06715,1088
P02256,A06716,1089
P02256,A06717,1090
P02256,A06718,1091
P02256,A06719,1092
P02256,A06720,1093
P02256,A06721,1094
P02256,A06722,1096
P02256,A06723,1097
P02256,A06724,1098
P02256,A06725,1099
P02256,A06726,1101
P02256,A06727,1102
P02256,A06728,1103
P02256,A06729,1104
P02256,A06730,1105
P02256,A06731,1106
P02256,A06732,1107
P02256,A06733,1108
P02256,A06734,1109
P02256,A06735,1110
P02256,A06736,1111
P02256,A06737,1112
P02256,A06738,1113
P02256,A06739,1114
P02256,A06740,1115
P02256,A06741,1116
P02256,A06742,1117
P02256,A06743,1118
P02256,A06744,1119
P02256,A06745,1120
P02256,A06746,1121
P02256,A06747,1122
P02256,A06748,1123
P02256,A06749,1124
P02256,A06750,1125
P02256,A06751,1126
P02256,A06752,1127
P02256,A06753,1128
P02256,A06754,1129
P02256,A06755,1130
P02256,A06756,1131
P02256,A06757,1132
P02256,A06758,1133
P02256,A06759,1134
P02256,A06760,1135
P02256,A06761,1136
P02256,A06762,1137
P02256,A06763,1138
P02256,A06764,1139
P02256,A06765,1140
P02256,A06766,1141
P02256,A06767,1142
P02256,A06768,1143
P02256,A06769,1144
P02256,A06770,1145
P02256,A06771,1146
P02256,A06772,1147
P02256,A06773,1148
P02256,A06774,1149
P02256,A06775,1150
P02256,A06776,1151
P02256,A06777,1152
P02256,A06778,1153
P02256,A06779,1154
P02256,A06780,1155
P02257,A00066,29
P02257,A00106,47
P02257,A00714,39
P02257,A00727,13
P02257,A00843,19
P02257,A00849,27
P02257,A00877,30
P02257,A01510,10
P02257,A01514,22
P02257,A01750,33
P02257,A01751,35
P02257,A01915,12
P02257,A01916,21
P02257,A02125,1
P02257,A02218,28
P02257,A02291,18
P02257,A02311,7
P02257,A02407,11
P02257,A02451,20
P02257,A02732,26
P02257,A03168,9
P02257,A03288,17
P02257,A03297,31
P02257,A04045,6
P02257,A04469,16
P02257,A05121,36
P02257,A06781,2
P02257,A06782,3
P02257,A06783,4
P02257,A06784,5
P02257,A06785,8
P02257,A06786,14
P02257,A06787,15
P02257,A06788,23
P02257,A06789,24
P02257,A06790,25
P02257,A06791,32
P02257,A06792,34
P02257,A06793,37
P02257,A06794,38
P02257,A06795,40
P02257,A06796,41
P02257,A06797,42
P02257,A06798,43
P02257,A06799,44
P02257,A06800,45
P02257,A06801,46
P02257,A06802,48
P02258,A00974,4
P02258,A01365,3
P02258,A01969,2
P02258,A01970,1
P02259,A06803,1
P02259,A06804,2
P02259,A06805,3
P02259,A06806,4
P02259,A06807,5
P02259,A06808,6
P02259,A06809,7
P02259,A06810,8
P02259,A06811,9
P02259,A06812,10
P02259,A06813,11
P02259,A06814,12
P02259,A06815,13
P02259,A06816,14
P02259,A06817,15
P02259,A06818,16
P02259,A06819,17
P02259,A06820,18
P02259,A06821,19
P02259,A06822,20
P02259,A06823,21
P02259,A06824,22
P02259,A06825,23
P02259,A06826,24
P02259,A06827,25
P02259,A06828,26
P02259,A06829,27
P02259,A06830,28
P02259,A06831,29
P02259,A06832,30
P02259,A06833,31
P02259,A06834,32
P02259,A06835,33
P02259,A06836,34
P02259,A06837,35
P02259,A06838,36
P02259,A06839,37
P02259,A06840,38
P02259,A06841,39
P02259,A06842,40
P02259,A06843,41
P02259,A06844,42
P02259,A06845,43
P02259,A06846,44
P02259,A06847,45
P02259,A06848,46
P02259,A06849,47
P02259,A06850,48
P02259,A06851,49
P02259,A06852,50
P02259,A06853,51
P02259,A06854,52
P02259,A06855,53
P02259,A06856,54
P02259,A06857,55
P02259,A06858,56
P02259,A06859,57
P02259,A06860,58
P02260,A00266,4
P02260,A02416,1
P02260,A04001,3
P02260,A06861,2
P02261,A02863,8
P02261,A03386,9
P02261,A04227,4
P02261,A04924,3
P02261,A06862,1
P02261,A06863,2
P02261,A06864,5
P02261,A06865,6
P02261,A06866,7
P02262,A00447,3
P02262,A00709,2
P02262,A04295,1
P02262,A04907,4
P02263,A00049,4
P02263,A00614,3
P02263,A01442,2
P02263,A01447,6
P02263,A02843,1
P02263,A06867,5
P02264,A04022,2
P02264,A04716,1
P02264,A04717,3
P02264,A06868,4
P02264,A06869,5
P02265,A00290,5
P02265,A00570,6
P02265,A00805,7
P02265,A00819,3
P02265,A00843,8
P02265,A02600,2
P02265,A03941,1
P02265,A06870,4
P02266,A06871,1
P02267,A06872,1
P02267,A06873,2
P02267,A06874,3
P02268,A01744,1
P02268,A01745,2
P02268,A03069,7
P02268,A03071,6
P02268,A03129,8
P02268,A04580,5
P02268,A04582,4
P02268,A06875,3
P02268,A06876,9
P02269,A06877,1
P02269,A06878,2
P02270,A01150,1
P02270,A06879,2
P02270,A06880,3
P02270,A06881,4
P02271,A00614,3
P02271,A01233,1
P02271,A01439,4
P02271,A01442,5
P02271,A04813,2
P02272,A02300,3
P02272,A02759,2
P02272,A03418,6
P02272,A05074,4
P02272,A06882,1
P02272,A06883,5
P02272,A06884,7
P02272,A06885,8
P02273,A04534,2
P02273,A04937,1
P02274,A04842,2
P02274,A06886,1
P02274,A06887,3
P02275,A04980,1
P02275,A06888,2
P02275,A06889,3
P02275,A06890,4
P02275,A06891,5
P02275,A06892,6
P02275,A06893,7
P02276,A00266,4
P02276,A02595,1
P02276,A02652,2
P02276,A04080,3
P02277,A02125,4
P02277,A02600,2
P02277,A02885,3
P02277,A03044,1
P02278,A02123,2
P02278,A04140,1
P02279,A00006,6
P02279,A00785,10
P02279,A00791,11
P02279,A01152,3
P02279,A02512,2
P02279,A03363,9
P02279,A03593,8
P02279,A04159,7
P02279,A04976,5
P02279,A05123,1
P02279,A05124,4
P02280,A06894,1
P02280,A06895,2
P02280,A06896,3
P02280,A06897,4
P02280,A06898,5
P02280,A06899,6
P02280,A06900,7
P02280,A06901,8
P02280,A06902,9
P02281,A06903,1
P02281,A06904,2
P02281,A06905,3
P02281,A06906,4
P02281,A06907,5
P02281,A06908,6
P02281,A06909,7
P02281,A06910,8
P02281,A06911,9
P02282,A00060,1
P02282,A02597,2
P02282,A02869,4
P02282,A06912,3
P02283,A06913,1
P02284,A01351,3
P02284,A04235,4
P02284,A06914,1
P02284,A06915,2
P02285,A05297,5
P02285,A06916,1
P02285,A06917,2
P02285,A06918,3
P02285,A06919,4
P02286,A06920,1
P02286,A06921,2
P02286,A06922,3
P02287,A06923,1
P02287,A06924,2
P02287,A06925,3
P02288,A04586,3
P02288,A06926,1
P02288,A06927,2
P02288,A06928,4
P02288,A06929,5
P02288,A06930,6
P02288,A06931,7
P02289,A06932,1
P02289,A06933,2
P02289,A06934,3
P02290,A00614,4
P02290,A03432,1
P02290,A03445,3
P02290,A04924,2
P02291,A00102,1
P02291,A00837,2
P02291,A01510,3
P02291,A02291,4
P02292,A03074,5
P02292,A03272,2
P02292,A05290,1
P02292,A05292,6
P02292,A06935,3
P02292,A06936,4
P02292,A06937,7
P02293,A04092,3
P02293,A06938,1
P02293,A06939,2
P02294,A06940,1
P02294,A06941,2
P02294,A06942,3
P02295,A02240,9
P02295,A05111,1
P02295,A06926,7
P02295,A06943,2
P02295,A06944,3
P02295,A06945,4
P02295,A06946,5
P02295,A06947,6
P02295,A06948,8
P02296,A00520,7
P02296,A00770,20
P02296,A01315,2
P02296,A01383,1
P02296,A01475,19
P02296,A01483,12
P02296,A01989,4
P02296,A01990,9
P02296,A02026,17
P02296,A02047,28
P02296,A02351,11
P02296,A02602,5
P02296,A03190,22
P02296,A03248,32
P02296,A04233,29
P02296,A04281,15
P02296,A05094,13
P02296,A05392,25
P02296,A05393,6
P02296,A05396,27
P02296,A05397,24
P02296,A06949,3
P02296,A06950,8
P02296,A06951,10
P02296,A06952,14
P02296,A06953,16
P02296,A06954,18
P02296,A06955,21
P02296,A06956,23
P02296,A06957,26
P02296,A06958,30
P02296,A06959,31
P02297,A03963,4
P02297,A06960,1
P02297,A06961,2
P02297,A06962,3
P02297,A06963,5
P02297,A06964,6
P02297,A06965,7
P02297,A06966,8
P02297,A06967,9
P02297,A06968,10
P02297,A06969,11
P02297,A06970,12
P02297,A06971,13
P02297,A06972,14
P02297,A06973,15
P02297,A06974,16
P02297,A06975,17
P02298,A00905,1
P02298,A01325,3
P02298,A06976,2
P02299,A00506,3
P02299,A01981,8
P02299,A02390,6
P02299,A02656,2
P02299,A03527,1
P02299,A03933,7
P02299,A04307,5
P02299,A06977,4
P02300,A03901,7
P02300,A03904,5
P02300,A04988,4
P02300,A06978,1
P02300,A06979,2
P02300,A06980,3
P02300,A06981,6
P02301,A00006,2
P02301,A04267,1
P02301,A05439,3
P02302,A06982,1
P02302,A06983,2
P02302,A06984,3
P02302,A06985,4
P02302,A06986,5
P02302,A06987,6
P02302,A06988,7
P02302,A06989,8
P02302,A06990,9
P02302,A06991,10
P02302,A06992,11
P02302,A06993,12
P02302,A06994,13
P02303,A00001,2
P02303,A03665,1
P02303,A06995,3
P02304,A05292,2
P02304,A06996,1
P02304,A06997,3
P02304,A06998,4
P02304,A06999,5
P02304,A07000,6
P02305,A00925,6
P02305,A01152,7
P02305,A01842,3
P02305,A04713,5
P02305,A05534,1
P02305,A05574,2
P02305,A07001,4
P02306,A00562,2
P02306,A05579,1
P02307,A07002,1
P02307,A07003,2
P02307,A07004,3
P02307,A07005,4
P02307,A07006,5
P02307,A07007,6
P02307,A07008,7
P02307,A07009,8
P02307,A07010,9
P02307,A07011,10
P02308,A05433,2
P02308,A07012,1
P02308,A07013,3
P02308,A07014,4
P02308,A07015,5
P02309,A00618,7
P02309,A00657,4
P02309,A00691,6
P02309,A01365,8
P02309,A01842,1
P02309,A01959,3
P02309,A04713,2
P02309,A07016,5
P02310,A00558,1
P02310,A00670,3
P02310,A01528,4
P02310,A07017,2
P02311,A00006,4
P02311,A04976,5
P02311,A04993,2
P02311,A05123,1
P02311,A05124,3
P02311,A07018,6
P02311,A07019,7
P02312,A04913,1
P02313,A04309,4
P02313,A07020,1
P02313,A07021,2
P02313,A07022,3
P02314,A00077,5
P02314,A00562,3
P02314,A01300,4
P02314,A02126,1
P02314,A02781,11
P02314,A03408,10
P02314,A03420,7
P02314,A04380,8
P02314,A04843,9
P02314,A04845,2
P02314,A07023,6
P02314,A07024,12
P02315,A00124,4
P02315,A00788,2
P02315,A03799,1
P02315,A07025,3
P02315,A07026,5
P02316,A01447,4
P02316,A01678,3
P02316,A02146,2
P02316,A03248,5
P02316,A07027,1
P02317,A02548,4
P02317,A05027,2
P02317,A05028,3
P02317,A07028,1
P02317,A07029,5
P02317,A07030,6
P02318,A03058,4
P02318,A03061,1
P02318,A05187,3
P02318,A07031,2
P02318,A07032,5
P02319,A00843,8
P02319,A01067,5
P02319,A01317,6
P02319,A02280,7
P02319,A02600,3
P02319,A02731,2
P02319,A04469,4
P02319,A06789,1
P02320,A06970,2
P02320,A07033,1
P02320,A07034,3
P02320,A07035,4
P02320,A07036,5
P02320,A07037,6
P02321,A02984,2
P02321,A02986,4
P02321,A07038,1
P02321,A07039,3
P02322,A01604,2
P02322,A04657,1
P02323,A07040,1
P02323,A07041,2
P02324,A00562,6
P02324,A01649,4
P02324,A02153,5
P02324,A02240,2
P02324,A02844,1
P02324,A03408,3
P02325,A07042,1
P02325,A07043,2
P02325,A07044,3
P02325,A07045,4
P02325,A07046,5
P02325,A07047,6
P02325,A07048,7
P02325,A07049,8
P02326,A00006,4
P02326,A00081,10
P02326,A00314,9
P02326,A02512,2
P02326,A03253,3
P02326,A03593,8
P02326,A03943,7
P02326,A05043,1
P02326,A05297,6
P02326,A07050,5
P02327,A02151,4
P02327,A05183,1
P02327,A05184,2
P02327,A05185,3
P02328,A04073,2
P02328,A07051,1
P02328,A07052,3
P02328,A07053,4
P02328,A07054,5
P02328,A07055,6
P02328,A07056,7
P02328,A07057,8
P02328,A07058,9
P02328,A07059,10
P02328,A07060,11
P02328,A07061,12
P02328,A07062,13
P02328,A07063,14
P02329,A00541,1
P02329,A00814,3
P02329,A04048,2
P02330,A07064,1
P02330,A07065,2
P02330,A07066,3
P02330,A07067,4
P02330,A07068,5
P02330,A07069,6
P02330,A07070,7
P02331,A00066,3
P02331,A00103,6
P02331,A02125,2
P02331,A04045,4
P02331,A06792,5
P02331,A07071,1
P02331,A07072,7
P02332,A00475,11
P02332,A00605,7
P02332,A01821,9
P02332,A02894,3
P02332,A02895,2
P02332,A03954,8
P02332,A05527,1
P02332,A07073,4
P02332,A07074,5
P02332,A07075,6
P02332,A07076,10
P02333,A00290,3
P02333,A01227,2
P02333,A02620,5
P02333,A02721,6
P02333,A03527,4
P02333,A06977,1
P02334,A07077,1
P02334,A07078,2
P02334,A07079,3
P02335,A05463,1
P02335,A05466,4
P02335,A05467,8
P02335,A07080,2
P02335,A07081,3
P02335,A07082,5
P02335,A07083,6
P02335,A07084,7
P02335,A07085,9
P02335,A07086,10
P02336,A00562,2
P02336,A05579,1
P02337,A00004,1
P02337,A01515,2
P02338,A00290,3
P02338,A00448,5
P02338,A01227,2
P02338,A03418,4
P02338,A03450,1
P02338,A03526,6
P02339,A00526,1
P02339,A03884,2
P02340,A04192,1
P02340,A05463,2
P02340,A07087,3
P02341,A05463,1
P02341,A05464,3
P02341,A05465,6
P02341,A05466,2
P02341,A07083,5
P02341,A07088,4
P02341,A07089,7
P02341,A07090,8
P02342,A04156,1
P02342,A05213,2
P02342,A07091,3
P02343,A00570,4
P02343,A02843,3
P02343,A03795,2
P02343,A04323,5
P02343,A05548,1
P02344,A05593,1
P02344,A05594,2
P02344,A05595,3
P02344,A05597,4
P02344,A05598,5
P02345,A04121,17
P02345,A04130,15
P02345,A04830,16
P02345,A04864,35
P02345,A04880,37
P02345,A07092,1
P02345,A07093,2
P02345,A07094,3
P02345,A07095,4
P02345,A07096,5
P02345,A07097,6
P02345,A07098,7
P02345,A07099,8
P02345,A07100,9
P02345,A07101,10
P02345,A07102,11
P02345,A07103,12
P02345,A07104,13
P02345,A07105,14
P02345,A07106,18
P02345,A07107,19
P02345,A07108,20
P02345,A07109,21
P02345,A07110,22
P02345,A07111,23
P02345,A07112,24
P02345,A07113,25
P02345,A07114,26
P02345,A07115,27
P02345,A07116,28
P02345,A07117,29
P02345,A07118,30
P02345,A07119,31
P02345,A07120,32
P02345,A07121,33
P02345,A07122,34
P02345,A07123,36
P02345,A07124,38
P02345,A07125,39
P02345,A07126,40
P02345,A07127,41
P02345,A07128,42
P02345,A07129,43
P02346,A00001,4
P02346,A00054,3
P02346,A00619,5
P02346,A01946,2
P02346,A03923,1
P02346,A03927,6
P02346,A07130,7
P02347,A00130,3
P02347,A00266,2
P02347,A00432,5
P02347,A07131,1
P02347,A07132,4
P02348,A03869,3
P02348,A07133,1
P02348,A07134,2
P02348,A07135,4
P02348,A07136,5
P02349,A00874,3
P02349,A00878,5
P02349,A07137,1
P02349,A07138,2
P02349,A07139,4
P02349,A07140,6
P02349,A07141,7
P02350,A04073,39
P02350,A06836,15
P02350,A06961,29
P02350,A06969,13
P02350,A06971,3
P02350,A06972,16
P02350,A07142,1
P02350,A07143,2
P02350,A07144,4
P02350,A07145,5
P02350,A07146,6
P02350,A07147,7
P02350,A07148,8
P02350,A07149,9
P02350,A07150,10
P02350,A07151,11
P02350,A07152,12
P02350,A07153,14
P02350,A07154,17
P02350,A07155,18
P02350,A07156,19
P02350,A07157,20
P02350,A07158,21
P02350,A07159,22
P02350,A07160,23
P02350,A07161,24
P02350,A07162,25
P02350,A07163,26
P02350,A07164,27
P02350,A07165,28
P02350,A07166,30
P02350,A07167,31
P02350,A07168,32
P02350,A07169,33
P02350,A07170,34
P02350,A07171,35
P02350,A07172,36
P02350,A07173,37
P02350,A07174,38
P02350,A07175,40
P02350,A07176,41
P02350,A07177,42
P02350,A07178,43
P02350,A07179,44
P02351,A07160,2
P02351,A07180,1
P02351,A07181,3
P02351,A07182,4
P02352,A00723,2
P02352,A00865,4
P02352,A01752,3
P02352,A03396,1
P02352,A04753,5
P02352,A04754,6
P02352,A07183,7
P02352,A07184,8
P02353,A00562,2
P02353,A03408,1
P02353,A07185,3
P02353,A07186,4
P02354,A01270,2
P02354,A04272,3
P02354,A07187,1
P02354,A07188,4
P02354,A07189,5
P02354,A07190,6
P02354,A07191,7
P02354,A07192,8
P02354,A07193,9
P02354,A07194,10
P02355,A07195,1
P02355,A07196,2
P02355,A07197,3
P02355,A07198,4
P02355,A07199,5
P02356,A00612,2
P02356,A03297,1
P02357,A00293,1
P02357,A02743,3
P02357,A07200,2
P02358,A00293,1
P02359,A00622,2
P02359,A02661,1
P02359,A05531,3
P02360,A04131,2
P02360,A06804,17
P02360,A06806,4
P02360,A06826,6
P02360,A06832,23
P02360,A06846,8
P02360,A06847,28
P02360,A06849,20
P02360,A06855,26
P02360,A07201,1
P02360,A07202,3
P02360,A07203,5
P02360,A07204,7
P02360,A07205,9
P02360,A07206,10
P02360,A07207,11
P02360,A07208,12
P02360,A07209,13
P02360,A07210,14
P02360,A07211,15
P02360,A07212,16
P02360,A07213,18
P02360,A07214,19
P02360,A07215,21
P02360,A07216,22
P02360,A07217,24
P02360,A07218,25
P02360,A07219,27
P02360,A07220,29
P02360,A07221,30
P02361,A03331,25
P02361,A03332,21
P02361,A03772,10
P02361,A03879,16
P02361,A03906,14
P02361,A04066,26
P02361,A04068,9
P02361,A04265,13
P02361,A04594,8
P02361,A04764,37
P02361,A04765,4
P02361,A04766,31
P02361,A04767,5
P02361,A04770,7
P02361,A04772,2
P02361,A04773,12
P02361,A04954,47
P02361,A04955,53
P02361,A07222,1
P02361,A07223,3
P02361,A07224,6
P02361,A07225,11
P02361,A07226,15
P02361,A07227,17
P02361,A07228,18
P02361,A07229,19
P02361,A07230,20
P02361,A07231,22
P02361,A07232,23
P02361,A07233,24
P02361,A07234,27
P02361,A07235,28
P02361,A07236,29
P02361,A07237,30
P02361,A07238,32
P02361,A07239,33
P02361,A07240,34
P02361,A07241,35
P02361,A07242,36
P02361,A07243,38
P02361,A07244,39
P02361,A07245,40
P02361,A07246,41
P02361,A07247,42
P02361,A07248,43
P02361,A07249,44
P02361,A07250,45
P02361,A07251,46
P02361,A07252,48
P02361,A07253,49
P02361,A07254,50
P02361,A07255,51
P02361,A07256,52
P02362,A03024,45
P02362,A03331,32
P02362,A03332,28
P02362,A03334,36
P02362,A03771,23
P02362,A03772,16
P02362,A03860,17
P02362,A03879,2
P02362,A03906,4
P02362,A03920,57
P02362,A04066,13
P02362,A04068,15
P02362,A04202,6
P02362,A04265,21
P02362,A04764,43
P02362,A04765,5
P02362,A04766,37
P02362,A04767,8
P02362,A04768,9
P02362,A04769,10
P02362,A04770,11
P02362,A04771,12
P02362,A04772,14
P02362,A04773,1
P02362,A04774,18
P02362,A04775,20
P02362,A04954,54
P02362,A04955,60
P02362,A07222,47
P02362,A07223,52
P02362,A07227,24
P02362,A07228,25
P02362,A07229,26
P02362,A07230,27
P02362,A07231,29
P02362,A07233,31
P02362,A07234,33
P02362,A07235,34
P02362,A07236,35
P02362,A07238,38
P02362,A07239,40
P02362,A07240,41
P02362,A07243,44
P02362,A07245,46
P02362,A07246,48
P02362,A07248,49
P02362,A07249,50
P02362,A07250,51
P02362,A07251,53
P02362,A07252,55
P02362,A07253,56
P02362,A07255,58
P02362,A07256,59
P02362,A07257,3
P02362,A07258,7
P02362,A07259,19
P02362,A07260,22
P02362,A07261,30
P02362,A07262,39
P02362,A07263,42
P02363,A06803,5
P02363,A06804,4
P02363,A06805,3
P02363,A06807,2
P02363,A06811,1
P02363,A06812,6
P02363,A06813,7
P02363,A07207,8
P02363,A07264,9
P02364,A06803,7
P02364,A06804,2
P02364,A06805,1
P02364,A06806,11
P02364,A06807,16
P02364,A06808,9
P02364,A06809,10
P02364,A06810,12
P02364,A06811,21
P02364,A06812,15
P02364,A06813,14
P02364,A06814,13
P02364,A06821,3
P02364,A06822,20
P02364,A06823,17
P02364,A06825,4
P02364,A06826,18
P02364,A06827,19
P02364,A06829,5
P02364,A06830,6
P02364,A06854,8
P02364,A07265,22
P02365,A00670,2
P02365,A00805,4
P02365,A01307,3
P02365,A01528,1
P02366,A07266,1
P02366,A07267,2
P02367,A03156,16
P02367,A03816,11
P02367,A03817,2
P02367,A03819,3
P02367,A03820,5
P02367,A03827,6
P02367,A03828,7
P02367,A03832,8
P02367,A03834,9
P02367,A03835,10
P02367,A03847,13
P02367,A03848,15
P02367,A03852,17
P02367,A03854,18
P02367,A03858,19
P02367,A03859,20
P02367,A03862,21
P02367,A03863,22
P02367,A03868,24
P02367,A03869,25
P02367,A03870,26
P02367,A03871,1
P02367,A03872,27
P02367,A03875,28
P02367,A03876,29
P02367,A03879,30
P02367,A07268,4
P02367,A07269,12
P02367,A07270,14
P02367,A07271,23
P02368,A00690,9
P02368,A00753,14
P02368,A00867,2
P02368,A01927,3
P02368,A02156,8
P02368,A03701,6
P02368,A03708,7
P02368,A07272,1
P02368,A07273,4
P02368,A07274,5
P02368,A07275,10
P02368,A07276,11
P02368,A07277,12
P02368,A07278,13
P02369,A00006,2
P02369,A02066,1
P02370,A00629,2
P02370,A04761,1
P02370,A04762,3
P02371,A04008,1
P02371,A04009,2
P02371,A04010,5
P02371,A04011,7
P02371,A07279,3
P02371,A07280,4
P02371,A07281,6
P02372,A07282,1
P02372,A07283,2
P02373,A00905,1
P02374,A00614,2
P02374,A02034,3
P02374,A07284,1
P02375,A00443,3
P02375,A04612,1
P02375,A04613,2
P02376,A00266,2
P02376,A01389,7
P02376,A01823,6
P02376,A02416,3
P02376,A07131,4
P02376,A07285,1
P02376,A07286,5
P02377,A00673,3
P02377,A01028,1
P02377,A01505,2
P02377,A07287,4
P02378,A00723,2
P02378,A00795,5
P02378,A01314,4
P02378,A01499,1
P02378,A02034,3
P02379,A00174,4
P02379,A07288,1
P02379,A07289,2
P02379,A07290,3
P02380,A00723,4
P02380,A00865,8
P02380,A01299,1
P02380,A01404,3
P02380,A02034,2
P02380,A02534,7
P02380,A03404,5
P02380,A04701,6
P02381,A03213,2
P02381,A07291,1
P02382,A03373,8
P02382,A07185,5
P02382,A07292,1
P02382,A07293,2
P02382,A07294,3
P02382,A07295,4
P02382,A07296,6
P02382,A07297,7
P02382,A07298,9
P02382,A07299,10
P02382,A07300,11
P02383,A07301,1
P02384,A06961,16
P02384,A06969,2
P02384,A06971,9
P02384,A06973,4
P02384,A07157,10
P02384,A07161,14
P02384,A07302,1
P02384,A07303,3
P02384,A07304,5
P02384,A07305,6
P02384,A07306,7
P02384,A07307,8
P02384,A07308,11
P02384,A07309,12
P02384,A07310,13
P02384,A07311,15
P02384,A07312,17
P02385,A07313,1
P02385,A07314,2
P02385,A07315,3
P02385,A07316,4
P02385,A07317,5
P02385,A07318,6
P02385,A07319,7
P02385,A07320,8
P02385,A07321,9
P02385,A07322,10
P02385,A07323,11
P02385,A07324,12
P02385,A07325,13
P02385,A07326,14
P02386,A00001,2
P02386,A03477,3
P02386,A06995,5
P02386,A07327,1
P02386,A07328,4
P02387,A00013,1
P02387,A01547,2
P02388,A00004,1
P02389,A04530,38
P02389,A04966,2
P02389,A04967,7
P02389,A04970,13
P02389,A04973,16
P02389,A07329,1
P02389,A07330,3
P02389,A07331,4
P02389,A07332,5
P02389,A07333,6
P02389,A07334,8
P02389,A07335,9
P02389,A07336,10
P02389,A07337,11
P02389,A07338,12
P02389,A07339,14
P02389,A07340,15
P02389,A07341,17
P02389,A07342,18
P02389,A07343,19
P02389,A07344,20
P02389,A07345,21
P02389,A07346,22
P02389,A07347,23
P02389,A07348,24
P02389,A07349,25
P02389,A07350,26
P02389,A07351,27
P02389,A07352,28
P02389,A07353,29
P02389,A07354,30
P02389,A07355,31
P02389,A07356,32
P02389,A07357,33
P02389,A07358,34
P02389,A07359,35
P02389,A07360,36
P02389,A07361,37
P02390,A03816,26
P02390,A03817,2
P02390,A03818,4
P02390,A03820,8
P02390,A03821,9
P02390,A03822,10
P02390,A03823,11
P02390,A03824,12
P02390,A03825,13
P02390,A03830,19
P02390,A03831,20
P02390,A03832,21
P02390,A03833,22
P02390,A03836,25
P02390,A03838,30
P02390,A03839,31
P02390,A03840,33
P02390,A03843,36
P02390,A03844,39
P02390,A03845,40
P02390,A03846,43
P02390,A03849,42
P02390,A03851,45
P02390,A03854,47
P02390,A03855,48
P02390,A03857,49
P02390,A03858,50
P02390,A03864,55
P02390,A03866,59
P02390,A03867,60
P02390,A03870,62
P02390,A03871,65
P02390,A03873,67
P02390,A03877,69
P02390,A03878,70
P02390,A03880,75
P02390,A03881,78
P02390,A03882,79
P02390,A03962,68
P02390,A07362,1
P02390,A07363,3
P02390,A07364,5
P02390,A07365,6
P02390,A07366,7
P02390,A07367,14
P02390,A07368,15
P02390,A07369,16
P02390,A07370,17
P02390,A07371,18
P02390,A07372,23
P02390,A07373,24
P02390,A07374,27
P02390,A07375,28
P02390,A07376,29
P02390,A07377,32
P02390,A07378,34
P02390,A07379,35
P02390,A07380,37
P02390,A07381,38
P02390,A07382,41
P02390,A07383,44
P02390,A07384,46
P02390,A07385,51
P02390,A07386,52
P02390,A07387,53
P02390,A07388,54
P02390,A07389,56
P02390,A07390,57
P02390,A07391,58
P02390,A07392,61
P02390,A07393,63
P02390,A07394,64
P02390,A07395,66
P02390,A07396,71
P02390,A07397,72
P02390,A07398,73
P02390,A07399,74
P02390,A07400,76
P02390,A07401,77
P02391,A07402,1
P02391,A07403,2
P02391,A07404,3
P02391,A07405,4
P02392,A00805,2
P02392,A02327,1
P02392,A05295,4
P02392,A07406,3
P02393,A00006,4
P02393,A00785,7
P02393,A00791,8
P02393,A01152,3
P02393,A03363,6
P02393,A03593,5
P02393,A04993,2
P02393,A05123,1
P02394,A00272,4
P02394,A00865,3
P02394,A03396,1
P02394,A07183,5
P02394,A07407,2
P02394,A07408,6
P02395,A07409,1
P02395,A07410,2
P02395,A07411,3
P02395,A07412,4
P02395,A07413,5
P02395,A07414,6
P02395,A07415,7
P02395,A07416,8
P02396,A07417,1
P02396,A07418,2
P02396,A07419,3
P02396,A07420,4
P02396,A07421,5
P02397,A00290,3
P02397,A00448,8
P02397,A00843,4
P02397,A00892,9
P02397,A01227,2
P02397,A01821,5
P02397,A03221,7
P02397,A03421,6
P02397,A03450,1
P02397,A03921,10
P02398,A07422,1
P02398,A07423,2
P02399,A00124,1
P02399,A01638,2
P02400,A07424,1
P02400,A07425,2
P02400,A07426,3
P02400,A07427,4
P02400,A07428,5
P02401,A00614,3
P02401,A02554,8
P02401,A02600,2
P02401,A02843,4
P02401,A03291,5
P02401,A03941,1
P02401,A04322,6
P02401,A07429,7
P02402,A02759,3
P02402,A02760,2
P02402,A05074,4
P02402,A07430,1
P02403,A00614,5
P02403,A00622,3
P02403,A01442,2
P02403,A02843,1
P02403,A07431,4
P02404,A01977,2
P02404,A02464,5
P02404,A02600,6
P02404,A02866,1
P02404,A03445,7
P02404,A04358,4
P02404,A07432,3
P02405,A07433,1
P02405,A07434,2
P02405,A07435,3
P02405,A07436,4
P02405,A07437,5
P02406,A00723,2
P02406,A00761,8
P02406,A00762,9
P02406,A01649,10
P02406,A03396,1
P02406,A03795,6
P02406,A04323,4
P02406,A04616,7
P02406,A07438,3
P02406,A07439,5
P02407,A01550,3
P02407,A04655,4
P02407,A07440,1
P02407,A07441,2
P02408,A04073,3
P02408,A07442,1
P02408,A07443,2
P02408,A07444,4
P02408,A07445,5
P02408,A07446,6
P02408,A07447,7
P02408,A07448,8
P02409,A00629,2
P02409,A07449,1
P02409,A07450,3
P02409,A07451,4
P02410,A03380,1
P02411,A06878,2
P02411,A07452,1
P02412,A00290,2
P02412,A00448,4
P02412,A00843,3
P02412,A00892,5
P02412,A03921,6
P02412,A04438,1
P02413,A01528,4
P02413,A02295,3
P02413,A04037,2
P02413,A04038,1
P02414,A01991,1
P02414,A07453,2
P02415,A01647,2
P02415,A01648,21
P02415,A07454,1
P02415,A07455,3
P02415,A07456,4
P02415,A07457,5
P02415,A07458,6
P02415,A07459,7
P02415,A07460,8
P02415,A07461,9
P02415,A07462,10
P02415,A07463,11
P02415,A07464,12
P02415,A07465,13
P02415,A07466,14
P02415,A07467,15
P02415,A07468,16
P02415,A07469,17
P02415,A07470,18
P02415,A07471,19
P02415,A07472,20
P02415,A07473,22
P02415,A07474,23
P02415,A07475,24
P02415,A07476,25
P02415,A07477,26
P02415,A07478,27
P02415,A07479,28
P02415,A07480,29
P02415,A07481,30
P02415,A07482,31
P02415,A07483,32
P02415,A07484,33
P02415,A07485,34
P02415,A07486,35
P02415,A07487,36
P02416,A07460,2
P02416,A07467,4
P02416,A07468,15
P02416,A07472,14
P02416,A07475,18
P02416,A07488,1
P02416,A07489,3
P02416,A07490,5
P02416,A07491,6
P02416,A07492,7
P02416,A07493,8
P02416,A07494,9
P02416,A07495,10
P02416,A07496,11
P02416,A07497,12
P02416,A07498,13
P02416,A07499,16
P02416,A07500,17
P02417,A05222,6
P02417,A07501,1
P02417,A07502,2
P02417,A07503,3
P02417,A07504,4
P02417,A07505,5
P02418,A00299,2
P02418,A00824,3
P02418,A00871,1
P02419,A00417,1
P02420,A03795,2
P02420,A03979,4
P02420,A04579,5
P02420,A07506,1
P02420,A07507,3
P02421,A01475,11
P02421,A03268,4
P02421,A05036,2
P02421,A05039,1
P02421,A07508,3
P02421,A07509,5
P02421,A07510,6
P02421,A07511,7
P02421,A07512,8
P02421,A07513,9
P02421,A07514,10
P02422,A03792,3
P02422,A04534,1
P02422,A04535,2
P02423,A04716,5
P02423,A04815,2
P02423,A07515,1
P02423,A07516,3
P02423,A07517,4
P02424,A00290,2
P02424,A00843,4
P02424,A01227,3
P02424,A07518,1
P02425,A07519,1
P02425,A07520,2
P02426,A07521,1
P02426,A07522,2
P02426,A07523,3
P02426,A07524,4
P02426,A07525,5
P02426,A07526,6
P02426,A07527,7
P02426,A07528,8
P02427,A01010,7
P02427,A03921,3
P02427,A07529,1
P02427,A07530,2
P02427,A07531,4
P02427,A07532,5
P02427,A07533,6
P02428,A04008,2
P02428,A07534,1
P02428,A07535,3
P02428,A07536,4
P02428,A07537,5
P02428,A07538,6
P02429,A03869,4
P02429,A07133,1
P02429,A07134,5
P02429,A07539,2
P02429,A07540,3
P02430,A00231,4
P02430,A00485,5
P02430,A05095,6
P02430,A07541,1
P02430,A07542,2
P02430,A07543,3
P02430,A07544,7
P02431,A00443,3
P02431,A01737,1
P02431,A07545,2
P02431,A07546,4
P02432,A00570,5
P02432,A00805,4
P02432,A02223,3
P02432,A02554,6
P02432,A02600,1
P02432,A02601,2
P02433,A00912,2
P02433,A02774,3
P02433,A03754,4
P02433,A07547,1
P02434,A00605,5
P02434,A01744,3
P02434,A01745,2
P02434,A02895,6
P02434,A04404,4
P02434,A07548,1
P02435,A00006,5
P02435,A00709,2
P02435,A01288,3
P02435,A01832,1
P02435,A02132,4
P02435,A02512,6
P02436,A07549,1
P02436,A07550,2
P02436,A07551,3
P02436,A07552,4
P02436,A07553,5
P02436,A07554,6
P02436,A07555,7
P02436,A07556,8
P02436,A07557,9
P02436,A07558,10
P02436,A07559,11
P02436,A07560,12
P02436,A07561,13
P02436,A07562,14
P02436,A07563,15
P02436,A07564,16
P02436,A07565,17
P02436,A07566,18
P02436,A07567,19
P02436,A07568,20
P02436,A07569,21
P02436,A07570,22
P02436,A07571,23
P02437,A05027,4
P02437,A07572,1
P02437,A07573,2
P02437,A07574,3
P02437,A07575,5
P02437,A07576,6
P02437,A07577,7
P02438,A03468,1
P02438,A07578,2
P02439,A00130,3
P02439,A00263,2
P02439,A05050,4
P02439,A07579,1
P02439,A07580,5
P02440,A07060,16
P02440,A07118,10
P02440,A07120,12
P02440,A07581,1
P02440,A07582,2
P02440,A07583,3
P02440,A07584,4
P02440,A07585,5
P02440,A07586,6
P02440,A07587,7
P02440,A07588,8
P02440,A07589,9
P02440,A07590,11
P02440,A07591,13
P02440,A07592,14
P02440,A07593,15
P02440,A07594,17
P02440,A07595,18
P02440,A07596,19
P02441,A02874,1
P02441,A05288,2
P02442,A00709,10
P02442,A02600,6
P02442,A03403,2
P02442,A03527,7
P02442,A03971,4
P02442,A04480,9
P02442,A05137,3
P02442,A07597,1
P02442,A07598,5
P02442,A07599,8
P02442,A07600,11
P02443,A07601,1
P02443,A07602,2
P02443,A07603,3
P02443,A07604,4
P02444,A00490,2
P02444,A00893,3
P02444,A01822,1
P02445,A05011,6
P02445,A07605,1
P02445,A07606,2
P02445,A07607,3
P02445,A07608,4
P02445,A07609,5
P02445,A07610,7
P02445,A07611,8
P02445,A07612,9
P02445,A07613,10
P02445,A07614,11
P02445,A07615,12
P02445,A07616,13
P02446,A00723,2
P02446,A01299,6
P02446,A01499,10
P02446,A01822,5
P02446,A02034,8
P02446,A02534,7
P02446,A03396,9
P02446,A03795,4
P02446,A04300,11
P02446,A04616,3
P02446,A07438,1
P02447,A00081,4
P02447,A00314,9
P02447,A00447,6
P02447,A01070,11
P02447,A01073,10
P02447,A01074,12
P02447,A03509,1
P02447,A03596,2
P02447,A05236,3
P02447,A07617,5
P02447,A07618,7
P02447,A07619,8
P02448,A00614,2
P02448,A07284,1
P02449,A00124,5
P02449,A00221,2
P02449,A00997,15
P02449,A01152,3
P02449,A01740,4
P02449,A01838,11
P02449,A01840,12
P02449,A02015,14
P02449,A02028,8
P02449,A02708,10
P02449,A03731,7
P02449,A05061,1
P02449,A05062,6
P02449,A07620,9
P02449,A07621,13
P02450,A00834,2
P02450,A07622,1
P02451,A00905,2
P02451,A01325,3
P02451,A02580,5
P02451,A07131,4
P02451,A07623,1
P02452,A07624,1
P02452,A07625,2
P02452,A07626,3
P02452,A07627,4
P02452,A07628,5
P02452,A07629,6
P02453,A07630,1
P02453,A07631,2
P02453,A07632,3
P02453,A07633,4
P02454,A00833,2
P02454,A01668,4
P02454,A07634,1
P02454,A07635,3
P02454,A07636,5
P02455,A00272,2
P02455,A01309,6
P02455,A01499,1
P02455,A02034,3
P02455,A03422,5
P02455,A04139,4
P02456,A00196,3
P02456,A04325,2
P02456,A07637,1
P02457,A00290,8
P02457,A00570,7
P02457,A00805,6
P02457,A00819,1
P02457,A00843,11
P02457,A01823,10
P02457,A02600,4
P02457,A03044,3
P02457,A03162,2
P02457,A07638,5
P02457,A07639,9
P02458,A06846,11
P02458,A06849,12
P02458,A06855,18
P02458,A07204,10
P02458,A07640,1
P02458,A07641,2
P02458,A07642,3
P02458,A07643,4
P02458,A07644,5
P02458,A07645,6
P02458,A07646,7
P02458,A07647,8
P02458,A07648,9
P02458,A07649,13
P02458,A07650,14
P02458,A07651,15
P02458,A07652,16
P02458,A07653,17
P02458,A07654,19
P02458,A07655,20
P02458,A07656,21
P02459,A07657,1
P02459,A07658,2
P02460,A05410,8
P02460,A07659,1
P02460,A07660,2
P02460,A07661,3
P02460,A07662,4
P02460,A07663,5
P02460,A07664,6
P02460,A07665,7
P02461,A00605,1
P02461,A00770,15
P02461,A00791,9
P02461,A00795,12
P02461,A00799,10
P02461,A00805,14
P02461,A01027,2
P02461,A01073,13
P02461,A01309,11
P02461,A01751,18
P02461,A02125,19
P02461,A02223,4
P02461,A02583,6
P02461,A02895,16
P02461,A03106,17
P02461,A03930,5
P02461,A03931,7
P02461,A06801,20
P02461,A07666,3
P02461,A07667,8
P02461,A07668,21
P02461,A07669,22
P02462,A00790,3
P02462,A03248,4
P02462,A03450,2
P02462,A07670,1
P02463,A00066,8
P02463,A01915,6
P02463,A01916,1
P02463,A01917,4
P02463,A02125,7
P02463,A02451,15
P02463,A02731,12
P02463,A03216,3
P02463,A03288,5
P02463,A03732,10
P02463,A04045,9
P02463,A07671,2
P02463,A07672,11
P02463,A07673,13
P02463,A07674,14
P02464,A00562,6
P02464,A01649,4
P02464,A02240,2
P02464,A02844,1
P02464,A03408,3
P02464,A07439,5
P02465,A02967,3
P02465,A07675,1
P02465,A07676,2
P02465,A07677,4
P02465,A07678,5
P02466,A00614,7
P02466,A07679,1
P02466,A07680,2
P02466,A07681,3
P02466,A07682,4
P02466,A07683,5
P02466,A07684,6
P02466,A07685,8
P02466,A07686,9
P02466,A07687,10
P02466,A07688,11
P02466,A07689,12
P02466,A07690,13
P02466,A07691,14
P02466,A07692,15
P02466,A07693,16
P02466,A07694,17
P02466,A07695,18
P02466,A07696,19
P02466,A07697,20
P02466,A07698,21
P02467,A07699,1
P02467,A07700,2
P02467,A07701,3
P02467,A07702,4
P02467,A07703,5
P02467,A07704,6
P02467,A07705,7
P02467,A07706,8
P02467,A07707,9
P02468,A00290,4
P02468,A00448,7
P02468,A00541,2
P02468,A00950,5
P02468,A02297,1
P02468,A02690,6
P02468,A07518,3
P02469,A00562,2
P02469,A03408,1
P02469,A05193,3
P02470,A00196,3
P02470,A02489,4
P02470,A07708,1
P02470,A07709,2
P02471,A00290,8
P02471,A00431,9
P02471,A00562,3
P02471,A01300,4
P02471,A02126,2
P02471,A02244,6
P02471,A04843,1
P02471,A04844,5
P02471,A04845,7
P02472,A06854,3
P02472,A07710,1
P02472,A07711,2
P02472,A07712,4
P02472,A07713,5
P02472,A07714,6
P02472,A07715,7
P02472,A07716,8
P02472,A07717,9
P02473,A07718,1
P02474,A07719,1
P02474,A07720,2
P02474,A07721,3
P02474,A07722,4
P02474,A07723,5
P02474,A07724,6
P02474,A07725,7
P02474,A07726,8
P02474,A07727,9
P02475,A03421,9
P02475,A03432,11
P02475,A04136,2
P02475,A04412,7
P02475,A05629,1
P02475,A05630,3
P02475,A05631,8
P02475,A05633,4
P02475,A05634,5
P02475,A05636,10
P02475,A05637,12
P02475,A07728,6
P02476,A04073,24
P02476,A04101,15
P02476,A04102,2
P02476,A04103,3
P02476,A04104,4
P02476,A04107,5
P02476,A04108,7
P02476,A04109,8
P02476,A04110,10
P02476,A04113,11
P02476,A04114,12
P02476,A04115,16
P02476,A04117,18
P02476,A04118,19
P02476,A04121,20
P02476,A04122,21
P02476,A04123,23
P02476,A04124,25
P02476,A04127,27
P02476,A04129,28
P02476,A04130,29
P02476,A04131,30
P02476,A05299,6
P02476,A05300,9
P02476,A05301,13
P02476,A05302,14
P02476,A05303,17
P02476,A05304,22
P02476,A07729,1
P02476,A07730,26
P02477,A00805,4
P02477,A03473,1
P02477,A03527,2
P02477,A04307,3
P02477,A07731,5
P02477,A07732,6
P02478,A07733,1
P02478,A07734,2
P02479,A00066,4
P02479,A01646,2
P02479,A07735,1
P02479,A07736,3
P02480,A07737,1
P02480,A07738,2
P02481,A01821,2
P02481,A04489,1
P02482,A04461,8
P02482,A05451,7
P02482,A05602,3
P02482,A05603,2
P02482,A05604,5
P02482,A05605,6
P02482,A07739,1
P02482,A07740,4
P02482,A07741,9
P02482,A07742,10
P02482,A07743,11
P02483,A02009,1
P02483,A02832,3
P02483,A07744,2
P02483,A07745,4
P02484,A07746,1
P02484,A07747,2
P02484,A07748,3
P02485,A07749,1
P02485,A07750,2
P02485,A07751,3
P02485,A07752,4
P02485,A07753,5
P02486,A07754,1
P02486,A07755,2
P02486,A07756,3
P02486,A07757,4
P02486,A07758,5
P02487,A07754,1
P02487,A07755,2
P02487,A07756,3
P02487,A07757,4
P02487,A07758,5
P02488,A03487,3
P02488,A04158,5
P02488,A07759,1
P02488,A07760,2
P02488,A07761,4
P02488,A07762,6
P02489,A07763,1
P02489,A07764,2
P02490,A00494,15
P02490,A00506,1
P02490,A01066,3
P02490,A01543,6
P02490,A01915,10
P02490,A01916,13
P02490,A02731,5
P02490,A04505,14
P02490,A05144,7
P02490,A06785,11
P02490,A06789,9
P02490,A07672,12
P02490,A07673,4
P02490,A07674,8
P02490,A07765,2
P02491,A01648,11
P02491,A02433,6
P02491,A07469,12
P02491,A07474,8
P02491,A07766,1
P02491,A07767,2
P02491,A07768,3
P02491,A07769,4
P02491,A07770,5
P02491,A07771,7
P02491,A07772,9
P02491,A07773,10
P02491,A07774,13
P02491,A07775,14
P02491,A07776,15
P02492,A00541,2
P02492,A02297,3
P02492,A04048,1
P02493,A00447,1
P02493,A00579,3
P02493,A01472,4
P02493,A07777,2
P02493,A07778,5
P02494,A00290,4
P02494,A02620,3
P02494,A07779,1
P02494,A07780,2
P02494,A07781,5
P02495,A01477,2
P02495,A07782,1
P02495,A07783,3
P02495,A07784,4
P02495,A07785,5
P02495,A07786,6
P02495,A07787,7
P02496,A02874,1
P02496,A05288,2
P02497,A00081,5
P02497,A00770,6
P02497,A00799,7
P02497,A01314,2
P02497,A02034,4
P02497,A03981,9
P02497,A07788,1
P02497,A07789,3
P02497,A07790,8
P02498,A07791,1
P02498,A07792,2
P02499,A07793,1
P02499,A07794,2
P02499,A07795,3
P02499,A07796,4
P02499,A07797,5
P02500,A00614,2
P02500,A01233,1
P02500,A02656,5
P02500,A03310,4
P02500,A07798,3
P02500,A07799,6
P02501,A04534,4
P02501,A07800,1
P02501,A07801,2
P02501,A07802,3
P02502,A00669,2
P02502,A00925,5
P02502,A01264,1
P02502,A01391,4
P02502,A07803,3
P02502,A07804,6
P02503,A07805,1
P02503,A07806,2
P02503,A07807,3
P02504,A00299,7
P02504,A00541,3
P02504,A00614,8
P02504,A01447,6
P02504,A02308,1
P02504,A03291,2
P02504,A04412,5
P02504,A05193,4
P02505,A00723,6
P02505,A01751,7
P02505,A02125,5
P02505,A02327,4
P02505,A05290,3
P02505,A05452,2
P02505,A07000,8
P02505,A07808,1
P02506,A00290,3
P02506,A00494,6
P02506,A00805,9
P02506,A00824,8
P02506,A01227,2
P02506,A02034,5
P02506,A02600,7
P02506,A03527,4
P02506,A06977,1
P02507,A01517,1
P02508,A00290,4
P02508,A00570,5
P02508,A01066,2
P02508,A01511,6
P02508,A01822,3
P02508,A02399,1
P02509,A00996,9
P02509,A01649,5
P02509,A01650,7
P02509,A03396,6
P02509,A03795,2
P02509,A04323,3
P02509,A05296,1
P02509,A07809,4
P02509,A07810,8
P02510,A01543,3
P02510,A01916,7
P02510,A02731,5
P02510,A04045,1
P02510,A04047,2
P02510,A07672,6
P02510,A07673,9
P02510,A07811,4
P02510,A07812,8
P02510,A07813,10
P02510,A07814,11
P02511,A07815,1
P02511,A07816,2
P02511,A07817,3
P02511,A07818,4
P02511,A07819,5
P02511,A07820,6
P02511,A07821,7
P02511,A07822,8
P02511,A07823,9
P02511,A07824,10
P02511,A07825,11
P02511,A07826,12
P02511,A07827,13
P02512,A00272,8
P02512,A01752,7
P02512,A07828,1
P02512,A07829,2
P02512,A07830,3
P02512,A07831,4
P02512,A07832,5
P02512,A07833,6
P02512,A07834,9
P02513,A00892,2
P02513,A02095,3
P02513,A02751,4
P02513,A07835,1
P02514,A00995,3
P02514,A01676,7
P02514,A01678,6
P02514,A02585,4
P02514,A02600,2
P02514,A03044,1
P02514,A07799,5
P02515,A00124,19
P02515,A00221,2
P02515,A00793,20
P02515,A01150,17
P02515,A01152,3
P02515,A01320,4
P02515,A01733,24
P02515,A01740,10
P02515,A01840,13
P02515,A01959,25
P02515,A02028,11
P02515,A02093,16
P02515,A02213,30
P02515,A02217,5
P02515,A02711,21
P02515,A03159,18
P02515,A03352,14
P02515,A03723,8
P02515,A03724,29
P02515,A03730,23
P02515,A03731,6
P02515,A03732,7
P02515,A04504,12
P02515,A05061,1
P02515,A05062,27
P02515,A07836,9
P02515,A07837,15
P02515,A07838,22
P02515,A07839,26
P02515,A07840,28
P02516,A07841,1
P02516,A07842,2
P02516,A07843,3
P02516,A07844,4
P02516,A07845,5
P02516,A07846,6
P02517,A00081,21
P02517,A00507,8
P02517,A00605,1
P02517,A00770,22
P02517,A00791,20
P02517,A00799,11
P02517,A01027,2
P02517,A01475,19
P02517,A01477,16
P02517,A01483,12
P02517,A02199,15
P02517,A02289,18
P02517,A02895,14
P02517,A03527,17
P02517,A05404,13
P02517,A07847,3
P02517,A07848,4
P02517,A07849,5
P02517,A07850,6
P02517,A07851,7
P02517,A07852,9
P02517,A07853,10
P02518,A00763,13
P02518,A00770,16
P02518,A02552,5
P02518,A02866,4
P02518,A03748,20
P02518,A04293,3
P02518,A05141,1
P02518,A07854,2
P02518,A07855,6
P02518,A07856,7
P02518,A07857,8
P02518,A07858,9
P02518,A07859,10
P02518,A07860,11
P02518,A07861,12
P02518,A07862,14
P02518,A07863,15
P02518,A07864,17
P02518,A07865,18
P02518,A07866,19
P02518,A07867,21
P02519,A00892,2
P02519,A02095,1
P02519,A02751,3
P02519,A07868,4
P02520,A02244,5
P02520,A06947,2
P02520,A07869,1
P02520,A07870,3
P02520,A07871,4
P02521,A00614,4
P02521,A02267,5
P02521,A02544,1
P02521,A03445,3
P02521,A04924,2
P02522,A00622,5
P02522,A02661,1
P02522,A02662,2
P02522,A05488,3
P02522,A07872,4
P02522,A07873,6
P02523,A00049,12
P02523,A00066,10
P02523,A00614,2
P02523,A02554,8
P02523,A02600,3
P02523,A02843,5
P02523,A02921,16
P02523,A03795,14
P02523,A03941,6
P02523,A04322,7
P02523,A05097,1
P02523,A07874,4
P02523,A07875,9
P02523,A07876,11
P02523,A07877,13
P02523,A07878,15
P02524,A00622,10
P02524,A00799,12
P02524,A01308,9
P02524,A03422,11
P02524,A04478,2
P02524,A04479,4
P02524,A04480,5
P02524,A04481,7
P02524,A04815,3
P02524,A05487,1
P02524,A05489,6
P02524,A07879,8
P02525,A00629,1
P02525,A07880,2
P02526,A01510,5
P02526,A02732,3
P02526,A04470,2
P02526,A07881,1
P02526,A07882,4
P02527,A00506,1
P02527,A00771,6
P02527,A03527,5
P02527,A04940,4
P02527,A05492,3
P02527,A07883,2
P02528,A00266,9
P02528,A00905,7
P02528,A01821,8
P02528,A05012,1
P02528,A05013,2
P02528,A05014,6
P02528,A05015,3
P02528,A05016,5
P02528,A05017,10
P02528,A07884,4
P02529,A07746,2
P02529,A07885,1
P02529,A07886,3
P02530,A00231,2
P02530,A04484,3
P02530,A05579,1
P02530,A07887,4
P02531,A00562,2
P02531,A02240,3
P02531,A05579,1
P02531,A07888,4
P02532,A00614,4
P02532,A01233,2
P02532,A02600,3
P02532,A03162,1
P02533,A00723,3
P02533,A01822,2
P02533,A03939,4
P02533,A03940,5
P02533,A05310,1
P02534,A03927,3
P02534,A07889,1
P02534,A07890,2
P02534,A07891,4
P02534,A07892,5
P02534,A07893,6
P02534,A07894,7
P02534,A07895,8
P02535,A00541,1
P02535,A00814,2
P02535,A02308,4
P02535,A03408,5
P02535,A07896,3
P02536,A07897,1
P02536,A07898,2
P02537,A07469,7
P02537,A07491,3
P02537,A07500,9
P02537,A07772,8
P02537,A07776,12
P02537,A07899,1
P02537,A07900,2
P02537,A07901,4
P02537,A07902,5
P02537,A07903,6
P02537,A07904,10
P02537,A07905,11
P02538,A07906,1
P02538,A07907,2
P02538,A07908,3
P02538,A07909,4
P02538,A07910,5
P02538,A07911,6
P02538,A07912,7
P02538,A07913,8
P02538,A07914,9
P02538,A07915,10
P02538,A07916,11
P02538,A07917,12
P02538,A07918,13
P02539,A05059,19
P02539,A07185,2
P02539,A07292,9
P02539,A07293,6
P02539,A07294,8
P02539,A07295,1
P02539,A07296,16
P02539,A07297,3
P02539,A07298,10
P02539,A07299,11
P02539,A07300,12
P02539,A07864,7
P02539,A07919,4
P02539,A07920,5
P02539,A07921,13
P02539,A07922,14
P02539,A07923,15
P02539,A07924,17
P02539,A07925,18
P02540,A04145,1
P02540,A04147,2
P02541,A02759,4
P02541,A02791,2
P02541,A03418,3
P02541,A05074,5
P02541,A07926,1
P02542,A00511,2
P02542,A00950,1
P02542,A01649,6
P02542,A01650,4
P02542,A02308,3
P02542,A07927,5
P02543,A00506,6
P02543,A00622,2
P02543,A01427,7
P02543,A01832,8
P02543,A03945,4
P02543,A04843,3
P02543,A05251,1
P02543,A05252,5
P02544,A00066,5
P02544,A00614,2
P02544,A01233,1
P02544,A01447,4
P02544,A07928,3
P02545,A00614,4
P02545,A01447,3
P02545,A02241,1
P02545,A04923,5
P02545,A04924,2
P02546,A00731,10
P02546,A00805,11
P02546,A01915,2
P02546,A02451,15
P02546,A03258,13
P02546,A03288,12
P02546,A03732,5
P02546,A06790,14
P02546,A07672,7
P02546,A07673,8
P02546,A07812,6
P02546,A07929,1
P02546,A07930,3
P02546,A07931,4
P02546,A07932,9
P02547,A00124,9
P02547,A00221,1
P02547,A00290,11
P02547,A00671,20
P02547,A01152,7
P02547,A01735,5
P02547,A01751,21
P02547,A01838,14
P02547,A01959,3
P02547,A02015,10
P02547,A02093,22
P02547,A02213,30
P02547,A02708,25
P02547,A02714,19
P02547,A02831,18
P02547,A03159,13
P02547,A03352,6
P02547,A03722,29
P02547,A03724,27
P02547,A03729,28
P02547,A03735,26
P02547,A05061,2
P02547,A07933,4
P02547,A07934,8
P02547,A07935,12
P02547,A07936,15
P02547,A07937,16
P02547,A07938,17
P02547,A07939,23
P02547,A07940,24
P02547,A07941,31
P02548,A04097,3
P02548,A04098,2
P02548,A04099,4
P02548,A07942,1
P02548,A07943,5
P02549,A00081,7
P02549,A00605,11
P02549,A00767,9
P02549,A00791,8
P02549,A00795,13
P02549,A01073,15
P02549,A01309,12
P02549,A01499,6
P02549,A02223,2
P02549,A02224,4
P02549,A02293,14
P02549,A02601,3
P02549,A03422,16
P02549,A03686,10
P02549,A03930,1
P02549,A07944,5
P02550,A00124,12
P02550,A00221,3
P02550,A00314,10
P02550,A00791,9
P02550,A01152,2
P02550,A01838,15
P02550,A01840,17
P02550,A02213,8
P02550,A02217,13
P02550,A03159,14
P02550,A03352,1
P02550,A03596,11
P02550,A03722,6
P02550,A03724,7
P02550,A03728,5
P02550,A03729,4
P02550,A07945,16
P02551,A00629,6
P02551,A07946,1
P02551,A07947,2
P02551,A07948,3
P02551,A07949,4
P02551,A07950,5
P02551,A07951,7
P02551,A07952,8
P02552,A07953,1
P02552,A07954,2
P02552,A07955,3
P02552,A07956,4
P02552,A07957,5
P02552,A07958,6
P02552,A07959,7
P02552,A07960,8
P02553,A05466,3
P02553,A07961,1
P02553,A07962,2
P02553,A07963,4
P02554,A00668,3
P02554,A00723,1
P02554,A00770,13
P02554,A00795,7
P02554,A00865,10
P02554,A00973,16
P02554,A01299,8
P02554,A01309,12
P02554,A01499,2
P02554,A01752,9
P02554,A02034,4
P02554,A03248,6
P02554,A03422,5
P02554,A04299,14
P02554,A04303,15
P02554,A05060,11
P02555,A00629,4
P02555,A05280,3
P02555,A07964,1
P02555,A07965,2
P02556,A02286,2
P02556,A02327,1
P02557,A00506,1
P02557,A00771,7
P02557,A02389,6
P02557,A03527,2
P02557,A04633,5
P02557,A05492,3
P02557,A05523,4
P02558,A00668,2
P02558,A01820,1
P02558,A07966,3
P02559,A05248,3
P02559,A05249,1
P02559,A05250,4
P02559,A07427,14
P02559,A07428,8
P02559,A07914,9
P02559,A07918,13
P02559,A07967,2
P02559,A07968,5
P02559,A07969,6
P02559,A07970,7
P02559,A07971,10
P02559,A07972,11
P02559,A07973,12
P02560,A05248,3
P02560,A05249,1
P02560,A05250,8
P02560,A07427,16
P02560,A07428,9
P02560,A07914,11
P02560,A07916,13
P02560,A07918,15
P02560,A07967,2
P02560,A07968,7
P02560,A07970,6
P02560,A07971,12
P02560,A07973,14
P02560,A07974,4
P02560,A07975,5
P02560,A07976,10
P02561,A00475,3
P02561,A03291,2
P02561,A04345,1
P02561,A04346,4
P02561,A07977,5
P02562,A03657,2
P02562,A04664,4
P02562,A04971,5
P02562,A07978,1
P02562,A07979,3
P02562,A07980,6
P02562,A07981,7
P02562,A07982,8
P02563,A03266,12
P02563,A03268,1
P02563,A03269,10
P02563,A04419,4
P02563,A04601,6
P02563,A04606,8
P02563,A05037,2
P02563,A05042,11
P02563,A07983,3
P02563,A07984,5
P02563,A07985,7
P02563,A07986,9
P02564,A04971,2
P02564,A07982,5
P02564,A07987,1
P02564,A07988,3
P02564,A07989,4
P02564,A07990,6
P02565,A03816,22
P02565,A03817,3
P02565,A03818,4
P02565,A03820,5
P02565,A03821,8
P02565,A03822,9
P02565,A03823,10
P02565,A03824,11
P02565,A03825,12
P02565,A03830,16
P02565,A03831,2
P02565,A03832,17
P02565,A03833,18
P02565,A03836,21
P02565,A03838,25
P02565,A03839,26
P02565,A03840,28
P02565,A03843,31
P02565,A03844,33
P02565,A03845,34
P02565,A03846,36
P02565,A03849,35
P02565,A03851,38
P02565,A03854,40
P02565,A03855,41
P02565,A03857,42
P02565,A03858,43
P02565,A03864,48
P02565,A03866,50
P02565,A03867,51
P02565,A03870,53
P02565,A03871,54
P02565,A03873,56
P02565,A03877,58
P02565,A03878,59
P02565,A03880,61
P02565,A03881,63
P02565,A03882,64
P02565,A03962,57
P02565,A07362,6
P02565,A07368,13
P02565,A07370,14
P02565,A07371,15
P02565,A07372,19
P02565,A07373,20
P02565,A07374,23
P02565,A07376,1
P02565,A07377,27
P02565,A07378,29
P02565,A07379,30
P02565,A07380,32
P02565,A07383,37
P02565,A07384,39
P02565,A07385,44
P02565,A07386,45
P02565,A07387,46
P02565,A07388,47
P02565,A07390,49
P02565,A07392,52
P02565,A07395,55
P02565,A07397,60
P02565,A07400,62
P02565,A07991,7
P02565,A07992,24
P02566,A00824,6
P02566,A00843,7
P02566,A00877,5
P02566,A01678,4
P02566,A02600,3
P02566,A03044,1
P02566,A07731,2
P02567,A00066,4
P02567,A02125,2
P02567,A02407,3
P02567,A02921,5
P02567,A06786,1
P02568,A00614,4
P02568,A02308,3
P02568,A02656,2
P02568,A05193,5
P02568,A07993,1
P02569,A00448,2
P02569,A03418,1
P02570,A00614,6
P02570,A00995,3
P02570,A02600,2
P02570,A03092,5
P02570,A07027,1
P02570,A07994,4
P02571,A00290,2
P02571,A01227,3
P02571,A02619,4
P02571,A07995,1
P02572,A02252,2
P02572,A02253,6
P02572,A04699,4
P02572,A07996,1
P02572,A07997,3
P02572,A07998,5
P02573,A00511,2
P02573,A00824,3
P02573,A04412,1
P02574,A07999,1
P02574,A08000,2
P02574,A08001,3
P02574,A08002,4
P02575,A00345,4
P02575,A01814,6
P02575,A02252,1
P02575,A02253,2
P02575,A02407,5
P02575,A03623,3
P02575,A08003,7
P02575,A08004,8
P02576,A00570,6
P02576,A02600,3
P02576,A02885,1
P02576,A03044,2
P02576,A03941,4
P02576,A08005,5
P02577,A01486,9
P02577,A01801,2
P02577,A05241,6
P02577,A05243,4
P02577,A08006,1
P02577,A08007,3
P02577,A08008,5
P02577,A08009,7
P02577,A08010,8
P02577,A08011,10
P02578,A02252,4
P02578,A02253,2
P02578,A02254,9
P02578,A04692,8
P02578,A04693,7
P02578,A04699,5
P02578,A08012,1
P02578,A08013,3
P02578,A08014,6
P02578,A08015,10
P02579,A04795,4
P02579,A07070,6
P02579,A08016,1
P02579,A08017,2
P02579,A08018,3
P02579,A08019,5
P02580,A00905,3
P02580,A02416,2
P02580,A02722,7
P02580,A03971,11
P02580,A04992,1
P02580,A05201,6
P02580,A08020,4
P02580,A08021,5
P02580,A08022,8
P02580,A08023,9
P02580,A08024,10
P02581,A00066,5
P02581,A00290,4
P02581,A00448,3
P02581,A00843,2
P02581,A01317,1
P02581,A01915,22
P02581,A02451,23
P02581,A03729,14
P02581,A05144,6
P02581,A06789,9
P02581,A06790,8
P02581,A07673,15
P02581,A07929,10
P02581,A07930,11
P02581,A07931,12
P02581,A07932,17
P02581,A08025,7
P02581,A08026,13
P02581,A08027,16
P02581,A08028,18
P02581,A08029,19
P02581,A08030,20
P02581,A08031,21
P02582,A01596,4
P02582,A02580,3
P02582,A03966,1
P02582,A08032,2
P02583,A05485,2
P02583,A08033,1
P02583,A08034,3
P02583,A08035,4
P02583,A08036,5
P02583,A08037,6
P02584,A00290,2
P02584,A01227,3
P02584,A03527,6
P02584,A03966,5
P02584,A04092,7
P02584,A06977,1
P02584,A08038,4
P02585,A00714,5
P02585,A01442,8
P02585,A01797,6
P02585,A02804,1
P02585,A03406,2
P02585,A05148,7
P02585,A08039,3
P02585,A08040,4
P02586,A00066,11
P02586,A01915,8
P02586,A01916,2
P02586,A01917,6
P02586,A02124,13
P02586,A02125,7
P02586,A02451,18
P02586,A02731,4
P02586,A03168,12
P02586,A03216,3
P02586,A03288,9
P02586,A03732,14
P02586,A04292,5
P02586,A07671,1
P02586,A07672,15
P02586,A07673,16
P02586,A07674,17
P02586,A07812,10
P02586,A08041,19
P02587,A01510,6
P02587,A01514,10
P02587,A01915,11
P02587,A02125,9
P02587,A02287,3
P02587,A02451,14
P02587,A03168,8
P02587,A05144,2
P02587,A06785,4
P02587,A07673,1
P02587,A08026,13
P02587,A08042,5
P02587,A08043,7
P02587,A08044,12
P02588,A02252,6
P02588,A03415,2
P02588,A07926,1
P02588,A08045,3
P02588,A08046,4
P02588,A08047,5
P02589,A03332,8
P02589,A04766,9
P02589,A04771,5
P02589,A04949,2
P02589,A07235,6
P02589,A08048,1
P02589,A08049,3
P02589,A08050,4
P02589,A08051,7
P02589,A08052,10
P02589,A08053,11
P02589,A08054,12
P02590,A04130,37
P02590,A04830,4
P02590,A04864,18
P02590,A04867,20
P02590,A04880,34
P02590,A07092,6
P02590,A07093,3
P02590,A07094,8
P02590,A07095,13
P02590,A07096,15
P02590,A07097,23
P02590,A07098,24
P02590,A07099,31
P02590,A07100,32
P02590,A07101,39
P02590,A07102,40
P02590,A07103,16
P02590,A07104,25
P02590,A07106,5
P02590,A07107,9
P02590,A07108,10
P02590,A07109,17
P02590,A07110,22
P02590,A07111,28
P02590,A07112,30
P02590,A07113,33
P02590,A07115,21
P02590,A07118,11
P02590,A07119,29
P02590,A07120,36
P02590,A07123,19
P02590,A07124,7
P02590,A07126,26
P02590,A07128,27
P02590,A07129,35
P02590,A08055,1
P02590,A08056,2
P02590,A08057,12
P02590,A08058,14
P02590,A08059,38
P02591,A04123,32
P02591,A04130,35
P02591,A04830,3
P02591,A04888,34
P02591,A07092,5
P02591,A07093,2
P02591,A07094,7
P02591,A07095,11
P02591,A07096,13
P02591,A07097,19
P02591,A07098,20
P02591,A07099,28
P02591,A07100,29
P02591,A07101,37
P02591,A07102,38
P02591,A07103,14
P02591,A07104,21
P02591,A07106,4
P02591,A07107,8
P02591,A07108,9
P02591,A07109,15
P02591,A07110,18
P02591,A07111,24
P02591,A07112,27
P02591,A07113,30
P02591,A07115,17
P02591,A07118,10
P02591,A07119,25
P02591,A07123,16
P02591,A07124,6
P02591,A07126,22
P02591,A07128,23
P02591,A07129,31
P02591,A07589,26
P02591,A08055,1
P02591,A08058,12
P02591,A08059,36
P02591,A08060,33
P02592,A00254,10
P02592,A01911,1
P02592,A02321,11
P02592,A02728,6
P02592,A03154,3
P02592,A08061,2
P02592,A08062,4
P02592,A08063,5
P02592,A08064,7
P02592,A08065,8
P02592,A08066,9
P02592,A08067,12
P02592,A08068,13
P02592,A08069,14
P02592,A08070,15
P02592,A08071,16
P02592,A08072,17
P02593,A00254,10
P02593,A01911,1
P02593,A02321,11
P02593,A02728,6
P02593,A03154,3
P02593,A08061,2
P02593,A08062,4
P02593,A08063,5
P02593,A08064,7
P02593,A08065,8
P02593,A08066,9
P02593,A08067,12
P02593,A08068,13
P02593,A08069,14
P02593,A08070,15
P02593,A08071,16
P02593,A08072,17
P02594,A00081,12
P02594,A00314,13
P02594,A00447,3
P02594,A00985,10
P02594,A01288,2
P02594,A01299,4
P02594,A02194,5
P02594,A02459,14
P02594,A03016,1
P02594,A03593,11
P02594,A03596,9
P02594,A05060,6
P02594,A05236,8
P02594,A08073,7
P02595,A01801,4
P02595,A08074,1
P02595,A08075,2
P02595,A08076,3
P02596,A03565,1
P02596,A08077,2
P02597,A07064,1
P02597,A07065,2
P02597,A07066,3
P02597,A07067,4
P02597,A07068,5
P02597,A07070,7
P02597,A08078,6
P02598,A02171,3
P02598,A03024,2
P02598,A03331,31
P02598,A03332,28
P02598,A03334,35
P02598,A03591,57
P02598,A03771,23
P02598,A03772,12
P02598,A03860,18
P02598,A03879,24
P02598,A03906,10
P02598,A03920,56
P02598,A04066,14
P02598,A04068,16
P02598,A04202,17
P02598,A04265,22
P02598,A04764,43
P02598,A04765,4
P02598,A04766,36
P02598,A04767,9
P02598,A04769,13
P02598,A04770,1
P02598,A04771,6
P02598,A04772,15
P02598,A04773,7
P02598,A04774,19
P02598,A04775,21
P02598,A04954,53
P02598,A04955,60
P02598,A07222,46
P02598,A07223,51
P02598,A07227,25
P02598,A07228,26
P02598,A07229,27
P02598,A07230,5
P02598,A07233,11
P02598,A07234,32
P02598,A07235,33
P02598,A07236,34
P02598,A07238,37
P02598,A07239,39
P02598,A07240,40
P02598,A07243,44
P02598,A07245,45
P02598,A07246,47
P02598,A07248,48
P02598,A07249,49
P02598,A07250,50
P02598,A07251,52
P02598,A07252,54
P02598,A07253,55
P02598,A07255,58
P02598,A07256,59
P02598,A07257,41
P02598,A07259,20
P02598,A07261,30
P02598,A07262,38
P02598,A07263,42
P02598,A08079,8
P02598,A08080,29
P02599,A06803,2
P02599,A06804,1
P02599,A06805,3
P02599,A06806,4
P02599,A06807,15
P02599,A06808,5
P02599,A06809,11
P02599,A06810,10
P02599,A06811,21
P02599,A06812,14
P02599,A06813,13
P02599,A06814,12
P02599,A06821,6
P02599,A06822,20
P02599,A06823,16
P02599,A06825,7
P02599,A06826,17
P02599,A06827,19
P02599,A06829,8
P02599,A06830,9
P02599,A06854,18
P02599,A07264,22
P02600,A06836,24
P02600,A06969,13
P02600,A06975,29
P02600,A07149,23
P02600,A07157,6
P02600,A07167,28
P02600,A07178,31
P02600,A07302,17
P02600,A08081,1
P02600,A08082,2
P02600,A08083,3
P02600,A08084,4
P02600,A08085,5
P02600,A08086,7
P02600,A08087,8
P02600,A08088,9
P02600,A08089,10
P02600,A08090,11
P02600,A08091,12
P02600,A08092,14
P02600,A08093,15
P02600,A08094,16
P02600,A08095,18
P02600,A08096,19
P02600,A08097,20
P02600,A08098,21
P02600,A08099,22
P02600,A08100,25
P02600,A08101,26
P02600,A08102,27
P02600,A08103,30
P02600,A08104,32
P02601,A08105,1
P02601,A08106,2
P02601,A08107,3
P02602,A08108,1
P02602,A08109,2
P02602,A08110,3
P02602,A08111,4
P02602,A08112,5
P02602,A08113,6
P02602,A08114,7
P02602,A08115,8
P02602,A08116,9
P02603,A08117,1
P02603,A08118,2
P02603,A08119,3
P02603,A08120,4
P02604,A01991,5
P02604,A02149,6
P02604,A02252,7
P02604,A02300,3
P02604,A02759,4
P02604,A05103,2
P02604,A08121,1
P02604,A08122,8
P02605,A06934,3
P02605,A08123,1
P02605,A08124,2
P02606,A00723,5
P02606,A00770,12
P02606,A01299,1
P02606,A01314,7
P02606,A01404,3
P02606,A01499,6
P02606,A01744,8
P02606,A01745,9
P02606,A02034,2
P02606,A02534,11
P02606,A04139,10
P02606,A07789,4
P02607,A04534,2
P02607,A04535,1
P02608,A05593,1
P02608,A05594,3
P02608,A08125,2
P02608,A08126,4
P02609,A04073,16
P02609,A07053,8
P02609,A08127,1
P02609,A08128,2
P02609,A08129,3
P02609,A08130,4
P02609,A08131,5
P02609,A08132,6
P02609,A08133,7
P02609,A08134,9
P02609,A08135,10
P02609,A08136,11
P02609,A08137,12
P02609,A08138,13
P02609,A08139,14
P02609,A08140,15
P02609,A08141,17
P02609,A08142,18
P02610,A01511,20
P02610,A01915,2
P02610,A02280,3
P02610,A02286,19
P02610,A02291,10
P02610,A03258,9
P02610,A04292,4
P02610,A04815,15
P02610,A06789,14
P02610,A06790,1
P02610,A07674,7
P02610,A07882,18
P02610,A08143,5
P02610,A08144,6
P02610,A08145,8
P02610,A08146,11
P02610,A08147,12
P02610,A08148,13
P02610,A08149,16
P02610,A08150,17
P02611,A08151,1
P02611,A08152,2
P02611,A08153,3
P02611,A08154,4
P02611,A08155,5
P02611,A08156,6
P02611,A08157,7
P02611,A08158,8
P02611,A08159,9
P02612,A00558,1
P02612,A00670,4
P02612,A01528,3
P02612,A07017,2
P02613,A00562,2
P02613,A03408,1
P02613,A03421,4
P02613,A04227,5
P02613,A05193,8
P02613,A07676,3
P02613,A08160,6
P02613,A08161,7
P02613,A08162,9
P02614,A08163,1
P02615,A00622,5
P02615,A04478,2
P02615,A04480,3
P02615,A04482,6
P02615,A08164,1
P02615,A08165,4
P02616,A01299,4
P02616,A01404,2
P02616,A08166,1
P02616,A08167,3
P02617,A07437,8
P02617,A08168,1
P02617,A08169,2
P02617,A08170,3
P02617,A08171,4
P02617,A08172,5
P02617,A08173,6
P02617,A08174,7
P02618,A00447,6
P02618,A00709,3
P02618,A00802,4
P02618,A02194,5
P02618,A04340,1
P02618,A04341,2
P02618,A04342,7
P02618,A04344,8
P02619,A03808,2
P02619,A03809,1
P02620,A08175,1
P02620,A08176,2
P02620,A08177,3
P02620,A08178,4
P02620,A08179,5
P02620,A08180,6
P02621,A00926,1
P02621,A06867,2
P02621,A08181,3
P02622,A00506,1
P02622,A00622,3
P02622,A00723,4
P02622,A00771,5
P02622,A03422,2
P02623,A00130,2
P02623,A01299,3
P02623,A08182,1
P02624,A00130,2
P02624,A01299,4
P02624,A02416,5
P02624,A04915,3
P02624,A08182,1
P02625,A06806,4
P02625,A08183,1
P02625,A08184,2
P02625,A08185,3
P02625,A08186,5
P02626,A00562,2
P02626,A03408,1
P02626,A05193,5
P02626,A05579,3
P02626,A08161,4
P02627,A00541,1
P02627,A02297,6
P02627,A03795,5
P02627,A04323,4
P02627,A05192,2
P02627,A08187,3
P02628,A00290,3
P02628,A01469,4
P02628,A07995,1
P02628,A08188,2
P02628,A08189,5
P02629,A06971,7
P02629,A07157,6
P02629,A08190,1
P02629,A08191,2
P02629,A08192,3
P02629,A08193,4
P02629,A08194,5
P02630,A08195,1
P02630,A08196,2
P02630,A08197,3
P02630,A08198,4
P02631,A08199,1
P02631,A08200,2
P02632,A01323,3
P02632,A02254,7
P02632,A02256,6
P02632,A04154,1
P02632,A04699,5
P02632,A08201,2
P02632,A08202,4
P02633,A02472,4
P02633,A08203,1
P02633,A08204,2
P02633,A08205,3
P02634,A00418,5
P02634,A08206,1
P02634,A08207,2
P02634,A08208,3
P02634,A08209,4
P02634,A08210,6
P02634,A08211,7
P02634,A08212,8
P02634,A08213,9
P02635,A08214,1
P02635,A08215,2
P02635,A08216,3
P02635,A08217,4
P02635,A08218,5
P02635,A08219,6
P02636,A07642,5
P02636,A08220,1
P02636,A08221,2
P02636,A08222,3
P02636,A08223,4
P02636,A08224,6
P02636,A08225,7
P02636,A08226,8
P02636,A08227,9
P02636,A08228,10
P02636,A08229,11
P02636,A08230,12
P02636,A08231,13
P02636,A08232,14
P02636,A08233,15
P02636,A08234,16
P02636,A08235,17
P02637,A01773,2
P02637,A01821,3
P02637,A03904,4
P02637,A03966,5
P02637,A08236,1
P02638,A00290,3
P02638,A00448,6
P02638,A00843,5
P02638,A01227,2
P02638,A07518,1
P02638,A08237,4
P02639,A00006,2
P02639,A01832,1
P02639,A02132,4
P02639,A02512,5
P02639,A04843,3
P02640,A01214,1
P02641,A08238,1
P02641,A08239,2
P02641,A08240,3
P02641,A08241,4
P02641,A08242,5
P02642,A08243,1
P02642,A08244,2
P02642,A08245,3
P02642,A08246,4
P02643,A07427,15
P02643,A07914,8
P02643,A07916,12
P02643,A07967,2
P02643,A07970,5
P02643,A07971,10
P02643,A07972,11
P02643,A07973,13
P02643,A08247,1
P02643,A08248,3
P02643,A08249,4
P02643,A08250,6
P02643,A08251,7
P02643,A08252,9
P02643,A08253,14
P02644,A00805,3
P02644,A02600,4
P02644,A03131,5
P02644,A03475,1
P02644,A08254,2
P02645,A00077,6
P02645,A01299,3
P02645,A01404,2
P02645,A03471,5
P02645,A08166,1
P02645,A08167,4
P02645,A08182,7
P02646,A03319,2
P02646,A08218,1
P02646,A08255,3
P02646,A08256,4
P02646,A08257,5
P02646,A08258,6
P02646,A08259,7
P02646,A08260,8
P02646,A08261,9
P02647,A02240,3
P02647,A08262,1
P02647,A08263,2
P02647,A08264,4
P02648,A08265,1
P02648,A08266,2
P02648,A08267,3
P02648,A08268,4
P02648,A08269,5
P02648,A08270,6
P02649,A00006,7
P02649,A00785,6
P02649,A03363,5
P02649,A03593,4
P02649,A04993,2
P02649,A05123,1
P02649,A05124,3
P02650,A05211,2
P02650,A08271,1
P02651,A08272,1
P02651,A08273,2
P02651,A08274,3
P02651,A08275,4
P02651,A08276,5
P02651,A08277,6
P02651,A08278,7
P02651,A08279,8
P02652,A04169,3
P02652,A04170,2
P02652,A08280,1
P02653,A07781,1
P02653,A08281,2
P02653,A08282,3
P02653,A08283,4
P02654,A04142,3
P02654,A04438,5
P02654,A04439,4
P02654,A04441,1
P02654,A08284,2
P02655,A06962,8
P02655,A06967,3
P02655,A06968,4
P02655,A07520,11
P02655,A08285,1
P02655,A08286,2
P02655,A08287,5
P02655,A08288,6
P02655,A08289,7
P02655,A08290,9
P02655,A08291,10
P02656,A00614,2
P02656,A07284,1
P02657,A00520,2
P02657,A00617,7
P02657,A01383,3
P02657,A01475,6
P02657,A02464,4
P02657,A03461,1
P02657,A03462,8
P02657,A05398,5
P02658,A03565,1
P02658,A08077,3
P02658,A08292,2
P02659,A01596,5
P02659,A03072,2
P02659,A05121,3
P02659,A08032,1
P02659,A08293,4
P02660,A00272,4
P02660,A07830,1
P02660,A08294,2
P02660,A08295,3
P02660,A08296,5
P02661,A05080,4
P02661,A05082,1
P02661,A05461,3
P02661,A05462,2
P02662,A00562,2
P02662,A05579,1
P02663,A01744,3
P02663,A01745,2
P02663,A03069,5
P02663,A03070,6
P02663,A03790,4
P02663,A08297,1
P02664,A02483,2
P02664,A02991,3
P02664,A08298,1
P02664,A08299,4
P02664,A08300,5
P02665,A00614,8
P02665,A01447,6
P02665,A04428,7
P02665,A06914,5
P02665,A08301,1
P02665,A08302,2
P02665,A08303,3
P02665,A08304,4
P02666,A01309,6
P02666,A02223,2
P02666,A02907,4
P02666,A03930,3
P02666,A04505,11
P02666,A08305,1
P02666,A08306,5
P02666,A08307,7
P02666,A08308,8
P02666,A08309,9
P02666,A08310,10
P02667,A00562,3
P02667,A02240,4
P02667,A05579,2
P02667,A08311,1
P02668,A00018,4
P02668,A00268,3
P02668,A03174,2
P02668,A05556,1
P02669,A00272,2
P02669,A04299,1
P02670,A00833,2
P02670,A01668,1
P02670,A01767,4
P02670,A05554,6
P02670,A07634,7
P02670,A07635,5
P02670,A08312,3
P02670,A08313,8
P02670,A08314,9
P02671,A08315,1
P02671,A08316,2
P02671,A08317,3
P02671,A08318,4
P02672,A08318,1
P02673,A08316,1
P02674,A08319,1
P02674,A08320,2
P02674,A08321,3
P02674,A08322,4
P02674,A08323,5
P02675,A00614,6
P02675,A01233,1
P02675,A01439,5
P02675,A01442,3
P02675,A01447,4
P02675,A05551,2
P02676,A02246,2
P02676,A08324,1
P02676,A08325,3
P02677,A00081,13
P02677,A00494,7
P02677,A00605,8
P02677,A00767,10
P02677,A00791,9
P02677,A01309,12
P02677,A01751,14
P02677,A02223,2
P02677,A03686,11
P02677,A03930,3
P02677,A04505,6
P02677,A04994,5
P02677,A08305,1
P02677,A08306,4
P02678,A00837,4
P02678,A01596,2
P02678,A03966,1
P02678,A04402,5
P02678,A08032,3
P02679,A08326,1
P02679,A08327,2
P02679,A08328,3
P02680,A03371,3
P02680,A08329,1
P02680,A08330,2
P02680,A08331,4
P02681,A03371,7
P02681,A08332,1
P02681,A08333,2
P02681,A08334,3
P02681,A08335,4
P02681,A08336,5
P02681,A08337,6
P02681,A08338,8
P02681,A08339,9
P02682,A08340,1
P02682,A08341,2
P02682,A08342,3
P02682,A08343,4
P02682,A08344,5
P02682,A08345,6
P02682,A08346,7
P02682,A08347,8
P02683,A00066,5
P02683,A00614,2
P02683,A01233,4
P02683,A01447,8
P02683,A02600,6
P02683,A02843,1
P02683,A03162,7
P02683,A03310,3
P02684,A00614,3
P02684,A01403,1
P02684,A01442,4
P02684,A02843,2
P02685,A00605,5
P02685,A01309,3
P02685,A01745,10
P02685,A02895,1
P02685,A04581,8
P02685,A04582,6
P02685,A08348,2
P02685,A08349,4
P02685,A08350,7
P02685,A08351,9
P02685,A08352,11
P02686,A07764,2
P02686,A08353,1
P02686,A08354,3
P02686,A08355,4
P02686,A08356,5
P02687,A00290,2
P02687,A00431,12
P02687,A00448,8
P02687,A00837,6
P02687,A00843,7
P02687,A01264,4
P02687,A01550,10
P02687,A01605,3
P02687,A02151,9
P02687,A02580,5
P02687,A03168,11
P02687,A04438,1
P02688,A01534,3
P02688,A02399,5
P02688,A03389,6
P02688,A03999,4
P02688,A05237,7
P02688,A08357,1
P02688,A08358,2
P02689,A00006,4
P02689,A00081,11
P02689,A00314,10
P02689,A00985,8
P02689,A02512,2
P02689,A03253,3
P02689,A03593,9
P02689,A03596,12
P02689,A03943,7
P02689,A05043,1
P02689,A05297,6
P02689,A07050,5
P02690,A08359,1
P02690,A08360,2
P02690,A08361,3
P02690,A08362,4
P02690,A08363,5
P02690,A08364,6
P02690,A08365,7
P02690,A08366,8
P02690,A08367,9
P02690,A08368,10
P02690,A08369,11
P02690,A08370,12
P02690,A08371,13
P02691,A00767,5
P02691,A00785,7
P02691,A00791,4
P02691,A02222,3
P02691,A02223,2
P02691,A03686,6
P02691,A04553,1
P02692,A07410,1
P02692,A07411,5
P02692,A07412,4
P02692,A07415,3
P02692,A08372,2
P02692,A08373,6
P02693,A00029,5
P02693,A00925,1
P02693,A01320,4
P02693,A02217,3
P02693,A02793,2
P02693,A04504,6
P02693,A08374,7
P02694,A08375,1
P02694,A08376,2
P02695,A00892,2
P02695,A02095,3
P02695,A02751,4
P02695,A07835,1
P02696,A07437,8
P02696,A08168,3
P02696,A08377,1
P02696,A08378,2
P02696,A08379,4
P02696,A08380,5
P02696,A08381,6
P02696,A08382,7
P02697,A04530,50
P02697,A04966,5
P02697,A04967,4
P02697,A04970,23
P02697,A04973,15
P02697,A07329,13
P02697,A07330,14
P02697,A07333,1
P02697,A07334,27
P02697,A07335,41
P02697,A07336,32
P02697,A07337,33
P02697,A07338,28
P02697,A07339,3
P02697,A07340,21
P02697,A07341,24
P02697,A07342,25
P02697,A07343,26
P02697,A07344,31
P02697,A07345,6
P02697,A07346,35
P02697,A07347,36
P02697,A07348,37
P02697,A07349,39
P02697,A07350,40
P02697,A07351,42
P02697,A07352,43
P02697,A07353,44
P02697,A07354,45
P02697,A07355,11
P02697,A07356,12
P02697,A07357,46
P02697,A07358,2
P02697,A07359,47
P02697,A07360,48
P02697,A07361,49
P02697,A08383,7
P02697,A08384,8
P02697,A08385,9
P02697,A08386,10
P02697,A08387,16
P02697,A08388,17
P02697,A08389,18
P02697,A08390,19
P02697,A08391,20
P02697,A08392,22
P02697,A08393,29
P02697,A08394,30
P02697,A08395,34
P02697,A08396,38
P02697,A08397,51
P02698,A00840,2
P02698,A01299,4
P02698,A01367,1
P02698,A02534,7
P02698,A04296,3
P02698,A04701,5
P02698,A08182,6
P02699,A00506,1
P02699,A05523,2
P02700,A01421,4
P02700,A01605,5
P02700,A08398,1
P02700,A08399,2
P02700,A08400,3
P02701,A08401,1
P02701,A08402,2
P02701,A08403,3
P02702,A00066,18
P02702,A00614,19
P02702,A01233,4
P02702,A02350,5
P02702,A02351,9
P02702,A02461,15
P02702,A02716,1
P02702,A02721,8
P02702,A03930,6
P02702,A03941,3
P02702,A04215,10
P02702,A05097,21
P02702,A06951,7
P02702,A07852,17
P02702,A08404,2
P02702,A08405,11
P02702,A08406,12
P02702,A08407,13
P02702,A08408,14
P02702,A08409,16
P02702,A08410,20
P02703,A00130,3
P02703,A00474,2
P02703,A04412,4
P02703,A07579,1
P02704,A07764,2
P02704,A08411,1
P02705,A08412,1
P02705,A08413,2
P02706,A08412,1
P02706,A08413,2
P02707,A08412,1
P02707,A08413,2
P02708,A03396,1
P02708,A07809,2
P02708,A08414,3
P02709,A07040,1
P02709,A08415,2
P02709,A08416,3
P02710,A01760,3
P02710,A08417,1
P02710,A08418,2
P02711,A04655,1
P02711,A04656,3
P02711,A08419,2
P02711,A08420,4
P02712,A05112,2
P02712,A08421,1
P02713,A03371,2
P02713,A08422,1
P02713,A08423,3
P02714,A00925,2
P02714,A01406,3
P02714,A01789,1
P02714,A08424,4
P02715,A00520,2
P02715,A01383,3
P02715,A02464,5
P02715,A03461,1
P02715,A03462,6
P02715,A05288,4
P02716,A05220,1
P02716,A08425,2
P02717,A02760,2
P02717,A07430,3
P02717,A08426,1
P02718,A08427,1
P02718,A08428,2
P02719,A04656,4
P02719,A08429,1
P02719,A08430,2
P02719,A08431,3
P02720,A04136,6
P02720,A08432,1
P02720,A08433,2
P02720,A08434,3
P02720,A08435,4
P02720,A08436,5
P02721,A00824,6
P02721,A00843,7
P02721,A00877,5
P02721,A01678,4
P02721,A02600,3
P02721,A03044,1
P02721,A07731,2
P02722,A00066,6
P02722,A02125,2
P02722,A04045,3
P02722,A04708,5
P02722,A06787,1
P02722,A06792,4
P02722,A06796,7
P02722,A06797,8
P02722,A06798,9
P02723,A00272,2
P02723,A03396,5
P02723,A07183,7
P02723,A08294,6
P02723,A08295,8
P02723,A08437,1
P02723,A08438,3
P02723,A08439,4
P02723,A08440,9
P02723,A08441,10
P02724,A00272,10
P02724,A00865,8
P02724,A01752,6
P02724,A02290,7
P02724,A03396,1
P02724,A04754,5
P02724,A07183,3
P02724,A07407,4
P02724,A08442,2
P02724,A08443,9
P02725,A08444,1
P02725,A08445,2
P02725,A08446,3
P02726,A00124,4
P02726,A00788,2
P02726,A03799,1
P02726,A08447,3
P02727,A00570,6
P02727,A00805,7
P02727,A02600,1
P02727,A03044,3
P02727,A03162,2
P02727,A03795,5
P02727,A08448,4
P02727,A08449,8
P02728,A08450,1
P02728,A08451,2
P02728,A08452,3
P02728,A08453,4
P02728,A08454,5
P02728,A08455,6
P02728,A08456,7
P02728,A08457,8
P02729,A00196,2
P02729,A08458,1
P02730,A05087,6
P02730,A08459,1
P02730,A08460,2
P02730,A08461,3
P02730,A08462,4
P02730,A08463,5
P02730,A08464,7
P02731,A00562,5
P02731,A02125,4
P02731,A02600,2
P02731,A03044,3
P02731,A04721,1
P02732,A08465,1
P02732,A08466,2
P02732,A08467,3
P02732,A08468,4
P02733,A00006,13
P02733,A00806,11
P02733,A00987,12
P02733,A02132,5
P02733,A02988,8
P02733,A03124,7
P02733,A03280,1
P02733,A03945,2
P02733,A04210,3
P02733,A05154,6
P02733,A08469,4
P02733,A08470,9
P02733,A08471,10
P02734,A04020,6
P02734,A04716,4
P02734,A04815,3
P02734,A07515,2
P02734,A07516,1
P02734,A07517,5
P02735,A00290,3
P02735,A01227,2
P02735,A07995,1
P02735,A08237,4
P02736,A00799,8
P02736,A00875,3
P02736,A00877,6
P02736,A01233,4
P02736,A01822,5
P02736,A02656,2
P02736,A08237,7
P02736,A08472,1
P02737,A02407,3
P02737,A06923,1
P02737,A06925,2
P02738,A00605,1
P02738,A00723,9
P02738,A01027,4
P02738,A01028,2
P02738,A01475,11
P02738,A01477,6
P02738,A02464,8
P02738,A02690,10
P02738,A08473,3
P02738,A08474,5
P02738,A08475,7
P02738,A08476,12
P02739,A00605,1
P02739,A00723,8
P02739,A00770,13
P02739,A00819,11
P02739,A01027,3
P02739,A01028,4
P02739,A01423,16
P02739,A01475,15
P02739,A01477,5
P02739,A01753,17
P02739,A02399,14
P02739,A02464,10
P02739,A02600,12
P02739,A02690,7
P02739,A03527,9
P02739,A08474,2
P02739,A08475,6
P02740,A08477,1
P02740,A08478,2
P02740,A08479,3
P02741,A00614,19
P02741,A07681,6
P02741,A07686,10
P02741,A07696,5
P02741,A08480,1
P02741,A08481,2
P02741,A08482,3
P02741,A08483,4
P02741,A08484,7
P02741,A08485,8
P02741,A08486,9
P02741,A08487,11
P02741,A08488,12
P02741,A08489,13
P02741,A08490,14
P02741,A08491,15
P02741,A08492,16
P02741,A08493,17
P02741,A08494,18
P02741,A08495,20
P02742,A05492,2
P02742,A05494,5
P02742,A05503,1
P02742,A05516,4
P02742,A05523,3
P02742,A05524,6
P02743,A00814,3
P02743,A00843,4
P02743,A00892,6
P02743,A05247,1
P02743,A08496,2
P02743,A08497,5
P02744,A03371,3
P02744,A05292,4
P02744,A05605,2
P02744,A08339,1
P02745,A02759,7
P02745,A05074,4
P02745,A05076,1
P02745,A05103,3
P02745,A05491,9
P02745,A05492,8
P02745,A05505,6
P02745,A08498,2
P02745,A08499,5
P02746,A07040,1
P02746,A08415,2
P02746,A08416,3
P02747,A00668,5
P02747,A00723,2
P02747,A01299,4
P02747,A01499,3
P02747,A08500,1
P02748,A00049,6
P02748,A00066,3
P02748,A00614,2
P02748,A01233,1
P02748,A01447,8
P02748,A03162,7
P02748,A07928,4
P02748,A07944,9
P02748,A08501,5
P02749,A03478,8
P02749,A05435,7
P02749,A08502,1
P02749,A08503,2
P02749,A08504,3
P02749,A08505,4
P02749,A08506,5
P02749,A08507,6
P02749,A08508,9
P02749,A08509,10
P02749,A08510,11
P02750,A00133,7
P02750,A08511,1
P02750,A08512,2
P02750,A08513,3
P02750,A08514,4
P02750,A08515,5
P02750,A08516,6
P02751,A00629,2
P02751,A01947,3
P02751,A08517,1
P02751,A08518,4
P02751,A08519,5
P02752,A04632,2
P02752,A08520,1
P02752,A08521,3
P02753,A07961,1
P02753,A07962,5
P02753,A08522,2
P02753,A08523,3
P02753,A08524,4
P02754,A04489,4
P02754,A08525,1
P02754,A08526,2
P02754,A08527,3
P02754,A08528,5
P02755,A01991,2
P02755,A03418,3
P02755,A04489,4
P02755,A08529,1
P02755,A08530,5
P02756,A00622,6
P02756,A02147,3
P02756,A02662,7
P02756,A03403,8
P02756,A05123,10
P02756,A05201,5
P02756,A05489,4
P02756,A08531,1
P02756,A08532,2
P02756,A08533,9
P02756,A08534,11
P02756,A08535,12
P02756,A08536,13
P02756,A08537,14
P02756,A08538,15
P02757,A03623,10
P02757,A08018,3
P02757,A08539,1
P02757,A08540,2
P02757,A08541,4
P02757,A08542,5
P02757,A08543,6
P02757,A08544,7
P02757,A08545,8
P02757,A08546,9
P02757,A08547,11
P02758,A01550,2
P02758,A04655,3
P02758,A07441,1
P02758,A08548,4
P02758,A08549,5
P02759,A00221,8
P02759,A00793,9
P02759,A06800,5
P02759,A06801,3
P02759,A08550,1
P02759,A08551,2
P02759,A08552,4
P02759,A08553,6
P02759,A08554,7
P02760,A08555,1
P02760,A08556,2
P02760,A08557,3
P02760,A08558,4
P02761,A05112,2
P02761,A08421,3
P02761,A08559,1
P02762,A01804,5
P02762,A05240,11
P02762,A05241,4
P02762,A05243,3
P02762,A08009,10
P02762,A08560,1
P02762,A08561,2
P02762,A08562,6
P02762,A08563,7
P02762,A08564,8
P02762,A08565,9
P02762,A08566,12
P02762,A08567,13
P02762,A08568,14
P02762,A08569,15
P02762,A08570,16
P02762,A08571,17
P02762,A08572,18
P02762,A08573,19
P02763,A00314,19
P02763,A00791,23
P02763,A01150,12
P02763,A01152,4
P02763,A01317,2
P02763,A01658,20
P02763,A01813,3
P02763,A02093,14
P02763,A02213,18
P02763,A02708,11
P02763,A03160,25
P02763,A03352,5
P02763,A03722,10
P02763,A03723,9
P02763,A03724,7
P02763,A03729,6
P02763,A03732,8
P02763,A03735,13
P02763,A05064,15
P02763,A05236,22
P02763,A07939,17
P02763,A07940,1
P02763,A08312,21
P02763,A08574,16
P02763,A08575,24
P02764,A08576,1
P02764,A08577,2
P02764,A08578,3
P02765,A00614,5
P02765,A01233,3
P02765,A01447,2
P02765,A04813,1
P02765,A07284,4
P02766,A00293,18
P02766,A00417,7
P02766,A00431,3
P02766,A00843,1
P02766,A00844,19
P02766,A00875,6
P02766,A00892,15
P02766,A01067,20
P02766,A01227,4
P02766,A01325,13
P02766,A01419,11
P02766,A01604,10
P02766,A02291,8
P02766,A03418,9
P02766,A03453,16
P02766,A04327,12
P02766,A04346,14
P02766,A08579,2
P02766,A08580,5
P02766,A08581,17
P02767,A07427,1
P02767,A07428,5
P02767,A07914,13
P02767,A07916,15
P02767,A07918,17
P02767,A07967,4
P02767,A07970,10
P02767,A07972,14
P02767,A07973,16
P02767,A08252,3
P02767,A08582,2
P02767,A08583,6
P02767,A08584,7
P02767,A08585,8
P02767,A08586,9
P02767,A08587,11
P02767,A08588,12
P02767,A08589,18
P02767,A08590,19
P02767,A08591,20
P02767,A08592,21
P02767,A08593,22
P02767,A08594,23
P02767,A08595,24
P02768,A08596,1
P02768,A08597,2
P02768,A08598,3
P02768,A08599,4
P02768,A08600,5
P02769,A08601,1
P02769,A08602,2
P02769,A08603,3
P02769,A08604,4
P02769,A08605,5
P02769,A08606,6
P02769,A08607,7
P02770,A05238,1
P02770,A08608,2
P02771,A00266,8
P02771,A01821,7
P02771,A03418,5
P02771,A05012,1
P02771,A05013,3
P02771,A05015,2
P02771,A05017,6
P02771,A07884,4
P02772,A05222,3
P02772,A07353,28
P02772,A08369,17
P02772,A08609,1
P02772,A08610,2
P02772,A08611,4
P02772,A08612,5
P02772,A08613,6
P02772,A08614,7
P02772,A08615,8
P02772,A08616,9
P02772,A08617,10
P02772,A08618,11
P02772,A08619,12
P02772,A08620,13
P02772,A08621,14
P02772,A08622,15
P02772,A08623,16
P02772,A08624,18
P02772,A08625,19
P02772,A08626,20
P02772,A08627,21
P02772,A08628,22
P02772,A08629,23
P02772,A08630,24
P02772,A08631,25
P02772,A08632,26
P02772,A08633,27
P02772,A08634,29
P02772,A08635,30
P02772,A08636,31
P02772,A08637,32
P02772,A08638,33
P02772,A08639,34
P02772,A08640,35
P02772,A08641,36
P02772,A08642,37
P02772,A08643,38
P02772,A08644,39
P02772,A08645,40
P02772,A08646,41
P02773,A08647,1
P02773,A08648,2
P02773,A08649,3
P02773,A08650,4
P02773,A08651,5
P02773,A08652,6
P02774,A00276,2
P02774,A01986,5
P02774,A04461,1
P02774,A08653,3
P02774,A08654,4
P02775,A02147,2
P02775,A02464,4
P02775,A02662,8
P02775,A03403,5
P02775,A03404,7
P02775,A05123,10
P02775,A05201,3
P02775,A05489,6
P02775,A07599,12
P02775,A08531,1
P02775,A08533,9
P02775,A08534,11
P02776,A08655,1
P02776,A08656,2
P02777,A00272,1
P02777,A00865,8
P02777,A01299,3
P02777,A01499,5
P02777,A01752,7
P02777,A02034,4
P02777,A03795,6
P02777,A07438,2
P02778,A00431,7
P02778,A00905,3
P02778,A01325,2
P02778,A07075,4
P02778,A07131,6
P02778,A07623,1
P02778,A08657,5
P02779,A02975,3
P02779,A04817,7
P02779,A08371,18
P02779,A08658,1
P02779,A08659,2
P02779,A08660,4
P02779,A08661,5
P02779,A08662,6
P02779,A08663,8
P02779,A08664,9
P02779,A08665,10
P02779,A08666,11
P02779,A08667,12
P02779,A08668,13
P02779,A08669,14
P02779,A08670,15
P02779,A08671,16
P02779,A08672,17
P02779,A08673,19
P02779,A08674,20
P02780,A03268,2
P02780,A04419,1
P02780,A05042,5
P02780,A08675,3
P02780,A08676,4
P02780,A08677,6
P02780,A08678,7
P02781,A00001,5
P02781,A00575,4
P02781,A01946,3
P02781,A08679,1
P02781,A08680,2
P02782,A00124,3
P02782,A00221,1
P02782,A01840,2
P02783,A00729,5
P02783,A00791,7
P02783,A01511,8
P02783,A01514,9
P02783,A03258,3
P02783,A03389,4
P02783,A04511,6
P02783,A06790,2
P02783,A08681,1
P02784,A07427,14
P02784,A07428,5
P02784,A07914,10
P02784,A07918,8
P02784,A07967,11
P02784,A07970,9
P02784,A07972,12
P02784,A07973,13
P02784,A08682,1
P02784,A08683,2
P02784,A08684,3
P02784,A08685,4
P02784,A08686,6
P02784,A08687,7
P02785,A00470,4
P02785,A00614,6
P02785,A03162,2
P02785,A03291,3
P02785,A04322,1
P02785,A04579,5
P02786,A00614,2
P02786,A00877,4
P02786,A01233,3
P02786,A01421,5
P02786,A01447,6
P02786,A04813,1
P02787,A01486,9
P02787,A01801,2
P02787,A05241,6
P02787,A05243,4
P02787,A08006,1
P02787,A08007,3
P02787,A08008,5
P02787,A08009,7
P02787,A08010,8
P02787,A08011,10
P02788,A04073,25
P02788,A04101,16
P02788,A04102,2
P02788,A04103,3
P02788,A04104,5
P02788,A04107,6
P02788,A04108,8
P02788,A04109,9
P02788,A04110,11
P02788,A04113,12
P02788,A04114,13
P02788,A04115,17
P02788,A04117,19
P02788,A04118,20
P02788,A04121,21
P02788,A04122,22
P02788,A04123,24
P02788,A04124,1
P02788,A04125,26
P02788,A04127,27
P02788,A04129,28
P02788,A04130,29
P02788,A04131,30
P02788,A05298,4
P02788,A05299,7
P02788,A05300,10
P02788,A05301,14
P02788,A05302,15
P02788,A05303,18
P02788,A05304,23
P02789,A08688,1
P02789,A08689,2
P02789,A08690,3
P02789,A08691,4
P02790,A00905,2
P02790,A07131,1
P02791,A00893,5
P02791,A04147,2
P02791,A04148,1
P02791,A04357,4
P02791,A04584,3
P02792,A08692,1
P02792,A08693,2
P02792,A08694,3
P02793,A00272,1
P02793,A00622,5
P02793,A01499,2
P02793,A02034,4
P02793,A03423,3
P02794,A00731,10
P02794,A00995,5
P02794,A01678,6
P02794,A02267,8
P02794,A02280,7
P02794,A02600,2
P02794,A02963,9
P02794,A03971,3
P02794,A05137,1
P02794,A08533,4
P02795,A08695,1
P02795,A08696,2
P02795,A08697,3
P02795,A08698,4
P02795,A08699,5
P02795,A08700,6
P02795,A08701,7
P02795,A08702,8
P02795,A08703,9
P02795,A08704,10
P02796,A00122,81
P02796,A00357,259
P02796,A01834,306
P02796,A01885,354
P02796,A02506,151
P02796,A03655,284
P02796,A03658,400
P02796,A04969,76
P02796,A04971,78
P02796,A05222,29
P02796,A05225,406
P02796,A05658,58
P02796,A06086,61
P02796,A06472,370
P02796,A07353,37
P02796,A07981,103
P02796,A08369,435
P02796,A08609,42
P02796,A08610,28
P02796,A08611,32
P02796,A08612,31
P02796,A08613,33
P02796,A08614,25
P02796,A08615,26
P02796,A08616,439
P02796,A08617,437
P02796,A08618,27
P02796,A08619,429
P02796,A08620,36
P02796,A08621,30
P02796,A08622,431
P02796,A08623,434
P02796,A08626,220
P02796,A08627,39
P02796,A08630,286
P02796,A08631,227
P02796,A08632,35
P02796,A08633,34
P02796,A08634,289
P02796,A08635,24
P02796,A08636,14
P02796,A08637,1
P02796,A08638,2
P02796,A08639,38
P02796,A08642,326
P02796,A08643,222
P02796,A08644,229
P02796,A08645,217
P02796,A08646,41
P02796,A08667,99
P02796,A08672,102
P02796,A08705,3
P02796,A08706,4
P02796,A08707,5
P02796,A08708,6
P02796,A08709,7
P02796,A08710,8
P02796,A08711,9
P02796,A08712,10
P02796,A08713,11
P02796,A08714,12
P02796,A08715,13
P02796,A08716,15
P02796,A08717,16
P02796,A08718,17
P02796,A08719,18
P02796,A08720,19
P02796,A08721,20
P02796,A08722,21
P02796,A08723,22
P02796,A08724,23
P02796,A08725,40
P02796,A08726,43
P02796,A08727,44
P02796,A08728,45
P02796,A08729,46
P02796,A08730,47
P02796,A08731,48
P02796,A08732,49
P02796,A08733,50
P02796,A08734,51
P02796,A08735,52
P02796,A08736,53
P02796,A08737,54
P02796,A08738,55
P02796,A08739,56
P02796,A08740,57
P02796,A08741,59
P02796,A08742,60
P02796,A08743,62
P02796,A08744,63
P02796,A08745,64
P02796,A08746,65
P02796,A08747,66
P02796,A08748,67
P02796,A08749,68
P02796,A08750,69
P02796,A08751,70
P02796,A08752,71
P02796,A08753,72
P02796,A08754,73
P02796,A08755,74
P02796,A08756,75
P02796,A08757,77
P02796,A08758,79
P02796,A08759,80
P02796,A08760,82
P02796,A08761,83
P02796,A08762,84
P02796,A08763,85
P02796,A08764,86
P02796,A08765,87
P02796,A08766,88
P02796,A08767,89
P02796,A08768,90
P02796,A08769,91
P02796,A08770,92
P02796,A08771,93
P02796,A08772,94
P02796,A08773,95
P02796,A08774,96
P02796,A08775,97
P02796,A08776,98
P02796,A08777,100
P02796,A08778,101
P02796,A08779,104
P02796,A08780,105
P02796,A08781,106
P02796,A08782,107
P02796,A08783,108
P02796,A08784,109
P02796,A08785,110
P02796,A08786,111
P02796,A08787,112
P02796,A08788,113
P02796,A08789,114
P02796,A08790,115
P02796,A08791,116
P02796,A08792,117
P02796,A08793,118
P02796,A08794,119
P02796,A08795,120
P02796,A08796,121
P02796,A08797,122
P02796,A08798,123
P02796,A08799,124
P02796,A08800,125
P02796,A08801,126
P02796,A08802,127
P02796,A08803,128
P02796,A08804,129
P02796,A08805,130
P02796,A08806,131
P02796,A08807,132
P02796,A08808,133
P02796,A08809,134
P02796,A08810,135
P02796,A08811,136
P02796,A08812,137
P02796,A08813,138
P02796,A08814,139
P02796,A08815,140
P02796,A08816,141
P02796,A08817,142
P02796,A08818,143
P02796,A08819,144
P02796,A08820,145
P02796,A08821,146
P02796,A08822,147
P02796,A08823,148
P02796,A08824,149
P02796,A08825,150
P02796,A08826,152
P02796,A08827,153
P02796,A08828,154
P02796,A08829,155
P02796,A08830,156
P02796,A08831,157
P02796,A08832,158
P02796,A08833,159
P02796,A08834,160
P02796,A08835,161
P02796,A08836,162
P02796,A08837,163
P02796,A08838,164
P02796,A08839,165
P02796,A08840,166
P02796,A08841,167
P02796,A08842,168
P02796,A08843,169
P02796,A08844,170
P02796,A08845,171
P02796,A08846,172
P02796,A08847,173
P02796,A08848,174
P02796,A08849,175
P02796,A08850,176
P02796,A08851,177
P02796,A08852,178
P02796,A08853,179
P02796,A08854,180
P02796,A08855,181
P02796,A08856,182
P02796,A08857,183
P02796,A08858,184
P02796,A08859,185
P02796,A08860,186
P02796,A08861,187
P02796,A08862,188
P02796,A08863,189
P02796,A08864,190
P02796,A08865,191
P02796,A08866,192
P02796,A08867,193
P02796,A08868,194
P02796,A08869,195
P02796,A08870,196
P02796,A08871,197
P02796,A08872,198
P02796,A08873,199
P02796,A08874,200
P02796,A08875,201
P02796,A08876,202
P02796,A08877,203
P02796,A08878,204
P02796,A08879,205
P02796,A08880,206
P02796,A08881,207
P02796,A08882,208
P02796,A08883,209
P02796,A08884,210
P02796,A08885,211
P02796,A08886,212
P02796,A08887,213
P02796,A08888,214
P02796,A08889,215
P02796,A08890,216
P02796,A08891,218
P02796,A08892,219
P02796,A08893,221
P02796,A08894,223
P02796,A08895,224
P02796,A08896,225
P02796,A08897,226
P02796,A08898,228
P02796,A08899,230
P02796,A08900,231
P02796,A08901,232
P02796,A08902,233
P02796,A08903,234
P02796,A08904,235
P02796,A08905,236
P02796,A08906,237
P02796,A08907,238
P02796,A08908,239
P02796,A08909,240
P02796,A08910,241
P02796,A08911,242
P02796,A08912,243
P02796,A08913,244
P02796,A08914,245
P02796,A08915,246
P02796,A08916,247
P02796,A08917,248
P02796,A08918,249
P02796,A08919,250
P02796,A08920,251
P02796,A08921,252
P02796,A08922,253
P02796,A08923,254
P02796,A08924,255
P02796,A08925,256
P02796,A08926,257
P02796,A08927,258
P02796,A08928,260
P02796,A08929,261
P02796,A08930,262
P02796,A08931,263
P02796,A08932,264
P02796,A08933,265
P02796,A08934,266
P02796,A08935,267
P02796,A08936,268
P02796,A08937,269
P02796,A08938,270
P02796,A08939,271
P02796,A08940,272
P02796,A08941,273
P02796,A08942,274
P02796,A08943,275
P02796,A08944,276
P02796,A08945,277
P02796,A08946,278
P02796,A08947,279
P02796,A08948,280
P02796,A08949,281
P02796,A08950,282
P02796,A08951,283
P02796,A08952,285
P02796,A08953,287
P02796,A08954,288
P02796,A08955,290
P02796,A08956,291
P02796,A08957,292
P02796,A08958,293
P02796,A08959,294
P02796,A08960,295
P02796,A08961,296
P02796,A08962,297
P02796,A08963,298
P02796,A08964,299
P02796,A08965,300
P02796,A08966,301
P02796,A08967,302
P02796,A08968,303
P02796,A08969,304
P02796,A08970,305
P02796,A08971,307
P02796,A08972,308
P02796,A08973,309
P02796,A08974,310
P02796,A08975,311
P02796,A08976,312
P02796,A08977,313
P02796,A08978,314
P02796,A08979,315
P02796,A08980,316
P02796,A08981,317
P02796,A08982,318
P02796,A08983,319
P02796,A08984,320
P02796,A08985,321
P02796,A08986,322
P02796,A08987,323
P02796,A08988,324
P02796,A08989,325
P02796,A08990,327
P02796,A08991,328
P02796,A08992,329
P02796,A08993,330
P02796,A08994,331
P02796,A08995,332
P02796,A08996,333
P02796,A08997,334
P02796,A08998,335
P02796,A08999,336
P02796,A09000,337
P02796,A09001,338
P02796,A09002,339
P02796,A09003,340
P02796,A09004,341
P02796,A09005,342
P02796,A09006,343
P02796,A09007,344
P02796,A09008,345
P02796,A09009,346
P02796,A09010,347
P02796,A09011,348
P02796,A09012,349
P02796,A09013,350
P02796,A09014,351
P02796,A09015,352
P02796,A09016,353
P02796,A09017,355
P02796,A09018,356
P02796,A09019,357
P02796,A09020,358
P02796,A09021,359
P02796,A09022,360
P02796,A09023,361
P02796,A09024,362
P02796,A09025,363
P02796,A09026,364
P02796,A09027,365
P02796,A09028,366
P02796,A09029,367
P02796,A09030,368
P02796,A09031,369
P02796,A09032,371
P02796,A09033,372
P02796,A09034,373
P02796,A09035,374
P02796,A09036,375
P02796,A09037,376
P02796,A09038,377
P02796,A09039,378
P02796,A09040,379
P02796,A09041,380
P02796,A09042,381
P02796,A09043,382
P02796,A09044,383
P02796,A09045,384
P02796,A09046,385
P02796,A09047,386
P02796,A09048,387
P02796,A09049,388
P02796,A09050,389
P02796,A09051,390
P02796,A09052,391
P02796,A09053,392
P02796,A09054,393
P02796,A09055,394
P02796,A09056,395
P02796,A09057,396
P02796,A09058,397
P02796,A09059,398
P02796,A09060,399
P02796,A09061,401
P02796,A09062,402
P02796,A09063,403
P02796,A09064,404
P02796,A09065,405
P02796,A09066,407
P02796,A09067,408
P02796,A09068,409
P02796,A09069,410
P02796,A09070,411
P02796,A09071,412
P02796,A09072,413
P02796,A09073,414
P02796,A09074,415
P02796,A09075,416
P02796,A09076,417
P02796,A09077,418
P02796,A09078,419
P02796,A09079,420
P02796,A09080,421
P02796,A09081,422
P02796,A09082,423
P02796,A09083,424
P02796,A09084,425
P02796,A09085,426
P02796,A09086,427
P02796,A09087,428
P02796,A09088,430
P02796,A09089,432
P02796,A09090,433
P02796,A09091,436
P02796,A09092,438
P02796,A09093,440
P02796,A09094,441
P02796,A09095,442
P02796,A09096,443
P02796,A09097,444
P02796,A09098,445
P02796,A09099,446
P02796,A09100,447
P02796,A09101,448
P02796,A09102,449
P02796,A09103,450
P02796,A09104,451
P02796,A09105,452
P02796,A09106,453
P02797,A00676,7
P02797,A01529,4
P02797,A03522,6
P02797,A09107,1
P02797,A09108,2
P02797,A09109,3
P02797,A09110,5
P02797,A09111,8
P02798,A09112,1
P02798,A09113,2
P02798,A09114,3
P02798,A09115,4
P02798,A09116,5
P02799,A02300,3
P02799,A02302,1
P02799,A02303,4
P02799,A02759,2
P02799,A05074,5
P02799,A09117,6
P02800,A06803,6
P02800,A06804,7
P02800,A06805,1
P02800,A06807,9
P02800,A06808,3
P02800,A06814,8
P02800,A06829,5
P02800,A06840,4
P02800,A06848,2
P02800,A09118,10
P02801,A06817,3
P02801,A09119,1
P02801,A09120,2
P02801,A09121,4
P02801,A09122,5
P02801,A09123,6
P02801,A09124,7
P02801,A09125,8
P02801,A09126,9
P02801,A09127,10
P02801,A09128,11
P02802,A00447,13
P02802,A00535,6
P02802,A00536,7
P02802,A00759,10
P02802,A02259,5
P02802,A02467,4
P02802,A04909,11
P02802,A04910,12
P02802,A09129,1
P02802,A09130,2
P02802,A09131,3
P02802,A09132,8
P02802,A09133,9
P02802,A09134,14
P02802,A09135,15
P02802,A09136,16
P02803,A06854,4
P02803,A07218,27
P02803,A07642,21
P02803,A07710,1
P02803,A07711,2
P02803,A07712,6
P02803,A07713,17
P02803,A07714,3
P02803,A07715,24
P02803,A07717,5
P02803,A09137,7
P02803,A09138,8
P02803,A09139,9
P02803,A09140,10
P02803,A09141,11
P02803,A09142,12
P02803,A09143,13
P02803,A09144,14
P02803,A09145,15
P02803,A09146,16
P02803,A09147,18
P02803,A09148,19
P02803,A09149,20
P02803,A09150,22
P02803,A09151,23
P02803,A09152,25
P02803,A09153,26
P02804,A01477,2
P02804,A07079,3
P02804,A08423,4
P02804,A09154,1
P02805,A02149,5
P02805,A02252,6
P02805,A02300,3
P02805,A02759,4
P02805,A05103,2
P02805,A08121,1
P02805,A08122,7
P02806,A09155,1
P02806,A09156,2
P02806,A09157,3
P02806,A09158,4
P02807,A06871,1
P02808,A00049,86
P02808,A00494,43
P02808,A00523,80
P02808,A00614,83
P02808,A00731,85
P02808,A00770,44
P02808,A00798,87
P02808,A00805,1
P02808,A00867,73
P02808,A01084,92
P02808,A01317,12
P02808,A01746,23
P02808,A01915,17
P02808,A01978,89
P02808,A01979,7
P02808,A01981,81
P02808,A01998,61
P02808,A02029,49
P02808,A02047,91
P02808,A02195,69
P02808,A02327,16
P02808,A02350,51
P02808,A02351,84
P02808,A02392,46
P02808,A02413,72
P02808,A02451,18
P02808,A02464,94
P02808,A02600,90
P02808,A02602,67
P02808,A03053,30
P02808,A03055,31
P02808,A03219,54
P02808,A03248,93
P02808,A03258,33
P02808,A03271,88
P02808,A03286,82
P02808,A03542,66
P02808,A03719,101
P02808,A03732,13
P02808,A03750,3
P02808,A04080,27
P02808,A04307,42
P02808,A04353,26
P02808,A04469,48
P02808,A05144,19
P02808,A05403,62
P02808,A05404,60
P02808,A05407,63
P02808,A06790,36
P02808,A07272,75
P02808,A07672,14
P02808,A07673,15
P02808,A07674,37
P02808,A07731,70
P02808,A07789,21
P02808,A07812,34
P02808,A07932,32
P02808,A08027,29
P02808,A08028,41
P02808,A08029,38
P02808,A08031,40
P02808,A08149,47
P02808,A08409,100
P02808,A09159,2
P02808,A09160,4
P02808,A09161,5
P02808,A09162,6
P02808,A09163,8
P02808,A09164,9
P02808,A09165,10
P02808,A09166,11
P02808,A09167,20
P02808,A09168,22
P02808,A09169,24
P02808,A09170,25
P02808,A09171,28
P02808,A09172,35
P02808,A09173,39
P02808,A09174,45
P02808,A09175,50
P02808,A09176,52
P02808,A09177,53
P02808,A09178,55
P02808,A09179,56
P02808,A09180,57
P02808,A09181,58
P02808,A09182,59
P02808,A09183,64
P02808,A09184,65
P02808,A09185,68
P02808,A09186,71
P02808,A09187,74
P02808,A09188,76
P02808,A09189,77
P02808,A09190,78
P02808,A09191,79
P02808,A09192,95
P02808,A09193,96
P02808,A09194,97
P02808,A09195,98
P02808,A09196,99
P02808,A09197,102
P02809,A04052,2
P02809,A09198,1
P02809,A09199,3
P02809,A09200,4
P02809,A09201,5
P02809,A09202,6
P02809,A09203,7
P02809,A09204,8
P02810,A00130,3
P02810,A00263,2
P02810,A05050,4
P02810,A07579,1
P02810,A07580,5
P02811,A00440,5
P02811,A00670,6
P02811,A07529,4
P02811,A07622,1
P02811,A09205,2
P02811,A09206,3
P02811,A09207,7
P02811,A09208,8
P02811,A09209,9
P02811,A09210,10
P02812,A09211,1
P02812,A09212,2
P02812,A09213,3
P02812,A09214,4
P02813,A06841,79
P02813,A09215,1
P02813,A09216,2
P02813,A09217,3
P02813,A09218,4
P02813,A09219,5
P02813,A09220,6
P02813,A09221,7
P02813,A09222,8
P02813,A09223,9
P02813,A09224,10
P02813,A09225,11
P02813,A09226,12
P02813,A09227,13
P02813,A09228,14
P02813,A09229,15
P02813,A09230,16
P02813,A09231,17
P02813,A09232,18
P02813,A09233,19
P02813,A09234,20
P02813,A09235,21
P02813,A09236,22
P02813,A09237,23
P02813,A09238,24
P02813,A09239,25
P02813,A09240,26
P02813,A09241,27
P02813,A09242,28
P02813,A09243,29
P02813,A09244,30
P02813,A09245,31
P02813,A09246,32
P02813,A09247,33
P02813,A09248,34
P02813,A09249,35
P02813,A09250,36
P02813,A09251,37
P02813,A09252,38
P02813,A09253,39
P02813,A09254,40
P02813,A09255,41
P02813,A09256,42
P02813,A09257,43
P02813,A09258,44
P02813,A09259,45
P02813,A09260,46
P02813,A09261,47
P02813,A09262,48
P02813,A09263,49
P02813,A09264,50
P02813,A09265,51
P02813,A09266,52
P02813,A09267,53
P02813,A09268,54
P02813,A09269,55
P02813,A09270,56
P02813,A09271,57
P02813,A09272,58
P02813,A09273,59
P02813,A09274,60
P02813,A09275,61
P02813,A09276,62
P02813,A09277,63
P02813,A09278,64
P02813,A09279,65
P02813,A09280,66
P02813,A09281,67
P02813,A09282,68
P02813,A09283,69
P02813,A09284,70
P02813,A09285,71
P02813,A09286,72
P02813,A09287,73
P02813,A09288,74
P02813,A09289,75
P02813,A09290,76
P02813,A09291,77
P02813,A09292,78
P02813,A09293,80
P02813,A09294,81
P02813,A09295,82
P02813,A09296,83
P02813,A09297,84
P02813,A09298,85
P02813,A09299,86
P02813,A09300,87
P02813,A09301,88
P02813,A09302,89
P02813,A09303,90
P02813,A09304,91
P02813,A09305,92
P02813,A09306,93
P02813,A09307,94
P02813,A09308,95
P02813,A09309,96
P02813,A09310,97
P02813,A09311,98
P02813,A09312,99
P02813,A09313,100
P02813,A09314,101
P02813,A09315,102
P02813,A09316,103
P02813,A09317,104
P02813,A09318,105
P02813,A09319,106
P02813,A09320,107
P02813,A09321,108
P02813,A09322,109
P02813,A09323,110
P02813,A09324,111
P02813,A09325,112
P02813,A09326,113
P02813,A09327,114
P02813,A09328,115
P02813,A09329,116
P02813,A09330,117
P02813,A09331,118
P02813,A09332,119
P02813,A09333,120
P02814,A01511,10
P02814,A01848,1
P02814,A02125,5
P02814,A03021,8
P02814,A03791,9
P02814,A08046,7
P02814,A08545,3
P02814,A09334,2
P02814,A09335,4
P02814,A09336,6
P02815,A00066,6
P02815,A02125,2
P02815,A02407,4
P02815,A02921,7
P02815,A04238,9
P02815,A04239,8
P02815,A09337,1
P02815,A09338,3
P02815,A09339,5
P02816,A01010,7
P02816,A02844,2
P02816,A04484,6
P02816,A07529,1
P02816,A07533,3
P02816,A09340,4
P02816,A09341,5
P02817,A01406,2
P02817,A01789,1
P02817,A03518,5
P02817,A09342,3
P02817,A09343,4
P02818,A00443,3
P02818,A04612,2
P02818,A04613,1
P02819,A07764,1
P02819,A09344,2
P02819,A09345,3
P02819,A09346,4
P02819,A09347,5
P02819,A09348,6
P02819,A09349,7
P02819,A09350,8
P02820,A02290,9
P02820,A02585,5
P02820,A03940,13
P02820,A05634,7
P02820,A07798,11
P02820,A07799,14
P02820,A09351,1
P02820,A09352,2
P02820,A09353,3
P02820,A09354,4
P02820,A09355,6
P02820,A09356,8
P02820,A09357,10
P02820,A09358,12
P02821,A00028,5
P02821,A00431,2
P02821,A00498,4
P02821,A09359,1
P02821,A09360,3
P02821,A09361,6
P02821,A09362,7
P02821,A09363,8
P02822,A05543,2
P02822,A09364,1
P02822,A09365,3
P02822,A09366,4
P02822,A09367,5
P02822,A09368,6
P02822,A09369,7
P02822,A09370,8
P02822,A09371,9
P02822,A09372,10
P02822,A09373,11
P02822,A09374,12
P02822,A09375,13
P02822,A09376,14
P02822,A09377,15
P02822,A09378,16
P02822,A09379,17
P02822,A09380,18
P02822,A09381,19
P02822,A09382,20
P02823,A08178,6
P02823,A09383,1
P02823,A09384,2
P02823,A09385,3
P02823,A09386,4
P02823,A09387,5
P02823,A09388,7
P02823,A09389,8
P02824,A00835,2
P02824,A09390,1
P02825,A00835,2
P02825,A05020,3
P02825,A09390,1
P02826,A00614,11
P02826,A00995,6
P02826,A01447,2
P02826,A01544,10
P02826,A01678,7
P02826,A02146,5
P02826,A02555,9
P02826,A02600,4
P02826,A03248,8
P02826,A06951,3
P02826,A07027,1
P02827,A00066,25
P02827,A00727,6
P02827,A00843,23
P02827,A00849,4
P02827,A01510,20
P02827,A01543,9
P02827,A01915,2
P02827,A01916,13
P02827,A02125,3
P02827,A02218,8
P02827,A02280,7
P02827,A02311,5
P02827,A02407,18
P02827,A02451,28
P02827,A02731,11
P02827,A02732,24
P02827,A03168,22
P02827,A03288,17
P02827,A04045,1
P02827,A04047,10
P02827,A04149,16
P02827,A04292,15
P02827,A06785,21
P02827,A07672,12
P02827,A07673,27
P02827,A07812,14
P02827,A09391,19
P02827,A09392,26
P02828,A09393,1
P02828,A09394,2
P02828,A09395,3
P02828,A09396,4
P02828,A09397,5
P02828,A09398,6
P02828,A09399,7
P02828,A09400,8
P02828,A09401,9
P02828,A09402,10
P02828,A09403,11
P02828,A09404,12
P02828,A09405,13
P02828,A09406,14
P02828,A09407,15
P02828,A09408,16
P02828,A09409,17
P02828,A09410,18
P02828,A09411,19
P02828,A09412,20
P02828,A09413,21
P02828,A09414,22
P02828,A09415,23
P02828,A09416,24
P02829,A05213,2
P02829,A05215,1
P02829,A09417,3
P02830,A00004,2
P02830,A01517,4
P02830,A09418,1
P02830,A09419,3
P02830,A09420,5
P02831,A00443,4
P02831,A02480,5
P02831,A09421,1
P02831,A09422,2
P02831,A09423,3
P02832,A00950,5
P02832,A02297,4
P02832,A08203,1
P02832,A08204,2
P02832,A09424,3
P02833,A02759,3
P02833,A05080,4
P02833,A09425,1
P02833,A09426,2
P02833,A09427,5
P02833,A09428,6
P02834,A00843,4
P02834,A01317,2
P02834,A06790,3
P02834,A08025,1
P02835,A00723,2
P02835,A00795,8
P02835,A01299,4
P02835,A01314,3
P02835,A01404,5
P02835,A01499,6
P02835,A02034,1
P02835,A07667,7
P02836,A01325,2
P02836,A01822,4
P02836,A09429,1
P02836,A09430,3
P02836,A09431,5
P02837,A09432,1
P02838,A09433,1
P02838,A09434,2
P02839,A09435,1
P02839,A09436,2
P02839,A09437,3
P02839,A09438,4
P02840,A00447,2
P02840,A09439,1
P02841,A07596,2
P02841,A09440,1
P02841,A09441,3
P02841,A09442,4
P02841,A09443,5
P02841,A09444,6
P02841,A09445,7
P02842,A00474,3
P02842,A01351,4
P02842,A04915,5
P02842,A09446,1
P02842,A09447,2
P02843,A00629,3
P02843,A09448,1
P02843,A09449,2
P02843,A09450,4
P02843,A09451,5
P02844,A02425,2
P02844,A09452,1
P02845,A00006,5
P02845,A00081,13
P02845,A00314,12
P02845,A00985,10
P02845,A02512,2
P02845,A03253,3
P02845,A03593,11
P02845,A03596,14
P02845,A03943,9
P02845,A05043,1
P02845,A05297,8
P02845,A07050,7
P02845,A09453,4
P02845,A09454,6
P02846,A01678,7
P02846,A01915,4
P02846,A02286,5
P02846,A02327,2
P02846,A02600,6
P02846,A05295,3
P02846,A07406,1
P02847,A01773,2
P02847,A01821,3
P02847,A03904,4
P02847,A08236,1
P02848,A04534,2
P02848,A04937,1
P02849,A09455,1
P02849,A09456,2
P02850,A05105,5
P02850,A09457,1
P02850,A09458,2
P02850,A09459,3
P02850,A09460,4
P02851,A09461,1
P02851,A09462,2
P02851,A09463,3
P02851,A09464,4
P02852,A04052,2
P02852,A09199,8
P02852,A09200,7
P02852,A09202,14
P02852,A09465,1
P02852,A09466,3
P02852,A09467,4
P02852,A09468,5
P02852,A09469,6
P02852,A09470,9
P02852,A09471,10
P02852,A09472,11
P02852,A09473,12
P02852,A09474,13
P02852,A09475,15
P02852,A09476,16
P02852,A09477,17
P02852,A09478,18
P02852,A09479,19
P02852,A09480,20
P02852,A09481,21
P02852,A09482,22
P02853,A05492,2
P02853,A05494,5
P02853,A05503,1
P02853,A05516,4
P02853,A05523,3
P02853,A05524,6
P02854,A00431,24
P02854,A00714,13
P02854,A01391,6
P02854,A01751,5
P02854,A01916,18
P02854,A02125,8
P02854,A02216,14
P02854,A02217,1
P02854,A02218,3
P02854,A03406,7
P02854,A03732,20
P02854,A04469,2
P02854,A05144,23
P02854,A07672,19
P02854,A07673,21
P02854,A07674,22
P02854,A07804,9
P02854,A08039,11
P02854,A09483,4
P02854,A09484,10
P02854,A09485,12
P02854,A09486,15
P02854,A09487,16
P02854,A09488,17
P02855,A01712,4
P02855,A09489,1
P02855,A09490,2
P02855,A09491,3
P02855,A09492,5
P02856,A00130,3
P02856,A00266,6
P02856,A00431,2
P02856,A00507,9
P02856,A01642,5
P02856,A03418,7
P02856,A04345,4
P02856,A09493,1
P02856,A09494,8
P02857,A03377,7
P02857,A07185,8
P02857,A07293,3
P02857,A07297,1
P02857,A07299,4
P02857,A07864,6
P02857,A07923,2
P02857,A08461,9
P02857,A09495,5
P02857,A09496,10
P02857,A09497,11
P02857,A09498,12
P02857,A09499,13
P02857,A09500,14
P02858,A04009,4
P02858,A07279,7
P02858,A07534,5
P02858,A09501,1
P02858,A09502,2
P02858,A09503,3
P02858,A09504,6
P02859,A00272,2
P02859,A08440,4
P02859,A09505,1
P02859,A09506,3
P02860,A00066,7
P02860,A00849,6
P02860,A01317,17
P02860,A01915,5
P02860,A02029,4
P02860,A02125,1
P02860,A02451,23
P02860,A02731,19
P02860,A03258,18
P02860,A03297,8
P02860,A03732,21
P02860,A06785,2
P02860,A07673,22
P02860,A07674,20
P02860,A07929,15
P02860,A07930,16
P02860,A07932,9
P02860,A08027,14
P02860,A08028,10
P02860,A08029,11
P02860,A09507,3
P02860,A09508,12
P02860,A09509,13
P02861,A09510,1
P02861,A09511,2
P02861,A09512,3
P02861,A09513,4
P02862,A08360,11
P02862,A08361,2
P02862,A08368,4
P02862,A08371,14
P02862,A08630,13
P02862,A08870,8
P02862,A08871,10
P02862,A09021,12
P02862,A09514,1
P02862,A09515,3
P02862,A09516,5
P02862,A09517,6
P02862,A09518,7
P02862,A09519,9
P02863,A01710,2
P02863,A09520,1
P02863,A09521,3
P02863,A09522,4
P02863,A09523,5
P02863,A09524,6
P02863,A09525,7
P02863,A09526,8
P02864,A05821,2
P02864,A09527,1
P02865,A09528,1
P02865,A09529,2
P02866,A01028,2
P02866,A01529,4
P02866,A02579,6
P02866,A02870,5
P02866,A05619,7
P02866,A09530,1
P02866,A09531,3
P02866,A09532,8
P02867,A04363,1
P02868,A05545,2
P02868,A05546,3
P02868,A09533,1
P02869,A01233,3
P02869,A02657,1
P02869,A04813,4
P02869,A09534,2
P02870,A00702,7
P02870,A03310,4
P02870,A04363,3
P02870,A09535,1
P02870,A09536,2
P02870,A09537,5
P02870,A09538,6
P02870,A09539,8
P02871,A07437,7
P02871,A08168,3
P02871,A08169,1
P02871,A08174,8
P02871,A09540,2
P02871,A09541,4
P02871,A09542,5
P02871,A09543,6
P02872,A00290,4
P02872,A00448,1
P02872,A01194,6
P02872,A01227,5
P02872,A02314,7
P02872,A03418,3
P02872,A03526,2
P02872,A03900,8
P02873,A07584,13
P02873,A07586,14
P02873,A07588,1
P02873,A07589,2
P02873,A09544,3
P02873,A09545,4
P02873,A09546,5
P02873,A09547,6
P02873,A09548,7
P02873,A09549,8
P02873,A09550,9
P02873,A09551,10
P02873,A09552,11
P02873,A09553,12
P02873,A09554,15
P02873,A09555,16
P02873,A09556,17
P02873,A09557,18
P02873,A09558,19
P02873,A09559,20
P02873,A09560,21
P02873,A09561,22
P02873,A09562,23
P02873,A09563,24
P02873,A09564,25
P02873,A09565,26
P02874,A09566,1
P02875,A00081,4
P02875,A03248,3
P02875,A03286,2
P02875,A09567,1
P02876,A09568,1
P02876,A09569,2
P02876,A09570,3
P02877,A01447,4
P02877,A01953,2
P02877,A02297,1
P02877,A09571,3
P02877,A09572,5
P02878,A09456,2
P02878,A09573,1
P02878,A09574,3
P02878,A09575,4
P02878,A09576,5
P02878,A09577,6
P02878,A09578,7
P02879,A08399,2
P02879,A09579,1
P02879,A09580,3
P02880,A00824,2
P02880,A02095,3
P02880,A07623,1
P02881,A09581,1
P02881,A09582,2
P02882,A00814,3
P02882,A00843,6
P02882,A02308,4
P02882,A03408,5
P02882,A05247,1
P02882,A08496,2
P02883,A09583,1
P02883,A09584,2
P02883,A09585,3
P02883,A09586,4
P02883,A09587,5
P02883,A09588,6
P02884,A00078,5
P02884,A00266,6
P02884,A01389,2
P02884,A09589,1
P02884,A09590,3
P02884,A09591,4
P02884,A09592,7
P02885,A00905,2
P02885,A02416,3
P02885,A05017,4
P02885,A07874,1
P02885,A09593,5
P02886,A00629,1
P02886,A09594,2
P02886,A09595,3
P02886,A09596,4
P02887,A01614,4
P02887,A05049,1
P02887,A09597,2
P02887,A09598,3
P02887,A09599,5
P02888,A01596,6
P02888,A01751,10
P02888,A01797,2
P02888,A02571,12
P02888,A05121,4
P02888,A05230,7
P02888,A07803,3
P02888,A09600,1
P02888,A09601,5
P02888,A09602,8
P02888,A09603,9
P02888,A09604,11
P02889,A07434,1
P02889,A07437,5
P02889,A09543,2
P02889,A09605,3
P02889,A09606,4
P02890,A00824,5
P02890,A01821,9
P02890,A03795,4
P02890,A03954,6
P02890,A04577,7
P02890,A05548,8
P02890,A08236,2
P02890,A08529,1
P02890,A09607,3
P02891,A00290,6
P02891,A00507,7
P02891,A00843,5
P02891,A02126,8
P02891,A02600,2
P02891,A03221,3
P02891,A04721,1
P02891,A09608,4
P02892,A09609,1
P02892,A09610,2
P02892,A09611,3
P02892,A09612,4
P02893,A01550,2
P02893,A04655,3
P02893,A07441,1
P02893,A08549,4
P02894,A09613,1
P02894,A09614,2
P02894,A09615,3
P02894,A09616,4
P02895,A08013,4
P02895,A09617,1
P02895,A09618,2
P02895,A09619,3
P02895,A09620,5
P02896,A09621,1
P02896,A09622,2
P02897,A09623,1
P02897,A09624,2
P02897,A09625,3
P02898,A09626,1
P02899,A06925,2
P02899,A09627,1
P02900,A04828,8
P02900,A04829,2
P02900,A04830,13
P02900,A08196,1
P02900,A09628,3
P02900,A09629,4
P02900,A09630,5
P02900,A09631,6
P02900,A09632,7
P02900,A09633,9
P02900,A09634,10
P02900,A09635,11
P02900,A09636,12
P02901,A09637,1
P02901,A09638,2
P02901,A09639,3
P02901,A09640,4
P02901,A09641,5
P02901,A09642,6
P02901,A09643,7
P02901,A09644,8
P02901,A09645,9
P02901,A09646,10
P02901,A09647,11
P02901,A09648,12
P02901,A09649,13
P02901,A09650,14
P02901,A09651,15
P02902,A03074,2
P02902,A05290,1
P02902,A05306,6
P02902,A06936,4
P02902,A09652,3
P02902,A09653,5
P02903,A00833,2
P02903,A01663,3
P02903,A04085,5
P02903,A09654,1
P02903,A09655,4
P02904,A00723,6
P02904,A01299,2
P02904,A01404,4
P02904,A02034,5
P02904,A02534,3
P02904,A09656,1
P02905,A00727,12
P02905,A00849,8
P02905,A00901,13
P02905,A01596,6
P02905,A01915,4
P02905,A02218,16
P02905,A02311,15
P02905,A02600,1
P02905,A02895,2
P02905,A03288,17
P02905,A03939,11
P02905,A03940,10
P02905,A04292,3
P02905,A07284,5
P02905,A09657,7
P02905,A09658,9
P02905,A09659,14
P02906,A08360,2
P02906,A08361,1
P02906,A08362,4
P02906,A08364,7
P02906,A08366,10
P02906,A08367,5
P02906,A08369,13
P02906,A08371,23
P02906,A09514,8
P02906,A09660,3
P02906,A09661,6
P02906,A09662,9
P02906,A09663,11
P02906,A09664,12
P02906,A09665,14
P02906,A09666,15
P02906,A09667,16
P02906,A09668,17
P02906,A09669,18
P02906,A09670,19
P02906,A09671,20
P02906,A09672,21
P02906,A09673,22
P02907,A03266,8
P02907,A03269,3
P02907,A09674,1
P02907,A09675,2
P02907,A09676,4
P02907,A09677,5
P02907,A09678,6
P02907,A09679,7
P02907,A09680,9
P02907,A09681,10
P02907,A09682,11
P02907,A09683,12
P02908,A04381,1
P02908,A04383,2
P02908,A09684,3
P02909,A00031,15
P02909,A00052,30
P02909,A00535,34
P02909,A00833,1
P02909,A01661,17
P02909,A03919,27
P02909,A04242,4
P02909,A04243,7
P02909,A04908,5
P02909,A04910,3
P02909,A09685,2
P02909,A09686,6
P02909,A09687,8
P02909,A09688,9
P02909,A09689,10
P02909,A09690,11
P02909,A09691,12
P02909,A09692,13
P02909,A09693,14
P02909,A09694,16
P02909,A09695,18
P02909,A09696,19
P02909,A09697,20
P02909,A09698,21
P02909,A09699,22
P02909,A09700,23
P02909,A09701,24
P02909,A09702,25
P02909,A09703,26
P02909,A09704,28
P02909,A09705,29
P02909,A09706,31
P02909,A09707,32
P02909,A09708,33
P02910,A00622,10
P02910,A03403,9
P02910,A04478,3
P02910,A04480,4
P02910,A05123,5
P02910,A05489,7
P02910,A09709,1
P02910,A09710,2
P02910,A09711,6
P02910,A09712,8
P02911,A01746,3
P02911,A02034,11
P02911,A02223,8
P02911,A03286,10
P02911,A03930,9
P02911,A04353,4
P02911,A04355,1
P02911,A04994,5
P02911,A07789,2
P02911,A08182,6
P02911,A08305,7
P02911,A09713,12
P02911,A09714,13
P02912,A07630,1
P02912,A07631,3
P02912,A07632,2
P02912,A09715,4
P02912,A09716,5
P02912,A09717,6
P02913,A00570,2
P02913,A00805,3
P02913,A00843,4
P02913,A02600,1
P02914,A05011,5
P02914,A07605,4
P02914,A07607,1
P02914,A09156,3
P02914,A09718,2
P02914,A09719,6
P02914,A09720,7
P02914,A09721,8
P02914,A09722,9
P02914,A09723,10
P02914,A09724,11
P02915,A00068,2
P02915,A05067,1
P02915,A09725,3
P02916,A08412,1
P02916,A08413,2
P02917,A07718,1
P02917,A09726,2
P02918,A02402,4
P02918,A09727,1
P02918,A09728,2
P02918,A09729,3
P02918,A09730,5
P02919,A01918,1
P02919,A04401,2
P02920,A00973,2
P02920,A03359,4
P02920,A09731,1
P02920,A09732,3
P02920,A09733,5
P02920,A09734,6
P02921,A09583,1
P02921,A09585,3
P02921,A09735,2
P02921,A09736,4
P02922,A03488,3
P02922,A05197,2
P02922,A06956,5
P02922,A09737,1
P02922,A09738,4
P02923,A03658,15
P02923,A04969,34
P02923,A05222,26
P02923,A08610,30
P02923,A08615,27
P02923,A08619,14
P02923,A08627,32
P02923,A08630,35
P02923,A08632,18
P02923,A08633,9
P02923,A08635,7
P02923,A08639,4
P02923,A08644,1
P02923,A08646,37
P02923,A08725,20
P02923,A08757,28
P02923,A08764,31
P02923,A08767,11
P02923,A08775,13
P02923,A08779,23
P02923,A08780,24
P02923,A08781,21
P02923,A08823,12
P02923,A08825,25
P02923,A08914,8
P02923,A08925,33
P02923,A09030,36
P02923,A09035,3
P02923,A09076,19
P02923,A09079,16
P02923,A09080,2
P02923,A09671,29
P02923,A09739,5
P02923,A09740,6
P02923,A09741,10
P02923,A09742,17
P02923,A09743,22
P02924,A08153,4
P02924,A08154,3
P02924,A09744,1
P02924,A09745,2
P02925,A00570,5
P02925,A00805,7
P02925,A00819,2
P02925,A02095,9
P02925,A02464,8
P02925,A02600,1
P02925,A05193,6
P02925,A07027,3
P02925,A09657,4
P02925,A09746,10
P02926,A04988,1
P02926,A06980,4
P02926,A06981,2
P02926,A09747,3
P02926,A09748,5
P02926,A09749,6
P02927,A00290,8
P02927,A00843,10
P02927,A01737,2
P02927,A02791,7
P02927,A03450,9
P02927,A05251,3
P02927,A06977,11
P02927,A09750,1
P02927,A09751,4
P02927,A09752,5
P02927,A09753,6
P02927,A09754,12
P02928,A09755,1
P02928,A09756,2
P02928,A09757,3
P02928,A09758,4
P02928,A09759,5
P02928,A09760,6
P02928,A09761,7
P02928,A09762,8
P02928,A09763,9
P02929,A00698,10
P02929,A02572,14
P02929,A05022,15
P02929,A05027,3
P02929,A05028,11
P02929,A07028,9
P02929,A07572,1
P02929,A07573,4
P02929,A09764,2
P02929,A09765,5
P02929,A09766,6
P02929,A09767,7
P02929,A09768,8
P02929,A09769,12
P02929,A09770,13
P02930,A01028,2
P02930,A09771,1
P02930,A09772,3
P02930,A09773,4
P02931,A05222,14
P02931,A08610,3
P02931,A08618,18
P02931,A08619,16
P02931,A08620,17
P02931,A08627,10
P02931,A08632,1
P02931,A08633,2
P02931,A08637,13
P02931,A08644,6
P02931,A08645,12
P02931,A08646,21
P02931,A08725,7
P02931,A08902,20
P02931,A09062,11
P02931,A09075,8
P02931,A09076,4
P02931,A09080,19
P02931,A09661,15
P02931,A09774,5
P02931,A09775,9
P02932,A00731,9
P02932,A01678,8
P02932,A02600,3
P02932,A02841,5
P02932,A03930,7
P02932,A03971,4
P02932,A05137,1
P02932,A09776,2
P02932,A09777,6
P02933,A00605,4
P02933,A01744,2
P02933,A01745,3
P02933,A04404,1
P02934,A01833,16
P02934,A05222,1
P02934,A07353,15
P02934,A08610,2
P02934,A08611,8
P02934,A08614,22
P02934,A08615,21
P02934,A08617,19
P02934,A08618,35
P02934,A08619,28
P02934,A08620,29
P02934,A08621,3
P02934,A08627,27
P02934,A08628,23
P02934,A08630,34
P02934,A08632,7
P02934,A08633,6
P02934,A08635,17
P02934,A08644,33
P02934,A08646,37
P02934,A08710,24
P02934,A08714,26
P02934,A08720,31
P02934,A08731,13
P02934,A08734,12
P02934,A08735,11
P02934,A08757,20
P02934,A08902,36
P02934,A08969,5
P02934,A09027,18
P02934,A09515,9
P02934,A09516,10
P02934,A09666,30
P02934,A09778,4
P02934,A09779,14
P02934,A09780,25
P02934,A09781,32
P02935,A08163,6
P02935,A09782,1
P02935,A09783,2
P02935,A09784,3
P02935,A09785,4
P02935,A09786,5
P02936,A00431,7
P02936,A03356,3
P02936,A04398,4
P02936,A07658,5
P02936,A09787,1
P02936,A09788,2
P02936,A09789,6
P02937,A09790,1
P02937,A09791,2
P02937,A09792,3
P02937,A09793,4
P02937,A09794,5
P02938,A09795,1
P02938,A09796,2
P02938,A09797,3
P02938,A09798,4
P02938,A09799,5
P02938,A09800,6
P02938,A09801,7
P02939,A05052,2
P02939,A05056,3
P02939,A05446,5
P02939,A09802,1
P02939,A09803,4
P02940,A00447,2
P02940,A09439,1
P02941,A00717,3
P02941,A01797,1
P02941,A03406,2
P02941,A09804,4
P02942,A00605,1
P02942,A01064,7
P02942,A01477,5
P02942,A02690,14
P02942,A03527,8
P02942,A08474,3
P02942,A09805,2
P02942,A09806,4
P02942,A09807,6
P02942,A09808,9
P02942,A09809,10
P02942,A09810,11
P02942,A09811,12
P02942,A09812,13
P02942,A09813,15
P02942,A09814,16
P02942,A09815,17
P02943,A02252,10
P02943,A02253,9
P02943,A04699,4
P02943,A07996,7
P02943,A07997,5
P02943,A07998,2
P02943,A08012,1
P02943,A09816,3
P02943,A09817,6
P02943,A09818,8
P02944,A04460,2
P02944,A09819,1
P02944,A09820,3
P02944,A09821,4
P02945,A06797,2
P02945,A09822,1
P02945,A09823,3
P02945,A09824,4
P02945,A09825,5
P02945,A09826,6
P02945,A09827,7
P02946,A07042,5
P02946,A07043,1
P02946,A07045,10
P02946,A07046,9
P02946,A09828,2
P02946,A09829,3
P02946,A09830,4
P02946,A09831,6
P02946,A09832,7
P02946,A09833,8
P02946,A09834,11
P02946,A09835,12
P02946,A09836,13
P02946,A09837,14
P02946,A09838,15
P02946,A09839,16
P02946,A09840,17
P02947,A00820,1
P02947,A03808,3
P02947,A03809,2
P02947,A09841,4
P02948,A07467,2
P02948,A09842,1
P02948,A09843,3
P02948,A09844,4
P02949,A02600,3
P02949,A03432,5
P02949,A04136,2
P02949,A05629,1
P02949,A07280,4
P02949,A09845,6
P02950,A04073,186
P02950,A04123,185
P02950,A04864,84
P02950,A04888,221
P02950,A07060,137
P02950,A07116,196
P02950,A07117,218
P02950,A07118,47
P02950,A07120,194
P02950,A07121,22
P02950,A07122,103
P02950,A07123,90
P02950,A07124,10
P02950,A07125,171
P02950,A07581,220
P02950,A07582,151
P02950,A07583,188
P02950,A07584,1
P02950,A07585,48
P02950,A07586,95
P02950,A07588,182
P02950,A07589,131
P02950,A07591,199
P02950,A07592,118
P02950,A07593,5
P02950,A07594,139
P02950,A07595,193
P02950,A07596,19
P02950,A08059,230
P02950,A09440,38
P02950,A09441,115
P02950,A09442,130
P02950,A09443,162
P02950,A09444,166
P02950,A09445,167
P02950,A09544,99
P02950,A09545,109
P02950,A09546,203
P02950,A09547,198
P02950,A09549,214
P02950,A09550,67
P02950,A09551,92
P02950,A09552,197
P02950,A09553,93
P02950,A09554,157
P02950,A09555,210
P02950,A09560,110
P02950,A09561,181
P02950,A09562,236
P02950,A09846,2
P02950,A09847,3
P02950,A09848,4
P02950,A09849,6
P02950,A09850,7
P02950,A09851,8
P02950,A09852,9
P02950,A09853,11
P02950,A09854,12
P02950,A09855,13
P02950,A09856,14
P02950,A09857,15
P02950,A09858,16
P02950,A09859,17
P02950,A09860,18
P02950,A09861,20
P02950,A09862,21
P02950,A09863,23
P02950,A09864,24
P02950,A09865,25
P02950,A09866,26
P02950,A09867,27
P02950,A09868,28
P02950,A09869,29
P02950,A09870,30
P02950,A09871,31
P02950,A09872,32
P02950,A09873,33
P02950,A09874,34
P02950,A09875,35
P02950,A09876,36
P02950,A09877,37
P02950,A09878,39
P02950,A09879,40
P02950,A09880,41
P02950,A09881,42
P02950,A09882,43
P02950,A09883,44
P02950,A09884,45
P02950,A09885,46
P02950,A09886,49
P02950,A09887,50
P02950,A09888,51
P02950,A09889,52
P02950,A09890,53
P02950,A09891,54
P02950,A09892,55
P02950,A09893,56
P02950,A09894,57
P02950,A09895,58
P02950,A09896,59
P02950,A09897,60
P02950,A09898,61
P02950,A09899,62
P02950,A09900,63
P02950,A09901,64
P02950,A09902,65
P02950,A09903,66
P02950,A09904,68
P02950,A09905,69
P02950,A09906,70
P02950,A09907,71
P02950,A09908,72
P02950,A09909,73
P02950,A09910,74
P02950,A09911,75
P02950,A09912,76
P02950,A09913,77
P02950,A09914,78
P02950,A09915,79
P02950,A09916,80
P02950,A09917,81
P02950,A09918,82
P02950,A09919,83
P02950,A09920,85
P02950,A09921,86
P02950,A09922,87
P02950,A09923,88
P02950,A09924,89
P02950,A09925,91
P02950,A09926,94
P02950,A09927,96
P02950,A09928,97
P02950,A09929,98
P02950,A09930,100
P02950,A09931,101
P02950,A09932,102
P02950,A09933,104
P02950,A09934,105
P02950,A09935,106
P02950,A09936,107
P02950,A09937,108
P02950,A09938,111
P02950,A09939,112
P02950,A09940,113
P02950,A09941,114
P02950,A09942,116
P02950,A09943,117
P02950,A09944,119
P02950,A09945,120
P02950,A09946,121
P02950,A09947,122
P02950,A09948,123
P02950,A09949,124
P02950,A09950,125
P02950,A09951,126
P02950,A09952,127
P02950,A09953,128
P02950,A09954,129
P02950,A09955,132
P02950,A09956,133
P02950,A09957,134
P02950,A09958,135
P02950,A09959,136
P02950,A09960,138
P02950,A09961,140
P02950,A09962,141
P02950,A09963,142
P02950,A09964,143
P02950,A09965,144
P02950,A09966,145
P02950,A09967,146
P02950,A09968,147
P02950,A09969,148
P02950,A09970,149
P02950,A09971,150
P02950,A09972,152
P02950,A09973,153
P02950,A09974,154
P02950,A09975,155
P02950,A09976,156
P02950,A09977,158
P02950,A09978,159
P02950,A09979,160
P02950,A09980,161
P02950,A09981,163
P02950,A09982,164
P02950,A09983,165
P02950,A09984,168
P02950,A09985,169
P02950,A09986,170
P02950,A09987,172
P02950,A09988,173
P02950,A09989,174
P02950,A09990,175
P02950,A09991,176
P02950,A09992,177
P02950,A09993,178
P02950,A09994,179
P02950,A09995,180
P02950,A09996,183
P02950,A09997,184
P02950,A09998,187
P02950,A09999,189
P02950,A10000,190
P02950,A10001,191
P02950,A10002,192
P02950,A10003,195
P02950,A10004,200
P02950,A10005,201
P02950,A10006,202
P02950,A10007,204
P02950,A10008,205
P02950,A10009,206
P02950,A10010,207
P02950,A10011,208
P02950,A10012,209
P02950,A10013,211
P02950,A10014,212
P02950,A10015,213
P02950,A10016,215
P02950,A10017,216
P02950,A10018,217
P02950,A10019,219
P02950,A10020,222
P02950,A10021,223
P02950,A10022,224
P02950,A10023,225
P02950,A10024,226
P02950,A10025,227
P02950,A10026,228
P02950,A10027,229
P02950,A10028,231
P02950,A10029,232
P02950,A10030,233
P02950,A10031,234
P02950,A10032,235
P02950,A10033,237
P02950,A10034,238
P02951,A01028,2
P02951,A01681,5
P02951,A10035,1
P02951,A10036,3
P02951,A10037,4
P02952,A07266,2
P02952,A07267,3
P02952,A10038,1
P02953,A10039,1
P02953,A10040,2
P02954,A00570,6
P02954,A00805,7
P02954,A00843,9
P02954,A01737,4
P02954,A01823,8
P02954,A02464,3
P02954,A02600,1
P02954,A05176,2
P02954,A07877,5
P02955,A03255,3
P02955,A04545,2
P02955,A10041,1
P02956,A10042,1
P02956,A10043,2
P02956,A10044,3
P02957,A00001,2
P02957,A10045,1
P02957,A10046,3
P02957,A10047,4
P02958,A06933,2
P02958,A10048,1
P02959,A05605,4
P02959,A08329,1
P02959,A08330,3
P02959,A10049,2
P02960,A05543,2
P02960,A09365,7
P02960,A10050,1
P02960,A10051,3
P02960,A10052,4
P02960,A10053,5
P02960,A10054,6
P02960,A10055,8
P02960,A10056,9
P02960,A10057,10
P02960,A10058,11
P02961,A00066,5
P02961,A02350,4
P02961,A02716,1
P02961,A08404,3
P02961,A10059,2
P02961,A10060,6
P02961,A10061,7
P02962,A00028,2
P02962,A01294,3
P02962,A01572,8
P02962,A02567,7
P02962,A04088,1
P02962,A06977,6
P02962,A10062,4
P02962,A10063,5
P02963,A00431,8
P02963,A00849,2
P02963,A00905,3
P02963,A01325,4
P02963,A01601,7
P02963,A02218,6
P02963,A07075,5
P02963,A07623,1
P02964,A00300,7
P02964,A01517,1
P02964,A01596,5
P02964,A02104,6
P02964,A10064,2
P02964,A10065,3
P02964,A10066,4
P02964,A10067,8
P02965,A03213,3
P02965,A10068,1
P02965,A10069,2
P02966,A02125,2
P02966,A02217,3
P02966,A02407,4
P02966,A03671,1
P02967,A00506,1
P02967,A02461,6
P02967,A03422,4
P02967,A03934,5
P02967,A05492,2
P02967,A05503,3
P02967,A10070,7
P02968,A07403,5
P02968,A10071,1
P02968,A10072,2
P02968,A10073,3
P02968,A10074,4
P02968,A10075,6
P02968,A10076,7
P02969,A00290,4
P02969,A01227,3
P02969,A03450,8
P02969,A03527,2
P02969,A05529,6
P02969,A06977,1
P02969,A08038,5
P02969,A09808,7
P02969,A10077,9
P02969,A10078,10
P02970,A04073,7
P02970,A05611,16
P02970,A06832,26
P02970,A06836,11
P02970,A10079,1
P02970,A10080,2
P02970,A10081,3
P02970,A10082,4
P02970,A10083,5
P02970,A10084,6
P02970,A10085,8
P02970,A10086,9
P02970,A10087,10
P02970,A10088,12
P02970,A10089,13
P02970,A10090,14
P02970,A10091,15
P02970,A10092,17
P02970,A10093,18
P02970,A10094,19
P02970,A10095,20
P02970,A10096,21
P02970,A10097,22
P02970,A10098,23
P02970,A10099,24
P02970,A10100,25
P02970,A10101,27
P02970,A10102,28
P02970,A10103,29
P02970,A10104,30
P02971,A08262,1
P02971,A10105,2
P02972,A00629,3
P02972,A10106,1
P02972,A10107,2
P02973,A10108,1
P02973,A10109,2
P02973,A10110,3
P02973,A10111,4
P02973,A10112,5
P02974,A10113,1
P02974,A10114,2
P02974,A10115,3
P02974,A10116,4
P02974,A10117,5
P02974,A10118,6
P02975,A01983,4
P02975,A05233,1
P02975,A08431,3
P02975,A10119,2
P02975,A10120,5
P02976,A03795,5
P02976,A04489,4
P02976,A04650,6
P02976,A05290,2
P02976,A05292,3
P02976,A10121,1
P02977,A01596,2
P02977,A08032,1
P02978,A01596,2
P02978,A05121,4
P02978,A07016,3
P02978,A10122,1
P02978,A10123,5
P02979,A04815,4
P02979,A04987,5
P02979,A07515,2
P02979,A07516,3
P02979,A07517,1
P02980,A03795,2
P02980,A05296,1
P02981,A00819,6
P02981,A02601,4
P02981,A04268,3
P02981,A04994,2
P02981,A10124,1
P02981,A10125,5
P02981,A10126,7
P02982,A00562,3
P02982,A02243,4
P02982,A02846,1
P02982,A10127,2
P02983,A01299,2
P02983,A01404,4
P02983,A02034,5
P02983,A02534,3
P02983,A09656,1
P02984,A00299,1
P02984,A00843,2
P02985,A00432,8
P02985,A01821,4
P02985,A01991,6
P02985,A03954,7
P02985,A04489,3
P02985,A04577,1
P02985,A06980,9
P02985,A08608,5
P02985,A10128,2
P02986,A01529,4
P02986,A03522,5
P02986,A09107,1
P02986,A09108,2
P02986,A09110,7
P02986,A10129,3
P02986,A10130,6
P02987,A04500,2
P02987,A04503,4
P02987,A10131,1
P02987,A10132,3
P02987,A10133,5
P02987,A10134,6
P02987,A10135,7
P02988,A00614,4
P02988,A02987,1
P02988,A10136,2
P02988,A10137,3
P02989,A04896,2
P02989,A04899,1
P02989,A05472,4
P02989,A10138,3
P02990,A04073,190
P02990,A04123,13
P02990,A04864,98
P02990,A04888,17
P02990,A07060,1
P02990,A07116,199
P02990,A07117,220
P02990,A07118,62
P02990,A07120,198
P02990,A07121,38
P02990,A07122,117
P02990,A07123,104
P02990,A07124,27
P02990,A07125,177
P02990,A07581,16
P02990,A07582,160
P02990,A07583,192
P02990,A07584,94
P02990,A07585,63
P02990,A07586,109
P02990,A07588,187
P02990,A07589,143
P02990,A07591,202
P02990,A07592,131
P02990,A07593,22
P02990,A07594,2
P02990,A07595,197
P02990,A07596,3
P02990,A08059,18
P02990,A09440,6
P02990,A09441,9
P02990,A09442,142
P02990,A09443,170
P02990,A09444,174
P02990,A09445,5
P02990,A09544,113
P02990,A09545,123
P02990,A09546,206
P02990,A09547,201
P02990,A09549,216
P02990,A09550,82
P02990,A09551,106
P02990,A09552,200
P02990,A09553,107
P02990,A09554,165
P02990,A09555,213
P02990,A09560,124
P02990,A09561,186
P02990,A09562,235
P02990,A09846,19
P02990,A09847,20
P02990,A09848,21
P02990,A09849,23
P02990,A09850,24
P02990,A09851,25
P02990,A09852,26
P02990,A09853,28
P02990,A09855,30
P02990,A09856,31
P02990,A09857,32
P02990,A09858,33
P02990,A09859,34
P02990,A09860,35
P02990,A09861,36
P02990,A09862,37
P02990,A09863,39
P02990,A09864,40
P02990,A09865,41
P02990,A09866,42
P02990,A09867,43
P02990,A09868,44
P02990,A09869,45
P02990,A09870,46
P02990,A09871,47
P02990,A09872,48
P02990,A09873,49
P02990,A09874,50
P02990,A09875,51
P02990,A09876,52
P02990,A09877,53
P02990,A09878,54
P02990,A09879,55
P02990,A09880,56
P02990,A09881,57
P02990,A09882,58
P02990,A09883,59
P02990,A09884,60
P02990,A09885,61
P02990,A09886,64
P02990,A09887,65
P02990,A09888,66
P02990,A09889,67
P02990,A09890,68
P02990,A09891,69
P02990,A09892,70
P02990,A09893,71
P02990,A09894,72
P02990,A09895,73
P02990,A09896,74
P02990,A09897,75
P02990,A09898,76
P02990,A09899,77
P02990,A09900,78
P02990,A09901,79
P02990,A09902,80
P02990,A09903,81
P02990,A09904,83
P02990,A09905,84
P02990,A09906,85
P02990,A09907,86
P02990,A09908,87
P02990,A09909,7
P02990,A09910,88
P02990,A09911,89
P02990,A09912,90
P02990,A09913,91
P02990,A09914,92
P02990,A09915,93
P02990,A09916,8
P02990,A09917,95
P02990,A09918,96
P02990,A09919,97
P02990,A09920,99
P02990,A09921,100
P02990,A09922,101
P02990,A09923,102
P02990,A09924,103
P02990,A09925,105
P02990,A09926,108
P02990,A09927,110
P02990,A09928,111
P02990,A09929,112
P02990,A09930,114
P02990,A09931,115
P02990,A09932,116
P02990,A09933,118
P02990,A09934,119
P02990,A09935,120
P02990,A09936,121
P02990,A09937,122
P02990,A09938,125
P02990,A09939,126
P02990,A09940,127
P02990,A09941,128
P02990,A09942,129
P02990,A09943,130
P02990,A09944,132
P02990,A09945,133
P02990,A09946,134
P02990,A09947,135
P02990,A09948,136
P02990,A09949,137
P02990,A09950,4
P02990,A09951,138
P02990,A09952,139
P02990,A09953,140
P02990,A09954,141
P02990,A09955,144
P02990,A09956,145
P02990,A09957,146
P02990,A09958,147
P02990,A09959,10
P02990,A09960,148
P02990,A09961,149
P02990,A09962,150
P02990,A09963,151
P02990,A09964,152
P02990,A09965,153
P02990,A09966,154
P02990,A09967,155
P02990,A09968,156
P02990,A09969,157
P02990,A09970,158
P02990,A09971,159
P02990,A09973,161
P02990,A09974,162
P02990,A09975,163
P02990,A09976,164
P02990,A09977,166
P02990,A09978,167
P02990,A09979,168
P02990,A09980,169
P02990,A09981,171
P02990,A09982,172
P02990,A09983,173
P02990,A09984,175
P02990,A09985,176
P02990,A09986,11
P02990,A09987,178
P02990,A09988,179
P02990,A09989,180
P02990,A09990,181
P02990,A09991,182
P02990,A09992,183
P02990,A09993,184
P02990,A09994,185
P02990,A09995,12
P02990,A09996,188
P02990,A09997,189
P02990,A09998,191
P02990,A09999,193
P02990,A10000,194
P02990,A10001,195
P02990,A10002,196
P02990,A10003,14
P02990,A10004,203
P02990,A10005,204
P02990,A10006,205
P02990,A10007,207
P02990,A10008,208
P02990,A10009,209
P02990,A10010,210
P02990,A10011,211
P02990,A10012,212
P02990,A10013,214
P02990,A10014,15
P02990,A10015,215
P02990,A10016,217
P02990,A10017,218
P02990,A10018,219
P02990,A10019,221
P02990,A10020,222
P02990,A10021,223
P02990,A10022,224
P02990,A10023,225
P02990,A10024,226
P02990,A10025,227
P02990,A10026,228
P02990,A10027,229
P02990,A10028,230
P02990,A10029,231
P02990,A10030,232
P02990,A10031,233
P02990,A10032,234
P02990,A10033,236
P02990,A10034,237
P02990,A10139,29
P02991,A03816,18
P02991,A03817,7
P02991,A03818,8
P02991,A03820,9
P02991,A03821,10
P02991,A03822,11
P02991,A03823,12
P02991,A03824,13
P02991,A03825,14
P02991,A03831,2
P02991,A03833,16
P02991,A03836,17
P02991,A03838,19
P02991,A03839,20
P02991,A03840,22
P02991,A03843,25
P02991,A03844,26
P02991,A03845,27
P02991,A03846,28
P02991,A03851,29
P02991,A03854,31
P02991,A03855,32
P02991,A03857,33
P02991,A03858,34
P02991,A03864,36
P02991,A03866,38
P02991,A03867,39
P02991,A03870,40
P02991,A03871,41
P02991,A03873,42
P02991,A03877,44
P02991,A03878,45
P02991,A03880,46
P02991,A03881,47
P02991,A03882,48
P02991,A03962,43
P02991,A07376,5
P02991,A07378,23
P02991,A07379,24
P02991,A07384,30
P02991,A07386,1
P02991,A07387,35
P02991,A07390,37
P02991,A07393,6
P02991,A07992,4
P02991,A10140,3
P02991,A10141,15
P02991,A10142,21
P02992,A07410,2
P02992,A07411,5
P02992,A07412,1
P02992,A07413,7
P02992,A07414,4
P02992,A07415,3
P02992,A10143,6
P02992,A10144,8
P02993,A01773,4
P02993,A02009,1
P02993,A03966,3
P02993,A05638,5
P02993,A07744,2
P02994,A01511,10
P02994,A01739,6
P02994,A02255,7
P02994,A04699,11
P02994,A10145,1
P02994,A10146,2
P02994,A10147,3
P02994,A10148,4
P02994,A10149,5
P02994,A10150,8
P02994,A10151,9
P02994,A10152,12
P02994,A10153,13
P02994,A10154,14
P02994,A10155,15
P02995,A00475,5
P02995,A01821,4
P02995,A03432,7
P02995,A09493,6
P02995,A10156,1
P02995,A10157,2
P02995,A10158,3
P02996,A03219,3
P02996,A10159,1
P02996,A10160,2
P02997,A00562,4
P02997,A02126,2
P02997,A04380,7
P02997,A04843,1
P02997,A04844,5
P02997,A04845,3
P02997,A08545,6
P02998,A08375,1
P02998,A09721,2
P02998,A10161,3
P02999,A07583,2
P02999,A09929,4
P02999,A10007,1
P02999,A10162,3
P02999,A10163,5
P03000,A01442,7
P03000,A01678,6
P03000,A02146,5
P03000,A05296,1
P03000,A06951,2
P03000,A10164,3
P03000,A10165,4
P03001,A02125,2
P03001,A04238,3
P03001,A08429,1
P03001,A10166,4
P03001,A10167,5
P03002,A10168,1
P03002,A10169,2
P03002,A10170,3
P03002,A10171,4
P03002,A10172,5
P03002,A10173,6
P03002,A10174,7
P03002,A10175,8
P03002,A10176,9
P03003,A00272,2
P03003,A08440,3
P03003,A10177,1
P03004,A10178,1
P03004,A10179,2
P03004,A10180,3
P03004,A10181,4
P03004,A10182,5
P03004,A10183,6
P03004,A10184,7
P03004,A10185,8
P03005,A00150,2
P03005,A03478,3
P03005,A10186,1
P03005,A10187,4
P03006,A00006,5
P03006,A04078,3
P03006,A04617,6
P03006,A10188,1
P03006,A10189,2
P03006,A10190,4
P03006,A10191,7
P03007,A01404,4
P03007,A08166,1
P03007,A10192,2
P03007,A10193,3
P03008,A00668,5
P03008,A00723,2
P03008,A00795,9
P03008,A01309,8
P03008,A01499,1
P03008,A01832,10
P03008,A02034,7
P03008,A03422,6
P03008,A08500,3
P03008,A10194,4
P03009,A04397,3
P03009,A10195,1
P03009,A10196,2
P03010,A05292,2
P03010,A05605,3
P03010,A10197,1
P03010,A10198,4
P03010,A10199,5
P03010,A10200,6
P03011,A03074,2
P03011,A06936,4
P03011,A08525,1
P03011,A10201,3
P03012,A00570,5
P03012,A00805,6
P03012,A00819,2
P03012,A02464,4
P03012,A02600,1
P03012,A07027,3
P03013,A03565,1
P03013,A08077,3
P03013,A08292,2
P03014,A10202,1
P03015,A00622,6
P03015,A04478,3
P03015,A04480,4
P03015,A04815,2
P03015,A05487,1
P03015,A07600,7
P03015,A07879,5
P03016,A05611,14
P03016,A07632,12
P03016,A09465,6
P03016,A09472,11
P03016,A10203,1
P03016,A10204,2
P03016,A10205,3
P03016,A10206,4
P03016,A10207,5
P03016,A10208,7
P03016,A10209,8
P03016,A10210,9
P03016,A10211,10
P03016,A10212,13
P03016,A10213,15
P03016,A10214,16
P03016,A10215,17
P03016,A10216,18
P03017,A00622,6
P03017,A02147,3
P03017,A02717,11
P03017,A03403,7
P03017,A05201,4
P03017,A05396,15
P03017,A05403,16
P03017,A08534,9
P03017,A10125,5
P03017,A10217,1
P03017,A10218,2
P03017,A10219,8
P03017,A10220,10
P03017,A10221,12
P03017,A10222,13
P03017,A10223,14
P03018,A00824,6
P03018,A10224,1
P03018,A10225,2
P03018,A10226,3
P03018,A10227,4
P03018,A10228,5
P03018,A10229,7
P03019,A00824,2
P03019,A10224,1
P03019,A10225,3
P03019,A10226,4
P03019,A10228,6
P03019,A10229,8
P03019,A10230,5
P03019,A10231,7
P03020,A00824,7
P03020,A10224,1
P03020,A10225,2
P03020,A10226,3
P03020,A10228,5
P03020,A10229,6
P03020,A10230,4
P03021,A08208,3
P03021,A08213,4
P03021,A10232,1
P03021,A10233,2
P03022,A00015,9
P03022,A01152,3
P03022,A03448,4
P03022,A09340,10
P03022,A10234,1
P03022,A10235,2
P03022,A10236,5
P03022,A10237,6
P03022,A10238,7
P03022,A10239,8
P03022,A10240,11
P03022,A10241,12
P03023,A00754,16
P03023,A01314,10
P03023,A01475,12
P03023,A01483,6
P03023,A01484,7
P03023,A02199,17
P03023,A02308,4
P03023,A02351,18
P03023,A02416,5
P03023,A02600,2
P03023,A03190,13
P03023,A03221,3
P03023,A03954,19
P03023,A03955,20
P03023,A05094,14
P03023,A05098,15
P03023,A05398,11
P03023,A05403,8
P03023,A10242,1
P03023,A10243,9
P03024,A10179,4
P03024,A10244,1
P03024,A10245,2
P03024,A10246,3
P03024,A10247,5
P03024,A10248,6
P03024,A10249,7
P03024,A10250,8
P03025,A07581,2
P03025,A07586,5
P03025,A09550,4
P03025,A09889,6
P03025,A10017,1
P03025,A10251,3
P03026,A00081,5
P03026,A00791,2
P03026,A03542,4
P03026,A03599,6
P03026,A09167,3
P03026,A10252,1
P03027,A00006,5
P03027,A00081,10
P03027,A00314,9
P03027,A02512,3
P03027,A03253,4
P03027,A03596,11
P03027,A03943,8
P03027,A05043,1
P03027,A05297,7
P03027,A07050,6
P03027,A10253,2
P03028,A09156,1
P03028,A10254,2
P03028,A10255,3
P03028,A10256,4
P03028,A10257,5
P03028,A10258,6
P03028,A10259,7
P03029,A06800,2
P03029,A10260,1
P03029,A10261,3
P03029,A10262,4
P03029,A10263,5
P03029,A10264,6
P03029,A10265,7
P03029,A10266,8
P03029,A10267,9
P03030,A00562,4
P03030,A02243,5
P03030,A02846,1
P03030,A04723,3
P03030,A10127,2
P03031,A00819,3
P03031,A00843,9
P03031,A00892,8
P03031,A02600,1
P03031,A03092,4
P03031,A03221,5
P03031,A03954,6
P03031,A03955,7
P03031,A09746,2
P03032,A00353,4
P03032,A00524,19
P03032,A01280,1
P03032,A01974,14
P03032,A01975,7
P03032,A02182,3
P03032,A02193,23
P03032,A03012,22
P03032,A03014,13
P03032,A03116,12
P03032,A05361,8
P03032,A05447,10
P03032,A06200,28
P03032,A10268,2
P03032,A10269,5
P03032,A10270,6
P03032,A10271,9
P03032,A10272,11
P03032,A10273,15
P03032,A10274,16
P03032,A10275,17
P03032,A10276,18
P03032,A10277,20
P03032,A10278,21
P03032,A10279,24
P03032,A10280,25
P03032,A10281,26
P03032,A10282,27
P03033,A00890,13
P03033,A02569,8
P03033,A03998,6
P03033,A04001,12
P03033,A05027,2
P03033,A07572,5
P03033,A07573,1
P03033,A09764,3
P03033,A09765,7
P03033,A09766,10
P03033,A09767,14
P03033,A09768,9
P03033,A10283,4
P03033,A10284,11
P03034,A05452,2
P03034,A07808,3
P03034,A10285,1
P03034,A10286,4
P03035,A04792,1
P03035,A10287,2
P03035,A10288,3
P03035,A10289,4
P03036,A00066,7
P03036,A02125,6
P03036,A05285,3
P03036,A05451,2
P03036,A05602,5
P03036,A07739,4
P03036,A10290,1
P03037,A00231,3
P03037,A00819,5
P03037,A01206,8
P03037,A01821,4
P03037,A07541,1
P03037,A07542,2
P03037,A07543,6
P03037,A07544,9
P03037,A10291,7
P03038,A01534,6
P03038,A03389,4
P03038,A03999,7
P03038,A05237,8
P03038,A08357,1
P03038,A08358,3
P03038,A10292,2
P03038,A10293,5
P03039,A10294,1
P03039,A10295,2
P03040,A00328,2
P03040,A07748,1
P03040,A10296,3
P03040,A10297,4
P03041,A01504,2
P03041,A04179,1
P03041,A04787,5
P03041,A10298,3
P03041,A10299,4
P03042,A05080,4
P03042,A05082,2
P03042,A06941,3
P03042,A06942,5
P03042,A10300,1
P03043,A00614,2
P03043,A07284,1
P03044,A02843,3
P03044,A03795,2
P03044,A04323,4
P03044,A05548,1
P03045,A02578,3
P03045,A10301,1
P03045,A10302,2
P03045,A10303,4
P03045,A10304,5
P03045,A10305,6
P03045,A10306,7
P03045,A10307,8
P03046,A02464,1
P03046,A03131,2
P03047,A01309,9
P03047,A01983,4
P03047,A04143,7
P03047,A06875,8
P03047,A06959,5
P03047,A09528,1
P03047,A10308,2
P03047,A10309,3
P03047,A10310,6
P03047,A10311,10
P03047,A10312,11
P03047,A10313,12
P03048,A08010,3
P03048,A10314,1
P03048,A10315,2
P03048,A10316,4
P03048,A10317,5
P03049,A00614,3
P03049,A01233,2
P03049,A01447,4
P03049,A02843,1
P03050,A00570,15
P03050,A01447,14
P03050,A02555,1
P03050,A03130,13
P03050,A03940,12
P03050,A05100,11
P03050,A07074,3
P03050,A10318,2
P03050,A10319,4
P03050,A10320,5
P03050,A10321,6
P03050,A10322,7
P03050,A10323,8
P03050,A10324,9
P03050,A10325,10
P03050,A10326,16
P03051,A00662,14
P03051,A00788,26
P03051,A00827,1
P03051,A00890,25
P03051,A01272,11
P03051,A01280,4
P03051,A01297,7
P03051,A01532,6
P03051,A01560,15
P03051,A01974,10
P03051,A02140,27
P03051,A02182,12
P03051,A03011,17
P03051,A03012,13
P03051,A03014,9
P03051,A03116,3
P03051,A03724,2
P03051,A03735,29
P03051,A05420,23
P03051,A05447,8
P03051,A07939,20
P03051,A10327,5
P03051,A10328,16
P03051,A10329,18
P03051,A10330,19
P03051,A10331,21
P03051,A10332,22
P03051,A10333,24
P03051,A10334,28
P03052,A00130,6
P03052,A00263,5
P03052,A00709,2
P03052,A07579,1
P03052,A07580,3
P03052,A10335,4
P03053,A10336,1
P03053,A10337,2
P03053,A10338,3
P03054,A00314,27
P03054,A00805,1
P03054,A01023,14
P03054,A01377,11
P03054,A01986,8
P03054,A02223,7
P03054,A02294,6
P03054,A04267,9
P03054,A04994,10
P03054,A05236,5
P03054,A09159,17
P03054,A09166,24
P03054,A10339,2
P03054,A10340,3
P03054,A10341,4
P03054,A10342,12
P03054,A10343,13
P03054,A10344,15
P03054,A10345,16
P03054,A10346,18
P03054,A10347,19
P03054,A10348,20
P03054,A10349,21
P03054,A10350,22
P03054,A10351,23
P03054,A10352,25
P03054,A10353,26
P03054,A10354,28
P03054,A10355,29
P03054,A10356,30
P03054,A10357,31
P03054,A10358,32
P03054,A10359,33
P03054,A10360,34
P03054,A10361,35
P03054,A10362,36
P03054,A10363,37
P03054,A10364,38
P03054,A10365,39
P03054,A10366,40
P03054,A10367,41
P03054,A10368,42
P03054,A10369,43
P03054,A10370,44
P03054,A10371,45
P03054,A10372,46
P03054,A10373,47
P03054,A10374,48
P03054,A10375,49
P03054,A10376,50
P03054,A10377,51
P03054,A10378,52
P03054,A10379,53
P03054,A10380,54
P03054,A10381,55
P03054,A10382,56
P03054,A10383,57
P03054,A10384,58
P03054,A10385,59
P03054,A10386,60
P03054,A10387,61
P03054,A10388,62
P03054,A10389,63
P03054,A10390,64
P03054,A10391,65
P03054,A10392,66
P03054,A10393,67
P03054,A10394,68
P03054,A10395,69
P03054,A10396,70
P03054,A10397,71
P03054,A10398,72
P03054,A10399,73
P03054,A10400,74
P03054,A10401,75
P03054,A10402,76
P03054,A10403,77
P03054,A10404,78
P03054,A10405,79
P03054,A10406,80
P03054,A10407,81
P03054,A10408,82
P03055,A00431,5
P03055,A00507,7
P03055,A01823,6
P03055,A04346,2
P03055,A07285,1
P03055,A09493,3
P03055,A09494,4
P03056,A10409,1
P03056,A10410,2
P03056,A10411,3
P03056,A10412,4
P03056,A10413,5
P03056,A10414,6
P03056,A10415,7
P03056,A10416,8
P03056,A10417,9
P03056,A10418,10
P03057,A01511,3
P03057,A02391,4
P03057,A04913,1
P03057,A04914,8
P03057,A10419,2
P03057,A10420,5
P03057,A10421,6
P03057,A10422,7
P03058,A10423,1
P03058,A10424,2
P03059,A02148,2
P03059,A06959,5
P03059,A07027,4
P03059,A10425,1
P03059,A10426,3
P03059,A10427,6
P03059,A10428,7
P03059,A10429,8
P03059,A10430,9
P03059,A10431,10
P03059,A10432,11
P03059,A10433,12
P03060,A07549,6
P03060,A07550,7
P03060,A07567,5
P03060,A07569,3
P03060,A10434,1
P03060,A10435,2
P03060,A10436,4
P03060,A10437,8
P03061,A04931,3
P03061,A04932,4
P03061,A10438,1
P03061,A10439,2
P03061,A10440,5
P03062,A07549,2
P03062,A07550,1
P03062,A07552,5
P03062,A07555,14
P03062,A07558,9
P03062,A07559,6
P03062,A07560,10
P03062,A07562,11
P03062,A07566,8
P03062,A07567,4
P03062,A07569,3
P03062,A10435,7
P03062,A10441,12
P03062,A10442,13
P03063,A04931,6
P03063,A04932,4
P03063,A10438,1
P03063,A10439,3
P03063,A10443,2
P03063,A10444,5
P03064,A07549,3
P03064,A07567,4
P03064,A07569,2
P03064,A10434,1
P03064,A10435,5
P03065,A00562,2
P03065,A03408,1
P03065,A05579,4
P03065,A08161,3
P03066,A05222,4
P03066,A07353,19
P03066,A08610,3
P03066,A08611,11
P03066,A08612,12
P03066,A08613,13
P03066,A08614,15
P03066,A08616,6
P03066,A08617,8
P03066,A08618,14
P03066,A08619,1
P03066,A08620,2
P03066,A08621,5
P03066,A08622,10
P03066,A08625,7
P03066,A08627,17
P03066,A08632,18
P03066,A08633,16
P03066,A08646,21
P03066,A08771,20
P03066,A09663,9
P03067,A04123,26
P03067,A07060,18
P03067,A07123,12
P03067,A07589,17
P03067,A07591,27
P03067,A07594,19
P03067,A07596,10
P03067,A09440,9
P03067,A09441,1
P03067,A09442,16
P03067,A09443,22
P03067,A09445,23
P03067,A09553,3
P03067,A09852,7
P03067,A09864,8
P03067,A09883,6
P03067,A09896,5
P03067,A09909,2
P03067,A09912,4
P03067,A09932,14
P03067,A09950,15
P03067,A09972,20
P03067,A09989,24
P03067,A09992,25
P03067,A10029,29
P03067,A10445,11
P03067,A10446,13
P03067,A10447,21
P03067,A10448,28
P03068,A00788,9
P03068,A08614,2
P03068,A10449,1
P03068,A10450,3
P03068,A10451,4
P03068,A10452,5
P03068,A10453,6
P03068,A10454,7
P03068,A10455,8
P03068,A10456,10
P03068,A10457,11
P03068,A10458,12
P03069,A00487,100
P03069,A00649,81
P03069,A00676,78
P03069,A00690,1
P03069,A00696,13
P03069,A00754,4
P03069,A00867,2
P03069,A01088,26
P03069,A01099,3
P03069,A01100,97
P03069,A01111,56
P03069,A01209,5
P03069,A02154,60
P03069,A02403,90
P03069,A02426,12
P03069,A03011,93
P03069,A03117,103
P03069,A03701,91
P03069,A03703,61
P03069,A04078,85
P03069,A04283,69
P03069,A05356,63
P03069,A05413,16
P03069,A05431,104
P03069,A06644,39
P03069,A09729,98
P03069,A10459,6
P03069,A10460,7
P03069,A10461,8
P03069,A10462,9
P03069,A10463,10
P03069,A10464,11
P03069,A10465,14
P03069,A10466,15
P03069,A10467,17
P03069,A10468,18
P03069,A10469,19
P03069,A10470,20
P03069,A10471,21
P03069,A10472,22
P03069,A10473,23
P03069,A10474,24
P03069,A10475,25
P03069,A10476,27
P03069,A10477,28
P03069,A10478,29
P03069,A10479,30
P03069,A10480,31
P03069,A10481,32
P03069,A10482,33
P03069,A10483,34
P03069,A10484,35
P03069,A10485,36
P03069,A10486,37
P03069,A10487,38
P03069,A10488,40
P03069,A10489,41
P03069,A10490,42
P03069,A10491,43
P03069,A10492,44
P03069,A10493,45
P03069,A10494,46
P03069,A10495,47
P03069,A10496,48
P03069,A10497,49
P03069,A10498,50
P03069,A10499,51
P03069,A10500,52
P03069,A10501,53
P03069,A10502,54
P03069,A10503,55
P03069,A10504,57
P03069,A10505,58
P03069,A10506,59
P03069,A10507,62
P03069,A10508,64
P03069,A10509,65
P03069,A10510,66
P03069,A10511,67
P03069,A10512,68
P03069,A10513,70
P03069,A10514,71
P03069,A10515,72
P03069,A10516,73
P03069,A10517,74
P03069,A10518,75
P03069,A10519,76
P03069,A10520,77
P03069,A10521,79
P03069,A10522,80
P03069,A10523,82
P03069,A10524,83
P03069,A10525,84
P03069,A10526,86
P03069,A10527,87
P03069,A10528,88
P03069,A10529,89
P03069,A10530,92
P03069,A10531,94
P03069,A10532,95
P03069,A10533,96
P03069,A10534,99
P03069,A10535,101
P03069,A10536,102
P03069,A10537,105
P03069,A10538,106
P03070,A08152,4
P03070,A08153,3
P03070,A08154,6
P03070,A08155,2
P03070,A10539,1
P03070,A10540,5
P03070,A10541,7
P03071,A07764,2
P03071,A10542,1
P03071,A10543,3
P03072,A00614,7
P03072,A01447,6
P03072,A01751,8
P03072,A01989,1
P03072,A02569,4
P03072,A03998,5
P03072,A05121,9
P03072,A10544,2
P03072,A10545,3
P03073,A03808,10
P03073,A03809,9
P03073,A03810,3
P03073,A07185,2
P03073,A07295,6
P03073,A07676,4
P03073,A10546,1
P03073,A10547,5
P03073,A10548,7
P03073,A10549,8
P03073,A10550,11
P03073,A10551,12
P03073,A10552,13
P03073,A10553,14
P03074,A05537,3
P03074,A05543,1
P03074,A10554,2
P03074,A10555,4
P03074,A10556,5
P03075,A03570,1
P03075,A03571,11
P03075,A03572,3
P03075,A03577,6
P03075,A03578,2
P03075,A03579,4
P03075,A03586,7
P03075,A04666,10
P03075,A10557,5
P03075,A10558,8
P03075,A10559,9
P03075,A10560,12
P03075,A10561,13
P03075,A10562,14
P03076,A09456,3
P03076,A09577,6
P03076,A10563,1
P03076,A10564,2
P03076,A10565,4
P03076,A10566,5
P03076,A10567,7
P03076,A10568,8
P03077,A00570,4
P03077,A00805,5
P03077,A02600,1
P03077,A03044,3
P03077,A03168,8
P03077,A03954,6
P03077,A03955,7
P03077,A10569,2
P03078,A01991,2
P03078,A04555,5
P03078,A05628,3
P03078,A08529,1
P03078,A10570,4
P03079,A10571,1
P03079,A10572,2
P03080,A10573,1
P03080,A10574,2
P03080,A10575,3
P03081,A00006,1
P03081,A01832,6
P03081,A02066,7
P03081,A02661,4
P03081,A04976,3
P03081,A05124,5
P03081,A10576,2
P03081,A10577,8
P03082,A10578,1
P03082,A10579,2
P03082,A10580,3
P03082,A10581,4
P03082,A10582,5
P03082,A10583,6
P03082,A10584,7
P03083,A03421,5
P03083,A03432,3
P03083,A07537,7
P03083,A09608,2
P03083,A10585,1
P03083,A10586,4
P03083,A10587,6
P03083,A10588,8
P03084,A00843,4
P03084,A01228,3
P03084,A04791,1
P03084,A10589,2
P03085,A02545,9
P03085,A09491,5
P03085,A10590,1
P03085,A10591,2
P03085,A10592,3
P03085,A10593,4
P03085,A10594,6
P03085,A10595,7
P03085,A10596,8
P03086,A01801,14
P03086,A05244,10
P03086,A08516,16
P03086,A10597,1
P03086,A10598,2
P03086,A10599,3
P03086,A10600,4
P03086,A10601,5
P03086,A10602,6
P03086,A10603,7
P03086,A10604,8
P03086,A10605,9
P03086,A10606,11
P03086,A10607,12
P03086,A10608,13
P03086,A10609,15
P03086,A10610,17
P03086,A10611,18
P03086,A10612,19
P03087,A10613,1
P03087,A10614,2
P03087,A10615,3
P03087,A10616,4
P03087,A10617,5
P03087,A10618,6
P03088,A00824,6
P03088,A02308,3
P03088,A05247,1
P03088,A08496,4
P03088,A10619,2
P03088,A10620,5
P03088,A10621,7
P03089,A00066,6
P03089,A02125,2
P03089,A02407,3
P03089,A02921,7
P03089,A03532,5
P03089,A04238,9
P03089,A04239,8
P03089,A09337,1
P03089,A09339,4
P03090,A04559,3
P03090,A08646,10
P03090,A08672,5
P03090,A08764,9
P03090,A08771,7
P03090,A08825,8
P03090,A09030,6
P03090,A09035,1
P03090,A09079,4
P03090,A09080,2
P03091,A07746,1
P03091,A07747,4
P03091,A10622,2
P03091,A10623,3
P03092,A01421,3
P03092,A01440,5
P03092,A01449,4
P03092,A08399,2
P03092,A09579,1
P03093,A00081,2
P03093,A00723,8
P03093,A01183,4
P03093,A03248,5
P03093,A03422,7
P03093,A03527,1
P03093,A04994,11
P03093,A05505,10
P03093,A08409,9
P03093,A10624,3
P03093,A10625,6
P03094,A05215,3
P03094,A10626,1
P03094,A10627,2
P03094,A10628,4
P03094,A10629,5
P03095,A00562,3
P03095,A02243,4
P03095,A02846,1
P03095,A10127,2
P03096,A00562,2
P03096,A02244,7
P03096,A03408,3
P03096,A03415,5
P03096,A05579,4
P03096,A07544,1
P03096,A10630,6
P03097,A10631,1
P03097,A10632,2
P03097,A10633,3
P03097,A10634,4
P03098,A00001,3
P03098,A00082,4
P03098,A03477,2
P03098,A03478,5
P03098,A06995,9
P03098,A09725,1
P03098,A10635,6
P03098,A10636,7
P03098,A10637,8
P03099,A00541,2
P03099,A02308,5
P03099,A04412,6
P03099,A08187,3
P03099,A10620,1
P03099,A10638,4
P03100,A08360,28
P03100,A08361,29
P03100,A08367,23
P03100,A08371,31
P03100,A08630,20
P03100,A08670,10
P03100,A08757,27
P03100,A08896,11
P03100,A08907,14
P03100,A08966,22
P03100,A09660,24
P03100,A09673,25
P03100,A10639,1
P03100,A10640,2
P03100,A10641,3
P03100,A10642,4
P03100,A10643,5
P03100,A10644,6
P03100,A10645,7
P03100,A10646,8
P03100,A10647,9
P03100,A10648,12
P03100,A10649,13
P03100,A10650,15
P03100,A10651,16
P03100,A10652,17
P03100,A10653,18
P03100,A10654,19
P03100,A10655,21
P03100,A10656,26
P03100,A10657,30
P03101,A08359,12
P03101,A08360,11
P03101,A08361,10
P03101,A08362,15
P03101,A08371,19
P03101,A08630,9
P03101,A08635,17
P03101,A08757,13
P03101,A09061,16
P03101,A10639,8
P03101,A10640,6
P03101,A10641,4
P03101,A10642,3
P03101,A10643,5
P03101,A10649,7
P03101,A10650,18
P03101,A10656,14
P03101,A10658,1
P03101,A10659,2
P03102,A10660,1
P03102,A10661,2
P03102,A10662,3
P03102,A10663,4
P03103,A05105,6
P03103,A09457,1
P03103,A09458,4
P03103,A09459,2
P03103,A09460,3
P03103,A10664,5
P03104,A10665,1
P03104,A10666,2
P03105,A10665,1
P03105,A10666,2
P03106,A03404,4
P03106,A05403,3
P03106,A08429,1
P03106,A08430,2
P03106,A10166,7
P03106,A10167,8
P03106,A10667,5
P03106,A10668,6
P03106,A10669,9
P03106,A10670,10
P03107,A00417,1
P03107,A00840,2
P03108,A00614,6
P03108,A01233,4
P03108,A01447,8
P03108,A02034,7
P03108,A03162,2
P03108,A04580,5
P03108,A07789,3
P03108,A08309,1
P03109,A00824,2
P03109,A10224,1
P03110,A00614,3
P03110,A01233,1
P03110,A08501,2
P03111,A03808,1
P03111,A03809,2
P03111,A04461,4
P03111,A10671,3
P03111,A10672,5
P03111,A10673,6
P03111,A10674,7
P03111,A10675,8
P03112,A10676,1
P03112,A10677,2
P03112,A10678,3
P03113,A08163,13
P03113,A10679,1
P03113,A10680,2
P03113,A10681,3
P03113,A10682,4
P03113,A10683,5
P03113,A10684,6
P03113,A10685,7
P03113,A10686,8
P03113,A10687,9
P03113,A10688,10
P03113,A10689,11
P03113,A10690,12
P03113,A10691,14
P03113,A10692,15
P03113,A10693,16
P03113,A10694,17
P03113,A10695,18
P03114,A00133,13
P03114,A07042,21
P03114,A07046,2
P03114,A09378,14
P03114,A09828,18
P03114,A10696,1
P03114,A10697,3
P03114,A10698,4
P03114,A10699,5
P03114,A10700,6
P03114,A10701,7
P03114,A10702,8
P03114,A10703,9
P03114,A10704,10
P03114,A10705,11
P03114,A10706,12
P03114,A10707,15
P03114,A10708,16
P03114,A10709,17
P03114,A10710,19
P03114,A10711,20
P03114,A10712,22
P03114,A10713,23
P03114,A10714,24
P03114,A10715,25
P03114,A10716,26
P03115,A10717,1
P03115,A10718,2
P03115,A10719,3
P03116,A10720,1
P03116,A10721,2
P03116,A10722,3
P03116,A10723,4
P03116,A10724,5
P03117,A08021,5
P03117,A10725,1
P03117,A10726,2
P03117,A10727,3
P03117,A10728,4
P03118,A03665,5
P03118,A05001,9
P03118,A10729,1
P03118,A10730,2
P03118,A10731,3
P03118,A10732,4
P03118,A10733,6
P03118,A10734,7
P03118,A10735,8
P03119,A10736,1
P03119,A10737,2
P03119,A10738,3
P03120,A05492,4
P03120,A05503,2
P03120,A05516,3
P03120,A10739,1
P03121,A00612,3
P03121,A01988,2
P03121,A03471,5
P03121,A10740,1
P03121,A10741,4
P03122,A01507,1
P03122,A03199,2
P03122,A10742,3
P03122,A10743,4
P03122,A10744,5
P03123,A00266,3
P03123,A00905,2
P03123,A07131,1
P03124,A08175,2
P03124,A08176,1
P03124,A08178,5
P03124,A10745,3
P03124,A10746,4
P03124,A10747,6
P03124,A10748,7
P03125,A00622,2
P03125,A01403,1
P03125,A03795,5
P03125,A04322,4
P03125,A10749,3
P03126,A05548,5
P03126,A09750,6
P03126,A09751,2
P03126,A09752,3
P03126,A09754,7
P03126,A10750,1
P03126,A10751,4
P03127,A05628,3
P03127,A07607,2
P03127,A10752,1
P03128,A04922,2
P03128,A09821,1
P03128,A10753,3
P03129,A09461,1
P03129,A09462,2
P03129,A09463,3
P03129,A09464,4
P03130,A04944,4
P03130,A08048,11
P03130,A10754,1
P03130,A10755,2
P03130,A10756,3
P03130,A10757,5
P03130,A10758,6
P03130,A10759,7
P03130,A10760,8
P03130,A10761,9
P03130,A10762,10
P03130,A10763,12
P03130,A10764,13
P03130,A10765,14
P03130,A10766,15
P03130,A10767,16
P03130,A10768,17
P03130,A10769,18
P03131,A00250,4
P03131,A01249,6
P03131,A01401,5
P03131,A04083,2
P03131,A10770,1
P03131,A10771,3
P03132,A00877,8
P03132,A01227,9
P03132,A03527,4
P03132,A07417,5
P03132,A07418,1
P03132,A08038,7
P03132,A09777,2
P03132,A10772,3
P03132,A10773,6
P03133,A01477,2
P03133,A03297,3
P03133,A09807,1
P03134,A00529,2
P03134,A10774,1
P03134,A10775,3
P03134,A10776,4
P03135,A01475,13
P03135,A01678,11
P03135,A01915,14
P03135,A02146,9
P03135,A02218,23
P03135,A02291,19
P03135,A02451,22
P03135,A02600,4
P03135,A03258,18
P03135,A06951,1
P03135,A07673,16
P03135,A07929,15
P03135,A07930,17
P03135,A07932,20
P03135,A10164,8
P03135,A10777,2
P03135,A10778,3
P03135,A10779,5
P03135,A10780,6
P03135,A10781,7
P03135,A10782,10
P03135,A10783,12
P03135,A10784,21
P03136,A00417,1
P03136,A00875,4
P03136,A01419,3
P03136,A03418,5
P03136,A04345,2
P03136,A10785,6
P03137,A00001,3
P03137,A06995,2
P03137,A10786,1
P03137,A10787,4
P03137,A10788,5
P03138,A00066,14
P03138,A01649,8
P03138,A01650,7
P03138,A01678,5
P03138,A02601,10
P03138,A03106,15
P03138,A03286,6
P03138,A03527,13
P03138,A05296,1
P03138,A06951,4
P03138,A07439,9
P03138,A07852,12
P03138,A10164,3
P03138,A10789,2
P03138,A10790,11
P03139,A00605,6
P03139,A03527,5
P03139,A07744,1
P03139,A09808,3
P03139,A09812,7
P03139,A10791,2
P03139,A10792,4
P03140,A00622,7
P03140,A00727,1
P03140,A00901,9
P03140,A01442,3
P03140,A04136,10
P03140,A04398,12
P03140,A04633,5
P03140,A07073,4
P03140,A10793,2
P03140,A10794,6
P03140,A10795,8
P03140,A10796,11
P03141,A10797,1
P03141,A10798,2
P03142,A00843,7
P03142,A01056,8
P03142,A02600,1
P03142,A03221,6
P03142,A05193,3
P03142,A09746,5
P03142,A10799,2
P03142,A10800,4
P03143,A01596,3
P03143,A10122,2
P03143,A10801,1
P03144,A10802,1
P03144,A10803,2
P03144,A10804,3
P03144,A10805,4
P03144,A10806,5
P03144,A10807,6
P03144,A10808,7
P03145,A00417,3
P03145,A00840,2
P03145,A05460,1
P03146,A00431,9
P03146,A00849,5
P03146,A00877,6
P03146,A01601,3
P03146,A03131,8
P03146,A03374,7
P03146,A06785,4
P03146,A10809,1
P03146,A10810,2
P03147,A01959,4
P03147,A02028,3
P03147,A02360,6
P03147,A02653,1
P03147,A04504,2
P03147,A10811,5
P03148,A10812,1
P03148,A10813,2
P03148,A10814,3
P03148,A10815,4
P03148,A10816,5
P03149,A10817,1
P03149,A10818,2
P03149,A10819,3
P03150,A03665,1
P03150,A05001,10
P03150,A10820,2
P03150,A10821,3
P03150,A10822,4
P03150,A10823,5
P03150,A10824,6
P03150,A10825,7
P03150,A10826,8
P03150,A10827,9
P03150,A10828,11
P03151,A01421,2
P03151,A04921,5
P03151,A08398,1
P03151,A08399,3
P03151,A08400,6
P03151,A10829,4
P03152,A01790,4
P03152,A02076,3
P03152,A10830,1
P03152,A10831,2
P03152,A10832,5
P03153,A00562,3
P03153,A02844,1
P03153,A03408,2
P03154,A00843,1
P03154,A02291,3
P03154,A06782,2
P03155,A10833,1
P03155,A10834,2
P03155,A10835,3
P03155,A10836,4
P03155,A10837,5
P03155,A10838,6
P03156,A00892,6
P03156,A02544,4
P03156,A02600,2
P03156,A02721,5
P03156,A02885,1
P03156,A04397,9
P03156,A04412,7
P03156,A05193,8
P03156,A09608,3
P03157,A08359,18
P03157,A08360,14
P03157,A08361,15
P03157,A08362,19
P03157,A08371,20
P03157,A08630,13
P03157,A08635,11
P03157,A08670,4
P03157,A08757,16
P03157,A08825,10
P03157,A09061,3
P03157,A09064,5
P03157,A10639,9
P03157,A10640,2
P03157,A10649,12
P03157,A10656,17
P03157,A10658,1
P03157,A10839,6
P03157,A10840,7
P03157,A10841,8
P03158,A00833,6
P03158,A01668,2
P03158,A01675,3
P03158,A10842,1
P03158,A10843,4
P03158,A10844,5
P03159,A00833,2
P03159,A01668,3
P03159,A07634,1
P03159,A07635,4
P03159,A10845,5
P03160,A00833,2
P03160,A01661,3
P03160,A01668,8
P03160,A07634,1
P03160,A08312,5
P03160,A08313,7
P03160,A08314,6
P03160,A10846,4
P03161,A00833,2
P03161,A01668,3
P03161,A07634,1
P03161,A08312,4
P03161,A08313,6
P03161,A08314,5
P03162,A00196,5
P03162,A00629,4
P03162,A04325,3
P03162,A10847,1
P03162,A10848,2
P03163,A10849,1
P03163,A10850,2
P03164,A00622,5
P03164,A03402,8
P03164,A04478,2
P03164,A04480,4
P03164,A04815,3
P03164,A04939,6
P03164,A05487,1
P03164,A05489,7
P03164,A07879,9
P03165,A07830,6
P03165,A08440,10
P03165,A10851,1
P03165,A10852,2
P03165,A10853,3
P03165,A10854,4
P03165,A10855,5
P03165,A10856,7
P03165,A10857,8
P03165,A10858,9
P03165,A10859,11
P03166,A00905,2
P03166,A07874,3
P03166,A09593,1
P03166,A10860,4
P03167,A00541,5
P03167,A00562,3
P03167,A02773,8
P03167,A03408,1
P03167,A05579,7
P03167,A10620,4
P03167,A10861,2
P03167,A10862,6
P03168,A02843,4
P03168,A03795,2
P03168,A05548,1
P03168,A05551,3
P03169,A10863,1
P03169,A10864,2
P03169,A10865,3
P03169,A10866,4
P03170,A00720,3
P03170,A00926,7
P03170,A01419,13
P03170,A02149,2
P03170,A02151,1
P03170,A05076,6
P03170,A05184,11
P03170,A05512,12
P03170,A08499,4
P03170,A10867,5
P03170,A10868,8
P03170,A10869,9
P03170,A10870,10
P03170,A10871,14
P03170,A10872,15
P03170,A10873,16
P03170,A10874,17
P03170,A10875,18
P03170,A10876,19
P03171,A00837,1
P03171,A00843,5
P03171,A00849,6
P03171,A00905,2
P03171,A01234,7
P03171,A03168,4
P03171,A03418,3
P03172,A00448,4
P03172,A02804,3
P03172,A03406,2
P03172,A08039,1
P03173,A10045,2
P03173,A10877,1
P03174,A00570,8
P03174,A01678,6
P03174,A02600,3
P03174,A03795,7
P03174,A04321,4
P03174,A10155,9
P03174,A10878,1
P03174,A10879,2
P03174,A10880,5
P03175,A00805,4
P03175,A04268,1
P03175,A10125,2
P03175,A10881,3
P03175,A10882,5
P03175,A10883,6
P03176,A01152,6
P03176,A01317,18
P03176,A01320,8
P03176,A01735,11
P03176,A02113,4
P03176,A02273,17
P03176,A02428,3
P03176,A02708,5
P03176,A03728,9
P03176,A04504,7
P03176,A10884,1
P03176,A10885,2
P03176,A10886,10
P03176,A10887,12
P03176,A10888,13
P03176,A10889,14
P03176,A10890,15
P03176,A10891,16
P03176,A10892,19
P03177,A08124,2
P03177,A10893,1
P03178,A00614,10
P03178,A02843,6
P03178,A02885,8
P03178,A03092,9
P03178,A04412,7
P03178,A07027,1
P03178,A10894,2
P03178,A10895,3
P03178,A10896,4
P03178,A10897,5
P03178,A10898,11
P03179,A00723,6
P03179,A00865,5
P03179,A07184,2
P03179,A10899,1
P03179,A10900,3
P03179,A10901,4
P03180,A03795,3
P03180,A04323,2
P03180,A10638,1
P03180,A10902,4
P03181,A10903,1
P03181,A10904,2
P03181,A10905,3
P03181,A10906,4
P03181,A10907,5
P03181,A10908,6
P03181,A10909,7
P03181,A10910,8
P03181,A10911,9
P03182,A07066,2
P03182,A07070,5
P03182,A10912,1
P03182,A10913,3
P03182,A10914,4
P03182,A10915,6
P03182,A10916,7
P03182,A10917,8
P03183,A04401,2
P03183,A04988,4
P03183,A06978,1
P03183,A10918,3
P03184,A10919,1
P03184,A10920,2
P03184,A10921,3
P03184,A10922,4
P03184,A10923,5
P03184,A10924,6
P03185,A00081,8
P03185,A00570,9
P03185,A00799,3
P03185,A03602,7
P03185,A07852,1
P03185,A07853,4
P03185,A10925,2
P03185,A10926,5
P03185,A10927,6
P03186,A00290,9
P03186,A00562,5
P03186,A00843,8
P03186,A02600,1
P03186,A03221,4
P03186,A03292,3
P03186,A03795,7
P03186,A04917,6
P03186,A05629,2
P03187,A07437,7
P03187,A08377,1
P03187,A08378,6
P03187,A08381,3
P03187,A09543,4
P03187,A10928,2
P03187,A10929,5
P03188,A00345,5
P03188,A01076,2
P03188,A10930,1
P03188,A10931,3
P03188,A10932,4
P03188,A10933,6
P03189,A00487,103
P03189,A00649,85
P03189,A00676,82
P03189,A00690,1
P03189,A00696,33
P03189,A00754,4
P03189,A00867,9
P03189,A01099,3
P03189,A01100,98
P03189,A01111,65
P03189,A01209,18
P03189,A02154,70
P03189,A02403,91
P03189,A02426,32
P03189,A03011,95
P03189,A03117,106
P03189,A03701,93
P03189,A03703,71
P03189,A04078,16
P03189,A04283,28
P03189,A05356,73
P03189,A05413,8
P03189,A05431,109
P03189,A06644,7
P03189,A09729,99
P03189,A10459,5
P03189,A10460,26
P03189,A10461,27
P03189,A10462,2
P03189,A10463,30
P03189,A10464,31
P03189,A10465,35
P03189,A10466,36
P03189,A10467,37
P03189,A10468,38
P03189,A10469,10
P03189,A10470,6
P03189,A10471,39
P03189,A10472,40
P03189,A10473,41
P03189,A10475,42
P03189,A10476,43
P03189,A10477,44
P03189,A10478,45
P03189,A10479,46
P03189,A10480,20
P03189,A10481,47
P03189,A10482,22
P03189,A10483,23
P03189,A10484,48
P03189,A10485,49
P03189,A10486,50
P03189,A10487,51
P03189,A10488,52
P03189,A10489,53
P03189,A10490,21
P03189,A10491,54
P03189,A10492,55
P03189,A10493,56
P03189,A10494,57
P03189,A10495,58
P03189,A10496,59
P03189,A10497,60
P03189,A10498,61
P03189,A10499,62
P03189,A10500,63
P03189,A10501,64
P03189,A10502,11
P03189,A10505,66
P03189,A10506,67
P03189,A10507,72
P03189,A10508,74
P03189,A10509,75
P03189,A10510,17
P03189,A10511,25
P03189,A10512,76
P03189,A10513,77
P03189,A10514,19
P03189,A10515,78
P03189,A10516,24
P03189,A10517,79
P03189,A10518,80
P03189,A10519,81
P03189,A10521,83
P03189,A10522,84
P03189,A10523,13
P03189,A10524,86
P03189,A10525,15
P03189,A10526,87
P03189,A10527,88
P03189,A10530,94
P03189,A10531,96
P03189,A10532,97
P03189,A10534,100
P03189,A10535,104
P03189,A10536,105
P03189,A10537,34
P03189,A10538,110
P03189,A10934,12
P03189,A10935,14
P03189,A10936,29
P03189,A10937,68
P03189,A10938,69
P03189,A10939,89
P03189,A10940,90
P03189,A10941,92
P03189,A10942,101
P03189,A10943,102
P03189,A10944,107
P03189,A10945,108
P03190,A10946,1
P03190,A10947,2
P03190,A10948,3
P03191,A06981,2
P03191,A10949,1
P03192,A10950,1
P03192,A10951,2
P03192,A10952,3
P03193,A00995,4
P03193,A01183,9
P03193,A01678,6
P03193,A02721,5
P03193,A03044,1
P03193,A03432,8
P03193,A04396,7
P03193,A07731,2
P03193,A09777,3
P03194,A05141,4
P03194,A07859,3
P03194,A10953,1
P03194,A10954,2
P03195,A00807,2
P03195,A10955,1
P03196,A10956,1
P03197,A03317,7
P03197,A03408,4
P03197,A05579,2
P03197,A07544,3
P03197,A08046,8
P03197,A08161,6
P03197,A10957,1
P03197,A10958,5
P03198,A02591,4
P03198,A08216,3
P03198,A10959,1
P03198,A10960,2
P03199,A08331,1
P03199,A10961,2
P03200,A00562,5
P03200,A01821,6
P03200,A02125,8
P03200,A03415,4
P03200,A07544,1
P03200,A08545,7
P03200,A10962,2
P03200,A10963,3
P03201,A03268,3
P03201,A10964,1
P03201,A10965,2
P03201,A10966,4
P03201,A10967,5
P03201,A10968,6
P03202,A00629,5
P03202,A09448,1
P03202,A09449,2
P03202,A09450,3
P03202,A09451,4
P03203,A00102,1
P03203,A00103,3
P03203,A00837,4
P03203,A00843,5
P03203,A00844,2
P03203,A01067,6
P03203,A03168,9
P03203,A10969,7
P03203,A10970,8
P03204,A10971,1
P03204,A10972,2
P03204,A10973,3
P03204,A10974,4
P03205,A00612,3
P03205,A02464,2
P03205,A02866,4
P03205,A03527,5
P03205,A04471,1
P03205,A05094,8
P03205,A05398,7
P03205,A05529,6
P03205,A07432,9
P03205,A10975,10
P03206,A10976,1
P03206,A10977,2
P03207,A03408,2
P03207,A10978,1
P03208,A04156,2
P03208,A04158,3
P03208,A05213,4
P03208,A10979,1
P03209,A02230,3
P03209,A05067,2
P03209,A10980,1
P03210,A05605,5
P03210,A07740,3
P03210,A07743,4
P03210,A10981,1
P03210,A10982,2
P03211,A02832,1
P03211,A04489,2
P03211,A05628,3
P03212,A03179,2
P03212,A10983,1
P03212,A10984,3
P03212,A10985,4
P03212,A10986,5
P03212,A10987,6
P03213,A09899,1
P03213,A09991,3
P03213,A10988,2
P03213,A10989,4
P03214,A10990,1
P03214,A10991,2
P03214,A10992,3
P03214,A10993,4
P03214,A10994,5
P03214,A10995,6
P03215,A08237,4
P03215,A10996,1
P03215,A10997,2
P03215,A10998,3
P03216,A02149,4
P03216,A02300,8
P03216,A05076,7
P03216,A05103,2
P03216,A05183,5
P03216,A05185,6
P03216,A05482,9
P03216,A08121,1
P03216,A08499,3
P03216,A10999,10
P03217,A03452,4
P03217,A05545,2
P03217,A08691,1
P03217,A11000,3
P03218,A01270,6
P03218,A05276,3
P03218,A05626,1
P03218,A07187,4
P03218,A11001,2
P03218,A11002,5
P03218,A11003,7
P03218,A11004,8
P03218,A11005,9
P03218,A11006,10
P03218,A11007,11
P03218,A11008,12
P03218,A11009,13
P03218,A11010,14
P03218,A11011,15
P03218,A11012,16
P03218,A11013,17
P03219,A00290,2
P03219,A01227,3
P03219,A02297,4
P03219,A07518,1
P03219,A11014,5
P03219,A11015,6
P03220,A01915,4
P03220,A02124,16
P03220,A02125,2
P03220,A02327,5
P03220,A02407,14
P03220,A03074,6
P03220,A03168,15
P03220,A04708,13
P03220,A05148,9
P03220,A05287,10
P03220,A05290,3
P03220,A05452,8
P03220,A07808,1
P03220,A11016,7
P03220,A11017,11
P03220,A11018,12
P03221,A09158,1
P03221,A11019,2
P03221,A11020,3
P03221,A11021,4
P03221,A11022,5
P03222,A00629,3
P03222,A11023,1
P03222,A11024,2
P03223,A01490,2
P03223,A10932,6
P03223,A11025,1
P03223,A11026,3
P03223,A11027,4
P03223,A11028,5
P03224,A04760,3
P03224,A11029,1
P03224,A11030,2
P03224,A11031,4
P03224,A11032,5
P03224,A11033,6
P03224,A11034,7
P03224,A11035,8
P03224,A11036,9
P03224,A11037,10
P03225,A02126,3
P03225,A10963,4
P03225,A11038,1
P03225,A11039,2
P03225,A11040,5
P03226,A11041,1
P03226,A11042,2
P03227,A03396,9
P03227,A07851,16
P03227,A11043,1
P03227,A11044,2
P03227,A11045,3
P03227,A11046,4
P03227,A11047,5
P03227,A11048,6
P03227,A11049,7
P03227,A11050,8
P03227,A11051,10
P03227,A11052,11
P03227,A11053,12
P03227,A11054,13
P03227,A11055,14
P03227,A11056,15
P03227,A11057,17
P03227,A11058,18
P03228,A11059,1
P03228,A11060,2
P03228,A11061,3
P03228,A11062,4
P03229,A02230,11
P03229,A02255,10
P03229,A07890,8
P03229,A11063,1
P03229,A11064,2
P03229,A11065,3
P03229,A11066,4
P03229,A11067,5
P03229,A11068,6
P03229,A11069,7
P03229,A11070,9
P03230,A02600,3
P03230,A07027,4
P03230,A11071,1
P03230,A11072,2
P03230,A11073,5
P03231,A02760,4
P03231,A07430,2
P03231,A08426,1
P03231,A11074,3
P03232,A04682,14
P03232,A11075,1
P03232,A11076,2
P03232,A11077,3
P03232,A11078,4
P03232,A11079,5
P03232,A11080,6
P03232,A11081,7
P03232,A11082,8
P03232,A11083,9
P03232,A11084,10
P03232,A11085,11
P03232,A11086,12
P03232,A11087,13
P03233,A00079,5
P03233,A00709,6
P03233,A01529,7
P03233,A04295,4
P03233,A09107,1
P03233,A09108,3
P03233,A09110,11
P03233,A10129,2
P03233,A10130,9
P03233,A11088,8
P03233,A11089,10
P03234,A00066,5
P03234,A00771,34
P03234,A00799,35
P03234,A01309,31
P03234,A01476,32
P03234,A01543,22
P03234,A01915,7
P03234,A01916,26
P03234,A01981,36
P03234,A02125,2
P03234,A02291,20
P03234,A02311,3
P03234,A02407,4
P03234,A02451,30
P03234,A02731,25
P03234,A02921,6
P03234,A03258,19
P03234,A03759,33
P03234,A04469,9
P03234,A07672,23
P03234,A07673,21
P03234,A07674,27
P03234,A07812,24
P03234,A07929,18
P03234,A07930,17
P03234,A07932,11
P03234,A08027,16
P03234,A08029,13
P03234,A09507,8
P03234,A09508,14
P03234,A09509,15
P03234,A10784,12
P03234,A11017,29
P03234,A11090,1
P03234,A11091,10
P03234,A11092,28
P03235,A00506,2
P03235,A00723,6
P03235,A02390,5
P03235,A05492,1
P03235,A05494,8
P03235,A05503,3
P03235,A05516,7
P03235,A05523,9
P03235,A11093,4
P03236,A02656,3
P03236,A04393,1
P03236,A08237,2
P03237,A00066,4
P03237,A02125,2
P03237,A02407,3
P03237,A03671,1
P03237,A11094,5
P03238,A11095,1
P03238,A11096,2
P03238,A11097,3
P03238,A11098,4
P03238,A11099,5
P03238,A11100,6
P03239,A00617,15
P03239,A00723,20
P03239,A01915,2
P03239,A01916,9
P03239,A02125,17
P03239,A02217,19
P03239,A02451,14
P03239,A02731,7
P03239,A03168,18
P03239,A03732,3
P03239,A03932,16
P03239,A05144,11
P03239,A07672,10
P03239,A07673,8
P03239,A07812,1
P03239,A08027,6
P03239,A10425,4
P03239,A11017,12
P03239,A11092,13
P03239,A11101,5
P03240,A00877,5
P03240,A03488,1
P03240,A09777,3
P03240,A11102,2
P03240,A11103,4
P03240,A11104,6
P03240,A11105,7
P03241,A04310,2
P03241,A05481,1
P03241,A11106,3
P03242,A08691,1
P03242,A11107,2
P03242,A11108,3
P03243,A05205,2
P03243,A11109,1
P03244,A00614,4
P03244,A01233,1
P03244,A01447,5
P03244,A02585,6
P03244,A02600,3
P03244,A03044,2
P03245,A00605,1
P03245,A00770,7
P03245,A01475,12
P03245,A01477,4
P03245,A02690,6
P03245,A03744,11
P03245,A08474,3
P03245,A08475,5
P03245,A09806,2
P03245,A09809,8
P03245,A09810,9
P03245,A11110,10
P03246,A00802,4
P03246,A00807,3
P03246,A01681,2
P03246,A01716,1
P03247,A00629,4
P03247,A11111,1
P03247,A11112,2
P03247,A11113,3
P03248,A00447,2
P03248,A00834,5
P03248,A02725,4
P03248,A04907,1
P03248,A11114,3
P03249,A00629,6
P03249,A09448,1
P03249,A09449,2
P03249,A09450,3
P03249,A09451,7
P03249,A11115,4
P03249,A11116,5
P03250,A00001,5
P03250,A00575,4
P03250,A01946,2
P03250,A08679,1
P03250,A08680,3
P03251,A01080,3
P03251,A01550,2
P03251,A04655,5
P03251,A04656,4
P03251,A11117,1
P03251,A11118,6
P03251,A11119,7
P03252,A02661,3
P03252,A03058,5
P03252,A08535,2
P03252,A11120,1
P03252,A11121,4
P03253,A00004,2
P03253,A01517,4
P03253,A09419,3
P03253,A11122,1
P03254,A00006,12
P03254,A00806,14
P03254,A02512,7
P03254,A04210,2
P03254,A08469,5
P03254,A08470,13
P03254,A11123,1
P03254,A11124,3
P03254,A11125,4
P03254,A11126,6
P03254,A11127,8
P03254,A11128,9
P03254,A11129,10
P03254,A11130,11
P03255,A00605,3
P03255,A01309,10
P03255,A02652,12
P03255,A02895,9
P03255,A02963,7
P03255,A02964,6
P03255,A05282,8
P03255,A05527,1
P03255,A10428,2
P03255,A11131,4
P03255,A11132,5
P03255,A11133,11
P03255,A11134,13
P03256,A04441,2
P03256,A08284,1
P03257,A01277,4
P03257,A03448,1
P03257,A10234,6
P03257,A11135,2
P03257,A11136,3
P03257,A11137,5
P03257,A11138,7
P03257,A11139,8
P03258,A00657,5
P03258,A01842,4
P03258,A09530,2
P03258,A09531,3
P03258,A11140,1
P03259,A00824,2
P03259,A10224,1
P03260,A00629,3
P03260,A11023,2
P03260,A11141,1
P03261,A00629,1
P03261,A11023,2
P03262,A00490,2
P03262,A00815,3
P03262,A11142,1
P03262,A11143,4
P03263,A00738,7
P03263,A01840,8
P03263,A02296,2
P03263,A05307,1
P03263,A05444,9
P03263,A05627,12
P03263,A11144,3
P03263,A11145,4
P03263,A11146,5
P03263,A11147,6
P03263,A11148,10
P03263,A11149,11
P03264,A05103,1
P03264,A05501,3
P03264,A10999,6
P03264,A11150,2
P03264,A11151,4
P03264,A11152,5
P03265,A00622,1
P03265,A01832,3
P03265,A02843,2
P03266,A00004,1
P03266,A04631,2
P03267,A07422,1
P03267,A11153,2
P03267,A11154,3
P03267,A11155,4
P03267,A11156,5
P03268,A05593,3
P03268,A05594,2
P03268,A08126,1
P03268,A11157,4
P03268,A11158,5
P03268,A11159,6
P03268,A11160,7
P03268,A11161,8
P03268,A11162,9
P03268,A11163,10
P03268,A11164,11
P03269,A00629,1
P03269,A01947,2
P03269,A09594,3
P03269,A09596,5
P03269,A11165,4
P03270,A00622,9
P03270,A03402,7
P03270,A04478,2
P03270,A04480,3
P03270,A04481,6
P03270,A04815,8
P03270,A04939,4
P03270,A05487,1
P03270,A05489,5
P03270,A07879,10
P03271,A00727,4
P03271,A00849,3
P03271,A01915,5
P03271,A02125,8
P03271,A03288,9
P03271,A04045,7
P03271,A04708,6
P03271,A11166,1
P03271,A11167,2
P03272,A00622,6
P03272,A04478,4
P03272,A04480,3
P03272,A04481,5
P03272,A11168,1
P03272,A11169,2
P03272,A11170,7
P03273,A11171,1
P03273,A11172,2
P03274,A01365,6
P03274,A01504,2
P03274,A04785,1
P03274,A04786,4
P03274,A04787,3
P03274,A10298,5
P03275,A11173,1
P03276,A00614,3
P03276,A00805,5
P03276,A01233,1
P03276,A02600,2
P03276,A04813,4
P03277,A05292,2
P03277,A10197,1
P03277,A10198,4
P03277,A10199,5
P03277,A11174,3
P03277,A11175,6
P03278,A11176,1
P03278,A11177,2
P03278,A11178,3
P03278,A11179,4
P03278,A11180,5
P03278,A11181,6
P03278,A11182,7
P03278,A11183,8
P03278,A11184,9
P03279,A01404,3
P03279,A02552,2
P03279,A08166,4
P03279,A11185,1
P03279,A11186,5
P03280,A00877,3
P03280,A01227,2
P03280,A11187,1
P03281,A00506,1
P03281,A01066,10
P03281,A02571,7
P03281,A02989,13
P03281,A03527,11
P03281,A06789,4
P03281,A06951,12
P03281,A09600,3
P03281,A11188,2
P03281,A11189,5
P03281,A11190,6
P03281,A11191,8
P03281,A11192,9
P03281,A11193,14
P03281,A11194,15
P03282,A08502,1
P03282,A11195,2
P03282,A11196,3
P03282,A11197,4
P03282,A11198,5
P03282,A11199,6
P03282,A11200,7
P03282,A11201,8
P03282,A11202,9
P03283,A03418,8
P03283,A04345,5
P03283,A05012,1
P03283,A05013,3
P03283,A05015,2
P03283,A05017,7
P03283,A07884,4
P03283,A11203,6
P03284,A00570,10
P03284,A02600,3
P03284,A02721,2
P03284,A02885,1
P03284,A03946,4
P03284,A04397,7
P03284,A04412,5
P03284,A07728,9
P03284,A09777,8
P03284,A11204,6
P03285,A03976,3
P03285,A04534,2
P03285,A11205,1
P03286,A03268,4
P03286,A03269,5
P03286,A04419,1
P03286,A05042,2
P03286,A08676,6
P03286,A11206,3
P03287,A03623,5
P03287,A10718,1
P03287,A10719,2
P03287,A10750,3
P03287,A11207,4
P03287,A11208,6
P03288,A01152,4
P03288,A01317,8
P03288,A01320,5
P03288,A01735,15
P03288,A01813,7
P03288,A02113,3
P03288,A02213,18
P03288,A02214,16
P03288,A02428,11
P03288,A02708,12
P03288,A03724,17
P03288,A03728,2
P03288,A04504,6
P03288,A10884,9
P03288,A10885,10
P03288,A10886,1
P03288,A10887,14
P03288,A10888,13
P03288,A10889,19
P03288,A10890,20
P03288,A10892,21
P03289,A00276,1
P03289,A01738,10
P03289,A03074,5
P03289,A04623,3
P03289,A05158,12
P03289,A09339,4
P03289,A11209,2
P03289,A11210,6
P03289,A11211,7
P03289,A11212,8
P03289,A11213,9
P03289,A11214,11
P03289,A11215,13
P03290,A11216,1
P03290,A11217,2
P03290,A11218,3
P03290,A11219,4
P03291,A10863,1
P03291,A10864,2
P03291,A10865,3
P03291,A10866,4
P03292,A11220,1
P03292,A11221,2
P03292,A11222,3
P03292,A11223,4
P03292,A11224,5
P03293,A00605,2
P03293,A01475,9
P03293,A01477,5
P03293,A02464,1
P03293,A02600,7
P03293,A02885,8
P03293,A03744,11
P03293,A08474,4
P03293,A08475,6
P03293,A09806,3
P03293,A11225,10
P03294,A00824,7
P03294,A10224,1
P03294,A10225,4
P03294,A10226,3
P03294,A10227,2
P03294,A10228,5
P03294,A11226,6
P03295,A10202,1
P03295,A11227,2
P03296,A00641,3
P03296,A01287,1
P03296,A05122,2
P03296,A05172,4
P03297,A00290,4
P03297,A00731,5
P03297,A00824,3
P03297,A01822,2
P03297,A02399,1
P03298,A00767,8
P03298,A01692,6
P03298,A02332,2
P03298,A05406,9
P03298,A11228,1
P03298,A11229,3
P03298,A11230,4
P03298,A11231,5
P03298,A11232,7
P03298,A11233,10
P03299,A00066,6
P03299,A00724,11
P03299,A01769,13
P03299,A01915,5
P03299,A02125,2
P03299,A02407,3
P03299,A02461,12
P03299,A03758,9
P03299,A03932,7
P03299,A04469,4
P03299,A11018,1
P03299,A11234,8
P03299,A11235,10
P03300,A00849,5
P03300,A00901,2
P03300,A01915,4
P03300,A01916,6
P03300,A02218,8
P03300,A03932,11
P03300,A04292,7
P03300,A04400,14
P03300,A08027,9
P03300,A08144,10
P03300,A09658,3
P03300,A11236,1
P03300,A11237,12
P03300,A11238,13
P03301,A10043,2
P03301,A10044,5
P03301,A11239,1
P03301,A11240,3
P03301,A11241,4
P03302,A00622,7
P03302,A00727,1
P03302,A00901,9
P03302,A01442,3
P03302,A04136,10
P03302,A04398,12
P03302,A04633,5
P03302,A07073,4
P03302,A10793,2
P03302,A10794,6
P03302,A10795,8
P03302,A10796,11
P03303,A01045,9
P03303,A01600,3
P03303,A02194,2
P03303,A11242,1
P03303,A11243,4
P03303,A11244,5
P03303,A11245,6
P03303,A11246,7
P03303,A11247,8
P03303,A11248,10
P03303,A11249,11
P03303,A11250,12
P03303,A11251,13
P03303,A11252,14
P03303,A11253,15
P03303,A11254,16
P03303,A11255,17
P03303,A11256,18
P03303,A11257,19
P03304,A03966,6
P03304,A04020,12
P03304,A04716,11
P03304,A11258,1
P03304,A11259,2
P03304,A11260,3
P03304,A11261,4
P03304,A11262,5
P03304,A11263,7
P03304,A11264,8
P03304,A11265,9
P03304,A11266,10
P03304,A11267,13
P03304,A11268,14
P03304,A11269,15
P03304,A11270,16
P03304,A11271,17
P03305,A07454,16
P03305,A07460,13
P03305,A07467,14
P03305,A07468,15
P03305,A07469,3
P03305,A07472,4
P03305,A07475,2
P03305,A07903,9
P03305,A11272,1
P03305,A11273,5
P03305,A11274,6
P03305,A11275,7
P03305,A11276,8
P03305,A11277,10
P03305,A11278,11
P03305,A11279,12
P03305,A11280,17
P03305,A11281,18
P03305,A11282,19
P03306,A03432,4
P03306,A04136,2
P03306,A05629,1
P03306,A09845,5
P03306,A10894,3
P03307,A11283,1
P03307,A11284,2
P03307,A11285,3
P03307,A11286,4
P03308,A02506,9
P03308,A02975,12
P03308,A08364,3
P03308,A08371,23
P03308,A08665,17
P03308,A08670,7
P03308,A08672,13
P03308,A08765,21
P03308,A08771,20
P03308,A08775,18
P03308,A08825,4
P03308,A08827,6
P03308,A08828,8
P03308,A09061,15
P03308,A10640,22
P03308,A10648,1
P03308,A10841,5
P03308,A11287,2
P03308,A11288,10
P03308,A11289,11
P03308,A11290,14
P03308,A11291,16
P03308,A11292,19
P03309,A11293,1
P03310,A01915,4
P03310,A02125,2
P03310,A03074,5
P03310,A05148,6
P03310,A05290,3
P03310,A07808,1
P03311,A00849,5
P03311,A00901,2
P03311,A02216,4
P03311,A02218,3
P03311,A09658,1
P03312,A02407,3
P03312,A11294,1
P03312,A11295,2
P03312,A11296,4
P03312,A11297,5
P03312,A11298,6
P03312,A11299,7
P03312,A11300,8
P03313,A00440,2
P03313,A11301,1
P03313,A11302,3
P03314,A00049,4
P03314,A00066,3
P03314,A05312,1
P03314,A11303,2
P03315,A00657,6
P03315,A01842,5
P03315,A02870,7
P03315,A11304,1
P03315,A11305,2
P03315,A11306,3
P03315,A11307,4
P03316,A01882,12
P03316,A01884,4
P03316,A01891,6
P03316,A04645,11
P03316,A11308,1
P03316,A11309,2
P03316,A11310,3
P03316,A11311,5
P03316,A11312,7
P03316,A11313,8
P03316,A11314,9
P03316,A11315,10
P03317,A11316,1
P03317,A11317,2
P03318,A11318,1
P03318,A11319,2
P03318,A11320,3
P03318,A11321,4
P03319,A11322,1
P03319,A11323,2
P03319,A11324,3
P03319,A11325,4
P03319,A11326,5
P03319,A11327,6
P03320,A00066,7
P03320,A01543,5
P03320,A01915,3
P03320,A02125,2
P03320,A04045,4
P03320,A04293,9
P03320,A04708,6
P03320,A06787,1
P03320,A06792,8
P03320,A06796,10
P03320,A06797,12
P03320,A06798,11
P03321,A01447,4
P03321,A01989,2
P03321,A02569,5
P03321,A03998,1
P03321,A10544,3
P03321,A10545,6
P03322,A00004,1
P03322,A00824,4
P03322,A01517,3
P03322,A11328,2
P03323,A00605,1
P03323,A01475,12
P03323,A01477,5
P03323,A02464,8
P03323,A02690,7
P03323,A03744,11
P03323,A08473,2
P03323,A08474,4
P03323,A08475,6
P03323,A09806,3
P03323,A09808,9
P03323,A11110,10
P03324,A02141,8
P03324,A02276,9
P03324,A02467,10
P03324,A04360,7
P03324,A05548,12
P03324,A07634,1
P03324,A11301,3
P03324,A11329,2
P03324,A11330,4
P03324,A11331,5
P03324,A11332,6
P03324,A11333,11
P03325,A00001,4
P03325,A06995,1
P03325,A09725,2
P03325,A11334,3
P03326,A00421,1
P03326,A00562,4
P03326,A02464,2
P03326,A03385,3
P03326,A03408,5
P03326,A03450,7
P03326,A05579,6
P03326,A11335,8
P03327,A02600,1
P03327,A02885,2
P03328,A00605,2
P03328,A00723,5
P03328,A01745,3
P03328,A02183,6
P03328,A04299,4
P03328,A11336,1
P03329,A10718,1
P03329,A10719,3
P03329,A10750,2
P03329,A11207,5
P03329,A11208,7
P03329,A11337,4
P03329,A11338,6
P03330,A03561,1
P03330,A03562,2
P03331,A01076,4
P03331,A01837,13
P03331,A01911,3
P03331,A03154,1
P03331,A05251,15
P03331,A08061,9
P03331,A08062,6
P03331,A08070,10
P03331,A08071,5
P03331,A11339,2
P03331,A11340,7
P03331,A11341,8
P03331,A11342,11
P03331,A11343,12
P03331,A11344,14
P03331,A11345,16
P03332,A00415,12
P03332,A07974,22
P03332,A11346,1
P03332,A11347,2
P03332,A11348,3
P03332,A11349,4
P03332,A11350,5
P03332,A11351,6
P03332,A11352,7
P03332,A11353,8
P03332,A11354,9
P03332,A11355,10
P03332,A11356,11
P03332,A11357,13
P03332,A11358,14
P03332,A11359,15
P03332,A11360,16
P03332,A11361,17
P03332,A11362,18
P03332,A11363,19
P03332,A11364,20
P03332,A11365,21
P03332,A11366,23
P03332,A11367,24
P03333,A00415,17
P03333,A07974,43
P03333,A11346,7
P03333,A11347,1
P03333,A11348,24
P03333,A11349,5
P03333,A11350,2
P03333,A11351,19
P03333,A11352,22
P03333,A11353,10
P03333,A11354,9
P03333,A11355,28
P03333,A11356,3
P03333,A11357,30
P03333,A11361,35
P03333,A11362,38
P03333,A11363,6
P03333,A11364,12
P03333,A11365,20
P03333,A11366,21
P03333,A11367,13
P03333,A11368,4
P03333,A11369,8
P03333,A11370,11
P03333,A11371,14
P03333,A11372,15
P03333,A11373,16
P03333,A11374,18
P03333,A11375,23
P03333,A11376,25
P03333,A11377,26
P03333,A11378,27
P03333,A11379,29
P03333,A11380,31
P03333,A11381,32
P03333,A11382,33
P03333,A11383,34
P03333,A11384,36
P03333,A11385,37
P03333,A11386,39
P03333,A11387,40
P03333,A11388,41
P03333,A11389,42
P03334,A01465,3
P03334,A11390,1
P03334,A11391,2
P03334,A11392,4
P03334,A11393,5
P03334,A11394,6
P03334,A11395,7
P03335,A01421,3
P03335,A02613,2
P03335,A03798,7
P03335,A07439,5
P03335,A08398,1
P03335,A08399,4
P03335,A11396,6
P03336,A00507,11
P03336,A00824,5
P03336,A01991,3
P03336,A03291,2
P03336,A04322,4
P03336,A04323,8
P03336,A04324,9
P03336,A05012,7
P03336,A05017,6
P03336,A05310,10
P03336,A07623,1
P03337,A11397,1
P03337,A11398,2
P03337,A11399,3
P03337,A11400,4
P03337,A11401,5
P03338,A00290,3
P03338,A00843,6
P03338,A01227,4
P03338,A07518,1
P03338,A11402,2
P03338,A11403,5
P03339,A04534,2
P03339,A04937,1
P03340,A00487,100
P03340,A00649,81
P03340,A00676,78
P03340,A00690,1
P03340,A00696,13
P03340,A00754,4
P03340,A00867,2
P03340,A01088,26
P03340,A01099,3
P03340,A01100,97
P03340,A01111,56
P03340,A01209,5
P03340,A02154,60
P03340,A02403,90
P03340,A02426,12
P03340,A03011,93
P03340,A03117,103
P03340,A03701,91
P03340,A03703,61
P03340,A04078,85
P03340,A04283,69
P03340,A05356,63
P03340,A05413,16
P03340,A05431,104
P03340,A06644,39
P03340,A09729,98
P03340,A10459,6
P03340,A10460,7
P03340,A10461,8
P03340,A10462,9
P03340,A10463,10
P03340,A10464,11
P03340,A10465,14
P03340,A10466,15
P03340,A10467,17
P03340,A10468,18
P03340,A10469,19
P03340,A10470,20
P03340,A10471,21
P03340,A10472,22
P03340,A10473,23
P03340,A10474,24
P03340,A10475,25
P03340,A10476,27
P03340,A10477,28
P03340,A10478,29
P03340,A10479,30
P03340,A10480,31
P03340,A10481,32
P03340,A10482,33
P03340,A10483,34
P03340,A10484,35
P03340,A10485,36
P03340,A10486,37
P03340,A10487,38
P03340,A10488,40
P03340,A10489,41
P03340,A10490,42
P03340,A10491,43
P03340,A10492,44
P03340,A10493,45
P03340,A10494,46
P03340,A10495,47
P03340,A10496,48
P03340,A10497,49
P03340,A10498,50
P03340,A10499,51
P03340,A10500,52
P03340,A10501,53
P03340,A10502,54
P03340,A10503,55
P03340,A10504,57
P03340,A10505,58
P03340,A10506,59
P03340,A10507,62
P03340,A10508,64
P03340,A10509,65
P03340,A10510,66
P03340,A10511,67
P03340,A10512,68
P03340,A10513,70
P03340,A10514,71
P03340,A10515,72
P03340,A10516,73
P03340,A10517,74
P03340,A10518,75
P03340,A10519,76
P03340,A10520,77
P03340,A10521,79
P03340,A10522,80
P03340,A10523,82
P03340,A10524,83
P03340,A10525,84
P03340,A10526,86
P03340,A10527,87
P03340,A10528,88
P03340,A10529,89
P03340,A10530,92
P03340,A10531,94
P03340,A10532,95
P03340,A10533,96
P03340,A10534,99
P03340,A10535,101
P03340,A10536,102
P03340,A10537,105
P03340,A10538,106
P03341,A09619,7
P03341,A09620,9
P03341,A11404,1
P03341,A11405,2
P03341,A11406,3
P03341,A11407,4
P03341,A11408,5
P03341,A11409,6
P03341,A11410,8
P03342,A00824,2
P03342,A07623,1
P03343,A00575,5
P03343,A01516,1
P03343,A04147,7
P03343,A04148,6
P03343,A11411,2
P03343,A11412,3
P03343,A11413,4
P03343,A11414,8
P03344,A03963,3
P03344,A06961,18
P03344,A06962,9
P03344,A06963,20
P03344,A06967,13
P03344,A06968,19
P03344,A06969,7
P03344,A06971,8
P03344,A06973,10
P03344,A06974,11
P03344,A07520,15
P03344,A08285,6
P03344,A08286,12
P03344,A08287,21
P03344,A08290,5
P03344,A11415,1
P03344,A11416,2
P03344,A11417,4
P03344,A11418,14
P03344,A11419,16
P03344,A11420,17
P03344,A11421,22
P03345,A05076,3
P03345,A08499,1
P03345,A11422,2
P03346,A11423,1
P03346,A11424,2
P03346,A11425,3
P03346,A11426,4
P03347,A02583,1
P03348,A00133,6
P03348,A01801,15
P03348,A05241,4
P03348,A05243,5
P03348,A05535,17
P03348,A05537,1
P03348,A05543,3
P03348,A08009,7
P03348,A08010,11
P03348,A08513,12
P03348,A11427,2
P03348,A11428,8
P03348,A11429,9
P03348,A11430,10
P03348,A11431,13
P03348,A11432,14
P03348,A11433,16
P03349,A11434,1
P03349,A11435,2
P03349,A11436,3
P03350,A11322,1
P03350,A11323,2
P03350,A11324,4
P03350,A11437,3
P03350,A11438,5
P03350,A11439,6
P03350,A11440,7
P03351,A05222,7
P03351,A08368,5
P03351,A08610,4
P03351,A08613,6
P03351,A08614,3
P03351,A08615,1
P03351,A08617,8
P03351,A08619,15
P03351,A08620,10
P03351,A08621,11
P03351,A08627,16
P03351,A08646,18
P03351,A08902,17
P03351,A09088,14
P03351,A09515,9
P03351,A09663,13
P03351,A11441,2
P03351,A11442,12
P03352,A11443,1
P03352,A11444,2
P03353,A07794,6
P03353,A11445,1
P03353,A11446,2
P03353,A11447,3
P03353,A11448,4
P03353,A11449,5
P03354,A00849,4
P03354,A01751,3
P03354,A01915,5
P03354,A02218,6
P03354,A03288,7
P03354,A04708,2
P03354,A11450,1
P03355,A05205,2
P03355,A11109,1
P03356,A04060,2
P03356,A11451,1
P03356,A11452,3
P03357,A00849,1
P03357,A02125,3
P03357,A02407,4
P03357,A11453,2
P03358,A01465,3
P03358,A11390,1
P03358,A11391,5
P03358,A11392,4
P03358,A11395,2
P03359,A03419,1
P03359,A03421,5
P03359,A03432,7
P03359,A04577,8
P03359,A08400,2
P03359,A10586,4
P03359,A10587,6
P03359,A11454,3
P03360,A08683,1
P03360,A11455,2
P03360,A11456,3
P03360,A11457,4
P03360,A11458,5
P03360,A11459,6
P03360,A11460,7
P03360,A11461,8
P03360,A11462,9
P03361,A07250,9
P03361,A10558,20
P03361,A11463,1
P03361,A11464,2
P03361,A11465,3
P03361,A11466,4
P03361,A11467,5
P03361,A11468,6
P03361,A11469,7
P03361,A11470,8
P03361,A11471,10
P03361,A11472,11
P03361,A11473,12
P03361,A11474,13
P03361,A11475,14
P03361,A11476,15
P03361,A11477,16
P03361,A11478,17
P03361,A11479,18
P03361,A11480,19
P03361,A11481,21
P03361,A11482,22
P03361,A11483,23
P03361,A11484,24
P03361,A11485,25
P03361,A11486,26
P03361,A11487,27
P03361,A11488,28
P03361,A11489,29
P03361,A11490,30
P03361,A11491,31
P03361,A11492,32
P03361,A11493,33
P03362,A06925,3
P03362,A11494,1
P03362,A11495,2
P03362,A11496,4
P03362,A11497,5
P03363,A11498,1
P03363,A11499,2
P03363,A11500,3
P03363,A11501,4
P03363,A11502,5
P03363,A11503,6
P03363,A11504,7
P03363,A11505,8
P03363,A11506,9
P03363,A11507,10
P03363,A11508,11
P03364,A00133,13
P03364,A01801,2
P03364,A05543,3
P03364,A07046,11
P03364,A09364,9
P03364,A10053,6
P03364,A10055,12
P03364,A10556,7
P03364,A10696,4
P03364,A10699,5
P03364,A11433,8
P03364,A11509,1
P03364,A11510,10
P03365,A03816,21
P03365,A03817,1
P03365,A03818,2
P03365,A03820,3
P03365,A03821,6
P03365,A03822,7
P03365,A03823,9
P03365,A03824,10
P03365,A03825,11
P03365,A03830,15
P03365,A03831,16
P03365,A03833,17
P03365,A03836,20
P03365,A03838,24
P03365,A03839,25
P03365,A03840,27
P03365,A03843,30
P03365,A03844,32
P03365,A03845,33
P03365,A03846,36
P03365,A03849,35
P03365,A03851,40
P03365,A03854,42
P03365,A03855,43
P03365,A03857,44
P03365,A03858,45
P03365,A03864,51
P03365,A03866,53
P03365,A03867,54
P03365,A03870,56
P03365,A03871,59
P03365,A03873,61
P03365,A03877,63
P03365,A03878,64
P03365,A03880,66
P03365,A03881,69
P03365,A03882,70
P03365,A03962,62
P03365,A07362,4
P03365,A07368,12
P03365,A07370,13
P03365,A07371,14
P03365,A07372,18
P03365,A07373,19
P03365,A07374,22
P03365,A07376,23
P03365,A07377,26
P03365,A07378,28
P03365,A07379,29
P03365,A07380,31
P03365,A07383,38
P03365,A07384,41
P03365,A07385,46
P03365,A07386,48
P03365,A07387,49
P03365,A07388,50
P03365,A07390,52
P03365,A07392,55
P03365,A07393,57
P03365,A07394,58
P03365,A07395,60
P03365,A07397,65
P03365,A07400,67
P03365,A07401,68
P03365,A07991,5
P03365,A11511,8
P03365,A11512,34
P03365,A11513,37
P03365,A11514,39
P03365,A11515,47
P03365,A11516,71
P03366,A09637,6
P03366,A09643,5
P03366,A09646,4
P03366,A11517,1
P03366,A11518,2
P03366,A11519,3
P03367,A00443,2
P03367,A11520,1
P03367,A11521,3
P03368,A10665,1
P03369,A11522,1
P03369,A11523,2
P03369,A11524,3
P03370,A08412,1
P03370,A08413,2
P03371,A03380,2
P03371,A11525,1
P03372,A03816,26
P03372,A03817,6
P03372,A03818,7
P03372,A03820,8
P03372,A03821,11
P03372,A03822,12
P03372,A03823,14
P03372,A03824,15
P03372,A03825,16
P03372,A03830,20
P03372,A03831,21
P03372,A03833,22
P03372,A03836,25
P03372,A03838,29
P03372,A03839,30
P03372,A03840,31
P03372,A03843,34
P03372,A03844,36
P03372,A03845,37
P03372,A03846,40
P03372,A03849,39
P03372,A03851,43
P03372,A03854,45
P03372,A03855,46
P03372,A03857,3
P03372,A03858,4
P03372,A03864,52
P03372,A03866,54
P03372,A03867,55
P03372,A03870,5
P03372,A03871,59
P03372,A03873,61
P03372,A03877,63
P03372,A03878,64
P03372,A03880,66
P03372,A03881,69
P03372,A03882,70
P03372,A03962,62
P03372,A07362,9
P03372,A07368,17
P03372,A07370,18
P03372,A07371,19
P03372,A07372,23
P03372,A07373,24
P03372,A07374,27
P03372,A07376,28
P03372,A07377,2
P03372,A07378,32
P03372,A07379,33
P03372,A07380,35
P03372,A07383,41
P03372,A07384,44
P03372,A07385,47
P03372,A07386,49
P03372,A07387,50
P03372,A07388,51
P03372,A07390,53
P03372,A07392,56
P03372,A07393,57
P03372,A07394,58
P03372,A07395,60
P03372,A07397,65
P03372,A07400,67
P03372,A07401,68
P03372,A07991,10
P03372,A11511,13
P03372,A11512,38
P03372,A11513,1
P03372,A11514,42
P03372,A11515,48
P03373,A04020,4
P03373,A07515,2
P03373,A07516,3
P03373,A07517,1
P03374,A03415,2
P03374,A07544,6
P03374,A08545,5
P03374,A10963,4
P03374,A11040,7
P03374,A11526,1
P03374,A11527,3
P03374,A11528,8
P03375,A01821,3
P03375,A03904,4
P03375,A05015,5
P03375,A06980,2
P03375,A08236,1
P03376,A02300,4
P03376,A02303,7
P03376,A02759,1
P03376,A05074,5
P03376,A05082,6
P03376,A09425,2
P03376,A09427,3
P03376,A09428,8
P03377,A11529,1
P03377,A11530,2
P03377,A11531,3
P03377,A11532,4
P03377,A11533,5
P03377,A11534,6
P03377,A11535,7
P03377,A11536,8
P03377,A11537,9
P03377,A11538,10
P03377,A11539,11
P03377,A11540,12
P03377,A11541,13
P03377,A11542,14
P03377,A11543,15
P03377,A11544,16
P03377,A11545,17
P03377,A11546,18
P03377,A11547,19
P03377,A11548,20
P03377,A11549,21
P03377,A11550,22
P03377,A11551,23
P03377,A11552,24
P03377,A11553,25
P03377,A11554,26
P03378,A07522,1
P03378,A07523,2
P03378,A07524,4
P03378,A07525,9
P03378,A07526,6
P03378,A11555,3
P03378,A11556,5
P03378,A11557,7
P03378,A11558,8
P03379,A00849,7
P03379,A00951,2
P03379,A02216,6
P03379,A03901,5
P03379,A11166,1
P03379,A11559,3
P03379,A11560,4
P03380,A00290,3
P03380,A00448,5
P03380,A01227,2
P03380,A03418,4
P03380,A03450,1
P03381,A07417,2
P03381,A07418,4
P03381,A07419,3
P03381,A11561,1
P03381,A11562,5
P03381,A11563,6
P03382,A06785,1
P03382,A11564,2
P03382,A11565,3
P03383,A10721,3
P03383,A11566,1
P03383,A11567,2
P03383,A11568,4
P03383,A11569,5
P03383,A11570,6
P03384,A11571,1
P03384,A11572,2
P03384,A11573,3
P03384,A11574,4
P03384,A11575,5
P03384,A11576,6
P03385,A03380,2
P03385,A11577,1
P03386,A00570,7
P03386,A02600,4
P03386,A02721,3
P03386,A03044,6
P03386,A03671,1
P03386,A07852,5
P03386,A11578,2
P03387,A01183,1
P03388,A05241,3
P03388,A08560,2
P03388,A11579,1
P03388,A11580,4
P03388,A11581,5
P03389,A10701,10
P03389,A11580,11
P03389,A11582,1
P03389,A11583,2
P03389,A11584,3
P03389,A11585,4
P03389,A11586,5
P03389,A11587,6
P03389,A11588,7
P03389,A11589,8
P03389,A11590,9
P03389,A11591,12
P03389,A11592,13
P03389,A11593,14
P03389,A11594,15
P03389,A11595,16
P03389,A11596,17
P03389,A11597,18
P03389,A11598,19
P03389,A11599,20
P03389,A11600,21
P03389,A11601,22
P03390,A04797,13
P03390,A11602,1
P03390,A11603,2
P03390,A11604,3
P03390,A11605,4
P03390,A11606,5
P03390,A11607,6
P03390,A11608,7
P03390,A11609,8
P03390,A11610,9
P03390,A11611,10
P03390,A11612,11
P03390,A11613,12
P03390,A11614,14
P03391,A02721,5
P03391,A02885,4
P03391,A03044,1
P03391,A10740,3
P03391,A11615,2
P03392,A00614,4
P03392,A02034,8
P03392,A02554,5
P03392,A03162,3
P03392,A07789,6
P03392,A08309,1
P03392,A11616,2
P03392,A11617,7
P03393,A06925,3
P03393,A07842,2
P03393,A11494,1
P03394,A05222,7
P03394,A08610,6
P03394,A08611,5
P03394,A08613,8
P03394,A08621,9
P03394,A08630,11
P03394,A08645,10
P03394,A08646,13
P03394,A11618,1
P03394,A11619,2
P03394,A11620,3
P03394,A11621,4
P03394,A11622,12
P03395,A11503,5
P03395,A11623,1
P03395,A11624,2
P03395,A11625,3
P03395,A11626,4
P03395,A11627,6
P03395,A11628,7
P03395,A11629,8
P03395,A11630,9
P03395,A11631,10
P03395,A11632,11
P03395,A11633,12
P03395,A11634,13
P03395,A11635,14
P03395,A11636,15
P03395,A11637,16
P03395,A11638,17
P03395,A11639,18
P03395,A11640,19
P03395,A11641,20
P03395,A11642,21
P03395,A11643,22
P03395,A11644,23
P03395,A11645,24
P03395,A11646,25
P03395,A11647,26
P03396,A11648,1
P03396,A11649,2
P03396,A11650,3
P03396,A11651,4
P03396,A11652,5
P03396,A11653,6
P03396,A11654,7
P03396,A11655,8
P03396,A11656,9
P03396,A11657,10
P03397,A06971,8
P03397,A06972,2
P03397,A07143,10
P03397,A07157,9
P03397,A11658,1
P03397,A11659,3
P03397,A11660,4
P03397,A11661,5
P03397,A11662,6
P03397,A11663,7
P03398,A00492,3
P03398,A04800,2
P03398,A11664,1
P03398,A11665,4
P03398,A11666,5
P03398,A11667,6
P03398,A11668,7
P03399,A00562,2
P03399,A11669,1
P03400,A00837,6
P03400,A01550,4
P03400,A01551,3
P03400,A03319,5
P03400,A04655,2
P03400,A11670,1
P03401,A01596,4
P03401,A06981,2
P03401,A11671,1
P03401,A11672,3
P03402,A03396,1
P03402,A07407,5
P03402,A11673,2
P03402,A11674,3
P03402,A11675,4
P03402,A11676,6
P03403,A08175,1
P03403,A08176,5
P03403,A08177,2
P03403,A11677,3
P03403,A11678,4
P03404,A04300,2
P03404,A04301,3
P03404,A04303,7
P03404,A11679,1
P03404,A11680,4
P03404,A11681,5
P03404,A11682,6
P03404,A11683,8
P03405,A00314,38
P03405,A00440,36
P03405,A00670,35
P03405,A00767,19
P03405,A00785,2
P03405,A00790,13
P03405,A00791,18
P03405,A00797,29
P03405,A00867,12
P03405,A00967,31
P03405,A00985,28
P03405,A01209,37
P03405,A01377,27
P03405,A01415,26
P03405,A01473,16
P03405,A01634,4
P03405,A01727,34
P03405,A01927,11
P03405,A01999,33
P03405,A02081,30
P03405,A02156,14
P03405,A03686,20
P03405,A03701,6
P03405,A03706,15
P03405,A03711,21
P03405,A03719,10
P03405,A03981,5
P03405,A04090,32
P03405,A04161,24
P03405,A04162,25
P03405,A04350,40
P03405,A04355,1
P03405,A04362,17
P03405,A10843,3
P03405,A11101,8
P03405,A11684,7
P03405,A11685,9
P03405,A11686,22
P03405,A11687,23
P03405,A11688,39
P03406,A11689,1
P03406,A11690,2
P03406,A11691,3
P03406,A11692,4
P03406,A11693,5
P03406,A11694,6
P03407,A05222,14
P03407,A07353,23
P03407,A08610,5
P03407,A08617,10
P03407,A08619,3
P03407,A08620,1
P03407,A08632,11
P03407,A08633,6
P03407,A08635,7
P03407,A08639,8
P03407,A08643,9
P03407,A08644,16
P03407,A08645,4
P03407,A08646,25
P03407,A08725,13
P03407,A08771,2
P03407,A08776,24
P03407,A08948,20
P03407,A08958,21
P03407,A09003,15
P03407,A09076,12
P03407,A11695,17
P03407,A11696,18
P03407,A11697,19
P03407,A11698,22
P03408,A02297,1
P03408,A07518,2
P03408,A11335,3
P03409,A02579,1
P03409,A11699,2
P03409,A11700,3
P03410,A07042,9
P03410,A07045,6
P03410,A07046,8
P03410,A09365,2
P03410,A11701,1
P03410,A11702,3
P03410,A11703,4
P03410,A11704,5
P03410,A11705,7
P03411,A00290,6
P03411,A00431,8
P03411,A00448,7
P03411,A00562,2
P03411,A02126,4
P03411,A04843,1
P03411,A04844,5
P03411,A04845,3
P03412,A11706,1
P03412,A11707,2
P03412,A11708,3
P03412,A11709,4
P03412,A11710,5
P03412,A11711,6
P03413,A11712,1
P03414,A11713,1
P03414,A11714,2
P03415,A11715,1
P03415,A11716,2
P03415,A11717,3
P03415,A11718,4
P03415,A11719,5
P03416,A11720,1
P03416,A11721,2
P03416,A11722,3
P03416,A11723,4
P03416,A11724,5
P03416,A11725,6
P03416,A11726,7
P03416,A11727,8
P03416,A11728,9
P03416,A11729,10
P03416,A11730,11
P03417,A04102,10
P03417,A08195,5
P03417,A08196,1
P03417,A08198,2
P03417,A09631,11
P03417,A09633,7
P03417,A11731,3
P03417,A11732,4
P03417,A11733,6
P03417,A11734,8
P03417,A11735,9
P03417,A11736,12
P03417,A11737,13
P03418,A00892,1
P03418,A11738,2
P03418,A11739,3
P03419,A03808,1
P03419,A03809,2
P03420,A01989,2
P03420,A02569,3
P03420,A10544,1
P03421,A07437,7
P03421,A08174,8
P03421,A08377,2
P03421,A08381,3
P03421,A08382,5
P03421,A11740,1
P03421,A11741,4
P03421,A11742,6
P03422,A04551,11
P03422,A11743,1
P03422,A11744,2
P03422,A11745,3
P03422,A11746,4
P03422,A11747,5
P03422,A11748,6
P03422,A11749,7
P03422,A11750,8
P03422,A11751,9
P03422,A11752,10
P03422,A11753,12
P03422,A11754,13
P03422,A11755,14
P03422,A11756,15
P03422,A11757,16
P03423,A07430,3
P03423,A09458,4
P03423,A11758,1
P03423,A11759,2
P03423,A11760,5
P03423,A11761,6
P03424,A00833,2
P03424,A01668,1
P03424,A07634,3
P03424,A08312,4
P03424,A08313,5
P03424,A08314,6
P03425,A00833,2
P03425,A01668,6
P03425,A07634,1
P03425,A08312,3
P03425,A08313,5
P03425,A08314,4
P03426,A10717,1
P03427,A01550,7
P03427,A04655,6
P03427,A10725,2
P03427,A11119,4
P03427,A11762,1
P03427,A11763,3
P03427,A11764,5
P03428,A03317,4
P03428,A07544,5
P03428,A07891,3
P03428,A08045,8
P03428,A08046,2
P03428,A11765,1
P03428,A11766,6
P03428,A11767,7
P03428,A11768,9
P03429,A00631,2
P03429,A01499,6
P03429,A02460,1
P03429,A03422,5
P03429,A07789,3
P03429,A11769,4
P03430,A07418,1
P03430,A10773,3
P03430,A11770,2
P03430,A11771,4
P03430,A11772,5
P03431,A00905,2
P03431,A03418,3
P03431,A07131,1
P03431,A11773,4
P03432,A11774,1
P03432,A11775,2
P03432,A11776,3
P03432,A11777,4
P03432,A11778,5
P03432,A11779,6
P03433,A11780,1
P03433,A11781,2
P03433,A11782,3
P03433,A11783,4
P03433,A11784,5
P03433,A11785,6
P03433,A11786,7
P03433,A11787,8
P03433,A11788,9
P03433,A11789,10
P03433,A11790,11
P03433,A11791,12
P03433,A11792,13
P03433,A11793,14
P03433,A11794,15
P03433,A11795,16
P03433,A11796,17
P03433,A11797,18
P03433,A11798,19
P03433,A11799,20
P03433,A11800,21
P03433,A11801,22
P03433,A11802,23
P03433,A11803,24
P03433,A11804,25
P03433,A11805,26
P03433,A11806,27
P03433,A11807,28
P03433,A11808,29
P03433,A11809,30
P03433,A11810,31
P03433,A11811,32
P03434,A00276,4
P03434,A01915,7
P03434,A02255,9
P03434,A03272,2
P03434,A04623,1
P03434,A11812,3
P03434,A11813,5
P03434,A11814,6
P03434,A11815,8
P03435,A01738,8
P03435,A04293,7
P03435,A10986,2
P03435,A11816,1
P03435,A11817,3
P03435,A11818,4
P03435,A11819,5
P03435,A11820,6
P03436,A00629,3
P03436,A02623,4
P03436,A11821,1
P03436,A11822,2
P03437,A01751,6
P03437,A03062,2
P03437,A04691,3
P03437,A11823,1
P03437,A11824,4
P03437,A11825,5
P03438,A00723,2
P03438,A01499,3
P03438,A11826,1
P03439,A02425,3
P03439,A03541,2
P03439,A04325,1
P03440,A07410,1
P03440,A07412,3
P03440,A07413,2
P03440,A07415,4
P03441,A11827,1
P03441,A11828,2
P03441,A11829,3
P03442,A01287,5
P03442,A02297,2
P03442,A03408,3
P03442,A04755,1
P03442,A05122,4
P03442,A10829,6
P03443,A02986,4
P03443,A03448,5
P03443,A04937,2
P03443,A09336,6
P03443,A11830,1
P03443,A11831,3
P03443,A11832,7
P03443,A11833,8
P03444,A11834,1
P03444,A11835,2
P03444,A11836,3
P03445,A11837,1
P03445,A11838,2
P03445,A11839,3
P03445,A11840,4
P03445,A11841,5
P03445,A11842,6
P03445,A11843,7
P03445,A11844,8
P03445,A11845,9
P03445,A11846,10
P03446,A02257,5
P03446,A05152,11
P03446,A11847,1
P03446,A11848,2
P03446,A11849,3
P03446,A11850,4
P03446,A11851,6
P03446,A11852,7
P03446,A11853,8
P03446,A11854,9
P03446,A11855,10
P03446,A11856,12
P03446,A11857,13
P03446,A11858,14
P03446,A11859,15
P03447,A00983,3
P03447,A01986,6
P03447,A02131,7
P03447,A02788,4
P03447,A02789,5
P03447,A11860,1
P03447,A11861,2
P03447,A11862,8
P03447,A11863,9
P03448,A11864,1
P03448,A11865,2
P03448,A11866,3
P03449,A00629,4
P03449,A11867,1
P03449,A11868,2
P03449,A11869,3
P03450,A02817,2
P03450,A11870,1
P03451,A02997,9
P03451,A07894,3
P03451,A11871,1
P03451,A11872,2
P03451,A11873,4
P03451,A11874,5
P03451,A11875,6
P03451,A11876,7
P03451,A11877,8
P03451,A11878,10
P03451,A11879,11
P03451,A11880,12
P03451,A11881,13
P03452,A02580,2
P03452,A04310,3
P03452,A11882,1
P03453,A00877,8
P03453,A01227,9
P03453,A02620,1
P03453,A02830,10
P03453,A03291,4
P03453,A03421,6
P03453,A03432,7
P03453,A10897,2
P03453,A11883,3
P03453,A11884,5
P03454,A00867,6
P03454,A01111,1
P03454,A02171,9
P03454,A03677,12
P03454,A03701,8
P03454,A04161,3
P03454,A07272,16
P03454,A08712,15
P03454,A10459,11
P03454,A10500,10
P03454,A11885,2
P03454,A11886,4
P03454,A11887,5
P03454,A11888,7
P03454,A11889,13
P03454,A11890,14
P03454,A11891,17
P03455,A10665,1
P03455,A10666,2
P03456,A10091,6
P03456,A10096,2
P03456,A11892,1
P03456,A11893,3
P03456,A11894,4
P03456,A11895,5
P03456,A11896,7
P03456,A11897,8
P03456,A11898,9
P03456,A11899,10
P03457,A01511,6
P03457,A02407,3
P03457,A02563,4
P03457,A04469,2
P03457,A11900,1
P03457,A11901,5
P03458,A01833,8
P03458,A05222,5
P03458,A07353,7
P03458,A08368,14
P03458,A08610,1
P03458,A08614,9
P03458,A08615,11
P03458,A08619,3
P03458,A08620,15
P03458,A08621,6
P03458,A08627,16
P03458,A08632,2
P03458,A08633,10
P03458,A08635,4
P03458,A08646,18
P03458,A08963,17
P03458,A09515,12
P03458,A09516,13
P03459,A02407,2
P03459,A04469,3
P03459,A11900,1
P03459,A11901,4
P03459,A11902,5
P03460,A00605,1
P03460,A01418,9
P03460,A01477,5
P03460,A02084,6
P03460,A03527,7
P03460,A05529,8
P03460,A09806,3
P03460,A09808,10
P03460,A09811,11
P03460,A09813,13
P03460,A09814,12
P03460,A11336,2
P03460,A11903,4
P03461,A00824,12
P03461,A00843,13
P03461,A00875,14
P03461,A00877,8
P03461,A01227,4
P03461,A01678,11
P03461,A02464,5
P03461,A03527,6
P03461,A08038,2
P03461,A09777,1
P03461,A10772,3
P03461,A11904,7
P03461,A11905,9
P03461,A11906,10
P03462,A01504,2
P03462,A04179,1
P03462,A04180,3
P03462,A07886,6
P03462,A10298,5
P03462,A11907,4
P03463,A00421,7
P03463,A00562,10
P03463,A02773,2
P03463,A03408,1
P03463,A10861,8
P03463,A10862,5
P03463,A11669,6
P03463,A11908,3
P03463,A11909,4
P03463,A11910,9
P03464,A11911,1
P03464,A11912,2
P03464,A11913,3
P03464,A11914,4
P03465,A00066,12
P03465,A00723,9
P03465,A00865,8
P03465,A01299,2
P03465,A01475,5
P03465,A01678,13
P03465,A01752,10
P03465,A02034,1
P03465,A02652,6
P03465,A02990,15
P03465,A03297,4
P03465,A03901,7
P03465,A05529,11
P03465,A07789,3
P03465,A11915,14
P03466,A07036,11
P03466,A07157,13
P03466,A07174,5
P03466,A11916,1
P03466,A11917,2
P03466,A11918,3
P03466,A11919,4
P03466,A11920,6
P03466,A11921,7
P03466,A11922,8
P03466,A11923,9
P03466,A11924,10
P03466,A11925,12
P03466,A11926,14
P03466,A11927,15
P03466,A11928,16
P03466,A11929,17
P03466,A11930,18
P03466,A11931,19
P03467,A00874,2
P03467,A11932,1
P03467,A11933,3
P03468,A05222,7
P03468,A08610,6
P03468,A08611,4
P03468,A08621,8
P03468,A08630,13
P03468,A08646,14
P03468,A09515,11
P03468,A09516,5
P03468,A11618,3
P03468,A11619,2
P03468,A11620,10
P03468,A11621,1
P03468,A11622,12
P03468,A11934,9
P03469,A04540,2
P03469,A05189,4
P03469,A07598,3
P03469,A11935,1
P03470,A00448,4
P03470,A00570,5
P03470,A00819,2
P03470,A00892,1
P03470,A02600,3
P03471,A00196,4
P03471,A00629,2
P03471,A04325,3
P03471,A11936,1
P03472,A10665,1
P03473,A00517,2
P03473,A00834,5
P03473,A02725,4
P03473,A04907,3
P03473,A05480,1
P03473,A11937,6
P03474,A06882,1
P03474,A11938,2
P03474,A11939,3
P03474,A11940,4
P03474,A11941,5
P03475,A01421,3
P03475,A08398,4
P03475,A08399,2
P03475,A10829,5
P03475,A11942,1
P03476,A00570,6
P03476,A00805,7
P03476,A02600,2
P03476,A03310,8
P03476,A03527,5
P03476,A10242,4
P03476,A10569,3
P03476,A11943,1
P03477,A02034,1
P03477,A03396,3
P03477,A08166,2
P03477,A08182,4
P03477,A11944,5
P03478,A07764,1
P03478,A11945,2
P03478,A11946,3
P03478,A11947,4
P03478,A11948,5
P03478,A11949,6
P03478,A11950,7
P03478,A11951,8
P03478,A11952,9
P03478,A11953,10
P03478,A11954,11
P03478,A11955,12
P03479,A11956,1
P03479,A11957,2
P03479,A11958,3
P03479,A11959,4
P03479,A11960,5
P03479,A11961,6
P03479,A11962,7
P03479,A11963,8
P03479,A11964,9
P03480,A02026,4
P03480,A08199,2
P03480,A08200,1
P03480,A11965,3
P03481,A00937,4
P03481,A11966,1
P03481,A11967,2
P03481,A11968,3
P03481,A11969,5
P03482,A03396,2
P03482,A07809,4
P03482,A11970,1
P03482,A11971,3
P03483,A03272,2
P03483,A11972,1
P03484,A00447,2
P03484,A00709,4
P03484,A00747,6
P03484,A01288,3
P03484,A05406,8
P03484,A07518,1
P03484,A07580,7
P03484,A07634,5
P03484,A11973,9
P03485,A00290,10
P03485,A00570,8
P03485,A00843,9
P03485,A02600,1
P03485,A11974,2
P03485,A11975,3
P03485,A11976,4
P03485,A11977,5
P03485,A11978,6
P03485,A11979,7
P03486,A06814,2
P03486,A11980,1
P03487,A04760,3
P03487,A07535,10
P03487,A11029,1
P03487,A11030,2
P03487,A11031,5
P03487,A11032,13
P03487,A11033,4
P03487,A11034,8
P03487,A11037,14
P03487,A11981,6
P03487,A11982,7
P03487,A11983,9
P03487,A11984,11
P03487,A11985,12
P03487,A11986,15
P03487,A11987,16
P03488,A01678,4
P03488,A02600,2
P03488,A05137,1
P03488,A11988,3
P03489,A00612,2
P03489,A02084,1
P03489,A02732,3
P03489,A04471,4
P03490,A00006,5
P03490,A00806,7
P03490,A02512,2
P03490,A04210,3
P03490,A11989,1
P03490,A11990,4
P03490,A11991,6
P03491,A01511,6
P03491,A09652,3
P03491,A11992,1
P03491,A11993,2
P03491,A11994,4
P03491,A11995,5
P03492,A04791,1
P03492,A06798,4
P03492,A10264,7
P03492,A10267,5
P03492,A11996,2
P03492,A11997,3
P03492,A11998,6
P03492,A11999,8
P03493,A00507,5
P03493,A00824,2
P03493,A01991,4
P03493,A03291,3
P03493,A07623,1
P03494,A02056,8
P03494,A03021,5
P03494,A04274,4
P03494,A04497,10
P03494,A12000,1
P03494,A12001,2
P03494,A12002,3
P03494,A12003,6
P03494,A12004,7
P03494,A12005,9
P03495,A05105,8
P03495,A08692,7
P03495,A09457,2
P03495,A09458,1
P03495,A11758,3
P03495,A11759,6
P03495,A12006,4
P03495,A12007,5
P03496,A00905,2
P03496,A04992,1
P03496,A08020,3
P03497,A05006,3
P03497,A12008,1
P03497,A12009,2
P03497,A12010,4
P03498,A12011,1
P03498,A12012,2
P03498,A12013,3
P03498,A12014,4
P03498,A12015,5
P03498,A12016,6
P03498,A12017,7
P03498,A12018,8
P03498,A12019,9
P03498,A12020,10
P03498,A12021,11
P03498,A12022,12
P03498,A12023,13
P03498,A12024,14
P03498,A12025,15
P03498,A12026,16
P03498,A12027,17
P03498,A12028,18
P03498,A12029,19
P03498,A12030,20
P03498,A12031,21
P03498,A12032,22
P03498,A12033,23
P03498,A12034,24
P03498,A12035,25
P03498,A12036,26
P03498,A12037,27
P03498,A12038,28
P03498,A12039,29
P03498,A12040,30
P03498,A12041,31
P03498,A12042,32
P03498,A12043,33
P03498,A12044,34
P03498,A12045,35
P03498,A12046,36
P03498,A12047,37
P03498,A12048,38
P03498,A12049,39
P03498,A12050,40
P03498,A12051,41
P03498,A12052,42
P03498,A12053,43
P03498,A12054,44
P03498,A12055,45
P03498,A12056,46
P03498,A12057,47
P03498,A12058,48
P03498,A12059,49
P03498,A12060,50
P03498,A12061,51
P03498,A12062,52
P03498,A12063,53
P03498,A12064,54
P03498,A12065,55
P03498,A12066,56
P03499,A04052,7
P03499,A12067,1
P03499,A12068,2
P03499,A12069,3
P03499,A12070,4
P03499,A12071,5
P03499,A12072,6
P03499,A12073,8
P03499,A12074,9
P03500,A00788,12
P03500,A00987,4
P03500,A01014,2
P03500,A01045,6
P03500,A01377,13
P03500,A01780,14
P03500,A02194,3
P03500,A05418,5
P03500,A10242,1
P03500,A10243,8
P03500,A11991,10
P03500,A12075,7
P03500,A12076,9
P03500,A12077,11
P03502,A12078,1
P03502,A12079,2
P03502,A12080,3
P03502,A12081,4
P03502,A12082,5
P03502,A12083,6
P03502,A12084,7
P03503,A00272,2
P03503,A00622,3
P03503,A12085,1
P03504,A00629,1
P03504,A11023,2
P03505,A03773,2
P03505,A04199,3
P03505,A12086,1
P03505,A12087,4
P03506,A00266,1
P03506,A00432,6
P03506,A00507,5
P03506,A01823,4
P03506,A07285,3
P03506,A12088,2
P03507,A05012,2
P03507,A05015,1
P03507,A07884,7
P03507,A11203,3
P03507,A11904,8
P03507,A12089,4
P03507,A12090,5
P03507,A12091,6
P03507,A12092,9
P03508,A00066,6
P03508,A00727,3
P03508,A01443,11
P03508,A02125,2
P03508,A02407,9
P03508,A04045,1
P03508,A04047,7
P03508,A12093,4
P03508,A12094,5
P03508,A12095,8
P03508,A12096,10
P03509,A05466,4
P03509,A12097,1
P03509,A12098,2
P03509,A12099,3
P03509,A12100,5
P03509,A12101,6
P03509,A12102,7
P03510,A02255,5
P03510,A04574,4
P03510,A10153,3
P03510,A11070,2
P03510,A12103,1
P03511,A00820,2
P03511,A03092,3
P03511,A12104,1
P03512,A05222,7
P03512,A07353,15
P03512,A08610,2
P03512,A08614,12
P03512,A08615,11
P03512,A08617,1
P03512,A08619,3
P03512,A08620,4
P03512,A08621,18
P03512,A08625,13
P03512,A08627,9
P03512,A08632,14
P03512,A08633,6
P03512,A08635,5
P03512,A08639,17
P03512,A08644,8
P03512,A08646,19
P03512,A08719,10
P03512,A08914,16
P03513,A04971,1
P03513,A05227,6
P03513,A09086,7
P03513,A12105,2
P03513,A12106,3
P03513,A12107,4
P03513,A12108,5
P03513,A12109,8
P03513,A12110,9
P03513,A12111,10
P03513,A12112,11
P03513,A12113,12
P03513,A12114,13
P03513,A12115,14
P03513,A12116,15
P03513,A12117,16
P03513,A12118,17
P03513,A12119,18
P03513,A12120,19
P03513,A12121,20
P03514,A00714,3
P03514,A00720,4
P03514,A01596,1
P03514,A04398,2
P03515,A00622,8
P03515,A02661,1
P03515,A02722,9
P03515,A02723,4
P03515,A03971,6
P03515,A04655,3
P03515,A05396,7
P03515,A12122,2
P03515,A12123,5
P03516,A02464,1
P03516,A02601,2
P03516,A02718,4
P03516,A07852,7
P03516,A07944,3
P03516,A12124,5
P03516,A12125,6
P03517,A02661,1
P03518,A07040,1
P03518,A12126,2
P03518,A12127,3
P03518,A12128,4
P03518,A12129,5
P03518,A12130,6
P03519,A01784,1
P03519,A02425,3
P03519,A12131,2
P03519,A12132,4
P03520,A00824,2
P03520,A00877,6
P03520,A04586,4
P03520,A07623,1
P03520,A08690,5
P03520,A12133,3
P03520,A12134,7
P03520,A12135,8
P03520,A12136,9
P03521,A01233,2
P03521,A04961,1
P03522,A01450,7
P03522,A01801,53
P03522,A11597,34
P03522,A11600,49
P03522,A12137,1
P03522,A12138,2
P03522,A12139,3
P03522,A12140,4
P03522,A12141,5
P03522,A12142,6
P03522,A12143,8
P03522,A12144,9
P03522,A12145,10
P03522,A12146,11
P03522,A12147,12
P03522,A12148,13
P03522,A12149,14
P03522,A12150,15
P03522,A12151,16
P03522,A12152,17
P03522,A12153,18
P03522,A12154,19
P03522,A12155,20
P03522,A12156,21
P03522,A12157,22
P03522,A12158,23
P03522,A12159,24
P03522,A12160,25
P03522,A12161,26
P03522,A12162,27
P03522,A12163,28
P03522,A12164,29
P03522,A12165,30
P03522,A12166,31
P03522,A12167,32
P03522,A12168,33
P03522,A12169,35
P03522,A12170,36
P03522,A12171,37
P03522,A12172,38
P03522,A12173,39
P03522,A12174,40
P03522,A12175,41
P03522,A12176,42
P03522,A12177,43
P03522,A12178,44
P03522,A12179,45
P03522,A12180,46
P03522,A12181,47
P03522,A12182,48
P03522,A12183,50
P03522,A12184,51
P03522,A12185,52
P03522,A12186,54
P03522,A12187,55
P03522,A12188,56
P03523,A00033,3
P03523,A00863,2
P03523,A01834,1
P03524,A04958,4
P03524,A12189,1
P03524,A12190,2
P03524,A12191,3
P03524,A12192,5
P03525,A01649,5
P03525,A03291,1
P03525,A07439,4
P03525,A12193,2
P03525,A12194,3
P03526,A00605,6
P03526,A01510,10
P03526,A02390,14
P03526,A02652,12
P03526,A02732,9
P03526,A02895,2
P03526,A04189,5
P03526,A04191,8
P03526,A05282,11
P03526,A05527,4
P03526,A08351,7
P03526,A11131,3
P03526,A11134,13
P03526,A12195,1
P03526,A12196,15
P03527,A00511,4
P03527,A00950,5
P03527,A01649,6
P03527,A02308,2
P03527,A12197,1
P03527,A12198,3
P03528,A00130,2
P03528,A00263,8
P03528,A00709,4
P03528,A05050,7
P03528,A07579,3
P03528,A07580,5
P03528,A12199,1
P03528,A12200,6
P03529,A12201,1
P03529,A12202,2
P03529,A12203,3
P03529,A12204,4
P03529,A12205,5
P03529,A12206,6
P03530,A00723,13
P03530,A00724,10
P03530,A01769,12
P03530,A02124,5
P03530,A02125,2
P03530,A02461,11
P03530,A03168,4
P03530,A03758,8
P03530,A03932,6
P03530,A06785,3
P03530,A11018,1
P03530,A11234,7
P03530,A11235,9
P03531,A02759,14
P03531,A03373,5
P03531,A05074,6
P03531,A07185,7
P03531,A07293,2
P03531,A07294,12
P03531,A07297,4
P03531,A07300,11
P03531,A07923,15
P03531,A09496,13
P03531,A12207,1
P03531,A12208,3
P03531,A12209,8
P03531,A12210,9
P03531,A12211,10
P03532,A00421,1
P03532,A02308,2
P03532,A02464,4
P03532,A03408,3
P03532,A03418,5
P03532,A11187,6
P03533,A04791,2
P03533,A06798,3
P03533,A10265,5
P03533,A10267,4
P03533,A12212,1
P03533,A12213,6
P03533,A12214,7
P03533,A12215,8
P03534,A12216,1
P03534,A12217,2
P03534,A12218,3
P03534,A12219,4
P03534,A12220,5
P03535,A00562,4
P03535,A02846,2
P03535,A10127,3
P03535,A12221,1
P03536,A01678,6
P03536,A02464,4
P03536,A02601,2
P03536,A02716,5
P03536,A12125,1
P03536,A12222,3
P03537,A07437,5
P03537,A08382,3
P03537,A10929,1
P03537,A12223,2
P03537,A12224,4
P03538,A12225,1
P03538,A12226,2
P03538,A12227,3
P03538,A12228,4
P03538,A12229,5
P03538,A12230,6
P03538,A12231,7
P03538,A12232,8
P03539,A00629,3
P03539,A12233,1
P03539,A12234,2
P03539,A12235,4
P03540,A05052,2
P03540,A12236,1
P03540,A12237,3
P03540,A12238,4
P03540,A12239,5
P03540,A12240,6
P03541,A00723,5
P03541,A00731,4
P03541,A01066,2
P03541,A01822,3
P03541,A02183,6
P03541,A02399,1
P03541,A03271,7
P03542,A07046,3
P03542,A10696,1
P03542,A10697,2
P03542,A10699,7
P03542,A10700,5
P03542,A10702,6
P03542,A10705,4
P03542,A10712,10
P03542,A10713,11
P03542,A12241,8
P03542,A12242,9
P03542,A12243,12
P03542,A12244,13
P03543,A00622,5
P03543,A03402,6
P03543,A04478,3
P03543,A04480,4
P03543,A04815,2
P03543,A05487,1
P03543,A07879,7
P03544,A00622,4
P03544,A00723,2
P03544,A07438,1
P03544,A10749,3
P03545,A01402,5
P03545,A04021,4
P03545,A04792,3
P03545,A06785,2
P03545,A12245,1
P03546,A00006,8
P03546,A00806,7
P03546,A01237,9
P03546,A02988,6
P03546,A03945,2
P03546,A04159,3
P03546,A04210,5
P03546,A05297,11
P03546,A12246,1
P03546,A12247,4
P03546,A12248,10
P03546,A12249,12
P03547,A03936,6
P03547,A04156,5
P03547,A04158,8
P03547,A05213,3
P03547,A05216,2
P03547,A12250,1
P03547,A12251,4
P03547,A12252,7
P03548,A00814,3
P03548,A02308,6
P03548,A03408,5
P03548,A05247,1
P03548,A08496,2
P03548,A12253,4
P03549,A01274,2
P03549,A01307,4
P03549,A12254,1
P03549,A12255,3
P03549,A12256,5
P03550,A00562,3
P03550,A10127,2
P03550,A12257,1
P03551,A00490,2
P03551,A00815,3
P03551,A05492,4
P03551,A11142,1
P03552,A00066,6
P03552,A00614,3
P03552,A01233,1
P03552,A01447,7
P03552,A01727,5
P03552,A07928,2
P03552,A12258,4
P03553,A00723,2
P03553,A04299,1
P03553,A04300,3
P03553,A04301,4
P03553,A04302,5
P03553,A04303,6
P03554,A00562,3
P03554,A02243,2
P03554,A02846,1
P03555,A00814,1
P03555,A00824,3
P03555,A00843,4
P03555,A03966,2
P03556,A12259,1
P03557,A00443,2
P03557,A12260,1
P03557,A12261,3
P03558,A12262,1
P03558,A12263,2
P03558,A12264,3
P03559,A09394,2
P03559,A09395,6
P03559,A12265,1
P03559,A12266,3
P03559,A12267,4
P03559,A12268,5
P03559,A12269,7
P03559,A12270,8
P03559,A12271,9
P03559,A12272,10
P03560,A00843,7
P03560,A00877,5
P03560,A02997,2
P03560,A03623,8
P03560,A04469,6
P03560,A10718,11
P03560,A10719,10
P03560,A10750,9
P03560,A11207,1
P03560,A11338,3
P03560,A12273,4
P03561,A00627,10
P03561,A00725,11
P03561,A01405,21
P03561,A01421,24
P03561,A01678,7
P03561,A02047,5
P03561,A02148,18
P03561,A02151,4
P03561,A02602,3
P03561,A02958,6
P03561,A02959,28
P03561,A02960,30
P03561,A05017,15
P03561,A05190,2
P03561,A05191,14
P03561,A05260,12
P03561,A05410,27
P03561,A12274,1
P03561,A12275,8
P03561,A12276,9
P03561,A12277,13
P03561,A12278,16
P03561,A12279,17
P03561,A12280,19
P03561,A12281,20
P03561,A12282,22
P03561,A12283,23
P03561,A12284,25
P03561,A12285,26
P03561,A12286,29
P03562,A04792,1
P03562,A06981,2
P03562,A10288,3
P03562,A12287,4
P03563,A10615,2
P03563,A10616,3
P03563,A11232,4
P03563,A12288,1
P03563,A12289,5
P03563,A12290,6
P03564,A00570,7
P03564,A01307,3
P03564,A02554,5
P03564,A02843,4
P03564,A03131,2
P03564,A03162,1
P03564,A12291,6
P03565,A01028,2
P03565,A02009,1
P03565,A03966,4
P03565,A06977,3
P03565,A06980,5
P03566,A00511,4
P03566,A00950,5
P03566,A01649,6
P03566,A02308,3
P03566,A12197,1
P03566,A12292,2
P03567,A04127,90
P03567,A12293,1
P03567,A12294,2
P03567,A12295,3
P03567,A12296,4
P03567,A12297,5
P03567,A12298,6
P03567,A12299,7
P03567,A12300,8
P03567,A12301,9
P03567,A12302,10
P03567,A12303,11
P03567,A12304,12
P03567,A12305,13
P03567,A12306,14
P03567,A12307,15
P03567,A12308,16
P03567,A12309,17
P03567,A12310,18
P03567,A12311,19
P03567,A12312,20
P03567,A12313,21
P03567,A12314,22
P03567,A12315,23
P03567,A12316,24
P03567,A12317,25
P03567,A12318,26
P03567,A12319,27
P03567,A12320,28
P03567,A12321,29
P03567,A12322,30
P03567,A12323,31
P03567,A12324,32
P03567,A12325,33
P03567,A12326,34
P03567,A12327,35
P03567,A12328,36
P03567,A12329,37
P03567,A12330,38
P03567,A12331,39
P03567,A12332,40
P03567,A12333,41
P03567,A12334,42
P03567,A12335,43
P03567,A12336,44
P03567,A12337,45
P03567,A12338,46
P03567,A12339,47
P03567,A12340,48
P03567,A12341,49
P03567,A12342,50
P03567,A12343,51
P03567,A12344,52
P03567,A12345,53
P03567,A12346,54
P03567,A12347,55
P03567,A12348,56
P03567,A12349,57
P03567,A12350,58
P03567,A12351,59
P03567,A12352,60
P03567,A12353,61
P03567,A12354,62
P03567,A12355,63
P03567,A12356,64
P03567,A12357,65
P03567,A12358,66
P03567,A12359,67
P03567,A12360,68
P03567,A12361,69
P03567,A12362,70
P03567,A12363,71
P03567,A12364,72
P03567,A12365,73
P03567,A12366,74
P03567,A12367,75
P03567,A12368,76
P03567,A12369,77
P03567,A12370,78
P03567,A12371,79
P03567,A12372,80
P03567,A12373,81
P03567,A12374,82
P03567,A12375,83
P03567,A12376,84
P03567,A12377,85
P03567,A12378,86
P03567,A12379,87
P03567,A12380,88
P03567,A12381,89
P03567,A12382,91
P03567,A12383,92
P03567,A12384,93
P03567,A12385,94
P03567,A12386,95
P03567,A12387,96
P03568,A04682,6
P03568,A11086,4
P03568,A12388,1
P03568,A12389,2
P03568,A12390,3
P03568,A12391,5
P03569,A03421,4
P03569,A03432,11
P03569,A04577,15
P03569,A04588,7
P03569,A08400,13
P03569,A10586,12
P03569,A10772,3
P03569,A11454,1
P03569,A12392,2
P03569,A12393,5
P03569,A12394,6
P03569,A12395,8
P03569,A12396,9
P03569,A12397,10
P03569,A12398,14
P03570,A02759,19
P03570,A05074,7
P03570,A05076,15
P03570,A12209,11
P03570,A12399,1
P03570,A12400,2
P03570,A12401,3
P03570,A12402,4
P03570,A12403,5
P03570,A12404,6
P03570,A12405,8
P03570,A12406,9
P03570,A12407,10
P03570,A12408,12
P03570,A12409,13
P03570,A12410,14
P03570,A12411,16
P03570,A12412,17
P03570,A12413,18
P03571,A00614,8
P03571,A00723,9
P03571,A00849,7
P03571,A01233,5
P03571,A01915,6
P03571,A02293,12
P03571,A02554,11
P03571,A02843,14
P03571,A03471,10
P03571,A03941,2
P03571,A04580,4
P03571,A07789,3
P03571,A08309,1
P03571,A12414,13
P03572,A01421,13
P03572,A02620,7
P03572,A07623,4
P03572,A08237,12
P03572,A09777,1
P03572,A09808,9
P03572,A10801,5
P03572,A11187,10
P03572,A12415,2
P03572,A12416,3
P03572,A12417,6
P03572,A12418,8
P03572,A12419,11
P03573,A01477,3
P03573,A07782,2
P03573,A07783,9
P03573,A07784,8
P03573,A09737,5
P03573,A12420,1
P03573,A12421,4
P03573,A12422,6
P03573,A12423,7
P03574,A04682,9
P03574,A11086,4
P03574,A11725,1
P03574,A12388,2
P03574,A12389,8
P03574,A12390,3
P03574,A12391,7
P03574,A12424,5
P03574,A12425,6
P03575,A00066,19
P03575,A00974,21
P03575,A01317,15
P03575,A01915,10
P03575,A02125,17
P03575,A02451,16
P03575,A03286,12
P03575,A03732,11
P03575,A04045,20
P03575,A04355,2
P03575,A07789,6
P03575,A07812,18
P03575,A07853,5
P03575,A07931,14
P03575,A08307,8
P03575,A08309,7
P03575,A09714,1
P03575,A11017,13
P03575,A11101,3
P03575,A12426,4
P03575,A12427,9
P03576,A00834,7
P03576,A02809,5
P03576,A07188,1
P03576,A07189,6
P03576,A07190,4
P03576,A09206,3
P03576,A12428,2
P03577,A10267,1
P03578,A12259,2
P03578,A12429,1
P03578,A12430,3
P03578,A12431,4
P03579,A02583,3
P03579,A02601,4
P03579,A02866,9
P03579,A05196,2
P03579,A12432,1
P03579,A12433,5
P03579,A12434,6
P03579,A12435,7
P03579,A12436,8
P03579,A12437,10
P03580,A12438,1
P03580,A12439,2
P03580,A12440,3
P03580,A12441,4
P03580,A12442,5
P03580,A12443,6
P03580,A12444,7
P03580,A12445,8
P03580,A12446,9
P03580,A12447,10
P03581,A01087,10
P03581,A01297,5
P03581,A01974,9
P03581,A01976,4
P03581,A05413,2
P03581,A05447,6
P03581,A10480,11
P03581,A12448,1
P03581,A12449,3
P03581,A12450,7
P03581,A12451,8
P03581,A12452,12
P03582,A06495,51
P03582,A12453,1
P03582,A12454,2
P03582,A12455,3
P03582,A12456,4
P03582,A12457,5
P03582,A12458,6
P03582,A12459,7
P03582,A12460,8
P03582,A12461,9
P03582,A12462,10
P03582,A12463,11
P03582,A12464,12
P03582,A12465,13
P03582,A12466,14
P03582,A12467,15
P03582,A12468,16
P03582,A12469,17
P03582,A12470,18
P03582,A12471,19
P03582,A12472,20
P03582,A12473,21
P03582,A12474,22
P03582,A12475,23
P03582,A12476,24
P03582,A12477,25
P03582,A12478,26
P03582,A12479,27
P03582,A12480,28
P03582,A12481,29
P03582,A12482,30
P03582,A12483,31
P03582,A12484,32
P03582,A12485,33
P03582,A12486,34
P03582,A12487,35
P03582,A12488,36
P03582,A12489,37
P03582,A12490,38
P03582,A12491,39
P03582,A12492,40
P03582,A12493,41
P03582,A12494,42
P03582,A12495,43
P03582,A12496,44
P03582,A12497,45
P03582,A12498,46
P03582,A12499,47
P03582,A12500,48
P03582,A12501,49
P03582,A12502,50
P03582,A12503,52
P03582,A12504,53
P03582,A12505,54
P03582,A12506,55
P03582,A12507,56
P03582,A12508,57
P03582,A12509,58
P03582,A12510,59
P03582,A12511,60
P03582,A12512,61
P03582,A12513,62
P03582,A12514,63
P03582,A12515,64
P03582,A12516,65
P03582,A12517,66
P03582,A12518,67
P03583,A00290,3
P03583,A01264,4
P03583,A04438,1
P03583,A12519,2
P03584,A12520,1
P03584,A12521,2
P03584,A12522,3
P03585,A00723,4
P03585,A00865,2
P03585,A01752,3
P03585,A04299,1
P03586,A01477,2
P03586,A12523,1
P03587,A03421,3
P03587,A03432,5
P03587,A04577,7
P03587,A08400,4
P03587,A10586,6
P03587,A10587,8
P03587,A11454,1
P03587,A12392,2
P03588,A00006,3
P03588,A00806,12
P03588,A01040,11
P03588,A02988,6
P03588,A03945,2
P03588,A04159,8
P03588,A04210,4
P03588,A04976,5
P03588,A11991,10
P03588,A12524,1
P03588,A12525,7
P03588,A12526,9
P03589,A00562,10
P03589,A03408,2
P03589,A03415,9
P03589,A07544,1
P03589,A07798,5
P03589,A07799,6
P03589,A10963,8
P03589,A11040,4
P03589,A11766,3
P03589,A12527,7
P03590,A01550,8
P03590,A02580,3
P03590,A03318,7
P03590,A03319,6
P03590,A04655,2
P03590,A11117,5
P03590,A11119,4
P03590,A11670,1
P03591,A00570,5
P03591,A00805,6
P03591,A00819,3
P03591,A02600,1
P03591,A07027,4
P03591,A10125,2
P03592,A02303,22
P03592,A02759,4
P03592,A05074,6
P03592,A05075,12
P03592,A05503,3
P03592,A05523,15
P03592,A10421,2
P03592,A12528,1
P03592,A12529,5
P03592,A12530,7
P03592,A12531,8
P03592,A12532,9
P03592,A12533,10
P03592,A12534,11
P03592,A12535,13
P03592,A12536,14
P03592,A12537,16
P03592,A12538,17
P03592,A12539,18
P03592,A12540,19
P03592,A12541,20
P03592,A12542,21
P03592,A12543,23
P03592,A12544,24
P03593,A01596,3
P03593,A10801,1
P03593,A11258,2
P03594,A08606,4
P03594,A12545,1
P03594,A12546,2
P03594,A12547,3
P03595,A08017,1
P03595,A12548,2
P03595,A12549,3
P03595,A12550,4
P03595,A12551,5
P03596,A01442,2
P03596,A04924,3
P03596,A12552,1
P03597,A00843,4
P03597,A01737,1
P03597,A05251,3
P03597,A09750,2
P03597,A09751,6
P03597,A09752,5
P03597,A09754,8
P03597,A10750,7
P03598,A02483,2
P03598,A04913,5
P03598,A12553,1
P03598,A12554,3
P03598,A12555,4
P03599,A02290,3
P03599,A03297,4
P03599,A05527,2
P03599,A06981,5
P03599,A11132,8
P03599,A12195,9
P03599,A12556,1
P03599,A12557,6
P03599,A12558,7
P03600,A00211,4
P03600,A00843,2
P03600,A01317,3
P03600,A11902,5
P03600,A12559,1
P03601,A00066,4
P03601,A02125,2
P03601,A02407,3
P03601,A03671,1
P03602,A01543,7
P03602,A01751,6
P03602,A01915,3
P03602,A02125,4
P03602,A02291,14
P03602,A02451,8
P03602,A03258,13
P03602,A05121,2
P03602,A07620,20
P03602,A07812,9
P03602,A07929,11
P03602,A07930,12
P03602,A07931,15
P03602,A07932,18
P03602,A08026,16
P03602,A08027,17
P03602,A11017,10
P03602,A12560,1
P03602,A12561,5
P03602,A12562,19
P03602,A12563,21
P03603,A03255,3
P03603,A12564,1
P03603,A12565,2
P03603,A12566,4
P03603,A12567,5
P03603,A12568,6
P03603,A12569,7
P03603,A12570,8
P03604,A06925,3
P03604,A07842,2
P03604,A11494,1
P03604,A12571,4
P03605,A03748,4
P03605,A05492,2
P03605,A05494,6
P03605,A05503,1
P03605,A05516,7
P03605,A05523,5
P03605,A05524,8
P03605,A07866,3
P03606,A12572,1
P03606,A12573,2
P03606,A12574,3
P03606,A12575,4
P03607,A00905,2
P03607,A03418,4
P03607,A07131,1
P03607,A11773,3
P03608,A07441,2
P03608,A12576,1
P03608,A12577,3
P03609,A03795,2
P03609,A04323,1
P03610,A10573,2
P03610,A12578,1
P03610,A12579,3
P03611,A12580,1
P03611,A12581,2
P03611,A12582,3
P03611,A12583,4
P03611,A12584,5
P03611,A12585,6
P03611,A12586,7
P03611,A12587,8
P03611,A12588,9
P03612,A08426,1
P03612,A12589,2
P03612,A12590,3
P03612,A12591,4
P03612,A12592,5
P03612,A12593,6
P03613,A01915,6
P03613,A02280,4
P03613,A08415,1
P03613,A12594,2
P03613,A12595,3
P03613,A12596,5
P03614,A03396,5
P03614,A07407,3
P03614,A11673,4
P03614,A11674,1
P03614,A12597,2
P03615,A12598,1
P03615,A12599,2
P03615,A12600,3
P03615,A12601,4
P03615,A12602,5
P03615,A12603,6
P03615,A12604,7
P03615,A12605,8
P03615,A12606,9
P03615,A12607,10
P03615,A12608,11
P03616,A07307,8
P03616,A11778,13
P03616,A12609,1
P03616,A12610,2
P03616,A12611,3
P03616,A12612,4
P03616,A12613,5
P03616,A12614,6
P03616,A12615,7
P03616,A12616,9
P03616,A12617,10
P03616,A12618,11
P03616,A12619,12
P03616,A12620,14
P03616,A12621,15
P03617,A09793,20
P03617,A12622,1
P03617,A12623,2
P03617,A12624,3
P03617,A12625,4
P03617,A12626,5
P03617,A12627,6
P03617,A12628,7
P03617,A12629,8
P03617,A12630,9
P03617,A12631,10
P03617,A12632,11
P03617,A12633,12
P03617,A12634,13
P03617,A12635,14
P03617,A12636,15
P03617,A12637,16
P03617,A12638,17
P03617,A12639,18
P03617,A12640,19
P03617,A12641,21
P03617,A12642,22
P03617,A12643,23
P03617,A12644,24
P03617,A12645,25
P03617,A12646,26
P03617,A12647,27
P03617,A12648,28
P03617,A12649,29
P03617,A12650,30
P03617,A12651,31
P03617,A12652,32
P03617,A12653,33
P03618,A08163,6
P03618,A10684,2
P03618,A10688,17
P03618,A10689,18
P03618,A10690,9
P03618,A10691,1
P03618,A12654,3
P03618,A12655,4
P03618,A12656,5
P03618,A12657,7
P03618,A12658,8
P03618,A12659,10
P03618,A12660,11
P03618,A12661,12
P03618,A12662,13
P03618,A12663,14
P03618,A12664,15
P03618,A12665,16
P03618,A12666,19
P03618,A12667,20
P03618,A12668,21
P03618,A12669,22
P03619,A01833,4
P03619,A05222,2
P03619,A07353,6
P03619,A08610,1
P03619,A08611,19
P03619,A08612,18
P03619,A08614,16
P03619,A08615,15
P03619,A08616,7
P03619,A08617,9
P03619,A08618,10
P03619,A08619,8
P03619,A08620,17
P03619,A08621,3
P03619,A08627,23
P03619,A08630,21
P03619,A08631,22
P03619,A08632,11
P03619,A08633,13
P03619,A08637,25
P03619,A08638,26
P03619,A08644,24
P03619,A08646,30
P03619,A08725,27
P03619,A08963,29
P03619,A09105,5
P03619,A09516,20
P03619,A09774,12
P03619,A12670,14
P03619,A12671,28
P03620,A05074,5
P03620,A05076,3
P03620,A08499,1
P03620,A11422,2
P03620,A12672,4
P03621,A04147,2
P03621,A04148,4
P03621,A12673,1
P03621,A12674,3
P03622,A11086,2
P03622,A12390,4
P03622,A12675,1
P03622,A12676,3
P03622,A12677,5
P03622,A12678,6
P03622,A12679,7
P03622,A12680,8
P03622,A12681,9
P03622,A12682,10
P03622,A12683,11
P03622,A12684,12
P03622,A12685,13
P03622,A12686,14
P03623,A00150,24
P03623,A05436,28
P03623,A06827,8
P03623,A07012,5
P03623,A07174,26
P03623,A11778,23
P03623,A11781,19
P03623,A11931,1
P03623,A12687,2
P03623,A12688,3
P03623,A12689,4
P03623,A12690,6
P03623,A12691,7
P03623,A12692,9
P03623,A12693,10
P03623,A12694,11
P03623,A12695,12
P03623,A12696,13
P03623,A12697,14
P03623,A12698,15
P03623,A12699,16
P03623,A12700,17
P03623,A12701,18
P03623,A12702,20
P03623,A12703,21
P03623,A12704,22
P03623,A12705,25
P03623,A12706,27
P03623,A12707,29
P03624,A12708,1
P03624,A12709,2
P03624,A12710,3
P03624,A12711,4
P03624,A12712,5
P03624,A12713,6
P03624,A12714,7
P03624,A12715,8
P03624,A12716,9
P03624,A12717,10
P03624,A12718,11
P03624,A12719,12
P03625,A02218,8
P03625,A03901,3
P03625,A12720,1
P03625,A12721,2
P03625,A12722,4
P03625,A12723,5
P03625,A12724,6
P03625,A12725,7
P03625,A12726,9
P03625,A12727,10
P03626,A01228,3
P03626,A04323,2
P03626,A07438,1
P03626,A10638,4
P03627,A00717,2
P03627,A01797,3
P03627,A09483,1
P03627,A12728,4
P03628,A05222,8
P03628,A08368,6
P03628,A08610,7
P03628,A08613,9
P03628,A08621,10
P03628,A08630,13
P03628,A08645,11
P03628,A08646,15
P03628,A08995,5
P03628,A09021,12
P03628,A11618,3
P03628,A11619,2
P03628,A11620,1
P03628,A11621,4
P03628,A11622,14
P03629,A00314,38
P03629,A00440,36
P03629,A00670,35
P03629,A00767,19
P03629,A00785,2
P03629,A00790,13
P03629,A00791,18
P03629,A00797,29
P03629,A00867,12
P03629,A00967,31
P03629,A00985,28
P03629,A01209,37
P03629,A01377,27
P03629,A01415,26
P03629,A01473,16
P03629,A01634,4
P03629,A01727,34
P03629,A01927,11
P03629,A01999,33
P03629,A02081,30
P03629,A02156,14
P03629,A03686,20
P03629,A03701,6
P03629,A03706,15
P03629,A03711,21
P03629,A03719,10
P03629,A03981,5
P03629,A04090,32
P03629,A04161,24
P03629,A04162,25
P03629,A04350,40
P03629,A04355,1
P03629,A04362,17
P03629,A10843,3
P03629,A11101,8
P03629,A11684,7
P03629,A11685,9
P03629,A11686,22
P03629,A11687,23
P03629,A11688,39
P03630,A01928,2
P03630,A02140,3
P03630,A03116,1
P03631,A00276,4
P03631,A04461,1
P03631,A08038,2
P03631,A10772,3
P03632,A00714,9
P03632,A00901,14
P03632,A01391,4
P03632,A01751,7
P03632,A02125,12
P03632,A02216,13
P03632,A02218,6
P03632,A02311,1
P03632,A03167,5
P03632,A03406,2
P03632,A04469,11
P03632,A09483,8
P03632,A09484,3
P03632,A12583,10
P03633,A02259,2
P03633,A12729,1
P03633,A12730,3
P03633,A12731,4
P03634,A12732,1
P03634,A12733,2
P03635,A00824,10
P03635,A00877,11
P03635,A01678,9
P03635,A02721,8
P03635,A02885,7
P03635,A03044,1
P03635,A07731,2
P03635,A09534,6
P03635,A09777,5
P03635,A12734,3
P03635,A12735,4
P03636,A11864,1
P03636,A12736,2
P03637,A05244,1
P03637,A10317,5
P03637,A11431,4
P03637,A12737,2
P03637,A12738,3
P03637,A12739,6
P03637,A12740,7
P03637,A12741,8
P03637,A12742,9
P03638,A05105,8
P03638,A08692,7
P03638,A09457,3
P03638,A09458,1
P03638,A11759,6
P03638,A12007,2
P03638,A12743,4
P03638,A12744,5
P03638,A12745,9
P03638,A12746,10
P03638,A12747,11
P03638,A12748,12
P03638,A12749,13
P03638,A12750,14
P03639,A07691,2
P03639,A12751,1
P03639,A12752,3
P03639,A12753,4
P03639,A12754,5
P03639,A12755,6
P03639,A12756,7
P03640,A02300,2
P03640,A02759,5
P03640,A04489,4
P03640,A04650,3
P03640,A05074,12
P03640,A06948,10
P03640,A09427,13
P03640,A10157,1
P03640,A10158,9
P03640,A12757,6
P03640,A12758,7
P03640,A12759,8
P03640,A12760,11
P03640,A12761,14
P03640,A12762,15
P03640,A12763,16
P03640,A12764,17
P03640,A12765,18
P03640,A12766,19
P03641,A00570,6
P03641,A00892,4
P03641,A02600,2
P03641,A02721,3
P03641,A02885,1
P03641,A03044,5
P03642,A02353,3
P03642,A11215,2
P03642,A12767,1
P03643,A00448,2
P03643,A03418,1
P03644,A02876,31
P03644,A03355,29
P03644,A04525,13
P03644,A04590,6
P03644,A04592,7
P03644,A12768,1
P03644,A12769,2
P03644,A12770,3
P03644,A12771,4
P03644,A12772,5
P03644,A12773,8
P03644,A12774,9
P03644,A12775,10
P03644,A12776,11
P03644,A12777,12
P03644,A12778,14
P03644,A12779,15
P03644,A12780,16
P03644,A12781,17
P03644,A12782,18
P03644,A12783,19
P03644,A12784,20
P03644,A12785,21
P03644,A12786,22
P03644,A12787,23
P03644,A12788,24
P03644,A12789,25
P03644,A12790,26
P03644,A12791,27
P03644,A12792,28
P03644,A12793,30
P03644,A12794,32
P03644,A12795,33
P03644,A12796,34
P03644,A12797,35
P03644,A12798,36
P03644,A12799,37
P03644,A12800,38
P03644,A12801,39
P03644,A12802,40
P03644,A12803,41
P03644,A12804,42
P03644,A12805,43
P03644,A12806,44
P03644,A12807,45
P03644,A12808,46
P03644,A12809,47
P03644,A12810,48
P03644,A12811,49
P03644,A12812,50
P03644,A12813,51
P03644,A12814,52
P03645,A00431,5
P03645,A00725,3
P03645,A00924,18
P03645,A01423,27
P03645,A01443,23
P03645,A01774,6
P03645,A01987,1
P03645,A02148,8
P03645,A02533,21
P03645,A02534,2
P03645,A02571,4
P03645,A02882,25
P03645,A03403,30
P03645,A03404,26
P03645,A03471,24
P03645,A03528,15
P03645,A03623,16
P03645,A04132,19
P03645,A05047,14
P03645,A05410,13
P03645,A06914,20
P03645,A11234,7
P03645,A12815,9
P03645,A12816,10
P03645,A12817,11
P03645,A12818,12
P03645,A12819,17
P03645,A12820,22
P03645,A12821,28
P03645,A12822,29
P03646,A11783,3
P03646,A12823,1
P03646,A12824,2
P03646,A12825,4
P03647,A00001,2
P03647,A00082,4
P03647,A03478,7
P03647,A03665,12
P03647,A06995,13
P03647,A07327,11
P03647,A10980,1
P03647,A12826,3
P03647,A12827,5
P03647,A12828,6
P03647,A12829,8
P03647,A12830,9
P03647,A12831,10
P03648,A04655,5
P03648,A07441,2
P03648,A12832,1
P03648,A12833,3
P03648,A12834,4
P03649,A12704,12
P03649,A12835,1
P03649,A12836,2
P03649,A12837,3
P03649,A12838,4
P03649,A12839,5
P03649,A12840,6
P03649,A12841,7
P03649,A12842,8
P03649,A12843,9
P03649,A12844,10
P03649,A12845,11
P03649,A12846,13
P03649,A12847,14
P03649,A12848,15
P03650,A00562,4
P03650,A01750,6
P03650,A03408,2
P03650,A03901,5
P03650,A10861,1
P03650,A11669,3
P03651,A02131,6
P03651,A02788,3
P03651,A02789,7
P03651,A02988,5
P03651,A03402,4
P03651,A03945,2
P03651,A12524,8
P03651,A12849,1
P03652,A12850,1
P03652,A12851,2
P03652,A12852,3
P03652,A12853,4
P03652,A12854,5
P03652,A12855,6
P03652,A12856,7
P03652,A12857,8
P03652,A12858,9
P03652,A12859,10
P03652,A12860,11
P03652,A12861,12
P03652,A12862,13
P03652,A12863,14
P03652,A12864,15
P03653,A00727,12
P03653,A00849,1
P03653,A00951,7
P03653,A01751,16
P03653,A01777,15
P03653,A01915,4
P03653,A02029,10
P03653,A02125,13
P03653,A02218,3
P03653,A02220,24
P03653,A02280,20
P03653,A02451,23
P03653,A03288,5
P03653,A03310,19
P03653,A03732,21
P03653,A03901,17
P03653,A04400,14
P03653,A04402,11
P03653,A05144,6
P03653,A07186,18
P03653,A07812,22
P03653,A11560,8
P03653,A12865,2
P03653,A12866,9
P03654,A12867,1
P03654,A12868,2
P03654,A12869,3
P03654,A12870,4
P03654,A12871,5
P03654,A12872,6
P03654,A12873,7
P03654,A12874,8
P03654,A12875,9
P03654,A12876,10
P03655,A09528,2
P03655,A12877,1
P03656,A00417,3
P03656,A00840,4
P03656,A00905,5
P03656,A01367,1
P03656,A05460,2
P03656,A07131,6
P03656,A11451,7
P03657,A08103,24
P03657,A12823,7
P03657,A12825,35
P03657,A12878,1
P03657,A12879,2
P03657,A12880,3
P03657,A12881,4
P03657,A12882,5
P03657,A12883,6
P03657,A12884,8
P03657,A12885,9
P03657,A12886,10
P03657,A12887,11
P03657,A12888,12
P03657,A12889,13
P03657,A12890,14
P03657,A12891,15
P03657,A12892,16
P03657,A12893,17
P03657,A12894,18
P03657,A12895,19
P03657,A12896,20
P03657,A12897,21
P03657,A12898,22
P03657,A12899,23
P03657,A12900,25
P03657,A12901,26
P03657,A12902,27
P03657,A12903,28
P03657,A12904,29
P03657,A12905,30
P03657,A12906,31
P03657,A12907,32
P03657,A12908,33
P03657,A12909,34
P03658,A00272,15
P03658,A01299,3
P03658,A01404,7
P03658,A01678,16
P03658,A02034,1
P03658,A02412,10
P03658,A02461,17
P03658,A03106,6
P03658,A03751,9
P03658,A06876,11
P03658,A07852,12
P03658,A08409,13
P03658,A12821,2
P03658,A12910,4
P03658,A12911,5
P03658,A12912,8
P03658,A12913,14
P03659,A00417,4
P03659,A00840,5
P03659,A00905,2
P03659,A01367,6
P03659,A05460,7
P03659,A07131,3
P03659,A11451,1
P03660,A04423,5
P03660,A04424,1
P03660,A12914,2
P03660,A12915,3
P03660,A12916,4
P03660,A12917,6
P03660,A12918,7
P03661,A06316,14
P03661,A12919,1
P03661,A12920,2
P03661,A12921,3
P03661,A12922,4
P03661,A12923,5
P03661,A12924,6
P03661,A12925,7
P03661,A12926,8
P03661,A12927,9
P03661,A12928,10
P03661,A12929,11
P03661,A12930,12
P03661,A12931,13
P03661,A12932,15
P03661,A12933,16
P03661,A12934,17
P03661,A12935,18
P03661,A12936,19
P03661,A12937,20
P03661,A12938,21
P03661,A12939,22
P03662,A02464,2
P03662,A02601,3
P03662,A02716,4
P03662,A02718,5
P03662,A07852,6
P03662,A12125,1
P03663,A00066,11
P03663,A00843,13
P03663,A01751,16
P03663,A02124,8
P03663,A02125,2
P03663,A02407,4
P03663,A02732,9
P03663,A03168,7
P03663,A04045,10
P03663,A04708,3
P03663,A05202,5
P03663,A06785,6
P03663,A06796,12
P03663,A06797,15
P03663,A06798,14
P03663,A12940,1
P03664,A04127,95
P03664,A12293,2
P03664,A12294,5
P03664,A12295,4
P03664,A12296,6
P03664,A12297,1
P03664,A12298,17
P03664,A12300,13
P03664,A12301,20
P03664,A12302,10
P03664,A12303,11
P03664,A12304,46
P03664,A12306,15
P03664,A12308,24
P03664,A12309,18
P03664,A12310,8
P03664,A12311,19
P03664,A12312,80
P03664,A12313,9
P03664,A12314,7
P03664,A12315,100
P03664,A12317,28
P03664,A12318,29
P03664,A12319,30
P03664,A12320,31
P03664,A12321,32
P03664,A12322,33
P03664,A12323,34
P03664,A12324,35
P03664,A12325,36
P03664,A12326,37
P03664,A12327,38
P03664,A12328,40
P03664,A12329,41
P03664,A12330,42
P03664,A12331,43
P03664,A12332,44
P03664,A12333,16
P03664,A12334,45
P03664,A12335,47
P03664,A12336,48
P03664,A12337,49
P03664,A12338,50
P03664,A12339,51
P03664,A12340,52
P03664,A12341,53
P03664,A12342,54
P03664,A12343,55
P03664,A12344,56
P03664,A12345,57
P03664,A12346,59
P03664,A12347,23
P03664,A12348,60
P03664,A12349,14
P03664,A12350,61
P03664,A12351,62
P03664,A12352,63
P03664,A12353,64
P03664,A12354,65
P03664,A12355,66
P03664,A12356,67
P03664,A12357,12
P03664,A12358,21
P03664,A12359,69
P03664,A12360,70
P03664,A12362,72
P03664,A12363,73
P03664,A12364,74
P03664,A12365,22
P03664,A12366,75
P03664,A12367,76
P03664,A12368,77
P03664,A12369,79
P03664,A12370,81
P03664,A12371,82
P03664,A12372,83
P03664,A12373,84
P03664,A12374,86
P03664,A12376,88
P03664,A12377,89
P03664,A12378,90
P03664,A12379,92
P03664,A12380,93
P03664,A12381,94
P03664,A12382,96
P03664,A12383,97
P03664,A12384,98
P03664,A12385,99
P03664,A12386,101
P03664,A12387,102
P03664,A12941,3
P03664,A12942,25
P03664,A12943,26
P03664,A12944,27
P03664,A12945,39
P03664,A12946,58
P03664,A12947,68
P03664,A12948,71
P03664,A12949,78
P03664,A12950,85
P03664,A12951,87
P03664,A12952,91
P03665,A04559,13
P03665,A08364,1
P03665,A08371,15
P03665,A08630,10
P03665,A08767,8
P03665,A08771,14
P03665,A08776,9
P03665,A11292,4
P03665,A11697,6
P03665,A12953,2
P03665,A12954,3
P03665,A12955,5
P03665,A12956,7
P03665,A12957,11
P03665,A12958,12
P03666,A12959,1
P03667,A10202,2
P03667,A12960,1
P03668,A01511,2
P03668,A09756,5
P03668,A09757,4
P03668,A12961,1
P03668,A12962,3
P03669,A12963,1
P03669,A12964,2
P03669,A12965,3
P03669,A12966,4
P03670,A00511,3
P03670,A00824,7
P03670,A10829,4
P03670,A11942,5
P03670,A12967,1
P03670,A12968,2
P03670,A12969,6
P03671,A12970,1
P03671,A12971,2
P03672,A07174,13
P03672,A11783,2
P03672,A11784,1
P03672,A11811,14
P03672,A12692,6
P03672,A12694,7
P03672,A12697,8
P03672,A12700,9
P03672,A12702,10
P03672,A12703,3
P03672,A12704,11
P03672,A12972,4
P03672,A12973,5
P03672,A12974,12
P03672,A12975,15
P03672,A12976,16
P03672,A12977,17
P03672,A12978,18
P03673,A12979,1
P03673,A12980,2
P03673,A12981,3
P03673,A12982,4
P03674,A09583,1
P03674,A09584,3
P03674,A10260,4
P03674,A12983,2
P03675,A04012,3
P03675,A05210,5
P03675,A08527,1
P03675,A12984,2
P03675,A12985,4
P03675,A12986,6
P03676,A01511,6
P03676,A03950,4
P03676,A12987,1
P03676,A12988,2
P03676,A12989,3
P03676,A12990,5
P03677,A12259,1
P03677,A12431,5
P03677,A12991,2
P03677,A12992,3
P03677,A12993,4
P03678,A12994,1
P03678,A12995,2
P03678,A12996,3
P03678,A12997,4
P03679,A05179,4
P03679,A12998,1
P03679,A12999,2
P03679,A13000,3
P03679,A13001,5
P03679,A13002,6
P03679,A13003,7
P03680,A00066,2
P03680,A01853,1
P03681,A00570,9
P03681,A02464,4
P03681,A02600,3
P03681,A02721,5
P03681,A03044,8
P03681,A03419,6
P03681,A03671,1
P03681,A07852,7
P03681,A11578,2
P03682,A13004,1
P03682,A13005,2
P03682,A13006,3
P03682,A13007,4
P03682,A13008,5
P03682,A13009,6
P03682,A13010,7
P03682,A13011,8
P03682,A13012,9
P03682,A13013,10
P03682,A13014,11
P03682,A13015,12
P03682,A13016,13
P03682,A13017,14
P03682,A13018,15
P03682,A13019,16
P03682,A13020,17
P03682,A13021,18
P03682,A13022,19
P03682,A13023,20
P03682,A13024,21
P03682,A13025,22
P03682,A13026,23
P03682,A13027,24
P03682,A13028,25
P03682,A13029,26
P03682,A13030,27
P03682,A13031,28
P03683,A00714,5
P03683,A00718,12
P03683,A01596,10
P03683,A13032,1
P03683,A13033,2
P03683,A13034,3
P03683,A13035,4
P03683,A13036,6
P03683,A13037,7
P03683,A13038,8
P03683,A13039,9
P03683,A13040,11
P03684,A00605,4
P03684,A01477,2
P03684,A08474,3
P03684,A09807,1
P03685,A01511,2
P03685,A09756,5
P03685,A09757,4
P03685,A12961,1
P03685,A12962,3
P03686,A05492,5
P03686,A05503,2
P03686,A05516,4
P03686,A10739,1
P03686,A13041,3
P03687,A08275,3
P03687,A13042,1
P03687,A13043,2
P03687,A13044,4
P03688,A08047,1
P03688,A11763,4
P03688,A13045,2
P03688,A13046,3
P03688,A13047,5
P03689,A02882,2
P03689,A13048,1
P03690,A08527,1
P03690,A12984,4
P03690,A13049,2
P03690,A13050,3
P03690,A13051,5
P03691,A13052,1
P03691,A13053,2
P03691,A13054,3
P03691,A13055,4
P03691,A13056,5
P03691,A13057,6
P03691,A13058,7
P03691,A13059,8
P03691,A13060,9
P03691,A13061,10
P03691,A13062,11
P03691,A13063,12
P03691,A13064,13
P03691,A13065,14
P03691,A13066,15
P03691,A13067,16
P03691,A13068,17
P03691,A13069,18
P03691,A13070,19
P03691,A13071,20
P03691,A13072,21
P03691,A13073,22
P03691,A13074,23
P03691,A13075,24
P03691,A13076,25
P03691,A13077,26
P03691,A13078,27
P03691,A13079,28
P03691,A13080,29
P03691,A13081,30
P03691,A13082,31
P03691,A13083,32
P03691,A13084,33
P03691,A13085,34
P03691,A13086,35
P03691,A13087,36
P03691,A13088,37
P03691,A13089,38
P03691,A13090,39
P03691,A13091,40
P03691,A13092,41
P03691,A13093,42
P03691,A13094,43
P03691,A13095,44
P03691,A13096,45
P03691,A13097,46
P03691,A13098,47
P03691,A13099,48
P03691,A13100,49
P03691,A13101,50
P03691,A13102,51
P03691,A13103,52
P03691,A13104,53
P03691,A13105,54
P03691,A13106,55
P03691,A13107,56
P03692,A12439,3
P03692,A12440,6
P03692,A12443,5
P03692,A12444,4
P03692,A12445,2
P03692,A12446,10
P03692,A12447,11
P03692,A13108,1
P03692,A13109,7
P03692,A13110,8
P03692,A13111,9
P03693,A00824,1
P03693,A00871,8
P03693,A07623,6
P03693,A08398,7
P03693,A12419,2
P03693,A13112,3
P03693,A13113,4
P03693,A13114,5
P03694,A13115,1
P03694,A13116,2
P03694,A13117,3
P03694,A13118,4
P03694,A13119,5
P03694,A13120,6
P03695,A00511,9
P03695,A00950,4
P03695,A01649,8
P03695,A02308,7
P03695,A07439,3
P03695,A07779,1
P03695,A11971,2
P03695,A12197,5
P03695,A12416,6
P03696,A11785,39
P03696,A11792,15
P03696,A11804,25
P03696,A12023,33
P03696,A12617,32
P03696,A12691,26
P03696,A12897,3
P03696,A12905,7
P03696,A13121,1
P03696,A13122,2
P03696,A13123,4
P03696,A13124,5
P03696,A13125,6
P03696,A13126,8
P03696,A13127,9
P03696,A13128,10
P03696,A13129,11
P03696,A13130,12
P03696,A13131,13
P03696,A13132,14
P03696,A13133,16
P03696,A13134,17
P03696,A13135,18
P03696,A13136,19
P03696,A13137,20
P03696,A13138,21
P03696,A13139,22
P03696,A13140,23
P03696,A13141,24
P03696,A13142,27
P03696,A13143,28
P03696,A13144,29
P03696,A13145,30
P03696,A13146,31
P03696,A13147,34
P03696,A13148,35
P03696,A13149,36
P03696,A13150,37
P03696,A13151,38
P03696,A13152,40
P03697,A11792,22
P03697,A11804,48
P03697,A11925,23
P03697,A12615,2
P03697,A12631,55
P03697,A12691,52
P03697,A12697,35
P03697,A12881,44
P03697,A12883,16
P03697,A12897,41
P03697,A12903,60
P03697,A12905,38
P03697,A13121,5
P03697,A13122,4
P03697,A13123,6
P03697,A13124,30
P03697,A13125,9
P03697,A13126,47
P03697,A13127,49
P03697,A13128,50
P03697,A13129,53
P03697,A13131,8
P03697,A13132,59
P03697,A13133,27
P03697,A13134,28
P03697,A13135,31
P03697,A13136,39
P03697,A13137,40
P03697,A13138,1
P03697,A13139,45
P03697,A13142,56
P03697,A13143,57
P03697,A13145,18
P03697,A13146,19
P03697,A13147,34
P03697,A13149,46
P03697,A13150,3
P03697,A13152,58
P03697,A13153,7
P03697,A13154,10
P03697,A13155,11
P03697,A13156,12
P03697,A13157,13
P03697,A13158,14
P03697,A13159,15
P03697,A13160,17
P03697,A13161,20
P03697,A13162,21
P03697,A13163,24
P03697,A13164,25
P03697,A13165,26
P03697,A13166,29
P03697,A13167,32
P03697,A13168,33
P03697,A13169,36
P03697,A13170,37
P03697,A13171,42
P03697,A13172,43
P03697,A13173,51
P03697,A13174,54
P03698,A11791,18
P03698,A11792,25
P03698,A11804,40
P03698,A11806,9
P03698,A12615,5
P03698,A12616,46
P03698,A12691,42
P03698,A12881,38
P03698,A12883,17
P03698,A12897,36
P03698,A12903,49
P03698,A12905,32
P03698,A13121,13
P03698,A13122,4
P03698,A13123,24
P03698,A13124,12
P03698,A13125,23
P03698,A13126,1
P03698,A13127,8
P03698,A13128,41
P03698,A13129,43
P03698,A13131,3
P03698,A13132,48
P03698,A13133,27
P03698,A13134,28
P03698,A13136,33
P03698,A13137,34
P03698,A13138,35
P03698,A13142,44
P03698,A13143,47
P03698,A13144,16
P03698,A13145,22
P03698,A13146,21
P03698,A13147,31
P03698,A13148,37
P03698,A13149,39
P03698,A13154,29
P03698,A13156,14
P03698,A13157,15
P03698,A13158,6
P03698,A13159,7
P03698,A13160,20
P03698,A13165,26
P03698,A13167,30
P03698,A13175,2
P03698,A13176,10
P03698,A13177,11
P03698,A13178,19
P03698,A13179,45
P03699,A11792,22
P03699,A11804,30
P03699,A12617,17
P03699,A12691,32
P03699,A12878,14
P03699,A12897,28
P03699,A12905,26
P03699,A13121,18
P03699,A13122,8
P03699,A13123,21
P03699,A13124,25
P03699,A13125,20
P03699,A13126,15
P03699,A13127,16
P03699,A13128,31
P03699,A13129,33
P03699,A13131,2
P03699,A13133,23
P03699,A13134,24
P03699,A13135,10
P03699,A13136,27
P03699,A13137,1
P03699,A13138,12
P03699,A13139,29
P03699,A13142,34
P03699,A13143,35
P03699,A13149,13
P03699,A13154,9
P03699,A13156,5
P03699,A13160,6
P03699,A13162,19
P03699,A13167,11
P03699,A13172,3
P03699,A13180,4
P03699,A13181,7
P03699,A13182,36
P03700,A11785,5
P03700,A11925,21
P03700,A12019,36
P03700,A12616,39
P03700,A12897,27
P03700,A12905,26
P03700,A12977,4
P03700,A13121,12
P03700,A13122,20
P03700,A13124,10
P03700,A13125,19
P03700,A13126,2
P03700,A13127,30
P03700,A13128,31
P03700,A13131,3
P03700,A13132,41
P03700,A13134,23
P03700,A13142,38
P03700,A13144,15
P03700,A13145,16
P03700,A13146,17
P03700,A13149,29
P03700,A13153,8
P03700,A13155,11
P03700,A13156,13
P03700,A13157,14
P03700,A13162,18
P03700,A13165,22
P03700,A13166,24
P03700,A13167,25
P03700,A13171,28
P03700,A13173,33
P03700,A13177,1
P03700,A13181,7
P03700,A13183,6
P03700,A13184,9
P03700,A13185,32
P03700,A13186,34
P03700,A13187,35
P03700,A13188,37
P03700,A13189,40
P03701,A00622,5
P03701,A02839,3
P03701,A04478,2
P03701,A04480,9
P03701,A04482,11
P03701,A05487,10
P03701,A07597,4
P03701,A10222,6
P03701,A13190,1
P03701,A13191,7
P03701,A13192,8
P03702,A04688,2
P03702,A04689,3
P03702,A13193,1
P03703,A00622,5
P03703,A03402,6
P03703,A04478,3
P03703,A04480,4
P03703,A04815,2
P03703,A05123,8
P03703,A05487,1
P03703,A07879,7
P03704,A12977,12
P03704,A13122,7
P03704,A13126,3
P03704,A13131,2
P03704,A13142,4
P03704,A13147,9
P03704,A13155,5
P03704,A13160,1
P03704,A13165,8
P03704,A13194,6
P03704,A13195,10
P03704,A13196,11
P03704,A13197,13
P03704,A13198,14
P03704,A13199,15
P03704,A13200,16
P03705,A00824,2
P03705,A00871,1
P03706,A00130,2
P03706,A00474,4
P03706,A11268,3
P03706,A13201,1
P03707,A03623,3
P03707,A10718,6
P03707,A10719,5
P03707,A10750,4
P03707,A11207,2
P03707,A11338,1
P03708,A02009,1
P03708,A03527,3
P03708,A07744,2
P03708,A13202,4
P03709,A03963,4
P03709,A04073,3
P03709,A06962,9
P03709,A06971,5
P03709,A06972,14
P03709,A07157,10
P03709,A07443,2
P03709,A08194,11
P03709,A13203,1
P03709,A13204,6
P03709,A13205,7
P03709,A13206,8
P03709,A13207,12
P03709,A13208,13
P03710,A00629,1
P03710,A13209,2
P03710,A13210,3
P03711,A11689,2
P03711,A11690,1
P03711,A11691,3
P03711,A11692,5
P03711,A11693,6
P03711,A11694,4
P03712,A13211,1
P03712,A13212,2
P03712,A13213,3
P03712,A13214,4
P03712,A13215,5
P03712,A13216,6
P03713,A13217,1
P03713,A13218,2
P03713,A13219,3
P03714,A02794,4
P03714,A10293,5
P03714,A13220,1
P03714,A13221,2
P03714,A13222,3
P03714,A13223,6
P03715,A00865,15
P03715,A01751,19
P03715,A04020,20
P03715,A04987,22
P03715,A05297,5
P03715,A10573,18
P03715,A11258,1
P03715,A11259,2
P03715,A11260,3
P03715,A11268,10
P03715,A13224,4
P03715,A13225,6
P03715,A13226,7
P03715,A13227,8
P03715,A13228,9
P03715,A13229,11
P03715,A13230,12
P03715,A13231,13
P03715,A13232,14
P03715,A13233,16
P03715,A13234,17
P03715,A13235,21
P03715,A13236,23
P03716,A04632,2
P03716,A08520,1
P03717,A13237,1
P03717,A13238,2
P03717,A13239,3
P03717,A13240,4
P03717,A13241,5
P03717,A13242,6
P03717,A13243,7
P03717,A13244,8
P03717,A13245,9
P03718,A12063,6
P03718,A13246,1
P03718,A13247,2
P03718,A13248,3
P03718,A13249,4
P03718,A13250,5
P03718,A13251,7
P03718,A13252,8
P03718,A13253,9
P03719,A09453,48
P03719,A13156,6
P03719,A13254,1
P03719,A13255,2
P03719,A13256,3
P03719,A13257,4
P03719,A13258,5
P03719,A13259,7
P03719,A13260,8
P03719,A13261,9
P03719,A13262,10
P03719,A13263,11
P03719,A13264,12
P03719,A13265,13
P03719,A13266,14
P03719,A13267,15
P03719,A13268,16
P03719,A13269,17
P03719,A13270,18
P03719,A13271,19
P03719,A13272,20
P03719,A13273,21
P03719,A13274,22
P03719,A13275,23
P03719,A13276,24
P03719,A13277,25
P03719,A13278,26
P03719,A13279,27
P03719,A13280,28
P03719,A13281,29
P03719,A13282,30
P03719,A13283,31
P03719,A13284,32
P03719,A13285,33
P03719,A13286,34
P03719,A13287,35
P03719,A13288,36
P03719,A13289,37
P03719,A13290,38
P03719,A13291,39
P03719,A13292,40
P03719,A13293,41
P03719,A13294,42
P03719,A13295,43
P03719,A13296,44
P03719,A13297,45
P03719,A13298,46
P03719,A13299,47
P03720,A11204,4
P03720,A13300,1
P03720,A13301,2
P03720,A13302,3
P03720,A13303,5
P03720,A13304,6
P03721,A13305,1
P03721,A13306,2
P03721,A13307,3
P03721,A13308,4
P03721,A13309,5
P03721,A13310,6
P03721,A13311,7
P03721,A13312,8
P03721,A13313,9
P03721,A13314,10
P03721,A13315,11
P03721,A13316,12
P03722,A02975,2
P03722,A04817,3
P03722,A08663,6
P03722,A11482,8
P03722,A13317,1
P03722,A13318,4
P03722,A13319,5
P03722,A13320,7
P03722,A13321,9
P03722,A13322,10
P03723,A13323,1
P03723,A13324,2
P03723,A13325,3
P03723,A13326,4
P03723,A13327,5
P03723,A13328,6
P03723,A13329,7
P03724,A04045,1
P03724,A04047,4
P03724,A13330,2
P03724,A13331,3
P03725,A04073,15
P03725,A06971,7
P03725,A07157,8
P03725,A07158,11
P03725,A07167,14
P03725,A07303,3
P03725,A08081,6
P03725,A08083,13
P03725,A13332,1
P03725,A13333,2
P03725,A13334,4
P03725,A13335,5
P03725,A13336,9
P03725,A13337,10
P03725,A13338,12
P03726,A12645,10
P03726,A13339,1
P03726,A13340,2
P03726,A13341,3
P03726,A13342,4
P03726,A13343,5
P03726,A13344,6
P03726,A13345,7
P03726,A13346,8
P03726,A13347,9
P03726,A13348,11
P03726,A13349,12
P03726,A13350,13
P03727,A00018,5
P03727,A00268,4
P03727,A05556,1
P03727,A05557,3
P03727,A13351,2
P03728,A13352,1
P03728,A13353,2
P03728,A13354,3
P03728,A13355,4
P03728,A13356,5
P03728,A13357,6
P03728,A13358,7
P03728,A13359,8
P03728,A13360,9
P03728,A13361,10
P03728,A13362,11
P03728,A13363,12
P03728,A13364,13
P03728,A13365,14
P03728,A13366,15
P03728,A13367,16
P03728,A13368,17
P03728,A13369,18
P03728,A13370,19
P03728,A13371,20
P03728,A13372,21
P03728,A13373,22
P03729,A00717,2
P03729,A01797,1
P03729,A02084,6
P03729,A09483,4
P03729,A09810,5
P03729,A13374,3
P03730,A02297,1
P03730,A04339,2
P03730,A11335,3
P03730,A13375,4
P03730,A13376,5
P03731,A00290,4
P03731,A01227,3
P03731,A03421,2
P03731,A03450,1
P03731,A03526,6
P03731,A04372,5
P03732,A13377,1
P03732,A13378,2
P03732,A13379,3
P03732,A13380,4
P03732,A13381,5
P03732,A13382,6
P03732,A13383,7
P03732,A13384,8
P03732,A13385,9
P03732,A13386,10
P03732,A13387,11
P03732,A13388,12
P03733,A13389,1
P03733,A13390,2
P03733,A13391,3
P03733,A13392,4
P03733,A13393,5
P03733,A13394,6
P03733,A13395,7
P03733,A13396,8
P03734,A00918,8
P03734,A01249,5
P03734,A11831,2
P03734,A13397,1
P03734,A13398,3
P03734,A13399,4
P03734,A13400,6
P03734,A13401,7
P03735,A13402,1
P03735,A13403,2
P03736,A10068,2
P03736,A13404,1
P03737,A00268,1
P03737,A13405,2
P03737,A13406,3
P03737,A13407,4
P03738,A13408,1
P03738,A13409,2
P03738,A13410,3
P03738,A13411,4
P03738,A13412,5
P03738,A13413,6
P03738,A13414,7
P03739,A00221,3
P03739,A06981,2
P03739,A13415,1
P03739,A13416,4
P03740,A02300,8
P03740,A02759,3
P03740,A04489,2
P03740,A06948,10
P03740,A10157,4
P03740,A12758,6
P03740,A12759,7
P03740,A12760,1
P03740,A12766,11
P03740,A13417,5
P03740,A13418,9
P03741,A00805,6
P03741,A02223,2
P03741,A03930,3
P03741,A04994,8
P03741,A06951,7
P03741,A08305,1
P03741,A08306,5
P03741,A13419,4
P03741,A13420,9
P03742,A01477,2
P03742,A12420,3
P03742,A12421,4
P03742,A12523,1
P03743,A00629,1
P03743,A13209,2
P03743,A13210,3
P03744,A00629,1
P03744,A13209,2
P03744,A13210,3
P03745,A00629,1
P03745,A13209,2
P03745,A13210,3
P03746,A13421,1
P03746,A13422,2
P03746,A13423,3
P03746,A13424,4
P03746,A13425,5
P03746,A13426,6
P03746,A13427,7
P03746,A13428,8
P03746,A13429,9
P03746,A13430,10
P03746,A13431,11
P03747,A01237,3
P03747,A13432,1
P03747,A13433,2
P03747,A13434,4
P03747,A13435,5
P03747,A13436,6
P03747,A13437,7
P03748,A02715,5
P03748,A02997,2
P03748,A03623,3
P03748,A05260,4
P03748,A13438,1
P03748,A13439,6
P03749,A01882,5
P03749,A03481,2
P03749,A04636,6
P03749,A13440,1
P03749,A13441,3
P03749,A13442,4
P03749,A13443,7
P03750,A11834,1
P03750,A11835,2
P03750,A11836,3
P03751,A00929,3
P03751,A10038,2
P03751,A13444,1
P03751,A13445,4
P03752,A11837,1
P03752,A11838,2
P03752,A11839,3
P03752,A11840,4
P03752,A11841,5
P03752,A11842,6
P03752,A11843,7
P03752,A11844,8
P03752,A11845,11
P03752,A11846,12
P03752,A13446,9
P03752,A13447,10
P03753,A00629,1
P03753,A01947,2
P03753,A11165,3
P03754,A00431,6
P03754,A02416,2
P03754,A04398,3
P03754,A07075,5
P03754,A09788,4
P03754,A12094,7
P03754,A13448,1
P03755,A00570,3
P03755,A00805,4
P03755,A02600,1
P03755,A11977,2
P03756,A03300,59
P03756,A03301,19
P03756,A04108,40
P03756,A04122,156
P03756,A04123,123
P03756,A04131,1
P03756,A05303,104
P03756,A06804,60
P03756,A06805,99
P03756,A06807,85
P03756,A06809,20
P03756,A06811,140
P03756,A06813,63
P03756,A06820,115
P03756,A06824,79
P03756,A06830,47
P03756,A06832,110
P03756,A06834,147
P03756,A06835,71
P03756,A06838,29
P03756,A06842,57
P03756,A06843,69
P03756,A06844,70
P03756,A06846,11
P03756,A06847,15
P03756,A06849,81
P03756,A06850,84
P03756,A06852,98
P03756,A06853,114
P03756,A06855,12
P03756,A06858,129
P03756,A06859,135
P03756,A07201,3
P03756,A07202,6
P03756,A07204,76
P03756,A07205,67
P03756,A07206,7
P03756,A07207,24
P03756,A07208,9
P03756,A07209,32
P03756,A07210,44
P03756,A07213,5
P03756,A07214,78
P03756,A07217,121
P03756,A07218,126
P03756,A07219,14
P03756,A07220,16
P03756,A07221,42
P03756,A07642,93
P03756,A07656,146
P03756,A07711,66
P03756,A08226,141
P03756,A08229,72
P03756,A09126,18
P03756,A09137,48
P03756,A13449,2
P03756,A13450,4
P03756,A13451,8
P03756,A13452,10
P03756,A13453,13
P03756,A13454,17
P03756,A13455,21
P03756,A13456,22
P03756,A13457,23
P03756,A13458,25
P03756,A13459,26
P03756,A13460,27
P03756,A13461,28
P03756,A13462,30
P03756,A13463,31
P03756,A13464,33
P03756,A13465,34
P03756,A13466,35
P03756,A13467,36
P03756,A13468,37
P03756,A13469,38
P03756,A13470,39
P03756,A13471,41
P03756,A13472,43
P03756,A13473,45
P03756,A13474,46
P03756,A13475,49
P03756,A13476,50
P03756,A13477,51
P03756,A13478,52
P03756,A13479,53
P03756,A13480,54
P03756,A13481,55
P03756,A13482,56
P03756,A13483,58
P03756,A13484,61
P03756,A13485,62
P03756,A13486,64
P03756,A13487,65
P03756,A13488,68
P03756,A13489,73
P03756,A13490,74
P03756,A13491,75
P03756,A13492,77
P03756,A13493,80
P03756,A13494,82
P03756,A13495,83
P03756,A13496,86
P03756,A13497,87
P03756,A13498,88
P03756,A13499,89
P03756,A13500,90
P03756,A13501,91
P03756,A13502,92
P03756,A13503,94
P03756,A13504,95
P03756,A13505,96
P03756,A13506,97
P03756,A13507,100
P03756,A13508,101
P03756,A13509,102
P03756,A13510,103
P03756,A13511,105
P03756,A13512,106
P03756,A13513,107
P03756,A13514,108
P03756,A13515,109
P03756,A13516,111
P03756,A13517,112
P03756,A13518,113
P03756,A13519,116
P03756,A13520,117
P03756,A13521,118
P03756,A13522,119
P03756,A13523,120
P03756,A13524,122
P03756,A13525,124
P03756,A13526,125
P03756,A13527,127
P03756,A13528,128
P03756,A13529,130
P03756,A13530,131
P03756,A13531,132
P03756,A13532,133
P03756,A13533,134
P03756,A13534,136
P03756,A13535,137
P03756,A13536,138
P03756,A13537,139
P03756,A13538,142
P03756,A13539,143
P03756,A13540,144
P03756,A13541,145
P03756,A13542,148
P03756,A13543,149
P03756,A13544,150
P03756,A13545,151
P03756,A13546,152
P03756,A13547,153
P03756,A13548,154
P03756,A13549,155
P03756,A13550,157
P03756,A13551,158
P03757,A10904,1
P03757,A10908,3
P03757,A13552,2
P03757,A13553,4
P03758,A13554,1
P03758,A13555,2
P03758,A13556,3
P03759,A02571,12
P03759,A05230,11
P03759,A05392,19
P03759,A09600,13
P03759,A11188,10
P03759,A12286,15
P03759,A13557,1
P03759,A13558,2
P03759,A13559,3
P03759,A13560,4
P03759,A13561,5
P03759,A13562,6
P03759,A13563,7
P03759,A13564,8
P03759,A13565,9
P03759,A13566,14
P03759,A13567,16
P03759,A13568,17
P03759,A13569,18
P03759,A13570,20
P03759,A13571,21
P03759,A13572,22
P03760,A00266,2
P03760,A00432,5
P03760,A01447,4
P03760,A01823,3
P03760,A12088,1
P03761,A07715,11
P03761,A12041,48
P03761,A13007,6
P03761,A13011,3
P03761,A13013,2
P03761,A13014,5
P03761,A13015,7
P03761,A13018,14
P03761,A13020,21
P03761,A13021,20
P03761,A13022,4
P03761,A13024,52
P03761,A13025,30
P03761,A13026,54
P03761,A13027,18
P03761,A13029,1
P03761,A13030,15
P03761,A13031,16
P03761,A13514,45
P03761,A13573,8
P03761,A13574,9
P03761,A13575,10
P03761,A13576,12
P03761,A13577,13
P03761,A13578,17
P03761,A13579,19
P03761,A13580,22
P03761,A13581,23
P03761,A13582,24
P03761,A13583,25
P03761,A13584,26
P03761,A13585,27
P03761,A13586,28
P03761,A13587,29
P03761,A13588,31
P03761,A13589,32
P03761,A13590,33
P03761,A13591,34
P03761,A13592,35
P03761,A13593,36
P03761,A13594,37
P03761,A13595,38
P03761,A13596,39
P03761,A13597,40
P03761,A13598,41
P03761,A13599,42
P03761,A13600,43
P03761,A13601,44
P03761,A13602,46
P03761,A13603,47
P03761,A13604,49
P03761,A13605,50
P03761,A13606,51
P03761,A13607,53
P03761,A13608,55
P03761,A13609,56
P03762,A08081,5
P03762,A13333,4
P03762,A13334,7
P03762,A13335,1
P03762,A13610,2
P03762,A13611,3
P03762,A13612,6
P03762,A13613,8
P03762,A13614,9
P03762,A13615,10
P03762,A13616,11
P03762,A13617,12
P03762,A13618,13
P03762,A13619,14
P03762,A13620,15
P03762,A13621,16
P03762,A13622,17
P03762,A13623,18
P03762,A13624,19
P03762,A13625,20
P03762,A13626,21
P03762,A13627,22
P03762,A13628,23
P03762,A13629,24
P03762,A13630,25
P03762,A13631,26
P03762,A13632,27
P03762,A13633,28
P03762,A13634,29
P03762,A13635,30
P03762,A13636,31
P03762,A13637,32
P03762,A13638,33
P03762,A13639,34
P03762,A13640,35
P03762,A13641,36
P03762,A13642,37
P03762,A13643,38
P03762,A13644,39
P03762,A13645,40
P03762,A13646,41
P03762,A13647,42
P03762,A13648,43
P03762,A13649,44
P03762,A13650,45
P03762,A13651,46
P03762,A13652,47
P03762,A13653,48
P03762,A13654,49
P03762,A13655,50
P03762,A13656,51
P03762,A13657,52
P03762,A13658,53
P03762,A13659,54
P03762,A13660,55
P03762,A13661,56
P03762,A13662,57
P03762,A13663,58
P03762,A13664,59
P03762,A13665,60
P03762,A13666,61
P03762,A13667,62
P03762,A13668,63
P03762,A13669,64
P03762,A13670,65
P03762,A13671,66
P03762,A13672,67
P03762,A13673,68
P03762,A13674,69
P03762,A13675,70
P03762,A13676,71
P03762,A13677,72
P03762,A13678,73
P03762,A13679,74
P03762,A13680,75
P03762,A13681,76
P03762,A13682,77
P03762,A13683,78
P03762,A13684,79
P03762,A13685,80
P03762,A13686,81
P03762,A13687,82
P03762,A13688,83
P03763,A04060,2
P03763,A04297,3
P03763,A11452,4
P03763,A13689,1
P03764,A01237,8
P03764,A03999,5
P03764,A05236,4
P03764,A08357,1
P03764,A08358,2
P03764,A13690,3
P03764,A13691,6
P03764,A13692,7
P03765,A04489,2
P03765,A04577,3
P03765,A05290,5
P03765,A11328,6
P03765,A12967,1
P03765,A12968,4
P03766,A07711,29
P03766,A09324,7
P03766,A12885,28
P03766,A13693,1
P03766,A13694,2
P03766,A13695,3
P03766,A13696,4
P03766,A13697,5
P03766,A13698,6
P03766,A13699,8
P03766,A13700,9
P03766,A13701,10
P03766,A13702,11
P03766,A13703,12
P03766,A13704,13
P03766,A13705,14
P03766,A13706,15
P03766,A13707,16
P03766,A13708,17
P03766,A13709,18
P03766,A13710,19
P03766,A13711,20
P03766,A13712,21
P03766,A13713,22
P03766,A13714,23
P03766,A13715,24
P03766,A13716,25
P03766,A13717,26
P03766,A13718,27
P03766,A13719,30
P03766,A13720,31
P03766,A13721,32
P03766,A13722,33
P03767,A07711,34
P03767,A09293,32
P03767,A09324,40
P03767,A12878,18
P03767,A12885,31
P03767,A13693,9
P03767,A13694,7
P03767,A13696,2
P03767,A13698,8
P03767,A13699,11
P03767,A13700,10
P03767,A13703,15
P03767,A13704,36
P03767,A13706,22
P03767,A13708,29
P03767,A13709,6
P03767,A13711,16
P03767,A13712,19
P03767,A13713,25
P03767,A13714,30
P03767,A13715,33
P03767,A13716,14
P03767,A13717,17
P03767,A13718,23
P03767,A13720,35
P03767,A13721,38
P03767,A13722,39
P03767,A13723,1
P03767,A13724,3
P03767,A13725,4
P03767,A13726,5
P03767,A13727,12
P03767,A13728,13
P03767,A13729,20
P03767,A13730,21
P03767,A13731,24
P03767,A13732,26
P03767,A13733,27
P03767,A13734,28
P03767,A13735,37
P03768,A05076,4
P03768,A05183,2
P03768,A05184,3
P03768,A05499,6
P03768,A08499,5
P03768,A13736,1
P03769,A00824,12
P03769,A00892,6
P03769,A02721,8
P03769,A02885,7
P03769,A03044,1
P03769,A03671,10
P03769,A07731,3
P03769,A07852,9
P03769,A08045,5
P03769,A12734,2
P03769,A13737,4
P03769,A13738,11
P03770,A03162,4
P03770,A03488,2
P03770,A13739,1
P03770,A13740,3
P03771,A01344,5
P03771,A13741,1
P03771,A13742,2
P03771,A13743,3
P03771,A13744,4
P03771,A13745,6
P03772,A13746,1
P03772,A13747,2
P03772,A13748,3
P03772,A13749,4
P03772,A13750,5
P03772,A13751,6
P03772,A13752,7
P03772,A13753,8
P03772,A13754,9
P03772,A13755,10
P03772,A13756,11
P03772,A13757,12
P03772,A13758,13
P03772,A13759,14
P03773,A04323,1
P03774,A04982,14
P03774,A10784,40
P03774,A11418,13
P03774,A11694,35
P03774,A11929,29
P03774,A13760,1
P03774,A13761,2
P03774,A13762,3
P03774,A13763,4
P03774,A13764,5
P03774,A13765,6
P03774,A13766,7
P03774,A13767,8
P03774,A13768,9
P03774,A13769,10
P03774,A13770,11
P03774,A13771,12
P03774,A13772,15
P03774,A13773,16
P03774,A13774,17
P03774,A13775,18
P03774,A13776,19
P03774,A13777,20
P03774,A13778,21
P03774,A13779,22
P03774,A13780,23
P03774,A13781,24
P03774,A13782,25
P03774,A13783,26
P03774,A13784,27
P03774,A13785,28
P03774,A13786,30
P03774,A13787,31
P03774,A13788,32
P03774,A13789,33
P03774,A13790,34
P03774,A13791,36
P03774,A13792,37
P03774,A13793,38
P03774,A13794,39
P03775,A13795,1
P03775,A13796,2
P03775,A13797,3
P03776,A03396,4
P03776,A11970,2
P03776,A13798,1
P03776,A13799,3
P03777,A13800,1
P03777,A13801,2
P03777,A13802,3
P03777,A13803,4
P03777,A13804,5
P03777,A13805,6
P03778,A13806,1
P03778,A13807,2
P03778,A13808,3
P03779,A13809,1
P03779,A13810,2
P03780,A13811,1
P03780,A13812,2
P03780,A13813,3
P03780,A13814,4
P03780,A13815,5
P03781,A00447,2
P03781,A00747,3
P03781,A04355,5
P03781,A07634,1
P03781,A13816,4
P03781,A13817,6
P03782,A01418,7
P03782,A02464,1
P03782,A02652,6
P03782,A03190,3
P03782,A03527,2
P03782,A05527,5
P03782,A07859,4
P03783,A00838,9
P03783,A00951,24
P03783,A00972,20
P03783,A02125,26
P03783,A02218,25
P03783,A02230,29
P03783,A04147,18
P03783,A04222,11
P03783,A04921,15
P03783,A09339,28
P03783,A11212,2
P03783,A11213,22
P03783,A11702,8
P03783,A11872,16
P03783,A13818,1
P03783,A13819,3
P03783,A13820,4
P03783,A13821,5
P03783,A13822,6
P03783,A13823,7
P03783,A13824,10
P03783,A13825,12
P03783,A13826,13
P03783,A13827,14
P03783,A13828,17
P03783,A13829,19
P03783,A13830,21
P03783,A13831,23
P03783,A13832,27
P03784,A01475,16
P03784,A02084,9
P03784,A02290,15
P03784,A03297,12
P03784,A03527,10
P03784,A03971,6
P03784,A05527,2
P03784,A05529,5
P03784,A09776,8
P03784,A09777,11
P03784,A11132,4
P03784,A12557,14
P03784,A13833,1
P03784,A13834,3
P03784,A13835,7
P03784,A13836,13
P03785,A09715,5
P03785,A13837,1
P03785,A13838,2
P03785,A13839,3
P03785,A13840,4
P03785,A13841,6
P03785,A13842,7
P03785,A13843,8
P03786,A00066,1
P03787,A05084,2
P03787,A05102,9
P03787,A13844,1
P03787,A13845,3
P03787,A13846,4
P03787,A13847,5
P03787,A13848,6
P03787,A13849,7
P03787,A13850,8
P03788,A00541,2
P03788,A02308,4
P03788,A03408,3
P03788,A10620,1
P03789,A01738,6
P03789,A01915,11
P03789,A02125,8
P03789,A02311,10
P03789,A02407,9
P03789,A10986,2
P03789,A11816,1
P03789,A11818,4
P03789,A11819,5
P03789,A13851,3
P03789,A13852,7
P03790,A05302,2
P03790,A12692,5
P03790,A13853,1
P03790,A13854,3
P03790,A13855,4
P03790,A13856,6
P03790,A13857,7
P03791,A11916,4
P03791,A11917,6
P03791,A11918,2
P03791,A12633,1
P03791,A13776,8
P03791,A13858,3
P03791,A13859,5
P03791,A13860,7
P03792,A13861,1
P03792,A13862,2
P03792,A13863,3
P03792,A13864,4
P03792,A13865,5
P03792,A13866,6
P03792,A13867,7
P03792,A13868,8
P03792,A13869,9
P03793,A09140,4
P03793,A11779,3
P03793,A12017,6
P03793,A12020,2
P03793,A13490,16
P03793,A13543,9
P03793,A13870,1
P03793,A13871,5
P03793,A13872,7
P03793,A13873,8
P03793,A13874,10
P03793,A13875,11
P03793,A13876,12
P03793,A13877,13
P03793,A13878,14
P03793,A13879,15
P03793,A13880,17
P03793,A13881,18
P03793,A13882,19
P03793,A13883,20
P03793,A13884,21
P03793,A13885,22
P03793,A13886,23
P03793,A13887,24
P03793,A13888,25
P03793,A13889,26
P03793,A13890,27
P03794,A03582,5
P03794,A04261,18
P03794,A13891,1
P03794,A13892,2
P03794,A13893,3
P03794,A13894,4
P03794,A13895,6
P03794,A13896,7
P03794,A13897,8
P03794,A13898,9
P03794,A13899,10
P03794,A13900,11
P03794,A13901,12
P03794,A13902,13
P03794,A13903,14
P03794,A13904,15
P03794,A13905,16
P03794,A13906,17
P03794,A13907,19
P03794,A13908,20
P03794,A13909,21
P03794,A13910,22
P03794,A13911,23
P03794,A13912,24
P03794,A13913,25
P03794,A13914,26
P03795,A04052,74
P03795,A10092,55
P03795,A12031,9
P03795,A12036,12
P03795,A12852,35
P03795,A12854,8
P03795,A12855,26
P03795,A12867,29
P03795,A12869,6
P03795,A12874,43
P03795,A12889,82
P03795,A13122,44
P03795,A13128,15
P03795,A13130,18
P03795,A13143,25
P03795,A13148,59
P03795,A13154,50
P03795,A13167,51
P03795,A13174,75
P03795,A13189,1
P03795,A13870,30
P03795,A13888,79
P03795,A13915,2
P03795,A13916,3
P03795,A13917,4
P03795,A13918,5
P03795,A13919,7
P03795,A13920,10
P03795,A13921,11
P03795,A13922,13
P03795,A13923,14
P03795,A13924,16
P03795,A13925,17
P03795,A13926,19
P03795,A13927,20
P03795,A13928,21
P03795,A13929,22
P03795,A13930,23
P03795,A13931,24
P03795,A13932,27
P03795,A13933,28
P03795,A13934,31
P03795,A13935,32
P03795,A13936,33
P03795,A13937,34
P03795,A13938,36
P03795,A13939,37
P03795,A13940,38
P03795,A13941,39
P03795,A13942,40
P03795,A13943,41
P03795,A13944,42
P03795,A13945,45
P03795,A13946,46
P03795,A13947,47
P03795,A13948,48
P03795,A13949,49
P03795,A13950,52
P03795,A13951,53
P03795,A13952,54
P03795,A13953,56
P03795,A13954,57
P03795,A13955,58
P03795,A13956,60
P03795,A13957,61
P03795,A13958,62
P03795,A13959,63
P03795,A13960,64
P03795,A13961,65
P03795,A13962,66
P03795,A13963,67
P03795,A13964,68
P03795,A13965,69
P03795,A13966,70
P03795,A13967,71
P03795,A13968,72
P03795,A13969,73
P03795,A13970,76
P03795,A13971,77
P03795,A13972,78
P03795,A13973,80
P03795,A13974,81
P03795,A13975,83
P03795,A13976,84
P03795,A13977,85
P03796,A07823,24
P03796,A10087,10
P03796,A11783,11
P03796,A12626,20
P03796,A12631,23
P03796,A12652,25
P03796,A12888,8
P03796,A13856,5
P03796,A13978,1
P03796,A13979,2
P03796,A13980,3
P03796,A13981,4
P03796,A13982,6
P03796,A13983,7
P03796,A13984,9
P03796,A13985,12
P03796,A13986,13
P03796,A13987,14
P03796,A13988,15
P03796,A13989,16
P03796,A13990,17
P03796,A13991,18
P03796,A13992,19
P03796,A13993,21
P03796,A13994,22
P03796,A13995,26
P03797,A05220,2
P03797,A13996,1
P03798,A03373,3
P03798,A13997,1
P03798,A13998,2
P03798,A13999,4
P03798,A14000,5
P03798,A14001,6
P03799,A04104,8
P03799,A04877,20
P03799,A14002,1
P03799,A14003,2
P03799,A14004,3
P03799,A14005,4
P03799,A14006,5
P03799,A14007,6
P03799,A14008,7
P03799,A14009,9
P03799,A14010,10
P03799,A14011,11
P03799,A14012,12
P03799,A14013,13
P03799,A14014,14
P03799,A14015,15
P03799,A14016,16
P03799,A14017,17
P03799,A14018,18
P03799,A14019,19
P03799,A14020,21
P03799,A14021,22
P03799,A14022,23
P03799,A14023,24
P03799,A14024,25
P03799,A14025,26
P03800,A14026,1
P03801,A01348,3
P03801,A02725,2
P03801,A04907,1
P03801,A10638,4
P03802,A03810,6
P03802,A04782,4
P03802,A11910,3
P03802,A14027,1
P03802,A14028,2
P03802,A14029,5
P03802,A14030,7
P03802,A14031,8
P03802,A14032,9
P03803,A09604,2
P03803,A14033,1
P03803,A14034,3
P03803,A14035,4
P03804,A04421,2
P03804,A04699,7
P03804,A04960,8
P03804,A14036,1
P03804,A14037,3
P03804,A14038,4
P03804,A14039,5
P03804,A14040,6
P03804,A14041,9
P03805,A11706,1
P03805,A11708,3
P03805,A11709,5
P03805,A11710,2
P03805,A11711,4
P03805,A14042,6
P03806,A00426,1
P03806,A01064,2
P03806,A03509,5
P03806,A03801,3
P03806,A14043,4
P03807,A00605,3
P03807,A01477,2
P03807,A02464,4
P03807,A02600,5
P03807,A09807,1
P03808,A01991,10
P03808,A04489,5
P03808,A04577,4
P03808,A04721,7
P03808,A05290,9
P03808,A08399,3
P03808,A10829,8
P03808,A11942,6
P03808,A12967,1
P03808,A12968,2
P03809,A00614,23
P03809,A00995,20
P03809,A01182,13
P03809,A01678,19
P03809,A02146,12
P03809,A02148,26
P03809,A02554,22
P03809,A02600,8
P03809,A02656,27
P03809,A02721,9
P03809,A03092,11
P03809,A03248,5
P03809,A03941,18
P03809,A06949,10
P03809,A07027,1
P03809,A08404,4
P03809,A09534,21
P03809,A11225,7
P03809,A14044,2
P03809,A14045,3
P03809,A14046,6
P03809,A14047,14
P03809,A14048,15
P03809,A14049,16
P03809,A14050,17
P03809,A14051,24
P03809,A14052,25
P03810,A02722,5
P03810,A03971,4
P03810,A04233,3
P03810,A14053,1
P03810,A14054,2
P03811,A13584,15
P03811,A14055,1
P03811,A14056,2
P03811,A14057,3
P03811,A14058,4
P03811,A14059,5
P03811,A14060,6
P03811,A14061,7
P03811,A14062,8
P03811,A14063,9
P03811,A14064,10
P03811,A14065,11
P03811,A14066,12
P03811,A14067,13
P03811,A14068,14
P03811,A14069,16
P03811,A14070,17
P03811,A14071,18
P03811,A14072,19
P03811,A14073,20
P03811,A14074,21
P03811,A14075,22
P03811,A14076,23
P03811,A14077,24
P03811,A14078,25
P03811,A14079,26
P03811,A14080,27
P03811,A14081,28
P03811,A14082,29
P03811,A14083,30
P03811,A14084,31
P03811,A14085,32
P03811,A14086,33
P03811,A14087,34
P03811,A14088,35
P03811,A14089,36
P03811,A14090,37
P03811,A14091,38
P03811,A14092,39
P03811,A14093,40
P03811,A14094,41
P03811,A14095,42
P03811,A14096,43
P03811,A14097,44
P03812,A14098,1
P03812,A14099,2
P03812,A14100,3
P03812,A14101,4
P03812,A14102,5
P03812,A14103,6
P03812,A14104,7
P03812,A14105,8
P03813,A00772,2
P03813,A12199,1
P03814,A00130,2
P03814,A00474,4
P03814,A11268,3
P03814,A13201,1
P03815,A03452,4
P03815,A05547,2
P03815,A06939,7
P03815,A08691,3
P03815,A11108,5
P03815,A14106,1
P03815,A14107,6
P03816,A00221,2
P03816,A01152,14
P03816,A01733,9
P03816,A01840,3
P03816,A02213,13
P03816,A02217,4
P03816,A03157,11
P03816,A03361,5
P03816,A03723,7
P03816,A03724,12
P03816,A03730,10
P03816,A03732,6
P03816,A14108,1
P03816,A14109,8
P03817,A00124,6
P03817,A00221,2
P03817,A01840,5
P03817,A07945,3
P03817,A14110,1
P03817,A14111,4
P03818,A00130,3
P03818,A00266,5
P03818,A00431,2
P03818,A00507,12
P03818,A01823,11
P03818,A04915,9
P03818,A07285,4
P03818,A07579,8
P03818,A07851,13
P03818,A09493,1
P03818,A12199,7
P03818,A14112,6
P03818,A14113,10
P03819,A00819,5
P03819,A00849,8
P03819,A01821,3
P03819,A02792,6
P03819,A03415,2
P03819,A04469,9
P03819,A07544,11
P03819,A10963,4
P03819,A11040,10
P03819,A14114,1
P03819,A14115,7
P03819,A14116,12
P03820,A02759,14
P03820,A03213,1
P03820,A03377,3
P03820,A05074,7
P03820,A07185,8
P03820,A07293,6
P03820,A07294,10
P03820,A07300,11
P03820,A07864,12
P03820,A09496,13
P03820,A09499,4
P03820,A12208,5
P03820,A12209,2
P03820,A14117,9
P03820,A14118,15
P03820,A14119,16
P03821,A00814,3
P03821,A00824,2
P03821,A03795,5
P03821,A07623,1
P03821,A07851,6
P03821,A12416,4
P03822,A14120,1
P03822,A14121,2
P03822,A14122,3
P03823,A09863,4
P03823,A13342,5
P03823,A14123,1
P03823,A14124,2
P03823,A14125,3
P03823,A14126,6
P03823,A14127,7
P03823,A14128,8
P03823,A14129,9
P03823,A14130,10
P03823,A14131,11
P03823,A14132,12
P03823,A14133,13
P03823,A14134,14
P03823,A14135,15
P03824,A00081,9
P03824,A00819,3
P03824,A01014,5
P03824,A01526,2
P03824,A01820,10
P03824,A01986,6
P03824,A02222,4
P03824,A04553,8
P03824,A10843,1
P03824,A14136,7
P03824,A14137,11
P03825,A00511,4
P03825,A08398,2
P03825,A12967,3
P03825,A12968,1
P03826,A06978,1
P03826,A06981,3
P03826,A10918,2
P03826,A14138,4
P03827,A00614,4
P03827,A01233,2
P03827,A02843,1
P03827,A03162,3
P03828,A14139,1
P03828,A14140,2
P03828,A14141,3
P03828,A14142,4
P03828,A14143,5
P03828,A14144,6
P03828,A14145,7
P03829,A00562,3
P03829,A00570,6
P03829,A00805,7
P03829,A00843,8
P03829,A02245,2
P03829,A02600,1
P03829,A03292,5
P03829,A05629,4
P03830,A14146,1
P03830,A14147,2
P03830,A14148,3
P03830,A14149,4
P03830,A14150,5
P03830,A14151,6
P03830,A14152,7
P03831,A00622,5
P03831,A02661,4
P03831,A02723,7
P03831,A03402,6
P03831,A04815,2
P03831,A05123,8
P03831,A05487,1
P03831,A05531,3
P03832,A00077,1
P03833,A14153,1
P03833,A14154,2
P03833,A14155,3
P03833,A14156,4
P03833,A14157,5
P03833,A14158,6
P03833,A14159,7
P03833,A14160,8
P03833,A14161,9
P03834,A03536,1
P03834,A14162,2
P03834,A14163,3
P03834,A14164,4
P03834,A14165,5
P03834,A14166,6
P03834,A14167,7
P03834,A14168,8
P03834,A14169,9
P03835,A00101,3
P03835,A00425,5
P03835,A04309,4
P03835,A04310,2
P03835,A14170,1
P03836,A03213,3
P03836,A04169,4
P03836,A04221,1
P03836,A14171,2
P03836,A14172,5
P03837,A07796,3
P03837,A11447,5
P03837,A14173,1
P03837,A14174,2
P03837,A14175,4
P03837,A14176,6
P03838,A00791,2
P03838,A01844,4
P03838,A10252,1
P03838,A14177,3
P03839,A06804,8
P03839,A12063,5
P03839,A13246,1
P03839,A13247,4
P03839,A13248,12
P03839,A13250,9
P03839,A14178,2
P03839,A14179,3
P03839,A14180,6
P03839,A14181,7
P03839,A14182,10
P03839,A14183,11
P03839,A14184,13
P03839,A14185,14
P03840,A09783,3
P03840,A14186,1
P03840,A14187,2
P03840,A14188,4
P03840,A14189,5
P03840,A14190,6
P03840,A14191,7
P03840,A14192,8
P03841,A00849,5
P03841,A01421,10
P03841,A01821,3
P03841,A02125,6
P03841,A03374,9
P03841,A03408,12
P03841,A03904,2
P03841,A06980,4
P03841,A10801,7
P03841,A12094,8
P03841,A14193,1
P03841,A14194,11
P03842,A03382,3
P03842,A14195,1
P03842,A14196,2
P03843,A10089,2
P03843,A12625,4
P03843,A12633,5
P03843,A12867,7
P03843,A12874,8
P03843,A13975,6
P03843,A14197,1
P03843,A14198,3
P03843,A14199,9
P03844,A00231,5
P03844,A13236,6
P03844,A14200,1
P03844,A14201,2
P03844,A14202,3
P03844,A14203,4
P03845,A05102,1
P03845,A05125,2
P03845,A14204,3
P03845,A14205,4
P03845,A14206,5
P03845,A14207,6
P03845,A14208,7
P03846,A11914,3
P03846,A14209,1
P03846,A14210,2
P03846,A14211,4
P03847,A05000,37
P03847,A10028,41
P03847,A14212,1
P03847,A14213,2
P03847,A14214,3
P03847,A14215,4
P03847,A14216,5
P03847,A14217,6
P03847,A14218,7
P03847,A14219,8
P03847,A14220,9
P03847,A14221,10
P03847,A14222,11
P03847,A14223,12
P03847,A14224,13
P03847,A14225,14
P03847,A14226,15
P03847,A14227,16
P03847,A14228,17
P03847,A14229,18
P03847,A14230,19
P03847,A14231,20
P03847,A14232,21
P03847,A14233,22
P03847,A14234,23
P03847,A14235,24
P03847,A14236,25
P03847,A14237,26
P03847,A14238,27
P03847,A14239,28
P03847,A14240,29
P03847,A14241,30
P03847,A14242,31
P03847,A14243,32
P03847,A14244,33
P03847,A14245,34
P03847,A14246,35
P03847,A14247,36
P03847,A14248,38
P03847,A14249,39
P03847,A14250,40
P03847,A14251,42
P03847,A14252,43
P03848,A00562,3
P03848,A00714,4
P03848,A02303,1
P03848,A02759,8
P03848,A05074,2
P03848,A12538,6
P03848,A14253,5
P03848,A14254,7
P03849,A00006,3
P03849,A00806,11
P03849,A03945,2
P03849,A04159,9
P03849,A04210,4
P03849,A11991,10
P03849,A12524,1
P03849,A12525,7
P03849,A14255,5
P03849,A14256,6
P03849,A14257,8
P03850,A12031,12
P03850,A12852,31
P03850,A12854,25
P03850,A12855,1
P03850,A12869,13
P03850,A12897,9
P03850,A13128,20
P03850,A13130,5
P03850,A13134,16
P03850,A13189,11
P03850,A13915,4
P03850,A13916,8
P03850,A13917,10
P03850,A13918,24
P03850,A13919,14
P03850,A13920,15
P03850,A13922,17
P03850,A13924,21
P03850,A13925,23
P03850,A13933,28
P03850,A13934,29
P03850,A13941,7
P03850,A13946,2
P03850,A13948,26
P03850,A13952,34
P03850,A13962,27
P03850,A13963,18
P03850,A13965,38
P03850,A13967,3
P03850,A13968,39
P03850,A13969,22
P03850,A13977,6
P03850,A14258,19
P03850,A14259,30
P03850,A14260,32
P03850,A14261,33
P03850,A14262,35
P03850,A14263,36
P03850,A14264,37
P03850,A14265,40
P03850,A14266,41
P03851,A11465,10
P03851,A12638,9
P03851,A12899,22
P03851,A13699,21
P03851,A13721,23
P03851,A14267,1
P03851,A14268,2
P03851,A14269,3
P03851,A14270,4
P03851,A14271,5
P03851,A14272,6
P03851,A14273,7
P03851,A14274,8
P03851,A14275,11
P03851,A14276,12
P03851,A14277,13
P03851,A14278,14
P03851,A14279,15
P03851,A14280,16
P03851,A14281,17
P03851,A14282,18
P03851,A14283,19
P03851,A14284,20
P03851,A14285,24
P03851,A14286,25
P03851,A14287,26
P03851,A14288,27
P03851,A14289,28
P03851,A14290,29
P03851,A14291,30
P03851,A14292,31
P03851,A14293,32
P03851,A14294,33
P03852,A11465,26
P03852,A12638,32
P03852,A12899,29
P03852,A13699,10
P03852,A14267,38
P03852,A14268,34
P03852,A14269,17
P03852,A14270,15
P03852,A14272,35
P03852,A14273,18
P03852,A14274,21
P03852,A14275,39
P03852,A14276,8
P03852,A14277,31
P03852,A14279,25
P03852,A14281,9
P03852,A14282,16
P03852,A14283,19
P03852,A14284,27
P03852,A14286,33
P03852,A14287,36
P03852,A14288,14
P03852,A14290,13
P03852,A14292,4
P03852,A14293,20
P03852,A14294,11
P03852,A14295,1
P03852,A14296,2
P03852,A14297,3
P03852,A14298,5
P03852,A14299,6
P03852,A14300,7
P03852,A14301,12
P03852,A14302,22
P03852,A14303,23
P03852,A14304,24
P03852,A14305,28
P03852,A14306,30
P03852,A14307,37
P03852,A14308,40
P03852,A14309,41
P03853,A11465,19
P03853,A12899,24
P03853,A14270,23
P03853,A14273,8
P03853,A14276,11
P03853,A14279,20
P03853,A14281,12
P03853,A14282,5
P03853,A14284,22
P03853,A14288,27
P03853,A14290,28
P03853,A14292,16
P03853,A14293,30
P03853,A14294,31
P03853,A14295,3
P03853,A14296,4
P03853,A14298,25
P03853,A14299,2
P03853,A14301,7
P03853,A14302,10
P03853,A14306,13
P03853,A14310,1
P03853,A14311,6
P03853,A14312,9
P03853,A14313,14
P03853,A14314,15
P03853,A14315,17
P03853,A14316,18
P03853,A14317,21
P03853,A14318,26
P03853,A14319,29
P03854,A12638,16
P03854,A12899,37
P03854,A13699,35
P03854,A13721,39
P03854,A14239,38
P03854,A14267,23
P03854,A14268,4
P03854,A14269,13
P03854,A14270,12
P03854,A14271,7
P03854,A14272,26
P03854,A14273,34
P03854,A14274,1
P03854,A14275,17
P03854,A14276,18
P03854,A14277,20
P03854,A14279,21
P03854,A14281,22
P03854,A14282,10
P03854,A14283,25
P03854,A14284,32
P03854,A14287,41
P03854,A14288,15
P03854,A14290,14
P03854,A14292,51
P03854,A14293,2
P03854,A14294,54
P03854,A14296,11
P03854,A14299,9
P03854,A14302,5
P03854,A14305,27
P03854,A14308,45
P03854,A14310,53
P03854,A14317,28
P03854,A14318,3
P03854,A14319,50
P03854,A14320,6
P03854,A14321,8
P03854,A14322,19
P03854,A14323,24
P03854,A14324,29
P03854,A14325,30
P03854,A14326,31
P03854,A14327,33
P03854,A14328,36
P03854,A14329,40
P03854,A14330,42
P03854,A14331,43
P03854,A14332,44
P03854,A14333,46
P03854,A14334,47
P03854,A14335,48
P03854,A14336,49
P03854,A14337,52
P03855,A12899,1
P03855,A13699,32
P03855,A14239,34
P03855,A14267,29
P03855,A14271,9
P03855,A14273,7
P03855,A14277,3
P03855,A14279,8
P03855,A14281,22
P03855,A14282,26
P03855,A14283,17
P03855,A14284,25
P03855,A14285,24
P03855,A14287,35
P03855,A14288,6
P03855,A14290,2
P03855,A14292,37
P03855,A14293,23
P03855,A14294,39
P03855,A14296,33
P03855,A14300,28
P03855,A14302,10
P03855,A14304,27
P03855,A14305,31
P03855,A14306,30
P03855,A14308,21
P03855,A14310,38
P03855,A14316,19
P03855,A14317,18
P03855,A14319,12
P03855,A14321,15
P03855,A14336,13
P03855,A14337,5
P03855,A14338,4
P03855,A14339,11
P03855,A14340,14
P03855,A14341,16
P03855,A14342,20
P03855,A14343,36
P03856,A12638,29
P03856,A12899,37
P03856,A13699,36
P03856,A14267,10
P03856,A14268,35
P03856,A14269,23
P03856,A14270,17
P03856,A14271,11
P03856,A14272,34
P03856,A14273,16
P03856,A14275,30
P03856,A14276,6
P03856,A14277,7
P03856,A14279,8
P03856,A14280,32
P03856,A14281,9
P03856,A14282,33
P03856,A14283,12
P03856,A14284,14
P03856,A14286,38
P03856,A14288,22
P03856,A14290,24
P03856,A14292,1
P03856,A14293,26
P03856,A14294,27
P03856,A14296,2
P03856,A14299,31
P03856,A14300,3
P03856,A14304,28
P03856,A14310,39
P03856,A14316,4
P03856,A14317,13
P03856,A14318,19
P03856,A14321,5
P03856,A14330,20
P03856,A14331,21
P03856,A14335,25
P03856,A14344,15
P03856,A14345,18
P03857,A12638,4
P03857,A12899,22
P03857,A13699,19
P03857,A13721,23
P03857,A14267,11
P03857,A14268,17
P03857,A14270,21
P03857,A14272,13
P03857,A14273,18
P03857,A14276,2
P03857,A14277,6
P03857,A14278,8
P03857,A14279,9
P03857,A14281,1
P03857,A14283,12
P03857,A14284,16
P03857,A14288,24
P03857,A14290,26
P03857,A14291,27
P03857,A14292,28
P03857,A14293,29
P03857,A14294,31
P03857,A14296,20
P03857,A14299,7
P03857,A14300,10
P03857,A14305,14
P03857,A14310,30
P03857,A14313,15
P03857,A14316,3
P03857,A14321,5
P03857,A14343,25
P03858,A11465,15
P03858,A12638,14
P03858,A12899,36
P03858,A13699,9
P03858,A13721,38
P03858,A14239,35
P03858,A14267,7
P03858,A14268,33
P03858,A14269,1
P03858,A14270,3
P03858,A14271,25
P03858,A14272,27
P03858,A14273,34
P03858,A14275,16
P03858,A14276,18
P03858,A14277,19
P03858,A14278,20
P03858,A14279,21
P03858,A14281,23
P03858,A14282,5
P03858,A14283,26
P03858,A14284,32
P03858,A14285,39
P03858,A14288,4
P03858,A14290,11
P03858,A14291,44
P03858,A14292,12
P03858,A14293,46
P03858,A14294,8
P03858,A14296,10
P03858,A14302,43
P03858,A14303,31
P03858,A14305,28
P03858,A14306,24
P03858,A14308,41
P03858,A14309,30
P03858,A14316,13
P03858,A14317,29
P03858,A14318,37
P03858,A14327,2
P03858,A14331,40
P03858,A14334,42
P03858,A14335,6
P03858,A14337,45
P03858,A14339,17
P03858,A14346,22
P03859,A12638,4
P03859,A12899,8
P03859,A13699,6
P03859,A14267,5
P03859,A14268,25
P03859,A14270,7
P03859,A14272,22
P03859,A14273,19
P03859,A14274,13
P03859,A14276,15
P03859,A14278,1
P03859,A14279,16
P03859,A14281,18
P03859,A14282,20
P03859,A14283,21
P03859,A14288,9
P03859,A14290,29
P03859,A14291,2
P03859,A14292,10
P03859,A14293,11
P03859,A14294,12
P03859,A14305,23
P03859,A14309,24
P03859,A14318,26
P03859,A14321,14
P03859,A14334,28
P03859,A14343,3
P03859,A14347,17
P03859,A14348,27
P03860,A14349,1
P03860,A14350,2
P03860,A14351,3
P03861,A02512,2
P03861,A02902,6
P03861,A03253,4
P03861,A04159,3
P03861,A04210,5
P03861,A05043,1
P03861,A10343,7
P03862,A05492,2
P03862,A05503,1
P03863,A14187,3
P03863,A14190,4
P03863,A14191,5
P03863,A14192,6
P03863,A14352,1
P03863,A14353,2
P03864,A01442,2
P03864,A04924,3
P03864,A12552,1
P03865,A14354,1
P03865,A14355,2
P03865,A14356,3
P03865,A14357,4
P03865,A14358,5
P03865,A14359,6
P03865,A14360,7
P03866,A14361,1
P03866,A14362,2
P03866,A14363,3
P03866,A14364,4
P03866,A14365,5
P03866,A14366,6
P03866,A14367,7
P03866,A14368,8
P03866,A14369,9
P03866,A14370,10
P03866,A14371,11
P03866,A14372,12
P03866,A14373,13
P03866,A14374,14
P03866,A14375,15
P03866,A14376,16
P03866,A14377,17
P03866,A14378,18
P03866,A14379,19
P03866,A14380,20
P03866,A14381,21
P03866,A14382,22
P03866,A14383,23
P03866,A14384,24
P03866,A14385,25
P03866,A14386,26
P03866,A14387,27
P03866,A14388,28
P03866,A14389,29
P03866,A14390,30
P03866,A14391,31
P03866,A14392,32
P03866,A14393,33
P03866,A14394,34
P03866,A14395,35
P03866,A14396,36
P03866,A14397,37
P03866,A14398,38
P03866,A14399,39
P03866,A14400,40
P03866,A14401,41
P03866,A14402,42
P03866,A14403,43
P03866,A14404,44
P03866,A14405,45
P03866,A14406,46
P03866,A14407,47
P03866,A14408,48
P03866,A14409,49
P03866,A14410,50
P03866,A14411,51
P03866,A14412,52
P03866,A14413,53
P03866,A14414,54
P03866,A14415,55
P03866,A14416,56
P03866,A14417,57
P03866,A14418,58
P03866,A14419,59
P03866,A14420,60
P03866,A14421,61
P03866,A14422,62
P03866,A14423,63
P03866,A14424,64
P03866,A14425,65
P03866,A14426,66
P03866,A14427,67
P03866,A14428,68
P03866,A14429,69
P03866,A14430,70
P03866,A14431,71
P03866,A14432,72
P03866,A14433,73
P03866,A14434,74
P03866,A14435,75
P03866,A14436,76
P03866,A14437,77
P03866,A14438,78
P03866,A14439,79
P03866,A14440,80
P03866,A14441,81
P03866,A14442,82
P03866,A14443,83
P03866,A14444,84
P03866,A14445,85
P03866,A14446,86
P03866,A14447,87
P03866,A14448,88
P03866,A14449,89
P03866,A14450,90
P03866,A14451,91
P03866,A14452,92
P03866,A14453,93
P03866,A14454,94
P03866,A14455,95
P03866,A14456,96
P03866,A14457,97
P03866,A14458,98
P03866,A14459,99
P03866,A14460,100
P03866,A14461,101
P03866,A14462,102
P03866,A14463,103
P03866,A14464,104
P03866,A14465,105
P03866,A14466,106
P03866,A14467,107
P03866,A14468,108
P03866,A14469,109
P03866,A14470,110
P03866,A14471,111
P03866,A14472,112
P03866,A14473,113
P03866,A14474,114
P03866,A14475,115
P03866,A14476,116
P03866,A14477,117
P03866,A14478,118
P03866,A14479,119
P03866,A14480,120
P03866,A14481,121
P03866,A14482,122
P03866,A14483,123
P03866,A14484,124
P03866,A14485,125
P03866,A14486,126
P03866,A14487,127
P03866,A14488,128
P03866,A14489,129
P03866,A14490,130
P03866,A14491,131
P03866,A14492,132
P03866,A14493,133
P03866,A14494,134
P03866,A14495,135
P03866,A14496,136
P03866,A14497,137
P03866,A14498,138
P03866,A14499,139
P03866,A14500,140
P03866,A14501,141
P03866,A14502,142
P03866,A14503,143
P03866,A14504,144
P03866,A14505,145
P03866,A14506,146
P03866,A14507,147
P03866,A14508,148
P03866,A14509,149
P03866,A14510,150
P03866,A14511,151
P03866,A14512,152
P03866,A14513,153
P03866,A14514,154
P03866,A14515,155
P03866,A14516,156
P03866,A14517,157
P03866,A14518,158
P03866,A14519,159
P03866,A14520,160
P03866,A14521,161
P03866,A14522,162
P03866,A14523,163
P03866,A14524,164
P03866,A14525,165
P03866,A14526,166
P03866,A14527,167
P03866,A14528,168
P03866,A14529,169
P03866,A14530,170
P03866,A14531,171
P03866,A14532,172
P03866,A14533,173
P03866,A14534,174
P03866,A14535,175
P03866,A14536,176
P03866,A14537,177
P03866,A14538,178
P03866,A14539,179
P03866,A14540,180
P03866,A14541,181
P03866,A14542,182
P03866,A14543,183
P03866,A14544,184
P03866,A14545,185
P03866,A14546,186
P03866,A14547,187
P03866,A14548,188
P03866,A14549,189
P03866,A14550,190
P03866,A14551,191
P03867,A02661,2
P03867,A03058,5
P03867,A03061,3
P03867,A03971,6
P03867,A08535,1
P03867,A11121,4
P03868,A02539,3
P03868,A14552,1
P03868,A14553,2
P03868,A14554,4
P03869,A09580,5
P03869,A12437,2
P03869,A14555,1
P03869,A14556,3
P03869,A14557,4
P03870,A14558,1
P03870,A14559,2
P03870,A14560,3
P03871,A01092,5
P03871,A01751,6
P03871,A04283,4
P03871,A04977,2
P03871,A09487,3
P03871,A14561,1
P03871,A14562,7
P03872,A00005,6
P03872,A00231,2
P03872,A01010,7
P03872,A02844,1
P03872,A04484,5
P03872,A09340,4
P03872,A14563,3
P03873,A01649,5
P03873,A02240,4
P03873,A03795,2
P03873,A04924,3
P03873,A14564,1
P03874,A14565,1
P03874,A14566,2
P03874,A14567,3
P03874,A14568,4
P03874,A14569,5
P03874,A14570,6
P03874,A14571,7
P03874,A14572,8
P03875,A14573,1
P03876,A14574,1
P03876,A14575,2
P03876,A14576,3
P03876,A14577,4
P03876,A14578,5
P03877,A02125,3
P03877,A14579,1
P03877,A14580,2
P03877,A14581,4
P03878,A01124,5
P03878,A11341,7
P03878,A14582,1
P03878,A14583,2
P03878,A14584,3
P03878,A14585,4
P03878,A14586,6
P03879,A00417,1
P03879,A00840,2
P03880,A00431,11
P03880,A00714,6
P03880,A00763,4
P03880,A01351,5
P03880,A01476,8
P03880,A01797,7
P03880,A01823,10
P03880,A09810,1
P03880,A12088,3
P03880,A14587,2
P03880,A14588,9
P03880,A14589,12
P03880,A14590,13
P03881,A03421,3
P03881,A03432,7
P03881,A10586,8
P03881,A10772,4
P03881,A11454,1
P03881,A12392,2
P03881,A12393,5
P03881,A12398,6
P03882,A14591,1
P03883,A10091,5
P03883,A10096,4
P03883,A11892,2
P03883,A11893,1
P03883,A11894,3
P03883,A11895,6
P03883,A11896,7
P03883,A11897,8
P03883,A11898,10
P03883,A11899,11
P03883,A14592,9
P03884,A01596,8
P03884,A01821,7
P03884,A04041,2
P03884,A04577,9
P03884,A05017,3
P03884,A06980,1
P03884,A08032,4
P03884,A08400,10
P03884,A14593,5
P03884,A14594,6
P03885,A00645,3
P03885,A00893,11
P03885,A04135,1
P03885,A04297,10
P03885,A09343,7
P03885,A14595,2
P03885,A14596,4
P03885,A14597,5
P03885,A14598,6
P03885,A14599,8
P03885,A14600,9
P03886,A12029,8
P03886,A12056,9
P03886,A12058,10
P03886,A14601,1
P03886,A14602,2
P03886,A14603,3
P03886,A14604,4
P03886,A14605,5
P03886,A14606,6
P03886,A14607,7
P03886,A14608,11
P03886,A14609,12
P03887,A11783,5
P03887,A11809,19
P03887,A11899,20
P03887,A12031,2
P03887,A12697,6
P03887,A12869,17
P03887,A12875,8
P03887,A12898,14
P03887,A13123,4
P03887,A13189,9
P03887,A13196,3
P03887,A13776,12
P03887,A13927,13
P03887,A13932,10
P03887,A13936,7
P03887,A13961,11
P03887,A13973,18
P03887,A14610,1
P03887,A14611,15
P03887,A14612,16
P03887,A14613,21
P03887,A14614,22
P03887,A14615,23
P03888,A01915,5
P03888,A01916,2
P03888,A01917,8
P03888,A02125,6
P03888,A02407,14
P03888,A02563,15
P03888,A02731,7
P03888,A03216,3
P03888,A03288,10
P03888,A04237,9
P03888,A04292,4
P03888,A04404,12
P03888,A04469,13
P03888,A07671,1
P03888,A08475,11
P03888,A11901,16
P03888,A11902,17
P03888,A14616,18
P03889,A00629,2
P03889,A14617,1
P03890,A02975,2
P03890,A02977,5
P03890,A02979,3
P03890,A03655,8
P03890,A04968,9
P03890,A07980,6
P03890,A12110,4
P03890,A13322,10
P03890,A14618,1
P03890,A14619,7
P03891,A00562,3
P03891,A02243,2
P03891,A02846,4
P03891,A10127,5
P03891,A12221,1
P03892,A11785,43
P03892,A11791,20
P03892,A11792,25
P03892,A11806,40
P03892,A11925,4
P03892,A12616,44
P03892,A12617,42
P03892,A12897,33
P03892,A12903,48
P03892,A12905,6
P03892,A13121,17
P03892,A13122,3
P03892,A13123,24
P03892,A13124,1
P03892,A13125,2
P03892,A13126,13
P03892,A13127,37
P03892,A13128,38
P03892,A13131,46
P03892,A13132,47
P03892,A13135,30
P03892,A13141,12
P03892,A13142,41
P03892,A13143,45
P03892,A13144,19
P03892,A13147,11
P03892,A13148,34
P03892,A13149,35
P03892,A13154,29
P03892,A13155,16
P03892,A13157,18
P03892,A13159,9
P03892,A13160,21
P03892,A13164,26
P03892,A13165,27
P03892,A13167,31
P03892,A13168,32
P03892,A13175,8
P03892,A13178,10
P03892,A13187,14
P03892,A13196,7
P03892,A14620,5
P03892,A14621,15
P03892,A14622,22
P03892,A14623,23
P03892,A14624,28
P03892,A14625,36
P03892,A14626,39
P03893,A14233,3
P03893,A14627,1
P03893,A14628,2
P03893,A14629,4
P03893,A14630,5
P03893,A14631,6
P03893,A14632,7
P03894,A07174,14
P03894,A11783,8
P03894,A11784,15
P03894,A11931,16
P03894,A12691,3
P03894,A12692,5
P03894,A12694,7
P03894,A12700,11
P03894,A12702,12
P03894,A12703,2
P03894,A12704,13
P03894,A12972,9
P03894,A12973,6
P03894,A12974,4
P03894,A14633,1
P03894,A14634,10
P03895,A07427,14
P03895,A07914,11
P03895,A07918,16
P03895,A07967,5
P03895,A07971,9
P03895,A07972,15
P03895,A07973,13
P03895,A14635,1
P03895,A14636,2
P03895,A14637,3
P03895,A14638,4
P03895,A14639,6
P03895,A14640,7
P03895,A14641,8
P03895,A14642,10
P03895,A14643,12
P03896,A14139,1
P03896,A14140,3
P03896,A14142,2
P03896,A14144,5
P03896,A14644,4
P03896,A14645,6
P03896,A14646,7
P03897,A00276,7
P03897,A06995,1
P03897,A09725,2
P03897,A14647,3
P03897,A14648,4
P03897,A14649,5
P03897,A14650,6
P03897,A14651,8
P03898,A01739,6
P03898,A03623,3
P03898,A08579,7
P03898,A09841,5
P03898,A11207,2
P03898,A11338,1
P03898,A14652,4
P03899,A03382,5
P03899,A07272,3
P03899,A07273,2
P03899,A14653,1
P03899,A14654,4
P03900,A02533,1
P03900,A04706,10
P03900,A14655,2
P03900,A14656,3
P03900,A14657,4
P03900,A14658,5
P03900,A14659,6
P03900,A14660,7
P03900,A14661,8
P03900,A14662,9
P03901,A07884,4
P03901,A12090,1
P03901,A14663,2
P03901,A14664,3
P03901,A14665,5
P03902,A03808,2
P03902,A03809,1
P03902,A10675,4
P03902,A14666,3
P03902,A14667,5
P03902,A14668,6
P03902,A14669,7
P03902,A14670,8
P03902,A14671,9
P03903,A01559,4
P03903,A14672,1
P03903,A14673,2
P03903,A14674,3
P03904,A12638,4
P03904,A14268,2
P03904,A14272,5
P03904,A14276,12
P03904,A14282,16
P03904,A14283,18
P03904,A14285,26
P03904,A14288,9
P03904,A14289,1
P03904,A14290,29
P03904,A14300,14
P03904,A14305,19
P03904,A14314,6
P03904,A14321,10
P03904,A14675,3
P03904,A14676,7
P03904,A14677,8
P03904,A14678,11
P03904,A14679,13
P03904,A14680,15
P03904,A14681,17
P03904,A14682,20
P03904,A14683,21
P03904,A14684,22
P03904,A14685,23
P03904,A14686,24
P03904,A14687,25
P03904,A14688,27
P03904,A14689,28
P03904,A14690,30
P03904,A14691,31
P03904,A14692,32
P03904,A14693,33
P03905,A00290,4
P03905,A00448,5
P03905,A01227,3
P03905,A03450,2
P03905,A14694,1
P03906,A14695,1
P03906,A14696,2
P03906,A14697,3
P03907,A14698,1
P03907,A14699,2
P03907,A14700,3
P03907,A14701,4
P03908,A09822,2
P03908,A14702,1
P03908,A14703,3
P03909,A08423,2
P03909,A14704,1
P03910,A00266,3
P03910,A00905,1
P03910,A07131,2
P03911,A05000,6
P03911,A10972,5
P03911,A12296,8
P03911,A14705,1
P03911,A14706,2
P03911,A14707,3
P03911,A14708,4
P03911,A14709,7
P03912,A05466,5
P03912,A05485,2
P03912,A08033,9
P03912,A14710,1
P03912,A14711,3
P03912,A14712,4
P03912,A14713,6
P03912,A14714,7
P03912,A14715,8
P03912,A14716,10
P03912,A14717,11
P03912,A14718,12
P03913,A00440,7
P03913,A01497,9
P03913,A14719,1
P03913,A14720,2
P03913,A14721,3
P03913,A14722,4
P03913,A14723,5
P03913,A14724,6
P03913,A14725,8
P03914,A14558,4
P03914,A14559,2
P03914,A14560,5
P03914,A14726,1
P03914,A14727,3
P03915,A00511,6
P03915,A04577,4
P03915,A08398,5
P03915,A08400,9
P03915,A10829,7
P03915,A11942,2
P03915,A12967,1
P03915,A12968,3
P03915,A12969,8
P03916,A00622,12
P03916,A02661,2
P03916,A02723,3
P03916,A03318,4
P03916,A03402,8
P03916,A05123,1
P03916,A05531,7
P03916,A07873,6
P03916,A11119,5
P03916,A14728,9
P03916,A14729,10
P03916,A14730,11
P03917,A07715,4
P03917,A14731,1
P03917,A14732,2
P03917,A14733,3
P03917,A14734,5
P03917,A14735,6
P03917,A14736,7
P03917,A14737,8
P03917,A14738,9
P03917,A14739,10
P03917,A14740,11
P03917,A14741,12
P03917,A14742,13
P03918,A00447,3
P03918,A04350,1
P03918,A04355,5
P03918,A05236,4
P03918,A14743,2
P03919,A02464,1
P03919,A02866,2
P03919,A14744,3
P03920,A06961,2
P03920,A12704,9
P03920,A12836,11
P03920,A12837,15
P03920,A12838,12
P03920,A14745,1
P03920,A14746,3
P03920,A14747,4
P03920,A14748,5
P03920,A14749,6
P03920,A14750,7
P03920,A14751,8
P03920,A14752,10
P03920,A14753,13
P03920,A14754,14
P03921,A14755,1
P03921,A14756,2
P03921,A14757,3
P03921,A14758,4
P03921,A14759,5
P03921,A14760,6
P03921,A14761,7
P03921,A14762,8
P03921,A14763,9
P03921,A14764,10
P03921,A14765,11
P03922,A00708,6
P03922,A02296,1
P03922,A02395,8
P03922,A05307,4
P03922,A06874,13
P03922,A11145,3
P03922,A11146,2
P03922,A14766,5
P03922,A14767,7
P03922,A14768,9
P03922,A14769,10
P03922,A14770,11
P03922,A14771,12
P03923,A00150,782
P03923,A05302,575
P03923,A05433,144
P03923,A05434,349
P03923,A05435,610
P03923,A05436,945
P03923,A05438,1005
P03923,A05630,387
P03923,A06804,432
P03923,A06973,257
P03923,A07012,214
P03923,A07174,807
P03923,A07750,651
P03923,A11778,680
P03923,A11781,620
P03923,A11795,376
P03923,A11931,972
P03923,A12011,308
P03923,A12012,519
P03923,A12013,449
P03923,A12014,300
P03923,A12018,234
P03923,A12020,99
P03923,A12022,175
P03923,A12024,700
P03923,A12025,726
P03923,A12037,655
P03923,A12041,763
P03923,A12043,857
P03923,A12047,267
P03923,A12048,348
P03923,A12050,615
P03923,A12051,813
P03923,A12052,894
P03923,A12058,67
P03923,A12059,326
P03923,A12060,770
P03923,A12061,488
P03923,A12064,153
P03923,A12065,524
P03923,A12066,260
P03923,A12610,455
P03923,A12625,565
P03923,A12637,41
P03923,A12645,493
P03923,A12687,222
P03923,A12691,737
P03923,A12692,8
P03923,A12693,42
P03923,A12695,320
P03923,A12696,404
P03923,A12698,420
P03923,A12701,607
P03923,A12706,904
P03923,A12708,781
P03923,A12897,481
P03923,A13123,256
P03923,A13130,971
P03923,A13139,547
P03923,A13163,1
P03923,A13174,883
P03923,A13366,935
P03923,A13589,210
P03923,A13592,318
P03923,A13713,87
P03923,A13734,514
P03923,A13874,195
P03923,A13887,909
P03923,A13936,102
P03923,A13948,353
P03923,A13962,611
P03923,A13985,238
P03923,A14055,293
P03923,A14056,941
P03923,A14060,375
P03923,A14062,336
P03923,A14063,499
P03923,A14068,40
P03923,A14071,83
P03923,A14072,93
P03923,A14074,298
P03923,A14088,810
P03923,A14089,818
P03923,A14091,940
P03923,A14095,162
P03923,A14096,329
P03923,A14097,673
P03923,A14601,294
P03923,A14603,755
P03923,A14605,623
P03923,A14772,2
P03923,A14773,3
P03923,A14774,4
P03923,A14775,5
P03923,A14776,6
P03923,A14777,7
P03923,A14778,9
P03923,A14779,10
P03923,A14780,11
P03923,A14781,12
P03923,A14782,13
P03923,A14783,14
P03923,A14784,15
P03923,A14785,16
P03923,A14786,17
P03923,A14787,18
P03923,A14788,19
P03923,A14789,20
P03923,A14790,21
P03923,A14791,22
P03923,A14792,23
P03923,A14793,24
P03923,A14794,25
P03923,A14795,26
P03923,A14796,27
P03923,A14797,28
P03923,A14798,29
P03923,A14799,30
P03923,A14800,31
P03923,A14801,32
P03923,A14802,33
P03923,A14803,34
P03923,A14804,35
P03923,A14805,36
P03923,A14806,37
P03923,A14807,38
P03923,A14808,39
P03923,A14809,43
P03923,A14810,44
P03923,A14811,45
P03923,A14812,46
P03923,A14813,47
P03923,A14814,48
P03923,A14815,49
P03923,A14816,50
P03923,A14817,51
P03923,A14818,52
P03923,A14819,53
P03923,A14820,54
P03923,A14821,55
P03923,A14822,56
P03923,A14823,57
P03923,A14824,58
P03923,A14825,59
P03923,A14826,60
P03923,A14827,61
P03923,A14828,62
P03923,A14829,63
P03923,A14830,64
P03923,A14831,65
P03923,A14832,66
P03923,A14833,68
P03923,A14834,69
P03923,A14835,70
P03923,A14836,71
P03923,A14837,72
P03923,A14838,73
P03923,A14839,74
P03923,A14840,75
P03923,A14841,76
P03923,A14842,77
P03923,A14843,78
P03923,A14844,79
P03923,A14845,80
P03923,A14846,81
P03923,A14847,82
P03923,A14848,84
P03923,A14849,85
P03923,A14850,86
P03923,A14851,88
P03923,A14852,89
P03923,A14853,90
P03923,A14854,91
P03923,A14855,92
P03923,A14856,94
P03923,A14857,95
P03923,A14858,96
P03923,A14859,97
P03923,A14860,98
P03923,A14861,100
P03923,A14862,101
P03923,A14863,103
P03923,A14864,104
P03923,A14865,105
P03923,A14866,106
P03923,A14867,107
P03923,A14868,108
P03923,A14869,109
P03923,A14870,110
P03923,A14871,111
P03923,A14872,112
P03923,A14873,113
P03923,A14874,114
P03923,A14875,115
P03923,A14876,116
P03923,A14877,117
P03923,A14878,118
P03923,A14879,119
P03923,A14880,120
P03923,A14881,121
P03923,A14882,122
P03923,A14883,123
P03923,A14884,124
P03923,A14885,125
P03923,A14886,126
P03923,A14887,127
P03923,A14888,128
P03923,A14889,129
P03923,A14890,130
P03923,A14891,131
P03923,A14892,132
P03923,A14893,133
P03923,A14894,134
P03923,A14895,135
P03923,A14896,136
P03923,A14897,137
P03923,A14898,138
P03923,A14899,139
P03923,A14900,140
P03923,A14901,141
P03923,A14902,142
P03923,A14903,143
P03923,A14904,145
P03923,A14905,146
P03923,A14906,147
P03923,A14907,148
P03923,A14908,149
P03923,A14909,150
P03923,A14910,151
P03923,A14911,152
P03923,A14912,154
P03923,A14913,155
P03923,A14914,156
P03923,A14915,157
P03923,A14916,158
P03923,A14917,159
P03923,A14918,160
P03923,A14919,161
P03923,A14920,163
P03923,A14921,164
P03923,A14922,165
P03923,A14923,166
P03923,A14924,167
P03923,A14925,168
P03923,A14926,169
P03923,A14927,170
P03923,A14928,171
P03923,A14929,172
P03923,A14930,173
P03923,A14931,174
P03923,A14932,176
P03923,A14933,177
P03923,A14934,178
P03923,A14935,179
P03923,A14936,180
P03923,A14937,181
P03923,A14938,182
P03923,A14939,183
P03923,A14940,184
P03923,A14941,185
P03923,A14942,186
P03923,A14943,187
P03923,A14944,188
P03923,A14945,189
P03923,A14946,190
P03923,A14947,191
P03923,A14948,192
P03923,A14949,193
P03923,A14950,194
P03923,A14951,196
P03923,A14952,197
P03923,A14953,198
P03923,A14954,199
P03923,A14955,200
P03923,A14956,201
P03923,A14957,202
P03923,A14958,203
P03923,A14959,204
P03923,A14960,205
P03923,A14961,206
P03923,A14962,207
P03923,A14963,208
P03923,A14964,209
P03923,A14965,211
P03923,A14966,212
P03923,A14967,213
P03923,A14968,215
P03923,A14969,216
P03923,A14970,217
P03923,A14971,218
P03923,A14972,219
P03923,A14973,220
P03923,A14974,221
P03923,A14975,223
P03923,A14976,224
P03923,A14977,225
P03923,A14978,226
P03923,A14979,227
P03923,A14980,228
P03923,A14981,229
P03923,A14982,230
P03923,A14983,231
P03923,A14984,232
P03923,A14985,233
P03923,A14986,235
P03923,A14987,236
P03923,A14988,237
P03923,A14989,239
P03923,A14990,240
P03923,A14991,241
P03923,A14992,242
P03923,A14993,243
P03923,A14994,244
P03923,A14995,245
P03923,A14996,246
P03923,A14997,247
P03923,A14998,248
P03923,A14999,249
P03923,A15000,250
P03923,A15001,251
P03923,A15002,252
P03923,A15003,253
P03923,A15004,254
P03923,A15005,255
P03923,A15006,258
P03923,A15007,259
P03923,A15008,261
P03923,A15009,262
P03923,A15010,263
P03923,A15011,264
P03923,A15012,265
P03923,A15013,266
P03923,A15014,268
P03923,A15015,269
P03923,A15016,270
P03923,A15017,271
P03923,A15018,272
P03923,A15019,273
P03923,A15020,274
P03923,A15021,275
P03923,A15022,276
P03923,A15023,277
P03923,A15024,278
P03923,A15025,279
P03923,A15026,280
P03923,A15027,281
P03923,A15028,282
P03923,A15029,283
P03923,A15030,284
P03923,A15031,285
P03923,A15032,286
P03923,A15033,287
P03923,A15034,288
P03923,A15035,289
P03923,A15036,290
P03923,A15037,291
P03923,A15038,292
P03923,A15039,295
P03923,A15040,296
P03923,A15041,297
P03923,A15042,299
P03923,A15043,301
P03923,A15044,302
P03923,A15045,303
P03923,A15046,304
P03923,A15047,305
P03923,A15048,306
P03923,A15049,307
P03923,A15050,309
P03923,A15051,310
P03923,A15052,311
P03923,A15053,312
P03923,A15054,313
P03923,A15055,314
P03923,A15056,315
P03923,A15057,316
P03923,A15058,317
P03923,A15059,319
P03923,A15060,321
P03923,A15061,322
P03923,A15062,323
P03923,A15063,324
P03923,A15064,325
P03923,A15065,327
P03923,A15066,328
P03923,A15067,330
P03923,A15068,331
P03923,A15069,332
P03923,A15070,333
P03923,A15071,334
P03923,A15072,335
P03923,A15073,337
P03923,A15074,338
P03923,A15075,339
P03923,A15076,340
P03923,A15077,341
P03923,A15078,342
P03923,A15079,343
P03923,A15080,344
P03923,A15081,345
P03923,A15082,346
P03923,A15083,347
P03923,A15084,350
P03923,A15085,351
P03923,A15086,352
P03923,A15087,354
P03923,A15088,355
P03923,A15089,356
P03923,A15090,357
P03923,A15091,358
P03923,A15092,359
P03923,A15093,360
P03923,A15094,361
P03923,A15095,362
P03923,A15096,363
P03923,A15097,364
P03923,A15098,365
P03923,A15099,366
P03923,A15100,367
P03923,A15101,368
P03923,A15102,369
P03923,A15103,370
P03923,A15104,371
P03923,A15105,372
P03923,A15106,373
P03923,A15107,374
P03923,A15108,377
P03923,A15109,378
P03923,A15110,379
P03923,A15111,380
P03923,A15112,381
P03923,A15113,382
P03923,A15114,383
P03923,A15115,384
P03923,A15116,385
P03923,A15117,386
P03923,A15118,388
P03923,A15119,389
P03923,A15120,390
P03923,A15121,391
P03923,A15122,392
P03923,A15123,393
P03923,A15124,394
P03923,A15125,395
P03923,A15126,396
P03923,A15127,397
P03923,A15128,398
P03923,A15129,399
P03923,A15130,400
P03923,A15131,401
P03923,A15132,402
P03923,A15133,403
P03923,A15134,405
P03923,A15135,406
P03923,A15136,407
P03923,A15137,408
P03923,A15138,409
P03923,A15139,410
P03923,A15140,411
P03923,A15141,412
P03923,A15142,413
P03923,A15143,414
P03923,A15144,415
P03923,A15145,416
P03923,A15146,417
P03923,A15147,418
P03923,A15148,419
P03923,A15149,421
P03923,A15150,422
P03923,A15151,423
P03923,A15152,424
P03923,A15153,425
P03923,A15154,426
P03923,A15155,427
P03923,A15156,428
P03923,A15157,429
P03923,A15158,430
P03923,A15159,431
P03923,A15160,433
P03923,A15161,434
P03923,A15162,435
P03923,A15163,436
P03923,A15164,437
P03923,A15165,438
P03923,A15166,439
P03923,A15167,440
P03923,A15168,441
P03923,A15169,442
P03923,A15170,443
P03923,A15171,444
P03923,A15172,445
P03923,A15173,446
P03923,A15174,447
P03923,A15175,448
P03923,A15176,450
P03923,A15177,451
P03923,A15178,452
P03923,A15179,453
P03923,A15180,454
P03923,A15181,456
P03923,A15182,457
P03923,A15183,458
P03923,A15184,459
P03923,A15185,460
P03923,A15186,461
P03923,A15187,462
P03923,A15188,463
P03923,A15189,464
P03923,A15190,465
P03923,A15191,466
P03923,A15192,467
P03923,A15193,468
P03923,A15194,469
P03923,A15195,470
P03923,A15196,471
P03923,A15197,472
P03923,A15198,473
P03923,A15199,474
P03923,A15200,475
P03923,A15201,476
P03923,A15202,477
P03923,A15203,478
P03923,A15204,479
P03923,A15205,480
P03923,A15206,482
P03923,A15207,483
P03923,A15208,484
P03923,A15209,485
P03923,A15210,486
P03923,A15211,487
P03923,A15212,489
P03923,A15213,490
P03923,A15214,491
P03923,A15215,492
P03923,A15216,494
P03923,A15217,495
P03923,A15218,496
P03923,A15219,497
P03923,A15220,498
P03923,A15221,500
P03923,A15222,501
P03923,A15223,502
P03923,A15224,503
P03923,A15225,504
P03923,A15226,505
P03923,A15227,506
P03923,A15228,507
P03923,A15229,508
P03923,A15230,509
P03923,A15231,510
P03923,A15232,511
P03923,A15233,512
P03923,A15234,513
P03923,A15235,515
P03923,A15236,516
P03923,A15237,517
P03923,A15238,518
P03923,A15239,520
P03923,A15240,521
P03923,A15241,522
P03923,A15242,523
P03923,A15243,525
P03923,A15244,526
P03923,A15245,527
P03923,A15246,528
P03923,A15247,529
P03923,A15248,530
P03923,A15249,531
P03923,A15250,532
P03923,A15251,533
P03923,A15252,534
P03923,A15253,535
P03923,A15254,536
P03923,A15255,537
P03923,A15256,538
P03923,A15257,539
P03923,A15258,540
P03923,A15259,541
P03923,A15260,542
P03923,A15261,543
P03923,A15262,544
P03923,A15263,545
P03923,A15264,546
P03923,A15265,548
P03923,A15266,549
P03923,A15267,550
P03923,A15268,551
P03923,A15269,552
P03923,A15270,553
P03923,A15271,554
P03923,A15272,555
P03923,A15273,556
P03923,A15274,557
P03923,A15275,558
P03923,A15276,559
P03923,A15277,560
P03923,A15278,561
P03923,A15279,562
P03923,A15280,563
P03923,A15281,564
P03923,A15282,566
P03923,A15283,567
P03923,A15284,568
P03923,A15285,569
P03923,A15286,570
P03923,A15287,571
P03923,A15288,572
P03923,A15289,573
P03923,A15290,574
P03923,A15291,576
P03923,A15292,577
P03923,A15293,578
P03923,A15294,579
P03923,A15295,580
P03923,A15296,581
P03923,A15297,582
P03923,A15298,583
P03923,A15299,584
P03923,A15300,585
P03923,A15301,586
P03923,A15302,587
P03923,A15303,588
P03923,A15304,589
P03923,A15305,590
P03923,A15306,591
P03923,A15307,592
P03923,A15308,593
P03923,A15309,594
P03923,A15310,595
P03923,A15311,596
P03923,A15312,597
P03923,A15313,598
P03923,A15314,599
P03923,A15315,600
P03923,A15316,601
P03923,A15317,602
P03923,A15318,603
P03923,A15319,604
P03923,A15320,605
P03923,A15321,606
P03923,A15322,608
P03923,A15323,609
P03923,A15324,612
P03923,A15325,613
P03923,A15326,614
P03923,A15327,616
P03923,A15328,617
P03923,A15329,618
P03923,A15330,619
P03923,A15331,621
P03923,A15332,622
P03923,A15333,624
P03923,A15334,625
P03923,A15335,626
P03923,A15336,627
P03923,A15337,628
P03923,A15338,629
P03923,A15339,630
P03923,A15340,631
P03923,A15341,632
P03923,A15342,633
P03923,A15343,634
P03923,A15344,635
P03923,A15345,636
P03923,A15346,637
P03923,A15347,638
P03923,A15348,639
P03923,A15349,640
P03923,A15350,641
P03923,A15351,642
P03923,A15352,643
P03923,A15353,644
P03923,A15354,645
P03923,A15355,646
P03923,A15356,647
P03923,A15357,648
P03923,A15358,649
P03923,A15359,650
P03923,A15360,652
P03923,A15361,653
P03923,A15362,654
P03923,A15363,656
P03923,A15364,657
P03923,A15365,658
P03923,A15366,659
P03923,A15367,660
P03923,A15368,661
P03923,A15369,662
P03923,A15370,663
P03923,A15371,664
P03923,A15372,665
P03923,A15373,666
P03923,A15374,667
P03923,A15375,668
P03923,A15376,669
P03923,A15377,670
P03923,A15378,671
P03923,A15379,672
P03923,A15380,674
P03923,A15381,675
P03923,A15382,676
P03923,A15383,677
P03923,A15384,678
P03923,A15385,679
P03923,A15386,681
P03923,A15387,682
P03923,A15388,683
P03923,A15389,684
P03923,A15390,685
P03923,A15391,686
P03923,A15392,687
P03923,A15393,688
P03923,A15394,689
P03923,A15395,690
P03923,A15396,691
P03923,A15397,692
P03923,A15398,693
P03923,A15399,694
P03923,A15400,695
P03923,A15401,696
P03923,A15402,697
P03923,A15403,698
P03923,A15404,699
P03923,A15405,701
P03923,A15406,702
P03923,A15407,703
P03923,A15408,704
P03923,A15409,705
P03923,A15410,706
P03923,A15411,707
P03923,A15412,708
P03923,A15413,709
P03923,A15414,710
P03923,A15415,711
P03923,A15416,712
P03923,A15417,713
P03923,A15418,714
P03923,A15419,715
P03923,A15420,716
P03923,A15421,717
P03923,A15422,718
P03923,A15423,719
P03923,A15424,720
P03923,A15425,721
P03923,A15426,722
P03923,A15427,723
P03923,A15428,724
P03923,A15429,725
P03923,A15430,727
P03923,A15431,728
P03923,A15432,729
P03923,A15433,730
P03923,A15434,731
P03923,A15435,732
P03923,A15436,733
P03923,A15437,734
P03923,A15438,735
P03923,A15439,736
P03923,A15440,738
P03923,A15441,739
P03923,A15442,740
P03923,A15443,741
P03923,A15444,742
P03923,A15445,743
P03923,A15446,744
P03923,A15447,745
P03923,A15448,746
P03923,A15449,747
P03923,A15450,748
P03923,A15451,749
P03923,A15452,750
P03923,A15453,751
P03923,A15454,752
P03923,A15455,753
P03923,A15456,754
P03923,A15457,756
P03923,A15458,757
P03923,A15459,758
P03923,A15460,759
P03923,A15461,760
P03923,A15462,761
P03923,A15463,762
P03923,A15464,764
P03923,A15465,765
P03923,A15466,766
P03923,A15467,767
P03923,A15468,768
P03923,A15469,769
P03923,A15470,771
P03923,A15471,772
P03923,A15472,773
P03923,A15473,774
P03923,A15474,775
P03923,A15475,776
P03923,A15476,777
P03923,A15477,778
P03923,A15478,779
P03923,A15479,780
P03923,A15480,783
P03923,A15481,784
P03923,A15482,785
P03923,A15483,786
P03923,A15484,787
P03923,A15485,788
P03923,A15486,789
P03923,A15487,790
P03923,A15488,791
P03923,A15489,792
P03923,A15490,793
P03923,A15491,794
P03923,A15492,795
P03923,A15493,796
P03923,A15494,797
P03923,A15495,798
P03923,A15496,799
P03923,A15497,800
P03923,A15498,801
P03923,A15499,802
P03923,A15500,803
P03923,A15501,804
P03923,A15502,805
P03923,A15503,806
P03923,A15504,808
P03923,A15505,809
P03923,A15506,811
P03923,A15507,812
P03923,A15508,814
P03923,A15509,815
P03923,A15510,816
P03923,A15511,817
P03923,A15512,819
P03923,A15513,820
P03923,A15514,821
P03923,A15515,822
P03923,A15516,823
P03923,A15517,824
P03923,A15518,825
P03923,A15519,826
P03923,A15520,827
P03923,A15521,828
P03923,A15522,829
P03923,A15523,830
P03923,A15524,831
P03923,A15525,832
P03923,A15526,833
P03923,A15527,834
P03923,A15528,835
P03923,A15529,836
P03923,A15530,837
P03923,A15531,838
P03923,A15532,839
P03923,A15533,840
P03923,A15534,841
P03923,A15535,842
P03923,A15536,843
P03923,A15537,844
P03923,A15538,845
P03923,A15539,846
P03923,A15540,847
P03923,A15541,848
P03923,A15542,849
P03923,A15543,850
P03923,A15544,851
P03923,A15545,852
P03923,A15546,853
P03923,A15547,854
P03923,A15548,855
P03923,A15549,856
P03923,A15550,858
P03923,A15551,859
P03923,A15552,860
P03923,A15553,861
P03923,A15554,862
P03923,A15555,863
P03923,A15556,864
P03923,A15557,865
P03923,A15558,866
P03923,A15559,867
P03923,A15560,868
P03923,A15561,869
P03923,A15562,870
P03923,A15563,871
P03923,A15564,872
P03923,A15565,873
P03923,A15566,874
P03923,A15567,875
P03923,A15568,876
P03923,A15569,877
P03923,A15570,878
P03923,A15571,879
P03923,A15572,880
P03923,A15573,881
P03923,A15574,882
P03923,A15575,884
P03923,A15576,885
P03923,A15577,886
P03923,A15578,887
P03923,A15579,888
P03923,A15580,889
P03923,A15581,890
P03923,A15582,891
P03923,A15583,892
P03923,A15584,893
P03923,A15585,895
P03923,A15586,896
P03923,A15587,897
P03923,A15588,898
P03923,A15589,899
P03923,A15590,900
P03923,A15591,901
P03923,A15592,902
P03923,A15593,903
P03923,A15594,905
P03923,A15595,906
P03923,A15596,907
P03923,A15597,908
P03923,A15598,910
P03923,A15599,911
P03923,A15600,912
P03923,A15601,913
P03923,A15602,914
P03923,A15603,915
P03923,A15604,916
P03923,A15605,917
P03923,A15606,918
P03923,A15607,919
P03923,A15608,920
P03923,A15609,921
P03923,A15610,922
P03923,A15611,923
P03923,A15612,924
P03923,A15613,925
P03923,A15614,926
P03923,A15615,927
P03923,A15616,928
P03923,A15617,929
P03923,A15618,930
P03923,A15619,931
P03923,A15620,932
P03923,A15621,933
P03923,A15622,934
P03923,A15623,936
P03923,A15624,937
P03923,A15625,938
P03923,A15626,939
P03923,A15627,942
P03923,A15628,943
P03923,A15629,944
P03923,A15630,946
P03923,A15631,947
P03923,A15632,948
P03923,A15633,949
P03923,A15634,950
P03923,A15635,951
P03923,A15636,952
P03923,A15637,953
P03923,A15638,954
P03923,A15639,955
P03923,A15640,956
P03923,A15641,957
P03923,A15642,958
P03923,A15643,959
P03923,A15644,960
P03923,A15645,961
P03923,A15646,962
P03923,A15647,963
P03923,A15648,964
P03923,A15649,965
P03923,A15650,966
P03923,A15651,967
P03923,A15652,968
P03923,A15653,969
P03923,A15654,970
P03923,A15655,973
P03923,A15656,974
P03923,A15657,975
P03923,A15658,976
P03923,A15659,977
P03923,A15660,978
P03923,A15661,979
P03923,A15662,980
P03923,A15663,981
P03923,A15664,982
P03923,A15665,983
P03923,A15666,984
P03923,A15667,985
P03923,A15668,986
P03923,A15669,987
P03923,A15670,988
P03923,A15671,989
P03923,A15672,990
P03923,A15673,991
P03923,A15674,992
P03923,A15675,993
P03923,A15676,994
P03923,A15677,995
P03923,A15678,996
P03923,A15679,997
P03923,A15680,998
P03923,A15681,999
P03923,A15682,1000
P03923,A15683,1001
P03923,A15684,1002
P03923,A15685,1003
P03923,A15686,1004
P03923,A15687,1006
P03923,A15688,1007
P03923,A15689,1008
P03924,A05433,28
P03924,A07750,78
P03924,A12024,3
P03924,A12025,87
P03924,A12043,102
P03924,A12044,104
P03924,A14772,71
P03924,A14824,14
P03924,A14831,16
P03924,A14847,18
P03924,A14854,19
P03924,A14858,9
P03924,A14863,20
P03924,A14874,21
P03924,A14875,22
P03924,A14895,24
P03924,A14911,4
P03924,A14921,32
P03924,A14951,36
P03924,A14988,38
P03924,A15003,2
P03924,A15011,39
P03924,A15023,40
P03924,A15049,42
P03924,A15094,50
P03924,A15101,52
P03924,A15122,55
P03924,A15126,56
P03924,A15188,64
P03924,A15192,8
P03924,A15215,66
P03924,A15224,7
P03924,A15225,6
P03924,A15241,67
P03924,A15242,68
P03924,A15248,69
P03924,A15268,70
P03924,A15306,1
P03924,A15309,73
P03924,A15317,75
P03924,A15336,76
P03924,A15347,77
P03924,A15364,79
P03924,A15376,82
P03924,A15388,85
P03924,A15443,89
P03924,A15459,92
P03924,A15495,94
P03924,A15544,101
P03924,A15545,99
P03924,A15564,10
P03924,A15598,106
P03924,A15631,110
P03924,A15690,5
P03924,A15691,11
P03924,A15692,12
P03924,A15693,13
P03924,A15694,15
P03924,A15695,17
P03924,A15696,23
P03924,A15697,25
P03924,A15698,26
P03924,A15699,27
P03924,A15700,29
P03924,A15701,30
P03924,A15702,31
P03924,A15703,33
P03924,A15704,34
P03924,A15705,35
P03924,A15706,37
P03924,A15707,41
P03924,A15708,43
P03924,A15709,44
P03924,A15710,45
P03924,A15711,46
P03924,A15712,47
P03924,A15713,48
P03924,A15714,49
P03924,A15715,51
P03924,A15716,53
P03924,A15717,54
P03924,A15718,57
P03924,A15719,58
P03924,A15720,59
P03924,A15721,60
P03924,A15722,61
P03924,A15723,62
P03924,A15724,63
P03924,A15725,65
P03924,A15726,72
P03924,A15727,74
P03924,A15728,80
P03924,A15729,81
P03924,A15730,83
P03924,A15731,84
P03924,A15732,86
P03924,A15733,88
P03924,A15734,90
P03924,A15735,91
P03924,A15736,93
P03924,A15737,95
P03924,A15738,96
P03924,A15739,97
P03924,A15740,98
P03924,A15741,100
P03924,A15742,103
P03924,A15743,105
P03924,A15744,107
P03924,A15745,108
P03924,A15746,109
P03924,A15747,111
P03924,A15748,112
P03924,A15749,113
P03924,A15750,114
P03924,A15751,115
P03924,A15752,116
P03924,A15753,117
P03924,A15754,118
P03925,A12867,14
P03925,A12868,8
P03925,A12869,2
P03925,A12872,15
P03925,A12874,1
P03925,A13143,16
P03925,A13922,10
P03925,A15755,3
P03925,A15756,4
P03925,A15757,5
P03925,A15758,6
P03925,A15759,7
P03925,A15760,9
P03925,A15761,11
P03925,A15762,12
P03925,A15763,13
P03926,A05436,21
P03926,A06804,20
P03926,A11931,25
P03926,A12013,1
P03926,A12024,13
P03926,A12025,14
P03926,A12687,11
P03926,A12695,23
P03926,A12701,24
P03926,A12704,29
P03926,A14179,19
P03926,A14789,10
P03926,A15537,6
P03926,A15764,2
P03926,A15765,3
P03926,A15766,4
P03926,A15767,5
P03926,A15768,7
P03926,A15769,8
P03926,A15770,9
P03926,A15771,12
P03926,A15772,15
P03926,A15773,16
P03926,A15774,17
P03926,A15775,18
P03926,A15776,22
P03926,A15777,26
P03926,A15778,27
P03926,A15779,28
P03927,A00150,25
P03927,A05436,16
P03927,A06804,14
P03927,A10637,41
P03927,A11931,20
P03927,A12013,8
P03927,A12024,36
P03927,A12025,37
P03927,A12043,39
P03927,A12687,26
P03927,A12693,18
P03927,A12695,31
P03927,A12699,33
P03927,A12701,35
P03927,A14179,11
P03927,A14789,12
P03927,A14829,27
P03927,A14928,13
P03927,A15030,29
P03927,A15122,32
P03927,A15220,19
P03927,A15295,34
P03927,A15537,1
P03927,A15764,6
P03927,A15765,7
P03927,A15766,5
P03927,A15770,3
P03927,A15775,9
P03927,A15777,30
P03927,A15780,2
P03927,A15781,4
P03927,A15782,10
P03927,A15783,15
P03927,A15784,17
P03927,A15785,21
P03927,A15786,22
P03927,A15787,23
P03927,A15788,24
P03927,A15789,28
P03927,A15790,38
P03927,A15791,40
P03928,A00447,2
P03928,A00709,6
P03928,A00747,4
P03928,A00985,11
P03928,A03016,8
P03928,A03593,10
P03928,A03596,9
P03928,A04295,5
P03928,A07634,3
P03928,A10335,7
P03928,A13816,1
P03929,A02084,4
P03929,A02601,3
P03929,A02716,2
P03929,A02718,1
P03929,A12125,6
P03929,A12222,5
P03929,A15792,7
P03930,A00150,475
P03930,A05433,106
P03930,A05434,221
P03930,A05436,576
P03930,A05438,623
P03930,A09153,274
P03930,A09794,104
P03930,A11778,407
P03930,A11795,239
P03930,A11811,14
P03930,A12012,322
P03930,A12013,281
P03930,A12014,195
P03930,A12015,11
P03930,A12016,533
P03930,A12017,452
P03930,A12018,154
P03930,A12019,543
P03930,A12021,92
P03930,A12022,123
P03930,A12023,244
P03930,A12025,437
P03930,A12027,31
P03930,A12028,88
P03930,A12029,26
P03930,A12030,81
P03930,A12031,115
P03930,A12032,142
P03930,A12033,203
P03930,A12034,230
P03930,A12035,245
P03930,A12036,302
P03930,A12037,393
P03930,A12038,396
P03930,A12039,429
P03930,A12041,460
P03930,A12043,529
P03930,A12044,553
P03930,A12046,52
P03930,A12047,173
P03930,A12048,220
P03930,A12049,286
P03930,A12050,370
P03930,A12051,495
P03930,A12052,542
P03930,A12053,600
P03930,A12054,601
P03930,A12055,18
P03930,A12060,467
P03930,A12065,328
P03930,A12066,168
P03930,A12622,128
P03930,A12624,97
P03930,A12625,346
P03930,A12637,40
P03930,A12645,305
P03930,A12687,7
P03930,A12691,446
P03930,A12695,209
P03930,A12706,548
P03930,A13163,185
P03930,A13372,483
P03930,A13648,320
P03930,A13713,62
P03930,A13719,319
P03930,A13851,205
P03930,A13887,554
P03930,A13893,492
P03930,A14055,189
P03930,A14063,310
P03930,A14068,38
P03930,A14071,61
P03930,A14072,69
P03930,A14074,193
P03930,A14081,378
P03930,A14088,494
P03930,A14089,499
P03930,A14091,574
P03930,A14094,13
P03930,A14259,57
P03930,A14605,372
P03930,A14781,24
P03930,A14789,28
P03930,A14790,29
P03930,A14791,30
P03930,A14794,32
P03930,A14796,341
P03930,A14797,33
P03930,A14798,34
P03930,A14825,50
P03930,A14826,51
P03930,A14831,54
P03930,A14842,58
P03930,A14856,70
P03930,A14866,76
P03930,A14872,80
P03930,A14875,83
P03930,A14889,89
P03930,A14894,95
P03930,A14895,96
P03930,A14905,107
P03930,A14907,108
P03930,A14911,112
P03930,A14932,124
P03930,A14934,125
P03930,A14961,138
P03930,A14963,139
P03930,A14966,143
P03930,A14980,149
P03930,A14981,150
P03930,A14986,155
P03930,A14988,157
P03930,A14991,159
P03930,A14993,162
P03930,A14995,164
P03930,A14996,165
P03930,A15002,167
P03930,A15007,9
P03930,A15010,171
P03930,A15011,172
P03930,A15029,180
P03930,A15032,182
P03930,A15035,184
P03930,A15037,187
P03930,A15040,191
P03930,A15046,196
P03930,A15052,10
P03930,A15068,212
P03930,A15070,213
P03930,A15072,214
P03930,A15073,215
P03930,A15081,218
P03930,A15083,219
P03930,A15084,222
P03930,A15097,231
P03930,A15100,235
P03930,A15103,236
P03930,A15110,241
P03930,A15121,246
P03930,A15126,251
P03930,A15130,253
P03930,A15135,258
P03930,A15136,259
P03930,A15142,262
P03930,A15143,263
P03930,A15144,265
P03930,A15165,271
P03930,A15178,283
P03930,A15182,285
P03930,A15185,287
P03930,A15198,297
P03930,A15205,301
P03930,A15217,306
P03930,A15224,311
P03930,A15232,318
P03930,A15245,330
P03930,A15248,331
P03930,A15280,345
P03930,A15285,350
P03930,A15287,352
P03930,A15288,353
P03930,A15292,355
P03930,A15295,358
P03930,A15311,361
P03930,A15312,362
P03930,A15317,364
P03930,A15338,376
P03930,A15347,380
P03930,A15350,385
P03930,A15354,386
P03930,A15355,387
P03930,A15357,390
P03930,A15358,391
P03930,A15365,395
P03930,A15368,397
P03930,A15380,399
P03930,A15382,405
P03930,A15388,410
P03930,A15391,412
P03930,A15403,419
P03930,A15412,424
P03930,A15415,426
P03930,A15418,431
P03930,A15423,433
P03930,A15425,434
P03930,A15435,441
P03930,A15437,444
P03930,A15440,447
P03930,A15455,457
P03930,A15463,459
P03930,A15466,463
P03930,A15475,471
P03930,A15480,476
P03930,A15481,477
P03930,A15482,479
P03930,A15483,480
P03930,A15489,486
P03930,A15491,488
P03930,A15500,491
P03930,A15502,493
P03930,A15511,498
P03930,A15514,501
P03930,A15523,503
P03930,A15525,505
P03930,A15530,513
P03930,A15531,514
P03930,A15536,517
P03930,A15537,518
P03930,A15539,520
P03930,A15559,531
P03930,A15572,537
P03930,A15594,550
P03930,A15605,559
P03930,A15616,567
P03930,A15617,568
P03930,A15618,569
P03930,A15619,570
P03930,A15623,572
P03930,A15637,580
P03930,A15639,582
P03930,A15644,586
P03930,A15648,592
P03930,A15651,597
P03930,A15656,603
P03930,A15663,608
P03930,A15670,611
P03930,A15683,620
P03930,A15685,622
P03930,A15688,626
P03930,A15691,23
P03930,A15692,43
P03930,A15697,98
P03930,A15700,111
P03930,A15704,122
P03930,A15705,126
P03930,A15717,243
P03930,A15725,299
P03930,A15734,453
P03930,A15736,487
P03930,A15746,575
P03930,A15747,578
P03930,A15749,587
P03930,A15751,591
P03930,A15753,606
P03930,A15765,573
P03930,A15766,555
P03930,A15793,1
P03930,A15794,2
P03930,A15795,3
P03930,A15796,4
P03930,A15797,5
P03930,A15798,6
P03930,A15799,8
P03930,A15800,12
P03930,A15801,15
P03930,A15802,16
P03930,A15803,17
P03930,A15804,19
P03930,A15805,20
P03930,A15806,21
P03930,A15807,22
P03930,A15808,25
P03930,A15809,27
P03930,A15810,35
P03930,A15811,36
P03930,A15812,37
P03930,A15813,39
P03930,A15814,41
P03930,A15815,42
P03930,A15816,44
P03930,A15817,45
P03930,A15818,46
P03930,A15819,47
P03930,A15820,48
P03930,A15821,49
P03930,A15822,53
P03930,A15823,55
P03930,A15824,56
P03930,A15825,59
P03930,A15826,60
P03930,A15827,63
P03930,A15828,64
P03930,A15829,65
P03930,A15830,66
P03930,A15831,67
P03930,A15832,68
P03930,A15833,71
P03930,A15834,72
P03930,A15835,73
P03930,A15836,74
P03930,A15837,75
P03930,A15838,77
P03930,A15839,78
P03930,A15840,79
P03930,A15841,82
P03930,A15842,84
P03930,A15843,85
P03930,A15844,86
P03930,A15845,87
P03930,A15846,90
P03930,A15847,91
P03930,A15848,93
P03930,A15849,94
P03930,A15850,99
P03930,A15851,100
P03930,A15852,101
P03930,A15853,102
P03930,A15854,103
P03930,A15855,105
P03930,A15856,109
P03930,A15857,110
P03930,A15858,113
P03930,A15859,114
P03930,A15860,116
P03930,A15861,117
P03930,A15862,118
P03930,A15863,119
P03930,A15864,120
P03930,A15865,121
P03930,A15866,127
P03930,A15867,129
P03930,A15868,130
P03930,A15869,131
P03930,A15870,132
P03930,A15871,133
P03930,A15872,134
P03930,A15873,135
P03930,A15874,136
P03930,A15875,137
P03930,A15876,140
P03930,A15877,141
P03930,A15878,144
P03930,A15879,145
P03930,A15880,146
P03930,A15881,147
P03930,A15882,148
P03930,A15883,151
P03930,A15884,152
P03930,A15885,153
P03930,A15886,156
P03930,A15887,158
P03930,A15888,160
P03930,A15889,161
P03930,A15890,163
P03930,A15891,166
P03930,A15892,169
P03930,A15893,170
P03930,A15894,174
P03930,A15895,175
P03930,A15896,176
P03930,A15897,177
P03930,A15898,178
P03930,A15899,179
P03930,A15900,181
P03930,A15901,183
P03930,A15902,186
P03930,A15903,188
P03930,A15904,190
P03930,A15905,192
P03930,A15906,194
P03930,A15907,197
P03930,A15908,198
P03930,A15909,199
P03930,A15910,200
P03930,A15911,201
P03930,A15912,202
P03930,A15913,204
P03930,A15914,206
P03930,A15915,207
P03930,A15916,208
P03930,A15917,210
P03930,A15918,211
P03930,A15919,216
P03930,A15920,217
P03930,A15921,223
P03930,A15922,224
P03930,A15923,225
P03930,A15924,226
P03930,A15925,227
P03930,A15926,228
P03930,A15927,229
P03930,A15928,232
P03930,A15929,233
P03930,A15930,234
P03930,A15931,237
P03930,A15932,238
P03930,A15933,240
P03930,A15934,242
P03930,A15935,247
P03930,A15936,248
P03930,A15937,249
P03930,A15938,250
P03930,A15939,252
P03930,A15940,254
P03930,A15941,255
P03930,A15942,256
P03930,A15943,257
P03930,A15944,260
P03930,A15945,261
P03930,A15946,264
P03930,A15947,266
P03930,A15948,267
P03930,A15949,268
P03930,A15950,269
P03930,A15951,270
P03930,A15952,272
P03930,A15953,273
P03930,A15954,275
P03930,A15955,276
P03930,A15956,277
P03930,A15957,278
P03930,A15958,279
P03930,A15959,280
P03930,A15960,282
P03930,A15961,284
P03930,A15962,288
P03930,A15963,289
P03930,A15964,290
P03930,A15965,291
P03930,A15966,292
P03930,A15967,293
P03930,A15968,294
P03930,A15969,295
P03930,A15970,296
P03930,A15971,298
P03930,A15972,300
P03930,A15973,303
P03930,A15974,304
P03930,A15975,307
P03930,A15976,308
P03930,A15977,309
P03930,A15978,312
P03930,A15979,313
P03930,A15980,314
P03930,A15981,315
P03930,A15982,316
P03930,A15983,317
P03930,A15984,321
P03930,A15985,323
P03930,A15986,324
P03930,A15987,325
P03930,A15988,326
P03930,A15989,327
P03930,A15990,329
P03930,A15991,332
P03930,A15992,333
P03930,A15993,334
P03930,A15994,335
P03930,A15995,336
P03930,A15996,337
P03930,A15997,338
P03930,A15998,339
P03930,A15999,340
P03930,A16000,342
P03930,A16001,343
P03930,A16002,344
P03930,A16003,347
P03930,A16004,348
P03930,A16005,349
P03930,A16006,351
P03930,A16007,354
P03930,A16008,356
P03930,A16009,357
P03930,A16010,359
P03930,A16011,360
P03930,A16012,363
P03930,A16013,365
P03930,A16014,366
P03930,A16015,367
P03930,A16016,368
P03930,A16017,369
P03930,A16018,371
P03930,A16019,373
P03930,A16020,374
P03930,A16021,375
P03930,A16022,377
P03930,A16023,379
P03930,A16024,381
P03930,A16025,382
P03930,A16026,383
P03930,A16027,384
P03930,A16028,388
P03930,A16029,389
P03930,A16030,392
P03930,A16031,394
P03930,A16032,398
P03930,A16033,400
P03930,A16034,401
P03930,A16035,402
P03930,A16036,403
P03930,A16037,404
P03930,A16038,406
P03930,A16039,408
P03930,A16040,409
P03930,A16041,411
P03930,A16042,413
P03930,A16043,414
P03930,A16044,415
P03930,A16045,416
P03930,A16046,417
P03930,A16047,418
P03930,A16048,420
P03930,A16049,421
P03930,A16050,422
P03930,A16051,423
P03930,A16052,425
P03930,A16053,427
P03930,A16054,428
P03930,A16055,430
P03930,A16056,432
P03930,A16057,435
P03930,A16058,436
P03930,A16059,438
P03930,A16060,439
P03930,A16061,440
P03930,A16062,442
P03930,A16063,443
P03930,A16064,445
P03930,A16065,448
P03930,A16066,449
P03930,A16067,450
P03930,A16068,451
P03930,A16069,454
P03930,A16070,455
P03930,A16071,456
P03930,A16072,458
P03930,A16073,461
P03930,A16074,462
P03930,A16075,464
P03930,A16076,465
P03930,A16077,466
P03930,A16078,468
P03930,A16079,469
P03930,A16080,470
P03930,A16081,472
P03930,A16082,473
P03930,A16083,474
P03930,A16084,478
P03930,A16085,481
P03930,A16086,482
P03930,A16087,484
P03930,A16088,485
P03930,A16089,489
P03930,A16090,490
P03930,A16091,496
P03930,A16092,497
P03930,A16093,500
P03930,A16094,502
P03930,A16095,504
P03930,A16096,506
P03930,A16097,507
P03930,A16098,508
P03930,A16099,509
P03930,A16100,510
P03930,A16101,511
P03930,A16102,512
P03930,A16103,515
P03930,A16104,516
P03930,A16105,519
P03930,A16106,521
P03930,A16107,522
P03930,A16108,523
P03930,A16109,524
P03930,A16110,525
P03930,A16111,526
P03930,A16112,527
P03930,A16113,528
P03930,A16114,530
P03930,A16115,532
P03930,A16116,534
P03930,A16117,535
P03930,A16118,536
P03930,A16119,538
P03930,A16120,539
P03930,A16121,540
P03930,A16122,541
P03930,A16123,544
P03930,A16124,545
P03930,A16125,546
P03930,A16126,547
P03930,A16127,549
P03930,A16128,551
P03930,A16129,552
P03930,A16130,556
P03930,A16131,557
P03930,A16132,558
P03930,A16133,560
P03930,A16134,561
P03930,A16135,562
P03930,A16136,563
P03930,A16137,564
P03930,A16138,565
P03930,A16139,566
P03930,A16140,571
P03930,A16141,577
P03930,A16142,579
P03930,A16143,581
P03930,A16144,583
P03930,A16145,584
P03930,A16146,585
P03930,A16147,588
P03930,A16148,589
P03930,A16149,590
P03930,A16150,593
P03930,A16151,594
P03930,A16152,595
P03930,A16153,596
P03930,A16154,598
P03930,A16155,599
P03930,A16156,602
P03930,A16157,604
P03930,A16158,605
P03930,A16159,607
P03930,A16160,609
P03930,A16161,610
P03930,A16162,612
P03930,A16163,613
P03930,A16164,614
P03930,A16165,615
P03930,A16166,616
P03930,A16167,617
P03930,A16168,618
P03930,A16169,619
P03930,A16170,621
P03930,A16171,624
P03930,A16172,625
P03931,A14574,1
P03931,A14576,3
P03931,A14578,4
P03931,A16173,2
P03932,A16174,1
P03932,A16175,2
P03932,A16176,3
P03932,A16177,4
P03932,A16178,5
P03932,A16179,6
P03932,A16180,7
P03932,A16181,8
P03932,A16182,9
P03932,A16183,10
P03932,A16184,11
P03932,A16185,12
P03932,A16186,13
P03932,A16187,14
P03932,A16188,15
P03932,A16189,16
P03932,A16190,17
P03932,A16191,18
P03932,A16192,19
P03932,A16193,20
P03932,A16194,21
P03932,A16195,22
P03932,A16196,23
P03932,A16197,24
P03933,A00066,11
P03933,A02912,13
P03933,A02913,1
P03933,A02915,14
P03933,A02916,3
P03933,A02918,4
P03933,A02919,7
P03933,A02920,15
P03933,A02921,12
P03933,A02922,9
P03933,A02923,10
P03933,A02925,19
P03933,A02926,20
P03933,A02927,18
P03933,A02928,21
P03933,A02929,22
P03933,A02930,24
P03933,A16198,2
P03933,A16199,5
P03933,A16200,6
P03933,A16201,8
P03933,A16202,16
P03933,A16203,17
P03933,A16204,23
P03934,A11739,2
P03934,A16205,1
P03935,A16206,1
P03935,A16207,2
P03935,A16208,3
P03935,A16209,4
P03935,A16210,5
P03935,A16211,6
P03935,A16212,7
P03935,A16213,8
P03935,A16214,9
P03935,A16215,10
P03935,A16216,11
P03935,A16217,12
P03935,A16218,13
P03935,A16219,14
P03935,A16220,15
P03935,A16221,16
P03936,A00877,10
P03936,A01227,11
P03936,A01550,14
P03936,A02661,13
P03936,A03318,12
P03936,A04655,1
P03936,A04656,9
P03936,A07441,7
P03936,A11117,4
P03936,A11119,6
P03936,A11187,2
P03936,A11670,3
P03936,A16222,5
P03936,A16223,8
P03937,A05290,2
P03937,A07808,1
P03937,A11016,3
P03938,A03408,5
P03938,A05629,7
P03938,A07185,8
P03938,A10902,4
P03938,A16224,1
P03938,A16225,2
P03938,A16226,3
P03938,A16227,6
P03938,A16228,9
P03939,A00562,3
P03939,A02243,2
P03939,A02846,1
P03940,A12820,2
P03940,A16229,1
P03940,A16230,3
P03940,A16231,4
P03940,A16232,5
P03940,A16233,6
P03940,A16234,7
P03941,A07218,2
P03941,A13530,4
P03941,A16235,1
P03941,A16236,3
P03941,A16237,5
P03941,A16238,6
P03942,A12709,2
P03942,A12718,1
P03943,A12709,3
P03943,A12718,1
P03943,A16239,2
P03943,A16240,4
P03943,A16241,5
P03944,A00066,3
P03944,A16242,1
P03944,A16243,2
P03944,A16244,4
P03945,A00614,4
P03945,A01678,5
P03945,A02600,1
P03945,A11977,2
P03945,A11978,3
P03946,A00614,7
P03946,A00843,8
P03946,A00849,10
P03946,A02125,9
P03946,A02600,2
P03946,A02721,3
P03946,A02885,1
P03946,A03044,4
P03946,A03671,6
P03946,A11204,5
P03947,A08527,2
P03947,A12984,4
P03947,A13051,1
P03947,A16245,3
P03947,A16246,5
P03948,A11327,5
P03948,A16247,1
P03948,A16248,2
P03948,A16249,3
P03948,A16250,4
P03949,A03408,4
P03949,A07851,5
P03949,A08690,1
P03949,A10902,6
P03949,A16251,2
P03949,A16252,3
P03950,A00926,2
P03950,A06867,3
P03950,A16253,1
P03951,A04021,6
P03951,A04534,5
P03951,A05006,3
P03951,A16254,1
P03951,A16255,2
P03951,A16256,4
P03951,A16257,7
P03952,A12580,1
P03952,A12581,7
P03952,A12582,3
P03952,A12583,4
P03952,A12584,5
P03952,A12587,6
P03952,A16258,2
P03953,A01543,4
P03953,A02731,3
P03953,A03288,11
P03953,A04045,1
P03953,A04047,2
P03953,A04149,7
P03953,A04815,6
P03953,A07812,5
P03953,A16259,8
P03953,A16260,9
P03953,A16261,10
P03953,A16262,12
P03953,A16263,13
P03954,A10045,2
P03954,A10877,1
P03955,A03421,3
P03955,A03432,5
P03955,A10587,6
P03955,A10772,4
P03955,A11454,1
P03955,A12392,2
P03956,A01751,5
P03956,A05103,6
P03956,A12534,3
P03956,A12536,2
P03956,A16264,1
P03956,A16265,4
P03957,A00221,2
P03957,A06981,1
P03958,A11783,3
P03958,A11798,15
P03958,A12904,5
P03958,A12909,19
P03958,A12977,1
P03958,A13152,21
P03958,A13978,2
P03958,A13992,4
P03958,A15531,6
P03958,A16266,7
P03958,A16267,8
P03958,A16268,9
P03958,A16269,10
P03958,A16270,11
P03958,A16271,12
P03958,A16272,13
P03958,A16273,14
P03958,A16274,16
P03958,A16275,17
P03958,A16276,18
P03958,A16277,20
P03958,A16278,22
P03959,A13360,4
P03959,A13369,7
P03959,A16279,1
P03959,A16280,2
P03959,A16281,3
P03959,A16282,5
P03959,A16283,6
P03959,A16284,8
P03959,A16285,9
P03959,A16286,10
P03959,A16287,11
P03959,A16288,12
P03959,A16289,13
P03959,A16290,14
P03959,A16291,15
P03959,A16292,16
P03959,A16293,17
P03959,A16294,18
P03959,A16295,19
P03959,A16296,20
P03959,A16297,21
P03959,A16298,22
P03959,A16299,23
P03959,A16300,24
P03959,A16301,25
P03959,A16302,26
P03959,A16303,27
P03959,A16304,28
P03959,A16305,29
P03959,A16306,30
P03959,A16307,31
P03959,A16308,32
P03959,A16309,33
P03959,A16310,34
P03959,A16311,35
P03959,A16312,36
P03959,A16313,37
P03959,A16314,38
P03959,A16315,39
P03959,A16316,40
P03959,A16317,41
P03959,A16318,42
P03959,A16319,43
P03959,A16320,44
P03959,A16321,45
P03959,A16322,46
P03959,A16323,47
P03959,A16324,48
P03959,A16325,49
P03959,A16326,50
P03959,A16327,51
P03959,A16328,52
P03960,A12898,4
P03960,A16329,1
P03960,A16330,2
P03960,A16331,3
P03960,A16332,5
P03960,A16333,6
P03961,A12020,4
P03961,A13345,8
P03961,A13887,11
P03961,A15163,3
P03961,A15316,9
P03961,A15357,7
P03961,A15501,10
P03961,A16334,1
P03961,A16335,2
P03961,A16336,5
P03961,A16337,6
P03962,A07359,11
P03962,A16338,1
P03962,A16339,2
P03962,A16340,3
P03962,A16341,4
P03962,A16342,5
P03962,A16343,6
P03962,A16344,7
P03962,A16345,8
P03962,A16346,9
P03962,A16347,10
P03963,A12047,3
P03963,A12622,9
P03963,A12623,10
P03963,A12627,27
P03963,A12631,23
P03963,A13127,19
P03963,A13130,26
P03963,A13152,5
P03963,A13195,12
P03963,A13410,16
P03963,A13988,13
P03963,A14605,17
P03963,A14790,2
P03963,A15531,1
P03963,A15654,25
P03963,A15800,4
P03963,A16273,14
P03963,A16276,20
P03963,A16278,28
P03963,A16348,6
P03963,A16349,7
P03963,A16350,8
P03963,A16351,11
P03963,A16352,15
P03963,A16353,18
P03963,A16354,21
P03963,A16355,22
P03963,A16356,24
P03963,A16357,29
P03964,A00570,4
P03964,A01233,1
P03964,A01447,3
P03964,A02843,5
P03964,A16358,2
P03965,A01233,2
P03965,A04656,4
P03965,A04961,1
P03965,A11119,3
P03965,A16359,5
P03966,A05012,3
P03966,A05015,5
P03966,A07884,4
P03966,A11203,2
P03966,A12089,7
P03966,A16360,1
P03966,A16361,6
P03967,A16362,1
P03967,A16363,2
P03967,A16364,3
P03967,A16365,4
P03967,A16366,5
P03967,A16367,6
P03967,A16368,7
P03967,A16369,8
P03968,A16370,1
P03968,A16371,2
P03968,A16372,3
P03968,A16373,4
P03968,A16374,5
P03968,A16375,6
P03968,A16376,7
P03969,A01447,2
P03969,A02308,1
P03969,A04924,3
P03970,A07174,15
P03970,A11784,16
P03970,A11931,1
P03970,A12692,5
P03970,A12694,6
P03970,A12697,9
P03970,A12702,12
P03970,A12703,13
P03970,A12704,14
P03970,A12972,2
P03970,A12973,3
P03970,A12974,4
P03970,A12977,11
P03970,A12978,17
P03970,A14633,18
P03970,A16377,7
P03970,A16378,8
P03970,A16379,10
P03971,A16380,1
P03971,A16381,2
P03971,A16382,3
P03971,A16383,4
P03971,A16384,5
P03972,A10087,22
P03972,A11783,15
P03972,A11798,29
P03972,A12888,37
P03972,A12909,35
P03972,A13125,16
P03972,A13152,13
P03972,A13162,10
P03972,A13181,3
P03972,A13183,17
P03972,A13203,21
P03972,A13410,12
P03972,A13856,8
P03972,A13974,38
P03972,A13978,5
P03972,A13984,27
P03972,A13992,2
P03972,A15531,34
P03972,A16266,9
P03972,A16267,14
P03972,A16269,24
P03972,A16271,20
P03972,A16277,6
P03972,A16278,1
P03972,A16385,4
P03972,A16386,7
P03972,A16387,11
P03972,A16388,18
P03972,A16389,19
P03972,A16390,23
P03972,A16391,25
P03972,A16392,26
P03972,A16393,28
P03972,A16394,30
P03972,A16395,31
P03972,A16396,32
P03972,A16397,33
P03972,A16398,36
P03973,A05105,8
P03973,A09458,1
P03973,A11758,7
P03973,A12007,4
P03973,A12748,3
P03973,A12749,2
P03973,A16399,5
P03973,A16400,6
P03974,A10089,2
P03974,A12867,5
P03974,A12868,8
P03974,A12870,4
P03974,A12871,6
P03974,A12872,7
P03974,A12873,3
P03974,A16401,1
P03975,A16402,1
P03975,A16403,2
P03975,A16404,3
P03975,A16405,4
P03975,A16406,5
P03975,A16407,6
P03975,A16408,7
P03976,A06817,3
P03976,A06821,2
P03976,A16409,1
P03976,A16410,4
P03977,A07529,2
P03977,A16411,1
P03977,A16412,3
P03978,A16280,4
P03978,A16288,5
P03978,A16290,6
P03978,A16413,1
P03978,A16414,2
P03978,A16415,3
P03979,A06932,2
P03979,A16416,1
P03980,A16417,1
P03980,A16418,2
P03981,A08646,2
P03981,A16419,1
P03982,A04393,1
P03982,A05199,5
P03982,A16420,2
P03982,A16421,3
P03982,A16422,4
P03982,A16423,6
P03982,A16424,7
P03982,A16425,8
P03982,A16426,9
P03982,A16427,10
P03982,A16428,11
P03982,A16429,12
P03982,A16430,13
P03983,A00629,1
P03983,A11023,2
P03983,A11165,3
P03984,A07441,2
P03984,A08549,4
P03984,A12833,1
P03984,A16431,3
P03985,A00824,3
P03985,A00871,2
P03985,A16432,1
P03986,A05602,2
P03986,A05603,5
P03986,A07739,1
P03986,A07740,3
P03986,A16433,4
P03986,A16434,6
P03986,A16435,7
P03987,A16436,1
P03987,A16437,2
P03987,A16438,3
P03987,A16439,4
P03987,A16440,5
P03987,A16441,6
P03987,A16442,7
P03988,A03802,3
P03988,A05049,1
P03988,A16443,2
P03988,A16444,4
P03988,A16445,5
P03989,A02327,2
P03989,A10908,1
P03990,A00614,5
P03990,A01233,2
P03990,A01447,1
P03990,A02600,9
P03990,A03162,6
P03990,A03310,10
P03990,A05186,11
P03990,A11616,4
P03990,A16446,3
P03990,A16447,7
P03990,A16448,8
P03991,A04064,8
P03991,A11841,54
P03991,A16449,1
P03991,A16450,2
P03991,A16451,3
P03991,A16452,4
P03991,A16453,5
P03991,A16454,6
P03991,A16455,7
P03991,A16456,9
P03991,A16457,10
P03991,A16458,11
P03991,A16459,12
P03991,A16460,13
P03991,A16461,14
P03991,A16462,15
P03991,A16463,16
P03991,A16464,17
P03991,A16465,18
P03991,A16466,19
P03991,A16467,20
P03991,A16468,21
P03991,A16469,22
P03991,A16470,23
P03991,A16471,24
P03991,A16472,25
P03991,A16473,26
P03991,A16474,27
P03991,A16475,28
P03991,A16476,29
P03991,A16477,30
P03991,A16478,31
P03991,A16479,32
P03991,A16480,33
P03991,A16481,34
P03991,A16482,35
P03991,A16483,36
P03991,A16484,37
P03991,A16485,38
P03991,A16486,39
P03991,A16487,40
P03991,A16488,41
P03991,A16489,42
P03991,A16490,43
P03991,A16491,44
P03991,A16492,45
P03991,A16493,46
P03991,A16494,47
P03991,A16495,48
P03991,A16496,49
P03991,A16497,50
P03991,A16498,51
P03991,A16499,52
P03991,A16500,53
P03991,A16501,55
P03992,A12024,2
P03992,A13250,11
P03992,A13541,6
P03992,A16295,4
P03992,A16502,1
P03992,A16503,3
P03992,A16504,5
P03992,A16505,7
P03992,A16506,8
P03992,A16507,9
P03992,A16508,10
P03993,A02543,2
P03993,A07518,4
P03993,A16509,1
P03993,A16510,3
P03993,A16511,5
P03993,A16512,6
P03994,A00570,3
P03994,A00805,4
P03994,A00843,5
P03994,A02600,1
P03994,A03162,2
P03995,A00718,5
P03995,A01596,1
P03995,A01797,4
P03995,A16513,2
P03995,A16514,3
P03995,A16515,6
P03996,A05546,4
P03996,A11108,3
P03996,A16516,1
P03996,A16517,2
P03997,A03396,3
P03997,A16518,1
P03997,A16519,2
P03998,A03445,3
P03998,A11016,4
P03998,A14047,6
P03998,A16520,1
P03998,A16521,2
P03998,A16522,5
P03999,A02869,4
P03999,A05350,5
P03999,A12089,3
P03999,A16360,7
P03999,A16361,8
P03999,A16523,1
P03999,A16524,2
P03999,A16525,6
P04000,A16526,1
P04000,A16527,2
P04000,A16528,3
P04001,A16529,1
P04001,A16530,2
P04001,A16531,3
P04001,A16532,4
P04001,A16533,5
P04001,A16534,6
P04001,A16535,7
P04001,A16536,8
P04001,A16537,9
P04001,A16538,10
P04001,A16539,11
P04001,A16540,12
P04001,A16541,13
P04001,A16542,14
P04001,A16543,15
P04002,A05249,19
P04002,A07427,1
P04002,A07428,3
P04002,A07914,21
P04002,A07918,26
P04002,A07967,2
P04002,A07970,14
P04002,A07972,16
P04002,A07973,4
P04002,A08252,22
P04002,A08583,8
P04002,A08683,11
P04002,A16544,5
P04002,A16545,6
P04002,A16546,7
P04002,A16547,9
P04002,A16548,10
P04002,A16549,12
P04002,A16550,13
P04002,A16551,15
P04002,A16552,17
P04002,A16553,18
P04002,A16554,20
P04002,A16555,23
P04002,A16556,24
P04002,A16557,25
P04002,A16558,27
P04002,A16559,28
P04003,A11785,34
P04003,A12019,32
P04003,A12617,16
P04003,A12897,24
P04003,A12905,22
P04003,A13121,9
P04003,A13122,19
P04003,A13124,8
P04003,A13125,5
P04003,A13126,2
P04003,A13127,28
P04003,A13131,3
P04003,A13132,36
P04003,A13134,20
P04003,A13137,23
P04003,A13146,15
P04003,A13149,25
P04003,A13156,12
P04003,A13159,10
P04003,A13160,13
P04003,A13162,17
P04003,A13167,21
P04003,A13172,11
P04003,A13173,30
P04003,A13177,4
P04003,A13181,18
P04003,A13183,26
P04003,A13184,7
P04003,A13185,29
P04003,A13186,1
P04003,A13188,33
P04003,A13189,35
P04003,A14625,27
P04003,A16560,6
P04003,A16561,14
P04003,A16562,31
P04004,A10045,1
P04004,A10877,2
P04004,A16563,3
P04005,A08371,2
P04005,A08635,3
P04005,A10639,7
P04005,A10640,4
P04005,A10641,8
P04005,A10655,1
P04005,A10658,10
P04005,A16564,5
P04005,A16565,6
P04005,A16566,9
P04006,A03044,2
P04006,A03183,5
P04006,A09777,4
P04006,A16567,1
P04006,A16568,3
P04007,A03421,4
P04007,A07185,3
P04007,A16569,1
P04007,A16570,2
P04007,A16571,5
P04007,A16572,6
P04008,A15778,3
P04008,A16573,1
P04008,A16574,2
P04009,A05436,11
P04009,A12013,6
P04009,A12688,4
P04009,A15537,3
P04009,A15765,10
P04009,A15766,2
P04009,A15775,8
P04009,A15776,7
P04009,A15784,9
P04009,A15865,1
P04009,A16575,5
P04010,A11351,3
P04010,A16576,1
P04010,A16577,2
P04010,A16578,4
P04011,A00846,3
P04011,A16579,1
P04011,A16580,2
P04011,A16581,4
P04012,A00144,13
P04012,A07541,6
P04012,A07542,2
P04012,A07543,5
P04012,A07544,4
P04012,A11765,11
P04012,A13191,8
P04012,A13192,7
P04012,A16582,1
P04012,A16583,3
P04012,A16584,9
P04012,A16585,10
P04012,A16586,12
P04013,A00124,6
P04013,A00221,5
P04013,A00974,3
P04013,A04977,1
P04013,A14672,4
P04013,A16587,2
P04014,A07417,2
P04014,A07419,3
P04014,A11561,4
P04014,A16588,1
P04014,A16589,5
P04015,A00570,5
P04015,A01233,1
P04015,A01447,4
P04015,A02843,3
P04015,A16590,2
P04016,A16591,1
P04016,A16592,2
P04016,A16593,3
P04016,A16594,4
P04016,A16595,5
P04016,A16596,6
P04017,A03396,2
P04017,A07407,1
P04018,A14056,9
P04018,A16597,1
P04018,A16598,2
P04018,A16599,3
P04018,A16600,4
P04018,A16601,5
P04018,A16602,6
P04018,A16603,7
P04018,A16604,8
P04018,A16605,10
P04018,A16606,11
P04019,A00802,7
P04019,A02159,1
P04019,A03509,5
P04019,A04006,8
P04019,A12254,2
P04019,A16607,3
P04019,A16608,4
P04019,A16609,6
P04020,A07434,7
P04020,A07437,9
P04020,A09605,8
P04020,A10929,1
P04020,A16610,2
P04020,A16611,3
P04020,A16612,4
P04020,A16613,5
P04020,A16614,6
P04021,A01511,3
P04021,A07744,1
P04021,A16615,2
P04021,A16616,4
P04022,A02843,5
P04022,A03473,1
P04022,A03475,8
P04022,A03527,4
P04022,A05505,6
P04022,A09777,2
P04022,A10860,3
P04022,A11773,7
P04023,A03213,1
P04024,A07176,12
P04024,A16617,1
P04024,A16618,2
P04024,A16619,3
P04024,A16620,4
P04024,A16621,5
P04024,A16622,6
P04024,A16623,7
P04024,A16624,8
P04024,A16625,9
P04024,A16626,10
P04024,A16627,11
P04025,A16628,1
P04025,A16629,2
P04025,A16630,3
P04026,A16631,1
P04026,A16632,2
P04026,A16633,3
P04026,A16634,4
P04026,A16635,5
P04027,A01309,6
P04027,A01476,7
P04027,A02034,8
P04027,A03286,2
P04027,A16636,1
P04027,A16637,3
P04027,A16638,4
P04027,A16639,5
P04028,A00511,7
P04028,A05636,5
P04028,A12967,1
P04028,A12968,2
P04028,A12969,6
P04028,A16640,3
P04028,A16641,4
P04029,A16642,1
P04029,A16643,2
P04029,A16644,3
P04029,A16645,4
P04029,A16646,5
P04029,A16647,6
P04029,A16648,7
P04030,A07174,16
P04030,A11784,17
P04030,A11811,18
P04030,A12694,5
P04030,A12702,13
P04030,A12703,12
P04030,A12704,14
P04030,A12972,8
P04030,A12973,6
P04030,A12974,15
P04030,A12977,10
P04030,A12978,4
P04030,A16377,7
P04030,A16378,9
P04030,A16379,3
P04030,A16649,1
P04030,A16650,2
P04030,A16651,11
P04031,A02869,3
P04031,A09343,2
P04031,A16652,1
P04031,A16653,4
P04032,A12631,5
P04032,A12692,10
P04032,A13856,3
P04032,A13988,2
P04032,A16266,8
P04032,A16654,1
P04032,A16655,4
P04032,A16656,6
P04032,A16657,7
P04032,A16658,9
P04032,A16659,11
P04033,A06847,2
P04033,A13501,1
P04033,A16660,3
P04033,A16661,4
P04033,A16662,5
P04034,A16663,1
P04034,A16664,2
P04034,A16665,3
P04034,A16666,4
P04034,A16667,5
P04034,A16668,6
P04035,A02028,3
P04035,A16669,1
P04035,A16670,2
P04036,A03623,10
P04036,A10718,3
P04036,A10719,2
P04036,A10750,4
P04036,A11207,1
P04036,A11338,5
P04036,A16671,6
P04036,A16672,7
P04036,A16673,8
P04036,A16674,9
P04037,A12393,5
P04037,A14209,3
P04037,A14210,2
P04037,A16675,1
P04037,A16676,4
P04038,A03016,2
P04038,A04907,3
P04038,A16677,1
P04039,A00983,2
P04039,A02788,4
P04039,A04210,7
P04039,A11861,3
P04039,A11862,5
P04039,A16678,1
P04039,A16679,6
P04040,A00511,7
P04040,A00950,4
P04040,A01649,6
P04040,A02308,3
P04040,A07623,5
P04040,A07779,2
P04040,A12197,1
P04041,A16680,1
P04041,A16681,2
P04041,A16682,3
P04041,A16683,4
P04042,A11778,6
P04042,A15163,5
P04042,A15285,4
P04042,A15369,3
P04042,A15491,2
P04042,A15685,1
P04043,A09121,31
P04043,A09126,11
P04043,A09127,37
P04043,A14056,12
P04043,A14073,9
P04043,A15198,20
P04043,A16027,17
P04043,A16337,27
P04043,A16598,19
P04043,A16603,13
P04043,A16684,1
P04043,A16685,2
P04043,A16686,3
P04043,A16687,4
P04043,A16688,5
P04043,A16689,6
P04043,A16690,7
P04043,A16691,8
P04043,A16692,10
P04043,A16693,14
P04043,A16694,15
P04043,A16695,16
P04043,A16696,18
P04043,A16697,21
P04043,A16698,22
P04043,A16699,23
P04043,A16700,24
P04043,A16701,25
P04043,A16702,26
P04043,A16703,28
P04043,A16704,29
P04043,A16705,30
P04043,A16706,32
P04043,A16707,33
P04043,A16708,34
P04043,A16709,35
P04043,A16710,36
P04043,A16711,38
P04043,A16712,39
P04044,A02079,4
P04044,A02579,1
P04044,A05162,3
P04044,A16713,2
P04045,A07118,18
P04045,A09228,20
P04045,A16714,1
P04045,A16715,2
P04045,A16716,3
P04045,A16717,4
P04045,A16718,5
P04045,A16719,6
P04045,A16720,7
P04045,A16721,8
P04045,A16722,9
P04045,A16723,10
P04045,A16724,11
P04045,A16725,12
P04045,A16726,13
P04045,A16727,14
P04045,A16728,15
P04045,A16729,16
P04045,A16730,17
P04045,A16731,19
P04045,A16732,21
P04045,A16733,22
P04045,A16734,23
P04045,A16735,24
P04045,A16736,25
P04045,A16737,26
P04045,A16738,27
P04045,A16739,28
P04045,A16740,29
P04045,A16741,30
P04045,A16742,31
P04045,A16743,32
P04045,A16744,33
P04045,A16745,34
P04045,A16746,35
P04045,A16747,36
P04045,A16748,37
P04045,A16749,38
P04045,A16750,39
P04045,A16751,40
P04045,A16752,41
P04045,A16753,42
P04045,A16754,43
P04045,A16755,44
P04045,A16756,45
P04045,A16757,46
P04045,A16758,47
P04045,A16759,48
P04045,A16760,49
P04046,A03406,2
P04046,A03795,7
P04046,A04323,5
P04046,A05012,4
P04046,A07506,6
P04046,A11203,1
P04046,A16761,3
P04046,A16762,8
P04046,A16763,9
P04047,A00833,2
P04047,A01668,1
P04047,A07518,4
P04047,A07634,3
P04047,A16764,5
P04048,A08527,2
P04048,A16765,1
P04048,A16766,3
P04049,A00272,3
P04049,A16767,1
P04049,A16768,2
P04050,A00276,7
P04050,A06995,3
P04050,A09725,5
P04050,A14647,1
P04050,A14648,2
P04050,A16769,4
P04050,A16770,6
P04051,A08132,33
P04051,A10211,23
P04051,A15977,30
P04051,A16771,1
P04051,A16772,2
P04051,A16773,3
P04051,A16774,4
P04051,A16775,5
P04051,A16776,6
P04051,A16777,7
P04051,A16778,8
P04051,A16779,9
P04051,A16780,10
P04051,A16781,11
P04051,A16782,12
P04051,A16783,13
P04051,A16784,14
P04051,A16785,15
P04051,A16786,16
P04051,A16787,17
P04051,A16788,18
P04051,A16789,19
P04051,A16790,20
P04051,A16791,21
P04051,A16792,22
P04051,A16793,24
P04051,A16794,25
P04051,A16795,26
P04051,A16796,27
P04051,A16797,28
P04051,A16798,29
P04051,A16799,31
P04051,A16800,32
P04051,A16801,34
P04051,A16802,35
P04051,A16803,36
P04051,A16804,37
P04052,A11454,1
P04052,A16805,2
P04052,A16806,3
P04053,A11668,4
P04053,A16807,1
P04053,A16808,2
P04053,A16809,3
P04054,A00276,2
P04054,A06995,3
P04054,A09725,1
P04054,A16769,4
P04055,A06981,2
P04055,A16810,1
P04056,A00622,4
P04056,A05487,6
P04056,A05531,5
P04056,A06951,1
P04056,A16811,2
P04056,A16812,3
P04056,A16813,7
P04057,A12041,12
P04057,A13345,3
P04057,A15163,4
P04057,A15316,7
P04057,A15357,1
P04057,A15501,13
P04057,A16334,6
P04057,A16335,2
P04057,A16336,11
P04057,A16337,8
P04057,A16814,5
P04057,A16815,9
P04057,A16816,10
P04058,A03396,9
P04058,A11970,4
P04058,A13048,8
P04058,A13798,1
P04058,A16519,7
P04058,A16817,2
P04058,A16818,3
P04058,A16819,5
P04058,A16820,6
P04059,A01999,1
P04060,A14037,2
P04060,A16821,1
P04060,A16822,3
P04060,A16823,4
P04061,A16824,1
P04061,A16825,2
P04062,A12031,18
P04062,A12852,34
P04062,A12854,17
P04062,A12867,3
P04062,A12869,2
P04062,A12870,4
P04062,A12872,6
P04062,A12873,8
P04062,A12874,5
P04062,A12876,7
P04062,A12897,21
P04062,A13128,23
P04062,A13130,27
P04062,A13134,20
P04062,A13143,31
P04062,A13154,36
P04062,A13915,10
P04062,A13916,11
P04062,A13917,12
P04062,A13918,13
P04062,A13919,14
P04062,A13920,19
P04062,A13922,22
P04062,A13924,15
P04062,A13925,24
P04062,A13932,37
P04062,A13933,1
P04062,A13936,32
P04062,A13937,33
P04062,A13940,35
P04062,A13941,16
P04062,A13948,28
P04062,A13963,29
P04062,A13969,26
P04062,A14259,30
P04062,A15659,9
P04062,A16826,25
P04063,A10089,2
P04063,A12867,5
P04063,A12868,3
P04063,A12870,6
P04063,A12871,9
P04063,A12873,1
P04063,A12874,7
P04063,A12876,10
P04063,A14197,4
P04063,A15757,8
P04064,A00983,2
P04064,A02788,4
P04064,A04210,7
P04064,A11861,3
P04064,A11862,5
P04064,A16678,1
P04064,A16679,6
P04065,A01450,12
P04065,A01801,4
P04065,A05543,2
P04065,A09367,6
P04065,A11588,15
P04065,A11597,25
P04065,A12137,3
P04065,A12142,11
P04065,A12144,13
P04065,A12145,14
P04065,A12147,17
P04065,A12152,18
P04065,A12153,19
P04065,A12155,20
P04065,A12163,21
P04065,A12164,22
P04065,A12165,23
P04065,A12168,24
P04065,A12170,26
P04065,A12172,27
P04065,A12173,28
P04065,A12181,29
P04065,A12183,30
P04065,A12184,31
P04065,A16827,1
P04065,A16828,5
P04065,A16829,7
P04065,A16830,8
P04065,A16831,9
P04065,A16832,10
P04065,A16833,16
P04066,A08068,2
P04066,A10975,4
P04066,A16834,1
P04066,A16835,3
P04066,A16836,5
P04066,A16837,6
P04066,A16838,7
P04066,A16839,8
P04067,A16840,1
P04067,A16841,2
P04067,A16842,3
P04067,A16843,4
P04067,A16844,5
P04067,A16845,6
P04067,A16846,7
P04067,A16847,8
P04068,A00723,2
P04068,A01299,5
P04068,A01499,4
P04068,A02534,6
P04068,A04299,3
P04068,A09656,7
P04068,A16848,1
P04069,A00130,2
P04069,A00474,3
P04069,A04142,5
P04069,A08284,4
P04069,A09446,1
P04070,A16849,1
P04070,A16850,2
P04070,A16851,3
P04070,A16852,4
P04070,A16853,5
P04071,A10091,5
P04071,A10096,3
P04071,A11892,1
P04071,A11894,2
P04071,A11895,9
P04071,A11896,7
P04071,A16854,4
P04071,A16855,6
P04071,A16856,8
P04072,A00106,2
P04072,A00290,5
P04072,A00448,4
P04072,A03162,3
P04072,A12001,6
P04072,A16857,1
P04073,A00605,1
P04073,A01057,9
P04073,A01475,12
P04073,A01477,5
P04073,A02464,8
P04073,A02600,10
P04073,A02885,11
P04073,A07744,4
P04073,A08474,3
P04073,A08475,7
P04073,A09807,6
P04073,A16858,2
P04074,A16859,1
P04074,A16860,2
P04074,A16861,3
P04075,A04088,2
P04075,A16862,1
P04076,A03808,1
P04076,A03809,2
P04076,A10675,4
P04076,A14666,3
P04077,A03396,9
P04077,A11674,1
P04077,A11970,3
P04077,A16863,2
P04077,A16864,4
P04077,A16865,5
P04077,A16866,6
P04077,A16867,7
P04077,A16868,8
P04078,A00124,3
P04078,A00221,2
P04078,A02907,1
P04078,A16869,4
P04078,A16870,5
P04079,A03817,4
P04079,A03836,37
P04079,A03866,80
P04079,A03960,53
P04079,A03962,90
P04079,A06669,94
P04079,A07376,41
P04079,A10392,73
P04079,A12932,61
P04079,A12937,82
P04079,A16871,1
P04079,A16872,2
P04079,A16873,3
P04079,A16874,5
P04079,A16875,6
P04079,A16876,7
P04079,A16877,8
P04079,A16878,9
P04079,A16879,10
P04079,A16880,11
P04079,A16881,12
P04079,A16882,13
P04079,A16883,14
P04079,A16884,15
P04079,A16885,16
P04079,A16886,17
P04079,A16887,18
P04079,A16888,19
P04079,A16889,20
P04079,A16890,21
P04079,A16891,22
P04079,A16892,23
P04079,A16893,24
P04079,A16894,25
P04079,A16895,26
P04079,A16896,27
P04079,A16897,28
P04079,A16898,29
P04079,A16899,30
P04079,A16900,31
P04079,A16901,32
P04079,A16902,33
P04079,A16903,34
P04079,A16904,35
P04079,A16905,36
P04079,A16906,38
P04079,A16907,39
P04079,A16908,40
P04079,A16909,42
P04079,A16910,43
P04079,A16911,44
P04079,A16912,45
P04079,A16913,46
P04079,A16914,47
P04079,A16915,48
P04079,A16916,49
P04079,A16917,50
P04079,A16918,51
P04079,A16919,52
P04079,A16920,54
P04079,A16921,55
P04079,A16922,56
P04079,A16923,57
P04079,A16924,58
P04079,A16925,59
P04079,A16926,60
P04079,A16927,62
P04079,A16928,63
P04079,A16929,64
P04079,A16930,65
P04079,A16931,66
P04079,A16932,67
P04079,A16933,68
P04079,A16934,69
P04079,A16935,70
P04079,A16936,71
P04079,A16937,72
P04079,A16938,74
P04079,A16939,75
P04079,A16940,76
P04079,A16941,77
P04079,A16942,78
P04079,A16943,79
P04079,A16944,81
P04079,A16945,83
P04079,A16946,84
P04079,A16947,85
P04079,A16948,86
P04079,A16949,87
P04079,A16950,88
P04079,A16951,89
P04079,A16952,91
P04079,A16953,92
P04079,A16954,93
P04079,A16955,95
P04079,A16956,96
P04079,A16957,97
P04079,A16958,98
P04079,A16959,99
P04080,A16960,1
P04080,A16961,2
P04080,A16962,3
P04080,A16963,4
P04081,A06969,3
P04081,A06973,10
P04081,A07171,22
P04081,A07174,23
P04081,A13610,11
P04081,A13854,14
P04081,A13922,7
P04081,A16964,1
P04081,A16965,2
P04081,A16966,4
P04081,A16967,5
P04081,A16968,6
P04081,A16969,8
P04081,A16970,9
P04081,A16971,12
P04081,A16972,13
P04081,A16973,15
P04081,A16974,16
P04081,A16975,17
P04081,A16976,18
P04081,A16977,19
P04081,A16978,20
P04081,A16979,21
P04081,A16980,24
P04082,A02079,6
P04082,A02100,3
P04082,A16981,1
P04082,A16982,2
P04082,A16983,4
P04082,A16984,5
P04082,A16985,7
P04082,A16986,8
P04082,A16987,9
P04082,A16988,10
P04083,A09793,20
P04083,A09794,14
P04083,A11931,18
P04083,A12622,9
P04083,A12623,5
P04083,A12624,13
P04083,A12625,16
P04083,A12627,27
P04083,A12637,1
P04083,A12641,22
P04083,A12645,23
P04083,A12650,25
P04083,A12652,17
P04083,A13127,6
P04083,A13203,10
P04083,A13713,19
P04083,A14797,11
P04083,A15143,15
P04083,A15469,3
P04083,A16049,2
P04083,A16349,12
P04083,A16989,4
P04083,A16990,7
P04083,A16991,8
P04083,A16992,21
P04083,A16993,24
P04083,A16994,26
P04084,A10087,3
P04084,A11798,23
P04084,A11806,6
P04084,A12825,30
P04084,A12875,14
P04084,A12904,8
P04084,A12909,28
P04084,A13125,15
P04084,A13165,18
P04084,A16277,1
P04084,A16278,31
P04084,A16377,11
P04084,A16392,4
P04084,A16398,29
P04084,A16995,2
P04084,A16996,5
P04084,A16997,7
P04084,A16998,9
P04084,A16999,10
P04084,A17000,12
P04084,A17001,13
P04084,A17002,16
P04084,A17003,17
P04084,A17004,19
P04084,A17005,20
P04084,A17006,21
P04084,A17007,22
P04084,A17008,24
P04084,A17009,25
P04084,A17010,26
P04084,A17011,27
P04085,A07143,10
P04085,A07156,8
P04085,A08190,3
P04085,A08192,4
P04085,A08193,7
P04085,A12874,1
P04085,A17012,2
P04085,A17013,5
P04085,A17014,6
P04085,A17015,9
P04086,A04670,3
P04086,A05336,52
P04086,A12859,41
P04086,A17016,1
P04086,A17017,2
P04086,A17018,4
P04086,A17019,5
P04086,A17020,6
P04086,A17021,7
P04086,A17022,8
P04086,A17023,9
P04086,A17024,10
P04086,A17025,11
P04086,A17026,12
P04086,A17027,13
P04086,A17028,14
P04086,A17029,15
P04086,A17030,16
P04086,A17031,17
P04086,A17032,18
P04086,A17033,19
P04086,A17034,20
P04086,A17035,21
P04086,A17036,22
P04086,A17037,23
P04086,A17038,24
P04086,A17039,25
P04086,A17040,26
P04086,A17041,27
P04086,A17042,28
P04086,A17043,29
P04086,A17044,30
P04086,A17045,31
P04086,A17046,32
P04086,A17047,33
P04086,A17048,34
P04086,A17049,35
P04086,A17050,36
P04086,A17051,37
P04086,A17052,38
P04086,A17053,39
P04086,A17054,40
P04086,A17055,42
P04086,A17056,43
P04086,A17057,44
P04086,A17058,45
P04086,A17059,46
P04086,A17060,47
P04086,A17061,48
P04086,A17062,49
P04086,A17063,50
P04086,A17064,51
P04087,A03309,2
P04087,A17065,1
P04087,A17066,3
P04087,A17067,4
P04088,A17068,1
P04088,A17069,2
P04088,A17070,3
P04088,A17071,4
P04088,A17072,5
P04088,A17073,6
P04089,A00066,11
P04089,A01317,12
P04089,A01543,22
P04089,A01915,3
P04089,A01916,20
P04089,A02125,10
P04089,A02451,14
P04089,A02732,19
P04089,A03258,17
P04089,A04237,8
P04089,A04293,6
P04089,A07672,21
P04089,A07673,18
P04089,A07674,13
P04089,A07929,16
P04089,A07930,15
P04089,A10986,2
P04089,A11017,7
P04089,A11816,4
P04089,A11817,5
P04089,A13852,1
P04089,A17074,9
P04090,A11913,3
P04090,A11914,7
P04090,A14209,5
P04090,A14210,4
P04090,A17075,1
P04090,A17076,2
P04090,A17077,6
P04091,A00717,6
P04091,A01443,10
P04091,A01678,4
P04091,A01745,5
P04091,A03527,3
P04091,A09777,2
P04091,A10899,11
P04091,A11124,1
P04091,A12258,9
P04091,A17078,7
P04091,A17079,8
P04091,A17080,12
P04091,A17081,13
P04091,A17082,14
P04091,A17083,15
P04091,A17084,16
P04091,A17085,17
P04091,A17086,18
P04091,A17087,19
P04092,A17088,1
P04093,A00562,4
P04093,A03408,2
P04093,A10861,1
P04093,A11669,3
P04093,A17089,5
P04093,A17090,6
P04094,A07711,32
P04094,A09293,30
P04094,A09324,39
P04094,A12878,34
P04094,A12885,29
P04094,A13693,18
P04094,A13694,9
P04094,A13696,8
P04094,A13698,2
P04094,A13699,10
P04094,A13700,11
P04094,A13703,3
P04094,A13704,21
P04094,A13706,15
P04094,A13708,19
P04094,A13709,23
P04094,A13711,20
P04094,A13712,24
P04094,A13713,12
P04094,A13714,26
P04094,A13715,31
P04094,A13716,16
P04094,A13717,37
P04094,A13718,25
P04094,A13720,33
P04094,A13721,36
P04094,A13723,4
P04094,A13724,1
P04094,A13725,7
P04094,A13726,14
P04094,A13729,27
P04094,A13730,17
P04094,A13731,6
P04094,A13732,28
P04094,A13733,13
P04094,A13734,22
P04094,A13735,35
P04094,A17091,5
P04094,A17092,38
P04095,A06858,8
P04095,A17093,1
P04095,A17094,2
P04095,A17095,3
P04095,A17096,4
P04095,A17097,5
P04095,A17098,6
P04095,A17099,7
P04095,A17100,9
P04095,A17101,10
P04096,A00066,12
P04096,A00266,8
P04096,A00417,20
P04096,A00431,31
P04096,A00714,29
P04096,A00725,3
P04096,A00840,22
P04096,A00847,18
P04096,A00866,47
P04096,A01314,11
P04096,A01364,13
P04096,A01421,16
P04096,A01447,39
P04096,A01797,28
P04096,A01821,5
P04096,A01915,35
P04096,A01987,36
P04096,A02104,38
P04096,A02126,50
P04096,A02416,10
P04096,A02534,4
P04096,A02652,33
P04096,A02782,26
P04096,A02910,9
P04096,A03527,24
P04096,A03744,17
P04096,A04915,27
P04096,A05200,34
P04096,A05251,45
P04096,A05563,23
P04096,A07131,43
P04096,A07285,1
P04096,A08436,44
P04096,A10718,48
P04096,A10780,46
P04096,A11189,21
P04096,A12194,40
P04096,A12820,30
P04096,A17102,2
P04096,A17103,6
P04096,A17104,7
P04096,A17105,14
P04096,A17106,15
P04096,A17107,19
P04096,A17108,25
P04096,A17109,32
P04096,A17110,37
P04096,A17111,41
P04096,A17112,42
P04096,A17113,49
P04096,A17114,51
P04096,A17115,52
P04096,A17116,53
P04096,A17117,54
P04096,A17118,55
P04096,A17119,56
P04096,A17120,57
P04096,A17121,58
P04096,A17122,59
P04096,A17123,60
P04096,A17124,61
P04096,A17125,62
P04096,A17126,63
P04096,A17127,64
P04096,A17128,65
P04096,A17129,66
P04096,A17130,67
P04096,A17131,68
P04096,A17132,69
P04096,A17133,70
P04096,A17134,71
P04096,A17135,72
P04096,A17136,73
P04096,A17137,74
P04096,A17138,75
P04096,A17139,76
P04096,A17140,77
P04096,A17141,78
P04096,A17142,79
P04096,A17143,80
P04096,A17144,81
P04097,A13305,2
P04097,A13306,13
P04097,A13307,1
P04097,A13308,5
P04097,A13309,7
P04097,A13310,6
P04097,A13311,8
P04097,A13312,3
P04097,A17145,4
P04097,A17146,9
P04097,A17147,10
P04097,A17148,11
P04097,A17149,12
P04098,A12625,5
P04098,A12632,8
P04098,A12637,6
P04098,A12641,10
P04098,A13713,2
P04098,A13874,11
P04098,A15274,12
P04098,A16049,3
P04098,A16349,7
P04098,A17150,1
P04098,A17151,4
P04098,A17152,9
P04098,A17153,13
P04099,A08132,9
P04099,A13022,6
P04099,A16049,8
P04099,A16774,1
P04099,A16775,3
P04099,A16989,7
P04099,A17154,2
P04099,A17155,4
P04099,A17156,5
P04100,A00447,10
P04100,A01245,6
P04100,A01473,4
P04100,A03354,1
P04100,A04352,7
P04100,A04353,2
P04100,A09169,8
P04100,A12427,9
P04100,A17157,3
P04100,A17158,5
P04101,A08135,6
P04101,A09262,11
P04101,A11798,8
P04101,A12878,9
P04101,A13696,5
P04101,A14790,4
P04101,A17159,1
P04101,A17160,2
P04101,A17161,3
P04101,A17162,7
P04101,A17163,10
P04101,A17164,12
P04102,A00614,17
P04102,A01383,2
P04102,A01405,18
P04102,A01987,15
P04102,A02148,1
P04102,A02571,12
P04102,A03623,24
P04102,A04303,9
P04102,A04804,6
P04102,A04809,21
P04102,A05410,3
P04102,A05452,22
P04102,A11234,19
P04102,A12284,11
P04102,A17165,4
P04102,A17166,5
P04102,A17167,7
P04102,A17168,8
P04102,A17169,10
P04102,A17170,13
P04102,A17171,14
P04102,A17172,16
P04102,A17173,20
P04102,A17174,23
P04103,A00290,3
P04103,A00448,11
P04103,A00892,10
P04103,A01227,2
P04103,A03291,15
P04103,A03408,7
P04103,A03418,4
P04103,A03450,1
P04103,A03526,8
P04103,A03900,12
P04103,A07790,9
P04103,A08690,14
P04103,A10902,5
P04103,A12197,16
P04103,A17175,6
P04103,A17176,13
P04104,A17177,1
P04104,A17178,2
P04105,A00417,1
P04105,A00972,2
P04105,A02575,4
P04105,A03071,3
P04105,A17179,5
P04106,A04843,137
P04106,A05332,194
P04106,A06763,144
P04106,A07314,185
P04106,A07379,63
P04106,A11745,41
P04106,A12484,150
P04106,A12493,206
P04106,A12496,105
P04106,A12497,209
P04106,A12507,124
P04106,A12513,153
P04106,A12813,42
P04106,A16372,37
P04106,A16449,91
P04106,A16452,32
P04106,A16468,60
P04106,A17180,1
P04106,A17181,2
P04106,A17182,3
P04106,A17183,4
P04106,A17184,5
P04106,A17185,6
P04106,A17186,7
P04106,A17187,8
P04106,A17188,9
P04106,A17189,10
P04106,A17190,11
P04106,A17191,12
P04106,A17192,13
P04106,A17193,14
P04106,A17194,15
P04106,A17195,16
P04106,A17196,17
P04106,A17197,18
P04106,A17198,19
P04106,A17199,20
P04106,A17200,21
P04106,A17201,22
P04106,A17202,23
P04106,A17203,24
P04106,A17204,25
P04106,A17205,26
P04106,A17206,27
P04106,A17207,28
P04106,A17208,29
P04106,A17209,30
P04106,A17210,31
P04106,A17211,33
P04106,A17212,34
P04106,A17213,35
P04106,A17214,36
P04106,A17215,38
P04106,A17216,39
P04106,A17217,40
P04106,A17218,43
P04106,A17219,44
P04106,A17220,45
P04106,A17221,46
P04106,A17222,47
P04106,A17223,48
P04106,A17224,49
P04106,A17225,50
P04106,A17226,51
P04106,A17227,52
P04106,A17228,53
P04106,A17229,54
P04106,A17230,55
P04106,A17231,56
P04106,A17232,57
P04106,A17233,58
P04106,A17234,59
P04106,A17235,61
P04106,A17236,62
P04106,A17237,64
P04106,A17238,65
P04106,A17239,66
P04106,A17240,67
P04106,A17241,68
P04106,A17242,69
P04106,A17243,70
P04106,A17244,71
P04106,A17245,72
P04106,A17246,73
P04106,A17247,74
P04106,A17248,75
P04106,A17249,76
P04106,A17250,77
P04106,A17251,78
P04106,A17252,79
P04106,A17253,80
P04106,A17254,81
P04106,A17255,82
P04106,A17256,83
P04106,A17257,84
P04106,A17258,85
P04106,A17259,86
P04106,A17260,87
P04106,A17261,88
P04106,A17262,89
P04106,A17263,90
P04106,A17264,92
P04106,A17265,93
P04106,A17266,94
P04106,A17267,95
P04106,A17268,96
P04106,A17269,97
P04106,A17270,98
P04106,A17271,99
P04106,A17272,100
P04106,A17273,101
P04106,A17274,102
P04106,A17275,103
P04106,A17276,104
P04106,A17277,106
P04106,A17278,107
P04106,A17279,108
P04106,A17280,109
P04106,A17281,110
P04106,A17282,111
P04106,A17283,112
P04106,A17284,113
P04106,A17285,114
P04106,A17286,115
P04106,A17287,116
P04106,A17288,117
P04106,A17289,118
P04106,A17290,119
P04106,A17291,120
P04106,A17292,121
P04106,A17293,122
P04106,A17294,123
P04106,A17295,125
P04106,A17296,126
P04106,A17297,127
P04106,A17298,128
P04106,A17299,129
P04106,A17300,130
P04106,A17301,131
P04106,A17302,132
P04106,A17303,133
P04106,A17304,134
P04106,A17305,135
P04106,A17306,136
P04106,A17307,138
P04106,A17308,139
P04106,A17309,140
P04106,A17310,141
P04106,A17311,142
P04106,A17312,143
P04106,A17313,145
P04106,A17314,146
P04106,A17315,147
P04106,A17316,148
P04106,A17317,149
P04106,A17318,151
P04106,A17319,152
P04106,A17320,154
P04106,A17321,155
P04106,A17322,156
P04106,A17323,157
P04106,A17324,158
P04106,A17325,159
P04106,A17326,160
P04106,A17327,161
P04106,A17328,162
P04106,A17329,163
P04106,A17330,164
P04106,A17331,165
P04106,A17332,166
P04106,A17333,167
P04106,A17334,168
P04106,A17335,169
P04106,A17336,170
P04106,A17337,171
P04106,A17338,172
P04106,A17339,173
P04106,A17340,174
P04106,A17341,175
P04106,A17342,176
P04106,A17343,177
P04106,A17344,178
P04106,A17345,179
P04106,A17346,180
P04106,A17347,181
P04106,A17348,182
P04106,A17349,183
P04106,A17350,184
P04106,A17351,186
P04106,A17352,187
P04106,A17353,188
P04106,A17354,189
P04106,A17355,190
P04106,A17356,191
P04106,A17357,192
P04106,A17358,193
P04106,A17359,195
P04106,A17360,196
P04106,A17361,197
P04106,A17362,198
P04106,A17363,199
P04106,A17364,200
P04106,A17365,201
P04106,A17366,202
P04106,A17367,203
P04106,A17368,204
P04106,A17369,205
P04106,A17370,207
P04106,A17371,208
P04106,A17372,210
P04106,A17373,211
P04106,A17374,212
P04106,A17375,213
P04106,A17376,214
P04106,A17377,215
P04106,A17378,216
P04106,A17379,217
P04106,A17380,218
P04106,A17381,219
P04106,A17382,220
P04106,A17383,221
P04106,A17384,222
P04106,A17385,223
P04106,A17386,224
P04107,A17387,1
P04107,A17388,2
P04107,A17389,3
P04107,A17390,4
P04107,A17391,5
P04107,A17392,6
P04107,A17393,7
P04107,A17394,8
P04107,A17395,9
P04107,A17396,10
P04107,A17397,11
P04107,A17398,12
P04107,A17399,13
P04107,A17400,14
P04107,A17401,15
P04107,A17402,16
P04107,A17403,17
P04107,A17404,18
P04107,A17405,19
P04107,A17406,20
P04107,A17407,21
P04107,A17408,22
P04107,A17409,23
P04108,A09463,3
P04108,A17410,1
P04108,A17411,2
P04108,A17412,4
P04108,A17413,5
P04108,A17414,6
P04109,A01477,2
P04109,A09807,3
P04109,A17415,1
P04110,A14056,35
P04110,A14060,11
P04110,A14061,23
P04110,A14062,13
P04110,A14063,7
P04110,A14068,16
P04110,A14069,15
P04110,A14071,1
P04110,A14072,17
P04110,A14075,22
P04110,A14079,26
P04110,A14081,27
P04110,A14086,37
P04110,A14088,33
P04110,A14091,14
P04110,A14094,38
P04110,A14095,34
P04110,A14826,3
P04110,A14932,18
P04110,A14934,19
P04110,A15039,20
P04110,A15052,21
P04110,A15185,24
P04110,A15210,25
P04110,A15391,29
P04110,A15481,31
P04110,A17416,2
P04110,A17417,4
P04110,A17418,5
P04110,A17419,6
P04110,A17420,8
P04110,A17421,9
P04110,A17422,10
P04110,A17423,12
P04110,A17424,28
P04110,A17425,30
P04110,A17426,32
P04110,A17427,36
P04111,A00967,1
P04111,A02809,3
P04111,A03221,6
P04111,A04090,2
P04111,A09746,4
P04111,A17428,5
P04111,A17429,7
P04111,A17430,8
P04112,A01028,2
P04112,A17431,1
P04112,A17432,3
P04112,A17433,4
P04112,A17434,5
P04113,A17435,1
P04113,A17436,2
P04113,A17437,3
P04113,A17438,4
P04113,A17439,5
P04113,A17440,6
P04113,A17441,7
P04113,A17442,8
P04113,A17443,9
P04113,A17444,10
P04113,A17445,11
P04114,A09121,27
P04114,A09126,11
P04114,A09127,34
P04114,A14056,36
P04114,A14073,13
P04114,A15198,21
P04114,A16337,18
P04114,A16598,39
P04114,A16603,14
P04114,A16606,17
P04114,A16684,5
P04114,A16685,7
P04114,A16686,6
P04114,A16687,37
P04114,A16688,2
P04114,A16690,3
P04114,A16691,4
P04114,A16692,10
P04114,A16693,8
P04114,A16694,24
P04114,A16695,32
P04114,A16696,23
P04114,A16697,20
P04114,A16698,9
P04114,A16699,12
P04114,A16700,15
P04114,A16701,16
P04114,A16703,19
P04114,A16704,22
P04114,A16705,26
P04114,A16706,28
P04114,A16707,29
P04114,A16708,30
P04114,A16709,31
P04114,A16710,33
P04114,A16711,35
P04114,A16712,38
P04114,A17446,1
P04114,A17447,25
P04115,A00570,7
P04115,A02600,3
P04115,A02721,4
P04115,A02885,2
P04115,A03044,6
P04115,A03671,1
P04115,A07852,5
P04116,A00684,6
P04116,A09107,1
P04116,A09108,4
P04116,A09110,5
P04116,A17448,2
P04116,A17449,3
P04116,A17450,7
P04116,A17451,8
P04117,A01212,5
P04117,A01842,6
P04117,A05626,2
P04117,A11699,4
P04117,A12730,7
P04117,A17452,1
P04117,A17453,3
P04118,A10421,2
P04118,A12208,7
P04118,A12210,5
P04118,A12529,3
P04118,A12544,4
P04118,A17454,1
P04118,A17455,6
P04119,A05074,6
P04119,A05076,4
P04119,A08499,1
P04119,A11422,3
P04119,A12672,2
P04119,A17456,5
P04120,A13806,1
P04120,A13808,2
P04121,A01124,5
P04121,A05251,7
P04121,A11341,4
P04121,A11345,9
P04121,A11685,2
P04121,A14582,6
P04121,A14585,3
P04121,A17457,1
P04121,A17458,8
P04122,A13355,10
P04122,A13356,3
P04122,A13363,5
P04122,A13364,12
P04122,A13365,11
P04122,A13367,16
P04122,A13368,6
P04122,A16282,14
P04122,A16508,4
P04122,A17459,1
P04122,A17460,2
P04122,A17461,7
P04122,A17462,8
P04122,A17463,9
P04122,A17464,13
P04122,A17465,15
P04122,A17466,17
P04123,A07061,9
P04123,A12835,1
P04123,A12836,2
P04123,A12837,4
P04123,A12838,3
P04123,A12842,8
P04123,A14749,10
P04123,A17467,5
P04123,A17468,6
P04123,A17469,7
P04124,A14349,8
P04124,A14350,9
P04124,A17470,1
P04124,A17471,2
P04124,A17472,3
P04124,A17473,4
P04124,A17474,5
P04124,A17475,6
P04124,A17476,7
P04124,A17477,10
P04124,A17478,11
P04124,A17479,12
P04125,A12041,11
P04125,A13345,2
P04125,A15163,7
P04125,A15316,4
P04125,A15357,1
P04125,A15501,12
P04125,A16334,8
P04125,A16335,9
P04125,A16336,3
P04125,A16337,6
P04125,A16815,10
P04125,A16816,5
P04126,A03767,17
P04126,A04198,6
P04126,A15425,3
P04126,A17151,4
P04126,A17480,1
P04126,A17481,2
P04126,A17482,5
P04126,A17483,7
P04126,A17484,8
P04126,A17485,9
P04126,A17486,10
P04126,A17487,11
P04126,A17488,12
P04126,A17489,13
P04126,A17490,14
P04126,A17491,15
P04126,A17492,16
P04127,A12024,21
P04127,A12025,4
P04127,A16071,6
P04127,A16296,20
P04127,A16504,8
P04127,A17493,1
P04127,A17494,2
P04127,A17495,3
P04127,A17496,5
P04127,A17497,7
P04127,A17498,9
P04127,A17499,10
P04127,A17500,11
P04127,A17501,12
P04127,A17502,13
P04127,A17503,14
P04127,A17504,15
P04127,A17505,16
P04127,A17506,17
P04127,A17507,18
P04127,A17508,19
P04127,A17509,22
P04127,A17510,23
P04127,A17511,24
P04127,A17512,25
P04127,A17513,26
P04128,A07815,1
P04128,A07816,4
P04128,A07818,5
P04128,A07821,3
P04128,A13127,6
P04128,A17514,2
P04128,A17515,7
P04128,A17516,8
P04128,A17517,9
P04128,A17518,10
P04129,A11800,4
P04129,A17519,1
P04129,A17520,2
P04129,A17521,3
P04129,A17522,5
P04130,A11780,4
P04130,A11781,26
P04130,A11782,5
P04130,A11785,30
P04130,A11788,17
P04130,A11791,1
P04130,A11792,3
P04130,A11793,21
P04130,A11794,22
P04130,A11799,11
P04130,A11802,12
P04130,A11803,27
P04130,A11804,14
P04130,A11805,28
P04130,A11806,15
P04130,A11809,6
P04130,A12903,7
P04130,A13124,8
P04130,A13125,19
P04130,A13144,9
P04130,A13716,24
P04130,A17523,2
P04130,A17524,10
P04130,A17525,13
P04130,A17526,16
P04130,A17527,18
P04130,A17528,20
P04130,A17529,23
P04130,A17530,25
P04130,A17531,29
P04130,A17532,31
P04131,A12020,6
P04131,A13543,20
P04131,A13713,8
P04131,A13717,28
P04131,A14270,19
P04131,A14271,14
P04131,A14281,10
P04131,A14284,17
P04131,A14325,16
P04131,A14339,2
P04131,A16334,18
P04131,A17163,25
P04131,A17533,1
P04131,A17534,3
P04131,A17535,4
P04131,A17536,5
P04131,A17537,7
P04131,A17538,9
P04131,A17539,11
P04131,A17540,12
P04131,A17541,13
P04131,A17542,15
P04131,A17543,21
P04131,A17544,22
P04131,A17545,23
P04131,A17546,24
P04131,A17547,26
P04131,A17548,27
P04132,A03204,1
P04132,A03581,9
P04132,A04252,10
P04132,A13895,11
P04132,A14124,5
P04132,A17549,2
P04132,A17550,3
P04132,A17551,4
P04132,A17552,6
P04132,A17553,7
P04132,A17554,8
P04132,A17555,12
P04132,A17556,13
P04132,A17557,14
P04132,A17558,15
P04132,A17559,16
P04132,A17560,17
P04133,A14789,3
P04133,A16972,1
P04133,A17561,2
P04133,A17562,4
P04133,A17563,5
P04134,A12031,12
P04134,A12048,26
P04134,A12052,25
P04134,A12854,24
P04134,A12869,13
P04134,A12897,11
P04134,A13128,20
P04134,A13130,23
P04134,A13134,16
P04134,A13189,9
P04134,A13915,6
P04134,A13916,7
P04134,A13917,8
P04134,A13919,14
P04134,A13920,15
P04134,A13922,17
P04134,A13924,21
P04134,A13925,22
P04134,A13927,1
P04134,A13932,29
P04134,A13933,2
P04134,A13937,5
P04134,A13941,10
P04134,A13963,18
P04134,A13967,28
P04134,A14199,4
P04134,A14258,19
P04134,A17564,3
P04134,A17565,27
P04135,A12011,9
P04135,A12013,3
P04135,A12024,4
P04135,A12025,6
P04135,A12026,21
P04135,A12033,14
P04135,A12035,8
P04135,A13366,22
P04135,A14151,1
P04135,A14607,23
P04135,A14911,13
P04135,A15564,2
P04135,A15625,18
P04135,A15690,24
P04135,A16071,19
P04135,A17566,5
P04135,A17567,7
P04135,A17568,10
P04135,A17569,11
P04135,A17570,12
P04135,A17571,15
P04135,A17572,16
P04135,A17573,17
P04135,A17574,20
P04136,A12011,7
P04136,A12013,1
P04136,A12024,3
P04136,A12025,8
P04136,A13366,15
P04136,A14151,4
P04136,A14607,14
P04136,A14911,16
P04136,A15564,5
P04136,A15625,12
P04136,A15690,17
P04136,A15769,6
P04136,A17494,9
P04136,A17566,2
P04136,A17567,11
P04136,A17568,10
P04136,A17572,13
P04137,A12011,14
P04137,A12013,11
P04137,A12024,4
P04137,A12025,10
P04137,A13250,5
P04137,A14911,16
P04137,A15285,8
P04137,A15625,12
P04137,A15690,17
P04137,A16071,6
P04137,A16505,1
P04137,A17494,9
P04137,A17511,2
P04137,A17572,13
P04137,A17574,15
P04137,A17575,3
P04137,A17576,7
P04138,A03403,1
P04138,A10219,2
P04138,A10222,4
P04138,A14589,3
P04139,A03656,9
P04139,A04971,3
P04139,A17577,1
P04139,A17578,2
P04139,A17579,4
P04139,A17580,5
P04139,A17581,6
P04139,A17582,7
P04139,A17583,8
P04139,A17584,10
P04140,A03869,107
P04140,A06316,82
P04140,A07373,54
P04140,A10989,123
P04140,A12201,117
P04140,A12202,23
P04140,A12203,84
P04140,A12204,25
P04140,A12206,103
P04140,A12919,121
P04140,A12921,109
P04140,A12925,47
P04140,A12926,48
P04140,A12929,57
P04140,A12931,78
P04140,A12935,99
P04140,A12939,113
P04140,A16878,10
P04140,A16911,66
P04140,A17182,13
P04140,A17273,17
P04140,A17275,101
P04140,A17323,7
P04140,A17324,26
P04140,A17357,75
P04140,A17367,85
P04140,A17585,1
P04140,A17586,2
P04140,A17587,3
P04140,A17588,4
P04140,A17589,5
P04140,A17590,6
P04140,A17591,8
P04140,A17592,9
P04140,A17593,11
P04140,A17594,12
P04140,A17595,14
P04140,A17596,15
P04140,A17597,16
P04140,A17598,18
P04140,A17599,19
P04140,A17600,20
P04140,A17601,21
P04140,A17602,22
P04140,A17603,24
P04140,A17604,27
P04140,A17605,28
P04140,A17606,29
P04140,A17607,30
P04140,A17608,31
P04140,A17609,32
P04140,A17610,33
P04140,A17611,34
P04140,A17612,35
P04140,A17613,36
P04140,A17614,37
P04140,A17615,38
P04140,A17616,39
P04140,A17617,40
P04140,A17618,41
P04140,A17619,42
P04140,A17620,43
P04140,A17621,44
P04140,A17622,45
P04140,A17623,46
P04140,A17624,49
P04140,A17625,50
P04140,A17626,51
P04140,A17627,52
P04140,A17628,53
P04140,A17629,55
P04140,A17630,56
P04140,A17631,58
P04140,A17632,59
P04140,A17633,60
P04140,A17634,61
P04140,A17635,62
P04140,A17636,63
P04140,A17637,64
P04140,A17638,65
P04140,A17639,67
P04140,A17640,68
P04140,A17641,69
P04140,A17642,70
P04140,A17643,71
P04140,A17644,72
P04140,A17645,73
P04140,A17646,74
P04140,A17647,76
P04140,A17648,77
P04140,A17649,79
P04140,A17650,80
P04140,A17651,81
P04140,A17652,83
P04140,A17653,86
P04140,A17654,87
P04140,A17655,88
P04140,A17656,89
P04140,A17657,90
P04140,A17658,91
P04140,A17659,92
P04140,A17660,93
P04140,A17661,94
P04140,A17662,95
P04140,A17663,96
P04140,A17664,97
P04140,A17665,98
P04140,A17666,100
P04140,A17667,102
P04140,A17668,104
P04140,A17669,105
P04140,A17670,106
P04140,A17671,108
P04140,A17672,110
P04140,A17673,111
P04140,A17674,112
P04140,A17675,114
P04140,A17676,115
P04140,A17677,116
P04140,A17678,118
P04140,A17679,119
P04140,A17680,120
P04140,A17681,122
P04141,A00824,8
P04141,A00877,9
P04141,A01383,2
P04141,A02047,5
P04141,A03044,4
P04141,A07731,7
P04141,A07808,1
P04141,A11016,3
P04141,A17682,6
P04142,A00066,8
P04142,A01510,3
P04142,A02125,2
P04142,A02311,6
P04142,A02732,5
P04142,A04045,4
P04142,A06796,9
P04142,A06798,7
P04142,A17683,1
P04143,A04020,3
P04143,A04021,1
P04143,A05576,2
P04143,A17684,4
P04143,A17685,5
P04143,A17686,6
P04143,A17687,7
P04144,A09793,15
P04144,A09794,13
P04144,A11789,11
P04144,A11811,24
P04144,A12052,4
P04144,A12625,19
P04144,A12627,25
P04144,A12628,9
P04144,A12631,7
P04144,A12637,8
P04144,A12640,12
P04144,A12644,16
P04144,A12645,17
P04144,A12649,20
P04144,A14259,10
P04144,A16352,18
P04144,A16354,6
P04144,A16996,3
P04144,A17519,1
P04144,A17688,2
P04144,A17689,5
P04144,A17690,14
P04144,A17691,21
P04144,A17692,22
P04144,A17693,23
P04145,A04108,2
P04145,A05570,8
P04145,A17694,1
P04145,A17695,3
P04145,A17696,4
P04145,A17697,5
P04145,A17698,6
P04145,A17699,7
P04145,A17700,9
P04145,A17701,10
P04145,A17702,11
P04145,A17703,12
P04146,A17704,1
P04147,A04131,7
P04147,A06847,2
P04147,A07201,3
P04147,A07202,4
P04147,A13451,9
P04147,A13501,1
P04147,A16660,6
P04147,A16662,8
P04147,A17705,5
P04148,A01678,5
P04148,A03044,7
P04148,A03527,4
P04148,A05296,1
P04148,A06951,3
P04148,A09777,6
P04148,A17706,2
P04149,A01477,2
P04149,A07786,5
P04149,A09507,3
P04149,A12523,1
P04149,A13798,4
P04150,A17707,1
P04150,A17708,2
P04150,A17709,3
P04150,A17710,4
P04150,A17711,5
P04150,A17712,6
P04150,A17713,7
P04150,A17714,8
P04150,A17715,9
P04150,A17716,10
P04150,A17717,11
P04150,A17718,12
P04150,A17719,13
P04150,A17720,14
P04150,A17721,15
P04150,A17722,16
P04150,A17723,17
P04150,A17724,18
P04150,A17725,19
P04150,A17726,20
P04151,A09791,13
P04151,A11783,7
P04151,A11798,27
P04151,A11803,35
P04151,A11925,19
P04151,A12651,40
P04151,A12703,33
P04151,A12875,14
P04151,A12888,12
P04151,A12898,24
P04151,A12902,2
P04151,A13410,29
P04151,A13856,42
P04151,A13932,43
P04151,A13945,20
P04151,A13978,36
P04151,A13979,1
P04151,A13980,6
P04151,A13981,3
P04151,A13982,10
P04151,A13983,5
P04151,A13984,9
P04151,A13991,30
P04151,A13992,37
P04151,A13993,38
P04151,A15024,17
P04151,A15654,11
P04151,A16266,34
P04151,A16269,18
P04151,A17727,4
P04151,A17728,8
P04151,A17729,15
P04151,A17730,16
P04151,A17731,21
P04151,A17732,22
P04151,A17733,23
P04151,A17734,25
P04151,A17735,26
P04151,A17736,28
P04151,A17737,31
P04151,A17738,32
P04151,A17739,39
P04151,A17740,41
P04152,A00629,2
P04152,A17741,1
P04152,A17742,3
P04153,A04256,39
P04153,A12875,44
P04153,A13904,15
P04153,A13912,21
P04153,A13914,11
P04153,A17045,18
P04153,A17064,24
P04153,A17558,17
P04153,A17743,1
P04153,A17744,2
P04153,A17745,3
P04153,A17746,4
P04153,A17747,5
P04153,A17748,6
P04153,A17749,7
P04153,A17750,8
P04153,A17751,9
P04153,A17752,10
P04153,A17753,12
P04153,A17754,13
P04153,A17755,14
P04153,A17756,16
P04153,A17757,19
P04153,A17758,20
P04153,A17759,22
P04153,A17760,23
P04153,A17761,25
P04153,A17762,26
P04153,A17763,27
P04153,A17764,28
P04153,A17765,29
P04153,A17766,30
P04153,A17767,31
P04153,A17768,32
P04153,A17769,33
P04153,A17770,34
P04153,A17771,35
P04153,A17772,36
P04153,A17773,37
P04153,A17774,38
P04153,A17775,40
P04153,A17776,41
P04153,A17777,42
P04153,A17778,43
P04154,A14055,4
P04154,A14056,12
P04154,A14057,8
P04154,A14058,26
P04154,A14059,9
P04154,A14060,2
P04154,A14061,11
P04154,A14062,13
P04154,A14063,14
P04154,A14064,6
P04154,A14065,3
P04154,A14066,5
P04154,A14067,21
P04154,A14070,15
P04154,A14073,16
P04154,A14075,17
P04154,A14077,7
P04154,A14078,22
P04154,A14080,10
P04154,A14083,23
P04154,A14086,18
P04154,A14087,24
P04154,A14089,25
P04154,A14091,19
P04154,A17779,1
P04154,A17780,20
P04155,A03767,13
P04155,A04256,3
P04155,A04546,16
P04155,A17749,31
P04155,A17774,14
P04155,A17775,15
P04155,A17777,22
P04155,A17780,23
P04155,A17781,1
P04155,A17782,2
P04155,A17783,4
P04155,A17784,5
P04155,A17785,6
P04155,A17786,7
P04155,A17787,8
P04155,A17788,9
P04155,A17789,10
P04155,A17790,11
P04155,A17791,12
P04155,A17792,17
P04155,A17793,18
P04155,A17794,19
P04155,A17795,20
P04155,A17796,21
P04155,A17797,24
P04155,A17798,25
P04155,A17799,26
P04155,A17800,27
P04155,A17801,28
P04155,A17802,29
P04155,A17803,30
P04156,A14055,3
P04156,A14056,2
P04156,A14057,4
P04156,A14058,1
P04156,A14059,5
P04156,A14060,7
P04156,A14061,11
P04156,A14062,6
P04156,A14064,15
P04156,A14067,12
P04156,A14070,8
P04156,A14073,9
P04156,A14075,10
P04156,A14077,13
P04156,A14090,16
P04156,A14092,17
P04156,A17804,14
P04157,A13584,13
P04157,A14055,5
P04157,A14056,2
P04157,A14057,3
P04157,A14058,1
P04157,A14059,4
P04157,A14060,11
P04157,A14061,18
P04157,A14062,10
P04157,A14063,12
P04157,A14064,9
P04157,A14065,6
P04157,A14066,7
P04157,A14067,25
P04157,A14068,8
P04157,A14069,14
P04157,A14070,15
P04157,A14073,16
P04157,A14075,17
P04157,A14077,26
P04157,A14078,27
P04157,A14079,19
P04157,A14080,28
P04157,A14083,20
P04157,A14086,21
P04157,A14087,29
P04157,A14088,22
P04157,A14089,30
P04157,A14090,31
P04157,A14091,23
P04157,A14095,32
P04157,A17780,24
P04158,A13584,10
P04158,A14055,31
P04158,A14056,6
P04158,A14057,32
P04158,A14058,42
P04158,A14059,41
P04158,A14060,1
P04158,A14061,2
P04158,A14062,7
P04158,A14063,8
P04158,A14064,37
P04158,A14065,29
P04158,A14066,3
P04158,A14067,4
P04158,A14068,28
P04158,A14069,11
P04158,A14070,12
P04158,A14071,13
P04158,A14072,14
P04158,A14073,15
P04158,A14074,16
P04158,A14075,17
P04158,A14076,33
P04158,A14077,34
P04158,A14078,5
P04158,A14079,18
P04158,A14080,35
P04158,A14081,19
P04158,A14082,20
P04158,A14083,21
P04158,A14085,36
P04158,A14086,23
P04158,A14087,38
P04158,A14088,24
P04158,A14089,39
P04158,A14090,40
P04158,A14091,25
P04158,A14092,43
P04158,A14094,27
P04158,A14095,44
P04158,A14096,45
P04158,A14097,46
P04158,A15634,9
P04158,A17780,26
P04158,A17805,22
P04158,A17806,30
P04159,A00723,2
P04159,A07184,4
P04159,A10899,1
P04159,A12258,3
P04159,A17083,5
P04159,A17084,8
P04159,A17807,6
P04159,A17808,7
P04160,A04408,6
P04160,A17809,1
P04160,A17810,2
P04160,A17811,3
P04160,A17812,4
P04160,A17813,5
P04160,A17814,7
P04160,A17815,8
P04160,A17816,9
P04160,A17817,10
P04161,A01151,7
P04161,A02392,6
P04161,A02394,5
P04161,A17818,1
P04161,A17819,2
P04161,A17820,3
P04161,A17821,4
P04161,A17822,8
P04161,A17823,9
P04162,A05610,2
P04162,A05611,3
P04162,A17824,1
P04162,A17825,4
P04163,A00448,2
P04163,A03408,4
P04163,A03418,1
P04163,A03450,3
P04164,A00417,3
P04164,A00448,2
P04164,A03418,1
P04165,A05027,4
P04165,A09766,3
P04165,A09767,2
P04165,A12730,8
P04165,A14172,5
P04165,A17826,1
P04165,A17827,6
P04165,A17828,7
P04165,A17829,9
P04166,A17830,1
P04166,A17831,2
P04166,A17832,3
P04167,A00629,2
P04167,A07950,1
P04167,A17833,3
P04167,A17834,4
P04167,A17835,5
P04168,A17836,1
P04168,A17837,2
P04168,A17838,3
P04169,A17839,1
P04169,A17840,2
P04169,A17841,3
P04169,A17842,4
P04169,A17843,5
P04169,A17844,6
P04169,A17845,7
P04169,A17846,8
P04169,A17847,9
P04169,A17848,10
P04170,A01678,2
P04170,A02600,3
P04170,A03527,6
P04170,A05296,4
P04170,A09777,5
P04170,A11124,1
P04171,A03268,3
P04171,A10965,5
P04171,A10966,1
P04171,A17849,2
P04171,A17850,4
P04172,A16450,4
P04172,A16452,7
P04172,A16453,18
P04172,A16455,17
P04172,A16456,6
P04172,A16457,12
P04172,A16459,3
P04172,A16462,8
P04172,A16466,19
P04172,A16469,20
P04172,A16471,22
P04172,A16472,25
P04172,A16476,26
P04172,A16479,27
P04172,A16482,1
P04172,A16486,5
P04172,A16488,28
P04172,A16489,2
P04172,A16490,29
P04172,A16491,30
P04172,A16496,31
P04172,A16500,32
P04172,A16501,33
P04172,A17746,15
P04172,A17851,9
P04172,A17852,10
P04172,A17853,11
P04172,A17854,13
P04172,A17855,14
P04172,A17856,16
P04172,A17857,21
P04172,A17858,23
P04172,A17859,24
P04173,A00066,8
P04173,A00849,4
P04173,A01514,1
P04173,A02124,2
P04173,A02125,7
P04173,A02732,9
P04173,A03168,10
P04173,A04635,11
P04173,A06785,3
P04173,A07881,6
P04173,A17860,5
P04174,A00629,1
P04175,A12631,22
P04175,A12897,16
P04175,A12905,15
P04175,A12977,3
P04175,A13121,7
P04175,A13122,10
P04175,A13126,2
P04175,A13127,19
P04175,A13128,4
P04175,A13132,24
P04175,A13134,13
P04175,A13139,17
P04175,A13155,6
P04175,A13160,9
P04175,A13165,12
P04175,A13168,11
P04175,A13177,1
P04175,A13187,21
P04175,A13196,14
P04175,A15654,23
P04175,A17736,18
P04175,A17861,5
P04175,A17862,8
P04175,A17863,20
P04176,A08429,1
P04176,A08430,2
P04176,A17864,3
P04176,A17865,4
P04177,A00622,6
P04177,A03402,7
P04177,A04478,2
P04177,A04480,4
P04177,A04815,3
P04177,A05123,9
P04177,A05487,1
P04177,A05489,5
P04177,A07879,11
P04177,A17866,8
P04177,A17867,10
P04178,A04052,1
P04179,A03317,3
P04179,A07544,5
P04179,A08045,4
P04179,A08046,2
P04179,A11119,6
P04179,A11207,7
P04179,A11765,9
P04179,A14114,10
P04179,A17868,1
P04179,A17869,8
P04180,A00290,6
P04180,A00820,5
P04180,A00905,2
P04180,A01325,4
P04180,A03221,7
P04180,A07131,3
P04180,A17870,1
P04181,A02580,2
P04181,A03371,3
P04181,A04310,5
P04181,A08338,7
P04181,A11670,4
P04181,A11882,1
P04181,A17871,6
P04182,A17872,1
P04182,A17873,2
P04182,A17874,3
P04182,A17875,4
P04182,A17876,5
P04182,A17877,6
P04183,A05102,1
P04183,A17878,2
P04184,A00570,6
P04184,A00805,7
P04184,A00819,2
P04184,A00843,8
P04184,A00892,5
P04184,A02600,1
P04184,A03092,3
P04184,A14049,4
P04185,A03792,3
P04185,A04534,2
P04185,A17879,1
P04185,A17880,4
P04186,A05015,2
P04186,A17881,1
P04186,A17882,3
P04186,A17883,4
P04187,A07715,32
P04187,A09142,20
P04187,A12041,49
P04187,A13011,23
P04187,A13012,25
P04187,A13015,17
P04187,A13022,4
P04187,A13024,21
P04187,A13025,22
P04187,A13026,24
P04187,A13027,16
P04187,A13028,26
P04187,A13029,18
P04187,A13030,3
P04187,A13031,19
P04187,A13514,46
P04187,A13577,8
P04187,A13579,38
P04187,A13583,1
P04187,A13584,27
P04187,A13585,29
P04187,A13586,30
P04187,A13587,31
P04187,A13589,33
P04187,A13590,34
P04187,A13591,35
P04187,A13592,36
P04187,A13593,37
P04187,A13594,39
P04187,A13595,40
P04187,A13597,41
P04187,A13598,42
P04187,A13599,43
P04187,A13600,44
P04187,A13601,45
P04187,A13602,47
P04187,A13603,48
P04187,A13604,50
P04187,A13605,51
P04187,A13606,52
P04187,A13608,53
P04187,A13609,54
P04187,A14056,6
P04187,A14059,2
P04187,A17884,5
P04187,A17885,7
P04187,A17886,9
P04187,A17887,10
P04187,A17888,11
P04187,A17889,12
P04187,A17890,13
P04187,A17891,14
P04187,A17892,15
P04187,A17893,28
P04188,A02300,2
P04188,A02759,3
P04188,A05074,4
P04188,A05080,5
P04188,A17894,1
P04189,A00443,2
P04189,A17895,1
P04189,A17896,3
P04190,A00622,9
P04190,A01678,16
P04190,A02351,15
P04190,A04540,4
P04190,A04958,10
P04190,A05187,7
P04190,A05188,2
P04190,A05618,1
P04190,A08406,3
P04190,A14868,14
P04190,A17897,5
P04190,A17898,6
P04190,A17899,8
P04190,A17900,11
P04190,A17901,12
P04190,A17902,13
P04190,A17903,17
P04190,A17904,18
P04191,A04131,31
P04191,A06804,8
P04191,A06809,16
P04191,A06834,29
P04191,A06846,19
P04191,A06847,30
P04191,A06849,26
P04191,A06855,12
P04191,A07640,6
P04191,A07642,3
P04191,A07643,14
P04191,A07645,24
P04191,A07652,23
P04191,A07653,22
P04191,A07654,13
P04191,A07656,28
P04191,A08220,11
P04191,A08222,5
P04191,A09142,7
P04191,A13450,21
P04191,A13465,18
P04191,A13476,33
P04191,A13503,32
P04191,A13542,35
P04191,A13546,4
P04191,A17905,1
P04191,A17906,2
P04191,A17907,9
P04191,A17908,10
P04191,A17909,15
P04191,A17910,17
P04191,A17911,20
P04191,A17912,25
P04191,A17913,27
P04191,A17914,34
P04191,A17915,36
P04191,A17916,37
P04192,A00877,6
P04192,A03408,2
P04192,A04345,4
P04192,A08237,5
P04192,A10785,3
P04192,A10862,7
P04192,A10978,1
P04193,A17917,1
P04193,A17918,2
P04193,A17919,3
P04194,A12296,1
P04194,A12299,2
P04194,A12302,3
P04195,A17920,1
P04195,A17921,2
P04195,A17922,3
P04195,A17923,4
P04196,A17924,1
P04196,A17925,2
P04196,A17926,3
P04196,A17927,4
P04196,A17928,5
P04196,A17929,6
P04196,A17930,7
P04197,A04069,15
P04197,A16476,22
P04197,A17750,8
P04197,A17931,1
P04197,A17932,2
P04197,A17933,3
P04197,A17934,4
P04197,A17935,5
P04197,A17936,6
P04197,A17937,7
P04197,A17938,9
P04197,A17939,10
P04197,A17940,11
P04197,A17941,12
P04197,A17942,13
P04197,A17943,14
P04197,A17944,16
P04197,A17945,17
P04197,A17946,18
P04197,A17947,19
P04197,A17948,20
P04197,A17949,21
P04198,A07204,4
P04198,A16068,2
P04198,A17950,1
P04198,A17951,3
P04198,A17952,5
P04198,A17953,6
P04198,A17954,7
P04199,A03769,5
P04199,A04659,13
P04199,A11473,20
P04199,A13869,19
P04199,A17485,11
P04199,A17552,27
P04199,A17557,16
P04199,A17560,26
P04199,A17790,24
P04199,A17955,1
P04199,A17956,2
P04199,A17957,3
P04199,A17958,4
P04199,A17959,6
P04199,A17960,7
P04199,A17961,8
P04199,A17962,9
P04199,A17963,10
P04199,A17964,12
P04199,A17965,14
P04199,A17966,15
P04199,A17967,17
P04199,A17968,18
P04199,A17969,21
P04199,A17970,22
P04199,A17971,23
P04199,A17972,25
P04199,A17973,28
P04199,A17974,29
P04200,A13011,11
P04200,A13012,14
P04200,A13022,22
P04200,A13024,13
P04200,A13025,17
P04200,A13026,12
P04200,A13027,15
P04200,A13028,16
P04200,A13029,19
P04200,A13030,20
P04200,A13031,21
P04200,A13514,9
P04200,A13576,2
P04200,A13577,10
P04200,A13583,23
P04200,A13587,5
P04200,A13591,1
P04200,A13594,18
P04200,A13598,27
P04200,A13600,24
P04200,A13601,25
P04200,A13604,26
P04200,A13609,6
P04200,A17975,3
P04200,A17976,4
P04200,A17977,7
P04200,A17978,8
P04200,A17979,28
P04200,A17980,29
P04200,A17981,30
P04200,A17982,31
P04200,A17983,32
P04200,A17984,33
P04200,A17985,34
P04201,A05465,136
P04201,A07655,134
P04201,A07711,87
P04201,A07715,24
P04201,A08140,108
P04201,A09142,46
P04201,A09863,55
P04201,A12041,38
P04201,A13011,10
P04201,A13012,8
P04201,A13015,14
P04201,A13019,59
P04201,A13022,15
P04201,A13023,47
P04201,A13024,11
P04201,A13025,9
P04201,A13026,1
P04201,A13027,3
P04201,A13028,7
P04201,A13029,6
P04201,A13030,4
P04201,A13031,5
P04201,A13342,48
P04201,A13514,17
P04201,A13576,122
P04201,A13577,54
P04201,A13579,29
P04201,A13580,64
P04201,A13581,75
P04201,A13583,44
P04201,A13584,21
P04201,A13585,23
P04201,A13586,12
P04201,A13587,13
P04201,A13588,25
P04201,A13589,26
P04201,A13590,27
P04201,A13591,28
P04201,A13592,16
P04201,A13593,82
P04201,A13594,85
P04201,A13595,30
P04201,A13596,31
P04201,A13597,32
P04201,A13598,33
P04201,A13599,34
P04201,A13600,2
P04201,A13601,35
P04201,A13602,36
P04201,A13603,37
P04201,A13604,39
P04201,A13605,40
P04201,A13606,41
P04201,A13607,42
P04201,A13608,43
P04201,A13609,20
P04201,A14343,125
P04201,A14733,70
P04201,A15073,77
P04201,A15185,88
P04201,A15198,90
P04201,A15219,92
P04201,A16704,97
P04201,A17886,18
P04201,A17893,22
P04201,A17975,95
P04201,A17979,124
P04201,A17980,110
P04201,A17981,51
P04201,A17982,99
P04201,A17983,106
P04201,A17984,137
P04201,A17986,19
P04201,A17987,45
P04201,A17988,49
P04201,A17989,50
P04201,A17990,52
P04201,A17991,53
P04201,A17992,56
P04201,A17993,57
P04201,A17994,58
P04201,A17995,60
P04201,A17996,61
P04201,A17997,62
P04201,A17998,63
P04201,A17999,65
P04201,A18000,66
P04201,A18001,67
P04201,A18002,68
P04201,A18003,69
P04201,A18004,71
P04201,A18005,72
P04201,A18006,73
P04201,A18007,74
P04201,A18008,76
P04201,A18009,78
P04201,A18010,79
P04201,A18011,80
P04201,A18012,81
P04201,A18013,83
P04201,A18014,84
P04201,A18015,86
P04201,A18016,89
P04201,A18017,91
P04201,A18018,93
P04201,A18019,94
P04201,A18020,96
P04201,A18021,98
P04201,A18022,100
P04201,A18023,101
P04201,A18024,102
P04201,A18025,103
P04201,A18026,104
P04201,A18027,105
P04201,A18028,107
P04201,A18029,109
P04201,A18030,111
P04201,A18031,112
P04201,A18032,113
P04201,A18033,114
P04201,A18034,115
P04201,A18035,116
P04201,A18036,117
P04201,A18037,118
P04201,A18038,119
P04201,A18039,120
P04201,A18040,121
P04201,A18041,123
P04201,A18042,126
P04201,A18043,127
P04201,A18044,128
P04201,A18045,129
P04201,A18046,130
P04201,A18047,131
P04201,A18048,132
P04201,A18049,133
P04201,A18050,135
P04201,A18051,138
P04202,A05465,22
P04202,A07715,7
P04202,A13011,11
P04202,A13012,10
P04202,A13015,15
P04202,A13023,20
P04202,A13024,5
P04202,A13025,6
P04202,A13026,13
P04202,A13027,12
P04202,A13028,9
P04202,A13029,25
P04202,A13030,24
P04202,A13031,2
P04202,A13514,16
P04202,A13582,8
P04202,A13585,23
P04202,A13586,14
P04202,A13595,4
P04202,A13602,1
P04202,A13605,3
P04202,A17979,21
P04202,A17997,17
P04202,A18010,18
P04202,A18018,19
P04203,A05465,137
P04203,A07711,85
P04203,A07715,5
P04203,A08140,108
P04203,A09142,79
P04203,A12041,38
P04203,A12050,103
P04203,A13011,10
P04203,A13012,9
P04203,A13015,19
P04203,A13019,56
P04203,A13022,23
P04203,A13023,122
P04203,A13024,2
P04203,A13025,1
P04203,A13026,12
P04203,A13027,11
P04203,A13028,8
P04203,A13029,6
P04203,A13030,7
P04203,A13031,3
P04203,A13342,132
P04203,A13514,35
P04203,A13576,121
P04203,A13577,51
P04203,A13579,26
P04203,A13580,61
P04203,A13581,74
P04203,A13583,44
P04203,A13584,13
P04203,A13585,15
P04203,A13586,16
P04203,A13587,17
P04203,A13588,18
P04203,A13589,20
P04203,A13591,22
P04203,A13592,24
P04203,A13593,25
P04203,A13594,27
P04203,A13595,28
P04203,A13596,29
P04203,A13597,30
P04203,A13598,31
P04203,A13599,32
P04203,A13600,33
P04203,A13601,34
P04203,A13602,36
P04203,A13603,37
P04203,A13604,39
P04203,A13605,40
P04203,A13606,41
P04203,A13608,42
P04203,A13609,43
P04203,A14343,125
P04203,A14733,68
P04203,A15073,76
P04203,A15185,86
P04203,A15198,88
P04203,A15219,90
P04203,A16704,96
P04203,A17886,4
P04203,A17893,14
P04203,A17975,94
P04203,A17979,124
P04203,A17980,110
P04203,A17981,48
P04203,A17982,98
P04203,A17983,106
P04203,A17984,138
P04203,A17986,133
P04203,A17987,65
P04203,A17988,45
P04203,A17989,47
P04203,A17990,49
P04203,A17991,50
P04203,A17992,53
P04203,A17993,54
P04203,A17994,55
P04203,A17995,57
P04203,A17996,58
P04203,A17997,59
P04203,A17998,60
P04203,A17999,62
P04203,A18000,63
P04203,A18001,64
P04203,A18002,66
P04203,A18003,67
P04203,A18004,69
P04203,A18005,70
P04203,A18006,71
P04203,A18007,72
P04203,A18008,75
P04203,A18009,77
P04203,A18010,78
P04203,A18011,80
P04203,A18012,81
P04203,A18013,82
P04203,A18014,83
P04203,A18015,84
P04203,A18016,87
P04203,A18017,89
P04203,A18018,91
P04203,A18020,95
P04203,A18021,97
P04203,A18022,99
P04203,A18023,100
P04203,A18024,101
P04203,A18025,102
P04203,A18026,104
P04203,A18027,105
P04203,A18028,107
P04203,A18029,109
P04203,A18030,111
P04203,A18031,112
P04203,A18032,113
P04203,A18033,114
P04203,A18034,115
P04203,A18035,116
P04203,A18036,117
P04203,A18038,118
P04203,A18039,119
P04203,A18040,120
P04203,A18041,123
P04203,A18042,126
P04203,A18043,127
P04203,A18044,128
P04203,A18045,129
P04203,A18046,130
P04203,A18047,131
P04203,A18048,134
P04203,A18049,135
P04203,A18050,136
P04203,A18051,139
P04203,A18052,21
P04203,A18053,46
P04203,A18054,52
P04203,A18055,73
P04203,A18056,92
P04203,A18057,93
P04204,A05465,136
P04204,A07655,134
P04204,A07715,27
P04204,A09142,79
P04204,A09863,53
P04204,A12041,41
P04204,A12050,102
P04204,A13011,8
P04204,A13012,9
P04204,A13015,16
P04204,A13019,57
P04204,A13022,17
P04204,A13023,120
P04204,A13024,4
P04204,A13025,5
P04204,A13026,6
P04204,A13027,7
P04204,A13028,10
P04204,A13029,3
P04204,A13030,2
P04204,A13031,1
P04204,A13342,130
P04204,A13514,19
P04204,A13576,119
P04204,A13577,52
P04204,A13579,34
P04204,A13580,62
P04204,A13581,74
P04204,A13583,45
P04204,A13584,22
P04204,A13585,24
P04204,A13586,25
P04204,A13587,26
P04204,A13588,28
P04204,A13589,29
P04204,A13590,30
P04204,A13591,31
P04204,A13592,32
P04204,A13593,33
P04204,A13594,35
P04204,A13595,12
P04204,A13596,36
P04204,A13597,37
P04204,A13598,38
P04204,A13599,18
P04204,A13600,39
P04204,A13601,40
P04204,A13602,13
P04204,A13603,20
P04204,A13604,42
P04204,A13605,11
P04204,A13606,43
P04204,A13607,44
P04204,A13608,21
P04204,A13609,15
P04204,A14343,123
P04204,A14733,69
P04204,A15073,76
P04204,A15185,85
P04204,A15198,87
P04204,A15219,89
P04204,A16704,95
P04204,A17886,14
P04204,A17893,23
P04204,A17975,93
P04204,A17979,122
P04204,A17980,108
P04204,A17981,49
P04204,A17982,97
P04204,A17983,105
P04204,A17984,137
P04204,A17986,131
P04204,A17987,66
P04204,A17988,46
P04204,A17989,48
P04204,A17990,50
P04204,A17991,51
P04204,A17992,54
P04204,A17993,55
P04204,A17994,56
P04204,A17995,58
P04204,A17996,59
P04204,A17997,60
P04204,A17998,61
P04204,A17999,63
P04204,A18000,64
P04204,A18001,65
P04204,A18002,67
P04204,A18003,68
P04204,A18004,70
P04204,A18005,71
P04204,A18006,72
P04204,A18007,73
P04204,A18008,75
P04204,A18009,77
P04204,A18010,78
P04204,A18011,80
P04204,A18012,81
P04204,A18013,82
P04204,A18014,83
P04204,A18015,84
P04204,A18016,86
P04204,A18017,88
P04204,A18018,90
P04204,A18020,94
P04204,A18021,96
P04204,A18022,98
P04204,A18023,99
P04204,A18024,100
P04204,A18025,101
P04204,A18026,103
P04204,A18027,104
P04204,A18028,106
P04204,A18029,107
P04204,A18030,109
P04204,A18031,110
P04204,A18032,111
P04204,A18033,112
P04204,A18034,113
P04204,A18035,114
P04204,A18036,115
P04204,A18038,116
P04204,A18039,117
P04204,A18040,118
P04204,A18041,121
P04204,A18042,124
P04204,A18043,125
P04204,A18044,126
P04204,A18045,127
P04204,A18046,128
P04204,A18047,129
P04204,A18048,132
P04204,A18049,133
P04204,A18050,135
P04204,A18051,138
P04204,A18053,47
P04204,A18056,91
P04204,A18057,92
P04205,A13011,1
P04205,A13012,4
P04205,A13024,6
P04205,A13025,5
P04205,A13026,14
P04205,A13027,13
P04205,A13028,15
P04205,A13029,2
P04205,A13030,7
P04205,A13031,8
P04205,A13579,3
P04205,A17997,10
P04205,A18000,11
P04205,A18018,9
P04205,A18032,12
P04206,A00374,6
P04206,A03204,3
P04206,A04658,17
P04206,A04659,4
P04206,A10755,7
P04206,A13869,14
P04206,A17485,10
P04206,A17552,34
P04206,A17554,2
P04206,A17556,1
P04206,A17557,24
P04206,A17560,33
P04206,A17958,16
P04206,A17959,15
P04206,A17961,20
P04206,A17963,21
P04206,A17968,13
P04206,A17970,31
P04206,A17971,30
P04206,A18058,5
P04206,A18059,8
P04206,A18060,9
P04206,A18061,11
P04206,A18062,12
P04206,A18063,18
P04206,A18064,19
P04206,A18065,22
P04206,A18066,23
P04206,A18067,25
P04206,A18068,26
P04206,A18069,27
P04206,A18070,28
P04206,A18071,29
P04206,A18072,32
P04207,A05465,140
P04207,A07655,46
P04207,A07711,88
P04207,A07715,18
P04207,A08140,111
P04207,A09142,82
P04207,A09863,55
P04207,A12041,38
P04207,A12050,106
P04207,A13011,10
P04207,A13012,5
P04207,A13015,11
P04207,A13019,59
P04207,A13022,23
P04207,A13023,125
P04207,A13024,7
P04207,A13025,6
P04207,A13026,8
P04207,A13027,4
P04207,A13028,9
P04207,A13029,3
P04207,A13030,1
P04207,A13031,2
P04207,A13342,135
P04207,A13514,35
P04207,A13576,124
P04207,A13577,54
P04207,A13579,26
P04207,A13580,64
P04207,A13581,77
P04207,A13583,45
P04207,A13584,13
P04207,A13585,15
P04207,A13586,16
P04207,A13587,17
P04207,A13588,19
P04207,A13589,20
P04207,A13590,21
P04207,A13591,22
P04207,A13592,24
P04207,A13593,25
P04207,A13594,27
P04207,A13595,28
P04207,A13596,29
P04207,A13597,30
P04207,A13598,31
P04207,A13599,32
P04207,A13600,33
P04207,A13601,34
P04207,A13602,36
P04207,A13603,37
P04207,A13604,39
P04207,A13605,40
P04207,A13606,41
P04207,A13607,42
P04207,A13608,12
P04207,A13609,44
P04207,A14343,128
P04207,A15073,79
P04207,A15185,89
P04207,A15198,91
P04207,A15219,93
P04207,A16704,99
P04207,A17886,43
P04207,A17893,14
P04207,A17975,97
P04207,A17979,127
P04207,A17980,113
P04207,A17981,51
P04207,A17982,101
P04207,A17983,109
P04207,A17984,141
P04207,A17986,136
P04207,A17987,68
P04207,A17988,48
P04207,A17989,50
P04207,A17990,52
P04207,A17991,53
P04207,A17992,56
P04207,A17993,57
P04207,A17994,58
P04207,A17995,60
P04207,A17996,61
P04207,A17997,62
P04207,A17998,63
P04207,A17999,65
P04207,A18000,66
P04207,A18001,67
P04207,A18002,69
P04207,A18003,70
P04207,A18004,72
P04207,A18005,73
P04207,A18006,74
P04207,A18007,75
P04207,A18008,78
P04207,A18009,80
P04207,A18010,81
P04207,A18011,83
P04207,A18012,84
P04207,A18013,85
P04207,A18014,86
P04207,A18015,87
P04207,A18016,90
P04207,A18017,92
P04207,A18018,94
P04207,A18020,98
P04207,A18021,100
P04207,A18022,102
P04207,A18023,103
P04207,A18024,104
P04207,A18025,105
P04207,A18026,107
P04207,A18027,108
P04207,A18028,110
P04207,A18029,112
P04207,A18030,114
P04207,A18031,115
P04207,A18032,116
P04207,A18033,117
P04207,A18034,118
P04207,A18035,119
P04207,A18036,120
P04207,A18038,121
P04207,A18039,122
P04207,A18040,123
P04207,A18041,126
P04207,A18042,129
P04207,A18043,130
P04207,A18044,131
P04207,A18045,132
P04207,A18046,133
P04207,A18047,134
P04207,A18048,137
P04207,A18049,138
P04207,A18050,139
P04207,A18051,142
P04207,A18053,49
P04207,A18055,76
P04207,A18056,95
P04207,A18057,96
P04207,A18073,47
P04207,A18074,71
P04208,A12031,15
P04208,A12854,27
P04208,A12869,5
P04208,A12897,14
P04208,A13128,21
P04208,A13130,26
P04208,A13134,18
P04208,A13167,28
P04208,A13189,3
P04208,A13915,4
P04208,A13916,11
P04208,A13917,12
P04208,A13918,25
P04208,A13919,16
P04208,A13920,17
P04208,A13922,19
P04208,A13924,22
P04208,A13925,23
P04208,A13926,1
P04208,A13927,6
P04208,A13932,7
P04208,A13941,13
P04208,A13963,20
P04208,A14258,24
P04208,A18075,2
P04208,A18076,8
P04208,A18077,9
P04208,A18078,10
P04209,A10092,24
P04209,A12031,12
P04209,A12852,11
P04209,A12854,37
P04209,A12869,13
P04209,A12897,26
P04209,A13128,33
P04209,A13130,36
P04209,A13134,19
P04209,A13154,21
P04209,A13167,22
P04209,A13189,2
P04209,A13915,3
P04209,A13916,5
P04209,A13917,10
P04209,A13919,15
P04209,A13922,28
P04209,A13923,32
P04209,A13925,35
P04209,A13926,6
P04209,A13927,14
P04209,A13928,25
P04209,A13932,39
P04209,A13941,16
P04209,A13946,18
P04209,A13948,20
P04209,A13952,23
P04209,A13954,7
P04209,A13956,27
P04209,A13962,31
P04209,A13969,8
P04209,A14258,1
P04209,A14266,38
P04209,A17564,4
P04209,A18079,9
P04209,A18080,17
P04209,A18081,29
P04209,A18082,30
P04209,A18083,34
P04210,A05285,2
P04210,A18084,1
P04210,A18085,3
P04210,A18086,4
P04210,A18087,5
P04210,A18088,6
P04210,A18089,7
P04211,A00795,8
P04211,A01751,7
P04211,A03471,6
P04211,A04581,5
P04211,A07667,2
P04211,A10425,4
P04211,A18090,1
P04211,A18091,3
P04212,A00562,5
P04212,A02656,2
P04212,A07993,3
P04212,A08472,4
P04212,A18092,1
P04213,A00570,3
P04213,A00723,2
P04213,A00952,6
P04213,A01752,7
P04213,A04299,5
P04213,A09656,4
P04213,A16848,1
P04214,A00511,3
P04214,A12967,1
P04214,A12968,2
P04214,A16640,4
P04214,A16641,5
P04215,A00448,5
P04215,A00843,3
P04215,A00871,2
P04215,A01317,4
P04215,A18093,1
P04216,A18094,1
P04216,A18095,2
P04216,A18096,3
P04216,A18097,4
P04216,A18098,5
P04216,A18099,6
P04216,A18100,7
P04216,A18101,8
P04216,A18102,9
P04217,A08132,5
P04217,A15240,28
P04217,A15977,20
P04217,A16349,13
P04217,A16773,9
P04217,A16774,11
P04217,A16775,2
P04217,A16778,10
P04217,A16782,12
P04217,A16787,1
P04217,A16788,3
P04217,A16790,23
P04217,A16791,22
P04217,A16797,17
P04217,A16803,31
P04217,A17155,4
P04217,A17419,30
P04217,A18103,6
P04217,A18104,7
P04217,A18105,8
P04217,A18106,14
P04217,A18107,15
P04217,A18108,16
P04217,A18109,18
P04217,A18110,19
P04217,A18111,21
P04217,A18112,24
P04217,A18113,25
P04217,A18114,26
P04217,A18115,27
P04217,A18116,29
P04217,A18117,32
P04218,A01649,5
P04218,A02240,4
P04218,A03795,2
P04218,A04924,3
P04218,A14564,1
P04219,A16504,5
P04219,A18118,1
P04219,A18119,2
P04219,A18120,3
P04219,A18121,4
P04219,A18122,6
P04219,A18123,7
P04219,A18124,8
P04220,A08540,8
P04220,A12273,5
P04220,A18125,1
P04220,A18126,2
P04220,A18127,3
P04220,A18128,4
P04220,A18129,6
P04220,A18130,7
P04220,A18131,9
P04220,A18132,10
P04221,A03415,4
P04221,A07544,6
P04221,A10963,2
P04221,A11527,3
P04221,A18133,1
P04221,A18134,5
P04222,A05341,3
P04222,A09528,2
P04222,A18135,1
P04222,A18136,4
P04223,A10099,13
P04223,A16385,7
P04223,A18137,1
P04223,A18138,2
P04223,A18139,3
P04223,A18140,4
P04223,A18141,5
P04223,A18142,6
P04223,A18143,8
P04223,A18144,9
P04223,A18145,10
P04223,A18146,11
P04223,A18147,12
P04223,A18148,14
P04223,A18149,15
P04224,A12365,2
P04224,A13887,5
P04224,A14236,4
P04224,A18150,1
P04224,A18151,3
P04224,A18152,6
P04225,A04795,7
P04225,A09158,13
P04225,A10585,3
P04225,A10917,6
P04225,A11021,14
P04225,A18153,1
P04225,A18154,2
P04225,A18155,4
P04225,A18156,5
P04225,A18157,8
P04225,A18158,9
P04225,A18159,10
P04225,A18160,11
P04225,A18161,12
P04226,A11916,1
P04226,A11917,6
P04226,A11918,3
P04226,A12633,2
P04226,A13858,5
P04226,A13859,8
P04226,A13860,4
P04226,A18162,7
P04227,A00018,2
P04227,A18163,1
P04228,A00614,2
P04228,A01233,1
P04229,A00797,3
P04229,A01415,4
P04229,A01416,2
P04229,A03525,7
P04229,A04360,6
P04229,A05060,5
P04229,A18164,1
P04230,A00668,2
P04230,A00723,4
P04230,A01183,6
P04230,A01499,3
P04230,A08500,1
P04230,A18165,5
P04230,A18166,7
P04230,A18167,8
P04231,A01529,5
P04231,A02284,3
P04231,A02804,4
P04231,A02870,2
P04231,A18168,1
P04232,A01678,3
P04232,A02600,2
P04232,A02601,5
P04232,A06951,1
P04232,A10164,4
P04233,A05543,11
P04233,A09366,19
P04233,A09367,7
P04233,A10249,23
P04233,A11433,21
P04233,A16829,8
P04233,A16830,10
P04233,A16831,13
P04233,A18169,1
P04233,A18170,2
P04233,A18171,3
P04233,A18172,4
P04233,A18173,5
P04233,A18174,6
P04233,A18175,9
P04233,A18176,12
P04233,A18177,14
P04233,A18178,15
P04233,A18179,16
P04233,A18180,17
P04233,A18181,18
P04233,A18182,20
P04233,A18183,22
P04233,A18184,24
P04234,A00995,6
P04234,A01233,2
P04234,A01678,4
P04234,A02600,8
P04234,A02721,7
P04234,A03930,5
P04234,A05296,1
P04234,A06951,3
P04234,A10164,9
P04234,A11108,11
P04234,A18185,10
P04235,A01383,5
P04235,A01421,6
P04235,A03044,3
P04235,A05290,4
P04235,A07808,1
P04235,A11016,2
P04236,A00506,1
P04236,A07883,2
P04236,A18186,3
P04237,A18187,1
P04237,A18188,2
P04237,A18189,3
P04237,A18190,4
P04237,A18191,5
P04237,A18192,6
P04237,A18193,7
P04237,A18194,8
P04238,A03402,2
P04238,A05123,4
P04238,A18195,1
P04238,A18196,3
P04238,A18197,5
P04238,A18198,6
P04238,A18199,7
P04238,A18200,8
P04239,A00272,2
P04239,A07438,1
P04240,A13861,3
P04240,A13864,5
P04240,A13869,4
P04240,A18201,1
P04240,A18202,2
P04241,A02300,2
P04241,A02759,3
P04241,A05074,4
P04241,A05080,7
P04241,A17894,1
P04241,A18203,5
P04241,A18204,6
P04242,A00221,3
P04242,A01028,2
P04242,A10035,1
P04242,A18205,4
P04243,A05000,3
P04243,A18206,1
P04243,A18207,2
P04243,A18208,4
P04243,A18209,5
P04243,A18210,6
P04243,A18211,7
P04243,A18212,8
P04243,A18213,9
P04244,A06804,21
P04244,A12016,19
P04244,A12050,18
P04244,A12056,1
P04244,A12059,15
P04244,A12701,16
P04244,A14601,6
P04244,A14602,10
P04244,A14603,9
P04244,A14604,5
P04244,A14608,3
P04244,A14609,4
P04244,A15125,22
P04244,A15184,17
P04244,A15457,8
P04244,A15781,23
P04244,A15834,20
P04244,A18214,2
P04244,A18215,7
P04244,A18216,11
P04244,A18217,12
P04244,A18218,13
P04244,A18219,14
P04245,A01124,2
P04245,A01837,5
P04245,A11341,3
P04245,A14582,7
P04245,A14585,6
P04245,A17457,4
P04245,A18220,1
P04246,A03586,7
P04246,A13892,18
P04246,A13910,9
P04246,A13911,6
P04246,A18221,1
P04246,A18222,2
P04246,A18223,3
P04246,A18224,4
P04246,A18225,5
P04246,A18226,8
P04246,A18227,10
P04246,A18228,11
P04246,A18229,12
P04246,A18230,13
P04246,A18231,14
P04246,A18232,15
P04246,A18233,16
P04246,A18234,17
P04246,A18235,19
P04246,A18236,20
P04246,A18237,21
P04246,A18238,22
P04246,A18239,23
P04246,A18240,24
P04246,A18241,25
P04246,A18242,26
P04246,A18243,27
P04246,A18244,28
P04246,A18245,29
P04246,A18246,30
P04246,A18247,31
P04246,A18248,32
P04246,A18249,33
P04246,A18250,34
P04246,A18251,35
P04246,A18252,36
P04246,A18253,37
P04246,A18254,38
P04246,A18255,39
P04247,A01425,1
P04247,A03884,3
P04247,A13836,4
P04247,A18256,2
P04247,A18257,5
P04247,A18258,6
P04248,A00494,13
P04248,A00605,1
P04248,A00723,11
P04248,A01477,9
P04248,A02146,4
P04248,A02464,5
P04248,A02600,6
P04248,A03527,7
P04248,A05529,12
P04248,A07744,8
P04248,A08475,10
P04248,A18259,2
P04248,A18260,3
P04249,A02656,3
P04249,A03421,7
P04249,A03432,8
P04249,A08472,5
P04249,A10772,4
P04249,A11454,1
P04249,A12392,2
P04249,A12398,6
P04250,A02580,3
P04250,A03371,2
P04250,A04310,5
P04250,A11670,4
P04250,A11882,1
P04250,A17871,6
P04251,A18261,1
P04251,A18262,2
P04251,A18263,3
P04251,A18264,4
P04251,A18265,5
P04251,A18266,6
P04251,A18267,7
P04251,A18268,8
P04251,A18269,9
P04251,A18270,10
P04252,A02682,11
P04252,A11841,35
P04252,A18250,14
P04252,A18271,1
P04252,A18272,2
P04252,A18273,3
P04252,A18274,4
P04252,A18275,5
P04252,A18276,6
P04252,A18277,7
P04252,A18278,8
P04252,A18279,9
P04252,A18280,10
P04252,A18281,12
P04252,A18282,13
P04252,A18283,15
P04252,A18284,16
P04252,A18285,17
P04252,A18286,18
P04252,A18287,19
P04252,A18288,20
P04252,A18289,21
P04252,A18290,22
P04252,A18291,23
P04252,A18292,24
P04252,A18293,25
P04252,A18294,26
P04252,A18295,27
P04252,A18296,28
P04252,A18297,29
P04252,A18298,30
P04252,A18299,31
P04252,A18300,32
P04252,A18301,33
P04252,A18302,34
P04252,A18303,36
P04252,A18304,37
P04253,A11864,1
P04253,A18305,2
P04254,A00614,5
P04254,A00715,2
P04254,A01307,3
P04254,A03162,4
P04254,A18306,1
P04255,A00614,7
P04255,A00843,8
P04255,A00892,6
P04255,A02600,2
P04255,A02721,3
P04255,A02885,1
P04255,A03044,5
P04255,A03671,4
P04256,A16207,1
P04256,A16221,2
P04257,A04256,34
P04257,A13904,21
P04257,A13912,30
P04257,A17018,13
P04257,A17045,8
P04257,A17743,4
P04257,A17744,16
P04257,A17745,22
P04257,A17746,17
P04257,A17747,20
P04257,A17749,6
P04257,A17750,2
P04257,A17751,11
P04257,A17753,1
P04257,A17754,18
P04257,A17755,19
P04257,A17756,23
P04257,A17759,33
P04257,A17760,32
P04257,A17761,7
P04257,A17763,9
P04257,A17764,14
P04257,A17766,3
P04257,A17767,24
P04257,A17768,25
P04257,A17769,5
P04257,A17776,35
P04257,A18307,10
P04257,A18308,12
P04257,A18309,15
P04257,A18310,26
P04257,A18311,27
P04257,A18312,28
P04257,A18313,29
P04257,A18314,31
P04258,A00066,8
P04258,A01510,3
P04258,A02125,2
P04258,A02732,5
P04258,A04045,4
P04258,A04708,6
P04258,A06796,9
P04258,A06798,7
P04258,A17683,1
P04259,A11798,5
P04259,A12703,4
P04259,A13145,2
P04259,A13179,1
P04259,A18315,3
P04259,A18316,6
P04259,A18317,7
P04259,A18318,8
P04259,A18319,9
P04259,A18320,10
P04259,A18321,11
P04260,A14233,3
P04260,A14627,1
P04260,A14628,2
P04260,A14630,5
P04260,A14631,6
P04260,A18322,4
P04261,A07815,1
P04261,A07816,2
P04261,A07817,6
P04261,A07818,3
P04261,A07821,4
P04261,A07822,7
P04261,A17515,8
P04261,A17516,11
P04261,A17517,9
P04261,A17518,10
P04261,A18323,5
P04262,A01287,5
P04262,A02297,2
P04262,A03291,3
P04262,A04577,4
P04262,A04755,1
P04263,A04656,3
P04263,A05137,1
P04263,A14041,5
P04263,A18324,2
P04263,A18325,4
P04264,A04021,4
P04264,A04792,2
P04264,A06785,3
P04264,A12245,1
P04264,A18326,5
P04265,A00431,5
P04265,A01750,4
P04265,A04401,3
P04265,A18327,1
P04265,A18328,2
P04266,A08103,28
P04266,A12617,12
P04266,A12631,29
P04266,A12897,21
P04266,A12905,20
P04266,A13121,9
P04266,A13122,15
P04266,A13124,5
P04266,A13125,4
P04266,A13126,26
P04266,A13128,27
P04266,A13132,30
P04266,A13144,10
P04266,A13154,18
P04266,A13162,2
P04266,A13165,8
P04266,A13168,19
P04266,A13181,14
P04266,A13183,24
P04266,A14625,25
P04266,A16391,16
P04266,A17515,13
P04266,A17862,11
P04266,A18329,1
P04266,A18330,3
P04266,A18331,6
P04266,A18332,7
P04266,A18333,17
P04266,A18334,22
P04266,A18335,23
P04267,A00570,6
P04267,A00805,7
P04267,A02600,2
P04267,A03292,4
P04267,A08608,5
P04267,A18336,1
P04267,A18337,3
P04268,A06855,4
P04268,A07206,3
P04268,A07208,5
P04268,A13449,2
P04268,A13527,6
P04268,A18338,1
P04268,A18339,7
P04268,A18340,8
P04269,A00612,4
P04269,A02084,2
P04269,A04471,1
P04269,A10229,3
P04270,A04104,2
P04270,A04877,19
P04270,A14002,17
P04270,A14003,4
P04270,A14004,26
P04270,A14005,1
P04270,A14006,28
P04270,A14007,9
P04270,A14011,8
P04270,A14012,5
P04270,A14013,10
P04270,A14014,11
P04270,A14015,12
P04270,A14016,13
P04270,A14017,14
P04270,A14018,15
P04270,A14019,18
P04270,A14020,20
P04270,A14021,21
P04270,A14022,22
P04270,A14023,25
P04270,A18341,3
P04270,A18342,6
P04270,A18343,7
P04270,A18344,16
P04270,A18345,23
P04270,A18346,24
P04270,A18347,27
P04270,A18348,29
P04271,A04147,3
P04271,A04584,2
P04271,A18349,1
P04271,A18350,4
P04272,A08384,7
P04272,A15539,1
P04272,A18064,4
P04272,A18224,8
P04272,A18351,2
P04272,A18352,3
P04272,A18353,5
P04272,A18354,6
P04272,A18355,9
P04272,A18356,10
P04272,A18357,11
P04272,A18358,12
P04273,A00824,8
P04273,A07623,1
P04273,A07779,6
P04273,A12197,7
P04273,A12967,3
P04273,A18359,2
P04273,A18360,4
P04273,A18361,5
P04274,A04670,1
P04274,A12859,5
P04274,A17033,3
P04274,A17034,4
P04274,A18362,2
P04275,A09793,25
P04275,A11789,21
P04275,A11811,45
P04275,A12015,12
P04275,A12018,30
P04275,A12052,6
P04275,A12622,27
P04275,A12623,29
P04275,A12624,23
P04275,A12625,36
P04275,A12626,40
P04275,A12627,46
P04275,A12631,4
P04275,A12632,24
P04275,A12642,28
P04275,A12651,42
P04275,A13130,11
P04275,A13195,33
P04275,A13979,13
P04275,A13985,7
P04275,A13988,2
P04275,A14259,19
P04275,A14790,16
P04275,A14827,18
P04275,A15654,44
P04275,A15828,20
P04275,A16349,22
P04275,A16350,15
P04275,A16352,35
P04275,A16354,3
P04275,A16390,31
P04275,A17520,43
P04275,A17521,9
P04275,A17690,26
P04275,A17691,41
P04275,A17692,10
P04275,A18218,1
P04275,A18363,5
P04275,A18364,8
P04275,A18365,14
P04275,A18366,17
P04275,A18367,32
P04275,A18368,34
P04275,A18369,37
P04275,A18370,38
P04275,A18371,39
P04276,A11600,10
P04276,A18372,1
P04276,A18373,2
P04276,A18374,3
P04276,A18375,4
P04276,A18376,5
P04276,A18377,6
P04276,A18378,7
P04276,A18379,8
P04276,A18380,9
P04276,A18381,11
P04276,A18382,12
P04276,A18383,13
P04277,A00562,3
P04277,A02243,2
P04277,A02846,1
P04278,A00066,1
P04279,A06971,10
P04279,A07157,13
P04279,A07158,14
P04279,A07160,15
P04279,A08081,6
P04279,A08083,17
P04279,A13332,1
P04279,A13333,5
P04279,A13334,4
P04279,A13335,3
P04279,A13336,16
P04279,A13337,12
P04279,A18384,2
P04279,A18385,7
P04279,A18386,8
P04279,A18387,9
P04279,A18388,11
P04280,A18389,1
P04280,A18390,2
P04281,A08190,4
P04281,A08193,5
P04281,A12874,3
P04281,A17012,1
P04281,A17014,2
P04281,A18391,6
P04282,A00511,3
P04282,A00950,4
P04282,A01649,6
P04282,A02308,5
P04282,A07779,2
P04282,A12197,1
P04283,A15463,1
P04283,A18392,2
P04283,A18393,3
P04283,A18394,4
P04283,A18395,5
P04283,A18396,6
P04283,A18397,7
P04283,A18398,8
P04283,A18399,9
P04283,A18400,10
P04283,A18401,11
P04283,A18402,12
P04283,A18403,13
P04283,A18404,14
P04283,A18405,15
P04283,A18406,16
P04283,A18407,17
P04283,A18408,18
P04284,A12638,8
P04284,A13025,7
P04284,A13350,22
P04284,A13699,19
P04284,A14267,14
P04284,A14268,18
P04284,A14270,4
P04284,A14271,15
P04284,A14272,16
P04284,A14276,10
P04284,A14277,11
P04284,A14278,3
P04284,A14279,12
P04284,A14281,13
P04284,A14284,17
P04284,A14288,23
P04284,A14291,1
P04284,A14293,24
P04284,A14294,6
P04284,A14321,9
P04284,A14327,5
P04284,A14343,2
P04284,A18409,20
P04284,A18410,21
P04285,A11789,16
P04285,A11931,38
P04285,A12018,24
P04285,A12047,11
P04285,A12052,9
P04285,A12624,19
P04285,A12625,29
P04285,A12631,36
P04285,A12632,20
P04285,A12642,21
P04285,A12900,34
P04285,A13127,32
P04285,A13130,37
P04285,A13195,3
P04285,A13978,31
P04285,A13979,8
P04285,A13985,25
P04285,A13988,10
P04285,A14259,15
P04285,A14790,2
P04285,A15457,33
P04285,A15531,12
P04285,A15654,1
P04285,A15800,6
P04285,A16349,17
P04285,A16350,18
P04285,A16352,5
P04285,A16390,7
P04285,A17691,35
P04285,A17729,23
P04285,A17736,30
P04285,A18218,4
P04285,A18363,28
P04285,A18366,14
P04285,A18367,27
P04285,A18411,13
P04285,A18412,22
P04285,A18413,26
P04286,A04670,5
P04286,A05336,12
P04286,A12859,2
P04286,A17016,7
P04286,A17017,6
P04286,A17018,4
P04286,A17019,13
P04286,A17020,14
P04286,A17024,16
P04286,A17025,17
P04286,A17031,24
P04286,A17032,19
P04286,A17033,1
P04286,A17034,9
P04286,A17040,11
P04286,A17041,23
P04286,A17043,22
P04286,A17045,10
P04286,A17046,25
P04286,A17047,26
P04286,A17048,27
P04286,A17051,28
P04286,A17053,29
P04286,A17054,30
P04286,A17059,31
P04286,A17063,32
P04286,A18414,3
P04286,A18415,8
P04286,A18416,15
P04286,A18417,18
P04286,A18418,20
P04286,A18419,21
P04286,A18420,33
P04287,A13874,2
P04287,A17150,1
P04288,A00562,4
P04288,A00972,11
P04288,A02543,14
P04288,A02544,5
P04288,A02773,9
P04288,A03408,1
P04288,A03419,12
P04288,A04721,8
P04288,A05193,6
P04288,A07185,7
P04288,A09845,16
P04288,A10157,17
P04288,A10861,18
P04288,A10862,2
P04288,A11669,3
P04288,A14027,15
P04288,A18421,10
P04288,A18422,13
P04289,A07469,6
P04289,A07475,2
P04289,A12965,28
P04289,A13360,30
P04289,A13640,24
P04289,A13888,37
P04289,A16506,29
P04289,A18423,1
P04289,A18424,3
P04289,A18425,4
P04289,A18426,5
P04289,A18427,7
P04289,A18428,8
P04289,A18429,9
P04289,A18430,10
P04289,A18431,11
P04289,A18432,12
P04289,A18433,13
P04289,A18434,14
P04289,A18435,15
P04289,A18436,16
P04289,A18437,17
P04289,A18438,18
P04289,A18439,19
P04289,A18440,20
P04289,A18441,21
P04289,A18442,22
P04289,A18443,23
P04289,A18444,25
P04289,A18445,26
P04289,A18446,27
P04289,A18447,31
P04289,A18448,32
P04289,A18449,33
P04289,A18450,34
P04289,A18451,35
P04289,A18452,36
P04290,A14755,4
P04290,A14756,6
P04290,A14757,3
P04290,A14758,7
P04290,A14760,5
P04290,A14761,1
P04290,A14762,2
P04290,A14763,14
P04290,A14764,16
P04290,A14765,23
P04290,A18453,8
P04290,A18454,9
P04290,A18455,10
P04290,A18456,11
P04290,A18457,12
P04290,A18458,13
P04290,A18459,15
P04290,A18460,17
P04290,A18461,18
P04290,A18462,19
P04290,A18463,20
P04290,A18464,21
P04290,A18465,22
P04290,A18466,24
P04291,A16653,11
P04291,A18467,1
P04291,A18468,2
P04291,A18469,3
P04291,A18470,4
P04291,A18471,5
P04291,A18472,6
P04291,A18473,7
P04291,A18474,8
P04291,A18475,9
P04291,A18476,10
P04291,A18477,12
P04291,A18478,13
P04291,A18479,14
P04292,A03744,6
P04292,A05012,3
P04292,A07884,5
P04292,A11203,4
P04292,A16761,2
P04292,A18480,1
P04293,A06804,9
P04293,A06829,3
P04293,A07212,1
P04293,A07221,7
P04293,A07652,14
P04293,A13504,10
P04293,A18481,2
P04293,A18482,4
P04293,A18483,5
P04293,A18484,6
P04293,A18485,8
P04293,A18486,11
P04293,A18487,12
P04293,A18488,13
P04293,A18489,15
P04293,A18490,16
P04294,A06803,6
P04294,A06804,3
P04294,A06805,1
P04294,A06806,11
P04294,A06807,5
P04294,A06829,7
P04294,A06835,12
P04294,A07220,15
P04294,A07264,18
P04294,A13457,8
P04294,A13503,13
P04294,A13515,14
P04294,A18491,2
P04294,A18492,4
P04294,A18493,9
P04294,A18494,10
P04294,A18495,16
P04294,A18496,17
P04295,A07215,75
P04295,A12011,44
P04295,A12013,3
P04295,A12024,18
P04295,A12025,91
P04295,A12056,118
P04295,A12701,10
P04295,A12709,80
P04295,A12718,16
P04295,A12965,53
P04295,A13247,73
P04295,A13253,69
P04295,A13355,84
P04295,A13528,104
P04295,A14060,47
P04295,A14063,60
P04295,A14065,35
P04295,A14066,98
P04295,A14069,20
P04295,A14071,23
P04295,A14151,94
P04295,A14152,96
P04295,A14184,46
P04295,A14604,17
P04295,A14607,113
P04295,A14608,66
P04295,A14906,33
P04295,A15116,48
P04295,A15285,70
P04295,A15306,79
P04295,A15391,89
P04295,A15501,99
P04295,A15537,4
P04295,A15766,7
P04295,A15770,67
P04295,A15771,1
P04295,A15777,8
P04295,A15865,5
P04295,A16071,97
P04295,A16239,110
P04295,A16240,40
P04295,A16296,85
P04295,A16300,119
P04295,A16503,77
P04295,A16504,86
P04295,A16505,49
P04295,A16506,112
P04295,A17420,114
P04295,A17466,95
P04295,A17493,43
P04295,A17494,21
P04295,A17495,27
P04295,A17496,122
P04295,A17511,106
P04295,A17566,61
P04295,A17568,116
P04295,A17805,88
P04295,A18122,72
P04295,A18448,59
P04295,A18497,2
P04295,A18498,6
P04295,A18499,9
P04295,A18500,11
P04295,A18501,12
P04295,A18502,13
P04295,A18503,14
P04295,A18504,15
P04295,A18505,19
P04295,A18506,22
P04295,A18507,24
P04295,A18508,25
P04295,A18509,26
P04295,A18510,28
P04295,A18511,29
P04295,A18512,30
P04295,A18513,31
P04295,A18514,32
P04295,A18515,34
P04295,A18516,36
P04295,A18517,37
P04295,A18518,38
P04295,A18519,39
P04295,A18520,41
P04295,A18521,42
P04295,A18522,45
P04295,A18523,50
P04295,A18524,51
P04295,A18525,52
P04295,A18526,54
P04295,A18527,55
P04295,A18528,56
P04295,A18529,57
P04295,A18530,58
P04295,A18531,62
P04295,A18532,63
P04295,A18533,64
P04295,A18534,65
P04295,A18535,68
P04295,A18536,71
P04295,A18537,74
P04295,A18538,76
P04295,A18539,78
P04295,A18540,81
P04295,A18541,82
P04295,A18542,83
P04295,A18543,87
P04295,A18544,90
P04295,A18545,92
P04295,A18546,93
P04295,A18547,100
P04295,A18548,101
P04295,A18549,102
P04295,A18550,103
P04295,A18551,105
P04295,A18552,107
P04295,A18553,108
P04295,A18554,109
P04295,A18555,111
P04295,A18556,115
P04295,A18557,117
P04295,A18558,120
P04295,A18559,121
P04295,A18560,123
P04296,A07215,81
P04296,A12011,48
P04296,A12013,55
P04296,A12024,92
P04296,A12025,93
P04296,A12056,117
P04296,A12057,18
P04296,A12701,86
P04296,A12709,85
P04296,A12718,7
P04296,A12965,54
P04296,A13247,78
P04296,A13253,73
P04296,A13355,89
P04296,A13528,106
P04296,A14060,50
P04296,A14063,63
P04296,A14065,37
P04296,A14066,102
P04296,A14069,25
P04296,A14071,27
P04296,A14151,97
P04296,A14152,99
P04296,A14184,23
P04296,A14604,67
P04296,A14607,113
P04296,A14608,71
P04296,A14906,35
P04296,A15116,51
P04296,A15285,75
P04296,A15306,84
P04296,A15391,3
P04296,A15770,72
P04296,A15771,101
P04296,A15777,41
P04296,A16071,100
P04296,A16239,12
P04296,A16240,44
P04296,A16296,9
P04296,A16300,119
P04296,A16503,82
P04296,A16504,90
P04296,A16505,24
P04296,A16506,13
P04296,A17416,74
P04296,A17417,10
P04296,A17420,2
P04296,A17421,88
P04296,A17466,98
P04296,A17493,47
P04296,A17494,26
P04296,A17495,30
P04296,A17496,122
P04296,A17511,108
P04296,A17566,65
P04296,A17568,115
P04296,A17805,91
P04296,A18122,77
P04296,A18448,64
P04296,A18497,96
P04296,A18499,43
P04296,A18500,14
P04296,A18503,6
P04296,A18504,5
P04296,A18505,61
P04296,A18507,28
P04296,A18509,29
P04296,A18510,31
P04296,A18511,32
P04296,A18512,33
P04296,A18513,34
P04296,A18515,36
P04296,A18516,38
P04296,A18517,39
P04296,A18518,40
P04296,A18519,42
P04296,A18520,45
P04296,A18521,46
P04296,A18522,49
P04296,A18523,52
P04296,A18524,53
P04296,A18525,22
P04296,A18526,56
P04296,A18527,57
P04296,A18528,58
P04296,A18529,60
P04296,A18530,62
P04296,A18531,66
P04296,A18532,68
P04296,A18533,69
P04296,A18534,70
P04296,A18535,19
P04296,A18537,79
P04296,A18538,80
P04296,A18539,83
P04296,A18540,17
P04296,A18541,87
P04296,A18543,8
P04296,A18544,1
P04296,A18545,94
P04296,A18546,95
P04296,A18547,104
P04296,A18549,105
P04296,A18550,21
P04296,A18551,107
P04296,A18552,109
P04296,A18553,111
P04296,A18554,110
P04296,A18555,112
P04296,A18556,114
P04296,A18557,116
P04296,A18558,120
P04296,A18559,121
P04296,A18560,118
P04296,A18561,4
P04296,A18562,11
P04296,A18563,15
P04296,A18564,16
P04296,A18565,20
P04296,A18566,59
P04296,A18567,76
P04296,A18568,103
P04297,A09791,13
P04297,A11778,35
P04297,A11783,7
P04297,A11793,22
P04297,A11798,8
P04297,A11803,32
P04297,A11925,20
P04297,A12031,14
P04297,A12651,40
P04297,A12703,31
P04297,A12875,16
P04297,A12888,3
P04297,A12902,11
P04297,A13126,37
P04297,A13170,25
P04297,A13856,17
P04297,A13932,9
P04297,A13945,12
P04297,A13978,33
P04297,A13980,1
P04297,A13981,5
P04297,A13982,4
P04297,A13983,10
P04297,A13992,34
P04297,A13993,38
P04297,A15024,6
P04297,A15654,43
P04297,A16394,29
P04297,A16398,41
P04297,A17007,2
P04297,A17727,36
P04297,A17728,15
P04297,A17729,23
P04297,A17730,18
P04297,A17732,24
P04297,A17733,28
P04297,A17734,27
P04297,A17738,30
P04297,A18385,21
P04297,A18569,19
P04297,A18570,26
P04297,A18571,39
P04297,A18572,42
P04298,A04073,130
P04298,A04123,129
P04298,A04888,146
P04298,A07060,98
P04298,A07117,145
P04298,A07118,43
P04298,A07123,74
P04298,A07124,11
P04298,A07583,131
P04298,A07584,67
P04298,A07585,44
P04298,A07586,77
P04298,A07588,128
P04298,A07589,94
P04298,A07591,136
P04298,A07595,133
P04298,A07596,33
P04298,A08059,152
P04298,A09440,30
P04298,A09441,82
P04298,A09442,92
P04298,A09443,111
P04298,A09444,116
P04298,A09445,120
P04298,A09546,137
P04298,A09550,1
P04298,A09560,81
P04298,A09848,6
P04298,A09850,8
P04298,A09852,9
P04298,A09856,16
P04298,A09859,18
P04298,A09861,19
P04298,A09869,23
P04298,A09870,25
P04298,A09871,26
P04298,A09874,27
P04298,A09875,28
P04298,A09880,32
P04298,A09883,36
P04298,A09884,40
P04298,A09885,41
P04298,A09892,46
P04298,A09893,47
P04298,A09896,50
P04298,A09897,51
P04298,A09898,53
P04298,A09899,54
P04298,A09902,55
P04298,A09903,56
P04298,A09904,60
P04298,A09908,63
P04298,A09910,34
P04298,A09912,65
P04298,A09916,68
P04298,A09918,70
P04298,A09921,71
P04298,A09924,35
P04298,A09925,75
P04298,A09936,80
P04298,A09943,83
P04298,A09945,85
P04298,A09948,87
P04298,A09950,89
P04298,A09956,96
P04298,A09960,99
P04298,A09964,101
P04298,A09966,102
P04298,A09969,103
P04298,A09972,105
P04298,A09980,110
P04298,A09981,112
P04298,A09982,114
P04298,A09988,123
P04298,A09991,124
P04298,A09992,125
P04298,A10001,132
P04298,A10007,138
P04298,A10008,139
P04298,A10009,140
P04298,A10011,141
P04298,A10014,143
P04298,A10016,144
P04298,A10022,149
P04298,A10029,154
P04298,A10030,155
P04298,A10033,157
P04298,A10251,134
P04298,A10446,78
P04298,A18573,2
P04298,A18574,3
P04298,A18575,4
P04298,A18576,5
P04298,A18577,7
P04298,A18578,10
P04298,A18579,12
P04298,A18580,13
P04298,A18581,14
P04298,A18582,15
P04298,A18583,17
P04298,A18584,20
P04298,A18585,21
P04298,A18586,22
P04298,A18587,24
P04298,A18588,29
P04298,A18589,31
P04298,A18590,37
P04298,A18591,38
P04298,A18592,39
P04298,A18593,42
P04298,A18594,45
P04298,A18595,48
P04298,A18596,49
P04298,A18597,52
P04298,A18598,57
P04298,A18599,58
P04298,A18600,59
P04298,A18601,61
P04298,A18602,62
P04298,A18603,64
P04298,A18604,66
P04298,A18605,69
P04298,A18606,72
P04298,A18607,73
P04298,A18608,76
P04298,A18609,79
P04298,A18610,84
P04298,A18611,86
P04298,A18612,88
P04298,A18613,90
P04298,A18614,91
P04298,A18615,93
P04298,A18616,95
P04298,A18617,97
P04298,A18618,100
P04298,A18619,104
P04298,A18620,106
P04298,A18621,107
P04298,A18622,108
P04298,A18623,109
P04298,A18624,113
P04298,A18625,115
P04298,A18626,117
P04298,A18627,118
P04298,A18628,119
P04298,A18629,121
P04298,A18630,122
P04298,A18631,126
P04298,A18632,127
P04298,A18633,135
P04298,A18634,142
P04298,A18635,147
P04298,A18636,148
P04298,A18637,150
P04298,A18638,151
P04298,A18639,153
P04298,A18640,156
P04298,A18641,158
P04299,A13353,6
P04299,A13360,5
P04299,A14150,12
P04299,A16972,4
P04299,A17463,20
P04299,A17502,8
P04299,A18424,15
P04299,A18525,11
P04299,A18642,1
P04299,A18643,2
P04299,A18644,3
P04299,A18645,7
P04299,A18646,9
P04299,A18647,10
P04299,A18648,13
P04299,A18649,14
P04299,A18650,16
P04299,A18651,17
P04299,A18652,18
P04299,A18653,19
P04300,A11791,17
P04300,A11792,24
P04300,A11804,39
P04300,A11925,25
P04300,A12691,41
P04300,A12883,16
P04300,A12897,9
P04300,A12905,11
P04300,A12977,37
P04300,A13121,1
P04300,A13122,3
P04300,A13123,8
P04300,A13125,10
P04300,A13126,4
P04300,A13127,40
P04300,A13128,2
P04300,A13129,13
P04300,A13132,14
P04300,A13133,28
P04300,A13134,29
P04300,A13136,34
P04300,A13137,35
P04300,A13138,12
P04300,A13139,6
P04300,A13142,47
P04300,A13143,48
P04300,A13147,31
P04300,A13148,36
P04300,A13151,43
P04300,A13154,30
P04300,A13155,15
P04300,A13163,26
P04300,A13165,27
P04300,A13177,44
P04300,A13178,19
P04300,A13187,45
P04300,A13194,23
P04300,A13196,33
P04300,A14622,21
P04300,A17863,42
P04300,A18654,5
P04300,A18655,7
P04300,A18656,18
P04300,A18657,20
P04300,A18658,22
P04300,A18659,32
P04300,A18660,38
P04300,A18661,46
P04301,A12704,30
P04301,A13938,19
P04301,A14216,9
P04301,A14219,10
P04301,A14240,29
P04301,A14749,7
P04301,A16782,11
P04301,A16789,23
P04301,A18107,4
P04301,A18662,1
P04301,A18663,2
P04301,A18664,3
P04301,A18665,5
P04301,A18666,6
P04301,A18667,8
P04301,A18668,12
P04301,A18669,13
P04301,A18670,14
P04301,A18671,15
P04301,A18672,16
P04301,A18673,17
P04301,A18674,18
P04301,A18675,20
P04301,A18676,21
P04301,A18677,22
P04301,A18678,24
P04301,A18679,25
P04301,A18680,26
P04301,A18681,27
P04301,A18682,28
P04301,A18683,31
P04301,A18684,32
P04301,A18685,33
P04301,A18686,34
P04301,A18687,35
P04302,A07146,7
P04302,A07177,9
P04302,A13334,1
P04302,A13610,6
P04302,A18386,8
P04302,A18688,2
P04302,A18689,3
P04302,A18690,4
P04302,A18691,5
P04303,A14202,3
P04303,A18692,1
P04303,A18693,2
P04303,A18694,4
P04303,A18695,5
P04303,A18696,6
P04303,A18697,7
P04304,A18698,1
P04304,A18699,2
P04304,A18700,3
P04304,A18701,4
P04304,A18702,5
P04304,A18703,6
P04304,A18704,7
P04305,A00417,1
P04305,A00840,2
P04306,A04133,1
P04307,A07307,5
P04307,A11929,3
P04307,A13794,13
P04307,A18705,1
P04307,A18706,2
P04307,A18707,4
P04307,A18708,6
P04307,A18709,7
P04307,A18710,8
P04307,A18711,9
P04307,A18712,10
P04307,A18713,11
P04307,A18714,12
P04307,A18715,14
P04307,A18716,15
P04307,A18717,16
P04307,A18718,17
P04307,A18719,18
P04307,A18720,19
P04308,A15531,1
P04308,A17537,2
P04309,A00353,2
P04309,A01280,3
P04309,A01560,4
P04309,A02193,1
P04309,A02500,9
P04309,A10272,7
P04309,A18721,5
P04309,A18722,6
P04309,A18723,8
P04309,A18724,10
P04309,A18725,11
P04309,A18726,12
P04309,A18727,13
P04310,A02256,4
P04310,A07418,5
P04310,A18728,1
P04310,A18729,2
P04310,A18730,3
P04311,A11957,2
P04311,A11958,3
P04311,A11960,7
P04311,A11961,8
P04311,A11962,9
P04311,A18731,1
P04311,A18732,4
P04311,A18733,5
P04311,A18734,6
P04311,A18735,10
P04312,A01991,6
P04312,A04489,3
P04312,A05290,4
P04312,A12967,1
P04312,A12968,2
P04312,A18736,5
P04313,A12051,12
P04313,A13358,10
P04313,A13369,2
P04313,A13589,4
P04313,A13719,9
P04313,A14072,3
P04313,A15052,6
P04313,A15185,8
P04313,A15890,5
P04313,A15917,7
P04313,A18737,1
P04313,A18738,11
P04314,A10044,1
P04314,A11240,5
P04314,A18739,2
P04314,A18740,3
P04314,A18741,4
P04315,A16347,4
P04315,A17558,5
P04315,A17775,3
P04315,A18742,1
P04315,A18743,2
P04315,A18744,6
P04315,A18745,7
P04316,A02759,4
P04316,A05074,2
P04316,A12209,1
P04316,A18746,3
P04317,A18747,1
P04317,A18748,2
P04317,A18749,3
P04317,A18750,4
P04317,A18751,5
P04318,A18752,1
P04318,A18753,2
P04318,A18754,3
P04318,A18755,4
P04318,A18756,5
P04319,A00130,8
P04319,A00791,3
P04319,A01482,1
P04319,A01483,2
P04319,A01484,6
P04319,A01981,4
P04319,A02351,9
P04319,A03680,5
P04319,A05403,10
P04319,A18757,7
P04320,A00511,12
P04320,A00614,11
P04320,A03408,5
P04320,A10829,10
P04320,A11328,8
P04320,A12967,1
P04320,A12968,4
P04320,A12969,9
P04320,A16640,2
P04320,A16641,3
P04320,A18758,6
P04320,A18759,7
P04321,A00511,8
P04321,A00614,7
P04321,A10829,6
P04321,A11942,5
P04321,A12967,1
P04321,A12968,4
P04321,A16640,3
P04321,A16641,2
P04322,A00562,4
P04322,A02243,1
P04322,A02846,3
P04322,A12221,2
P04323,A11793,21
P04323,A11798,27
P04323,A11803,30
P04323,A12875,14
P04323,A12888,2
P04323,A12897,25
P04323,A12898,26
P04323,A12902,3
P04323,A13125,16
P04323,A13134,23
P04323,A13165,20
P04323,A13945,7
P04323,A13978,31
P04323,A13979,34
P04323,A13980,6
P04323,A13981,10
P04323,A13982,9
P04323,A13983,4
P04323,A13991,29
P04323,A13993,32
P04323,A15024,19
P04323,A15136,24
P04323,A17001,13
P04323,A17007,8
P04323,A17727,5
P04323,A17728,1
P04323,A17729,15
P04323,A17730,18
P04323,A17732,22
P04323,A17736,28
P04323,A17739,33
P04323,A17862,11
P04323,A18760,12
P04323,A18761,17
P04324,A09575,8
P04324,A18762,1
P04324,A18763,2
P04324,A18764,3
P04324,A18765,4
P04324,A18766,5
P04324,A18767,6
P04324,A18768,7
P04324,A18769,9
P04324,A18770,10
P04324,A18771,11
P04325,A00272,2
P04325,A01499,3
P04325,A07600,5
P04325,A12913,4
P04325,A18772,1
P04326,A16249,3
P04326,A18773,1
P04326,A18774,2
P04326,A18775,4
P04326,A18776,5
P04326,A18777,6
P04326,A18778,7
P04326,A18779,8
P04327,A09791,5
P04327,A11783,8
P04327,A11798,30
P04327,A11803,32
P04327,A11925,1
P04327,A12031,24
P04327,A12620,2
P04327,A12651,34
P04327,A12875,11
P04327,A12888,19
P04327,A12898,4
P04327,A12902,3
P04327,A13856,25
P04327,A13932,20
P04327,A13945,13
P04327,A13978,33
P04327,A13980,6
P04327,A13981,16
P04327,A13982,22
P04327,A13991,17
P04327,A13992,14
P04327,A13993,15
P04327,A15654,18
P04327,A16269,27
P04327,A16277,36
P04327,A16394,31
P04327,A16398,35
P04327,A17007,7
P04327,A17727,23
P04327,A17728,21
P04327,A17729,12
P04327,A17730,26
P04327,A17731,28
P04327,A17732,9
P04327,A17733,29
P04327,A18780,10
P04328,A00570,12
P04328,A01307,3
P04328,A02554,4
P04328,A02600,2
P04328,A02843,5
P04328,A03162,1
P04328,A03795,6
P04328,A04323,7
P04328,A10124,9
P04328,A11616,10
P04328,A18781,8
P04328,A18782,11
P04329,A14060,9
P04329,A14062,8
P04329,A14063,6
P04329,A14069,11
P04329,A14070,12
P04329,A14071,2
P04329,A14075,15
P04329,A14079,19
P04329,A14086,28
P04329,A14088,22
P04329,A14091,10
P04329,A14094,29
P04329,A14095,26
P04329,A14826,4
P04329,A14932,13
P04329,A15052,18
P04329,A15391,20
P04329,A15481,21
P04329,A17416,1
P04329,A17418,3
P04329,A17419,5
P04329,A17420,23
P04329,A17422,7
P04329,A17423,14
P04329,A17424,17
P04329,A17425,16
P04329,A17426,24
P04329,A17427,27
P04329,A18515,25
P04330,A00735,7
P04330,A01447,2
P04330,A02297,6
P04330,A03540,4
P04330,A04924,5
P04330,A06867,3
P04330,A18783,1
P04331,A00723,2
P04331,A00865,4
P04331,A01752,3
P04331,A07184,8
P04331,A10899,7
P04331,A17083,6
P04331,A17807,5
P04331,A18784,1
P04332,A16981,3
P04332,A16982,2
P04332,A16984,4
P04332,A16985,6
P04332,A16988,1
P04332,A18785,5
P04333,A03312,4
P04333,A14652,3
P04333,A18786,1
P04333,A18787,2
P04334,A10261,3
P04334,A10262,2
P04334,A13813,4
P04334,A18788,1
P04334,A18789,5
P04335,A04760,4
P04335,A11029,9
P04335,A11030,6
P04335,A11031,3
P04335,A11032,5
P04335,A11033,12
P04335,A11034,1
P04335,A11035,10
P04335,A18790,2
P04335,A18791,7
P04335,A18792,8
P04335,A18793,11
P04336,A18794,1
P04336,A18795,2
P04336,A18796,3
P04336,A18797,4
P04336,A18798,5
P04336,A18799,6
P04336,A18800,7
P04336,A18801,8
P04336,A18802,9
P04336,A18803,10
P04336,A18804,11
P04336,A18805,12
P04336,A18806,13
P04337,A02390,6
P04337,A05197,2
P04337,A06929,3
P04337,A07851,5
P04337,A18807,1
P04337,A18808,4
P04338,A16599,2
P04338,A16606,1
P04338,A16684,7
P04338,A16685,6
P04338,A16687,4
P04338,A16815,3
P04338,A18045,5
P04339,A00301,3
P04339,A02230,2
P04339,A10980,1
P04340,A14057,2
P04340,A18516,1
P04341,A04847,2
P04341,A04863,21
P04341,A07118,13
P04341,A09119,4
P04341,A16715,55
P04341,A16718,7
P04341,A16720,12
P04341,A16724,54
P04341,A16727,6
P04341,A16728,9
P04341,A16731,14
P04341,A16732,19
P04341,A16733,20
P04341,A16737,26
P04341,A16739,28
P04341,A16740,29
P04341,A16741,31
P04341,A16742,33
P04341,A16743,36
P04341,A16744,38
P04341,A16746,40
P04341,A16747,41
P04341,A16749,46
P04341,A16750,48
P04341,A16751,50
P04341,A16752,51
P04341,A16755,57
P04341,A16756,60
P04341,A16757,61
P04341,A16759,62
P04341,A16760,64
P04341,A18809,1
P04341,A18810,3
P04341,A18811,5
P04341,A18812,8
P04341,A18813,10
P04341,A18814,11
P04341,A18815,15
P04341,A18816,16
P04341,A18817,17
P04341,A18818,18
P04341,A18819,22
P04341,A18820,23
P04341,A18821,24
P04341,A18822,25
P04341,A18823,27
P04341,A18824,30
P04341,A18825,32
P04341,A18826,34
P04341,A18827,35
P04341,A18828,37
P04341,A18829,39
P04341,A18830,42
P04341,A18831,43
P04341,A18832,44
P04341,A18833,45
P04341,A18834,47
P04341,A18835,49
P04341,A18836,52
P04341,A18837,53
P04341,A18838,56
P04341,A18839,58
P04341,A18840,59
P04341,A18841,63
P04341,A18842,65
P04342,A02541,7
P04342,A18843,1
P04342,A18844,2
P04342,A18845,3
P04342,A18846,4
P04342,A18847,5
P04342,A18848,6
P04342,A18849,8
P04342,A18850,9
P04343,A11783,14
P04343,A11925,19
P04343,A12875,18
P04343,A12880,17
P04343,A12888,8
P04343,A12898,23
P04343,A12902,33
P04343,A13135,22
P04343,A13160,16
P04343,A13410,26
P04343,A13932,36
P04343,A13945,20
P04343,A13979,32
P04343,A13980,12
P04343,A13981,31
P04343,A13982,9
P04343,A13983,7
P04343,A13984,5
P04343,A13991,27
P04343,A13992,29
P04343,A13993,1
P04343,A14790,11
P04343,A15654,4
P04343,A16266,28
P04343,A16278,34
P04343,A17537,13
P04343,A17727,30
P04343,A17728,15
P04343,A17729,10
P04343,A17731,21
P04343,A17732,2
P04343,A17736,24
P04343,A17740,3
P04343,A18318,25
P04343,A18851,6
P04343,A18852,35
P04344,A14828,3
P04344,A18853,1
P04344,A18854,2
P04344,A18855,4
P04344,A18856,5
P04344,A18857,6
P04344,A18858,7
P04344,A18859,8
P04344,A18860,9
P04344,A18861,10
P04344,A18862,11
P04344,A18863,12
P04344,A18864,13
P04344,A18865,14
P04344,A18866,15
P04345,A12645,11
P04345,A13339,2
P04345,A13341,3
P04345,A13342,4
P04345,A13343,6
P04345,A13345,8
P04345,A13346,9
P04345,A13347,10
P04345,A13348,12
P04345,A13349,13
P04345,A13350,14
P04345,A13695,5
P04345,A18867,1
P04345,A18868,7
P04346,A07715,4
P04346,A12713,2
P04346,A13024,5
P04346,A13031,3
P04346,A18051,6
P04346,A18869,1
P04347,A18870,1
P04347,A18871,2
P04347,A18872,3
P04347,A18873,4
P04348,A07826,3
P04348,A12052,7
P04348,A13125,6
P04348,A17001,10
P04348,A18874,1
P04348,A18875,2
P04348,A18876,4
P04348,A18877,5
P04348,A18878,8
P04348,A18879,9
P04348,A18880,11
P04348,A18881,12
P04348,A18882,13
P04349,A11744,6
P04349,A11745,14
P04349,A11748,16
P04349,A17215,15
P04349,A18883,1
P04349,A18884,2
P04349,A18885,3
P04349,A18886,4
P04349,A18887,5
P04349,A18888,7
P04349,A18889,8
P04349,A18890,9
P04349,A18891,10
P04349,A18892,11
P04349,A18893,12
P04349,A18894,13
P04349,A18895,17
P04349,A18896,18
P04350,A12041,12
P04350,A13345,8
P04350,A13874,6
P04350,A13905,10
P04350,A15163,4
P04350,A15316,5
P04350,A15357,2
P04350,A15491,14
P04350,A15501,15
P04350,A15685,16
P04350,A16334,7
P04350,A16335,11
P04350,A16336,3
P04350,A16337,1
P04350,A18897,9
P04350,A18898,13
P04351,A09528,9
P04351,A18899,1
P04351,A18900,2
P04351,A18901,3
P04351,A18902,4
P04351,A18903,5
P04351,A18904,6
P04351,A18905,7
P04351,A18906,8
P04352,A00795,12
P04352,A01915,7
P04352,A02715,10
P04352,A02839,6
P04352,A03623,13
P04352,A04958,9
P04352,A05187,8
P04352,A05188,2
P04352,A05260,3
P04352,A11337,4
P04352,A13557,17
P04352,A13572,16
P04352,A16642,19
P04352,A18907,1
P04352,A18908,5
P04352,A18909,11
P04352,A18910,14
P04352,A18911,15
P04352,A18912,18
P04352,A18913,20
P04352,A18914,21
P04352,A18915,22
P04353,A12687,27
P04353,A12693,20
P04353,A14928,23
P04353,A16313,22
P04353,A16314,12
P04353,A17574,16
P04353,A18643,34
P04353,A18916,1
P04353,A18917,2
P04353,A18918,3
P04353,A18919,4
P04353,A18920,5
P04353,A18921,6
P04353,A18922,7
P04353,A18923,8
P04353,A18924,9
P04353,A18925,10
P04353,A18926,11
P04353,A18927,13
P04353,A18928,14
P04353,A18929,15
P04353,A18930,17
P04353,A18931,18
P04353,A18932,19
P04353,A18933,21
P04353,A18934,24
P04353,A18935,25
P04353,A18936,26
P04353,A18937,28
P04353,A18938,29
P04353,A18939,30
P04353,A18940,31
P04353,A18941,32
P04353,A18942,33
P04353,A18943,35
P04354,A18944,1
P04354,A18945,2
P04354,A18946,3
P04354,A18947,4
P04354,A18948,5
P04354,A18949,6
P04354,A18950,7
P04354,A18951,8
P04354,A18952,9
P04355,A04534,2
P04355,A17879,3
P04355,A18953,1
P04356,A08195,1
P04356,A08196,2
P04356,A08198,4
P04356,A11733,3
P04357,A03023,35
P04357,A03208,53
P04357,A03570,37
P04357,A03585,19
P04357,A03909,38
P04357,A03962,59
P04357,A04941,51
P04357,A16916,31
P04357,A17623,20
P04357,A17666,48
P04357,A17668,52
P04357,A18954,1
P04357,A18955,2
P04357,A18956,3
P04357,A18957,4
P04357,A18958,5
P04357,A18959,6
P04357,A18960,7
P04357,A18961,8
P04357,A18962,9
P04357,A18963,10
P04357,A18964,11
P04357,A18965,12
P04357,A18966,13
P04357,A18967,14
P04357,A18968,15
P04357,A18969,16
P04357,A18970,17
P04357,A18971,18
P04357,A18972,21
P04357,A18973,22
P04357,A18974,23
P04357,A18975,24
P04357,A18976,25
P04357,A18977,26
P04357,A18978,27
P04357,A18979,28
P04357,A18980,29
P04357,A18981,30
P04357,A18982,32
P04357,A18983,33
P04357,A18984,34
P04357,A18985,36
P04357,A18986,39
P04357,A18987,40
P04357,A18988,41
P04357,A18989,42
P04357,A18990,43
P04357,A18991,44
P04357,A18992,45
P04357,A18993,46
P04357,A18994,47
P04357,A18995,49
P04357,A18996,50
P04357,A18997,54
P04357,A18998,55
P04357,A18999,56
P04357,A19000,57
P04357,A19001,58
P04357,A19002,60
P04357,A19003,61
P04358,A19004,1
P04358,A19005,2
P04358,A19006,3
P04358,A19007,4
P04359,A19008,1
P04359,A19009,2
P04359,A19010,3
P04360,A07196,11
P04360,A11754,9
P04360,A19011,1
P04360,A19012,2
P04360,A19013,3
P04360,A19014,4
P04360,A19015,5
P04360,A19016,6
P04360,A19017,7
P04360,A19018,8
P04360,A19019,10
P04360,A19020,12
P04360,A19021,13
P04360,A19022,14
P04360,A19023,15
P04360,A19024,16
P04360,A19025,17
P04360,A19026,18
P04360,A19027,19
P04361,A00562,9
P04361,A00995,11
P04361,A01821,10
P04361,A03415,2
P04361,A07544,5
P04361,A10154,7
P04361,A10963,6
P04361,A11040,8
P04361,A11526,1
P04361,A11527,12
P04361,A19028,3
P04361,A19029,4
P04361,A19030,13
P04362,A07177,4
P04362,A08191,1
P04362,A18399,2
P04362,A19031,3
P04363,A07715,8
P04363,A13011,1
P04363,A13015,10
P04363,A13022,12
P04363,A13029,2
P04363,A13030,13
P04363,A13031,18
P04363,A13514,17
P04363,A13575,4
P04363,A13579,15
P04363,A13583,21
P04363,A13586,7
P04363,A13587,3
P04363,A17886,20
P04363,A17893,6
P04363,A19032,5
P04363,A19033,9
P04363,A19034,11
P04363,A19035,14
P04363,A19036,16
P04363,A19037,19
P04364,A04385,4
P04364,A09343,2
P04364,A19038,1
P04364,A19039,3
P04365,A12048,13
P04365,A12052,5
P04365,A12624,11
P04365,A12650,20
P04365,A12652,21
P04365,A13130,23
P04365,A13195,3
P04365,A14259,8
P04365,A14603,17
P04365,A14790,7
P04365,A15457,2
P04365,A15654,22
P04365,A16333,18
P04365,A16349,9
P04365,A16352,16
P04365,A16354,19
P04365,A16355,6
P04365,A16357,1
P04365,A16990,15
P04365,A17729,12
P04365,A18363,14
P04365,A18364,4
P04365,A19040,10
P04366,A13119,3
P04366,A15778,4
P04366,A16508,2
P04366,A19041,1
P04366,A19042,5
P04366,A19043,6
P04366,A19044,7
P04366,A19045,8
P04366,A19046,9
P04366,A19047,10
P04366,A19048,11
P04366,A19049,12
P04366,A19050,13
P04367,A00614,3
P04367,A01233,1
P04367,A01605,2
P04368,A11710,13
P04368,A12890,5
P04368,A13411,7
P04368,A16274,4
P04368,A18878,8
P04368,A19051,1
P04368,A19052,2
P04368,A19053,3
P04368,A19054,6
P04368,A19055,9
P04368,A19056,10
P04368,A19057,11
P04368,A19058,12
P04368,A19059,14
P04368,A19060,15
P04369,A03583,5
P04369,A03584,2
P04369,A04551,13
P04369,A04567,12
P04369,A04569,14
P04369,A11754,15
P04369,A19061,1
P04369,A19062,3
P04369,A19063,4
P04369,A19064,6
P04369,A19065,7
P04369,A19066,8
P04369,A19067,9
P04369,A19068,10
P04369,A19069,11
P04369,A19070,16
P04369,A19071,17
P04369,A19072,18
P04369,A19073,19
P04369,A19074,20
P04369,A19075,21
P04369,A19076,22
P04369,A19077,23
P04369,A19078,24
P04370,A13352,5
P04370,A13353,2
P04370,A13354,1
P04370,A13355,6
P04370,A13356,9
P04370,A13357,3
P04370,A13358,8
P04370,A13360,11
P04370,A13361,10
P04370,A13362,19
P04370,A13363,12
P04370,A13364,17
P04370,A13365,13
P04370,A13366,18
P04370,A13367,14
P04370,A13368,7
P04370,A13369,16
P04370,A13371,15
P04370,A13373,20
P04370,A19079,4
P04371,A08098,2
P04371,A19080,1
P04371,A19081,3
P04372,A01596,6
P04372,A01797,1
P04372,A02571,11
P04372,A03406,4
P04372,A05121,10
P04372,A07803,5
P04372,A11193,7
P04372,A11203,3
P04372,A19082,2
P04372,A19083,8
P04372,A19084,9
P04373,A02759,4
P04373,A05074,3
P04373,A07185,7
P04373,A07293,5
P04373,A07297,13
P04373,A09496,6
P04373,A12207,9
P04373,A12208,8
P04373,A12209,2
P04373,A19085,1
P04373,A19086,10
P04373,A19087,11
P04373,A19088,12
P04374,A08527,4
P04374,A18130,5
P04374,A19089,1
P04374,A19090,2
P04374,A19091,3
P04374,A19092,6
P04375,A03408,4
P04375,A19093,1
P04375,A19094,2
P04375,A19095,3
P04376,A03816,20
P04376,A03817,1
P04376,A03818,2
P04376,A03820,3
P04376,A03821,6
P04376,A03822,7
P04376,A03823,9
P04376,A03824,10
P04376,A03825,11
P04376,A03831,15
P04376,A03833,16
P04376,A03836,19
P04376,A03838,24
P04376,A03839,25
P04376,A03840,27
P04376,A03843,30
P04376,A03844,32
P04376,A03845,33
P04376,A03846,36
P04376,A03849,35
P04376,A03851,40
P04376,A03854,42
P04376,A03855,43
P04376,A03857,44
P04376,A03858,45
P04376,A03864,51
P04376,A03866,53
P04376,A03867,54
P04376,A03870,56
P04376,A03871,59
P04376,A03873,61
P04376,A03877,63
P04376,A03878,64
P04376,A03880,66
P04376,A03881,68
P04376,A03882,69
P04376,A03962,62
P04376,A07362,4
P04376,A07368,12
P04376,A07370,13
P04376,A07371,14
P04376,A07372,17
P04376,A07373,18
P04376,A07374,21
P04376,A07376,23
P04376,A07377,26
P04376,A07378,28
P04376,A07379,29
P04376,A07380,31
P04376,A07383,38
P04376,A07384,41
P04376,A07385,46
P04376,A07386,48
P04376,A07387,49
P04376,A07388,50
P04376,A07390,52
P04376,A07392,55
P04376,A07393,57
P04376,A07394,58
P04376,A07395,60
P04376,A07397,65
P04376,A07400,67
P04376,A07991,5
P04376,A11511,8
P04376,A11512,34
P04376,A11513,37
P04376,A11514,39
P04376,A11515,47
P04376,A11516,70
P04376,A19096,22
P04377,A00622,2
P04377,A01832,3
P04377,A01986,1
P04377,A07423,4
P04378,A00541,3
P04378,A00871,1
P04378,A12253,2
P04379,A08606,9
P04379,A19097,1
P04379,A19098,2
P04379,A19099,3
P04379,A19100,4
P04379,A19101,5
P04379,A19102,6
P04379,A19103,7
P04379,A19104,8
P04380,A19105,1
P04380,A19106,2
P04380,A19107,3
P04380,A19108,4
P04380,A19109,5
P04380,A19110,6
P04380,A19111,7
P04381,A00727,2
P04381,A01510,3
P04381,A10795,1
P04381,A13818,6
P04381,A19112,4
P04381,A19113,5
P04382,A00614,9
P04382,A00819,11
P04382,A01447,8
P04382,A02600,2
P04382,A02843,6
P04382,A03092,7
P04382,A07027,1
P04382,A10896,3
P04382,A10897,5
P04382,A10898,10
P04382,A19114,4
P04383,A19115,1
P04383,A19116,2
P04383,A19117,3
P04383,A19118,4
P04383,A19119,5
P04383,A19120,6
P04384,A02353,13
P04384,A03530,7
P04384,A04021,9
P04384,A04805,4
P04384,A05576,1
P04384,A17168,11
P04384,A19121,2
P04384,A19122,3
P04384,A19123,5
P04384,A19124,6
P04384,A19125,8
P04384,A19126,10
P04384,A19127,12
P04385,A05543,7
P04385,A08010,5
P04385,A11431,6
P04385,A12753,4
P04385,A16831,3
P04385,A19128,1
P04385,A19129,2
P04386,A07318,14
P04386,A17340,3
P04386,A19130,1
P04386,A19131,2
P04386,A19132,4
P04386,A19133,5
P04386,A19134,6
P04386,A19135,7
P04386,A19136,8
P04386,A19137,9
P04386,A19138,10
P04386,A19139,11
P04386,A19140,12
P04386,A19141,13
P04386,A19142,15
P04386,A19143,16
P04386,A19144,17
P04386,A19145,18
P04386,A19146,19
P04386,A19147,20
P04386,A19148,21
P04387,A11785,39
P04387,A11804,36
P04387,A11925,8
P04387,A12883,16
P04387,A12897,31
P04387,A12898,1
P04387,A12903,41
P04387,A12905,30
P04387,A13122,4
P04387,A13124,5
P04387,A13125,6
P04387,A13126,35
P04387,A13127,37
P04387,A13129,38
P04387,A13132,40
P04387,A13134,27
P04387,A13135,29
P04387,A13143,13
P04387,A13149,33
P04387,A13160,18
P04387,A13162,21
P04387,A13165,26
P04387,A14620,25
P04387,A16267,7
P04387,A16390,10
P04387,A16561,19
P04387,A17001,20
P04387,A17523,12
P04387,A17861,11
P04387,A17862,17
P04387,A18656,2
P04387,A18658,22
P04387,A18761,24
P04387,A19149,3
P04387,A19150,9
P04387,A19151,14
P04387,A19152,15
P04387,A19153,23
P04387,A19154,28
P04387,A19155,32
P04387,A19156,34
P04388,A08153,3
P04388,A08155,2
P04388,A11543,4
P04388,A19157,1
P04388,A19158,5
P04388,A19159,6
P04389,A11783,7
P04389,A11798,14
P04389,A12615,5
P04389,A12703,15
P04389,A13856,21
P04389,A13979,20
P04389,A13980,6
P04389,A13981,17
P04389,A15024,11
P04389,A16398,19
P04389,A16654,4
P04389,A17729,9
P04389,A17734,3
P04389,A17735,12
P04389,A18569,10
P04389,A18571,18
P04389,A19160,1
P04389,A19161,2
P04389,A19162,8
P04389,A19163,13
P04389,A19164,16
P04389,A19165,22
P04389,A19166,23
P04390,A19167,1
P04390,A19168,2
P04390,A19169,3
P04391,A11799,25
P04391,A12616,31
P04391,A12617,14
P04391,A12631,30
P04391,A12697,6
P04391,A12897,23
P04391,A12905,22
P04391,A13121,4
P04391,A13122,3
P04391,A13124,10
P04391,A13125,5
P04391,A13126,2
P04391,A13127,27
P04391,A13132,7
P04391,A13135,20
P04391,A13143,32
P04391,A13144,12
P04391,A13149,24
P04391,A13154,19
P04391,A13160,13
P04391,A13164,17
P04391,A13165,18
P04391,A13167,21
P04391,A13175,1
P04391,A13186,29
P04391,A14259,11
P04391,A14621,9
P04391,A14623,15
P04391,A14625,26
P04391,A16390,16
P04391,A16562,28
P04391,A19170,8
P04392,A19171,1
P04393,A03657,2
P04393,A04559,4
P04393,A04664,3
P04393,A07978,7
P04393,A07980,5
P04393,A19172,1
P04393,A19173,6
P04393,A19174,8
P04393,A19175,9
P04393,A19176,10
P04394,A00511,4
P04394,A01543,9
P04394,A01915,13
P04394,A01916,19
P04394,A02327,2
P04394,A03106,8
P04394,A03258,12
P04394,A04469,15
P04394,A07673,17
P04394,A07812,10
P04394,A07929,11
P04394,A07930,18
P04394,A10829,6
P04394,A12967,1
P04394,A12968,3
P04394,A12969,5
P04394,A16640,16
P04394,A19177,7
P04394,A19178,14
P04395,A00417,7
P04395,A04502,4
P04395,A06882,1
P04395,A07070,3
P04395,A16857,2
P04395,A19179,5
P04395,A19180,6
P04395,A19181,8
P04396,A04897,1
P04396,A06982,7
P04396,A06985,2
P04396,A12711,3
P04396,A19182,4
P04396,A19183,5
P04396,A19184,6
P04396,A19185,8
P04396,A19186,9
P04397,A12057,6
P04397,A12063,12
P04397,A14842,9
P04397,A16239,7
P04397,A17101,16
P04397,A17420,8
P04397,A17495,14
P04397,A17496,2
P04397,A18551,11
P04397,A18561,5
P04397,A18563,15
P04397,A19187,1
P04397,A19188,3
P04397,A19189,4
P04397,A19190,10
P04397,A19191,13
P04398,A00015,2
P04398,A19192,1
P04398,A19193,3
P04398,A19194,4
P04399,A16176,9
P04399,A16179,6
P04399,A16181,29
P04399,A16182,8
P04399,A16183,31
P04399,A16185,12
P04399,A16186,5
P04399,A16188,3
P04399,A16192,2
P04399,A16193,21
P04399,A16194,25
P04399,A19195,1
P04399,A19196,4
P04399,A19197,7
P04399,A19198,10
P04399,A19199,11
P04399,A19200,13
P04399,A19201,14
P04399,A19202,15
P04399,A19203,16
P04399,A19204,17
P04399,A19205,18
P04399,A19206,19
P04399,A19207,20
P04399,A19208,22
P04399,A19209,23
P04399,A19210,24
P04399,A19211,26
P04399,A19212,27
P04399,A19213,28
P04399,A19214,30
P04399,A19215,32
P04399,A19216,33
P04399,A19217,34
P04399,A19218,35
P04399,A19219,36
P04400,A05088,4
P04400,A08541,6
P04400,A19220,1
P04400,A19221,2
P04400,A19222,3
P04400,A19223,5
P04400,A19224,7
P04400,A19225,8
P04401,A16617,2
P04401,A16618,5
P04401,A16619,1
P04401,A16620,3
P04401,A16621,7
P04401,A16626,4
P04401,A19226,6
P04402,A07293,2
P04402,A09496,1
P04402,A19086,3
P04402,A19087,4
P04403,A00511,9
P04403,A01821,6
P04403,A02759,5
P04403,A04577,2
P04403,A08400,8
P04403,A10127,4
P04403,A12257,1
P04403,A12967,7
P04403,A16640,3
P04404,A14218,7
P04404,A14241,2
P04404,A17163,6
P04404,A19227,1
P04404,A19228,3
P04404,A19229,4
P04404,A19230,5
P04404,A19231,8
P04404,A19232,9
P04404,A19233,10
P04404,A19234,11
P04404,A19235,12
P04404,A19236,13
P04404,A19237,14
P04404,A19238,15
P04404,A19239,16
P04404,A19240,17
P04404,A19241,18
P04404,A19242,19
P04405,A00684,6
P04405,A02141,10
P04405,A02284,4
P04405,A02725,11
P04405,A02804,2
P04405,A08040,5
P04405,A11699,9
P04405,A11700,8
P04405,A19243,1
P04405,A19244,3
P04405,A19245,7
P04406,A19246,1
P04406,A19247,2
P04406,A19248,3
P04406,A19249,4
P04406,A19250,5
P04406,A19251,6
P04407,A19252,1
P04408,A02047,6
P04408,A02886,3
P04408,A05392,2
P04408,A19253,1
P04408,A19254,4
P04408,A19255,5
P04409,A08527,2
P04409,A13051,4
P04409,A16246,1
P04409,A16765,5
P04409,A19256,3
P04409,A19257,6
P04410,A19258,1
P04410,A19259,2
P04410,A19260,3
P04410,A19261,4
P04411,A12625,3
P04411,A12652,8
P04411,A13858,5
P04411,A19262,1
P04411,A19263,2
P04411,A19264,4
P04411,A19265,6
P04411,A19266,7
P04412,A19267,1
P04412,A19268,2
P04413,A00570,9
P04413,A01678,8
P04413,A02600,6
P04413,A02721,5
P04413,A02885,1
P04413,A03044,7
P04413,A03671,2
P04413,A07852,4
P04413,A19269,3
P04414,A11783,8
P04414,A11800,13
P04414,A12825,3
P04414,A12907,6
P04414,A12909,1
P04414,A13992,2
P04414,A16266,14
P04414,A16268,5
P04414,A16270,10
P04414,A16271,11
P04414,A16274,4
P04414,A16277,15
P04414,A16278,16
P04414,A16386,12
P04414,A16998,7
P04414,A19270,9
P04415,A06804,17
P04415,A07774,21
P04415,A12687,11
P04415,A12698,16
P04415,A14789,13
P04415,A15175,18
P04415,A15220,12
P04415,A15778,15
P04415,A15779,6
P04415,A16526,7
P04415,A16527,22
P04415,A16528,14
P04415,A16574,10
P04415,A19271,1
P04415,A19272,2
P04415,A19273,3
P04415,A19274,4
P04415,A19275,5
P04415,A19276,8
P04415,A19277,9
P04415,A19278,19
P04415,A19279,20
P04415,A19280,23
P04415,A19281,24
P04416,A01176,4
P04416,A01923,7
P04416,A19282,1
P04416,A19283,2
P04416,A19284,3
P04416,A19285,5
P04416,A19286,6
P04416,A19287,8
P04416,A19288,9
P04417,A00877,5
P04417,A01421,6
P04417,A03044,2
P04417,A09777,3
P04417,A12418,1
P04417,A19289,4
P04418,A03589,4
P04418,A19290,1
P04418,A19291,2
P04418,A19292,3
P04419,A19293,1
P04419,A19294,2
P04419,A19295,3
P04419,A19296,4
P04419,A19297,5
P04419,A19298,6
P04419,A19299,7
P04419,A19300,8
P04419,A19301,9
P04419,A19302,10
P04419,A19303,11
P04419,A19304,12
P04419,A19305,13
P04419,A19306,14
P04419,A19307,15
P04420,A12823,12
P04420,A12878,19
P04420,A12883,5
P04420,A12884,6
P04420,A12886,17
P04420,A12891,10
P04420,A12894,13
P04420,A12895,8
P04420,A12897,4
P04420,A12898,16
P04420,A12899,3
P04420,A12900,22
P04420,A12905,2
P04420,A12906,18
P04420,A12907,20
P04420,A12908,21
P04420,A12909,9
P04420,A13135,15
P04420,A14624,1
P04420,A19151,7
P04420,A19308,11
P04420,A19309,14
P04421,A12823,9
P04421,A12825,29
P04421,A12883,7
P04421,A12884,3
P04421,A12887,15
P04421,A12891,8
P04421,A12893,10
P04421,A12894,11
P04421,A12895,22
P04421,A12896,13
P04421,A12897,23
P04421,A12899,14
P04421,A12900,27
P04421,A12904,21
P04421,A12905,2
P04421,A12906,24
P04421,A12907,25
P04421,A12908,26
P04421,A12909,28
P04421,A13168,12
P04421,A18344,16
P04421,A19151,20
P04421,A19310,1
P04421,A19311,4
P04421,A19312,5
P04421,A19313,6
P04421,A19314,17
P04421,A19315,18
P04421,A19316,19
P04422,A05593,1
P04422,A05594,3
P04422,A05597,5
P04422,A05598,7
P04422,A11159,4
P04422,A19317,2
P04422,A19318,6
P04423,A00727,3
P04423,A00837,6
P04423,A04470,5
P04423,A08145,4
P04423,A19319,1
P04423,A19320,2
P04424,A07288,1
P04424,A07289,2
P04424,A19321,3
P04424,A19322,4
P04424,A19323,5
P04424,A19324,6
P04424,A19325,7
P04424,A19326,8
P04424,A19327,9
P04424,A19328,10
P04424,A19329,11
P04425,A06971,7
P04425,A07157,3
P04425,A07160,8
P04425,A07167,11
P04425,A08081,2
P04425,A08083,10
P04425,A13332,1
P04425,A13335,4
P04425,A13336,9
P04425,A13337,6
P04425,A19330,5
P04426,A04995,5
P04426,A04996,106
P04426,A04998,86
P04426,A05003,92
P04426,A07493,33
P04426,A07581,109
P04426,A07585,15
P04426,A09889,16
P04426,A12313,101
P04426,A12337,20
P04426,A12359,67
P04426,A12360,69
P04426,A12385,119
P04426,A14213,48
P04426,A14217,121
P04426,A14227,10
P04426,A14235,38
P04426,A14243,65
P04426,A14245,83
P04426,A14251,132
P04426,A18207,103
P04426,A18212,113
P04426,A19230,73
P04426,A19238,63
P04426,A19331,1
P04426,A19332,2
P04426,A19333,3
P04426,A19334,4
P04426,A19335,6
P04426,A19336,7
P04426,A19337,8
P04426,A19338,9
P04426,A19339,11
P04426,A19340,12
P04426,A19341,13
P04426,A19342,14
P04426,A19343,17
P04426,A19344,18
P04426,A19345,19
P04426,A19346,21
P04426,A19347,22
P04426,A19348,23
P04426,A19349,24
P04426,A19350,25
P04426,A19351,26
P04426,A19352,27
P04426,A19353,28
P04426,A19354,29
P04426,A19355,30
P04426,A19356,31
P04426,A19357,32
P04426,A19358,34
P04426,A19359,35
P04426,A19360,36
P04426,A19361,37
P04426,A19362,39
P04426,A19363,40
P04426,A19364,41
P04426,A19365,42
P04426,A19366,43
P04426,A19367,44
P04426,A19368,45
P04426,A19369,46
P04426,A19370,47
P04426,A19371,49
P04426,A19372,50
P04426,A19373,51
P04426,A19374,52
P04426,A19375,53
P04426,A19376,54
P04426,A19377,55
P04426,A19378,56
P04426,A19379,57
P04426,A19380,58
P04426,A19381,59
P04426,A19382,60
P04426,A19383,61
P04426,A19384,62
P04426,A19385,64
P04426,A19386,66
P04426,A19387,68
P04426,A19388,70
P04426,A19389,71
P04426,A19390,72
P04426,A19391,74
P04426,A19392,75
P04426,A19393,76
P04426,A19394,77
P04426,A19395,78
P04426,A19396,79
P04426,A19397,80
P04426,A19398,81
P04426,A19399,82
P04426,A19400,84
P04426,A19401,85
P04426,A19402,87
P04426,A19403,88
P04426,A19404,89
P04426,A19405,90
P04426,A19406,91
P04426,A19407,93
P04426,A19408,94
P04426,A19409,95
P04426,A19410,96
P04426,A19411,97
P04426,A19412,98
P04426,A19413,99
P04426,A19414,100
P04426,A19415,102
P04426,A19416,104
P04426,A19417,105
P04426,A19418,107
P04426,A19419,108
P04426,A19420,110
P04426,A19421,111
P04426,A19422,112
P04426,A19423,114
P04426,A19424,115
P04426,A19425,116
P04426,A19426,117
P04426,A19427,118
P04426,A19428,120
P04426,A19429,122
P04426,A19430,123
P04426,A19431,124
P04426,A19432,125
P04426,A19433,126
P04426,A19434,127
P04426,A19435,128
P04426,A19436,129
P04426,A19437,130
P04426,A19438,131
P04426,A19439,133
P04426,A19440,134
P04426,A19441,135
P04426,A19442,136
P04426,A19443,137
P04426,A19444,138
P04426,A19445,139
P04426,A19446,140
P04427,A19447,1
P04427,A19448,2
P04427,A19449,3
P04427,A19450,4
P04428,A04830,10
P04428,A04888,11
P04428,A08195,4
P04428,A08196,2
P04428,A08198,3
P04428,A09633,6
P04428,A11731,5
P04428,A11733,1
P04428,A19451,7
P04428,A19452,8
P04428,A19453,9
P04429,A12687,4
P04429,A12693,5
P04429,A13854,15
P04429,A14928,6
P04429,A15220,9
P04429,A15779,11
P04429,A16526,7
P04429,A16527,8
P04429,A16528,12
P04429,A18917,1
P04429,A19273,3
P04429,A19454,2
P04429,A19455,10
P04429,A19456,13
P04429,A19457,14
P04430,A11778,5
P04430,A15163,6
P04430,A15369,4
P04430,A15491,3
P04430,A15685,2
P04430,A19458,1
P04431,A19459,1
P04431,A19460,2
P04432,A00001,5
P04432,A02997,4
P04432,A11878,8
P04432,A19461,1
P04432,A19462,2
P04432,A19463,3
P04432,A19464,6
P04432,A19465,7
P04433,A19466,1
P04433,A19467,2
P04433,A19468,3
P04434,A00447,2
P04434,A00709,6
P04434,A00747,7
P04434,A01288,8
P04434,A07518,1
P04434,A07634,3
P04434,A19469,4
P04434,A19470,5
P04435,A12013,17
P04435,A12063,7
P04435,A14065,3
P04435,A15775,24
P04435,A16071,23
P04435,A17494,10
P04435,A18449,8
P04435,A18450,22
P04435,A18503,16
P04435,A18508,11
P04435,A18553,9
P04435,A18564,13
P04435,A19188,19
P04435,A19471,1
P04435,A19472,2
P04435,A19473,4
P04435,A19474,5
P04435,A19475,6
P04435,A19476,12
P04435,A19477,14
P04435,A19478,15
P04435,A19479,18
P04435,A19480,20
P04435,A19481,21
P04435,A19482,25
P04436,A01721,7
P04436,A17745,5
P04436,A19483,1
P04436,A19484,2
P04436,A19485,3
P04436,A19486,4
P04436,A19487,6
P04436,A19488,8
P04436,A19489,9
P04436,A19490,10
P04436,A19491,11
P04437,A06816,4
P04437,A12012,15
P04437,A12025,9
P04437,A13411,6
P04437,A13574,11
P04437,A13575,3
P04437,A15907,12
P04437,A17100,10
P04437,A18516,1
P04437,A18655,7
P04437,A19492,2
P04437,A19493,5
P04437,A19494,8
P04437,A19495,13
P04437,A19496,14
P04438,A01233,3
P04438,A08038,9
P04438,A08309,2
P04438,A11904,6
P04438,A12092,1
P04438,A13220,4
P04438,A19497,5
P04438,A19498,7
P04438,A19499,8
P04438,A19500,10
P04438,A19501,11
P04438,A19502,12
P04438,A19503,13
P04438,A19504,14
P04439,A13250,2
P04439,A13253,3
P04439,A15794,4
P04439,A17571,7
P04439,A17576,5
P04439,A19505,1
P04439,A19506,6
P04440,A18710,4
P04440,A19507,1
P04440,A19508,2
P04440,A19509,3
P04441,A12011,9
P04441,A12057,7
P04441,A14151,21
P04441,A14183,6
P04441,A16071,20
P04441,A17494,23
P04441,A17509,18
P04441,A17566,4
P04441,A17571,22
P04441,A18502,8
P04441,A18509,16
P04441,A18536,10
P04441,A18541,2
P04441,A18550,17
P04441,A19510,1
P04441,A19511,3
P04441,A19512,5
P04441,A19513,11
P04441,A19514,12
P04441,A19515,13
P04441,A19516,14
P04441,A19517,15
P04441,A19518,19
P04442,A12718,12
P04442,A14184,5
P04442,A15777,1
P04442,A16239,13
P04442,A17499,3
P04442,A18121,11
P04442,A18123,8
P04442,A19519,2
P04442,A19520,4
P04442,A19521,6
P04442,A19522,7
P04442,A19523,9
P04442,A19524,10
P04443,A01668,7
P04443,A01669,2
P04443,A01831,5
P04443,A07131,8
P04443,A07518,6
P04443,A19525,1
P04443,A19526,3
P04443,A19527,4
P04443,A19528,9
P04443,A19529,10
P04444,A01739,8
P04444,A02252,2
P04444,A02253,6
P04444,A02407,3
P04444,A03058,7
P04444,A04699,4
P04444,A07996,9
P04444,A07997,10
P04444,A08012,5
P04444,A09802,13
P04444,A11879,15
P04444,A11901,11
P04444,A11902,12
P04444,A19530,1
P04444,A19531,14
P04445,A04655,3
P04445,A07441,2
P04445,A12834,1
P04446,A18915,2
P04446,A19532,1
P04446,A19533,3
P04446,A19534,4
P04446,A19535,5
P04446,A19536,6
P04446,A19537,7
P04446,A19538,8
P04447,A00511,3
P04447,A00562,10
P04447,A01543,15
P04447,A01915,12
P04447,A02327,7
P04447,A02451,16
P04447,A04469,14
P04447,A04489,6
P04447,A07673,17
P04447,A07929,8
P04447,A07930,11
P04447,A12221,9
P04447,A12967,1
P04447,A12968,2
P04447,A16640,5
P04447,A18808,4
P04447,A19178,13
P04448,A00511,3
P04448,A01421,4
P04448,A01977,8
P04448,A02327,7
P04448,A04489,5
P04448,A12967,1
P04448,A12968,2
P04448,A16640,6
P04449,A00562,4
P04449,A02240,5
P04449,A02844,3
P04449,A10127,1
P04449,A12672,2
P04450,A19539,1
P04451,A19540,1
P04451,A19541,2
P04451,A19542,3
P04451,A19543,4
P04451,A19544,5
P04451,A19545,6
P04451,A19546,7
P04451,A19547,8
P04451,A19548,9
P04451,A19549,10
P04451,A19550,11
P04451,A19551,12
P04452,A08431,1
P04452,A09499,2
P04452,A19552,3
P04452,A19553,4
P04452,A19554,5
P04453,A12031,17
P04453,A12852,19
P04453,A12854,34
P04453,A12867,4
P04453,A12868,2
P04453,A12869,1
P04453,A12870,3
P04453,A12871,6
P04453,A12872,8
P04453,A12873,9
P04453,A12874,5
P04453,A12876,10
P04453,A12897,27
P04453,A13130,33
P04453,A13134,23
P04453,A13143,32
P04453,A13154,24
P04453,A13167,25
P04453,A13189,15
P04453,A13915,18
P04453,A13916,26
P04453,A13917,31
P04453,A13919,20
P04453,A13920,21
P04453,A13922,28
P04453,A13924,30
P04453,A13932,35
P04453,A13945,22
P04453,A13963,29
P04453,A14259,16
P04453,A16401,7
P04453,A19555,11
P04453,A19556,12
P04453,A19557,13
P04453,A19558,14
P04454,A12031,16
P04454,A12854,36
P04454,A12867,1
P04454,A12869,2
P04454,A12870,4
P04454,A12871,9
P04454,A12872,6
P04454,A12873,7
P04454,A12874,10
P04454,A12876,8
P04454,A12897,26
P04454,A13128,30
P04454,A13130,34
P04454,A13134,22
P04454,A13143,13
P04454,A13154,23
P04454,A13167,24
P04454,A13189,35
P04454,A13915,17
P04454,A13916,25
P04454,A13917,33
P04454,A13919,18
P04454,A13920,20
P04454,A13922,27
P04454,A13924,31
P04454,A13925,32
P04454,A13933,3
P04454,A13941,19
P04454,A13945,21
P04454,A13963,28
P04454,A13975,37
P04454,A14258,29
P04454,A14259,14
P04454,A15757,15
P04454,A16401,5
P04454,A19555,11
P04454,A19556,12
P04455,A12031,15
P04455,A12852,18
P04455,A12854,33
P04455,A12867,4
P04455,A12869,2
P04455,A12870,1
P04455,A12871,8
P04455,A12872,6
P04455,A12873,7
P04455,A12874,9
P04455,A12876,5
P04455,A12897,26
P04455,A13130,32
P04455,A13134,22
P04455,A13143,30
P04455,A13154,23
P04455,A13167,24
P04455,A13915,16
P04455,A13916,25
P04455,A13919,19
P04455,A13920,20
P04455,A13922,27
P04455,A13932,34
P04455,A13933,3
P04455,A13945,21
P04455,A13963,28
P04455,A14259,14
P04455,A15659,31
P04455,A15757,17
P04455,A15762,10
P04455,A16401,11
P04455,A19555,12
P04455,A19556,13
P04455,A19559,29
P04456,A10089,2
P04456,A12867,5
P04456,A12868,6
P04456,A12870,4
P04456,A12873,1
P04456,A12874,9
P04456,A13920,14
P04456,A13940,12
P04456,A13967,18
P04456,A14197,7
P04456,A16401,8
P04456,A17004,13
P04456,A17006,15
P04456,A19555,10
P04456,A19556,11
P04456,A19560,3
P04456,A19561,16
P04456,A19562,17
P04456,A19563,19
P04456,A19564,20
P04457,A12031,15
P04457,A12854,32
P04457,A12867,4
P04457,A12868,5
P04457,A12869,2
P04457,A12870,3
P04457,A12872,8
P04457,A12873,9
P04457,A12874,7
P04457,A12897,23
P04457,A13128,26
P04457,A13130,30
P04457,A13134,20
P04457,A13154,21
P04457,A13189,31
P04457,A13915,16
P04457,A13916,22
P04457,A13917,29
P04457,A13919,17
P04457,A13920,19
P04457,A13922,24
P04457,A13924,27
P04457,A13925,28
P04457,A13941,18
P04457,A14258,25
P04457,A15756,6
P04457,A16401,11
P04457,A19555,1
P04457,A19556,12
P04457,A19565,10
P04457,A19566,13
P04457,A19567,14
P04458,A01269,13
P04458,A01270,9
P04458,A03756,14
P04458,A04272,2
P04458,A04273,3
P04458,A05626,5
P04458,A07187,1
P04458,A19568,4
P04458,A19569,6
P04458,A19570,7
P04458,A19571,8
P04458,A19572,10
P04458,A19573,11
P04458,A19574,12
P04458,A19575,15
P04458,A19576,16
P04458,A19577,17
P04458,A19578,18
P04459,A00717,5
P04459,A01797,1
P04459,A03406,2
P04459,A19579,3
P04459,A19580,4
P04460,A04064,15
P04460,A16472,17
P04460,A16481,3
P04460,A17934,8
P04460,A19581,1
P04460,A19582,2
P04460,A19583,4
P04460,A19584,5
P04460,A19585,6
P04460,A19586,7
P04460,A19587,9
P04460,A19588,10
P04460,A19589,11
P04460,A19590,12
P04460,A19591,13
P04460,A19592,14
P04460,A19593,16
P04461,A03767,26
P04461,A04256,4
P04461,A04546,16
P04461,A13901,18
P04461,A16347,24
P04461,A17056,21
P04461,A17749,27
P04461,A17774,9
P04461,A17775,7
P04461,A17776,28
P04461,A17780,8
P04461,A17782,22
P04461,A17786,14
P04461,A17787,12
P04461,A17794,19
P04461,A17796,23
P04461,A18313,20
P04461,A19594,1
P04461,A19595,2
P04461,A19596,3
P04461,A19597,5
P04461,A19598,6
P04461,A19599,10
P04461,A19600,11
P04461,A19601,13
P04461,A19602,15
P04461,A19603,17
P04461,A19604,25
P04462,A00849,7
P04462,A01773,6
P04462,A01821,5
P04462,A02125,8
P04462,A02543,11
P04462,A02600,2
P04462,A03904,4
P04462,A14193,1
P04462,A19605,3
P04462,A19606,9
P04462,A19607,10
P04463,A00843,6
P04463,A02600,2
P04463,A05821,3
P04463,A11943,1
P04463,A19608,4
P04463,A19609,5
P04464,A02286,2
P04464,A02327,1
P04464,A05295,3
P04465,A04549,19
P04465,A12564,5
P04465,A12565,2
P04465,A19610,1
P04465,A19611,3
P04465,A19612,4
P04465,A19613,6
P04465,A19614,7
P04465,A19615,8
P04465,A19616,9
P04465,A19617,10
P04465,A19618,11
P04465,A19619,12
P04465,A19620,13
P04465,A19621,14
P04465,A19622,15
P04465,A19623,16
P04465,A19624,17
P04465,A19625,18
P04465,A19626,20
P04465,A19627,21
P04465,A19628,22
P04465,A19629,23
P04465,A19630,24
P04465,A19631,25
P04465,A19632,26
P04465,A19633,27
P04465,A19634,28
P04465,A19635,29
P04465,A19636,30
P04465,A19637,31
P04465,A19638,32
P04466,A01983,5
P04466,A02297,1
P04466,A04755,4
P04466,A05121,2
P04466,A06867,3
P04466,A09567,6
P04467,A13195,8
P04467,A14603,2
P04467,A14790,3
P04467,A15531,4
P04467,A16352,6
P04467,A18218,7
P04467,A18363,5
P04467,A19639,1
P04468,A19640,1
P04468,A19641,2
P04468,A19642,3
P04468,A19643,4
P04469,A07574,1
P04469,A09768,30
P04469,A10283,25
P04469,A19644,2
P04469,A19645,3
P04469,A19646,4
P04469,A19647,5
P04469,A19648,6
P04469,A19649,7
P04469,A19650,8
P04469,A19651,9
P04469,A19652,10
P04469,A19653,11
P04469,A19654,12
P04469,A19655,13
P04469,A19656,14
P04469,A19657,15
P04469,A19658,16
P04469,A19659,17
P04469,A19660,18
P04469,A19661,19
P04469,A19662,20
P04469,A19663,21
P04469,A19664,22
P04469,A19665,23
P04469,A19666,24
P04469,A19667,26
P04469,A19668,27
P04469,A19669,28
P04469,A19670,29
P04469,A19671,31
P04469,A19672,32
P04469,A19673,33
P04469,A19674,34
P04469,A19675,35
P04469,A19676,36
P04469,A19677,37
P04469,A19678,38
P04470,A00824,9
P04470,A01383,2
P04470,A05290,6
P04470,A07808,1
P04470,A14655,8
P04470,A17682,3
P04470,A19679,4
P04470,A19680,5
P04470,A19681,7
P04471,A08460,7
P04471,A08461,5
P04471,A08462,8
P04471,A08463,1
P04471,A19682,2
P04471,A19683,3
P04471,A19684,4
P04471,A19685,6
P04472,A13341,25
P04472,A13726,4
P04472,A14097,23
P04472,A14283,18
P04472,A14612,2
P04472,A15491,24
P04472,A18018,20
P04472,A19686,1
P04472,A19687,3
P04472,A19688,5
P04472,A19689,6
P04472,A19690,7
P04472,A19691,8
P04472,A19692,9
P04472,A19693,10
P04472,A19694,11
P04472,A19695,12
P04472,A19696,13
P04472,A19697,14
P04472,A19698,15
P04472,A19699,16
P04472,A19700,17
P04472,A19701,19
P04472,A19702,21
P04472,A19703,22
P04472,A19704,26
P04473,A03180,3
P04473,A03473,1
P04473,A19705,2
P04473,A19706,4
P04473,A19707,5
P04473,A19708,6
P04473,A19709,7
P04474,A14056,28
P04474,A14060,9
P04474,A14062,8
P04474,A14063,6
P04474,A14069,11
P04474,A14070,12
P04474,A14071,2
P04474,A14075,18
P04474,A14086,30
P04474,A14088,24
P04474,A14091,10
P04474,A14094,31
P04474,A14826,4
P04474,A14932,15
P04474,A15052,21
P04474,A15391,22
P04474,A15481,23
P04474,A17416,1
P04474,A17417,26
P04474,A17418,3
P04474,A17419,5
P04474,A17420,27
P04474,A17422,7
P04474,A17423,17
P04474,A17424,20
P04474,A17425,19
P04474,A17426,25
P04474,A17427,29
P04474,A18515,14
P04474,A18518,16
P04474,A18562,13
P04475,A13255,4
P04475,A14151,8
P04475,A14831,11
P04475,A14906,2
P04475,A17568,1
P04475,A17573,6
P04475,A18506,7
P04475,A18515,14
P04475,A19710,3
P04475,A19711,5
P04475,A19712,9
P04475,A19713,10
P04475,A19714,12
P04475,A19715,13
P04476,A13538,2
P04476,A19716,1
P04476,A19717,3
P04476,A19718,4
P04476,A19719,5
P04476,A19720,6
P04476,A19721,7
P04477,A00130,15
P04477,A00791,4
P04477,A01482,1
P04477,A01483,6
P04477,A01484,10
P04477,A01981,7
P04477,A03396,5
P04477,A03680,8
P04477,A05047,3
P04477,A07851,12
P04477,A18757,11
P04477,A19722,2
P04477,A19723,9
P04477,A19724,13
P04477,A19725,14
P04478,A19726,1
P04478,A19727,2
P04478,A19728,3
P04478,A19729,4
P04478,A19730,5
P04478,A19731,6
P04479,A05523,2
P04479,A11258,1
P04480,A07156,5
P04480,A07160,9
P04480,A08081,7
P04480,A11658,4
P04480,A13336,8
P04480,A19732,1
P04480,A19733,2
P04480,A19734,3
P04480,A19735,6
P04480,A19736,10
P04480,A19737,11
P04480,A19738,12
P04481,A10089,2
P04481,A12031,15
P04481,A12854,33
P04481,A12867,4
P04481,A12870,5
P04481,A12872,8
P04481,A12873,3
P04481,A12874,9
P04481,A13128,27
P04481,A13917,30
P04481,A13920,19
P04481,A13924,28
P04481,A13963,25
P04481,A14198,6
P04481,A16401,1
P04481,A17004,20
P04481,A17006,23
P04481,A19555,10
P04481,A19556,11
P04481,A19562,12
P04481,A19563,21
P04481,A19564,22
P04481,A19739,7
P04481,A19740,13
P04481,A19741,14
P04481,A19742,16
P04481,A19743,17
P04481,A19744,18
P04481,A19745,24
P04481,A19746,26
P04481,A19747,29
P04481,A19748,31
P04481,A19749,32
P04482,A03492,9
P04482,A11467,11
P04482,A17016,15
P04482,A17027,22
P04482,A17030,6
P04482,A17036,5
P04482,A17049,17
P04482,A17058,19
P04482,A17944,20
P04482,A19583,13
P04482,A19750,1
P04482,A19751,2
P04482,A19752,3
P04482,A19753,4
P04482,A19754,7
P04482,A19755,8
P04482,A19756,10
P04482,A19757,12
P04482,A19758,14
P04482,A19759,16
P04482,A19760,18
P04482,A19761,21
P04482,A19762,23
P04482,A19763,24
P04482,A19764,25
P04483,A06967,7
P04483,A07143,9
P04483,A07160,8
P04483,A19765,1
P04483,A19766,2
P04483,A19767,3
P04483,A19768,4
P04483,A19769,5
P04483,A19770,6
P04484,A10089,9
P04484,A12054,12
P04484,A12870,4
P04484,A13944,1
P04484,A14198,2
P04484,A16378,7
P04484,A17004,17
P04484,A17006,10
P04484,A19555,3
P04484,A19562,8
P04484,A19564,5
P04484,A19742,15
P04484,A19748,11
P04484,A19771,6
P04484,A19772,13
P04484,A19773,14
P04484,A19774,16
P04485,A12823,5
P04485,A12836,3
P04485,A12837,8
P04485,A12838,2
P04485,A12842,4
P04485,A14749,10
P04485,A17469,6
P04485,A19775,1
P04485,A19776,7
P04485,A19777,9
P04486,A08132,19
P04486,A16771,3
P04486,A16772,2
P04486,A16774,8
P04486,A16775,7
P04486,A16777,15
P04486,A16778,18
P04486,A16779,6
P04486,A16787,20
P04486,A16788,17
P04486,A16790,10
P04486,A16791,11
P04486,A16799,16
P04486,A18108,13
P04486,A18111,12
P04486,A19778,1
P04486,A19779,4
P04486,A19780,5
P04486,A19781,9
P04486,A19782,14
P04487,A08132,27
P04487,A10211,9
P04487,A13695,13
P04487,A15240,24
P04487,A15977,23
P04487,A16773,6
P04487,A16774,3
P04487,A16775,4
P04487,A16778,2
P04487,A16781,12
P04487,A16782,33
P04487,A16785,1
P04487,A16787,32
P04487,A16789,15
P04487,A16790,7
P04487,A16791,8
P04487,A16793,11
P04487,A16803,30
P04487,A16804,31
P04487,A17419,28
P04487,A18103,18
P04487,A18108,16
P04487,A18110,21
P04487,A18111,34
P04487,A18112,14
P04487,A18113,17
P04487,A18114,19
P04487,A18115,22
P04487,A19778,10
P04487,A19783,5
P04487,A19784,20
P04487,A19785,25
P04487,A19786,26
P04487,A19787,29
P04487,A19788,35
P04488,A19789,1
P04488,A19790,2
P04488,A19791,3
P04488,A19792,4
P04488,A19793,5
P04488,A19794,6
P04488,A19795,7
P04489,A07086,2
P04489,A19796,1
P04489,A19797,3
P04489,A19798,4
P04489,A19799,5
P04490,A19100,2
P04490,A19726,1
P04491,A14056,23
P04491,A14060,12
P04491,A14063,7
P04491,A14066,6
P04491,A14068,15
P04491,A14069,14
P04491,A14070,16
P04491,A14075,18
P04491,A14091,13
P04491,A14097,25
P04491,A14934,17
P04491,A15391,4
P04491,A15481,22
P04491,A17419,21
P04491,A17420,5
P04491,A17421,2
P04491,A17422,8
P04491,A17424,19
P04491,A17795,24
P04491,A18538,1
P04491,A19800,3
P04491,A19801,9
P04491,A19802,10
P04491,A19803,11
P04491,A19804,20
P04492,A08525,7
P04492,A16821,3
P04492,A19805,1
P04492,A19806,2
P04492,A19807,4
P04492,A19808,5
P04492,A19809,6
P04493,A13698,14
P04493,A13703,9
P04493,A13708,15
P04493,A13709,5
P04493,A13712,16
P04493,A14219,4
P04493,A15240,13
P04493,A16778,12
P04493,A16782,11
P04493,A16994,3
P04493,A18684,2
P04493,A19810,1
P04493,A19811,6
P04493,A19812,7
P04493,A19813,8
P04493,A19814,10
P04493,A19815,17
P04493,A19816,18
P04493,A19817,19
P04493,A19818,20
P04493,A19819,21
P04493,A19820,22
P04493,A19821,23
P04494,A12972,5
P04494,A16330,2
P04494,A16332,6
P04494,A16333,4
P04494,A19822,1
P04494,A19823,3
P04495,A02620,11
P04495,A03214,14
P04495,A03408,2
P04495,A10902,3
P04495,A11412,10
P04495,A16224,1
P04495,A16226,4
P04495,A16228,5
P04495,A18422,6
P04495,A19824,7
P04495,A19825,8
P04495,A19826,9
P04495,A19827,12
P04495,A19828,13
P04496,A14994,14
P04496,A18529,6
P04496,A18864,10
P04496,A19829,1
P04496,A19830,2
P04496,A19831,3
P04496,A19832,4
P04496,A19833,5
P04496,A19834,7
P04496,A19835,8
P04496,A19836,9
P04496,A19837,11
P04496,A19838,12
P04496,A19839,13
P04496,A19840,15
P04496,A19841,16
P04496,A19842,17
P04497,A19843,1
P04497,A19844,2
P04497,A19845,3
P04497,A19846,4
P04497,A19847,5
P04497,A19848,6
P04497,A19849,7
P04497,A19850,8
P04497,A19851,9
P04497,A19852,10
P04497,A19853,11
P04497,A19854,12
P04497,A19855,13
P04497,A19856,14
P04497,A19857,15
P04497,A19858,16
P04497,A19859,17
P04497,A19860,18
P04497,A19861,19
P04497,A19862,20
P04497,A19863,21
P04498,A02226,18
P04498,A03255,19
P04498,A03581,27
P04498,A03584,3
P04498,A03869,202
P04498,A04551,1
P04498,A04671,28
P04498,A04843,196
P04498,A07196,37
P04498,A07316,109
P04498,A07379,110
P04498,A11745,81
P04498,A11754,20
P04498,A11756,120
P04498,A12496,166
P04498,A12507,183
P04498,A12813,82
P04498,A14130,33
P04498,A14610,25
P04498,A16372,31
P04498,A16449,148
P04498,A16452,74
P04498,A16468,104
P04498,A17182,95
P04498,A17187,102
P04498,A17188,140
P04498,A17191,62
P04498,A17192,142
P04498,A17193,153
P04498,A17194,53
P04498,A17195,56
P04498,A17196,57
P04498,A17197,58
P04498,A17198,60
P04498,A17200,63
P04498,A17201,64
P04498,A17202,65
P04498,A17203,66
P04498,A17204,67
P04498,A17205,68
P04498,A17206,69
P04498,A17207,70
P04498,A17209,71
P04498,A17210,72
P04498,A17211,76
P04498,A17212,77
P04498,A17214,78
P04498,A17215,79
P04498,A17216,80
P04498,A17218,83
P04498,A17219,84
P04498,A17220,85
P04498,A17221,87
P04498,A17222,88
P04498,A17223,90
P04498,A17224,91
P04498,A17225,92
P04498,A17226,93
P04498,A17227,94
P04498,A17228,96
P04498,A17229,98
P04498,A17230,99
P04498,A17232,100
P04498,A17234,101
P04498,A17235,105
P04498,A17236,107
P04498,A17237,111
P04498,A17238,112
P04498,A17239,113
P04498,A17240,114
P04498,A17241,115
P04498,A17243,117
P04498,A17244,118
P04498,A17245,119
P04498,A17246,123
P04498,A17247,126
P04498,A17248,127
P04498,A17249,130
P04498,A17250,131
P04498,A17251,132
P04498,A17252,133
P04498,A17253,134
P04498,A17254,135
P04498,A17255,136
P04498,A17256,137
P04498,A17257,138
P04498,A17258,139
P04498,A17259,141
P04498,A17260,144
P04498,A17261,40
P04498,A17262,146
P04498,A17263,147
P04498,A17264,149
P04498,A17265,152
P04498,A17267,156
P04498,A17269,157
P04498,A17270,158
P04498,A17271,159
P04498,A17272,160
P04498,A17273,162
P04498,A17274,163
P04498,A17275,164
P04498,A17276,165
P04498,A17277,168
P04498,A17279,169
P04498,A17280,170
P04498,A17281,171
P04498,A17282,172
P04498,A17283,173
P04498,A17285,174
P04498,A17286,175
P04498,A17288,24
P04498,A17289,176
P04498,A17290,177
P04498,A17291,178
P04498,A17292,179
P04498,A17293,180
P04498,A17294,182
P04498,A17295,185
P04498,A17297,186
P04498,A17298,187
P04498,A17299,189
P04498,A17300,190
P04498,A17302,191
P04498,A17303,192
P04498,A17304,193
P04498,A17305,194
P04498,A17307,197
P04498,A17311,198
P04498,A17319,200
P04498,A17328,199
P04498,A17332,75
P04498,A17339,86
P04498,A17348,10
P04498,A17379,181
P04498,A18887,54
P04498,A18888,14
P04498,A18895,195
P04498,A19025,15
P04498,A19864,2
P04498,A19865,4
P04498,A19866,5
P04498,A19867,6
P04498,A19868,7
P04498,A19869,8
P04498,A19870,9
P04498,A19871,11
P04498,A19872,12
P04498,A19873,13
P04498,A19874,16
P04498,A19875,17
P04498,A19876,21
P04498,A19877,22
P04498,A19878,23
P04498,A19879,26
P04498,A19880,29
P04498,A19881,30
P04498,A19882,32
P04498,A19883,34
P04498,A19884,35
P04498,A19885,36
P04498,A19886,38
P04498,A19887,39
P04498,A19888,41
P04498,A19889,42
P04498,A19890,43
P04498,A19891,44
P04498,A19892,45
P04498,A19893,46
P04498,A19894,47
P04498,A19895,48
P04498,A19896,49
P04498,A19897,50
P04498,A19898,51
P04498,A19899,52
P04498,A19900,55
P04498,A19901,59
P04498,A19902,61
P04498,A19903,73
P04498,A19904,89
P04498,A19905,97
P04498,A19906,103
P04498,A19907,106
P04498,A19908,108
P04498,A19909,116
P04498,A19910,121
P04498,A19911,122
P04498,A19912,124
P04498,A19913,125
P04498,A19914,128
P04498,A19915,129
P04498,A19916,143
P04498,A19917,145
P04498,A19918,150
P04498,A19919,151
P04498,A19920,154
P04498,A19921,155
P04498,A19922,161
P04498,A19923,167
P04498,A19924,184
P04498,A19925,188
P04498,A19926,201
P04499,A02226,113
P04499,A03255,4
P04499,A03581,21
P04499,A03584,26
P04499,A03869,264
P04499,A04545,2
P04499,A04546,23
P04499,A04551,1
P04499,A04671,27
P04499,A04843,256
P04499,A07196,63
P04499,A07316,169
P04499,A07379,170
P04499,A11353,29
P04499,A11466,101
P04499,A11745,141
P04499,A11746,50
P04499,A11754,5
P04499,A11756,180
P04499,A12496,223
P04499,A12507,243
P04499,A12813,142
P04499,A14130,44
P04499,A14134,111
P04499,A14610,15
P04499,A15463,230
P04499,A16372,138
P04499,A16452,135
P04499,A16468,165
P04499,A17182,154
P04499,A17187,163
P04499,A17188,199
P04499,A17192,201
P04499,A17193,208
P04499,A17194,16
P04499,A17195,116
P04499,A17196,117
P04499,A17197,119
P04499,A17198,121
P04499,A17200,124
P04499,A17202,125
P04499,A17203,127
P04499,A17204,128
P04499,A17205,129
P04499,A17206,130
P04499,A17207,131
P04499,A17209,132
P04499,A17210,133
P04499,A17211,136
P04499,A17212,137
P04499,A17214,36
P04499,A17215,139
P04499,A17216,140
P04499,A17218,143
P04499,A17219,145
P04499,A17220,146
P04499,A17221,147
P04499,A17222,42
P04499,A17224,149
P04499,A17225,150
P04499,A17226,151
P04499,A17227,153
P04499,A17228,155
P04499,A17229,158
P04499,A17230,159
P04499,A17232,160
P04499,A17233,161
P04499,A17234,162
P04499,A17235,166
P04499,A17236,168
P04499,A17237,171
P04499,A17238,172
P04499,A17239,173
P04499,A17240,174
P04499,A17241,175
P04499,A17243,177
P04499,A17244,178
P04499,A17245,179
P04499,A17246,182
P04499,A17247,185
P04499,A17248,186
P04499,A17249,189
P04499,A17250,190
P04499,A17251,191
P04499,A17252,192
P04499,A17253,193
P04499,A17254,194
P04499,A17255,195
P04499,A17256,196
P04499,A17257,197
P04499,A17258,198
P04499,A17259,200
P04499,A17260,203
P04499,A17262,204
P04499,A17263,77
P04499,A17264,205
P04499,A17265,207
P04499,A17266,209
P04499,A17267,212
P04499,A17269,213
P04499,A17270,214
P04499,A17271,215
P04499,A17272,217
P04499,A17273,219
P04499,A17274,220
P04499,A17275,221
P04499,A17276,222
P04499,A17277,225
P04499,A17278,226
P04499,A17279,228
P04499,A17280,95
P04499,A17281,229
P04499,A17282,231
P04499,A17283,232
P04499,A17284,233
P04499,A17285,234
P04499,A17286,235
P04499,A17288,13
P04499,A17289,236
P04499,A17290,237
P04499,A17291,238
P04499,A17292,239
P04499,A17293,240
P04499,A17294,242
P04499,A17295,245
P04499,A17297,246
P04499,A17298,247
P04499,A17299,106
P04499,A17300,249
P04499,A17302,251
P04499,A17303,252
P04499,A17304,253
P04499,A17305,254
P04499,A17307,257
P04499,A17309,259
P04499,A17311,260
P04499,A17319,263
P04499,A17323,118
P04499,A17328,261
P04499,A17342,43
P04499,A17348,51
P04499,A17355,188
P04499,A17369,87
P04499,A17379,241
P04499,A17939,88
P04499,A18886,67
P04499,A18887,17
P04499,A18888,12
P04499,A18895,255
P04499,A19022,76
P04499,A19864,3
P04499,A19865,73
P04499,A19866,81
P04499,A19867,104
P04499,A19868,14
P04499,A19869,31
P04499,A19871,58
P04499,A19872,92
P04499,A19874,105
P04499,A19875,108
P04499,A19876,7
P04499,A19877,9
P04499,A19878,11
P04499,A19879,20
P04499,A19880,33
P04499,A19881,34
P04499,A19882,38
P04499,A19883,48
P04499,A19884,52
P04499,A19885,53
P04499,A19886,56
P04499,A19887,62
P04499,A19889,82
P04499,A19891,90
P04499,A19892,91
P04499,A19893,100
P04499,A19895,103
P04499,A19898,109
P04499,A19899,115
P04499,A19901,120
P04499,A19902,123
P04499,A19903,134
P04499,A19904,148
P04499,A19905,157
P04499,A19906,164
P04499,A19907,167
P04499,A19908,60
P04499,A19909,176
P04499,A19910,181
P04499,A19911,59
P04499,A19912,183
P04499,A19913,184
P04499,A19914,187
P04499,A19916,202
P04499,A19918,206
P04499,A19919,83
P04499,A19920,210
P04499,A19921,211
P04499,A19922,218
P04499,A19923,224
P04499,A19924,244
P04499,A19925,248
P04499,A19926,71
P04499,A19927,6
P04499,A19928,8
P04499,A19929,10
P04499,A19930,18
P04499,A19931,19
P04499,A19932,22
P04499,A19933,24
P04499,A19934,25
P04499,A19935,28
P04499,A19936,30
P04499,A19937,32
P04499,A19938,35
P04499,A19939,37
P04499,A19940,39
P04499,A19941,40
P04499,A19942,41
P04499,A19943,45
P04499,A19944,46
P04499,A19945,47
P04499,A19946,49
P04499,A19947,54
P04499,A19948,55
P04499,A19949,57
P04499,A19950,61
P04499,A19951,64
P04499,A19952,65
P04499,A19953,66
P04499,A19954,68
P04499,A19955,69
P04499,A19956,70
P04499,A19957,72
P04499,A19958,74
P04499,A19959,75
P04499,A19960,78
P04499,A19961,79
P04499,A19962,80
P04499,A19963,84
P04499,A19964,85
P04499,A19965,86
P04499,A19966,89
P04499,A19967,93
P04499,A19968,94
P04499,A19969,96
P04499,A19970,97
P04499,A19971,98
P04499,A19972,99
P04499,A19973,102
P04499,A19974,107
P04499,A19975,110
P04499,A19976,112
P04499,A19977,114
P04499,A19978,122
P04499,A19979,126
P04499,A19980,144
P04499,A19981,152
P04499,A19982,156
P04499,A19983,216
P04499,A19984,227
P04499,A19985,250
P04499,A19986,258
P04499,A19987,262
P04500,A06804,15
P04500,A07904,20
P04500,A12687,13
P04500,A12688,8
P04500,A15175,16
P04500,A15220,17
P04500,A15778,12
P04500,A15779,2
P04500,A16526,10
P04500,A16527,21
P04500,A16528,9
P04500,A19050,4
P04500,A19273,19
P04500,A19279,18
P04500,A19280,1
P04500,A19988,3
P04500,A19989,5
P04500,A19990,6
P04500,A19991,7
P04500,A19992,11
P04500,A19993,14
P04501,A10087,5
P04501,A11792,17
P04501,A16393,12
P04501,A16996,10
P04501,A16999,18
P04501,A17000,6
P04501,A17001,14
P04501,A17002,9
P04501,A17003,2
P04501,A17004,11
P04501,A17005,13
P04501,A17006,16
P04501,A17008,4
P04501,A17009,3
P04501,A17011,8
P04501,A19994,1
P04501,A19995,7
P04501,A19996,15
P04502,A18094,8
P04502,A18096,5
P04502,A18097,2
P04502,A19997,1
P04502,A19998,3
P04502,A19999,4
P04502,A20000,6
P04502,A20001,7
P04502,A20002,9
P04502,A20003,10
P04503,A15977,14
P04503,A16773,4
P04503,A16774,15
P04503,A16775,8
P04503,A16778,7
P04503,A16782,24
P04503,A16787,19
P04503,A16788,12
P04503,A16790,17
P04503,A16791,20
P04503,A16797,22
P04503,A16799,13
P04503,A16803,25
P04503,A18108,11
P04503,A18109,16
P04503,A18110,23
P04503,A18111,9
P04503,A18113,1
P04503,A18116,5
P04503,A19788,6
P04503,A20004,2
P04503,A20005,3
P04503,A20006,10
P04503,A20007,18
P04503,A20008,21
P04504,A10089,6
P04504,A12031,21
P04504,A12854,27
P04504,A12867,7
P04504,A12870,4
P04504,A12873,10
P04504,A13128,24
P04504,A13194,5
P04504,A13917,15
P04504,A13920,19
P04504,A13937,30
P04504,A13944,2
P04504,A14198,1
P04504,A17004,22
P04504,A17006,17
P04504,A19555,3
P04504,A19562,12
P04504,A19563,20
P04504,A19564,14
P04504,A19565,11
P04504,A19740,28
P04504,A19742,13
P04504,A19744,18
P04504,A19745,23
P04504,A19747,25
P04504,A19749,26
P04504,A19772,8
P04504,A20009,9
P04504,A20010,16
P04504,A20011,29
P04504,A20012,31
P04504,A20013,32
P04504,A20014,33
P04504,A20015,34
P04505,A08324,1
P04505,A20016,2
P04505,A20017,3
P04506,A07826,18
P04506,A09202,19
P04506,A11710,37
P04506,A11899,29
P04506,A11925,26
P04506,A12018,10
P04506,A12052,2
P04506,A12869,22
P04506,A12897,33
P04506,A12898,35
P04506,A13189,12
P04506,A13776,5
P04506,A13915,21
P04506,A13927,3
P04506,A13932,6
P04506,A13939,4
P04506,A13945,27
P04506,A13975,7
P04506,A14013,8
P04506,A14259,16
P04506,A16269,1
P04506,A16357,46
P04506,A17529,32
P04506,A18080,25
P04506,A18875,36
P04506,A18876,45
P04506,A18880,15
P04506,A18881,38
P04506,A19567,17
P04506,A19823,11
P04506,A20018,9
P04506,A20019,13
P04506,A20020,14
P04506,A20021,20
P04506,A20022,23
P04506,A20023,24
P04506,A20024,28
P04506,A20025,30
P04506,A20026,31
P04506,A20027,34
P04506,A20028,39
P04506,A20029,40
P04506,A20030,41
P04506,A20031,42
P04506,A20032,43
P04506,A20033,44
P04506,A20034,47
P04507,A05205,2
P04507,A20035,1
P04507,A20036,3
P04507,A20037,4
P04508,A00562,4
P04508,A02243,2
P04508,A02846,1
P04508,A12221,3
P04509,A00605,1
P04509,A00732,2
P04509,A01477,8
P04509,A01822,11
P04509,A02464,3
P04509,A02866,10
P04509,A03527,9
P04509,A07852,6
P04509,A08474,7
P04509,A18260,5
P04509,A20038,4
P04510,A02715,6
P04510,A04959,4
P04510,A10308,2
P04510,A20039,1
P04510,A20040,3
P04510,A20041,5
P04510,A20042,7
P04510,A20043,8
P04510,A20044,9
P04510,A20045,10
P04510,A20046,11
P04511,A03530,4
P04511,A05576,2
P04511,A20047,1
P04511,A20048,3
P04511,A20049,5
P04512,A04980,1
P04512,A20050,2
P04513,A20051,1
P04513,A20052,2
P04513,A20053,3
P04513,A20054,4
P04513,A20055,5
P04513,A20056,6
P04514,A09793,6
P04514,A09794,4
P04514,A11778,3
P04514,A12609,9
P04514,A12610,2
P04514,A12617,1
P04514,A12619,7
P04514,A12642,5
P04514,A12897,8
P04515,A04073,3
P04515,A04105,4
P04515,A07443,2
P04515,A20057,1
P04516,A00353,2
P04516,A00490,12
P04516,A02193,1
P04516,A16607,4
P04516,A18722,5
P04516,A18725,3
P04516,A18727,11
P04516,A20058,6
P04516,A20059,7
P04516,A20060,8
P04516,A20061,9
P04516,A20062,10
P04516,A20063,13
P04516,A20064,14
P04516,A20065,15
P04516,A20066,16
P04516,A20067,17
P04516,A20068,18
P04516,A20069,19
P04516,A20070,20
P04517,A02353,2
P04517,A20071,1
P04517,A20072,3
P04517,A20073,4
P04517,A20074,5
P04517,A20075,6
P04517,A20076,7
P04517,A20077,8
P04518,A10069,1
P04518,A20078,2
P04518,A20079,3
P04519,A01442,2
P04519,A04300,3
P04519,A04924,4
P04519,A12552,1
P04520,A20080,1
P04520,A20081,2
P04520,A20082,3
P04521,A00605,4
P04521,A01477,2
P04521,A02464,3
P04521,A20083,1
P04522,A09227,5
P04522,A09244,4
P04522,A15020,7
P04522,A16068,6
P04522,A17951,2
P04522,A20084,1
P04522,A20085,3
P04522,A20086,8
P04523,A13894,9
P04523,A13896,8
P04523,A13906,11
P04523,A13908,10
P04523,A19964,7
P04523,A20087,1
P04523,A20088,2
P04523,A20089,3
P04523,A20090,4
P04523,A20091,5
P04523,A20092,6
P04524,A13807,3
P04524,A20093,1
P04524,A20094,2
P04524,A20095,4
P04524,A20096,5
P04524,A20097,6
P04524,A20098,7
P04524,A20099,8
P04524,A20100,9
P04525,A03386,2
P04525,A08691,4
P04525,A10128,3
P04525,A14106,1
P04525,A19605,5
P04526,A20101,1
P04527,A00562,4
P04527,A02243,3
P04527,A02846,2
P04527,A12221,1
P04528,A03213,2
P04528,A04221,4
P04528,A19552,7
P04528,A19553,6
P04528,A20102,1
P04528,A20103,3
P04528,A20104,5
P04529,A00630,3
P04529,A04091,2
P04529,A20105,1
P04530,A20106,1
P04531,A02533,3
P04531,A04703,2
P04531,A04706,7
P04531,A05393,6
P04531,A14655,5
P04531,A20107,1
P04531,A20108,4
P04532,A00997,2
P04532,A01010,8
P04532,A03221,6
P04532,A11831,7
P04532,A12292,1
P04532,A20109,3
P04532,A20110,4
P04532,A20111,5
P04533,A00849,3
P04533,A02563,4
P04533,A11901,5
P04533,A20112,1
P04533,A20113,2
P04533,A20114,6
P04534,A12078,2
P04534,A12080,5
P04534,A12084,7
P04534,A20115,1
P04534,A20116,3
P04534,A20117,4
P04534,A20118,6
P04535,A01427,2
P04535,A20119,1
P04536,A19093,1
P04536,A20050,3
P04536,A20120,2
P04537,A04655,3
P04537,A07441,2
P04537,A20121,1
P04537,A20122,4
P04537,A20123,5
P04538,A18807,1
P04538,A20124,2
P04539,A02387,6
P04539,A19544,13
P04539,A20125,1
P04539,A20126,2
P04539,A20127,3
P04539,A20128,4
P04539,A20129,5
P04539,A20130,7
P04539,A20131,8
P04539,A20132,9
P04539,A20133,10
P04539,A20134,11
P04539,A20135,12
P04540,A02300,5
P04540,A02759,2
P04540,A05074,4
P04540,A12209,7
P04540,A20136,1
P04540,A20137,3
P04540,A20138,6
P04540,A20139,8
P04541,A00819,7
P04541,A01821,6
P04541,A02125,8
P04541,A02792,5
P04541,A03415,3
P04541,A07544,9
P04541,A10963,2
P04541,A11040,10
P04541,A11527,12
P04541,A11765,1
P04541,A14114,14
P04541,A14116,11
P04541,A19030,13
P04541,A20140,4
P04542,A09793,11
P04542,A09794,10
P04542,A11811,30
P04542,A11899,17
P04542,A12048,15
P04542,A12052,25
P04542,A12622,12
P04542,A12623,14
P04542,A12624,9
P04542,A12627,31
P04542,A12631,26
P04542,A12637,6
P04542,A12642,13
P04542,A12650,24
P04542,A13130,29
P04542,A13195,19
P04542,A13972,27
P04542,A13985,2
P04542,A13988,3
P04542,A14790,5
P04542,A15143,4
P04542,A15654,28
P04542,A15800,21
P04542,A16333,22
P04542,A16349,8
P04542,A16354,23
P04542,A16357,32
P04542,A18363,16
P04542,A18366,7
P04542,A18368,20
P04542,A19262,18
P04542,A20141,1
P04543,A12056,23
P04543,A14789,1
P04543,A15537,22
P04543,A15765,4
P04543,A15767,17
P04543,A15777,7
P04543,A15781,16
P04543,A15782,19
P04543,A15790,21
P04543,A17499,6
P04543,A18119,11
P04543,A18120,5
P04543,A18214,9
P04543,A18216,20
P04543,A18512,3
P04543,A18923,10
P04543,A19494,8
P04543,A19518,13
P04543,A19519,12
P04543,A20142,2
P04543,A20143,14
P04543,A20144,15
P04543,A20145,18
P04544,A04986,6
P04544,A07174,15
P04544,A11916,1
P04544,A11917,7
P04544,A11918,4
P04544,A11925,11
P04544,A11927,2
P04544,A11928,12
P04544,A11930,30
P04544,A12018,22
P04544,A12052,8
P04544,A12633,32
P04544,A12897,25
P04544,A13127,14
P04544,A13858,24
P04544,A13860,35
P04544,A13921,23
P04544,A13944,10
P04544,A16393,28
P04544,A17001,20
P04544,A17522,3
P04544,A18162,17
P04544,A18761,21
P04544,A20146,5
P04544,A20147,9
P04544,A20148,13
P04544,A20149,16
P04544,A20150,18
P04544,A20151,19
P04544,A20152,26
P04544,A20153,27
P04544,A20154,29
P04544,A20155,31
P04544,A20156,33
P04544,A20157,34
P04544,A20158,36
P04545,A13355,14
P04545,A13356,16
P04545,A13363,9
P04545,A13364,11
P04545,A13365,12
P04545,A13367,1
P04545,A13368,8
P04545,A16282,2
P04545,A16508,4
P04545,A17461,6
P04545,A17462,17
P04545,A17463,15
P04545,A17465,10
P04545,A17466,3
P04545,A20159,5
P04545,A20160,7
P04545,A20161,13
P04546,A14349,8
P04546,A14350,5
P04546,A14351,3
P04546,A17470,6
P04546,A17471,2
P04546,A17473,10
P04546,A17474,12
P04546,A17475,9
P04546,A17477,11
P04546,A17478,1
P04546,A17479,4
P04546,A20162,7
P04546,A20163,13
P04547,A14349,8
P04547,A14350,10
P04547,A14351,3
P04547,A17470,7
P04547,A17471,13
P04547,A17473,12
P04547,A17474,14
P04547,A17475,11
P04547,A17477,2
P04547,A17478,1
P04547,A17479,5
P04547,A20162,9
P04547,A20164,4
P04547,A20165,6
P04548,A09126,22
P04548,A09127,31
P04548,A14056,10
P04548,A14073,16
P04548,A15198,27
P04548,A16027,30
P04548,A16337,26
P04548,A16598,21
P04548,A16603,9
P04548,A16684,3
P04548,A16685,2
P04548,A16686,1
P04548,A16687,12
P04548,A16688,4
P04548,A16689,11
P04548,A16690,7
P04548,A16691,8
P04548,A16692,15
P04548,A16693,14
P04548,A16694,19
P04548,A16695,20
P04548,A16696,17
P04548,A16697,28
P04548,A16698,32
P04548,A16699,6
P04548,A16700,23
P04548,A16701,24
P04548,A16702,25
P04548,A16704,29
P04548,A16705,18
P04548,A16706,33
P04548,A16707,5
P04548,A16708,34
P04548,A16709,35
P04548,A16710,36
P04548,A16711,37
P04548,A16712,38
P04548,A20166,13
P04548,A20167,39
P04549,A03767,41
P04549,A04256,14
P04549,A04546,18
P04549,A13898,23
P04549,A13900,25
P04549,A13901,26
P04549,A16347,37
P04549,A17056,33
P04549,A17749,40
P04549,A17750,38
P04549,A17758,32
P04549,A17775,11
P04549,A17777,15
P04549,A17785,8
P04549,A17786,16
P04549,A17787,24
P04549,A17788,30
P04549,A17789,20
P04549,A17793,27
P04549,A17794,31
P04549,A17795,39
P04549,A17796,35
P04549,A17797,3
P04549,A18308,42
P04549,A18744,21
P04549,A19594,7
P04549,A19595,4
P04549,A19597,29
P04549,A19598,1
P04549,A19602,17
P04549,A19603,22
P04549,A19604,10
P04549,A20168,2
P04549,A20169,5
P04549,A20170,6
P04549,A20171,9
P04549,A20172,12
P04549,A20173,13
P04549,A20174,19
P04549,A20175,28
P04549,A20176,34
P04549,A20177,36
P04550,A15357,3
P04550,A15544,5
P04550,A20178,1
P04550,A20179,2
P04550,A20180,4
P04550,A20181,6
P04551,A00374,6
P04551,A03204,2
P04551,A03581,15
P04551,A04659,4
P04551,A10755,7
P04551,A13895,16
P04551,A14124,13
P04551,A17549,10
P04551,A17550,11
P04551,A17552,22
P04551,A17553,14
P04551,A17554,3
P04551,A17555,17
P04551,A17556,1
P04551,A17557,18
P04551,A17559,20
P04551,A17560,21
P04551,A17790,8
P04551,A18058,9
P04551,A18059,5
P04551,A20182,12
P04551,A20183,19
P04552,A03586,12
P04552,A11468,18
P04552,A11474,16
P04552,A17759,24
P04552,A17760,25
P04552,A17764,8
P04552,A19764,3
P04552,A20184,1
P04552,A20185,2
P04552,A20186,4
P04552,A20187,5
P04552,A20188,6
P04552,A20189,7
P04552,A20190,9
P04552,A20191,10
P04552,A20192,11
P04552,A20193,13
P04552,A20194,14
P04552,A20195,15
P04552,A20196,17
P04552,A20197,19
P04552,A20198,20
P04552,A20199,21
P04552,A20200,22
P04552,A20201,23
P04553,A12011,12
P04553,A12013,14
P04553,A12025,6
P04553,A13366,23
P04553,A14057,3
P04553,A14059,5
P04553,A14151,16
P04553,A14607,2
P04553,A14906,10
P04553,A15554,24
P04553,A15625,20
P04553,A15794,7
P04553,A16071,17
P04553,A16505,13
P04553,A17416,1
P04553,A17480,4
P04553,A17494,8
P04553,A17568,19
P04553,A17570,9
P04553,A17572,21
P04553,A17574,22
P04553,A20202,11
P04553,A20203,15
P04553,A20204,18
P04554,A07520,4
P04554,A20205,1
P04554,A20206,2
P04554,A20207,3
P04555,A06967,7
P04555,A06968,29
P04555,A07520,10
P04555,A08285,3
P04555,A08286,6
P04555,A08287,34
P04555,A08290,19
P04555,A11416,8
P04555,A13205,16
P04555,A13206,18
P04555,A20206,32
P04555,A20207,15
P04555,A20208,1
P04555,A20209,2
P04555,A20210,4
P04555,A20211,5
P04555,A20212,9
P04555,A20213,11
P04555,A20214,12
P04555,A20215,13
P04555,A20216,14
P04555,A20217,17
P04555,A20218,20
P04555,A20219,21
P04555,A20220,22
P04555,A20221,23
P04555,A20222,24
P04555,A20223,25
P04555,A20224,26
P04555,A20225,27
P04555,A20226,28
P04555,A20227,30
P04555,A20228,31
P04555,A20229,33
P04555,A20230,35
P04555,A20231,36
P04555,A20232,37
P04555,A20233,38
P04555,A20234,39
P04556,A09244,22
P04556,A12017,7
P04556,A13883,25
P04556,A13887,4
P04556,A15020,2
P04556,A17528,12
P04556,A17951,8
P04556,A18037,26
P04556,A20085,10
P04556,A20235,1
P04556,A20236,3
P04556,A20237,5
P04556,A20238,6
P04556,A20239,9
P04556,A20240,11
P04556,A20241,13
P04556,A20242,14
P04556,A20243,15
P04556,A20244,16
P04556,A20245,17
P04556,A20246,18
P04556,A20247,19
P04556,A20248,20
P04556,A20249,21
P04556,A20250,23
P04556,A20251,24
P04556,A20252,27
P04556,A20253,28
P04556,A20254,29
P04556,A20255,30
P04556,A20256,31
P04556,A20257,32
P04556,A20258,33
P04556,A20259,34
P04556,A20260,35
P04557,A03808,2
P04557,A03809,1
P04557,A03810,3
P04558,A01674,2
P04558,A04342,4
P04558,A20261,1
P04558,A20262,3
P04558,A20263,5
P04559,A10089,2
P04559,A12867,4
P04559,A12868,3
P04559,A12873,7
P04559,A14197,1
P04559,A14199,6
P04559,A15757,5
P04559,A20264,8
P04559,A20265,9
P04559,A20266,10
P04559,A20267,11
P04560,A05197,2
P04560,A05341,4
P04560,A18807,1
P04560,A20268,3
P04561,A04471,4
P04561,A09603,7
P04561,A11188,2
P04561,A20269,1
P04561,A20270,3
P04561,A20271,5
P04561,A20272,6
P04561,A20273,8
P04561,A20274,9
P04562,A03445,6
P04562,A11072,2
P04562,A20275,1
P04562,A20276,3
P04562,A20277,4
P04562,A20278,5
P04563,A12031,14
P04563,A12852,16
P04563,A12854,33
P04563,A12867,5
P04563,A12868,3
P04563,A12869,2
P04563,A12870,4
P04563,A12871,8
P04563,A12872,10
P04563,A12873,11
P04563,A12874,7
P04563,A12897,23
P04563,A13130,32
P04563,A13134,20
P04563,A13143,31
P04563,A13154,21
P04563,A13189,13
P04563,A13915,15
P04563,A13916,22
P04563,A13917,30
P04563,A13919,17
P04563,A13920,18
P04563,A13922,24
P04563,A13923,25
P04563,A13924,28
P04563,A13932,34
P04563,A13945,19
P04563,A13969,29
P04563,A15415,26
P04563,A16401,9
P04563,A19555,12
P04563,A20279,1
P04563,A20280,6
P04563,A20281,27
P04564,A00723,2
P04564,A04299,3
P04564,A07184,5
P04564,A10899,1
P04564,A12258,4
P04565,A00723,9
P04565,A08500,1
P04565,A20282,2
P04565,A20283,3
P04565,A20284,4
P04565,A20285,5
P04565,A20286,6
P04565,A20287,7
P04565,A20288,8
P04566,A20289,1
P04566,A20290,2
P04566,A20291,3
P04567,A06969,9
P04567,A06971,10
P04567,A06972,2
P04567,A06973,11
P04567,A07154,17
P04567,A07157,12
P04567,A08194,14
P04567,A11658,1
P04567,A11659,4
P04567,A11660,5
P04567,A11661,3
P04567,A11663,6
P04567,A19263,23
P04567,A19734,21
P04567,A20292,7
P04567,A20293,8
P04567,A20294,13
P04567,A20295,15
P04567,A20296,16
P04567,A20297,18
P04567,A20298,19
P04567,A20299,20
P04567,A20300,22
P04568,A20301,1
P04568,A20302,2
P04568,A20303,3
P04569,A06849,4
P04569,A06855,2
P04569,A13449,3
P04569,A20304,1
P04569,A20305,5
P04570,A03418,3
P04570,A07731,2
P04570,A20306,1
P04571,A01596,5
P04571,A04135,2
P04571,A06980,4
P04571,A08236,7
P04571,A09810,8
P04571,A14597,1
P04571,A14599,3
P04571,A20307,6
P04572,A07040,1
P04572,A12126,2
P04572,A12127,4
P04572,A12129,3
P04572,A12130,5
P04572,A20308,6
P04573,A07774,12
P04573,A12687,8
P04573,A12693,2
P04573,A12698,9
P04573,A15220,10
P04573,A16232,1
P04573,A16528,7
P04573,A16574,3
P04573,A20309,4
P04573,A20310,5
P04573,A20311,6
P04573,A20312,11
P04574,A06858,9
P04574,A09124,4
P04574,A17093,1
P04574,A17094,2
P04574,A17095,8
P04574,A17096,7
P04574,A17098,11
P04574,A17099,12
P04574,A17100,3
P04574,A17101,10
P04574,A20313,5
P04574,A20314,6
P04574,A20315,13
P04575,A20316,1
P04575,A20317,2
P04575,A20318,3
P04575,A20319,4
P04575,A20320,5
P04575,A20321,6
P04575,A20322,7
P04575,A20323,8
P04575,A20324,9
P04575,A20325,10
P04576,A20326,1
P04576,A20327,2
P04576,A20328,3
P04576,A20329,4
P04576,A20330,5
P04577,A11828,2
P04577,A20331,1
P04577,A20332,3
P04577,A20333,4
P04578,A18261,3
P04578,A18266,6
P04578,A18268,1
P04578,A20334,2
P04578,A20335,4
P04578,A20336,5
P04578,A20337,7
P04578,A20338,8
P04578,A20339,9
P04578,A20340,10
P04578,A20341,11
P04578,A20342,12
P04579,A08647,3
P04579,A20343,1
P04579,A20344,2
P04579,A20345,4
P04579,A20346,5
P04579,A20347,6
P04579,A20348,7
P04580,A00843,9
P04580,A02997,5
P04580,A03623,10
P04580,A10718,8
P04580,A10719,7
P04580,A10750,6
P04580,A11207,2
P04580,A11338,3
P04580,A16671,1
P04580,A20349,4
P04581,A00605,1
P04581,A01477,4
P04581,A02464,2
P04581,A02600,3
P04581,A03744,8
P04581,A07744,7
P04581,A08474,5
P04581,A18260,6
P04582,A03581,8
P04582,A04256,20
P04582,A14124,4
P04582,A17018,2
P04582,A17033,12
P04582,A17040,1
P04582,A17045,3
P04582,A17555,16
P04582,A17749,13
P04582,A17750,10
P04582,A17759,17
P04582,A17760,14
P04582,A17774,19
P04582,A17775,21
P04582,A17776,22
P04582,A18308,18
P04582,A18420,15
P04582,A20189,9
P04582,A20350,5
P04582,A20351,6
P04582,A20352,7
P04582,A20353,11
P04583,A00805,5
P04583,A04267,1
P04583,A16981,2
P04583,A16984,3
P04583,A16988,6
P04583,A20354,4
P04584,A12893,1
P04584,A13127,9
P04584,A13146,10
P04584,A14060,27
P04584,A14062,26
P04584,A14063,28
P04584,A14095,7
P04584,A14096,19
P04584,A14097,8
P04584,A14797,13
P04584,A16333,12
P04584,A16773,3
P04584,A16991,16
P04584,A17045,21
P04584,A17548,25
P04584,A18117,4
P04584,A19052,15
P04584,A19693,14
P04584,A19804,2
P04584,A19823,11
P04584,A20355,5
P04584,A20356,6
P04584,A20357,17
P04584,A20358,18
P04584,A20359,20
P04584,A20360,22
P04584,A20361,23
P04584,A20362,24
P04584,A20363,29
P04585,A02728,1
P04585,A03021,7
P04585,A04272,5
P04585,A04498,2
P04585,A08071,4
P04585,A20364,3
P04585,A20365,6
P04585,A20366,8
P04585,A20367,9
P04585,A20368,10
P04586,A14055,17
P04586,A14056,7
P04586,A14057,18
P04586,A14058,10
P04586,A14060,8
P04586,A14061,6
P04586,A14062,11
P04586,A14063,12
P04586,A14064,21
P04586,A14065,4
P04586,A14066,22
P04586,A14067,3
P04586,A14070,5
P04586,A14073,13
P04586,A14075,14
P04586,A14077,2
P04586,A14078,20
P04586,A14086,15
P04586,A14090,23
P04586,A14092,24
P04586,A14095,25
P04586,A14097,26
P04586,A17780,9
P04586,A17806,16
P04586,A20369,1
P04586,A20370,19
P04587,A14055,1
P04587,A14056,3
P04587,A14057,5
P04587,A14058,2
P04587,A14059,7
P04587,A14060,8
P04587,A14061,9
P04587,A14062,10
P04587,A14064,19
P04587,A14067,15
P04587,A14070,11
P04587,A14073,12
P04587,A14075,13
P04587,A14077,16
P04587,A14078,17
P04587,A14090,20
P04587,A14092,21
P04587,A20371,4
P04587,A20372,6
P04587,A20373,14
P04587,A20374,18
P04588,A14055,17
P04588,A14056,10
P04588,A14057,18
P04588,A14058,23
P04588,A14059,7
P04588,A14060,4
P04588,A14061,8
P04588,A14062,6
P04588,A14063,9
P04588,A14064,22
P04588,A14065,15
P04588,A14066,2
P04588,A14067,14
P04588,A14073,11
P04588,A14075,12
P04588,A14078,19
P04588,A14083,3
P04588,A14086,13
P04588,A14092,24
P04588,A17779,1
P04588,A20370,20
P04588,A20371,21
P04588,A20372,5
P04588,A20375,16
P04589,A04256,3
P04589,A04546,14
P04589,A17775,13
P04589,A17781,7
P04589,A17784,10
P04589,A17788,2
P04589,A17790,22
P04589,A17792,15
P04589,A17799,5
P04589,A17800,18
P04589,A17802,20
P04589,A17803,23
P04589,A19598,25
P04589,A20169,8
P04589,A20376,1
P04589,A20377,4
P04589,A20378,6
P04589,A20379,9
P04589,A20380,11
P04589,A20381,12
P04589,A20382,16
P04589,A20383,17
P04589,A20384,19
P04589,A20385,21
P04589,A20386,24
P04590,A04565,14
P04590,A16471,18
P04590,A19756,24
P04590,A19873,7
P04590,A19894,23
P04590,A19897,6
P04590,A20387,1
P04590,A20388,2
P04590,A20389,3
P04590,A20390,4
P04590,A20391,5
P04590,A20392,8
P04590,A20393,9
P04590,A20394,10
P04590,A20395,11
P04590,A20396,12
P04590,A20397,13
P04590,A20398,15
P04590,A20399,16
P04590,A20400,17
P04590,A20401,19
P04590,A20402,20
P04590,A20403,21
P04590,A20404,22
P04590,A20405,25
P04590,A20406,26
P04590,A20407,27
P04590,A20408,28
P04590,A20409,29
P04591,A00905,2
P04591,A07131,1
P04592,A04670,4
P04592,A05336,13
P04592,A12859,31
P04592,A14882,16
P04592,A17016,8
P04592,A17017,7
P04592,A17018,10
P04592,A17019,3
P04592,A17020,15
P04592,A17022,14
P04592,A17024,11
P04592,A17026,17
P04592,A17031,28
P04592,A17033,5
P04592,A17034,6
P04592,A17035,18
P04592,A17040,9
P04592,A17041,20
P04592,A17044,29
P04592,A17045,21
P04592,A17047,22
P04592,A17051,26
P04592,A17053,2
P04592,A17054,23
P04592,A17055,24
P04592,A17056,32
P04592,A17059,27
P04592,A17064,33
P04592,A18417,1
P04592,A18418,19
P04592,A20410,12
P04592,A20411,25
P04592,A20412,30
P04593,A08117,1
P04594,A00562,2
P04594,A02126,3
P04594,A04155,4
P04594,A04380,10
P04594,A04844,5
P04594,A04845,6
P04594,A07544,1
P04594,A14703,11
P04594,A20413,7
P04594,A20414,8
P04594,A20415,9
P04594,A20416,12
P04595,A11916,3
P04595,A11917,1
P04595,A11918,2
P04595,A11925,6
P04595,A12633,5
P04595,A18162,8
P04595,A20156,7
P04595,A20417,4
P04596,A11782,16
P04596,A11785,2
P04596,A11793,9
P04596,A11795,10
P04596,A11796,3
P04596,A11803,5
P04596,A13716,11
P04596,A14614,13
P04596,A20418,1
P04596,A20419,4
P04596,A20420,6
P04596,A20421,7
P04596,A20422,8
P04596,A20423,12
P04596,A20424,14
P04596,A20425,15
P04596,A20426,17
P04597,A00066,6
P04597,A00724,12
P04597,A00843,9
P04597,A00875,10
P04597,A00877,11
P04597,A01543,18
P04597,A01915,16
P04597,A01916,19
P04597,A02125,2
P04597,A02291,32
P04597,A02311,4
P04597,A02407,3
P04597,A02451,17
P04597,A02732,7
P04597,A03258,31
P04597,A03758,15
P04597,A03932,13
P04597,A04238,8
P04597,A04469,21
P04597,A06793,5
P04597,A07672,20
P04597,A07673,33
P04597,A07929,30
P04597,A07930,23
P04597,A07932,24
P04597,A08027,22
P04597,A08029,27
P04597,A09508,28
P04597,A09509,29
P04597,A10784,26
P04597,A11234,14
P04597,A20427,1
P04597,A20428,25
P04598,A11293,1
P04599,A01942,5
P04599,A03808,2
P04599,A03809,1
P04599,A04461,4
P04599,A10674,7
P04599,A10675,6
P04599,A20429,3
P04600,A00819,7
P04600,A01821,3
P04600,A02792,9
P04600,A03415,4
P04600,A07544,10
P04600,A07890,2
P04600,A09750,8
P04600,A10963,5
P04600,A11040,11
P04600,A11765,13
P04600,A14114,1
P04600,A14116,6
P04600,A20414,12
P04600,A20430,14
P04600,A20431,15
P04600,A20432,16
P04601,A00849,11
P04601,A01746,19
P04601,A01915,21
P04601,A02055,26
P04601,A02555,1
P04601,A03106,10
P04601,A03248,23
P04601,A03258,15
P04601,A03286,4
P04601,A03288,16
P04601,A03542,12
P04601,A04580,3
P04601,A05341,17
P04601,A07929,14
P04601,A07930,28
P04601,A07931,20
P04601,A08431,22
P04601,A09567,8
P04601,A10925,5
P04601,A18090,9
P04601,A19504,25
P04601,A20433,2
P04601,A20434,6
P04601,A20435,7
P04601,A20436,13
P04601,A20437,18
P04601,A20438,24
P04601,A20439,27
P04602,A01528,2
P04602,A04038,1
P04603,A01227,8
P04603,A01678,9
P04603,A02464,5
P04603,A03044,3
P04603,A03527,2
P04603,A09777,1
P04603,A12126,7
P04603,A12127,4
P04603,A12129,6
P04604,A00268,1
P04604,A13406,3
P04604,A20440,2
P04604,A20441,4
P04605,A20442,1
P04605,A20443,2
P04605,A20444,3
P04605,A20445,4
P04605,A20446,5
P04605,A20447,6
P04605,A20448,7
P04605,A20449,8
P04605,A20450,9
P04606,A12652,35
P04606,A12899,21
P04606,A13152,34
P04606,A13981,25
P04606,A14277,10
P04606,A16793,12
P04606,A16993,24
P04606,A17542,17
P04606,A18105,29
P04606,A18108,16
P04606,A18332,27
P04606,A18569,6
P04606,A20025,18
P04606,A20451,1
P04606,A20452,2
P04606,A20453,3
P04606,A20454,4
P04606,A20455,5
P04606,A20456,7
P04606,A20457,8
P04606,A20458,9
P04606,A20459,11
P04606,A20460,13
P04606,A20461,14
P04606,A20462,15
P04606,A20463,19
P04606,A20464,20
P04606,A20465,22
P04606,A20466,23
P04606,A20467,26
P04606,A20468,28
P04606,A20469,30
P04606,A20470,31
P04606,A20471,32
P04606,A20472,33
P04607,A00605,4
P04607,A02464,3
P04607,A02600,2
P04607,A02866,1
P04607,A20473,5
P04607,A20474,6
P04608,A00421,1
P04608,A02308,5
P04608,A02464,6
P04608,A03377,3
P04608,A03408,2
P04608,A11187,4
P04609,A00487,32
P04609,A00672,26
P04609,A00947,23
P04609,A01519,22
P04609,A02802,25
P04609,A03119,4
P04609,A05426,5
P04609,A09729,33
P04609,A10482,12
P04609,A20475,1
P04609,A20476,2
P04609,A20477,3
P04609,A20478,6
P04609,A20479,7
P04609,A20480,8
P04609,A20481,9
P04609,A20482,10
P04609,A20483,11
P04609,A20484,13
P04609,A20485,14
P04609,A20486,15
P04609,A20487,16
P04609,A20488,17
P04609,A20489,18
P04609,A20490,19
P04609,A20491,20
P04609,A20492,21
P04609,A20493,24
P04609,A20494,27
P04609,A20495,28
P04609,A20496,29
P04609,A20497,30
P04609,A20498,31
P04609,A20499,34
P04610,A00492,4
P04610,A03808,2
P04610,A03809,1
P04610,A03810,3
P04610,A20500,5
P04611,A20501,1
P04611,A20502,2
P04612,A00614,17
P04612,A00805,19
P04612,A01447,18
P04612,A01822,16
P04612,A02399,12
P04612,A02987,15
P04612,A03044,4
P04612,A03162,13
P04612,A03248,5
P04612,A03542,20
P04612,A05407,9
P04612,A06951,2
P04612,A07027,7
P04612,A08309,1
P04612,A10882,11
P04612,A10883,10
P04612,A14052,14
P04612,A19504,6
P04612,A20268,8
P04612,A20307,3
P04613,A20503,1
P04613,A20504,2
P04613,A20505,3
P04613,A20506,4
P04613,A20507,5
P04613,A20508,6
P04613,A20509,7
P04613,A20510,8
P04614,A00272,3
P04614,A16767,1
P04614,A20511,2
P04615,A13025,9
P04615,A13699,16
P04615,A14267,10
P04615,A14270,18
P04615,A14271,11
P04615,A14276,6
P04615,A14278,8
P04615,A14281,1
P04615,A14284,15
P04615,A14288,22
P04615,A14290,24
P04615,A14291,25
P04615,A14292,26
P04615,A14294,29
P04615,A14295,21
P04615,A14296,17
P04615,A14298,19
P04615,A14299,7
P04615,A14310,28
P04615,A14313,13
P04615,A14316,3
P04615,A14321,5
P04615,A14343,23
P04615,A18410,20
P04615,A20512,2
P04615,A20513,4
P04615,A20514,12
P04615,A20515,14
P04615,A20516,27
P04615,A20517,30
P04616,A12636,12
P04616,A13025,16
P04616,A13699,25
P04616,A14270,27
P04616,A14276,14
P04616,A14281,2
P04616,A14283,18
P04616,A14288,30
P04616,A14290,32
P04616,A14291,33
P04616,A14292,34
P04616,A14294,38
P04616,A14295,29
P04616,A14296,26
P04616,A14299,15
P04616,A14301,22
P04616,A14303,23
P04616,A14305,20
P04616,A14307,21
P04616,A14310,36
P04616,A14314,19
P04616,A14316,13
P04616,A14343,31
P04616,A15618,35
P04616,A18409,28
P04616,A20512,1
P04616,A20516,37
P04616,A20517,39
P04616,A20518,3
P04616,A20519,4
P04616,A20520,5
P04616,A20521,6
P04616,A20522,7
P04616,A20523,8
P04616,A20524,9
P04616,A20525,10
P04616,A20526,11
P04616,A20527,17
P04616,A20528,24
P04616,A20529,40
P04616,A20530,41
P04616,A20531,42
P04617,A13516,6
P04617,A20532,1
P04617,A20533,2
P04617,A20534,3
P04617,A20535,4
P04617,A20536,5
P04617,A20537,7
P04617,A20538,8
P04617,A20539,9
P04617,A20540,10
P04618,A07058,22
P04618,A08127,6
P04618,A11783,11
P04618,A11793,18
P04618,A11803,27
P04618,A12823,16
P04618,A12875,15
P04618,A12888,29
P04618,A12905,20
P04618,A13162,14
P04618,A13181,4
P04618,A13183,24
P04618,A13195,8
P04618,A13203,23
P04618,A13980,10
P04618,A13992,3
P04618,A15024,17
P04618,A15654,2
P04618,A16277,9
P04618,A16278,1
P04618,A16385,7
P04618,A16389,28
P04618,A17007,21
P04618,A17736,26
P04618,A20541,5
P04618,A20542,12
P04618,A20543,13
P04618,A20544,19
P04618,A20545,25
P04619,A20546,1
P04619,A20547,2
P04619,A20548,3
P04619,A20549,4
P04619,A20550,5
P04619,A20551,6
P04619,A20552,7
P04619,A20553,8
P04619,A20554,9
P04619,A20555,10
P04619,A20556,11
P04619,A20557,12
P04619,A20558,13
P04619,A20559,14
P04619,A20560,15
P04619,A20561,16
P04619,A20562,17
P04619,A20563,18
P04619,A20564,19
P04619,A20565,20
P04619,A20566,21
P04619,A20567,22
P04619,A20568,23
P04619,A20569,24
P04620,A04659,3
P04620,A12574,10
P04620,A13869,17
P04620,A17485,4
P04620,A17552,18
P04620,A17557,23
P04620,A17790,2
P04620,A17955,5
P04620,A17957,14
P04620,A17959,16
P04620,A17961,22
P04620,A17963,19
P04620,A17970,20
P04620,A17971,21
P04620,A17972,12
P04620,A17973,15
P04620,A17974,1
P04620,A20570,6
P04620,A20571,7
P04620,A20572,8
P04620,A20573,9
P04620,A20574,11
P04620,A20575,13
P04621,A13861,9
P04621,A13869,20
P04621,A17485,13
P04621,A17955,3
P04621,A17957,4
P04621,A17959,2
P04621,A17968,19
P04621,A17969,21
P04621,A17971,1
P04621,A17972,22
P04621,A17974,23
P04621,A18064,11
P04621,A20570,12
P04621,A20571,15
P04621,A20573,17
P04621,A20576,5
P04621,A20577,6
P04621,A20578,7
P04621,A20579,8
P04621,A20580,10
P04621,A20581,14
P04621,A20582,16
P04621,A20583,18
P04622,A07715,16
P04622,A13011,11
P04622,A13012,8
P04622,A13015,17
P04622,A13024,4
P04622,A13025,1
P04622,A13026,9
P04622,A13027,7
P04622,A13028,10
P04622,A13029,14
P04622,A13030,13
P04622,A13031,3
P04622,A13514,20
P04622,A13586,15
P04622,A13594,12
P04622,A13595,5
P04622,A13601,2
P04622,A13605,6
P04622,A15916,19
P04622,A20584,18
P04623,A05465,19
P04623,A07715,6
P04623,A13011,24
P04623,A13012,22
P04623,A13015,9
P04623,A13022,10
P04623,A13024,20
P04623,A13025,21
P04623,A13026,12
P04623,A13027,23
P04623,A13028,26
P04623,A13029,27
P04623,A13030,28
P04623,A13031,3
P04623,A13514,5
P04623,A13586,8
P04623,A13594,25
P04623,A13595,1
P04623,A13599,11
P04623,A13605,7
P04623,A15219,15
P04623,A17886,4
P04623,A17979,18
P04623,A17995,13
P04623,A17997,14
P04623,A18018,16
P04623,A18038,17
P04623,A20585,2
P04624,A04659,20
P04624,A11473,2
P04624,A12575,9
P04624,A13869,11
P04624,A17485,5
P04624,A17552,27
P04624,A17557,21
P04624,A17560,26
P04624,A17955,1
P04624,A17958,13
P04624,A17959,4
P04624,A17960,14
P04624,A17961,16
P04624,A17962,17
P04624,A17963,18
P04624,A17964,6
P04624,A17966,7
P04624,A17967,22
P04624,A17968,10
P04624,A17970,25
P04624,A17971,24
P04624,A17972,12
P04624,A17974,28
P04624,A18064,15
P04624,A20581,19
P04624,A20586,3
P04624,A20587,8
P04624,A20588,23
P04625,A07715,11
P04625,A13015,13
P04625,A13024,8
P04625,A13026,1
P04625,A13029,10
P04625,A13030,14
P04625,A13031,2
P04625,A13514,15
P04625,A13586,12
P04625,A13592,3
P04625,A13599,6
P04625,A13605,7
P04625,A17886,16
P04625,A18018,5
P04625,A20589,4
P04625,A20590,9
P04626,A12638,14
P04626,A14272,17
P04626,A14276,9
P04626,A14281,7
P04626,A14283,16
P04626,A14284,19
P04626,A14288,23
P04626,A14290,24
P04626,A14292,1
P04626,A14294,25
P04626,A14295,22
P04626,A14296,2
P04626,A14298,4
P04626,A14299,6
P04626,A14300,8
P04626,A14301,18
P04626,A14310,3
P04626,A14316,13
P04626,A14321,15
P04626,A14330,21
P04626,A20517,10
P04626,A20591,5
P04626,A20592,11
P04626,A20593,12
P04626,A20594,20
P04627,A14267,12
P04627,A14269,2
P04627,A14270,6
P04627,A14271,13
P04627,A14272,5
P04627,A14276,8
P04627,A14278,10
P04627,A14279,18
P04627,A14281,11
P04627,A14283,19
P04627,A14284,14
P04627,A14287,22
P04627,A14288,16
P04627,A14290,7
P04627,A14291,3
P04627,A14294,23
P04627,A14305,4
P04627,A14309,20
P04627,A14314,24
P04627,A14321,17
P04627,A14333,25
P04627,A18410,15
P04627,A20513,1
P04627,A20529,21
P04627,A20595,9
P04628,A00541,1
P04628,A03979,5
P04628,A04323,3
P04628,A10638,4
P04628,A12253,6
P04628,A16253,2
P04629,A20596,1
P04629,A20597,2
P04630,A00272,4
P04630,A00506,8
P04630,A02412,5
P04630,A05139,6
P04630,A12821,7
P04630,A20598,1
P04630,A20599,2
P04630,A20600,3
P04631,A12638,15
P04631,A13025,1
P04631,A13699,33
P04631,A13721,36
P04631,A14267,24
P04631,A14268,32
P04631,A14270,2
P04631,A14274,13
P04631,A14276,18
P04631,A14277,19
P04631,A14278,4
P04631,A14279,20
P04631,A14281,22
P04631,A14282,26
P04631,A14284,31
P04631,A14285,39
P04631,A14288,41
P04631,A14290,43
P04631,A14291,5
P04631,A14292,45
P04631,A14293,47
P04631,A14294,10
P04631,A14296,34
P04631,A14303,30
P04631,A14304,12
P04631,A14305,27
P04631,A14317,28
P04631,A14318,35
P04631,A14319,9
P04631,A14321,16
P04631,A14322,23
P04631,A14323,25
P04631,A14327,6
P04631,A14329,8
P04631,A14333,42
P04631,A14340,44
P04631,A14343,3
P04631,A18409,37
P04631,A18410,40
P04631,A20513,11
P04631,A20516,46
P04631,A20601,7
P04631,A20602,14
P04631,A20603,17
P04631,A20604,21
P04631,A20605,29
P04631,A20606,38
P04632,A12638,6
P04632,A13025,7
P04632,A14267,1
P04632,A14268,4
P04632,A14270,2
P04632,A14276,9
P04632,A14278,17
P04632,A14280,11
P04632,A14281,12
P04632,A14285,26
P04632,A14288,28
P04632,A14290,30
P04632,A14291,8
P04632,A14294,16
P04632,A14296,23
P04632,A14301,21
P04632,A14305,20
P04632,A14328,15
P04632,A14333,29
P04632,A14343,3
P04632,A15618,32
P04632,A18410,27
P04632,A20513,5
P04632,A20528,22
P04632,A20607,10
P04632,A20608,13
P04632,A20609,14
P04632,A20610,18
P04632,A20611,19
P04632,A20612,24
P04632,A20613,25
P04632,A20614,31
P04632,A20615,33
P04633,A20616,1
P04633,A20617,2
P04634,A20618,1
P04634,A20619,2
P04634,A20620,3
P04635,A12687,24
P04635,A13854,16
P04635,A14928,23
P04635,A15779,6
P04635,A16526,1
P04635,A16527,7
P04635,A16528,2
P04635,A18917,9
P04635,A19273,5
P04635,A19276,20
P04635,A19280,18
P04635,A19454,4
P04635,A19456,8
P04635,A20621,3
P04635,A20622,10
P04635,A20623,11
P04635,A20624,12
P04635,A20625,13
P04635,A20626,14
P04635,A20627,15
P04635,A20628,17
P04635,A20629,19
P04635,A20630,21
P04635,A20631,22
P04635,A20632,25
P04635,A20633,26
P04635,A20634,27
P04635,A20635,28
P04636,A20636,1
P04636,A20637,2
P04636,A20638,3
P04636,A20639,4
P04637,A07884,5
P04637,A12090,1
P04637,A14663,3
P04637,A14664,4
P04637,A14665,2
P04637,A20640,6
P04638,A03623,8
P04638,A10718,7
P04638,A10719,5
P04638,A10750,4
P04638,A11207,2
P04638,A11338,3
P04638,A16671,1
P04638,A20641,6
P04639,A11780,2
P04639,A16995,3
P04639,A16996,4
P04639,A20642,1
P04640,A00124,5
P04640,A00788,4
P04640,A03799,2
P04640,A20643,1
P04640,A20644,3
P04640,A20645,6
P04640,A20646,7
P04641,A01543,9
P04641,A01915,4
P04641,A01916,2
P04641,A01917,11
P04641,A02125,7
P04641,A02731,6
P04641,A03216,3
P04641,A03288,12
P04641,A04292,5
P04641,A05202,13
P04641,A07671,1
P04641,A07672,8
P04641,A07812,10
P04641,A08475,15
P04641,A20114,14
P04642,A20647,1
P04642,A20648,2
P04642,A20649,3
P04643,A14444,241
P04643,A20650,1
P04643,A20651,2
P04643,A20652,3
P04643,A20653,4
P04643,A20654,5
P04643,A20655,6
P04643,A20656,7
P04643,A20657,8
P04643,A20658,9
P04643,A20659,10
P04643,A20660,11
P04643,A20661,12
P04643,A20662,13
P04643,A20663,14
P04643,A20664,15
P04643,A20665,16
P04643,A20666,17
P04643,A20667,18
P04643,A20668,19
P04643,A20669,20
P04643,A20670,21
P04643,A20671,22
P04643,A20672,23
P04643,A20673,24
P04643,A20674,25
P04643,A20675,26
P04643,A20676,27
P04643,A20677,28
P04643,A20678,29
P04643,A20679,30
P04643,A20680,31
P04643,A20681,32
P04643,A20682,33
P04643,A20683,34
P04643,A20684,35
P04643,A20685,36
P04643,A20686,37
P04643,A20687,38
P04643,A20688,39
P04643,A20689,40
P04643,A20690,41
P04643,A20691,42
P04643,A20692,43
P04643,A20693,44
P04643,A20694,45
P04643,A20695,46
P04643,A20696,47
P04643,A20697,48
P04643,A20698,49
P04643,A20699,50
P04643,A20700,51
P04643,A20701,52
P04643,A20702,53
P04643,A20703,54
P04643,A20704,55
P04643,A20705,56
P04643,A20706,57
P04643,A20707,58
P04643,A20708,59
P04643,A20709,60
P04643,A20710,61
P04643,A20711,62
P04643,A20712,63
P04643,A20713,64
P04643,A20714,65
P04643,A20715,66
P04643,A20716,67
P04643,A20717,68
P04643,A20718,69
P04643,A20719,70
P04643,A20720,71
P04643,A20721,72
P04643,A20722,73
P04643,A20723,74
P04643,A20724,75
P04643,A20725,76
P04643,A20726,77
P04643,A20727,78
P04643,A20728,79
P04643,A20729,80
P04643,A20730,81
P04643,A20731,82
P04643,A20732,83
P04643,A20733,84
P04643,A20734,85
P04643,A20735,86
P04643,A20736,87
P04643,A20737,88
P04643,A20738,89
P04643,A20739,90
P04643,A20740,91
P04643,A20741,92
P04643,A20742,93
P04643,A20743,94
P04643,A20744,95
P04643,A20745,96
P04643,A20746,97
P04643,A20747,98
P04643,A20748,99
P04643,A20749,100
P04643,A20750,101
P04643,A20751,102
P04643,A20752,103
P04643,A20753,104
P04643,A20754,105
P04643,A20755,106
P04643,A20756,107
P04643,A20757,108
P04643,A20758,109
P04643,A20759,110
P04643,A20760,111
P04643,A20761,112
P04643,A20762,113
P04643,A20763,114
P04643,A20764,115
P04643,A20765,116
P04643,A20766,117
P04643,A20767,118
P04643,A20768,119
P04643,A20769,120
P04643,A20770,121
P04643,A20771,122
P04643,A20772,123
P04643,A20773,124
P04643,A20774,125
P04643,A20775,126
P04643,A20776,127
P04643,A20777,128
P04643,A20778,129
P04643,A20779,130
P04643,A20780,131
P04643,A20781,132
P04643,A20782,133
P04643,A20783,134
P04643,A20784,135
P04643,A20785,136
P04643,A20786,137
P04643,A20787,138
P04643,A20788,139
P04643,A20789,140
P04643,A20790,141
P04643,A20791,142
P04643,A20792,143
P04643,A20793,144
P04643,A20794,145
P04643,A20795,146
P04643,A20796,147
P04643,A20797,148
P04643,A20798,149
P04643,A20799,150
P04643,A20800,151
P04643,A20801,152
P04643,A20802,153
P04643,A20803,154
P04643,A20804,155
P04643,A20805,156
P04643,A20806,157
P04643,A20807,158
P04643,A20808,159
P04643,A20809,160
P04643,A20810,161
P04643,A20811,162
P04643,A20812,163
P04643,A20813,164
P04643,A20814,165
P04643,A20815,166
P04643,A20816,167
P04643,A20817,168
P04643,A20818,169
P04643,A20819,170
P04643,A20820,171
P04643,A20821,172
P04643,A20822,173
P04643,A20823,174
P04643,A20824,175
P04643,A20825,176
P04643,A20826,177
P04643,A20827,178
P04643,A20828,179
P04643,A20829,180
P04643,A20830,181
P04643,A20831,182
P04643,A20832,183
P04643,A20833,184
P04643,A20834,185
P04643,A20835,186
P04643,A20836,187
P04643,A20837,188
P04643,A20838,189
P04643,A20839,190
P04643,A20840,191
P04643,A20841,192
P04643,A20842,193
P04643,A20843,194
P04643,A20844,195
P04643,A20845,196
P04643,A20846,197
P04643,A20847,198
P04643,A20848,199
P04643,A20849,200
P04643,A20850,201
P04643,A20851,202
P04643,A20852,203
P04643,A20853,204
P04643,A20854,205
P04643,A20855,206
P04643,A20856,207
P04643,A20857,208
P04643,A20858,209
P04643,A20859,210
P04643,A20860,211
P04643,A20861,212
P04643,A20862,213
P04643,A20863,214
P04643,A20864,215
P04643,A20865,216
P04643,A20866,217
P04643,A20867,218
P04643,A20868,219
P04643,A20869,220
P04643,A20870,221
P04643,A20871,222
P04643,A20872,223
P04643,A20873,224
P04643,A20874,225
P04643,A20875,226
P04643,A20876,227
P04643,A20877,228
P04643,A20878,229
P04643,A20879,230
P04643,A20880,231
P04643,A20881,232
P04643,A20882,233
P04643,A20883,234
P04643,A20884,235
P04643,A20885,236
P04643,A20886,237
P04643,A20887,238
P04643,A20888,239
P04643,A20889,240
P04643,A20890,242
P04643,A20891,243
P04643,A20892,244
P04643,A20893,245
P04643,A20894,246
P04643,A20895,247
P04643,A20896,248
P04643,A20897,249
P04643,A20898,250
P04643,A20899,251
P04643,A20900,252
P04643,A20901,253
P04643,A20902,254
P04643,A20903,255
P04643,A20904,256
P04643,A20905,257
P04643,A20906,258
P04643,A20907,259
P04643,A20908,260
P04643,A20909,261
P04643,A20910,262
P04643,A20911,263
P04643,A20912,264
P04643,A20913,265
P04643,A20914,266
P04643,A20915,267
P04643,A20916,268
P04643,A20917,269
P04643,A20918,270
P04643,A20919,271
P04643,A20920,272
P04643,A20921,273
P04643,A20922,274
P04643,A20923,275
P04643,A20924,276
P04643,A20925,277
P04643,A20926,278
P04643,A20927,279
P04643,A20928,280
P04643,A20929,281
P04643,A20930,282
P04643,A20931,283
P04643,A20932,284
P04643,A20933,285
P04643,A20934,286
P04643,A20935,287
P04643,A20936,288
P04643,A20937,289
P04643,A20938,290
P04643,A20939,291
P04643,A20940,292
P04643,A20941,293
P04643,A20942,294
P04643,A20943,295
P04643,A20944,296
P04643,A20945,297
P04643,A20946,298
P04643,A20947,299
P04643,A20948,300
P04643,A20949,301
P04643,A20950,302
P04643,A20951,303
P04643,A20952,304
P04643,A20953,305
P04643,A20954,306
P04643,A20955,307
P04643,A20956,308
P04643,A20957,309
P04643,A20958,310
P04643,A20959,311
P04643,A20960,312
P04643,A20961,313
P04643,A20962,314
P04643,A20963,315
P04643,A20964,316
P04643,A20965,317
P04643,A20966,318
P04643,A20967,319
P04643,A20968,320
P04643,A20969,321
P04643,A20970,322
P04643,A20971,323
P04643,A20972,324
P04643,A20973,325
P04643,A20974,326
P04643,A20975,327
P04643,A20976,328
P04643,A20977,329
P04643,A20978,330
P04643,A20979,331
P04643,A20980,332
P04643,A20981,333
P04643,A20982,334
P04643,A20983,335
P04643,A20984,336
P04643,A20985,337
P04643,A20986,338
P04643,A20987,339
P04643,A20988,340
P04643,A20989,341
P04643,A20990,342
P04643,A20991,343
P04643,A20992,344
P04643,A20993,345
P04643,A20994,346
P04643,A20995,347
P04643,A20996,348
P04643,A20997,349
P04643,A20998,350
P04643,A20999,351
P04643,A21000,352
P04643,A21001,353
P04643,A21002,354
P04643,A21003,355
P04643,A21004,356
P04643,A21005,357
P04643,A21006,358
P04643,A21007,359
P04643,A21008,360
P04643,A21009,361
P04643,A21010,362
P04643,A21011,363
P04643,A21012,364
P04643,A21013,365
P04643,A21014,366
P04643,A21015,367
P04643,A21016,368
P04643,A21017,369
P04643,A21018,370
P04643,A21019,371
P04643,A21020,372
P04643,A21021,373
P04643,A21022,374
P04643,A21023,375
P04643,A21024,376
P04643,A21025,377
P04643,A21026,378
P04643,A21027,379
P04643,A21028,380
P04643,A21029,381
P04643,A21030,382
P04643,A21031,383
P04643,A21032,384
P04643,A21033,385
P04643,A21034,386
P04643,A21035,387
P04643,A21036,388
P04643,A21037,389
P04643,A21038,390
P04643,A21039,391
P04643,A21040,392
P04643,A21041,393
P04643,A21042,394
P04643,A21043,395
P04643,A21044,396
P04643,A21045,397
P04643,A21046,398
P04643,A21047,399
P04643,A21048,400
P04643,A21049,401
P04643,A21050,402
P04643,A21051,403
P04643,A21052,404
P04643,A21053,405
P04643,A21054,406
P04643,A21055,407
P04643,A21056,408
P04643,A21057,409
P04643,A21058,410
P04643,A21059,411
P04643,A21060,412
P04643,A21061,413
P04643,A21062,414
P04643,A21063,415
P04643,A21064,416
P04643,A21065,417
P04643,A21066,418
P04643,A21067,419
P04643,A21068,420
P04643,A21069,421
P04643,A21070,422
P04643,A21071,423
P04643,A21072,424
P04643,A21073,425
P04643,A21074,426
P04643,A21075,427
P04643,A21076,428
P04643,A21077,429
P04643,A21078,430
P04643,A21079,431
P04643,A21080,432
P04643,A21081,433
P04643,A21082,434
P04643,A21083,435
P04643,A21084,436
P04643,A21085,437
P04643,A21086,438
P04643,A21087,439
P04643,A21088,440
P04643,A21089,441
P04643,A21090,442
P04643,A21091,443
P04643,A21092,444
P04643,A21093,445
P04643,A21094,446
P04643,A21095,447
P04643,A21096,448
P04643,A21097,449
P04643,A21098,450
P04643,A21099,451
P04643,A21100,452
P04643,A21101,453
P04643,A21102,454
P04643,A21103,455
P04643,A21104,456
P04643,A21105,457
P04643,A21106,458
P04643,A21107,459
P04643,A21108,460
P04643,A21109,461
P04643,A21110,462
P04643,A21111,463
P04643,A21112,464
P04643,A21113,465
P04643,A21114,466
P04643,A21115,467
P04643,A21116,468
P04643,A21117,469
P04643,A21118,470
P04643,A21119,471
P04643,A21120,472
P04643,A21121,473
P04643,A21122,474
P04643,A21123,475
P04643,A21124,476
P04643,A21125,477
P04643,A21126,478
P04643,A21127,479
P04643,A21128,480
P04643,A21129,481
P04643,A21130,482
P04643,A21131,483
P04643,A21132,484
P04643,A21133,485
P04643,A21134,486
P04643,A21135,487
P04643,A21136,488
P04643,A21137,489
P04643,A21138,490
P04643,A21139,491
P04643,A21140,492
P04643,A21141,493
P04643,A21142,494
P04644,A14735,8
P04644,A16707,2
P04644,A18494,9
P04644,A20515,11
P04644,A21143,1
P04644,A21144,3
P04644,A21145,4
P04644,A21146,5
P04644,A21147,6
P04644,A21148,7
P04644,A21149,10
P04644,A21150,12
P04644,A21151,13
P04644,A21152,14
P04645,A03478,8
P04645,A08163,5
P04645,A08502,1
P04645,A08507,6
P04645,A16113,2
P04645,A21153,3
P04645,A21154,4
P04645,A21155,7
P04645,A21156,9
P04645,A21157,10
P04645,A21158,11
P04646,A00655,9
P04646,A11196,2
P04646,A11197,4
P04646,A11198,5
P04646,A11200,7
P04646,A11201,8
P04646,A21159,1
P04646,A21160,3
P04646,A21161,6
P04646,A21162,10
P04646,A21163,11
P04647,A07826,14
P04647,A12018,2
P04647,A12052,4
P04647,A12625,21
P04647,A12890,15
P04647,A13195,16
P04647,A13411,8
P04647,A14603,22
P04647,A15457,23
P04647,A16269,9
P04647,A16333,24
P04647,A16349,13
P04647,A16355,25
P04647,A16357,1
P04647,A18363,10
P04647,A18878,3
P04647,A18881,17
P04647,A19053,27
P04647,A19056,11
P04647,A19060,28
P04647,A21164,5
P04647,A21165,6
P04647,A21166,7
P04647,A21167,12
P04647,A21168,18
P04647,A21169,19
P04647,A21170,20
P04647,A21171,26
P04647,A21172,29
P04647,A21173,30
P04648,A00622,4
P04648,A03527,2
P04648,A10125,1
P04648,A21174,3
P04649,A00562,3
P04649,A08399,7
P04649,A12221,2
P04649,A12968,6
P04649,A12969,4
P04649,A19177,5
P04649,A21175,1
P04650,A11320,1
P04650,A16972,5
P04650,A21176,2
P04650,A21177,3
P04650,A21178,4
P04650,A21179,6
P04650,A21180,7
P04651,A08581,8
P04651,A12432,1
P04651,A21181,2
P04651,A21182,3
P04651,A21183,4
P04651,A21184,5
P04651,A21185,6
P04651,A21186,7
P04651,A21187,9
P04652,A00266,5
P04652,A00431,9
P04652,A00507,10
P04652,A00824,7
P04652,A00905,4
P04652,A04001,3
P04652,A07131,1
P04652,A07851,8
P04652,A09493,2
P04652,A14112,6
P04653,A05201,5
P04653,A07872,6
P04653,A21188,1
P04653,A21189,2
P04653,A21190,3
P04653,A21191,4
P04653,A21192,7
P04653,A21193,8
P04653,A21194,9
P04653,A21195,10
P04653,A21196,11
P04654,A18752,1
P04654,A18753,2
P04654,A18754,3
P04654,A18755,4
P04654,A18756,5
P04655,A21197,1
P04655,A21198,2
P04656,A12709,2
P04656,A12713,6
P04656,A12714,1
P04656,A12716,3
P04656,A21199,4
P04656,A21200,5
P04656,A21201,7
P04657,A01797,4
P04657,A02464,6
P04657,A02773,5
P04657,A05109,1
P04657,A05111,7
P04657,A13038,3
P04657,A21202,2
P04658,A02759,2
P04658,A04800,8
P04658,A14254,5
P04658,A17894,4
P04658,A21203,1
P04658,A21204,3
P04658,A21205,6
P04658,A21206,7
P04658,A21207,9
P04659,A21208,1
P04659,A21209,2
P04659,A21210,3
P04659,A21211,4
P04659,A21212,5
P04660,A12718,21
P04660,A15285,16
P04660,A16239,6
P04660,A16296,18
P04660,A17496,23
P04660,A17505,14
P04660,A18435,12
P04660,A18502,3
P04660,A18504,7
P04660,A18534,15
P04660,A18550,9
P04660,A18551,22
P04660,A18642,2
P04660,A18643,8
P04660,A21213,1
P04660,A21214,4
P04660,A21215,5
P04660,A21216,10
P04660,A21217,11
P04660,A21218,13
P04660,A21219,17
P04660,A21220,19
P04660,A21221,20
P04661,A15220,13
P04661,A15779,3
P04661,A16526,11
P04661,A19280,10
P04661,A19993,4
P04661,A21222,1
P04661,A21223,2
P04661,A21224,5
P04661,A21225,6
P04661,A21226,7
P04661,A21227,8
P04661,A21228,9
P04661,A21229,12
P04662,A16449,21
P04662,A16450,12
P04662,A16451,22
P04662,A16452,2
P04662,A16453,5
P04662,A16454,6
P04662,A16456,4
P04662,A16459,8
P04662,A16462,17
P04662,A16482,9
P04662,A16486,1
P04662,A16489,3
P04662,A16493,11
P04662,A16497,14
P04662,A16498,25
P04662,A21230,7
P04662,A21231,10
P04662,A21232,13
P04662,A21233,15
P04662,A21234,16
P04662,A21235,18
P04662,A21236,19
P04662,A21237,20
P04662,A21238,23
P04662,A21239,24
P04662,A21240,26
P04662,A21241,27
P04663,A18187,3
P04663,A18189,5
P04663,A18192,2
P04663,A18193,4
P04663,A18194,7
P04663,A21242,1
P04663,A21243,6
P04664,A00231,5
P04664,A01449,7
P04664,A02773,2
P04664,A10127,4
P04664,A21244,1
P04664,A21245,3
P04664,A21246,6
P04665,A00066,6
P04665,A02125,2
P04665,A02921,7
P04665,A03258,5
P04665,A03288,4
P04665,A04614,1
P04665,A05046,8
P04665,A05048,9
P04665,A21247,3
P04666,A05084,1
P04666,A05102,8
P04666,A13844,7
P04666,A13845,2
P04666,A13847,3
P04666,A21248,4
P04666,A21249,5
P04666,A21250,6
P04667,A01233,4
P04667,A01447,14
P04667,A01977,13
P04667,A02534,11
P04667,A03623,16
P04667,A10749,15
P04667,A11016,1
P04667,A12451,10
P04667,A17112,2
P04667,A21251,3
P04667,A21252,5
P04667,A21253,6
P04667,A21254,7
P04667,A21255,8
P04667,A21256,9
P04667,A21257,12
P04668,A09237,21
P04668,A12855,24
P04668,A12897,18
P04668,A13189,7
P04668,A13776,13
P04668,A13915,6
P04668,A13932,14
P04668,A13939,20
P04668,A13954,9
P04668,A13964,1
P04668,A13966,3
P04668,A16372,19
P04668,A17529,5
P04668,A18080,2
P04668,A20021,4
P04668,A20023,16
P04668,A20029,11
P04668,A21258,8
P04668,A21259,10
P04668,A21260,12
P04668,A21261,15
P04668,A21262,17
P04668,A21263,22
P04668,A21264,23
P04669,A00290,5
P04669,A00843,2
P04669,A00871,4
P04669,A01227,6
P04669,A03221,7
P04669,A04227,8
P04669,A06977,3
P04669,A07518,1
P04670,A00997,4
P04670,A01010,6
P04670,A11831,2
P04670,A12292,1
P04670,A20109,3
P04670,A20110,5
P04671,A13904,14
P04671,A16490,22
P04671,A17018,7
P04671,A17045,17
P04671,A17743,24
P04671,A17744,9
P04671,A17745,15
P04671,A17746,10
P04671,A17747,13
P04671,A17749,6
P04671,A17750,3
P04671,A17753,2
P04671,A17754,11
P04671,A17755,12
P04671,A17759,27
P04671,A17760,26
P04671,A17763,5
P04671,A17764,8
P04671,A17766,4
P04671,A17767,16
P04671,A17768,18
P04671,A17769,19
P04671,A17771,20
P04671,A17774,30
P04671,A18311,21
P04671,A18313,23
P04671,A21265,1
P04671,A21266,25
P04671,A21267,28
P04671,A21268,29
P04671,A21269,31
P04672,A02600,2
P04672,A04917,7
P04672,A05629,5
P04672,A12008,1
P04672,A19094,6
P04672,A21270,3
P04672,A21271,4
P04673,A03940,3
P04673,A04580,7
P04673,A05576,2
P04673,A09357,4
P04673,A21272,1
P04673,A21273,5
P04673,A21274,6
P04674,A21275,1
P04674,A21276,2
P04675,A05052,4
P04675,A09803,1
P04675,A11901,2
P04675,A12237,3
P04676,A14037,2
P04676,A16821,1
P04677,A14123,4
P04677,A14124,8
P04677,A14130,13
P04677,A14133,10
P04677,A14135,1
P04677,A17045,14
P04677,A21277,2
P04677,A21278,3
P04677,A21279,5
P04677,A21280,6
P04677,A21281,7
P04677,A21282,9
P04677,A21283,11
P04677,A21284,12
P04677,A21285,15
P04678,A01678,10
P04678,A02843,9
P04678,A03527,1
P04678,A05296,7
P04678,A06944,3
P04678,A06951,8
P04678,A09777,2
P04678,A21286,4
P04678,A21287,5
P04678,A21288,6
P04679,A00824,10
P04679,A00877,6
P04679,A01227,3
P04679,A03527,4
P04679,A08038,7
P04679,A09777,1
P04679,A10772,5
P04679,A11187,2
P04679,A12194,9
P04679,A21289,8
P04680,A00819,3
P04680,A00999,10
P04680,A01678,5
P04680,A02146,6
P04680,A02534,2
P04680,A02721,1
P04680,A03946,4
P04680,A04323,9
P04680,A05296,8
P04680,A07852,7
P04681,A02284,2
P04681,A02804,3
P04681,A04297,4
P04681,A14674,1
P04682,A00629,3
P04682,A12233,2
P04682,A12234,1
P04682,A12235,4
P04683,A04843,3
P04683,A21290,1
P04683,A21291,2
P04683,A21292,4
P04684,A21293,1
P04684,A21294,2
P04684,A21295,3
P04684,A21296,4
P04685,A00995,7
P04685,A01233,3
P04685,A01447,6
P04685,A01678,5
P04685,A02600,8
P04685,A05296,1
P04685,A06951,4
P04685,A18496,2
P04686,A00614,7
P04686,A00843,8
P04686,A00849,10
P04686,A00892,6
P04686,A02125,9
P04686,A02600,2
P04686,A02721,3
P04686,A02885,1
P04686,A03044,5
P04686,A03671,4
P04687,A00066,11
P04687,A03044,10
P04687,A03374,1
P04687,A04461,2
P04687,A08038,6
P04687,A10772,3
P04687,A11906,8
P04687,A12094,4
P04687,A21297,5
P04687,A21298,7
P04687,A21299,9
P04688,A07572,1
P04688,A09766,4
P04688,A09767,3
P04688,A11699,5
P04688,A12730,6
P04688,A17826,2
P04689,A20083,2
P04689,A21300,1
P04689,A21301,3
P04689,A21302,4
P04690,A03027,7
P04690,A03041,2
P04690,A21303,1
P04690,A21304,3
P04690,A21305,4
P04690,A21306,5
P04690,A21307,6
P04690,A21308,8
P04691,A06925,4
P04691,A07842,2
P04691,A11494,3
P04691,A21309,1
P04692,A00849,5
P04692,A01601,1
P04692,A02218,6
P04692,A02219,4
P04692,A21310,2
P04692,A21311,3
P04692,A21312,7
P04693,A05426,1
P04693,A20475,5
P04693,A20479,4
P04693,A20480,7
P04693,A20485,3
P04693,A20493,6
P04693,A21313,2
P04693,A21314,8
P04694,A21315,1
P04694,A21316,2
P04694,A21317,3
P04694,A21318,4
P04694,A21319,5
P04694,A21320,6
P04694,A21321,7
P04694,A21322,8
P04694,A21323,9
P04694,A21324,10
P04694,A21325,11
P04694,A21326,12
P04695,A21327,1
P04695,A21328,2
P04695,A21329,3
P04695,A21330,4
P04696,A21331,1
P04696,A21332,2
P04696,A21333,3
P04696,A21334,4
P04696,A21335,5
P04696,A21336,6
P04696,A21337,7
P04696,A21338,8
P04696,A21339,9
P04696,A21340,10
P04696,A21341,11
P04696,A21342,12
P04697,A07066,3
P04697,A20099,2
P04697,A21343,1
P04698,A11467,27
P04698,A13899,6
P04698,A13910,8
P04698,A16472,22
P04698,A16476,23
P04698,A17280,33
P04698,A17350,18
P04698,A17756,19
P04698,A18293,2
P04698,A18297,20
P04698,A19593,12
P04698,A19916,29
P04698,A19974,40
P04698,A21344,1
P04698,A21345,3
P04698,A21346,4
P04698,A21347,5
P04698,A21348,7
P04698,A21349,9
P04698,A21350,10
P04698,A21351,11
P04698,A21352,13
P04698,A21353,14
P04698,A21354,15
P04698,A21355,16
P04698,A21356,17
P04698,A21357,21
P04698,A21358,24
P04698,A21359,25
P04698,A21360,26
P04698,A21361,28
P04698,A21362,30
P04698,A21363,31
P04698,A21364,32
P04698,A21365,34
P04698,A21366,35
P04698,A21367,36
P04698,A21368,37
P04698,A21369,38
P04698,A21370,39
P04698,A21371,41
P04699,A11796,11
P04699,A16396,4
P04699,A17001,8
P04699,A17030,10
P04699,A17521,5
P04699,A17522,9
P04699,A18571,2
P04699,A20148,13
P04699,A20424,3
P04699,A21372,1
P04699,A21373,6
P04699,A21374,7
P04699,A21375,12
P04699,A21376,14
P04699,A21377,15
P04699,A21378,16
P04699,A21379,17
P04700,A16267,2
P04700,A16390,1
P04700,A17520,3
P04700,A17521,4
P04700,A17692,5
P04701,A00006,9
P04701,A00052,3
P04701,A00068,12
P04701,A00080,4
P04701,A00272,1
P04701,A00440,2
P04701,A00517,11
P04701,A01010,20
P04701,A03361,10
P04701,A04243,18
P04701,A04756,5
P04701,A05032,15
P04701,A07533,19
P04701,A07634,14
P04701,A14720,16
P04701,A21380,6
P04701,A21381,7
P04701,A21382,8
P04701,A21383,13
P04701,A21384,17
P04702,A00896,176
P04702,A03038,22
P04702,A04433,34
P04702,A05000,156
P04702,A05262,113
P04702,A06804,118
P04702,A06969,1
P04702,A06973,15
P04702,A07156,96
P04702,A07167,140
P04702,A07171,151
P04702,A07174,26
P04702,A07304,5
P04702,A08081,134
P04702,A08286,109
P04702,A09633,11
P04702,A09634,18
P04702,A09842,141
P04702,A11321,70
P04702,A11864,49
P04702,A12296,108
P04702,A12696,3
P04702,A12704,63
P04702,A12708,25
P04702,A12709,136
P04702,A12717,161
P04702,A13132,74
P04702,A13184,77
P04702,A13188,169
P04702,A13334,159
P04702,A13610,173
P04702,A13612,7
P04702,A13636,47
P04702,A13684,72
P04702,A13854,37
P04702,A13922,53
P04702,A14022,4
P04702,A14233,19
P04702,A14288,153
P04702,A14627,174
P04702,A14628,154
P04702,A14630,12
P04702,A14749,69
P04702,A14980,90
P04702,A15821,79
P04702,A15847,82
P04702,A16113,165
P04702,A16789,102
P04702,A16964,36
P04702,A16965,2
P04702,A16966,44
P04702,A16967,31
P04702,A16968,8
P04702,A16969,30
P04702,A16971,9
P04702,A16972,10
P04702,A16973,38
P04702,A16975,105
P04702,A16976,21
P04702,A16977,23
P04702,A16978,124
P04702,A16979,139
P04702,A16980,166
P04702,A17563,89
P04702,A18322,98
P04702,A18387,128
P04702,A18606,111
P04702,A18816,93
P04702,A19081,17
P04702,A19990,76
P04702,A21385,6
P04702,A21386,13
P04702,A21387,14
P04702,A21388,16
P04702,A21389,20
P04702,A21390,24
P04702,A21391,27
P04702,A21392,28
P04702,A21393,29
P04702,A21394,32
P04702,A21395,33
P04702,A21396,35
P04702,A21397,39
P04702,A21398,40
P04702,A21399,41
P04702,A21400,42
P04702,A21401,43
P04702,A21402,45
P04702,A21403,46
P04702,A21404,48
P04702,A21405,50
P04702,A21406,51
P04702,A21407,52
P04702,A21408,54
P04702,A21409,55
P04702,A21410,56
P04702,A21411,57
P04702,A21412,58
P04702,A21413,59
P04702,A21414,60
P04702,A21415,61
P04702,A21416,62
P04702,A21417,64
P04702,A21418,65
P04702,A21419,66
P04702,A21420,67
P04702,A21421,68
P04702,A21422,71
P04702,A21423,73
P04702,A21424,75
P04702,A21425,78
P04702,A21426,80
P04702,A21427,81
P04702,A21428,83
P04702,A21429,84
P04702,A21430,85
P04702,A21431,86
P04702,A21432,87
P04702,A21433,88
P04702,A21434,91
P04702,A21435,92
P04702,A21436,94
P04702,A21437,95
P04702,A21438,97
P04702,A21439,99
P04702,A21440,100
P04702,A21441,101
P04702,A21442,103
P04702,A21443,104
P04702,A21444,106
P04702,A21445,107
P04702,A21446,110
P04702,A21447,112
P04702,A21448,114
P04702,A21449,115
P04702,A21450,116
P04702,A21451,117
P04702,A21452,119
P04702,A21453,120
P04702,A21454,121
P04702,A21455,122
P04702,A21456,123
P04702,A21457,125
P04702,A21458,126
P04702,A21459,127
P04702,A21460,129
P04702,A21461,130
P04702,A21462,131
P04702,A21463,132
P04702,A21464,133
P04702,A21465,135
P04702,A21466,137
P04702,A21467,138
P04702,A21468,142
P04702,A21469,143
P04702,A21470,144
P04702,A21471,145
P04702,A21472,146
P04702,A21473,147
P04702,A21474,148
P04702,A21475,149
P04702,A21476,150
P04702,A21477,152
P04702,A21478,155
P04702,A21479,157
P04702,A21480,158
P04702,A21481,160
P04702,A21482,162
P04702,A21483,163
P04702,A21484,164
P04702,A21485,167
P04702,A21486,168
P04702,A21487,170
P04702,A21488,171
P04702,A21489,172
P04702,A21490,175
P04702,A21491,177
P04702,A21492,178
P04702,A21493,179
P04702,A21494,180
P04703,A12825,17
P04703,A12884,11
P04703,A12894,7
P04703,A12895,15
P04703,A12899,12
P04703,A12904,16
P04703,A12906,22
P04703,A12907,14
P04703,A12909,13
P04703,A17006,21
P04703,A21495,1
P04703,A21496,2
P04703,A21497,3
P04703,A21498,4
P04703,A21499,5
P04703,A21500,6
P04703,A21501,8
P04703,A21502,9
P04703,A21503,10
P04703,A21504,18
P04703,A21505,19
P04703,A21506,20
P04703,A21507,23
P04703,A21508,24
P04703,A21509,25
P04703,A21510,26
P04703,A21511,27
P04703,A21512,28
P04704,A08227,2
P04704,A08231,3
P04704,A13506,8
P04704,A21513,1
P04704,A21514,4
P04704,A21515,5
P04704,A21516,6
P04704,A21517,7
P04704,A21518,9
P04705,A14038,1
P04705,A21519,2
P04705,A21520,3
P04705,A21521,4
P04706,A12609,10
P04706,A12614,9
P04706,A13325,3
P04706,A21522,1
P04706,A21523,2
P04706,A21524,4
P04706,A21525,5
P04706,A21526,6
P04706,A21527,7
P04706,A21528,8
P04706,A21529,11
P04706,A21530,12
P04707,A03772,5
P04707,A04198,3
P04707,A04201,7
P04707,A21531,1
P04707,A21532,2
P04707,A21533,4
P04707,A21534,6
P04707,A21535,8
P04708,A00824,4
P04708,A05015,5
P04708,A07623,1
P04708,A12416,3
P04708,A16432,2
P04709,A00276,38
P04709,A04904,4
P04709,A05543,8
P04709,A08488,28
P04709,A10178,2
P04709,A10244,17
P04709,A10245,7
P04709,A10249,9
P04709,A10606,6
P04709,A10607,5
P04709,A12753,13
P04709,A12756,24
P04709,A12826,1
P04709,A20502,39
P04709,A21293,37
P04709,A21296,36
P04709,A21536,3
P04709,A21537,10
P04709,A21538,11
P04709,A21539,12
P04709,A21540,14
P04709,A21541,15
P04709,A21542,16
P04709,A21543,18
P04709,A21544,19
P04709,A21545,20
P04709,A21546,21
P04709,A21547,22
P04709,A21548,23
P04709,A21549,25
P04709,A21550,26
P04709,A21551,27
P04709,A21552,29
P04709,A21553,30
P04709,A21554,31
P04709,A21555,32
P04709,A21556,33
P04709,A21557,34
P04709,A21558,35
P04710,A09200,21
P04710,A14755,5
P04710,A14757,17
P04710,A14758,10
P04710,A21559,1
P04710,A21560,2
P04710,A21561,3
P04710,A21562,4
P04710,A21563,6
P04710,A21564,7
P04710,A21565,8
P04710,A21566,9
P04710,A21567,11
P04710,A21568,12
P04710,A21569,13
P04710,A21570,14
P04710,A21571,15
P04710,A21572,16
P04710,A21573,18
P04710,A21574,19
P04710,A21575,20
P04711,A05436,2
P04711,A07715,10
P04711,A09140,1
P04711,A09143,6
P04711,A09148,25
P04711,A09153,21
P04711,A13031,8
P04711,A13585,17
P04711,A15171,22
P04711,A15182,3
P04711,A17910,15
P04711,A17988,16
P04711,A21576,4
P04711,A21577,5
P04711,A21578,7
P04711,A21579,9
P04711,A21580,11
P04711,A21581,12
P04711,A21582,13
P04711,A21583,14
P04711,A21584,18
P04711,A21585,19
P04711,A21586,20
P04711,A21587,23
P04711,A21588,24
P04711,A21589,26
P04711,A21590,27
P04711,A21591,28
P04711,A21592,29
P04711,A21593,30
P04711,A21594,31
P04711,A21595,32
P04711,A21596,33
P04711,A21597,34
P04711,A21598,35
P04711,A21599,36
P04711,A21600,37
P04712,A09793,14
P04712,A09794,13
P04712,A11811,26
P04712,A12015,5
P04712,A12018,16
P04712,A12624,12
P04712,A12627,27
P04712,A12631,23
P04712,A12642,15
P04712,A13127,21
P04712,A13130,25
P04712,A13195,19
P04712,A13985,17
P04712,A13988,20
P04712,A14259,10
P04712,A15654,24
P04712,A16333,22
P04712,A16349,11
P04712,A16354,4
P04712,A16390,7
P04712,A17520,2
P04712,A17521,3
P04712,A17690,8
P04712,A17692,1
P04712,A18218,6
P04712,A18363,18
P04712,A18366,9
P04713,A05241,5
P04713,A07046,16
P04713,A08560,6
P04713,A10314,4
P04713,A10317,8
P04713,A11431,10
P04713,A12738,12
P04713,A14696,14
P04713,A14697,15
P04713,A21601,1
P04713,A21602,2
P04713,A21603,3
P04713,A21604,7
P04713,A21605,9
P04713,A21606,11
P04713,A21607,13
P04714,A00417,1
P04714,A04345,2
P04714,A11015,3
P04715,A13422,4
P04715,A13423,1
P04715,A13424,3
P04715,A13425,2
P04715,A13427,8
P04715,A13430,6
P04715,A21608,5
P04715,A21609,7
P04715,A21610,9
P04715,A21611,10
P04716,A02300,4
P04716,A02303,6
P04716,A02759,2
P04716,A05074,5
P04716,A11716,1
P04716,A21612,3
P04716,A21613,7
P04717,A00723,5
P04717,A07184,3
P04717,A17084,4
P04717,A18784,1
P04717,A21614,2
P04718,A07184,2
P04718,A21614,1
P04719,A12898,5
P04719,A16272,6
P04719,A16330,2
P04719,A16332,1
P04719,A16333,4
P04719,A19823,3
P04720,A12859,19
P04720,A13896,18
P04720,A13903,17
P04720,A19887,1
P04720,A19930,7
P04720,A20353,16
P04720,A20401,11
P04720,A21615,2
P04720,A21616,3
P04720,A21617,4
P04720,A21618,5
P04720,A21619,6
P04720,A21620,8
P04720,A21621,9
P04720,A21622,10
P04720,A21623,12
P04720,A21624,13
P04720,A21625,14
P04720,A21626,15
P04721,A13776,2
P04721,A16269,3
P04721,A21627,1
P04721,A21628,4
P04722,A09793,27
P04722,A11811,18
P04722,A12015,15
P04722,A12018,32
P04722,A12048,5
P04722,A12052,16
P04722,A12622,28
P04722,A12623,30
P04722,A12624,24
P04722,A12625,7
P04722,A12626,49
P04722,A12627,60
P04722,A12631,4
P04722,A12632,25
P04722,A12637,20
P04722,A12642,12
P04722,A12645,36
P04722,A12646,38
P04722,A12650,51
P04722,A12651,55
P04722,A12652,57
P04722,A13130,17
P04722,A13195,34
P04722,A13985,1
P04722,A13988,2
P04722,A14259,23
P04722,A14790,19
P04722,A14827,22
P04722,A15143,6
P04722,A15274,37
P04722,A15439,44
P04722,A15463,47
P04722,A15531,53
P04722,A15654,59
P04722,A15800,46
P04722,A15828,8
P04722,A16349,9
P04722,A16350,10
P04722,A16352,40
P04722,A16354,3
P04722,A16990,35
P04722,A16993,43
P04722,A16994,58
P04722,A17521,56
P04722,A17690,26
P04722,A17691,50
P04722,A17729,31
P04722,A17736,41
P04722,A18363,33
P04722,A18364,54
P04722,A18366,21
P04722,A18367,13
P04722,A18368,39
P04722,A18369,42
P04722,A18370,14
P04722,A18371,45
P04722,A18411,48
P04722,A18412,29
P04722,A19040,11
P04722,A21629,52
P04722,A21630,61
P04723,A09233,19
P04723,A11811,37
P04723,A12017,5
P04723,A12018,2
P04723,A12052,4
P04723,A12622,15
P04723,A12625,25
P04723,A12631,33
P04723,A12632,13
P04723,A13130,36
P04723,A13953,22
P04723,A13966,3
P04723,A13970,32
P04723,A13985,17
P04723,A13988,10
P04723,A14603,28
P04723,A14993,7
P04723,A15020,18
P04723,A15457,29
P04723,A15654,35
P04723,A16349,11
P04723,A16352,24
P04723,A16354,30
P04723,A18218,9
P04723,A18412,1
P04723,A19040,12
P04723,A20021,14
P04723,A20236,31
P04723,A20257,34
P04723,A21263,8
P04723,A21631,6
P04723,A21632,16
P04723,A21633,20
P04723,A21634,21
P04723,A21635,23
P04723,A21636,26
P04723,A21637,27
P04723,A21638,38
P04724,A06804,2
P04724,A12025,19
P04724,A12687,13
P04724,A12701,18
P04724,A13246,24
P04724,A14179,1
P04724,A14789,8
P04724,A15220,16
P04724,A15537,4
P04724,A15764,10
P04724,A15765,25
P04724,A15766,23
P04724,A15770,17
P04724,A15777,11
P04724,A15780,5
P04724,A15781,15
P04724,A15782,7
P04724,A15784,22
P04724,A15789,12
P04724,A17094,6
P04724,A18494,14
P04724,A18497,20
P04724,A18516,3
P04724,A21639,9
P04724,A21640,21
P04725,A04122,17
P04725,A04131,2
P04725,A06804,7
P04725,A06838,20
P04725,A06846,30
P04725,A06847,31
P04725,A07201,3
P04725,A07204,9
P04725,A07206,28
P04725,A07208,21
P04725,A07209,5
P04725,A07217,8
P04725,A07219,29
P04725,A07220,32
P04725,A07642,26
P04725,A13449,1
P04725,A13450,6
P04725,A13452,16
P04725,A13465,23
P04725,A13469,25
P04725,A13473,11
P04725,A13499,27
P04725,A13501,22
P04725,A13506,12
P04725,A13514,24
P04725,A13528,13
P04725,A13536,10
P04725,A13546,15
P04725,A21641,4
P04725,A21642,14
P04725,A21643,18
P04725,A21644,19
P04726,A04122,8
P04726,A04131,27
P04726,A06842,14
P04726,A06846,34
P04726,A06847,2
P04726,A07201,4
P04726,A07202,41
P04726,A07204,13
P04726,A07206,40
P04726,A07208,42
P04726,A07209,29
P04726,A07210,18
P04726,A07211,19
P04726,A07214,33
P04726,A07217,38
P04726,A07220,43
P04726,A13449,3
P04726,A13452,10
P04726,A13453,17
P04726,A13454,28
P04726,A13465,30
P04726,A13466,16
P04726,A13469,11
P04726,A13476,20
P04726,A13479,31
P04726,A13485,32
P04726,A13499,22
P04726,A13501,7
P04726,A13514,37
P04726,A13527,12
P04726,A13528,39
P04726,A13531,26
P04726,A13536,1
P04726,A13546,6
P04726,A13549,15
P04726,A21645,5
P04726,A21646,9
P04726,A21647,21
P04726,A21648,23
P04726,A21649,24
P04726,A21650,25
P04726,A21651,35
P04726,A21652,36
P04727,A04131,6
P04727,A06804,7
P04727,A06821,4
P04727,A07201,1
P04727,A07208,12
P04727,A07209,2
P04727,A07217,5
P04727,A10104,17
P04727,A13472,14
P04727,A18485,15
P04727,A21653,3
P04727,A21654,8
P04727,A21655,9
P04727,A21656,10
P04727,A21657,11
P04727,A21658,13
P04727,A21659,16
P04728,A21101,45
P04728,A21660,1
P04728,A21661,2
P04728,A21662,3
P04728,A21663,4
P04728,A21664,5
P04728,A21665,6
P04728,A21666,7
P04728,A21667,8
P04728,A21668,9
P04728,A21669,10
P04728,A21670,11
P04728,A21671,12
P04728,A21672,13
P04728,A21673,14
P04728,A21674,15
P04728,A21675,16
P04728,A21676,17
P04728,A21677,18
P04728,A21678,19
P04728,A21679,20
P04728,A21680,21
P04728,A21681,22
P04728,A21682,23
P04728,A21683,24
P04728,A21684,25
P04728,A21685,26
P04728,A21686,27
P04728,A21687,28
P04728,A21688,29
P04728,A21689,30
P04728,A21690,31
P04728,A21691,32
P04728,A21692,33
P04728,A21693,34
P04728,A21694,35
P04728,A21695,36
P04728,A21696,37
P04728,A21697,38
P04728,A21698,39
P04728,A21699,40
P04728,A21700,41
P04728,A21701,42
P04728,A21702,43
P04728,A21703,44
P04728,A21704,46
P04728,A21705,47
P04728,A21706,48
P04728,A21707,49
P04728,A21708,50
P04729,A07215,73
P04729,A12011,46
P04729,A12013,6
P04729,A12024,21
P04729,A12025,90
P04729,A12056,114
P04729,A12701,79
P04729,A12709,78
P04729,A12718,19
P04729,A12965,55
P04729,A13247,71
P04729,A13253,68
P04729,A13355,83
P04729,A13528,101
P04729,A14060,49
P04729,A14063,61
P04729,A14065,37
P04729,A14066,97
P04729,A14069,23
P04729,A14071,25
P04729,A14151,93
P04729,A14152,95
P04729,A14184,48
P04729,A14604,20
P04729,A14607,109
P04729,A14608,66
P04729,A14906,35
P04729,A15116,50
P04729,A15285,122
P04729,A15306,77
P04729,A15391,88
P04729,A15501,120
P04729,A15769,9
P04729,A15770,67
P04729,A15771,2
P04729,A15777,12
P04729,A15865,5
P04729,A16071,96
P04729,A16239,106
P04729,A16240,42
P04729,A16296,84
P04729,A16300,115
P04729,A16503,75
P04729,A16504,85
P04729,A16505,51
P04729,A16506,108
P04729,A17420,110
P04729,A17466,94
P04729,A17493,45
P04729,A17494,24
P04729,A17495,29
P04729,A17496,118
P04729,A17511,121
P04729,A17566,62
P04729,A17568,112
P04729,A17805,87
P04729,A18122,70
P04729,A18448,60
P04729,A18497,1
P04729,A18498,7
P04729,A18500,15
P04729,A18501,16
P04729,A18502,17
P04729,A18503,3
P04729,A18504,18
P04729,A18505,22
P04729,A18506,126
P04729,A18507,26
P04729,A18508,27
P04729,A18509,28
P04729,A18510,30
P04729,A18511,31
P04729,A18512,32
P04729,A18513,33
P04729,A18514,34
P04729,A18515,36
P04729,A18516,38
P04729,A18517,39
P04729,A18518,40
P04729,A18519,41
P04729,A18520,43
P04729,A18521,44
P04729,A18522,47
P04729,A18523,52
P04729,A18524,53
P04729,A18525,54
P04729,A18526,56
P04729,A18527,57
P04729,A18528,58
P04729,A18529,124
P04729,A18530,59
P04729,A18531,10
P04729,A18532,63
P04729,A18533,64
P04729,A18534,65
P04729,A18535,123
P04729,A18536,69
P04729,A18537,72
P04729,A18538,74
P04729,A18539,76
P04729,A18540,80
P04729,A18541,81
P04729,A18542,82
P04729,A18543,86
P04729,A18544,89
P04729,A18545,91
P04729,A18546,92
P04729,A18547,98
P04729,A18548,99
P04729,A18549,100
P04729,A18550,125
P04729,A18551,102
P04729,A18552,103
P04729,A18553,104
P04729,A18554,105
P04729,A18555,107
P04729,A18556,111
P04729,A18557,113
P04729,A18558,116
P04729,A18559,117
P04729,A18560,119
P04729,A19494,14
P04729,A21709,4
P04729,A21710,8
P04729,A21711,11
P04729,A21712,13
P04730,A15779,7
P04730,A19273,15
P04730,A21713,1
P04730,A21714,2
P04730,A21715,3
P04730,A21716,4
P04730,A21717,5
P04730,A21718,6
P04730,A21719,8
P04730,A21720,9
P04730,A21721,10
P04730,A21722,11
P04730,A21723,12
P04730,A21724,13
P04730,A21725,14
P04730,A21726,16
P04730,A21727,17
P04731,A13025,14
P04731,A13721,29
P04731,A14270,2
P04731,A14290,37
P04731,A14294,47
P04731,A14307,22
P04731,A14319,42
P04731,A14323,20
P04731,A14327,1
P04731,A14333,7
P04731,A14339,11
P04731,A14343,36
P04731,A17536,44
P04731,A17538,16
P04731,A17547,45
P04731,A17548,9
P04731,A18005,19
P04731,A18039,35
P04731,A18076,10
P04731,A19166,46
P04731,A21728,3
P04731,A21729,4
P04731,A21730,5
P04731,A21731,6
P04731,A21732,8
P04731,A21733,12
P04731,A21734,13
P04731,A21735,15
P04731,A21736,17
P04731,A21737,18
P04731,A21738,21
P04731,A21739,23
P04731,A21740,24
P04731,A21741,25
P04731,A21742,26
P04731,A21743,27
P04731,A21744,28
P04731,A21745,30
P04731,A21746,31
P04731,A21747,32
P04731,A21748,33
P04731,A21749,34
P04731,A21750,38
P04731,A21751,39
P04731,A21752,40
P04731,A21753,41
P04731,A21754,43
P04731,A21755,48
P04732,A01045,15
P04732,A04976,5
P04732,A05251,16
P04732,A05297,11
P04732,A11685,17
P04732,A12124,18
P04732,A21756,1
P04732,A21757,2
P04732,A21758,3
P04732,A21759,4
P04732,A21760,6
P04732,A21761,7
P04732,A21762,8
P04732,A21763,9
P04732,A21764,10
P04732,A21765,12
P04732,A21766,13
P04732,A21767,14
P04732,A21768,19
P04732,A21769,20
P04732,A21770,21
P04732,A21771,22
P04732,A21772,23
P04732,A21773,24
P04732,A21774,25
P04732,A21775,26
P04732,A21776,27
P04732,A21777,28
P04733,A03190,21
P04733,A03396,1
P04733,A04940,16
P04733,A11673,8
P04733,A11674,11
P04733,A13798,9
P04733,A16519,18
P04733,A16817,10
P04733,A16818,17
P04733,A16820,15
P04733,A16867,2
P04733,A16868,22
P04733,A21778,3
P04733,A21779,4
P04733,A21780,5
P04733,A21781,6
P04733,A21782,7
P04733,A21783,12
P04733,A21784,13
P04733,A21785,14
P04733,A21786,19
P04733,A21787,20
P04734,A12022,12
P04734,A13341,25
P04734,A13726,5
P04734,A14097,23
P04734,A14283,17
P04734,A14612,2
P04734,A18018,21
P04734,A19687,1
P04734,A19688,7
P04734,A19689,8
P04734,A19690,6
P04734,A19693,3
P04734,A19694,10
P04734,A19695,9
P04734,A19696,4
P04734,A19697,13
P04734,A19698,14
P04734,A19699,15
P04734,A19700,16
P04734,A19702,20
P04734,A19703,22
P04734,A19704,26
P04734,A21788,11
P04734,A21789,18
P04734,A21790,19
P04734,A21791,24
P04735,A06969,2
P04735,A06973,3
P04735,A07161,17
P04735,A07302,8
P04735,A07304,12
P04735,A07305,13
P04735,A07307,14
P04735,A07311,5
P04735,A11919,10
P04735,A13788,22
P04735,A16965,20
P04735,A17014,6
P04735,A21390,7
P04735,A21395,9
P04735,A21460,11
P04735,A21792,1
P04735,A21793,4
P04735,A21794,15
P04735,A21795,16
P04735,A21796,18
P04735,A21797,19
P04735,A21798,21
P04736,A18094,2
P04736,A18095,3
P04736,A18097,5
P04736,A18098,9
P04736,A19997,11
P04736,A20003,1
P04736,A21799,4
P04736,A21800,6
P04736,A21801,7
P04736,A21802,8
P04736,A21803,10
P04737,A00066,4
P04737,A00896,1
P04737,A01199,2
P04737,A21804,3
P04738,A14558,1
P04738,A14559,3
P04738,A14560,2
P04739,A07146,5
P04739,A07163,4
P04739,A13334,7
P04739,A18386,6
P04739,A21805,1
P04739,A21806,2
P04739,A21807,3
P04740,A00106,8
P04740,A00837,7
P04740,A01550,9
P04740,A03319,10
P04740,A04489,2
P04740,A04655,1
P04740,A11117,4
P04740,A11119,6
P04740,A11670,3
P04740,A16222,5
P04741,A00649,26
P04741,A00676,22
P04741,A00696,108
P04741,A00748,1
P04741,A00754,38
P04741,A01087,88
P04741,A01096,10
P04741,A01099,86
P04741,A01100,87
P04741,A01119,137
P04741,A01152,161
P04741,A01264,152
P04741,A01733,59
P04741,A01734,58
P04741,A01743,30
P04741,A01973,17
P04741,A01996,92
P04741,A02404,65
P04741,A02711,55
P04741,A03117,90
P04741,A03233,136
P04741,A03723,6
P04741,A03725,159
P04741,A03730,57
P04741,A03731,160
P04741,A04296,139
P04741,A04411,32
P04741,A04784,106
P04741,A05411,11
P04741,A05429,8
P04741,A05730,119
P04741,A09729,151
P04741,A10470,48
P04741,A10472,5
P04741,A10478,52
P04741,A10479,142
P04741,A10507,94
P04741,A10521,103
P04741,A10522,25
P04741,A10524,35
P04741,A10525,37
P04741,A10526,4
P04741,A10530,101
P04741,A10934,29
P04741,A19245,105
P04741,A19723,67
P04741,A21808,2
P04741,A21809,3
P04741,A21810,7
P04741,A21811,9
P04741,A21812,12
P04741,A21813,13
P04741,A21814,14
P04741,A21815,15
P04741,A21816,16
P04741,A21817,18
P04741,A21818,19
P04741,A21819,20
P04741,A21820,21
P04741,A21821,23
P04741,A21822,24
P04741,A21823,27
P04741,A21824,28
P04741,A21825,31
P04741,A21826,33
P04741,A21827,34
P04741,A21828,36
P04741,A21829,39
P04741,A21830,40
P04741,A21831,41
P04741,A21832,42
P04741,A21833,43
P04741,A21834,44
P04741,A21835,45
P04741,A21836,46
P04741,A21837,47
P04741,A21838,49
P04741,A21839,50
P04741,A21840,51
P04741,A21841,53
P04741,A21842,54
P04741,A21843,56
P04741,A21844,60
P04741,A21845,61
P04741,A21846,62
P04741,A21847,63
P04741,A21848,64
P04741,A21849,66
P04741,A21850,68
P04741,A21851,69
P04741,A21852,70
P04741,A21853,71
P04741,A21854,72
P04741,A21855,73
P04741,A21856,74
P04741,A21857,75
P04741,A21858,76
P04741,A21859,77
P04741,A21860,78
P04741,A21861,79
P04741,A21862,80
P04741,A21863,81
P04741,A21864,82
P04741,A21865,83
P04741,A21866,84
P04741,A21867,85
P04741,A21868,89
P04741,A21869,91
P04741,A21870,93
P04741,A21871,95
P04741,A21872,96
P04741,A21873,97
P04741,A21874,98
P04741,A21875,99
P04741,A21876,100
P04741,A21877,102
P04741,A21878,104
P04741,A21879,107
P04741,A21880,109
P04741,A21881,110
P04741,A21882,111
P04741,A21883,112
P04741,A21884,113
P04741,A21885,114
P04741,A21886,115
P04741,A21887,116
P04741,A21888,117
P04741,A21889,118
P04741,A21890,120
P04741,A21891,121
P04741,A21892,122
P04741,A21893,123
P04741,A21894,124
P04741,A21895,125
P04741,A21896,126
P04741,A21897,127
P04741,A21898,128
P04741,A21899,129
P04741,A21900,130
P04741,A21901,131
P04741,A21902,132
P04741,A21903,133
P04741,A21904,134
P04741,A21905,135
P04741,A21906,138
P04741,A21907,140
P04741,A21908,141
P04741,A21909,143
P04741,A21910,144
P04741,A21911,145
P04741,A21912,146
P04741,A21913,147
P04741,A21914,148
P04741,A21915,149
P04741,A21916,150
P04741,A21917,153
P04741,A21918,154
P04741,A21919,155
P04741,A21920,156
P04741,A21921,157
P04741,A21922,158
P04742,A13022,9
P04742,A13026,16
P04742,A13543,14
P04742,A13592,10
P04742,A14271,8
P04742,A14272,11
P04742,A14278,5
P04742,A14281,6
P04742,A14339,4
P04742,A14343,2
P04742,A20514,12
P04742,A21923,1
P04742,A21924,3
P04742,A21925,7
P04742,A21926,13
P04742,A21927,15
P04742,A21928,17
P04743,A13533,3
P04743,A13589,4
P04743,A13713,8
P04743,A13717,2
P04743,A13729,1
P04743,A14056,22
P04743,A14060,23
P04743,A14062,24
P04743,A14095,10
P04743,A14096,12
P04743,A14097,17
P04743,A14864,9
P04743,A15035,11
P04743,A15073,13
P04743,A15163,14
P04743,A15219,16
P04743,A15669,6
P04743,A16049,21
P04743,A16797,15
P04743,A17548,19
P04743,A18117,20
P04743,A19781,5
P04743,A20363,25
P04743,A21929,7
P04743,A21930,18
P04744,A11792,33
P04744,A11800,48
P04744,A11806,55
P04744,A11925,32
P04744,A12615,3
P04744,A12883,22
P04744,A12897,44
P04744,A12905,43
P04744,A13121,18
P04744,A13122,2
P04744,A13123,31
P04744,A13125,11
P04744,A13126,52
P04744,A13127,12
P04744,A13128,53
P04744,A13129,15
P04744,A13131,10
P04744,A13132,57
P04744,A13133,35
P04744,A13134,36
P04744,A13135,38
P04744,A13138,1
P04744,A13142,8
P04744,A13143,56
P04744,A13144,5
P04744,A13146,25
P04744,A13149,46
P04744,A13150,16
P04744,A13154,37
P04744,A13157,20
P04744,A13160,24
P04744,A13165,34
P04744,A13167,40
P04744,A13168,39
P04744,A13170,42
P04744,A14246,13
P04744,A15136,41
P04744,A16393,47
P04744,A16562,54
P04744,A17001,26
P04744,A17522,30
P04744,A17523,51
P04744,A17862,23
P04744,A18655,9
P04744,A18658,27
P04744,A18761,29
P04744,A19149,4
P04744,A19151,17
P04744,A19153,28
P04744,A20148,49
P04744,A21376,50
P04744,A21931,6
P04744,A21932,7
P04744,A21933,14
P04744,A21934,19
P04744,A21935,21
P04744,A21936,45
P04745,A11804,38
P04745,A12893,23
P04745,A12897,30
P04745,A12898,31
P04745,A12905,29
P04745,A13121,14
P04745,A13122,5
P04745,A13123,11
P04745,A13125,20
P04745,A13126,36
P04745,A13127,1
P04745,A13128,39
P04745,A13129,6
P04745,A13132,13
P04745,A13144,17
P04745,A13146,3
P04745,A13154,26
P04745,A13159,16
P04745,A13165,22
P04745,A13168,28
P04745,A14095,9
P04745,A14096,24
P04745,A14097,2
P04745,A14623,10
P04745,A14797,8
P04745,A15219,32
P04745,A16330,18
P04745,A16333,40
P04745,A17537,15
P04745,A17548,42
P04745,A17862,19
P04745,A18655,34
P04745,A18660,35
P04745,A20357,21
P04745,A20359,27
P04745,A20360,33
P04745,A20361,4
P04745,A21937,7
P04745,A21938,12
P04745,A21939,25
P04745,A21940,37
P04745,A21941,41
P04746,A00290,9
P04746,A00448,10
P04746,A00562,2
P04746,A02126,4
P04746,A07544,1
P04746,A10963,7
P04746,A11040,8
P04746,A11527,6
P04746,A19030,5
P04746,A21942,3
P04747,A14304,5
P04747,A19870,3
P04747,A21794,2
P04747,A21943,1
P04747,A21944,4
P04747,A21945,6
P04747,A21946,7
P04747,A21947,8
P04748,A10174,1
P04748,A19122,5
P04748,A21948,2
P04748,A21949,3
P04748,A21950,4
P04748,A21951,6
P04748,A21952,7
P04748,A21953,8
P04748,A21954,9
P04749,A02296,2
P04749,A02464,4
P04749,A05307,3
P04749,A21955,1
P04749,A21956,5
P04750,A02907,4
P04750,A17783,7
P04750,A21957,1
P04750,A21958,2
P04750,A21959,3
P04750,A21960,5
P04750,A21961,6
P04750,A21962,8
P04750,A21963,9
P04750,A21964,10
P04750,A21965,11
P04750,A21966,12
P04750,A21967,13
P04750,A21968,14
P04750,A21969,15
P04750,A21970,16
P04750,A21971,17
P04750,A21972,18
P04750,A21973,19
P04750,A21974,20
P04751,A12638,12
P04751,A13025,9
P04751,A13350,3
P04751,A14267,15
P04751,A14268,4
P04751,A14270,7
P04751,A14271,17
P04751,A14273,20
P04751,A14279,2
P04751,A14280,14
P04751,A14281,6
P04751,A14282,16
P04751,A14283,18
P04751,A14284,5
P04751,A14286,23
P04751,A14288,24
P04751,A14291,26
P04751,A14292,27
P04751,A14294,10
P04751,A14296,21
P04751,A14303,1
P04751,A14309,19
P04751,A14319,25
P04751,A14321,13
P04751,A14333,11
P04751,A14343,8
P04751,A18410,22
P04752,A14178,2
P04752,A21472,3
P04752,A21975,1
P04753,A00570,4
P04753,A00805,5
P04753,A00819,2
P04753,A02600,1
P04753,A07027,3
P04754,A02634,3
P04754,A02636,2
P04754,A21976,1
P04754,A21977,4
P04755,A12078,3
P04755,A12079,5
P04755,A12080,1
P04755,A12083,6
P04755,A12084,2
P04755,A20116,4
P04756,A00622,5
P04756,A02661,2
P04756,A02662,7
P04756,A03402,13
P04756,A05123,9
P04756,A05487,1
P04756,A05488,11
P04756,A05489,4
P04756,A05531,3
P04756,A17867,6
P04756,A21978,8
P04756,A21979,10
P04756,A21980,12
P04757,A00614,37
P04757,A01233,39
P04757,A01447,38
P04757,A02534,42
P04757,A03623,44
P04757,A04428,40
P04757,A05260,19
P04757,A05265,18
P04757,A05269,24
P04757,A05275,20
P04757,A06914,28
P04757,A08302,31
P04757,A09393,1
P04757,A09395,3
P04757,A14328,17
P04757,A21981,2
P04757,A21982,4
P04757,A21983,5
P04757,A21984,6
P04757,A21985,7
P04757,A21986,8
P04757,A21987,9
P04757,A21988,10
P04757,A21989,11
P04757,A21990,12
P04757,A21991,13
P04757,A21992,14
P04757,A21993,15
P04757,A21994,16
P04757,A21995,21
P04757,A21996,22
P04757,A21997,23
P04757,A21998,25
P04757,A21999,26
P04757,A22000,27
P04757,A22001,29
P04757,A22002,30
P04757,A22003,32
P04757,A22004,33
P04757,A22005,34
P04757,A22006,35
P04757,A22007,36
P04757,A22008,41
P04757,A22009,43
P04758,A01314,10
P04758,A01751,11
P04758,A02404,5
P04758,A03064,6
P04758,A05419,9
P04758,A07074,4
P04758,A07788,1
P04758,A07789,2
P04758,A18326,12
P04758,A22010,3
P04758,A22011,7
P04758,A22012,8
P04759,A03963,14
P04759,A06967,12
P04759,A07156,10
P04759,A07160,13
P04759,A19765,11
P04759,A19766,2
P04759,A19770,1
P04759,A20232,15
P04759,A22013,3
P04759,A22014,4
P04759,A22015,5
P04759,A22016,6
P04759,A22017,7
P04759,A22018,8
P04759,A22019,9
P04760,A00266,8
P04760,A00290,3
P04760,A00976,4
P04760,A01227,2
P04760,A02600,5
P04760,A03418,10
P04760,A03420,7
P04760,A03421,6
P04760,A03450,1
P04760,A03526,9
P04761,A09202,2
P04761,A10085,13
P04761,A11894,8
P04761,A12068,3
P04761,A12073,6
P04761,A12883,7
P04761,A12905,9
P04761,A22020,1
P04761,A22021,4
P04761,A22022,5
P04761,A22023,10
P04761,A22024,11
P04761,A22025,12
P04762,A06847,7
P04762,A07642,8
P04762,A08229,11
P04762,A13501,1
P04762,A16660,4
P04762,A17910,6
P04762,A22026,2
P04762,A22027,3
P04762,A22028,5
P04762,A22029,9
P04762,A22030,10
P04763,A11783,5
P04763,A11809,3
P04763,A11925,14
P04763,A11927,17
P04763,A12031,6
P04763,A12898,8
P04763,A13189,23
P04763,A13776,10
P04763,A13927,7
P04763,A13932,25
P04763,A13936,1
P04763,A14259,12
P04763,A14610,11
P04763,A14612,2
P04763,A14613,24
P04763,A19241,4
P04763,A19703,19
P04763,A20013,21
P04763,A20157,22
P04763,A21499,9
P04763,A22031,13
P04763,A22032,15
P04763,A22033,16
P04763,A22034,18
P04763,A22035,20
P04764,A12888,18
P04764,A12897,12
P04764,A12905,22
P04764,A13121,21
P04764,A13122,9
P04764,A13124,20
P04764,A13125,8
P04764,A13126,23
P04764,A13127,15
P04764,A13128,24
P04764,A13132,19
P04764,A13135,10
P04764,A13146,6
P04764,A13149,13
P04764,A13155,3
P04764,A13160,5
P04764,A13162,7
P04764,A13165,2
P04764,A13167,11
P04764,A13176,17
P04764,A14246,14
P04764,A14259,4
P04764,A16562,16
P04764,A17862,1
P04765,A05183,1
P04765,A05184,2
P04766,A05302,13
P04766,A06804,4
P04766,A09128,9
P04766,A12041,14
P04766,A12059,3
P04766,A13549,1
P04766,A14056,10
P04766,A18009,5
P04766,A18219,12
P04766,A18494,6
P04766,A18532,2
P04766,A19494,8
P04766,A22036,7
P04766,A22037,11
P04767,A22038,1
P04767,A22039,2
P04767,A22040,3
P04767,A22041,4
P04767,A22042,5
P04767,A22043,6
P04768,A05634,10
P04768,A11071,6
P04768,A14047,2
P04768,A20275,4
P04768,A20276,5
P04768,A20278,1
P04768,A22044,3
P04768,A22045,7
P04768,A22046,8
P04768,A22047,9
P04769,A10921,9
P04769,A21293,10
P04769,A22048,1
P04769,A22049,2
P04769,A22050,3
P04769,A22051,4
P04769,A22052,5
P04769,A22053,6
P04769,A22054,7
P04769,A22055,8
P04770,A11327,3
P04770,A16249,4
P04770,A16250,2
P04770,A18775,1
P04771,A04393,2
P04771,A16420,3
P04771,A16423,4
P04771,A22056,1
P04772,A07676,6
P04772,A22057,1
P04772,A22058,2
P04772,A22059,3
P04772,A22060,4
P04772,A22061,5
P04773,A15300,4
P04773,A22062,1
P04773,A22063,2
P04773,A22064,3
P04773,A22065,5
P04773,A22066,6
P04774,A00272,2
P04774,A07040,1
P04774,A14035,4
P04774,A22067,3
P04775,A19230,5
P04775,A19350,8
P04775,A19357,13
P04775,A19379,17
P04775,A19387,14
P04775,A19396,11
P04775,A19417,10
P04775,A19426,4
P04775,A19436,3
P04775,A22068,1
P04775,A22069,2
P04775,A22070,6
P04775,A22071,7
P04775,A22072,9
P04775,A22073,12
P04775,A22074,15
P04775,A22075,16
P04776,A04995,5
P04776,A04996,106
P04776,A04998,86
P04776,A05003,92
P04776,A07493,33
P04776,A07581,109
P04776,A07585,15
P04776,A09889,16
P04776,A12313,101
P04776,A12337,20
P04776,A12359,67
P04776,A12360,69
P04776,A12385,120
P04776,A14213,47
P04776,A14217,122
P04776,A14227,10
P04776,A14235,38
P04776,A14243,65
P04776,A14245,83
P04776,A14251,133
P04776,A18207,103
P04776,A18212,113
P04776,A18394,138
P04776,A19230,73
P04776,A19238,63
P04776,A19331,1
P04776,A19332,2
P04776,A19333,3
P04776,A19334,4
P04776,A19335,6
P04776,A19336,7
P04776,A19337,8
P04776,A19338,9
P04776,A19339,11
P04776,A19340,12
P04776,A19342,14
P04776,A19343,17
P04776,A19344,18
P04776,A19345,19
P04776,A19346,21
P04776,A19347,22
P04776,A19348,23
P04776,A19349,24
P04776,A19350,25
P04776,A19351,26
P04776,A19352,27
P04776,A19353,28
P04776,A19354,29
P04776,A19355,30
P04776,A19356,31
P04776,A19357,32
P04776,A19358,34
P04776,A19359,35
P04776,A19360,36
P04776,A19361,37
P04776,A19362,39
P04776,A19363,40
P04776,A19364,41
P04776,A19365,42
P04776,A19366,43
P04776,A19367,44
P04776,A19368,45
P04776,A19369,46
P04776,A19370,49
P04776,A19371,48
P04776,A19372,50
P04776,A19373,51
P04776,A19374,52
P04776,A19375,53
P04776,A19376,54
P04776,A19377,55
P04776,A19378,56
P04776,A19379,57
P04776,A19380,58
P04776,A19381,59
P04776,A19382,60
P04776,A19383,61
P04776,A19384,62
P04776,A19385,64
P04776,A19386,66
P04776,A19387,68
P04776,A19388,70
P04776,A19389,71
P04776,A19390,72
P04776,A19391,74
P04776,A19392,75
P04776,A19393,76
P04776,A19394,77
P04776,A19395,78
P04776,A19396,79
P04776,A19397,80
P04776,A19398,81
P04776,A19400,84
P04776,A19402,87
P04776,A19403,88
P04776,A19404,89
P04776,A19405,90
P04776,A19406,91
P04776,A19407,93
P04776,A19408,94
P04776,A19409,95
P04776,A19410,96
P04776,A19411,97
P04776,A19412,98
P04776,A19413,99
P04776,A19414,100
P04776,A19415,102
P04776,A19416,104
P04776,A19417,105
P04776,A19418,107
P04776,A19419,108
P04776,A19420,110
P04776,A19421,111
P04776,A19422,112
P04776,A19423,114
P04776,A19424,115
P04776,A19425,116
P04776,A19426,118
P04776,A19427,119
P04776,A19428,121
P04776,A19429,123
P04776,A19430,124
P04776,A19431,125
P04776,A19432,126
P04776,A19433,127
P04776,A19434,128
P04776,A19435,129
P04776,A19436,130
P04776,A19437,131
P04776,A19438,132
P04776,A19439,134
P04776,A22076,13
P04776,A22077,82
P04776,A22078,85
P04776,A22079,117
P04776,A22080,135
P04776,A22081,136
P04776,A22082,137
P04776,A22083,139
P04776,A22084,140
P04776,A22085,141
P04776,A22086,142
P04776,A22087,143
P04776,A22088,144
P04776,A22089,145
P04777,A09302,15
P04777,A14060,12
P04777,A15491,18
P04777,A15685,20
P04777,A17422,4
P04777,A19035,11
P04777,A19693,2
P04777,A22090,1
P04777,A22091,3
P04777,A22092,5
P04777,A22093,6
P04777,A22094,7
P04777,A22095,8
P04777,A22096,9
P04777,A22097,10
P04777,A22098,13
P04777,A22099,14
P04777,A22100,16
P04777,A22101,17
P04777,A22102,19
P04778,A14059,8
P04778,A14060,11
P04778,A14064,12
P04778,A15685,21
P04778,A17422,4
P04778,A19035,9
P04778,A19693,2
P04778,A22090,3
P04778,A22091,5
P04778,A22092,7
P04778,A22095,1
P04778,A22096,14
P04778,A22097,6
P04778,A22100,18
P04778,A22101,19
P04778,A22103,10
P04778,A22104,13
P04778,A22105,15
P04778,A22106,16
P04778,A22107,17
P04778,A22108,20
P04779,A13360,5
P04779,A17502,4
P04779,A18642,2
P04779,A18643,3
P04779,A22109,1
P04780,A00673,5
P04780,A02289,4
P04780,A03801,3
P04780,A10078,6
P04780,A22110,1
P04780,A22111,2
P04781,A04393,9
P04781,A04921,6
P04781,A09652,7
P04781,A11913,5
P04781,A11914,1
P04781,A14209,4
P04781,A14210,3
P04781,A16675,2
P04781,A22112,8
P04782,A00622,11
P04782,A02723,18
P04782,A03402,4
P04782,A03403,7
P04782,A05187,17
P04782,A05201,13
P04782,A07599,12
P04782,A07600,10
P04782,A10222,2
P04782,A11130,16
P04782,A21191,8
P04782,A22113,1
P04782,A22114,3
P04782,A22115,5
P04782,A22116,6
P04782,A22117,9
P04782,A22118,14
P04782,A22119,15
P04782,A22120,19
P04782,A22121,20
P04782,A22122,21
P04782,A22123,22
P04783,A22124,1
P04783,A22125,2
P04783,A22126,3
P04783,A22127,4
P04783,A22128,5
P04783,A22129,6
P04783,A22130,7
P04783,A22131,8
P04784,A02483,12
P04784,A03810,11
P04784,A03896,4
P04784,A05105,3
P04784,A08692,10
P04784,A09457,6
P04784,A09458,1
P04784,A11759,9
P04784,A12007,5
P04784,A12744,14
P04784,A16399,13
P04784,A16400,7
P04784,A22132,2
P04784,A22133,8
P04785,A03371,3
P04785,A08333,4
P04785,A17871,2
P04785,A22134,1
P04785,A22135,5
P04785,A22136,6
P04786,A02792,5
P04786,A03415,3
P04786,A07544,7
P04786,A08047,6
P04786,A10963,2
P04786,A11040,8
P04786,A11765,9
P04786,A12971,4
P04786,A14114,13
P04786,A14116,12
P04786,A20414,11
P04786,A20430,10
P04786,A22137,1
P04786,A22138,14
P04787,A08132,5
P04787,A16774,2
P04787,A16775,1
P04787,A17154,3
P04787,A17155,6
P04787,A22139,4
P04787,A22140,7
P04787,A22141,8
P04788,A09127,2
P04788,A12059,8
P04788,A13549,7
P04788,A14056,6
P04788,A16688,5
P04788,A16696,4
P04788,A16700,15
P04788,A16703,12
P04788,A16711,13
P04788,A18494,9
P04788,A21144,11
P04788,A22142,1
P04788,A22143,3
P04788,A22144,10
P04788,A22145,14
P04789,A00494,4
P04789,A00605,2
P04789,A02464,1
P04789,A08475,3
P04790,A10086,3
P04790,A12073,11
P04790,A12897,9
P04790,A14219,5
P04790,A20022,6
P04790,A22146,1
P04790,A22147,2
P04790,A22148,4
P04790,A22149,7
P04790,A22150,8
P04790,A22151,10
P04791,A07291,6
P04791,A10631,3
P04791,A14254,4
P04791,A18204,5
P04791,A22152,1
P04791,A22153,2
P04792,A22154,1
P04792,A22155,2
P04792,A22156,3
P04793,A12869,4
P04793,A12873,3
P04793,A22157,1
P04793,A22158,2
P04794,A13554,2
P04794,A18262,5
P04794,A22159,1
P04794,A22160,3
P04794,A22161,4
P04795,A04515,6
P04795,A04520,7
P04795,A04522,12
P04795,A15936,28
P04795,A22162,1
P04795,A22163,2
P04795,A22164,3
P04795,A22165,4
P04795,A22166,5
P04795,A22167,8
P04795,A22168,9
P04795,A22169,10
P04795,A22170,11
P04795,A22171,13
P04795,A22172,14
P04795,A22173,15
P04795,A22174,16
P04795,A22175,17
P04795,A22176,18
P04795,A22177,19
P04795,A22178,20
P04795,A22179,21
P04795,A22180,22
P04795,A22181,23
P04795,A22182,24
P04795,A22183,25
P04795,A22184,26
P04795,A22185,27
P04795,A22186,29
P04795,A22187,30
P04795,A22188,31
P04795,A22189,32
P04795,A22190,33
P04795,A22191,34
P04795,A22192,35
P04795,A22193,36
P04795,A22194,37
P04795,A22195,38
P04795,A22196,39
P04795,A22197,40
P04795,A22198,41
P04796,A00875,8
P04796,A02997,3
P04796,A03415,13
P04796,A03418,9
P04796,A03623,19
P04796,A10146,16
P04796,A10718,11
P04796,A10719,10
P04796,A10750,2
P04796,A11207,1
P04796,A11338,6
P04796,A16671,5
P04796,A18127,12
P04796,A19538,4
P04796,A22199,7
P04796,A22200,14
P04796,A22201,15
P04796,A22202,17
P04796,A22203,18
P04797,A00614,5
P04797,A01233,2
P04797,A22204,1
P04797,A22205,3
P04797,A22206,4
P04798,A22207,1
P04798,A22208,2
P04798,A22209,3
P04799,A00657,3
P04799,A22210,1
P04799,A22211,2
P04800,A12898,5
P04800,A16272,6
P04800,A16330,3
P04800,A16332,1
P04800,A16333,2
P04800,A19823,4
P04800,A22212,7
P04801,A07174,8
P04801,A11778,39
P04801,A11783,9
P04801,A11784,42
P04801,A11798,30
P04801,A11931,4
P04801,A12687,15
P04801,A12691,40
P04801,A12692,13
P04801,A12694,14
P04801,A12697,5
P04801,A12702,36
P04801,A12703,7
P04801,A12704,6
P04801,A12707,12
P04801,A12972,10
P04801,A12973,2
P04801,A12974,1
P04801,A12977,32
P04801,A12978,11
P04801,A14633,47
P04801,A16378,19
P04801,A16379,3
P04801,A16649,26
P04801,A16650,45
P04801,A16651,31
P04801,A18315,22
P04801,A18316,46
P04801,A22213,16
P04801,A22214,17
P04801,A22215,18
P04801,A22216,20
P04801,A22217,21
P04801,A22218,23
P04801,A22219,24
P04801,A22220,25
P04801,A22221,27
P04801,A22222,28
P04801,A22223,29
P04801,A22224,33
P04801,A22225,34
P04801,A22226,35
P04801,A22227,37
P04801,A22228,38
P04801,A22229,41
P04801,A22230,43
P04801,A22231,44
P04802,A10128,3
P04802,A12094,5
P04802,A22232,1
P04802,A22233,2
P04802,A22234,4
P04803,A00814,5
P04803,A00837,8
P04803,A00843,1
P04803,A00849,2
P04803,A01317,3
P04803,A01514,7
P04803,A01833,18
P04803,A01915,10
P04803,A01916,13
P04803,A02451,17
P04803,A03732,15
P04803,A04469,6
P04803,A05144,4
P04803,A07672,12
P04803,A07673,11
P04803,A07812,14
P04803,A08399,9
P04803,A11017,16
P04803,A12094,19
P04804,A22235,1
P04804,A22236,2
P04804,A22237,3
P04804,A22238,4
P04804,A22239,5
P04804,A22240,6
P04804,A22241,7
P04804,A22242,8
P04804,A22243,9
P04805,A00066,3
P04805,A02125,2
P04805,A20047,1
P04805,A20048,4
P04805,A20049,5
P04806,A01066,8
P04806,A02600,2
P04806,A04917,7
P04806,A05629,5
P04806,A12008,1
P04806,A19094,6
P04806,A21270,3
P04806,A21271,4
P04806,A22244,9
P04807,A00066,4
P04807,A00727,1
P04807,A01510,5
P04807,A03445,3
P04807,A22245,2
P04808,A01558,5
P04808,A01714,2
P04808,A01820,4
P04808,A02275,3
P04808,A22246,1
P04809,A00714,5
P04809,A00717,1
P04809,A01797,3
P04809,A19579,2
P04809,A22247,4
P04810,A11793,2
P04810,A11798,9
P04810,A11803,3
P04810,A13992,11
P04810,A22248,1
P04810,A22249,4
P04810,A22250,5
P04810,A22251,6
P04810,A22252,7
P04810,A22253,8
P04810,A22254,10
P04810,A22255,12
P04811,A17519,6
P04811,A17520,3
P04811,A17530,1
P04811,A17689,5
P04811,A17690,2
P04811,A22256,4
P04812,A06807,14
P04812,A14056,4
P04812,A16598,2
P04812,A16600,10
P04812,A16601,15
P04812,A16602,9
P04812,A16603,11
P04812,A16605,5
P04812,A16606,12
P04812,A16686,18
P04812,A16707,16
P04812,A22063,3
P04812,A22065,1
P04812,A22257,6
P04812,A22258,7
P04812,A22259,8
P04812,A22260,13
P04812,A22261,17
P04813,A00614,13
P04813,A03941,12
P04813,A07130,6
P04813,A22262,1
P04813,A22263,2
P04813,A22264,3
P04813,A22265,4
P04813,A22266,5
P04813,A22267,7
P04813,A22268,8
P04813,A22269,9
P04813,A22270,10
P04813,A22271,11
P04814,A22272,1
P04814,A22273,2
P04814,A22274,3
P04814,A22275,4
P04814,A22276,5
P04814,A22277,6
P04814,A22278,7
P04814,A22279,8
P04814,A22280,9
P04814,A22281,10
P04814,A22282,11
P04814,A22283,12
P04814,A22284,13
P04815,A03377,3
P04815,A04621,9
P04815,A12757,10
P04815,A22285,1
P04815,A22286,2
P04815,A22287,4
P04815,A22288,5
P04815,A22289,6
P04815,A22290,7
P04815,A22291,8
P04815,A22292,11
P04815,A22293,12
P04815,A22294,13
P04816,A16656,2
P04816,A17522,7
P04816,A19164,5
P04816,A22295,1
P04816,A22296,3
P04816,A22297,4
P04816,A22298,6
P04816,A22299,8
P04816,A22300,9
P04816,A22301,10
P04817,A00849,5
P04817,A01751,7
P04817,A02218,6
P04817,A02864,4
P04817,A02910,3
P04817,A07658,2
P04817,A22302,1
P04818,A09623,2
P04818,A20125,1
P04818,A20128,3
P04819,A02327,2
P04819,A22303,1
P04819,A22304,3
P04820,A22305,1
P04820,A22306,2
P04820,A22307,3
P04821,A12636,7
P04821,A12638,4
P04821,A13025,9
P04821,A13350,1
P04821,A14267,12
P04821,A14268,18
P04821,A14270,20
P04821,A14271,14
P04821,A14273,5
P04821,A14276,8
P04821,A14279,2
P04821,A14281,10
P04821,A14283,15
P04821,A14285,24
P04821,A14290,28
P04821,A14291,30
P04821,A14292,31
P04821,A14294,35
P04821,A14301,17
P04821,A14303,3
P04821,A14305,16
P04821,A14310,34
P04821,A14319,29
P04821,A14329,23
P04821,A14333,27
P04821,A14343,26
P04821,A15618,32
P04821,A18410,25
P04821,A20516,33
P04821,A20528,19
P04821,A20594,22
P04821,A20611,13
P04821,A22308,6
P04821,A22309,11
P04821,A22310,21
P04822,A07174,12
P04822,A11783,5
P04822,A11798,8
P04822,A11925,14
P04822,A11931,2
P04822,A12694,4
P04822,A12697,7
P04822,A12703,3
P04822,A12704,10
P04822,A12972,6
P04822,A12973,1
P04822,A12974,11
P04822,A14633,13
P04822,A16379,9
P04822,A22217,15
P04822,A22222,18
P04822,A22223,17
P04822,A22225,19
P04822,A22226,20
P04822,A22229,21
P04822,A22311,16
P04823,A00006,3
P04823,A00558,1
P04823,A01832,2
P04824,A00677,3
P04824,A01737,7
P04824,A22312,1
P04824,A22313,2
P04824,A22314,4
P04824,A22315,5
P04824,A22316,6
P04824,A22317,8
P04825,A07891,6
P04825,A20343,3
P04825,A22318,1
P04825,A22319,2
P04825,A22320,4
P04825,A22321,5
P04825,A22322,7
P04826,A02728,9
P04826,A03021,4
P04826,A04274,5
P04826,A04497,10
P04826,A04498,8
P04826,A04502,1
P04826,A05076,7
P04826,A08499,6
P04826,A12001,2
P04826,A16857,3
P04827,A02252,2
P04827,A02253,3
P04827,A04699,1
P04827,A07996,7
P04827,A07997,6
P04827,A08012,4
P04827,A19530,5
P04827,A19531,8
P04827,A22323,9
P04828,A00614,13
P04828,A03941,12
P04828,A07130,6
P04828,A22262,1
P04828,A22263,2
P04828,A22264,3
P04828,A22265,4
P04828,A22266,5
P04828,A22267,7
P04828,A22268,8
P04828,A22269,9
P04828,A22270,10
P04828,A22271,11
P04829,A12052,6
P04829,A12623,4
P04829,A13130,11
P04829,A13195,2
P04829,A14603,3
P04829,A16333,10
P04829,A16349,8
P04829,A16355,1
P04829,A16357,5
P04829,A18881,7
P04829,A22324,9
P04830,A02600,4
P04830,A02885,5
P04830,A03092,2
P04830,A07027,7
P04830,A11204,3
P04830,A14049,1
P04830,A22325,6
P04831,A01923,9
P04831,A03380,7
P04831,A19282,2
P04831,A19283,3
P04831,A19285,4
P04831,A19286,5
P04831,A19287,8
P04831,A19288,6
P04831,A22326,1
P04832,A01543,10
P04832,A01915,4
P04832,A01916,13
P04832,A02125,19
P04832,A02451,18
P04832,A03064,2
P04832,A03374,8
P04832,A04469,12
P04832,A05144,16
P04832,A05202,6
P04832,A07672,14
P04832,A07673,15
P04832,A07812,11
P04832,A08027,9
P04832,A08045,7
P04832,A19178,17
P04832,A22327,1
P04832,A22328,3
P04832,A22329,5
P04832,A22330,20
P04833,A10089,4
P04833,A12867,5
P04833,A12868,12
P04833,A12870,1
P04833,A12873,11
P04833,A13168,15
P04833,A19565,10
P04833,A20009,14
P04833,A20264,2
P04833,A20266,7
P04833,A20267,8
P04833,A22331,3
P04833,A22332,6
P04833,A22333,9
P04833,A22334,13
P04833,A22335,16
P04834,A01233,3
P04834,A01447,2
P04834,A03162,4
P04834,A16446,1
P04835,A07823,3
P04835,A12883,15
P04835,A12884,4
P04835,A12903,6
P04835,A14266,5
P04835,A14308,19
P04835,A15654,9
P04835,A17737,13
P04835,A20157,7
P04835,A20417,22
P04835,A20464,11
P04835,A22149,10
P04835,A22336,1
P04835,A22337,2
P04835,A22338,8
P04835,A22339,12
P04835,A22340,14
P04835,A22341,16
P04835,A22342,17
P04835,A22343,18
P04835,A22344,20
P04835,A22345,21
P04836,A09493,3
P04836,A18480,1
P04836,A20640,2
P04836,A22346,4
P04836,A22347,5
P04837,A11799,22
P04837,A11804,24
P04837,A12897,19
P04837,A13121,9
P04837,A13122,4
P04837,A13124,6
P04837,A13125,15
P04837,A13126,1
P04837,A13127,25
P04837,A13128,26
P04837,A13129,29
P04837,A13132,30
P04837,A13134,16
P04837,A13144,11
P04837,A13149,21
P04837,A13155,8
P04837,A13160,13
P04837,A13162,14
P04837,A13167,17
P04837,A13175,2
P04837,A13176,28
P04837,A13177,5
P04837,A14246,23
P04837,A14259,10
P04837,A14621,7
P04837,A17524,20
P04837,A17861,3
P04837,A18659,18
P04837,A20151,12
P04837,A22348,27
P04838,A10089,2
P04838,A12031,14
P04838,A12854,32
P04838,A12867,5
P04838,A12870,3
P04838,A12872,9
P04838,A12873,4
P04838,A12874,7
P04838,A13128,26
P04838,A13917,29
P04838,A13920,18
P04838,A13924,27
P04838,A13963,24
P04838,A14198,6
P04838,A16401,1
P04838,A17004,19
P04838,A17006,22
P04838,A19562,11
P04838,A19563,20
P04838,A19564,21
P04838,A19739,8
P04838,A19740,12
P04838,A19741,13
P04838,A19742,15
P04838,A19743,16
P04838,A19744,17
P04838,A19745,23
P04838,A19746,25
P04838,A19748,30
P04838,A19749,31
P04838,A22349,10
P04838,A22350,28
P04839,A08190,2
P04839,A08192,3
P04839,A12874,1
P04839,A17012,6
P04839,A17013,4
P04839,A17014,5
P04840,A08132,11
P04840,A10211,16
P04840,A12841,37
P04840,A15977,27
P04840,A16771,1
P04840,A16772,2
P04840,A16773,4
P04840,A16774,31
P04840,A16775,3
P04840,A16777,26
P04840,A16778,13
P04840,A16780,18
P04840,A16781,17
P04840,A16782,12
P04840,A16783,7
P04840,A16785,29
P04840,A16787,39
P04840,A16788,30
P04840,A16789,22
P04840,A16790,5
P04840,A16791,14
P04840,A16792,15
P04840,A16793,10
P04840,A16795,41
P04840,A16797,9
P04840,A16799,28
P04840,A16802,35
P04840,A16803,36
P04840,A16804,38
P04840,A18108,23
P04840,A18113,24
P04840,A19778,6
P04840,A20007,25
P04840,A22351,8
P04840,A22352,19
P04840,A22353,20
P04840,A22354,21
P04840,A22355,32
P04840,A22356,33
P04840,A22357,34
P04840,A22358,40
P04841,A07531,3
P04841,A22359,1
P04841,A22360,2
P04841,A22361,4
P04842,A22362,1
P04842,A22363,2
P04842,A22364,3
P04842,A22365,4
P04843,A07544,4
P04843,A11766,5
P04843,A22366,1
P04843,A22367,2
P04843,A22368,3
P04843,A22369,6
P04844,A07123,6
P04844,A09911,5
P04844,A22370,1
P04844,A22371,2
P04844,A22372,3
P04844,A22373,4
P04844,A22374,7
P04845,A00570,6
P04845,A01678,7
P04845,A02600,2
P04845,A02839,4
P04845,A04917,5
P04845,A12008,3
P04845,A21270,1
P04846,A00431,4
P04846,A00905,2
P04846,A09447,3
P04846,A22375,1
P04847,A13352,11
P04847,A13353,4
P04847,A13354,9
P04847,A13355,1
P04847,A13356,24
P04847,A13357,7
P04847,A13358,6
P04847,A13359,19
P04847,A13360,2
P04847,A13361,3
P04847,A13362,8
P04847,A13363,16
P04847,A13364,5
P04847,A13365,10
P04847,A13366,13
P04847,A13367,15
P04847,A13369,17
P04847,A13370,18
P04847,A13371,21
P04847,A13372,12
P04847,A13373,23
P04847,A22376,14
P04847,A22377,20
P04847,A22378,22
P04848,A00570,10
P04848,A00805,11
P04848,A00814,4
P04848,A00819,2
P04848,A00843,8
P04848,A02543,9
P04848,A02600,1
P04848,A07623,3
P04848,A16432,5
P04848,A22379,6
P04848,A22380,7
P04849,A01299,6
P04849,A02034,5
P04849,A08166,3
P04849,A10229,2
P04849,A22381,1
P04849,A22382,4
P04849,A22383,7
P04850,A04843,148
P04850,A05332,83
P04850,A07316,64
P04850,A07379,65
P04850,A11745,37
P04850,A11755,12
P04850,A11756,74
P04850,A12496,112
P04850,A12507,132
P04850,A12813,38
P04850,A16449,96
P04850,A16452,28
P04850,A16468,61
P04850,A17187,59
P04850,A17188,90
P04850,A17191,19
P04850,A17193,100
P04850,A17195,14
P04850,A17197,16
P04850,A17198,18
P04850,A17202,20
P04850,A17203,21
P04850,A17205,22
P04850,A17206,23
P04850,A17207,24
P04850,A17208,25
P04850,A17209,26
P04850,A17210,27
P04850,A17211,30
P04850,A17212,32
P04850,A17214,34
P04850,A17215,35
P04850,A17216,36
P04850,A17219,39
P04850,A17220,40
P04850,A17223,43
P04850,A17224,44
P04850,A17225,45
P04850,A17226,46
P04850,A17227,48
P04850,A17228,50
P04850,A17229,54
P04850,A17230,55
P04850,A17231,56
P04850,A17232,57
P04850,A17234,58
P04850,A17235,62
P04850,A17236,63
P04850,A17238,67
P04850,A17239,68
P04850,A17241,69
P04850,A17242,71
P04850,A17243,72
P04850,A17244,73
P04850,A17246,75
P04850,A17247,76
P04850,A17248,77
P04850,A17249,79
P04850,A17250,80
P04850,A17251,81
P04850,A17252,82
P04850,A17253,84
P04850,A17254,85
P04850,A17255,86
P04850,A17256,87
P04850,A17258,89
P04850,A17259,91
P04850,A17260,92
P04850,A17261,93
P04850,A17263,95
P04850,A17264,97
P04850,A17265,99
P04850,A17267,102
P04850,A17269,103
P04850,A17270,104
P04850,A17271,105
P04850,A17272,106
P04850,A17273,108
P04850,A17274,109
P04850,A17275,110
P04850,A17276,111
P04850,A17277,113
P04850,A17279,114
P04850,A17280,115
P04850,A17281,116
P04850,A17282,117
P04850,A17283,118
P04850,A17285,119
P04850,A17286,122
P04850,A17287,123
P04850,A17289,124
P04850,A17290,125
P04850,A17291,126
P04850,A17292,128
P04850,A17293,129
P04850,A17294,131
P04850,A17295,134
P04850,A17297,136
P04850,A17298,137
P04850,A17299,138
P04850,A17300,140
P04850,A17301,141
P04850,A17302,142
P04850,A17304,143
P04850,A17305,145
P04850,A17306,147
P04850,A17307,149
P04850,A17309,150
P04850,A17311,151
P04850,A17314,33
P04850,A17316,49
P04850,A17318,101
P04850,A17319,155
P04850,A17323,15
P04850,A17328,152
P04850,A17332,29
P04850,A17335,31
P04850,A17339,42
P04850,A17344,47
P04850,A17346,153
P04850,A17360,88
P04850,A17375,120
P04850,A17376,121
P04850,A17378,127
P04850,A17379,130
P04850,A17380,133
P04850,A17383,135
P04850,A17385,144
P04850,A17386,156
P04850,A17625,51
P04850,A18895,146
P04850,A19900,13
P04850,A19901,17
P04850,A19909,70
P04850,A19917,94
P04850,A19919,98
P04850,A19922,107
P04850,A19974,139
P04850,A19982,52
P04850,A22384,1
P04850,A22385,2
P04850,A22386,3
P04850,A22387,4
P04850,A22388,5
P04850,A22389,6
P04850,A22390,7
P04850,A22391,8
P04850,A22392,9
P04850,A22393,10
P04850,A22394,11
P04850,A22395,41
P04850,A22396,53
P04850,A22397,60
P04850,A22398,66
P04850,A22399,78
P04850,A22400,154
P04851,A00415,3
P04851,A04843,159
P04851,A05332,90
P04851,A07316,69
P04851,A07379,70
P04851,A11353,2
P04851,A11745,37
P04851,A11756,80
P04851,A12496,121
P04851,A12507,142
P04851,A12813,38
P04851,A16372,34
P04851,A16449,104
P04851,A16452,27
P04851,A16468,64
P04851,A16500,8
P04851,A17187,62
P04851,A17188,97
P04851,A17191,19
P04851,A17193,108
P04851,A17195,14
P04851,A17196,15
P04851,A17197,17
P04851,A17198,18
P04851,A17202,20
P04851,A17203,21
P04851,A17205,22
P04851,A17206,24
P04851,A17207,25
P04851,A17209,26
P04851,A17211,29
P04851,A17212,31
P04851,A17214,33
P04851,A17215,35
P04851,A17216,36
P04851,A17218,39
P04851,A17219,40
P04851,A17220,41
P04851,A17223,44
P04851,A17224,45
P04851,A17225,46
P04851,A17226,47
P04851,A17227,49
P04851,A17228,52
P04851,A17229,56
P04851,A17230,57
P04851,A17231,58
P04851,A17232,59
P04851,A17234,61
P04851,A17235,65
P04851,A17236,67
P04851,A17238,72
P04851,A17239,73
P04851,A17241,74
P04851,A17242,76
P04851,A17243,77
P04851,A17244,78
P04851,A17245,79
P04851,A17246,81
P04851,A17247,83
P04851,A17248,84
P04851,A17249,86
P04851,A17250,87
P04851,A17251,88
P04851,A17252,89
P04851,A17253,91
P04851,A17254,92
P04851,A17255,93
P04851,A17256,94
P04851,A17258,96
P04851,A17260,99
P04851,A17261,100
P04851,A17262,102
P04851,A17263,103
P04851,A17264,105
P04851,A17265,107
P04851,A17267,111
P04851,A17269,112
P04851,A17270,113
P04851,A17271,114
P04851,A17272,115
P04851,A17273,117
P04851,A17274,118
P04851,A17275,119
P04851,A17276,120
P04851,A17277,123
P04851,A17279,124
P04851,A17280,125
P04851,A17281,126
P04851,A17282,127
P04851,A17283,128
P04851,A17284,129
P04851,A17285,130
P04851,A17286,132
P04851,A17287,133
P04851,A17288,134
P04851,A17289,135
P04851,A17290,136
P04851,A17291,137
P04851,A17292,138
P04851,A17293,139
P04851,A17294,141
P04851,A17295,143
P04851,A17296,144
P04851,A17297,146
P04851,A17298,147
P04851,A17299,149
P04851,A17300,152
P04851,A17301,153
P04851,A17302,154
P04851,A17304,155
P04851,A17305,157
P04851,A17306,158
P04851,A17307,160
P04851,A17309,161
P04851,A17311,163
P04851,A17314,32
P04851,A17316,50
P04851,A17318,110
P04851,A17319,165
P04851,A17323,16
P04851,A17332,28
P04851,A17334,23
P04851,A17335,30
P04851,A17339,42
P04851,A17342,43
P04851,A17344,48
P04851,A17346,11
P04851,A17348,60
P04851,A17360,95
P04851,A17375,131
P04851,A17379,140
P04851,A17383,145
P04851,A17385,156
P04851,A17386,166
P04851,A17625,53
P04851,A17744,7
P04851,A17939,12
P04851,A19900,13
P04851,A19907,66
P04851,A19908,68
P04851,A19909,75
P04851,A19913,82
P04851,A19917,101
P04851,A19919,106
P04851,A19920,109
P04851,A19922,116
P04851,A19923,122
P04851,A19925,148
P04851,A19926,164
P04851,A19932,5
P04851,A19974,151
P04851,A19976,4
P04851,A19982,54
P04851,A22396,55
P04851,A22397,63
P04851,A22398,71
P04851,A22399,85
P04851,A22401,1
P04851,A22402,6
P04851,A22403,9
P04851,A22404,10
P04851,A22405,51
P04851,A22406,98
P04851,A22407,150
P04851,A22408,162
P04852,A04843,169
P04852,A05332,98
P04852,A07379,77
P04852,A11745,47
P04852,A12496,130
P04852,A12507,154
P04852,A12813,48
P04852,A16372,44
P04852,A16449,113
P04852,A16452,37
P04852,A16468,2
P04852,A17187,72
P04852,A17188,106
P04852,A17191,27
P04852,A17192,108
P04852,A17193,117
P04852,A17194,17
P04852,A17195,19
P04852,A17196,20
P04852,A17197,23
P04852,A17198,25
P04852,A17202,28
P04852,A17203,29
P04852,A17204,30
P04852,A17205,31
P04852,A17206,33
P04852,A17207,34
P04852,A17209,35
P04852,A17210,36
P04852,A17211,39
P04852,A17212,41
P04852,A17214,43
P04852,A17215,45
P04852,A17216,46
P04852,A17218,49
P04852,A17219,50
P04852,A17220,51
P04852,A17221,53
P04852,A17223,56
P04852,A17224,57
P04852,A17225,58
P04852,A17226,59
P04852,A17227,61
P04852,A17228,64
P04852,A17229,66
P04852,A17230,67
P04852,A17231,68
P04852,A17232,69
P04852,A17234,71
P04852,A17235,74
P04852,A17236,75
P04852,A17238,79
P04852,A17239,80
P04852,A17240,81
P04852,A17241,82
P04852,A17243,84
P04852,A17244,85
P04852,A17245,86
P04852,A17246,87
P04852,A17247,89
P04852,A17248,90
P04852,A17249,94
P04852,A17250,95
P04852,A17251,96
P04852,A17252,97
P04852,A17253,99
P04852,A17254,100
P04852,A17255,101
P04852,A17256,103
P04852,A17258,105
P04852,A17259,107
P04852,A17260,109
P04852,A17261,110
P04852,A17262,111
P04852,A17263,112
P04852,A17264,114
P04852,A17265,116
P04852,A17267,121
P04852,A17269,122
P04852,A17270,123
P04852,A17271,124
P04852,A17272,125
P04852,A17273,127
P04852,A17275,128
P04852,A17276,129
P04852,A17277,132
P04852,A17278,133
P04852,A17279,134
P04852,A17280,135
P04852,A17281,136
P04852,A17282,137
P04852,A17283,138
P04852,A17284,139
P04852,A17285,141
P04852,A17286,143
P04852,A17287,144
P04852,A17289,146
P04852,A17290,147
P04852,A17291,148
P04852,A17292,149
P04852,A17293,151
P04852,A17294,153
P04852,A17295,155
P04852,A17297,157
P04852,A17298,159
P04852,A17299,160
P04852,A17300,161
P04852,A17301,162
P04852,A17302,163
P04852,A17304,164
P04852,A17305,166
P04852,A17306,168
P04852,A17307,170
P04852,A17309,171
P04852,A17311,173
P04852,A17314,42
P04852,A17316,62
P04852,A17318,119
P04852,A17319,178
P04852,A17323,22
P04852,A17328,175
P04852,A17332,38
P04852,A17334,32
P04852,A17335,40
P04852,A17339,52
P04852,A17342,54
P04852,A17344,60
P04852,A17346,176
P04852,A17348,70
P04852,A17355,93
P04852,A17360,104
P04852,A17375,142
P04852,A17379,152
P04852,A17383,156
P04852,A17385,165
P04852,A17744,11
P04852,A18887,18
P04852,A18888,15
P04852,A18895,167
P04852,A18962,21
P04852,A19864,174
P04852,A19901,24
P04852,A19904,55
P04852,A19905,65
P04852,A19908,76
P04852,A19909,83
P04852,A19913,88
P04852,A19915,92
P04852,A19919,115
P04852,A19920,118
P04852,A19921,120
P04852,A19922,126
P04852,A19923,131
P04852,A19926,177
P04852,A19932,6
P04852,A19933,7
P04852,A19976,8
P04852,A22397,73
P04852,A22398,78
P04852,A22399,91
P04852,A22405,63
P04852,A22408,172
P04852,A22409,1
P04852,A22410,3
P04852,A22411,4
P04852,A22412,5
P04852,A22413,9
P04852,A22414,10
P04852,A22415,12
P04852,A22416,13
P04852,A22417,14
P04852,A22418,16
P04852,A22419,26
P04852,A22420,102
P04852,A22421,140
P04852,A22422,145
P04852,A22423,150
P04852,A22424,158
P04853,A22425,1
P04853,A22426,2
P04853,A22427,3
P04853,A22428,4
P04853,A22429,5
P04853,A22430,6
P04853,A22431,7
P04853,A22432,8
P04853,A22433,9
P04853,A22434,10
P04853,A22435,11
P04853,A22436,12
P04853,A22437,13
P04853,A22438,14
P04853,A22439,15
P04853,A22440,16
P04853,A22441,17
P04853,A22442,18
P04853,A22443,19
P04853,A22444,20
P04854,A00266,3
P04854,A01558,5
P04854,A01642,2
P04854,A22445,1
P04854,A22446,4
P04855,A04012,4
P04855,A05210,5
P04855,A08527,1
P04855,A13051,6
P04855,A19089,3
P04855,A19090,8
P04855,A22447,2
P04855,A22448,7
P04856,A22449,1
P04856,A22450,2
P04857,A22451,1
P04857,A22452,2
P04857,A22453,3
P04857,A22454,4
P04857,A22455,5
P04857,A22456,6
P04857,A22457,7
P04858,A18268,4
P04858,A20342,5
P04858,A22458,1
P04858,A22459,2
P04858,A22460,3
P04859,A04393,2
P04859,A09819,3
P04859,A11015,5
P04859,A16425,4
P04859,A19094,6
P04859,A22461,1
P04860,A12884,5
P04860,A12892,3
P04860,A12897,16
P04860,A12898,17
P04860,A13125,12
P04860,A13127,19
P04860,A13138,15
P04860,A13149,18
P04860,A13162,7
P04860,A13165,13
P04860,A13167,14
P04860,A13181,2
P04860,A13183,6
P04860,A14246,10
P04860,A14623,9
P04860,A18335,8
P04860,A22462,1
P04860,A22463,4
P04860,A22464,11
P04861,A01206,9
P04861,A01391,2
P04861,A02311,6
P04861,A03374,7
P04861,A03406,4
P04861,A08040,5
P04861,A09484,1
P04861,A11207,8
P04861,A22465,3
P04862,A04021,7
P04862,A22466,1
P04862,A22467,2
P04862,A22468,3
P04862,A22469,4
P04862,A22470,5
P04862,A22471,6
P04862,A22472,8
P04863,A22473,1
P04863,A22474,2
P04863,A22475,3
P04863,A22476,4
P04864,A22477,1
P04864,A22478,2
P04865,A00231,13
P04865,A02676,2
P04865,A04155,3
P04865,A05181,6
P04865,A05182,5
P04865,A07544,1
P04865,A22479,4
P04865,A22480,7
P04865,A22481,8
P04865,A22482,9
P04865,A22483,10
P04865,A22484,11
P04865,A22485,12
P04866,A02563,9
P04866,A06789,3
P04866,A11901,2
P04866,A22486,1
P04866,A22487,4
P04866,A22488,5
P04866,A22489,6
P04866,A22490,7
P04866,A22491,8
P04867,A01391,3
P04867,A03406,1
P04867,A03744,5
P04867,A06956,11
P04867,A08237,8
P04867,A09484,6
P04867,A09485,2
P04867,A12194,9
P04867,A22492,4
P04867,A22493,7
P04867,A22494,10
P04868,A22495,1
P04869,A16656,7
P04869,A17447,11
P04869,A20166,1
P04869,A21925,5
P04869,A22496,2
P04869,A22497,3
P04869,A22498,4
P04869,A22499,6
P04869,A22500,8
P04869,A22501,9
P04869,A22502,10
P04869,A22503,12
P04870,A12020,8
P04870,A13543,26
P04870,A13592,6
P04870,A13696,9
P04870,A13717,42
P04870,A13727,19
P04870,A14269,30
P04870,A14270,24
P04870,A14271,18
P04870,A14281,12
P04870,A14284,21
P04870,A14339,2
P04870,A14340,36
P04870,A16334,23
P04870,A17163,39
P04870,A17533,5
P04870,A17536,7
P04870,A17537,11
P04870,A17538,1
P04870,A17539,13
P04870,A17541,17
P04870,A17542,20
P04870,A17543,28
P04870,A17547,40
P04870,A17548,41
P04870,A18018,22
P04870,A21750,34
P04870,A22504,3
P04870,A22505,4
P04870,A22506,10
P04870,A22507,14
P04870,A22508,15
P04870,A22509,16
P04870,A22510,25
P04870,A22511,27
P04870,A22512,29
P04870,A22513,31
P04870,A22514,32
P04870,A22515,33
P04870,A22516,35
P04870,A22517,37
P04870,A22518,38
P04871,A11804,13
P04871,A12845,11
P04871,A13942,9
P04871,A14603,5
P04871,A16352,4
P04871,A17691,1
P04871,A19052,17
P04871,A22519,2
P04871,A22520,3
P04871,A22521,6
P04871,A22522,7
P04871,A22523,8
P04871,A22524,10
P04871,A22525,12
P04871,A22526,14
P04871,A22527,15
P04871,A22528,16
P04871,A22529,18
P04871,A22530,19
P04871,A22531,20
P04871,A22532,21
P04872,A02226,30
P04872,A11838,12
P04872,A14610,11
P04872,A17263,24
P04872,A17932,22
P04872,A19131,15
P04872,A19941,18
P04872,A19966,5
P04872,A21230,13
P04872,A21232,2
P04872,A21235,19
P04872,A21239,27
P04872,A21619,4
P04872,A22533,1
P04872,A22534,3
P04872,A22535,6
P04872,A22536,7
P04872,A22537,8
P04872,A22538,9
P04872,A22539,10
P04872,A22540,14
P04872,A22541,16
P04872,A22542,17
P04872,A22543,20
P04872,A22544,21
P04872,A22545,23
P04872,A22546,25
P04872,A22547,26
P04872,A22548,28
P04872,A22549,29
P04872,A22550,31
P04872,A22551,32
P04872,A22552,33
P04873,A22553,1
P04874,A18944,1
P04874,A18946,3
P04874,A18947,4
P04874,A18948,5
P04874,A18949,6
P04874,A18952,9
P04874,A22554,2
P04874,A22555,7
P04874,A22556,8
P04875,A22557,1
P04876,A03963,16
P04876,A06967,13
P04876,A07156,8
P04876,A19765,10
P04876,A19766,14
P04876,A19768,11
P04876,A20232,17
P04876,A22014,4
P04876,A22019,5
P04876,A22558,1
P04876,A22559,2
P04876,A22560,3
P04876,A22561,6
P04876,A22562,7
P04876,A22563,9
P04876,A22564,12
P04876,A22565,15
P04877,A22566,1
P04877,A22567,2
P04877,A22568,3
P04877,A22569,4
P04877,A22570,5
P04878,A20136,1
P04878,A22571,2
P04878,A22572,3
P04878,A22573,4
P04878,A22574,5
P04878,A22575,6
P04878,A22576,7
P04878,A22577,8
P04878,A22578,9
P04878,A22579,10
P04878,A22580,11
P04878,A22581,12
P04878,A22582,13
P04878,A22583,14
P04878,A22584,15
P04878,A22585,16
P04878,A22586,17
P04878,A22587,18
P04878,A22588,19
P04878,A22589,20
P04878,A22590,21
P04878,A22591,22
P04878,A22592,23
P04878,A22593,24
P04879,A03896,7
P04879,A05105,4
P04879,A09458,1
P04879,A11758,5
P04879,A12007,6
P04879,A12748,8
P04879,A12749,3
P04879,A22594,2
P04880,A06849,4
P04880,A06855,2
P04880,A13449,3
P04880,A20304,1
P04881,A18752,1
P04881,A18753,4
P04881,A18754,5
P04881,A18755,6
P04881,A18756,7
P04881,A22595,2
P04881,A22596,3
P04882,A14055,10
P04882,A14056,5
P04882,A14057,2
P04882,A14058,3
P04882,A14060,6
P04882,A14061,7
P04882,A14062,14
P04882,A14063,15
P04882,A14064,17
P04882,A14065,8
P04882,A14090,18
P04882,A14092,16
P04882,A16630,9
P04882,A17806,13
P04882,A20370,11
P04882,A22597,1
P04882,A22598,4
P04882,A22599,12
P04882,A22600,19
P04883,A14882,10
P04883,A16455,18
P04883,A16490,3
P04883,A17018,6
P04883,A17045,11
P04883,A17743,13
P04883,A17747,16
P04883,A17749,14
P04883,A17750,2
P04883,A17753,4
P04883,A17755,5
P04883,A17761,7
P04883,A17763,8
P04883,A17764,15
P04883,A17766,1
P04883,A17768,12
P04883,A18307,9
P04883,A22601,17
P04883,A22602,19
P04884,A22603,1
P04884,A22604,2
P04884,A22605,3
P04884,A22606,4
P04884,A22607,5
P04884,A22608,6
P04884,A22609,7
P04885,A00670,6
P04885,A01233,1
P04885,A01528,7
P04885,A08188,3
P04885,A09207,8
P04885,A22610,2
P04885,A22611,4
P04885,A22612,5
P04886,A07605,2
P04886,A07614,1
P04886,A22613,3
P04886,A22614,4
P04886,A22615,5
P04886,A22616,6
P04886,A22617,7
P04887,A00614,4
P04887,A00843,6
P04887,A00995,3
P04887,A01678,5
P04887,A02600,2
P04887,A22618,1
P04888,A09793,12
P04888,A09794,11
P04888,A11931,31
P04888,A12052,27
P04888,A12622,13
P04888,A12624,10
P04888,A12625,19
P04888,A12627,1
P04888,A12631,28
P04888,A12637,7
P04888,A12642,14
P04888,A12650,25
P04888,A12651,2
P04888,A12652,29
P04888,A12900,23
P04888,A13127,21
P04888,A13985,15
P04888,A13989,16
P04888,A15531,26
P04888,A16333,4
P04888,A16349,9
P04888,A16990,18
P04888,A17526,8
P04888,A17691,24
P04888,A17736,20
P04888,A18218,5
P04888,A18363,17
P04888,A18366,3
P04888,A20141,32
P04888,A22619,6
P04888,A22620,22
P04888,A22621,30
P04889,A22622,1
P04889,A22623,2
P04889,A22624,3
P04889,A22625,4
P04889,A22626,5
P04890,A00668,4
P04890,A00723,2
P04890,A01309,5
P04890,A01499,1
P04890,A08500,3
P04891,A03023,38
P04891,A03208,55
P04891,A03570,40
P04891,A03585,5
P04891,A03909,41
P04891,A03962,61
P04891,A04941,53
P04891,A16916,34
P04891,A17623,24
P04891,A17666,50
P04891,A17668,54
P04891,A18954,4
P04891,A18955,1
P04891,A18956,3
P04891,A18957,8
P04891,A18958,9
P04891,A18959,10
P04891,A18960,11
P04891,A18961,12
P04891,A18962,13
P04891,A18963,14
P04891,A18965,16
P04891,A18966,17
P04891,A18967,18
P04891,A18968,19
P04891,A18969,20
P04891,A18970,21
P04891,A18971,22
P04891,A18972,25
P04891,A18973,26
P04891,A18974,27
P04891,A18975,28
P04891,A18977,29
P04891,A18978,30
P04891,A18979,31
P04891,A18980,32
P04891,A18981,33
P04891,A18982,35
P04891,A18983,36
P04891,A18984,37
P04891,A18985,39
P04891,A18986,42
P04891,A18988,43
P04891,A18989,44
P04891,A18990,45
P04891,A18991,46
P04891,A18992,6
P04891,A18993,48
P04891,A18994,49
P04891,A18995,51
P04891,A18996,52
P04891,A18997,56
P04891,A18998,57
P04891,A18999,58
P04891,A19000,59
P04891,A19001,60
P04891,A19003,62
P04891,A22627,2
P04891,A22628,7
P04891,A22629,15
P04891,A22630,23
P04891,A22631,47
P04892,A00268,3
P04892,A13406,2
P04892,A22632,1
P04893,A13022,9
P04893,A13024,12
P04893,A13025,11
P04893,A13026,6
P04893,A13029,15
P04893,A13030,13
P04893,A13031,14
P04893,A13576,3
P04893,A13577,10
P04893,A13581,7
P04893,A13583,1
P04893,A13587,4
P04893,A17975,5
P04893,A17976,2
P04893,A17983,8
P04894,A02131,8
P04894,A02788,3
P04894,A02988,5
P04894,A03402,4
P04894,A03945,2
P04894,A05043,6
P04894,A12849,1
P04894,A22633,7
P04895,A01233,3
P04895,A04575,2
P04895,A22634,1
P04895,A22635,4
P04896,A03356,3
P04896,A03901,5
P04896,A04611,4
P04896,A08398,6
P04896,A08400,7
P04896,A18359,1
P04896,A22636,2
P04897,A01543,11
P04897,A01915,5
P04897,A01916,12
P04897,A02125,6
P04897,A02327,3
P04897,A02451,10
P04897,A04237,2
P04897,A04238,16
P04897,A04469,14
P04897,A05144,8
P04897,A05290,4
P04897,A06796,15
P04897,A07672,13
P04897,A07673,7
P04897,A19178,9
P04897,A22637,1
P04898,A03415,4
P04898,A07544,5
P04898,A10963,2
P04898,A11040,8
P04898,A11527,3
P04898,A11765,9
P04898,A18133,1
P04898,A22137,10
P04898,A22638,6
P04898,A22639,7
P04899,A09324,23
P04899,A11797,9
P04899,A13342,13
P04899,A13693,2
P04899,A13694,20
P04899,A13695,12
P04899,A13696,10
P04899,A13698,5
P04899,A13703,17
P04899,A13711,22
P04899,A13724,16
P04899,A13726,15
P04899,A13731,18
P04899,A15232,21
P04899,A19059,6
P04899,A22640,1
P04899,A22641,3
P04899,A22642,4
P04899,A22643,7
P04899,A22644,8
P04899,A22645,11
P04899,A22646,14
P04899,A22647,19
P04900,A07174,2
P04900,A11931,5
P04900,A12694,6
P04900,A12697,3
P04900,A12703,9
P04900,A12704,4
P04900,A12972,7
P04900,A12974,11
P04900,A12978,10
P04900,A16379,8
P04900,A16649,14
P04900,A22216,12
P04900,A22218,13
P04900,A22223,15
P04900,A22226,1
P04901,A02079,6
P04901,A02100,4
P04901,A16981,3
P04901,A16982,2
P04901,A16984,5
P04901,A16988,8
P04901,A18785,7
P04901,A22648,1
P04902,A03976,2
P04902,A11205,3
P04902,A22649,1
P04902,A22650,4
P04902,A22651,5
P04902,A22652,6
P04902,A22653,7
P04902,A22654,8
P04903,A00814,4
P04903,A05247,1
P04903,A12253,2
P04903,A16253,3
P04904,A21566,3
P04904,A22655,1
P04904,A22656,2
P04904,A22657,4
P04904,A22658,5
P04904,A22659,6
P04904,A22660,7
P04904,A22661,8
P04904,A22662,9
P04904,A22663,10
P04904,A22664,11
P04904,A22665,12
P04904,A22666,13
P04904,A22667,14
P04904,A22668,15
P04904,A22669,16
P04904,A22670,17
P04904,A22671,18
P04905,A01977,7
P04905,A05137,2
P04905,A12451,12
P04905,A17867,4
P04905,A20307,3
P04905,A22672,1
P04905,A22673,5
P04905,A22674,6
P04905,A22675,8
P04905,A22676,9
P04905,A22677,10
P04905,A22678,11
P04905,A22679,13
P04905,A22680,14
P04906,A03268,1
P04906,A04603,6
P04906,A04679,9
P04906,A05042,3
P04906,A22681,2
P04906,A22682,4
P04906,A22683,5
P04906,A22684,7
P04906,A22685,8
P04906,A22686,10
P04907,A10089,2
P04907,A12867,3
P04907,A12868,5
P04907,A12870,4
P04907,A12873,1
P04907,A19555,7
P04907,A19565,6
P04908,A00614,5
P04908,A00843,7
P04908,A00995,4
P04908,A01678,6
P04908,A02600,2
P04908,A10879,3
P04908,A22687,1
P04909,A22688,1
P04909,A22689,2
P04909,A22690,3
P04910,A01124,3
P04910,A05251,9
P04910,A11341,7
P04910,A11345,11
P04910,A14582,5
P04910,A14585,8
P04910,A17457,6
P04910,A17458,10
P04910,A18220,1
P04910,A22691,2
P04910,A22692,4
P04911,A18023,7
P04911,A22693,1
P04911,A22694,2
P04911,A22695,3
P04911,A22696,4
P04911,A22697,5
P04911,A22698,6
P04912,A09822,1
P04912,A14702,2
P04913,A22699,1
P04913,A22700,2
P04913,A22701,3
P04913,A22702,4
P04913,A22703,5
P04913,A22704,6
P04913,A22705,7
P04913,A22706,8
P04914,A04800,2
P04914,A09157,6
P04914,A17089,4
P04914,A22707,1
P04914,A22708,3
P04914,A22709,5
P04915,A22710,1
P04915,A22711,2
P04916,A02297,1
P04916,A04755,2
P04916,A22712,3
P04916,A22713,4
P04916,A22714,5
P04917,A04088,1
P04917,A08530,3
P04917,A22715,2
P04918,A11454,2
P04918,A11785,3
P04918,A16806,4
P04918,A22716,1
P04919,A17044,14
P04919,A17949,15
P04919,A21369,13
P04919,A22717,1
P04919,A22718,2
P04919,A22719,3
P04919,A22720,4
P04919,A22721,5
P04919,A22722,6
P04919,A22723,7
P04919,A22724,8
P04919,A22725,9
P04919,A22726,10
P04919,A22727,11
P04919,A22728,12
P04919,A22729,16
P04920,A00629,3
P04920,A17741,1
P04920,A22730,2
P04921,A20640,9
P04921,A22731,1
P04921,A22732,2
P04921,A22733,3
P04921,A22734,4
P04921,A22735,5
P04921,A22736,6
P04921,A22737,7
P04921,A22738,8
P04921,A22739,10
P04922,A00605,1
P04922,A01477,5
P04922,A01822,8
P04922,A07744,4
P04922,A08474,3
P04922,A08475,6
P04922,A11225,7
P04922,A22740,2
P04923,A22741,1
P04923,A22742,2
P04923,A22743,3
P04923,A22744,4
P04923,A22745,5
P04923,A22746,6
P04923,A22747,7
P04923,A22748,8
P04923,A22749,9
P04924,A03027,10
P04924,A03032,18
P04924,A03042,23
P04924,A21269,30
P04924,A21957,27
P04924,A22750,1
P04924,A22751,2
P04924,A22752,3
P04924,A22753,4
P04924,A22754,5
P04924,A22755,6
P04924,A22756,7
P04924,A22757,8
P04924,A22758,9
P04924,A22759,11
P04924,A22760,12
P04924,A22761,13
P04924,A22762,14
P04924,A22763,15
P04924,A22764,16
P04924,A22765,17
P04924,A22766,19
P04924,A22767,20
P04924,A22768,21
P04924,A22769,22
P04924,A22770,24
P04924,A22771,25
P04924,A22772,26
P04924,A22773,28
P04924,A22774,29
P04925,A03024,14
P04925,A03027,21
P04925,A03032,28
P04925,A03042,20
P04925,A19611,24
P04925,A22750,6
P04925,A22756,4
P04925,A22757,15
P04925,A22758,8
P04925,A22759,19
P04925,A22761,1
P04925,A22762,5
P04925,A22763,3
P04925,A22764,2
P04925,A22765,16
P04925,A22766,22
P04925,A22767,31
P04925,A22768,7
P04925,A22769,11
P04925,A22770,25
P04925,A22771,32
P04925,A22772,29
P04925,A22773,18
P04925,A22774,9
P04925,A22775,10
P04925,A22776,12
P04925,A22777,13
P04925,A22778,17
P04925,A22779,23
P04925,A22780,26
P04925,A22781,27
P04925,A22782,30
P04926,A03024,27
P04926,A03027,36
P04926,A03032,15
P04926,A03042,35
P04926,A04256,19
P04926,A16339,6
P04926,A19611,23
P04926,A22750,21
P04926,A22751,30
P04926,A22754,22
P04926,A22755,2
P04926,A22757,1
P04926,A22758,3
P04926,A22759,7
P04926,A22760,31
P04926,A22761,10
P04926,A22762,8
P04926,A22763,26
P04926,A22764,28
P04926,A22765,29
P04926,A22766,16
P04926,A22767,11
P04926,A22768,34
P04926,A22769,14
P04926,A22770,24
P04926,A22771,9
P04926,A22772,12
P04926,A22773,32
P04926,A22774,13
P04926,A22777,5
P04926,A22780,25
P04926,A22783,4
P04926,A22784,17
P04926,A22785,18
P04926,A22786,20
P04926,A22787,33
P04927,A03027,19
P04927,A03042,22
P04927,A19611,15
P04927,A21269,25
P04927,A22756,1
P04927,A22757,26
P04927,A22758,17
P04927,A22759,12
P04927,A22760,20
P04927,A22761,3
P04927,A22762,8
P04927,A22763,4
P04927,A22764,2
P04927,A22765,13
P04927,A22766,27
P04927,A22767,18
P04927,A22768,7
P04927,A22769,6
P04927,A22770,11
P04927,A22771,10
P04927,A22772,23
P04927,A22773,24
P04927,A22774,21
P04927,A22775,5
P04927,A22776,16
P04927,A22777,9
P04927,A22780,14
P04928,A03024,8
P04928,A03026,3
P04928,A03027,29
P04928,A03032,13
P04928,A03042,11
P04928,A04256,22
P04928,A19611,1
P04928,A21957,32
P04928,A22750,31
P04928,A22754,23
P04928,A22755,5
P04928,A22756,15
P04928,A22757,27
P04928,A22758,14
P04928,A22759,10
P04928,A22760,9
P04928,A22761,26
P04928,A22762,21
P04928,A22763,4
P04928,A22764,34
P04928,A22765,28
P04928,A22766,19
P04928,A22767,7
P04928,A22768,36
P04928,A22769,6
P04928,A22770,24
P04928,A22771,12
P04928,A22772,16
P04928,A22773,35
P04928,A22774,17
P04928,A22775,18
P04928,A22777,25
P04928,A22779,2
P04928,A22780,33
P04928,A22782,20
P04928,A22784,30
P04929,A01190,26
P04929,A14060,23
P04929,A18509,14
P04929,A18536,4
P04929,A18557,41
P04929,A19010,1
P04929,A19712,5
P04929,A21227,29
P04929,A22788,2
P04929,A22789,3
P04929,A22790,6
P04929,A22791,7
P04929,A22792,8
P04929,A22793,9
P04929,A22794,10
P04929,A22795,11
P04929,A22796,12
P04929,A22797,13
P04929,A22798,15
P04929,A22799,16
P04929,A22800,17
P04929,A22801,18
P04929,A22802,19
P04929,A22803,20
P04929,A22804,21
P04929,A22805,22
P04929,A22806,24
P04929,A22807,25
P04929,A22808,27
P04929,A22809,28
P04929,A22810,30
P04929,A22811,31
P04929,A22812,32
P04929,A22813,33
P04929,A22814,34
P04929,A22815,35
P04929,A22816,36
P04929,A22817,37
P04929,A22818,38
P04929,A22819,39
P04929,A22820,40
P04930,A03027,8
P04930,A03042,22
P04930,A19611,12
P04930,A21957,26
P04930,A22750,6
P04930,A22755,10
P04930,A22756,16
P04930,A22757,18
P04930,A22758,23
P04930,A22759,9
P04930,A22761,15
P04930,A22762,25
P04930,A22763,4
P04930,A22764,17
P04930,A22766,20
P04930,A22768,1
P04930,A22769,14
P04930,A22770,27
P04930,A22771,19
P04930,A22772,13
P04930,A22773,2
P04930,A22774,24
P04930,A22775,11
P04930,A22780,21
P04930,A22781,7
P04930,A22821,3
P04930,A22822,5
P04931,A03024,21
P04931,A03026,5
P04931,A03027,23
P04931,A03032,26
P04931,A03042,42
P04931,A04256,32
P04931,A19611,10
P04931,A19618,20
P04931,A21957,33
P04931,A21958,24
P04931,A22750,9
P04931,A22753,22
P04931,A22754,34
P04931,A22755,18
P04931,A22756,7
P04931,A22757,12
P04931,A22758,25
P04931,A22759,40
P04931,A22760,19
P04931,A22761,11
P04931,A22762,8
P04931,A22763,1
P04931,A22764,2
P04931,A22765,38
P04931,A22766,29
P04931,A22767,17
P04931,A22768,13
P04931,A22769,3
P04931,A22770,35
P04931,A22771,14
P04931,A22772,6
P04931,A22773,39
P04931,A22774,28
P04931,A22775,27
P04931,A22777,37
P04931,A22779,31
P04931,A22780,36
P04931,A22782,16
P04931,A22783,15
P04931,A22784,30
P04931,A22823,4
P04931,A22824,41
P04932,A11925,32
P04932,A12652,13
P04932,A12823,2
P04932,A12897,25
P04932,A13543,34
P04932,A13694,26
P04932,A14276,37
P04932,A14625,7
P04932,A17092,40
P04932,A17163,11
P04932,A17542,28
P04932,A17547,10
P04932,A19314,16
P04932,A19775,1
P04932,A20541,33
P04932,A21400,3
P04932,A22151,14
P04932,A22825,4
P04932,A22826,5
P04932,A22827,6
P04932,A22828,8
P04932,A22829,9
P04932,A22830,12
P04932,A22831,15
P04932,A22832,17
P04932,A22833,18
P04932,A22834,19
P04932,A22835,20
P04932,A22836,21
P04932,A22837,22
P04932,A22838,23
P04932,A22839,24
P04932,A22840,27
P04932,A22841,29
P04932,A22842,30
P04932,A22843,31
P04932,A22844,35
P04932,A22845,36
P04932,A22846,38
P04932,A22847,39
P04933,A01737,4
P04933,A03583,35
P04933,A03586,16
P04933,A06468,69
P04933,A11345,55
P04933,A11467,28
P04933,A16470,47
P04933,A16472,25
P04933,A16476,26
P04933,A17030,17
P04933,A17280,29
P04933,A17309,83
P04933,A17350,44
P04933,A17747,42
P04933,A17932,2
P04933,A17943,10
P04933,A19062,59
P04933,A19593,21
P04933,A19759,7
P04933,A19764,11
P04933,A19916,24
P04933,A20184,82
P04933,A20198,68
P04933,A20398,43
P04933,A21348,22
P04933,A21355,1
P04933,A21365,30
P04933,A21366,72
P04933,A21368,74
P04933,A21369,13
P04933,A22534,6
P04933,A22629,8
P04933,A22848,3
P04933,A22849,5
P04933,A22850,9
P04933,A22851,12
P04933,A22852,14
P04933,A22853,15
P04933,A22854,18
P04933,A22855,19
P04933,A22856,20
P04933,A22857,23
P04933,A22858,27
P04933,A22859,31
P04933,A22860,32
P04933,A22861,33
P04933,A22862,34
P04933,A22863,36
P04933,A22864,37
P04933,A22865,38
P04933,A22866,39
P04933,A22867,40
P04933,A22868,41
P04933,A22869,45
P04933,A22870,46
P04933,A22871,48
P04933,A22872,49
P04933,A22873,50
P04933,A22874,51
P04933,A22875,52
P04933,A22876,53
P04933,A22877,54
P04933,A22878,56
P04933,A22879,57
P04933,A22880,58
P04933,A22881,60
P04933,A22882,61
P04933,A22883,62
P04933,A22884,63
P04933,A22885,64
P04933,A22886,65
P04933,A22887,66
P04933,A22888,67
P04933,A22889,70
P04933,A22890,71
P04933,A22891,73
P04933,A22892,75
P04933,A22893,76
P04933,A22894,77
P04933,A22895,78
P04933,A22896,79
P04933,A22897,80
P04933,A22898,81
P04934,A19594,3
P04934,A22899,1
P04934,A22900,2
P04934,A22901,4
P04935,A12022,10
P04935,A13341,20
P04935,A13726,5
P04935,A14097,19
P04935,A14283,15
P04935,A14612,3
P04935,A18018,17
P04935,A19687,4
P04935,A19688,6
P04935,A19689,7
P04935,A19690,1
P04935,A19693,8
P04935,A19694,9
P04935,A19696,2
P04935,A19698,12
P04935,A19699,13
P04935,A19700,14
P04935,A19703,18
P04935,A19704,21
P04935,A21789,16
P04935,A22507,11
P04936,A14304,3
P04936,A21258,2
P04936,A22902,1
P04936,A22903,4
P04936,A22904,5
P04936,A22905,6
P04936,A22906,7
P04937,A16774,2
P04937,A16775,3
P04937,A17154,1
P04937,A22140,5
P04937,A22907,4
P04938,A00448,15
P04938,A03044,2
P04938,A03475,5
P04938,A11905,14
P04938,A14052,13
P04938,A18164,4
P04938,A22908,1
P04938,A22909,3
P04938,A22910,6
P04938,A22911,7
P04938,A22912,8
P04938,A22913,9
P04938,A22914,10
P04938,A22915,11
P04938,A22916,12
P04939,A17018,4
P04939,A17045,2
P04939,A22917,1
P04939,A22918,3
P04939,A22919,5
P04940,A00266,5
P04940,A01821,7
P04940,A03408,3
P04940,A03901,10
P04940,A04001,9
P04940,A05628,8
P04940,A10157,2
P04940,A19824,1
P04940,A22920,4
P04940,A22921,6
P04941,A01028,2
P04941,A02579,1
P04941,A05619,4
P04941,A09532,3
P04941,A22922,5
P04941,A22923,6
P04942,A22924,1
P04942,A22925,2
P04942,A22926,3
P04943,A09790,3
P04943,A09791,2
P04943,A11800,13
P04943,A11925,11
P04943,A12898,6
P04943,A13932,24
P04943,A13984,29
P04943,A14612,9
P04943,A16267,4
P04943,A16353,30
P04943,A16389,22
P04943,A16390,5
P04943,A16995,18
P04943,A16998,10
P04943,A17727,19
P04943,A18369,17
P04943,A18660,16
P04943,A18780,1
P04943,A20032,20
P04943,A20541,27
P04943,A22927,7
P04943,A22928,8
P04943,A22929,12
P04943,A22930,14
P04943,A22931,15
P04943,A22932,21
P04943,A22933,23
P04943,A22934,25
P04943,A22935,26
P04943,A22936,28
P04943,A22937,31
P04944,A02226,22
P04944,A08870,37
P04944,A11838,21
P04944,A14610,31
P04944,A16495,39
P04944,A17263,9
P04944,A17763,29
P04944,A17854,32
P04944,A17932,23
P04944,A19131,12
P04944,A19941,20
P04944,A19966,5
P04944,A21230,8
P04944,A21232,1
P04944,A21235,24
P04944,A21239,26
P04944,A21267,40
P04944,A21619,3
P04944,A22533,2
P04944,A22534,4
P04944,A22535,6
P04944,A22536,7
P04944,A22537,19
P04944,A22538,10
P04944,A22539,30
P04944,A22540,14
P04944,A22541,15
P04944,A22542,33
P04944,A22544,35
P04944,A22545,25
P04944,A22546,27
P04944,A22547,18
P04944,A22548,11
P04944,A22550,17
P04944,A22551,13
P04944,A22552,28
P04944,A22938,16
P04944,A22939,34
P04944,A22940,36
P04944,A22941,38
P04945,A01745,2
P04945,A04404,3
P04945,A04635,6
P04945,A19580,8
P04945,A22942,1
P04945,A22943,4
P04945,A22944,5
P04945,A22945,7
P04945,A22946,9
P04946,A13696,6
P04946,A13723,5
P04946,A13727,11
P04946,A13728,2
P04946,A14281,9
P04946,A14343,4
P04946,A15834,8
P04946,A17536,3
P04946,A18039,13
P04946,A20603,7
P04946,A21377,12
P04946,A21750,14
P04946,A22507,10
P04946,A22947,1
P04947,A03408,2
P04947,A08161,1
P04947,A10862,3
P04947,A21206,6
P04947,A22948,4
P04947,A22949,5
P04948,A00490,1
P04948,A14720,2
P04949,A04035,4
P04949,A10124,5
P04949,A22950,1
P04949,A22951,2
P04949,A22952,3
P04949,A22953,6
P04949,A22954,7
P04949,A22955,8
P04949,A22956,9
P04950,A12014,2
P04950,A12022,3
P04950,A18392,5
P04950,A22957,1
P04950,A22958,4
P04951,A22959,1
P04951,A22960,2
P04951,A22961,3
P04951,A22962,4
P04951,A22963,5
P04951,A22964,6
P04951,A22965,7
P04951,A22966,8
P04952,A10261,4
P04952,A10262,3
P04952,A13813,5
P04952,A16580,6
P04952,A18788,1
P04952,A18789,7
P04952,A22967,2
P04952,A22968,8
P04952,A22969,9
P04952,A22970,10
P04952,A22971,11
P04952,A22972,12
P04953,A11567,4
P04953,A22973,1
P04953,A22974,2
P04953,A22975,3
P04953,A22976,5
P04954,A02634,3
P04954,A02636,2
P04954,A11312,4
P04954,A21976,1
P04955,A03487,4
P04955,A22977,1
P04955,A22978,2
P04955,A22979,3
P04956,A00723,4
P04956,A01317,13
P04956,A01415,5
P04956,A01752,9
P04956,A01832,6
P04956,A01915,23
P04956,A02451,22
P04956,A03258,12
P04956,A03732,16
P04956,A04469,18
P04956,A05144,20
P04956,A07673,19
P04956,A07812,17
P04956,A07929,10
P04956,A07930,11
P04956,A07931,14
P04956,A08026,15
P04956,A08500,1
P04956,A19178,21
P04956,A22702,7
P04956,A22980,2
P04956,A22981,3
P04956,A22982,8
P04957,A18773,1
P04957,A18775,6
P04957,A18777,3
P04957,A22983,2
P04957,A22984,4
P04957,A22985,5
P04958,A16526,4
P04958,A16527,5
P04958,A16528,2
P04958,A20625,1
P04958,A22986,3
P04959,A02255,2
P04959,A04574,9
P04959,A07997,4
P04959,A10148,6
P04959,A10153,1
P04959,A11070,10
P04959,A11207,3
P04959,A22987,5
P04959,A22988,7
P04959,A22989,8
P04960,A03408,2
P04960,A10862,4
P04960,A22990,1
P04960,A22991,3
P04961,A17033,9
P04961,A21285,6
P04961,A22992,1
P04961,A22993,2
P04961,A22994,3
P04961,A22995,4
P04961,A22996,5
P04961,A22997,7
P04961,A22998,8
P04961,A22999,10
P04961,A23000,11
P04961,A23001,12
P04962,A00221,5
P04962,A01840,4
P04962,A07806,2
P04962,A23002,1
P04962,A23003,3
P04962,A23004,6
