paper_id,instrument_id,instrument_status
P00001,I00001,uses
P00002,I00002,uses
P00003,I00002,uses
P00003,I00001,uses
P00004,I00002,uses
P00004,I00001,uses
P00005,I00002,uses
P00005,I00001,uses
P00006,I00002,uses
P00006,I00001,uses
P00007,I00002,uses
P00007,I00001,uses
P00008,I00002,uses
P00008,I00001,uses
P00009,I00002,uses
P00009,I00001,uses
P00010,I00002,uses
P00010,I00001,uses
P00011,I00002,uses
P00011,I00001,uses
P00012,I00002,uses
P00013,I00002,uses
P00013,I00003,uses
P00014,I00002,uses
P00014,I00003,uses
P00015,I00002,uses
P00015,I00001,uses
P00016,I00002,uses
P00016,I00003,uses
P00017,I00002,uses
P00017,I00001,uses
P00018,I00002,uses
P00018,I00001,uses
P00018,I00003,uses
P00019,I00002,uses
P00019,I00001,uses
P00020,I00002,uses
P00021,I00002,uses
P00021,I00003,uses
P00022,I00002,uses
P00022,I00001,uses
P00023,I00002,uses
P00023,I00003,uses
P00024,I00002,uses
P00024,I00001,uses
P00025,I00002,uses
P00025,I00001,uses
P00026,I00002,uses
P00026,I00001,uses
P00027,I00002,uses
P00027,I00001,uses
P00028,I00002,uses
P00028,I00001,uses
P00029,I00002,uses
P00029,I00003,uses
P00030,I00002,uses
P00030,I00001,uses
P00031,I00002,uses
P00031,I00001,uses
P00032,I00002,uses
P00032,I00001,uses
P00033,I00002,uses
P00033,I00001,uses
P00034,I00002,uses
P00034,I00001,uses
P00035,I00004,uses
P00036,I00002,uses
P00036,I00001,uses
P00037,I00002,uses
P00037,I00001,uses
P00038,I00002,uses
P00038,I00001,uses
P00039,I00002,uses
P00039,I00005,uses
P00040,I00002,uses
P00040,I00005,uses
P00041,I00002,uses
P00041,I00005,uses
P00042,I00002,uses
P00042,I00001,uses
P00043,I00002,uses
P00043,I00001,uses
P00044,I00002,uses
P00044,I00001,uses
P00045,I00002,uses
P00045,I00001,uses
P00046,I00002,uses
P00046,I00001,uses
P00047,I00002,uses
P00047,I00001,uses
P00048,I00004,uses
P00049,I00002,uses
P00049,I00001,uses
P00050,I00002,uses
P00050,I00001,uses
P00051,I00004,uses
P00052,I00002,uses
P00052,I00001,uses
P00053,I00002,uses
P00053,I00005,uses
P00054,I00006,uses
P00054,I00002,uses
P00055,I00002,uses
P00055,I00001,uses
P00056,I00002,uses
P00056,I00001,uses
P00057,I00002,uses
P00057,I00005,uses
P00058,I00002,uses
P00058,I00001,uses
P00059,I00002,uses
P00059,I00001,uses
P00060,I00002,uses
P00060,I00005,uses
P00061,I00002,uses
P00061,I00001,uses
P00062,I00002,uses
P00062,I00001,uses
P00063,I00002,uses
P00063,I00001,uses
P00064,I00002,uses
P00064,I00001,uses
P00065,I00002,uses
P00065,I00001,uses
P00066,I00002,uses
P00066,I00001,uses
P00067,I00002,uses
P00067,I00003,uses
P00068,I00002,uses
P00068,I00001,uses
P00069,I00002,uses
P00069,I00003,uses
P00070,I00007,uses
P00071,I00002,uses
P00071,I00001,uses
P00072,I00002,uses
P00072,I00003,uses
P00073,I00002,uses
P00073,I00001,uses
P00074,I00002,uses
P00074,I00001,uses
P00075,I00002,uses
P00075,I00003,uses
P00076,I00002,uses
P00076,I00001,uses
P00077,I00002,uses
P00077,I00001,uses
P00078,I00002,uses
P00078,I00001,uses
P00079,I00002,uses
P00079,I00005,uses
P00080,I00002,uses
P00080,I00005,uses
P00081,I00002,uses
P00081,I00005,uses
P00082,I00002,uses
P00082,I00001,uses
P00082,I00008,uses
P00083,I00002,uses
P00083,I00001,uses
P00084,I00002,uses
P00084,I00005,uses
P00085,I00002,uses
P00085,I00001,uses
P00086,I00002,uses
P00086,I00003,uses
P00087,I00002,uses
P00087,I00005,uses
P00088,I00002,uses
P00088,I00005,uses
P00089,I00002,uses
P00089,I00005,uses
P00089,I00003,uses
P00090,I00002,uses
P00090,I00005,uses
P00091,I00002,uses
P00091,I00005,uses
P00092,I00002,uses
P00092,I00001,uses
P00093,I00002,uses
P00093,I00001,uses
P00093,I00008,uses
P00094,I00001,uses
P00094,I00002,uses
P00095,I00002,uses
P00095,I00001,uses
P00096,I00002,uses
P00096,I00001,uses
P00097,I00002,uses
P00097,I00005,uses
P00098,I00002,uses
P00098,I00001,uses
P00099,I00002,uses
P00099,I00001,uses
P00100,I00002,uses
P00100,I00001,uses
P00101,I00002,uses
P00101,I00005,uses
P00102,I00002,uses
P00102,I00005,uses
P00103,I00002,uses
P00103,I00003,uses
P00104,I00002,uses
P00104,I00001,uses
P00105,I00002,uses
P00105,I00005,uses
P00106,I00002,uses
P00106,I00005,uses
P00107,I00002,uses
P00107,I00005,uses
P00108,I00002,uses
P00108,I00001,uses
P00109,I00002,uses
P00109,I00001,uses
P00110,I00002,uses
P00110,I00001,uses
P00111,I00004,uses
P00111,I00002,uses
P00111,I00001,uses
P00112,I00002,uses
P00112,I00005,uses
P00113,I00002,uses
P00113,I00001,uses
P00114,I00002,uses
P00114,I00001,uses
P00115,I00002,uses
P00115,I00001,uses
P00116,I00004,uses
P00117,I00002,uses
P00117,I00005,uses
P00118,I00002,uses
P00118,I00005,uses
P00119,I00002,uses
P00119,I00005,uses
P00120,I00002,uses
P00120,I00005,uses
P00121,I00002,uses
P00121,I00005,uses
P00122,I00002,uses
P00122,I00005,uses
P00123,I00002,uses
P00123,I00001,uses
P00124,I00002,uses
P00124,I00001,uses
P00124,I00008,uses
P00125,I00002,uses
P00125,I00003,uses
P00126,I00002,uses
P00126,I00001,uses
P00127,I00002,uses
P00127,I00005,uses
P00128,I00002,uses
P00128,I00001,uses
P00129,I00002,uses
P00129,I00005,uses
P00130,I00002,uses
P00130,I00005,uses
P00131,I00002,uses
P00131,I00001,uses
P00132,I00002,uses
P00133,I00002,uses
P00133,I00005,uses
P00134,I00002,uses
P00134,I00001,uses
P00135,I00002,uses
P00135,I00001,uses
P00136,I00002,uses
P00136,I00001,uses
P00137,I00002,uses
P00137,I00005,uses
P00138,I00002,uses
P00138,I00001,uses
P00139,I00002,uses
P00139,I00005,uses
P00140,I00002,uses
P00140,I00005,uses
P00141,I00002,uses
P00141,I00005,uses
P00142,I00002,uses
P00142,I00005,uses
P00143,I00002,uses
P00143,I00005,uses
P00144,I00002,uses
P00144,I00005,uses
P00145,I00004,uses
P00145,I00002,uses
P00145,I00005,uses
P00146,I00002,uses
P00146,I00005,uses
P00147,I00002,uses
P00147,I00005,uses
P00148,I00002,uses
P00148,I00005,uses
P00149,I00002,uses
P00149,I00001,uses
P00150,I00002,uses
P00150,I00005,uses
P00151,I00002,uses
P00152,I00002,uses
P00152,I00005,uses
P00153,I00002,uses
P00153,I00001,uses
P00154,I00002,uses
P00154,I00001,uses
P00155,I00002,uses
P00155,I00001,uses
P00156,I00002,uses
P00156,I00001,uses
P00156,I00003,uses
P00157,I00002,uses
P00157,I00005,uses
P00158,I00002,uses
P00158,I00001,uses
P00159,I00004,uses
P00160,I00004,uses
P00161,I00002,uses
P00161,I00003,uses
P00162,I00002,uses
P00162,I00001,uses
P00163,I00002,uses
P00163,I00001,uses
P00164,I00002,uses
P00164,I00005,uses
P00165,I00002,uses
P00165,I00005,uses
P00165,I00003,uses
P00166,I00002,uses
P00166,I00001,uses
P00167,I00002,uses
P00167,I00001,uses
P00168,I00002,uses
P00168,I00001,uses
P00169,I00002,uses
P00169,I00005,uses
P00170,I00002,uses
P00170,I00008,uses
P00171,I00002,uses
P00171,I00001,uses
P00172,I00002,uses
P00173,I00002,uses
P00173,I00005,uses
P00174,I00002,uses
P00174,I00005,uses
P00175,I00002,uses
P00175,I00001,uses
P00176,I00002,uses
P00176,I00005,uses
P00177,I00002,uses
P00177,I00001,uses
P00178,I00002,uses
P00178,I00005,uses
P00179,I00002,uses
P00179,I00001,uses
P00180,I00004,uses
P00181,I00004,uses
P00182,I00002,uses
P00182,I00005,uses
P00183,I00002,uses
P00183,I00001,uses
P00184,I00002,uses
P00184,I00005,uses
P00185,I00002,uses
P00185,I00001,uses
P00186,I00002,uses
P00186,I00001,uses
P00187,I00002,uses
P00187,I00001,uses
P00188,I00002,uses
P00188,I00001,uses
P00188,I00008,uses
P00189,I00002,uses
P00189,I00001,uses
P00190,I00002,uses
P00190,I00005,uses
P00191,I00004,uses
P00192,I00002,uses
P00192,I00001,uses
P00193,I00002,uses
P00193,I00005,uses
P00194,I00002,uses
P00194,I00005,uses
P00195,I00002,uses
P00195,I00001,uses
P00196,I00002,uses
P00196,I00005,uses
P00197,I00002,uses
P00197,I00005,uses
P00198,I00002,uses
P00198,I00003,uses
P00199,I00002,uses
P00200,I00002,uses
P00200,I00005,uses
P00201,I00002,uses
P00201,I00001,uses
P00202,I00002,uses
P00202,I00001,uses
P00203,I00002,uses
P00203,I00001,uses
P00203,I00005,uses
P00204,I00002,uses
P00204,I00005,uses
P00205,I00002,uses
P00205,I00001,uses
P00206,I00002,uses
P00206,I00001,uses
P00206,I00008,uses
P00207,I00002,uses
P00207,I00001,uses
P00208,I00002,uses
P00208,I00005,uses
P00208,I00003,uses
P00209,I00002,uses
P00209,I00001,uses
P00210,I00002,uses
P00210,I00005,uses
P00211,I00002,uses
P00211,I00005,uses
P00211,I00003,uses
P00212,I00002,uses
P00212,I00005,uses
P00213,I00002,uses
P00213,I00005,uses
P00214,I00002,uses
P00214,I00005,uses
P00215,I00002,uses
P00215,I00005,uses
P00216,I00002,uses
P00216,I00005,uses
P00217,I00002,uses
P00217,I00001,uses
P00218,I00002,uses
P00218,I00005,uses
P00219,I00002,uses
P00219,I00005,uses
P00220,I00002,uses
P00220,I00001,uses
P00221,I00002,uses
P00221,I00005,uses
P00222,I00002,uses
P00222,I00003,uses
P00223,I00002,uses
P00223,I00001,uses
P00224,I00002,uses
P00224,I00001,uses
P00225,I00002,uses
P00226,I00002,uses
P00226,I00001,uses
P00227,I00002,uses
P00227,I00001,uses
P00227,I00005,uses
P00228,I00002,uses
P00228,I00001,uses
P00229,I00002,uses
P00229,I00005,uses
P00230,I00002,uses
P00230,I00001,uses
P00231,I00002,uses
P00231,I00005,uses
P00232,I00002,uses
P00232,I00001,uses
P00233,I00002,uses
P00234,I00002,uses
P00234,I00001,uses
P00235,I00002,uses
P00235,I00005,uses
P00236,I00002,uses
P00236,I00001,uses
P00237,I00002,uses
P00237,I00001,uses
P00237,I00003,uses
P00238,I00002,uses
P00238,I00001,uses
P00238,I00003,uses
P00239,I00002,uses
P00239,I00005,uses
P00240,I00002,uses
P00240,I00001,uses
P00241,I00002,uses
P00241,I00001,uses
P00242,I00002,uses
P00242,I00001,uses
P00243,I00002,uses
P00243,I00001,uses
P00244,I00002,uses
P00244,I00005,uses
P00245,I00002,uses
P00245,I00001,uses
P00246,I00002,uses
P00246,I00005,uses
P00247,I00002,uses
P00247,I00003,uses
P00248,I00002,uses
P00248,I00005,uses
P00249,I00002,uses
P00249,I00005,uses
P00250,I00002,uses
P00250,I00003,uses
P00251,I00002,uses
P00251,I00001,uses
P00252,I00002,uses
P00252,I00005,uses
P00253,I00002,uses
P00253,I00005,uses
P00254,I00002,uses
P00254,I00001,uses
P00254,I00009,uses
P00255,I00002,uses
P00255,I00001,uses
P00255,I00005,uses
P00256,I00002,uses
P00256,I00001,uses
P00257,I00002,uses
P00257,I00003,uses
P00258,I00002,uses
P00258,I00001,uses
P00259,I00002,uses
P00259,I00001,uses
P00260,I00004,uses
P00260,I00002,uses
P00260,I00001,uses
P00261,I00004,uses
P00261,I00002,uses
P00261,I00001,uses
P00262,I00002,uses
P00262,I00005,uses
P00263,I00002,uses
P00263,I00001,uses
P00264,I00004,uses
P00265,I00002,uses
P00265,I00003,uses
P00266,I00004,uses
P00266,I00002,uses
P00266,I00001,uses
P00267,I00004,uses
P00267,I00002,uses
P00267,I00001,uses
P00268,I00004,uses
P00269,I00002,uses
P00269,I00005,uses
P00270,I00002,uses
P00270,I00003,uses
P00271,I00002,uses
P00271,I00001,uses
P00272,I00002,uses
P00272,I00001,uses
P00272,I00005,uses
P00272,I00003,uses
P00273,I00002,uses
P00273,I00001,uses
P00273,I00005,uses
P00273,I00003,uses
P00274,I00002,uses
P00274,I00005,uses
P00275,I00002,uses
P00275,I00005,uses
P00276,I00002,uses
P00276,I00001,uses
P00276,I00003,uses
P00277,I00002,uses
P00277,I00001,uses
P00278,I00004,uses
P00278,I00002,uses
P00278,I00001,uses
P00279,I00002,uses
P00279,I00009,uses
P00280,I00002,uses
P00280,I00005,uses
P00281,I00002,uses
P00281,I00005,uses
P00282,I00002,uses
P00282,I00003,uses
P00283,I00002,uses
P00283,I00001,uses
P00284,I00002,uses
P00284,I00009,uses
P00285,I00002,uses
P00285,I00001,uses
P00286,I00002,uses
P00286,I00001,uses
P00286,I00005,uses
P00287,I00002,uses
P00287,I00005,uses
P00288,I00002,uses
P00288,I00003,uses
P00289,I00004,uses
P00289,I00002,uses
P00289,I00001,uses
P00290,I00002,uses
P00290,I00005,uses
P00291,I00002,uses
P00291,I00005,uses
P00292,I00002,uses
P00292,I00010,uses
P00293,I00002,uses
P00293,I00001,uses
P00294,I00002,uses
P00294,I00001,uses
P00295,I00002,uses
P00295,I00001,uses
P00296,I00002,uses
P00296,I00001,uses
P00297,I00002,uses
P00297,I00001,uses
P00298,I00002,uses
P00298,I00003,uses
P00299,I00002,uses
P00299,I00005,uses
P00300,I00002,uses
P00300,I00005,uses
P00301,I00002,uses
P00301,I00005,uses
P00302,I00002,uses
P00302,I00001,uses
P00302,I00003,uses
P00303,I00002,uses
P00303,I00001,uses
P00304,I00002,uses
P00305,I00002,uses
P00305,I00001,uses
P00306,I00002,uses
P00306,I00005,uses
P00307,I00002,uses
P00307,I00001,uses
P00308,I00002,uses
P00308,I00001,uses
P00308,I00008,uses
P00309,I00002,uses
P00309,I00003,uses
P00310,I00002,uses
P00310,I00001,uses
P00311,I00002,uses
P00311,I00001,uses
P00312,I00002,uses
P00312,I00005,uses
P00313,I00002,uses
P00313,I00005,uses
P00313,I00003,uses
P00314,I00002,uses
P00314,I00001,uses
P00315,I00002,uses
P00315,I00005,uses
P00316,I00002,uses
P00316,I00001,uses
P00316,I00008,uses
P00317,I00002,uses
P00317,I00005,uses
P00318,I00002,uses
P00318,I00005,uses
P00319,I00002,uses
P00319,I00001,uses
P00319,I00005,uses
P00320,I00002,uses
P00320,I00005,uses
P00321,I00002,uses
P00321,I00005,uses
P00322,I00002,uses
P00322,I00001,uses
P00322,I00005,uses
P00323,I00002,uses
P00323,I00001,uses
P00323,I00005,uses
P00324,I00004,uses
P00325,I00002,uses
P00325,I00005,uses
P00326,I00002,uses
P00326,I00001,uses
P00327,I00002,uses
P00327,I00001,uses
P00328,I00002,uses
P00328,I00001,uses
P00329,I00002,uses
P00329,I00005,uses
P00330,I00002,uses
P00330,I00005,uses
P00331,I00002,uses
P00331,I00005,uses
P00332,I00002,uses
P00332,I00001,uses
P00333,I00002,uses
P00333,I00005,uses
P00334,I00002,uses
P00334,I00005,uses
P00335,I00002,uses
P00335,I00005,uses
P00336,I00002,uses
P00336,I00005,uses
P00337,I00002,uses
P00337,I00001,uses
P00338,I00002,uses
P00338,I00005,uses
P00339,I00002,uses
P00339,I00001,uses
P00340,I00002,uses
P00340,I00003,uses
P00341,I00002,uses
P00341,I00001,uses
P00342,I00002,uses
P00342,I00001,uses
P00343,I00002,uses
P00343,I00001,uses
P00343,I00003,uses
P00344,I00002,uses
P00344,I00005,uses
P00345,I00002,uses
P00345,I00003,uses
P00346,I00002,uses
P00346,I00005,uses
P00347,I00002,uses
P00347,I00001,uses
P00348,I00002,uses
P00348,I00003,uses
P00349,I00002,uses
P00349,I00005,uses
P00350,I00002,uses
P00350,I00001,uses
P00351,I00002,uses
P00351,I00005,uses
P00352,I00002,uses
P00352,I00005,uses
P00353,I00002,uses
P00353,I00005,uses
P00354,I00002,uses
P00354,I00001,uses
P00355,I00002,uses
P00355,I00001,uses
P00356,I00002,uses
P00356,I00001,uses
P00357,I00002,uses
P00357,I00005,uses
P00358,I00002,uses
P00358,I00005,uses
P00359,I00002,uses
P00359,I00005,uses
P00360,I00002,uses
P00360,I00005,uses
P00361,I00004,uses
P00361,I00002,uses
P00361,I00001,uses
P00362,I00002,uses
P00362,I00001,uses
P00363,I00002,uses
P00363,I00005,uses
P00364,I00002,uses
P00364,I00005,uses
P00365,I00002,uses
P00365,I00001,uses
P00365,I00005,uses
P00366,I00002,uses
P00366,I00005,uses
P00367,I00004,uses
P00368,I00004,uses
P00368,I00002,uses
P00368,I00001,uses
P00369,I00002,uses
P00369,I00005,uses
P00370,I00004,uses
P00371,I00002,uses
P00371,I00001,uses
P00372,I00002,uses
P00372,I00005,uses
P00373,I00004,uses
P00374,I00002,uses
P00374,I00009,uses
P00374,I00005,uses
P00374,I00003,uses
P00375,I00004,uses
P00376,I00002,uses
P00376,I00005,uses
P00376,I00003,uses
P00377,I00002,uses
P00377,I00001,uses
P00378,I00002,uses
P00378,I00005,uses
P00379,I00002,uses
P00379,I00001,uses
P00380,I00002,uses
P00380,I00001,uses
P00381,I00002,uses
P00381,I00001,uses
P00382,I00002,uses
P00382,I00005,uses
P00383,I00002,uses
P00383,I00005,uses
P00384,I00002,uses
P00384,I00005,uses
P00385,I00002,uses
P00385,I00005,uses
P00386,I00002,uses
P00386,I00005,uses
P00387,I00002,uses
P00387,I00001,uses
P00387,I00009,uses
P00388,I00002,uses
P00388,I00001,uses
P00389,I00002,uses
P00389,I00008,uses
P00389,I00005,uses
P00390,I00002,uses
P00390,I00005,uses
P00391,I00002,uses
P00391,I00001,uses
P00392,I00002,uses
P00392,I00005,uses
P00393,I00002,uses
P00393,I00005,uses
P00394,I00002,uses
P00394,I00001,uses
P00395,I00002,uses
P00395,I00001,uses
P00396,I00002,uses
P00396,I00001,uses
P00396,I00005,uses
P00397,I00002,uses
P00397,I00005,uses
P00398,I00002,uses
P00398,I00005,uses
P00399,I00002,uses
P00400,I00002,uses
P00400,I00001,uses
P00401,I00002,uses
P00401,I00001,uses
P00402,I00002,uses
P00402,I00001,uses
P00402,I00009,uses
P00403,I00002,uses
P00403,I00005,uses
P00404,I00002,uses
P00404,I00005,uses
P00405,I00002,uses
P00405,I00001,uses
P00406,I00002,uses
P00406,I00001,uses
P00406,I00003,uses
P00407,I00002,uses
P00407,I00001,uses
P00407,I00003,uses
P00408,I00002,uses
P00408,I00001,uses
P00409,I00002,uses
P00409,I00001,uses
P00410,I00002,uses
P00410,I00005,uses
P00411,I00002,uses
P00411,I00001,uses
P00412,I00002,uses
P00412,I00001,uses
P00413,I00002,uses
P00413,I00003,uses
P00414,I00002,uses
P00415,I00002,uses
P00415,I00001,uses
P00415,I00003,uses
P00416,I00002,uses
P00416,I00001,uses
P00417,I00002,uses
P00417,I00005,uses
P00418,I00002,uses
P00418,I00003,uses
P00419,I00002,uses
P00419,I00005,uses
P00420,I00002,uses
P00420,I00005,uses
P00421,I00002,uses
P00421,I00005,uses
P00422,I00002,uses
P00422,I00005,uses
P00423,I00002,uses
P00423,I00009,uses
P00424,I00002,uses
P00424,I00005,uses
P00425,I00002,uses
P00425,I00001,uses
P00426,I00002,uses
P00426,I00005,uses
P00427,I00002,uses
P00427,I00005,uses
P00428,I00002,uses
P00428,I00005,uses
P00429,I00002,uses
P00429,I00001,uses
P00430,I00002,uses
P00430,I00005,uses
P00431,I00002,uses
P00431,I00001,uses
P00431,I00003,uses
P00432,I00002,uses
P00432,I00001,uses
P00432,I00008,uses
P00433,I00002,uses
P00433,I00001,uses
P00434,I00002,uses
P00434,I00001,uses
P00435,I00002,uses
P00435,I00001,uses
P00436,I00002,uses
P00436,I00005,uses
P00437,I00002,uses
P00437,I00003,uses
P00438,I00002,uses
P00438,I00001,uses
P00438,I00009,uses
P00439,I00002,uses
P00439,I00011,uses
P00439,I00005,uses
P00439,I00003,uses
P00440,I00002,uses
P00440,I00005,uses
P00441,I00002,uses
P00441,I00005,uses
P00442,I00002,uses
P00442,I00005,uses
P00443,I00002,uses
P00443,I00001,uses
P00443,I00003,uses
P00444,I00002,uses
P00444,I00005,uses
P00445,I00002,uses
P00445,I00005,uses
P00446,I00002,uses
P00446,I00008,uses
P00447,I00004,uses
P00448,I00002,uses
P00448,I00005,uses
P00449,I00002,uses
P00449,I00005,uses
P00450,I00002,uses
P00450,I00001,uses
P00451,I00002,uses
P00451,I00001,uses
P00452,I00002,uses
P00452,I00001,uses
P00453,I00002,uses
P00453,I00001,uses
P00454,I00002,uses
P00454,I00005,uses
P00455,I00002,uses
P00455,I00001,uses
P00456,I00002,uses
P00456,I00003,uses
P00457,I00002,uses
P00457,I00005,uses
P00458,I00002,uses
P00458,I00001,uses
P00458,I00009,uses
P00459,I00002,uses
P00459,I00001,uses
P00460,I00002,uses
P00460,I00005,uses
P00461,I00002,uses
P00461,I00001,uses
P00462,I00002,uses
P00462,I00001,uses
P00463,I00002,uses
P00463,I00001,uses
P00464,I00002,uses
P00464,I00001,uses
P00465,I00002,uses
P00465,I00001,uses
P00466,I00002,uses
P00466,I00005,uses
P00467,I00007,uses
P00468,I00002,uses
P00468,I00003,uses
P00469,I00002,uses
P00469,I00001,uses
P00469,I00008,uses
P00470,I00002,uses
P00470,I00005,uses
P00471,I00002,uses
P00471,I00005,uses
P00472,I00002,uses
P00472,I00001,uses
P00473,I00002,uses
P00473,I00001,uses
P00474,I00004,uses
P00475,I00002,uses
P00475,I00001,uses
P00476,I00002,uses
P00476,I00005,uses
P00477,I00002,uses
P00477,I00005,uses
P00478,I00002,uses
P00478,I00005,uses
P00479,I00002,uses
P00479,I00001,uses
P00480,I00002,uses
P00480,I00005,uses
P00481,I00002,uses
P00481,I00001,uses
P00482,I00002,uses
P00482,I00005,uses
P00483,I00002,uses
P00483,I00008,uses
P00484,I00002,uses
P00484,I00005,uses
P00485,I00002,uses
P00485,I00005,uses
P00486,I00002,uses
P00486,I00001,uses
P00487,I00004,uses
P00488,I00002,uses
P00488,I00005,uses
P00489,I00002,uses
P00489,I00001,uses
P00490,I00002,uses
P00490,I00001,uses
P00490,I00005,uses
P00491,I00002,uses
P00491,I00001,uses
P00492,I00002,uses
P00492,I00001,uses
P00493,I00002,uses
P00493,I00003,uses
P00494,I00002,uses
P00494,I00001,uses
P00495,I00002,uses
P00495,I00001,uses
P00495,I00003,uses
P00496,I00002,uses
P00496,I00005,uses
P00497,I00002,uses
P00497,I00001,uses
P00498,I00007,uses
P00498,I00002,uses
P00498,I00001,uses
P00499,I00002,uses
P00499,I00005,uses
P00500,I00002,uses
P00500,I00005,uses
P00501,I00002,uses
P00501,I00001,uses
P00501,I00005,uses
P00502,I00002,uses
P00502,I00009,uses
P00503,I00004,uses
P00504,I00002,uses
P00504,I00005,uses
P00505,I00004,uses
P00506,I00002,uses
P00506,I00005,uses
P00507,I00002,uses
P00507,I00003,uses
P00508,I00002,uses
P00508,I00005,uses
P00509,I00002,uses
P00509,I00005,uses
P00510,I00007,uses
P00510,I00002,uses
P00510,I00011,uses
P00511,I00002,uses
P00511,I00008,uses
P00512,I00002,uses
P00512,I00001,uses
P00513,I00002,uses
P00514,I00002,uses
P00514,I00005,uses
P00515,I00002,uses
P00515,I00005,uses
P00516,I00002,uses
P00516,I00005,uses
P00516,I00003,uses
P00517,I00002,uses
P00517,I00001,uses
P00518,I00002,uses
P00518,I00001,uses
P00518,I00003,uses
P00519,I00002,uses
P00519,I00005,uses
P00520,I00002,uses
P00520,I00005,uses
P00520,I00003,uses
P00521,I00002,uses
P00521,I00001,uses
P00521,I00009,uses
P00521,I00003,uses
P00522,I00002,uses
P00522,I00001,uses
P00523,I00002,uses
P00523,I00001,uses
P00524,I00002,uses
P00524,I00005,uses
P00525,I00002,uses
P00525,I00001,uses
P00525,I00009,uses
P00525,I00005,uses
P00526,I00002,uses
P00526,I00001,uses
P00527,I00002,uses
P00527,I00005,uses
P00528,I00002,uses
P00528,I00001,uses
P00529,I00002,uses
P00529,I00005,uses
P00530,I00007,uses
P00531,I00002,uses
P00531,I00003,uses
P00532,I00002,uses
P00532,I00005,uses
P00533,I00002,uses
P00533,I00005,uses
P00534,I00002,uses
P00534,I00001,uses
P00534,I00005,uses
P00535,I00002,uses
P00535,I00005,uses
P00536,I00002,uses
P00536,I00001,uses
P00536,I00005,uses
P00537,I00002,uses
P00537,I00001,uses
P00538,I00002,uses
P00538,I00005,uses
P00539,I00002,uses
P00539,I00005,uses
P00540,I00002,uses
P00540,I00005,uses
P00541,I00002,uses
P00541,I00001,uses
P00542,I00002,uses
P00542,I00001,uses
P00543,I00002,uses
P00543,I00005,uses
P00544,I00002,uses
P00544,I00005,uses
P00545,I00002,uses
P00545,I00005,uses
P00546,I00002,uses
P00546,I00001,uses
P00547,I00002,uses
P00547,I00011,uses
P00548,I00002,uses
P00548,I00005,uses
P00549,I00002,uses
P00549,I00001,uses
P00550,I00002,uses
P00551,I00002,uses
P00551,I00005,uses
P00552,I00002,uses
P00552,I00005,uses
P00553,I00006,uses
P00553,I00002,uses
P00554,I00002,uses
P00554,I00001,uses
P00555,I00002,uses
P00555,I00001,uses
P00556,I00002,uses
P00556,I00001,uses
P00557,I00002,uses
P00557,I00003,uses
P00558,I00002,uses
P00558,I00003,uses
P00559,I00002,uses
P00559,I00005,uses
P00560,I00002,uses
P00560,I00005,uses
P00561,I00002,uses
P00562,I00002,uses
P00563,I00002,uses
P00564,I00002,uses
P00564,I00005,uses
P00565,I00002,uses
P00565,I00001,uses
P00566,I00002,uses
P00566,I00001,uses
P00567,I00002,uses
P00567,I00005,uses
P00568,I00002,uses
P00568,I00001,uses
P00569,I00002,uses
P00569,I00005,uses
P00570,I00002,uses
P00570,I00001,uses
P00571,I00002,uses
P00571,I00011,uses
P00572,I00002,uses
P00572,I00005,uses
P00573,I00002,uses
P00573,I00001,uses
P00574,I00002,uses
P00574,I00005,uses
P00575,I00002,uses
P00575,I00005,uses
P00576,I00002,uses
P00576,I00005,uses
P00577,I00002,uses
P00577,I00005,uses
P00578,I00002,uses
P00578,I00001,uses
P00579,I00002,uses
P00579,I00008,uses
P00580,I00002,uses
P00580,I00003,uses
P00581,I00002,uses
P00581,I00001,uses
P00581,I00003,uses
P00582,I00002,uses
P00582,I00003,uses
P00583,I00004,uses
P00584,I00002,uses
P00584,I00005,uses
P00585,I00002,uses
P00585,I00005,uses
P00586,I00007,uses
P00587,I00004,uses
P00588,I00002,uses
P00588,I00001,uses
P00589,I00002,uses
P00589,I00003,uses
P00590,I00002,uses
P00590,I00001,uses
P00591,I00002,uses
P00591,I00003,uses
P00592,I00002,uses
P00592,I00001,uses
P00593,I00002,uses
P00593,I00003,uses
P00594,I00002,uses
P00594,I00005,uses
P00595,I00002,uses
P00595,I00005,uses
P00596,I00002,uses
P00596,I00001,uses
P00597,I00002,uses
P00597,I00001,uses
P00597,I00005,uses
P00598,I00007,uses
P00598,I00002,uses
P00598,I00001,uses
P00599,I00002,uses
P00599,I00001,uses
P00600,I00002,uses
P00600,I00005,uses
P00601,I00007,uses
P00601,I00002,uses
P00601,I00001,uses
P00602,I00002,uses
P00602,I00001,uses
P00603,I00002,uses
P00603,I00005,uses
P00604,I00002,uses
P00604,I00005,uses
P00605,I00002,uses
P00605,I00005,uses
P00606,I00004,uses
P00606,I00002,uses
P00606,I00001,uses
P00607,I00002,uses
P00607,I00001,uses
P00608,I00002,uses
P00608,I00001,uses
P00609,I00002,uses
P00610,I00002,uses
P00610,I00001,uses
P00611,I00002,uses
P00611,I00001,uses
P00612,I00002,uses
P00612,I00005,uses
P00613,I00004,uses
P00614,I00002,uses
P00614,I00005,uses
P00615,I00002,uses
P00615,I00005,uses
P00616,I00002,uses
P00616,I00005,uses
P00617,I00002,uses
P00617,I00001,uses
P00618,I00002,uses
P00618,I00005,uses
P00619,I00002,uses
P00619,I00001,uses
P00620,I00002,uses
P00620,I00001,uses
P00621,I00002,uses
P00621,I00001,uses
P00621,I00011,uses
P00622,I00002,uses
P00622,I00003,uses
P00623,I00002,uses
P00623,I00001,uses
P00623,I00008,uses
P00624,I00002,uses
P00624,I00005,uses
P00625,I00002,uses
P00625,I00005,uses
P00626,I00002,uses
P00626,I00001,uses
P00627,I00004,uses
P00628,I00002,uses
P00628,I00001,uses
P00629,I00002,uses
P00629,I00001,uses
P00630,I00002,uses
P00630,I00008,uses
P00631,I00002,uses
P00631,I00005,uses
P00632,I00002,uses
P00632,I00001,uses
P00633,I00002,uses
P00633,I00001,uses
P00634,I00002,uses
P00634,I00001,uses
P00635,I00002,uses
P00635,I00005,uses
P00636,I00002,uses
P00636,I00003,uses
P00637,I00002,uses
P00637,I00001,uses
P00637,I00003,uses
P00638,I00002,uses
P00638,I00008,uses
P00639,I00002,uses
P00639,I00003,uses
P00640,I00002,uses
P00640,I00001,uses
P00641,I00002,uses
P00642,I00002,uses
P00642,I00011,uses
P00643,I00002,uses
P00643,I00001,uses
P00644,I00002,uses
P00644,I00005,uses
P00645,I00002,uses
P00645,I00005,uses
P00646,I00002,uses
P00646,I00001,uses
P00647,I00002,uses
P00647,I00003,uses
P00648,I00004,uses
P00649,I00004,uses
P00649,I00002,uses
P00649,I00001,uses
P00650,I00004,uses
P00651,I00002,uses
P00651,I00001,uses
P00651,I00009,uses
P00652,I00002,uses
P00652,I00001,uses
P00652,I00011,uses
P00652,I00003,uses
P00653,I00002,uses
P00653,I00003,uses
P00654,I00002,uses
P00654,I00005,uses
P00655,I00002,uses
P00655,I00005,uses
P00656,I00002,uses
P00656,I00001,uses
P00656,I00003,uses
P00657,I00002,uses
P00657,I00001,uses
P00658,I00006,uses
P00658,I00002,uses
P00659,I00002,uses
P00659,I00005,uses
P00660,I00002,uses
P00660,I00005,uses
P00661,I00002,uses
P00661,I00005,uses
P00662,I00002,uses
P00662,I00005,uses
P00663,I00002,uses
P00663,I00005,uses
P00664,I00002,uses
P00664,I00003,uses
P00665,I00002,uses
P00665,I00005,uses
P00666,I00002,uses
P00666,I00005,uses
P00667,I00002,uses
P00667,I00003,uses
P00668,I00002,uses
P00668,I00005,uses
P00669,I00002,uses
P00669,I00005,uses
P00670,I00002,uses
P00670,I00001,uses
P00671,I00002,uses
P00671,I00003,uses
P00672,I00002,uses
P00672,I00001,uses
P00672,I00005,uses
P00673,I00002,uses
P00673,I00003,uses
P00674,I00002,uses
P00674,I00003,uses
P00675,I00002,uses
P00675,I00001,uses
P00676,I00002,uses
P00676,I00008,uses
P00677,I00002,uses
P00677,I00003,uses
P00678,I00002,uses
P00678,I00001,uses
P00678,I00005,uses
P00678,I00003,uses
P00679,I00002,uses
P00679,I00001,uses
P00680,I00002,uses
P00680,I00005,uses
P00681,I00002,uses
P00681,I00001,uses
P00681,I00011,uses
P00682,I00002,uses
P00682,I00005,uses
P00683,I00002,uses
P00683,I00005,uses
P00684,I00002,uses
P00684,I00005,uses
P00685,I00002,uses
P00685,I00001,uses
P00685,I00005,uses
P00686,I00002,uses
P00686,I00005,uses
P00687,I00002,uses
P00687,I00001,uses
P00687,I00005,uses
P00688,I00004,uses
P00689,I00002,uses
P00689,I00005,uses
P00690,I00002,uses
P00690,I00001,uses
P00691,I00004,uses
P00692,I00002,uses
P00692,I00001,uses
P00692,I00003,uses
P00693,I00002,uses
P00693,I00001,uses
P00694,I00002,uses
P00694,I00003,uses
P00695,I00002,uses
P00695,I00001,uses
P00695,I00003,uses
P00696,I00002,uses
P00696,I00001,uses
P00696,I00003,uses
P00697,I00002,uses
P00697,I00005,uses
P00698,I00002,uses
P00699,I00002,uses
P00700,I00002,uses
P00700,I00009,uses
P00700,I00003,uses
P00701,I00002,uses
P00701,I00005,uses
P00702,I00002,uses
P00702,I00003,uses
P00703,I00002,uses
P00703,I00005,uses
P00704,I00002,uses
P00704,I00005,uses
P00705,I00002,uses
P00705,I00005,uses
P00706,I00002,uses
P00706,I00005,uses
P00707,I00002,uses
P00707,I00005,uses
P00708,I00002,uses
P00708,I00001,uses
P00709,I00002,uses
P00709,I00001,uses
P00710,I00002,uses
P00710,I00005,uses
P00711,I00004,uses
P00712,I00004,uses
P00713,I00002,uses
P00713,I00001,uses
P00714,I00004,uses
P00714,I00002,uses
P00714,I00001,uses
P00715,I00004,uses
P00715,I00002,uses
P00715,I00001,uses
P00716,I00002,uses
P00716,I00003,uses
P00717,I00002,uses
P00717,I00003,uses
P00718,I00002,uses
P00718,I00005,uses
P00719,I00002,uses
P00719,I00001,uses
P00719,I00005,uses
P00720,I00002,uses
P00720,I00001,uses
P00721,I00002,uses
P00721,I00005,uses
P00722,I00007,uses
P00723,I00004,uses
P00724,I00002,uses
P00724,I00005,uses
P00725,I00002,uses
P00725,I00008,uses
P00726,I00002,uses
P00726,I00005,uses
P00727,I00004,uses
P00728,I00002,uses
P00728,I00001,uses
P00729,I00007,uses
P00730,I00002,uses
P00730,I00001,uses
P00730,I00011,uses
P00731,I00002,uses
P00731,I00003,uses
P00732,I00006,uses
P00732,I00002,uses
P00733,I00002,uses
P00733,I00005,uses
P00734,I00002,uses
P00734,I00003,uses
P00735,I00002,uses
P00735,I00001,uses
P00736,I00002,uses
P00736,I00005,uses
P00737,I00002,uses
P00737,I00001,uses
P00737,I00003,uses
P00738,I00002,uses
P00738,I00001,uses
P00739,I00002,uses
P00739,I00001,uses
P00740,I00004,uses
P00740,I00002,uses
P00740,I00001,uses
P00740,I00003,uses
P00741,I00002,uses
P00741,I00001,uses
P00742,I00002,uses
P00742,I00005,uses
P00743,I00002,uses
P00743,I00001,uses
P00744,I00002,uses
P00744,I00001,uses
P00744,I00003,uses
P00745,I00007,uses
P00745,I00002,uses
P00745,I00001,uses
P00746,I00002,uses
P00746,I00001,uses
P00747,I00002,uses
P00747,I00005,uses
P00748,I00002,uses
P00748,I00001,uses
P00749,I00002,uses
P00749,I00001,uses
P00750,I00002,uses
P00750,I00001,uses
P00750,I00011,uses
P00751,I00002,uses
P00751,I00001,uses
P00752,I00002,uses
P00752,I00001,uses
P00753,I00002,uses
P00753,I00001,uses
P00754,I00002,uses
P00754,I00008,uses
P00755,I00002,uses
P00755,I00001,uses
P00756,I00007,uses
P00756,I00002,uses
P00756,I00001,uses
P00757,I00002,uses
P00757,I00001,uses
P00758,I00002,uses
P00758,I00001,uses
P00758,I00003,uses
P00759,I00002,uses
P00759,I00001,uses
P00759,I00005,uses
P00759,I00003,uses
P00760,I00002,uses
P00760,I00003,uses
P00761,I00002,uses
P00761,I00001,uses
P00762,I00002,uses
P00762,I00001,uses
P00762,I00003,uses
P00763,I00002,uses
P00763,I00001,uses
P00763,I00003,uses
P00764,I00002,uses
P00764,I00005,uses
P00765,I00002,uses
P00765,I00005,uses
P00766,I00002,uses
P00766,I00001,uses
P00767,I00004,uses
P00768,I00002,uses
P00768,I00003,uses
P00769,I00002,uses
P00769,I00001,uses
P00770,I00002,uses
P00770,I00005,uses
P00771,I00002,uses
P00771,I00005,uses
P00772,I00002,uses
P00772,I00003,uses
P00773,I00002,uses
P00773,I00005,uses
P00774,I00002,uses
P00774,I00001,uses
P00774,I00009,uses
P00774,I00011,uses
P00774,I00003,uses
P00775,I00004,uses
P00776,I00002,uses
P00776,I00001,uses
P00777,I00002,uses
P00777,I00003,uses
P00778,I00002,uses
P00778,I00010,uses
P00779,I00002,uses
P00779,I00003,uses
P00780,I00002,uses
P00780,I00001,uses
P00781,I00002,uses
P00781,I00005,uses
P00782,I00002,uses
P00782,I00005,uses
P00783,I00002,uses
P00783,I00003,uses
P00784,I00002,uses
P00784,I00001,uses
P00784,I00009,uses
P00785,I00002,uses
P00785,I00001,uses
P00786,I00004,uses
P00786,I00002,uses
P00786,I00001,uses
P00787,I00002,uses
P00787,I00003,uses
P00788,I00002,uses
P00788,I00001,uses
P00788,I00008,uses
P00789,I00002,uses
P00789,I00001,uses
P00790,I00002,uses
P00790,I00005,uses
P00791,I00007,uses
P00791,I00002,uses
P00791,I00003,uses
P00792,I00002,uses
P00792,I00005,uses
P00793,I00002,uses
P00793,I00001,uses
P00793,I00011,uses
P00794,I00002,uses
P00794,I00001,uses
P00795,I00002,uses
P00795,I00005,uses
P00796,I00002,uses
P00796,I00001,uses
P00797,I00002,uses
P00797,I00001,uses
P00798,I00002,uses
P00798,I00008,uses
P00799,I00002,uses
P00799,I00001,uses
P00800,I00002,uses
P00800,I00005,uses
P00801,I00002,uses
P00801,I00003,uses
P00802,I00002,uses
P00802,I00001,uses
P00803,I00002,uses
P00803,I00008,uses
P00804,I00004,uses
P00804,I00002,uses
P00804,I00001,uses
P00805,I00002,uses
P00805,I00001,uses
P00806,I00002,uses
P00806,I00005,uses
P00807,I00004,uses
P00808,I00002,uses
P00808,I00005,uses
P00809,I00002,uses
P00809,I00005,uses
P00810,I00002,uses
P00810,I00001,uses
P00811,I00007,uses
P00811,I00002,uses
P00811,I00001,uses
P00811,I00009,uses
P00812,I00002,uses
P00812,I00001,uses
P00813,I00002,uses
P00813,I00003,uses
P00814,I00002,uses
P00814,I00005,uses
P00815,I00002,uses
P00816,I00002,uses
P00816,I00001,uses
P00817,I00002,uses
P00817,I00001,uses
P00818,I00002,uses
P00818,I00010,uses
P00819,I00002,uses
P00819,I00001,uses
P00819,I00003,uses
P00820,I00002,uses
P00820,I00005,uses
P00821,I00002,uses
P00821,I00001,uses
P00822,I00002,uses
P00822,I00005,uses
P00822,I00003,uses
P00823,I00002,uses
P00823,I00001,uses
P00824,I00002,uses
P00824,I00001,uses
P00825,I00002,uses
P00825,I00001,uses
P00825,I00003,uses
P00826,I00002,uses
P00826,I00001,uses
P00827,I00002,uses
P00827,I00001,uses
P00828,I00002,uses
P00829,I00002,uses
P00829,I00001,uses
P00830,I00002,uses
P00830,I00005,uses
P00831,I00002,uses
P00831,I00001,uses
P00832,I00004,uses
P00833,I00002,uses
P00833,I00005,uses
P00834,I00002,uses
P00834,I00001,uses
P00835,I00002,uses
P00836,I00002,uses
P00836,I00005,uses
P00837,I00002,uses
P00837,I00001,uses
P00838,I00002,uses
P00838,I00001,uses
P00839,I00002,uses
P00839,I00001,uses
P00840,I00002,uses
P00840,I00005,uses
P00841,I00002,uses
P00841,I00003,uses
P00842,I00002,uses
P00842,I00001,uses
P00843,I00002,uses
P00843,I00005,uses
P00844,I00002,uses
P00844,I00003,uses
P00845,I00002,uses
P00845,I00001,uses
P00846,I00002,uses
P00846,I00003,uses
P00847,I00002,uses
P00847,I00001,uses
P00848,I00002,uses
P00849,I00002,uses
P00849,I00005,uses
P00850,I00002,uses
P00850,I00011,uses
P00851,I00002,uses
P00851,I00001,uses
P00852,I00002,uses
P00852,I00005,uses
P00853,I00002,uses
P00853,I00001,uses
P00854,I00002,uses
P00855,I00002,uses
P00855,I00001,uses
P00856,I00002,uses
P00856,I00001,uses
P00857,I00002,uses
P00857,I00003,uses
P00858,I00002,uses
P00858,I00005,uses
P00859,I00002,uses
P00859,I00003,uses
P00860,I00002,uses
P00861,I00002,uses
P00861,I00001,uses
P00861,I00003,uses
P00862,I00004,uses
P00863,I00002,uses
P00863,I00003,uses
P00864,I00002,uses
P00864,I00001,uses
P00865,I00002,uses
P00865,I00003,uses
P00866,I00002,uses
P00866,I00003,uses
P00867,I00002,uses
P00867,I00005,uses
P00868,I00002,uses
P00868,I00005,uses
P00869,I00002,uses
P00870,I00002,uses
P00870,I00001,uses
P00871,I00002,uses
P00871,I00008,uses
P00872,I00002,uses
P00872,I00001,uses
P00873,I00002,uses
P00873,I00001,uses
P00874,I00002,uses
P00874,I00005,uses
P00875,I00002,uses
P00875,I00001,uses
P00876,I00002,uses
P00876,I00005,uses
P00877,I00002,uses
P00877,I00001,uses
P00877,I00005,uses
P00878,I00002,uses
P00878,I00001,uses
P00879,I00002,uses
P00879,I00011,uses
P00880,I00002,uses
P00880,I00003,uses
P00881,I00002,uses
P00881,I00011,uses
P00882,I00002,uses
P00882,I00005,uses
P00883,I00002,uses
P00883,I00001,uses
P00884,I00002,uses
P00884,I00003,uses
P00885,I00007,uses
P00886,I00002,uses
P00886,I00001,uses
P00887,I00002,uses
P00887,I00005,uses
P00888,I00002,uses
P00888,I00001,uses
P00889,I00002,uses
P00889,I00001,uses
P00890,I00007,uses
P00891,I00007,uses
P00892,I00002,uses
P00892,I00001,uses
P00892,I00003,uses
P00893,I00002,uses
P00893,I00005,uses
P00894,I00002,uses
P00894,I00001,uses
P00895,I00002,uses
P00895,I00005,uses
P00896,I00002,uses
P00896,I00003,uses
P00897,I00004,uses
P00897,I00002,uses
P00897,I00001,uses
P00898,I00002,uses
P00898,I00001,uses
P00898,I00003,uses
P00899,I00002,uses
P00899,I00001,uses
P00899,I00005,uses
P00900,I00002,uses
P00900,I00005,uses
P00901,I00002,uses
P00901,I00001,uses
P00901,I00005,uses
P00902,I00002,uses
P00902,I00005,uses
P00903,I00002,uses
P00903,I00005,uses
P00904,I00002,uses
P00904,I00001,uses
P00905,I00002,uses
P00905,I00003,uses
P00906,I00002,uses
P00906,I00005,uses
P00907,I00004,uses
P00908,I00002,uses
P00908,I00001,uses
P00909,I00002,uses
P00909,I00005,uses
P00910,I00002,uses
P00910,I00005,uses
P00911,I00002,uses
P00911,I00005,uses
P00912,I00002,uses
P00912,I00005,uses
P00913,I00007,uses
P00913,I00002,uses
P00913,I00001,uses
P00913,I00003,uses
P00914,I00002,uses
P00914,I00003,uses
P00915,I00002,uses
P00915,I00001,uses
P00916,I00004,uses
P00916,I00002,uses
P00916,I00001,uses
P00916,I00003,uses
P00917,I00002,uses
P00917,I00003,uses
P00918,I00004,uses
P00918,I00002,uses
P00918,I00001,uses
P00919,I00002,uses
P00919,I00001,uses
P00920,I00002,uses
P00920,I00001,uses
P00921,I00002,uses
P00921,I00001,uses
P00922,I00002,uses
P00922,I00001,uses
P00922,I00003,uses
P00923,I00002,uses
P00923,I00003,uses
P00924,I00007,uses
P00925,I00002,uses
P00925,I00001,uses
P00925,I00008,uses
P00926,I00002,uses
P00927,I00007,uses
P00928,I00002,uses
P00928,I00005,uses
P00929,I00002,uses
P00929,I00005,uses
P00930,I00002,uses
P00930,I00003,uses
P00931,I00002,uses
P00931,I00001,uses
P00932,I00006,uses
P00932,I00002,uses
P00932,I00001,uses
P00933,I00002,uses
P00933,I00001,uses
P00934,I00002,uses
P00934,I00001,uses
P00935,I00004,uses
P00936,I00002,uses
P00936,I00001,uses
P00936,I00008,uses
P00937,I00002,uses
P00937,I00003,uses
P00938,I00002,uses
P00938,I00001,uses
P00939,I00002,uses
P00939,I00005,uses
P00940,I00002,uses
P00940,I00008,uses
P00941,I00002,uses
P00941,I00001,uses
P00942,I00002,uses
P00942,I00003,uses
P00943,I00002,uses
P00943,I00001,uses
P00944,I00002,uses
P00945,I00002,uses
P00945,I00010,uses
P00946,I00004,uses
P00946,I00002,uses
P00946,I00001,uses
P00946,I00008,uses
P00947,I00002,uses
P00947,I00001,uses
P00948,I00007,uses
P00949,I00002,uses
P00949,I00005,uses
P00950,I00002,uses
P00950,I00005,uses
P00951,I00002,uses
P00951,I00001,uses
P00952,I00002,uses
P00952,I00001,uses
P00953,I00002,uses
P00953,I00001,uses
P00954,I00002,uses
P00954,I00005,uses
P00955,I00002,uses
P00955,I00005,uses
P00956,I00002,uses
P00956,I00001,uses
P00957,I00002,uses
P00957,I00005,uses
P00958,I00002,uses
P00958,I00001,uses
P00959,I00002,uses
P00959,I00001,uses
P00960,I00002,uses
P00960,I00005,uses
P00961,I00002,uses
P00961,I00001,uses
P00962,I00002,uses
P00962,I00005,uses
P00963,I00002,uses
P00963,I00005,uses
P00964,I00002,uses
P00964,I00001,uses
P00965,I00002,uses
P00965,I00001,uses
P00965,I00011,uses
P00966,I00002,uses
P00966,I00001,uses
P00966,I00003,uses
P00967,I00002,uses
P00967,I00001,uses
P00967,I00008,uses
P00968,I00004,uses
P00968,I00002,uses
P00968,I00001,uses
P00968,I00003,uses
P00969,I00002,uses
P00969,I00005,uses
P00970,I00002,uses
P00970,I00005,uses
P00971,I00002,uses
P00972,I00002,uses
P00972,I00003,uses
P00973,I00002,uses
P00973,I00005,uses
P00974,I00002,uses
P00974,I00005,uses
P00975,I00002,uses
P00975,I00005,uses
P00976,I00002,uses
P00976,I00001,uses
P00976,I00005,uses
P00977,I00002,uses
P00977,I00001,uses
P00978,I00004,uses
P00979,I00002,uses
P00979,I00005,uses
P00980,I00002,uses
P00980,I00001,uses
P00981,I00002,uses
P00981,I00001,uses
P00981,I00008,uses
P00982,I00002,uses
P00982,I00010,uses
P00983,I00002,uses
P00983,I00005,uses
P00984,I00002,uses
P00984,I00001,uses
P00985,I00002,uses
P00985,I00001,uses
P00986,I00002,uses
P00986,I00001,uses
P00987,I00002,uses
P00987,I00005,uses
P00988,I00002,uses
P00988,I00001,uses
P00989,I00002,uses
P00989,I00005,uses
P00990,I00002,uses
P00990,I00003,uses
P00991,I00002,uses
P00991,I00005,uses
P00992,I00002,uses
P00992,I00001,uses
P00993,I00002,uses
P00993,I00005,uses
P00994,I00002,uses
P00994,I00001,uses
P00995,I00002,uses
P00995,I00001,uses
P00996,I00002,uses
P00996,I00003,uses
P00997,I00004,uses
P00997,I00002,uses
P00997,I00001,uses
P00998,I00002,uses
P00998,I00001,uses
P00999,I00002,uses
P00999,I00001,uses
P00999,I00003,uses
P01000,I00002,uses
P01000,I00003,uses
P01001,I00002,uses
P01001,I00008,uses
P01002,I00002,uses
P01002,I00001,uses
P01003,I00007,uses
P01003,I00002,uses
P01003,I00011,uses
P01003,I00012,uses
P01003,I00003,uses
P01004,I00002,uses
P01004,I00011,uses
P01005,I00002,uses
P01005,I00001,uses
P01006,I00002,uses
P01006,I00011,uses
P01007,I00002,uses
P01007,I00005,uses
P01008,I00002,uses
P01008,I00001,uses
P01009,I00002,uses
P01009,I00005,uses
P01010,I00002,uses
P01011,I00002,uses
P01011,I00001,uses
P01012,I00002,uses
P01012,I00011,uses
P01012,I00003,uses
P01013,I00002,uses
P01013,I00005,uses
P01014,I00002,uses
P01014,I00005,uses
P01015,I00002,uses
P01015,I00001,uses
P01015,I00003,uses
P01016,I00002,uses
P01016,I00001,uses
P01017,I00002,uses
P01017,I00003,uses
P01018,I00002,uses
P01018,I00003,uses
P01019,I00002,uses
P01019,I00001,uses
P01020,I00002,uses
P01020,I00005,uses
P01021,I00002,uses
P01021,I00001,uses
P01022,I00002,uses
P01022,I00005,uses
P01023,I00002,uses
P01023,I00005,uses
P01024,I00002,uses
P01024,I00005,uses
P01025,I00002,uses
P01025,I00001,uses
P01026,I00002,uses
P01026,I00001,uses
P01027,I00002,uses
P01027,I00001,uses
P01028,I00002,uses
P01028,I00005,uses
P01029,I00002,uses
P01029,I00003,uses
P01030,I00002,uses
P01030,I00005,uses
P01031,I00002,uses
P01031,I00005,uses
P01032,I00002,uses
P01032,I00003,uses
P01033,I00002,uses
P01034,I00002,uses
P01035,I00002,uses
P01035,I00005,uses
P01036,I00002,uses
P01036,I00001,uses
P01037,I00002,uses
P01037,I00001,uses
P01038,I00002,uses
P01038,I00003,uses
P01039,I00002,uses
P01039,I00005,uses
P01040,I00002,uses
P01040,I00001,uses
P01041,I00007,uses
P01042,I00004,uses
P01043,I00002,uses
P01043,I00001,uses
P01043,I00003,uses
P01044,I00004,uses
P01045,I00002,uses
P01045,I00005,uses
P01046,I00002,uses
P01046,I00001,uses
P01047,I00002,uses
P01047,I00001,uses
P01048,I00004,uses
P01049,I00002,uses
P01049,I00003,uses
P01050,I00002,uses
P01050,I00001,uses
P01050,I00003,uses
P01051,I00007,uses
P01052,I00002,uses
P01052,I00001,uses
P01052,I00003,uses
P01053,I00002,uses
P01053,I00003,uses
P01054,I00002,uses
P01054,I00001,uses
P01055,I00002,uses
P01055,I00005,uses
P01056,I00002,uses
P01056,I00001,uses
P01057,I00002,uses
P01057,I00001,uses
P01058,I00002,uses
P01058,I00001,uses
P01059,I00004,uses
P01060,I00002,uses
P01060,I00001,uses
P01061,I00002,uses
P01062,I00002,uses
P01062,I00001,uses
P01062,I00008,uses
P01063,I00002,uses
P01063,I00010,uses
P01064,I00002,uses
P01064,I00001,uses
P01065,I00002,uses
P01065,I00005,uses
P01066,I00002,uses
P01066,I00005,uses
P01067,I00004,uses
P01067,I00002,uses
P01067,I00001,uses
P01068,I00002,uses
P01068,I00005,uses
P01069,I00002,uses
P01069,I00001,uses
P01070,I00002,uses
P01070,I00001,uses
P01071,I00004,uses
P01072,I00002,uses
P01072,I00005,uses
P01073,I00002,uses
P01073,I00001,uses
P01074,I00007,uses
P01075,I00002,uses
P01076,I00002,uses
P01076,I00005,uses
P01077,I00002,uses
P01077,I00001,uses
P01078,I00002,uses
P01078,I00003,uses
P01079,I00002,uses
P01079,I00005,uses
P01080,I00006,uses
P01080,I00002,uses
P01081,I00002,uses
P01081,I00001,uses
P01082,I00002,uses
P01082,I00005,uses
P01083,I00002,uses
P01083,I00010,uses
P01084,I00002,uses
P01084,I00001,uses
P01085,I00002,uses
P01085,I00001,uses
P01086,I00002,uses
P01086,I00001,uses
P01086,I00003,uses
P01087,I00007,uses
P01087,I00002,uses
P01087,I00001,uses
P01088,I00002,uses
P01088,I00005,uses
P01089,I00002,uses
P01089,I00005,uses
P01090,I00002,uses
P01090,I00001,uses
P01091,I00002,uses
P01091,I00001,uses
P01092,I00002,uses
P01092,I00001,uses
P01093,I00002,uses
P01093,I00001,uses
P01094,I00002,uses
P01094,I00005,uses
P01095,I00002,uses
P01095,I00005,uses
P01096,I00002,uses
P01096,I00005,uses
P01097,I00002,uses
P01097,I00003,uses
P01098,I00002,uses
P01098,I00001,uses
P01098,I00008,uses
P01099,I00002,uses
P01099,I00001,uses
P01100,I00004,uses
P01101,I00002,uses
P01101,I00001,uses
P01102,I00002,uses
P01102,I00011,uses
P01102,I00003,uses
P01103,I00002,uses
P01103,I00005,uses
P01104,I00002,uses
P01104,I00003,uses
P01105,I00002,uses
P01105,I00011,uses
P01105,I00003,uses
P01106,I00002,uses
P01106,I00003,uses
P01107,I00002,uses
P01107,I00001,uses
P01108,I00002,uses
P01108,I00008,uses
P01108,I00005,uses
P01109,I00002,uses
P01109,I00005,uses
P01110,I00002,uses
P01110,I00001,uses
P01110,I00008,uses
P01111,I00002,uses
P01111,I00001,uses
P01112,I00002,uses
P01112,I00001,uses
P01113,I00002,uses
P01113,I00009,uses
P01114,I00002,uses
P01114,I00005,uses
P01115,I00002,uses
P01115,I00001,uses
P01116,I00002,uses
P01116,I00005,uses
P01117,I00002,uses
P01117,I00005,uses
P01118,I00002,uses
P01118,I00001,uses
P01118,I00005,uses
P01119,I00002,uses
P01119,I00003,uses
P01120,I00006,uses
P01120,I00002,uses
P01120,I00001,uses
P01121,I00002,uses
P01121,I00001,uses
P01122,I00002,uses
P01122,I00005,uses
P01123,I00002,uses
P01124,I00002,uses
P01124,I00001,uses
P01125,I00002,uses
P01126,I00004,uses
P01127,I00007,uses
P01127,I00002,uses
P01127,I00001,uses
P01128,I00002,uses
P01128,I00005,uses
P01129,I00002,uses
P01129,I00005,uses
P01130,I00004,uses
P01131,I00002,uses
P01131,I00005,uses
P01132,I00002,uses
P01132,I00005,uses
P01133,I00002,uses
P01133,I00001,uses
P01134,I00002,uses
P01134,I00001,uses
P01135,I00002,uses
P01135,I00011,uses
P01135,I00003,uses
P01136,I00002,uses
P01136,I00005,uses
P01137,I00004,uses
P01138,I00002,uses
P01138,I00001,uses
P01138,I00003,uses
P01139,I00002,uses
P01139,I00005,uses
P01140,I00002,uses
P01140,I00005,uses
P01141,I00002,uses
P01141,I00003,uses
P01142,I00002,uses
P01142,I00005,uses
P01143,I00002,uses
P01143,I00005,uses
P01144,I00002,uses
P01144,I00005,uses
P01145,I00002,uses
P01145,I00005,uses
P01146,I00002,uses
P01146,I00003,uses
P01147,I00002,uses
P01147,I00003,uses
P01148,I00002,uses
P01149,I00002,uses
P01149,I00005,uses
P01150,I00002,uses
P01150,I00001,uses
P01150,I00003,uses
P01151,I00007,uses
P01152,I00002,uses
P01153,I00002,uses
P01154,I00002,uses
P01155,I00002,uses
P01155,I00005,uses
P01156,I00002,uses
P01156,I00001,uses
P01157,I00002,uses
P01157,I00001,uses
P01158,I00002,uses
P01158,I00003,uses
P01159,I00002,uses
P01159,I00003,uses
P01160,I00002,uses
P01160,I00001,uses
P01161,I00002,uses
P01161,I00005,uses
P01162,I00002,uses
P01162,I00003,uses
P01163,I00002,uses
P01163,I00005,uses
P01164,I00002,uses
P01164,I00001,uses
P01165,I00002,uses
P01165,I00001,uses
P01166,I00004,uses
P01167,I00002,uses
P01167,I00001,uses
P01167,I00003,uses
P01168,I00002,uses
P01168,I00001,uses
P01169,I00002,uses
P01169,I00001,uses
P01170,I00002,uses
P01170,I00001,uses
P01171,I00004,uses
P01172,I00002,uses
P01172,I00008,uses
P01173,I00002,uses
P01173,I00011,uses
P01174,I00002,uses
P01174,I00001,uses
P01175,I00002,uses
P01175,I00010,uses
P01176,I00002,uses
P01176,I00001,uses
P01177,I00002,uses
P01177,I00001,uses
P01178,I00002,uses
P01178,I00001,uses
P01179,I00002,uses
P01179,I00005,uses
P01180,I00004,uses
P01180,I00002,uses
P01180,I00001,uses
P01181,I00007,uses
P01182,I00002,uses
P01182,I00001,uses
P01183,I00002,uses
P01183,I00003,uses
P01184,I00002,uses
P01184,I00010,uses
P01185,I00002,uses
P01185,I00001,uses
P01186,I00002,uses
P01187,I00002,uses
P01187,I00001,uses
P01188,I00002,uses
P01188,I00005,uses
P01189,I00002,uses
P01190,I00002,uses
P01190,I00010,uses
P01191,I00002,uses
P01192,I00006,uses
P01192,I00002,uses
P01192,I00001,uses
P01193,I00006,uses
P01193,I00002,uses
P01193,I00001,uses
P01194,I00002,uses
P01194,I00001,uses
P01195,I00002,uses
P01195,I00001,uses
P01196,I00004,uses
P01197,I00002,uses
P01197,I00010,uses
P01197,I00011,uses
P01198,I00002,uses
P01198,I00003,uses
P01199,I00002,uses
P01199,I00001,uses
P01200,I00002,uses
P01200,I00005,uses
P01201,I00007,uses
P01202,I00002,uses
P01202,I00005,uses
P01203,I00004,uses
P01203,I00002,uses
P01203,I00001,uses
P01203,I00003,uses
P01204,I00002,uses
P01204,I00005,uses
P01205,I00002,uses
P01205,I00001,uses
P01206,I00002,uses
P01206,I00010,uses
P01207,I00002,uses
P01207,I00005,uses
P01208,I00002,uses
P01208,I00005,uses
P01209,I00002,uses
P01210,I00002,uses
P01210,I00005,uses
P01211,I00004,uses
P01211,I00002,uses
P01211,I00001,uses
P01212,I00002,uses
P01212,I00009,uses
P01213,I00002,uses
P01213,I00008,uses
P01214,I00002,uses
P01214,I00001,uses
P01215,I00002,uses
P01215,I00005,uses
P01216,I00002,uses
P01216,I00003,uses
P01217,I00004,uses
P01217,I00002,uses
P01217,I00001,uses
P01218,I00002,uses
P01218,I00001,uses
P01219,I00002,uses
P01220,I00002,uses
P01220,I00005,uses
P01221,I00002,uses
P01221,I00005,uses
P01222,I00002,uses
P01222,I00005,uses
P01223,I00002,uses
P01223,I00003,uses
P01224,I00002,uses
P01224,I00003,uses
P01225,I00002,uses
P01225,I00003,uses
P01226,I00002,uses
P01226,I00001,uses
P01227,I00002,uses
P01227,I00003,uses
P01228,I00002,uses
P01228,I00001,uses
P01228,I00005,uses
P01229,I00002,uses
P01229,I00010,uses
P01229,I00001,uses
P01229,I00011,uses
P01230,I00002,uses
P01230,I00001,uses
P01230,I00008,uses
P01231,I00002,uses
P01231,I00001,uses
P01232,I00002,uses
P01232,I00010,uses
P01232,I00001,uses
P01232,I00011,uses
P01233,I00002,uses
P01233,I00001,uses
P01234,I00004,uses
P01235,I00002,uses
P01235,I00001,uses
P01235,I00005,uses
P01236,I00002,uses
P01236,I00010,uses
P01236,I00001,uses
P01236,I00008,uses
P01236,I00011,uses
P01236,I00003,uses
P01237,I00002,uses
P01237,I00005,uses
P01238,I00007,uses
P01239,I00007,uses
P01239,I00002,uses
P01239,I00003,uses
P01240,I00002,uses
P01240,I00001,uses
P01241,I00002,uses
P01241,I00001,uses
P01242,I00002,uses
P01242,I00010,uses
P01243,I00002,uses
P01243,I00001,uses
P01244,I00002,uses
P01245,I00002,uses
P01245,I00001,uses
P01246,I00002,uses
P01246,I00001,uses
P01247,I00002,uses
P01247,I00001,uses
P01248,I00002,uses
P01248,I00005,uses
P01249,I00002,uses
P01249,I00001,uses
P01249,I00003,uses
P01250,I00002,uses
P01250,I00001,uses
P01250,I00011,uses
P01251,I00002,uses
P01251,I00005,uses
P01252,I00002,uses
P01252,I00003,uses
P01253,I00002,uses
P01253,I00005,uses
P01254,I00002,uses
P01254,I00001,uses
P01255,I00002,uses
P01255,I00001,uses
P01256,I00002,uses
P01256,I00003,uses
P01257,I00002,uses
P01257,I00001,uses
P01258,I00007,uses
P01259,I00002,uses
P01259,I00001,uses
P01260,I00002,uses
P01260,I00001,uses
P01260,I00003,uses
P01261,I00002,uses
P01262,I00002,uses
P01262,I00001,uses
P01263,I00002,uses
P01263,I00005,uses
P01264,I00002,uses
P01264,I00001,uses
P01264,I00003,uses
P01265,I00002,uses
P01265,I00001,uses
P01265,I00003,uses
P01266,I00002,uses
P01266,I00001,uses
P01267,I00002,uses
P01267,I00001,uses
P01268,I00002,uses
P01268,I00001,uses
P01269,I00002,uses
P01269,I00001,uses
P01270,I00007,uses
P01271,I00002,uses
P01271,I00001,uses
P01272,I00004,uses
P01273,I00002,uses
P01273,I00001,uses
P01274,I00002,uses
P01274,I00005,uses
P01275,I00002,uses
P01275,I00001,uses
P01276,I00002,uses
P01276,I00001,uses
P01276,I00005,uses
P01277,I00002,uses
P01277,I00001,uses
P01278,I00002,uses
P01278,I00005,uses
P01279,I00002,uses
P01279,I00003,uses
P01280,I00002,uses
P01280,I00003,uses
P01281,I00002,uses
P01281,I00003,uses
P01282,I00002,uses
P01282,I00005,uses
P01283,I00002,uses
P01283,I00005,uses
P01284,I00002,uses
P01284,I00001,uses
P01284,I00008,uses
P01285,I00002,uses
P01285,I00001,uses
P01286,I00002,uses
P01286,I00001,uses
P01287,I00004,uses
P01288,I00002,uses
P01288,I00001,uses
P01289,I00002,uses
P01289,I00005,uses
P01290,I00007,uses
P01290,I00002,uses
P01290,I00001,uses
P01291,I00002,uses
P01291,I00003,uses
P01292,I00002,uses
P01292,I00008,uses
P01293,I00002,uses
P01293,I00001,uses
P01294,I00002,uses
P01294,I00003,uses
P01295,I00002,uses
P01295,I00005,uses
P01296,I00002,uses
P01296,I00010,uses
P01297,I00002,uses
P01297,I00001,uses
P01298,I00002,uses
P01298,I00001,uses
P01298,I00003,uses
P01299,I00002,uses
P01299,I00005,uses
P01300,I00002,uses
P01300,I00011,uses
P01301,I00002,uses
P01301,I00001,uses
P01301,I00003,uses
P01302,I00002,uses
P01302,I00001,uses
P01303,I00002,uses
P01303,I00008,uses
P01304,I00002,uses
P01304,I00001,uses
P01305,I00002,uses
P01306,I00002,uses
P01306,I00003,uses
P01307,I00002,uses
P01307,I00003,uses
P01308,I00002,uses
P01308,I00001,uses
P01308,I00011,uses
P01308,I00003,uses
P01309,I00004,uses
P01310,I00002,uses
P01310,I00008,uses
P01311,I00002,uses
P01311,I00005,uses
P01312,I00004,uses
P01313,I00002,uses
P01313,I00005,uses
P01314,I00002,uses
P01315,I00004,uses
P01316,I00002,uses
P01316,I00001,uses
P01316,I00005,uses
P01317,I00002,uses
P01317,I00001,uses
P01317,I00009,uses
P01318,I00002,uses
P01318,I00005,uses
P01319,I00002,uses
P01319,I00005,uses
P01320,I00002,uses
P01320,I00005,uses
P01321,I00002,uses
P01321,I00001,uses
P01322,I00002,uses
P01322,I00001,uses
P01323,I00002,uses
P01323,I00003,uses
P01324,I00002,uses
P01324,I00001,uses
P01325,I00002,uses
P01325,I00008,uses
P01326,I00002,uses
P01326,I00003,uses
P01327,I00004,uses
P01327,I00002,uses
P01327,I00005,uses
P01328,I00002,uses
P01328,I00011,uses
P01328,I00012,uses
P01329,I00002,uses
P01329,I00001,uses
P01330,I00002,uses
P01330,I00005,uses
P01331,I00002,uses
P01331,I00005,uses
P01331,I00003,uses
P01332,I00002,uses
P01332,I00011,uses
P01333,I00002,uses
P01333,I00001,uses
P01334,I00002,uses
P01334,I00003,uses
P01335,I00002,uses
P01335,I00011,uses
P01336,I00002,uses
P01336,I00001,uses
P01337,I00007,uses
P01337,I00002,uses
P01338,I00007,uses
P01338,I00002,uses
P01338,I00001,uses
P01339,I00002,uses
P01339,I00003,uses
P01340,I00002,uses
P01340,I00003,uses
P01341,I00002,uses
P01341,I00001,uses
P01341,I00009,uses
P01342,I00002,uses
P01342,I00005,uses
P01343,I00002,uses
P01343,I00001,uses
P01344,I00002,uses
P01344,I00001,uses
P01345,I00002,uses
P01345,I00001,uses
P01346,I00002,uses
P01346,I00001,uses
P01347,I00002,uses
P01347,I00001,uses
P01347,I00009,uses
P01348,I00002,uses
P01348,I00001,uses
P01349,I00002,uses
P01349,I00001,uses
P01350,I00002,uses
P01350,I00003,uses
P01351,I00002,uses
P01351,I00008,uses
P01352,I00004,uses
P01353,I00002,uses
P01353,I00005,uses
P01354,I00002,uses
P01354,I00001,uses
P01355,I00002,uses
P01355,I00010,uses
P01356,I00002,uses
P01356,I00005,uses
P01357,I00002,uses
P01357,I00001,uses
P01358,I00002,uses
P01358,I00001,uses
P01359,I00002,uses
P01359,I00001,uses
P01360,I00002,uses
P01360,I00005,uses
P01360,I00003,uses
P01361,I00002,uses
P01361,I00001,uses
P01361,I00005,uses
P01361,I00003,uses
P01362,I00002,uses
P01362,I00001,uses
P01363,I00002,uses
P01363,I00001,uses
P01363,I00008,uses
P01364,I00002,uses
P01364,I00001,uses
P01364,I00003,uses
P01365,I00002,uses
P01365,I00008,uses
P01366,I00002,uses
P01366,I00001,uses
P01367,I00004,uses
P01367,I00002,uses
P01367,I00001,uses
P01368,I00002,uses
P01368,I00001,uses
P01369,I00002,uses
P01369,I00003,uses
P01370,I00002,uses
P01370,I00001,uses
P01371,I00002,uses
P01371,I00003,uses
P01372,I00002,uses
P01372,I00001,uses
P01372,I00003,uses
P01373,I00002,uses
P01373,I00010,uses
P01374,I00002,uses
P01374,I00005,uses
P01375,I00004,uses
P01376,I00002,uses
P01376,I00010,uses
P01377,I00002,uses
P01377,I00010,uses
P01378,I00002,uses
P01378,I00005,uses
P01379,I00002,uses
P01379,I00005,uses
P01379,I00003,uses
P01380,I00002,uses
P01380,I00001,uses
P01380,I00011,uses
P01381,I00002,uses
P01381,I00001,uses
P01382,I00002,uses
P01382,I00005,uses
P01383,I00002,uses
P01384,I00002,uses
P01384,I00003,uses
P01385,I00002,uses
P01385,I00003,uses
P01386,I00007,uses
P01386,I00002,uses
P01387,I00004,uses
P01388,I00004,uses
P01389,I00002,uses
P01389,I00008,uses
P01390,I00002,uses
P01390,I00001,uses
P01391,I00004,uses
P01391,I00002,uses
P01391,I00001,uses
P01391,I00003,uses
P01392,I00002,uses
P01392,I00005,uses
P01393,I00002,uses
P01393,I00003,uses
P01394,I00002,uses
P01394,I00010,uses
P01395,I00002,uses
P01395,I00001,uses
P01396,I00004,uses
P01397,I00004,uses
P01398,I00002,uses
P01398,I00012,uses
P01399,I00002,uses
P01399,I00010,uses
P01400,I00004,uses
P01401,I00002,uses
P01401,I00001,uses
P01401,I00003,uses
P01402,I00002,uses
P01402,I00001,uses
P01403,I00002,uses
P01403,I00001,uses
P01404,I00002,uses
P01404,I00001,uses
P01405,I00002,uses
P01405,I00001,uses
P01406,I00002,uses
P01406,I00005,uses
P01407,I00002,uses
P01407,I00003,uses
P01408,I00002,uses
P01408,I00001,uses
P01408,I00008,uses
P01408,I00005,uses
P01409,I00002,uses
P01409,I00005,uses
P01410,I00004,uses
P01411,I00002,uses
P01411,I00005,uses
P01412,I00002,uses
P01412,I00001,uses
P01413,I00004,uses
P01414,I00002,uses
P01414,I00001,uses
P01415,I00004,uses
P01415,I00002,uses
P01415,I00001,uses
P01416,I00002,uses
P01417,I00002,uses
P01417,I00001,uses
P01418,I00002,uses
P01418,I00003,uses
P01419,I00002,uses
P01419,I00005,uses
P01420,I00007,uses
P01420,I00002,uses
P01421,I00007,uses
P01421,I00002,uses
P01422,I00002,uses
P01422,I00003,uses
P01423,I00004,uses
P01424,I00004,uses
P01425,I00004,uses
P01426,I00002,uses
P01426,I00005,uses
P01427,I00002,uses
P01427,I00003,uses
P01428,I00002,uses
P01428,I00003,uses
P01429,I00002,uses
P01429,I00005,uses
P01430,I00002,uses
P01430,I00005,uses
P01431,I00002,uses
P01431,I00005,uses
P01432,I00002,uses
P01432,I00001,uses
P01432,I00005,uses
P01432,I00003,uses
P01433,I00002,uses
P01433,I00001,uses
P01434,I00002,uses
P01434,I00001,uses
P01435,I00004,uses
P01436,I00004,uses
P01437,I00002,uses
P01437,I00001,uses
P01438,I00002,uses
P01438,I00001,uses
P01439,I00002,uses
P01439,I00001,uses
P01440,I00002,uses
P01440,I00001,uses
P01441,I00002,uses
P01442,I00007,uses
P01442,I00002,uses
P01442,I00001,uses
P01443,I00002,uses
P01443,I00001,uses
P01444,I00002,uses
P01444,I00001,uses
P01445,I00002,uses
P01445,I00001,uses
P01445,I00003,uses
P01446,I00002,uses
P01446,I00001,uses
P01447,I00002,uses
P01447,I00005,uses
P01448,I00002,uses
P01448,I00005,uses
P01449,I00002,uses
P01449,I00001,uses
P01449,I00003,uses
P01450,I00002,uses
P01450,I00001,uses
P01451,I00002,uses
P01451,I00010,uses
P01451,I00008,uses
P01452,I00002,uses
P01452,I00005,uses
P01453,I00002,uses
P01453,I00001,uses
P01454,I00002,uses
P01454,I00005,uses
P01455,I00002,uses
P01455,I00001,uses
P01455,I00003,uses
P01456,I00002,uses
P01456,I00001,uses
P01456,I00003,uses
P01457,I00002,uses
P01457,I00005,uses
P01458,I00002,uses
P01458,I00005,uses
P01459,I00002,uses
P01459,I00001,uses
P01460,I00002,uses
P01460,I00001,uses
P01461,I00002,uses
P01462,I00002,uses
P01462,I00003,uses
P01463,I00002,uses
P01463,I00001,uses
P01463,I00011,uses
P01463,I00003,uses
P01464,I00007,uses
P01464,I00002,uses
P01464,I00001,uses
P01465,I00002,uses
P01465,I00001,uses
P01466,I00002,uses
P01466,I00001,uses
P01467,I00002,uses
P01467,I00005,uses
P01468,I00002,uses
P01468,I00005,uses
P01469,I00002,uses
P01469,I00001,uses
P01470,I00004,uses
P01470,I00002,uses
P01470,I00001,uses
P01471,I00002,uses
P01471,I00001,uses
P01472,I00002,uses
P01472,I00011,uses
P01473,I00004,uses
P01473,I00002,uses
P01473,I00001,uses
P01474,I00002,uses
P01474,I00005,uses
P01475,I00002,uses
P01475,I00001,uses
P01476,I00002,uses
P01476,I00001,uses
P01477,I00002,uses
P01477,I00010,uses
P01478,I00002,uses
P01479,I00002,uses
P01479,I00003,uses
P01480,I00002,uses
P01480,I00003,uses
P01481,I00002,uses
P01481,I00001,uses
P01481,I00008,uses
P01482,I00002,uses
P01482,I00001,uses
P01483,I00002,uses
P01483,I00001,uses
P01484,I00002,uses
P01484,I00005,uses
P01485,I00004,uses
P01485,I00002,uses
P01485,I00001,uses
P01486,I00002,uses
P01486,I00001,uses
P01487,I00002,uses
P01487,I00005,uses
P01488,I00002,uses
P01488,I00005,uses
P01489,I00007,uses
P01489,I00002,uses
P01489,I00001,uses
P01490,I00002,uses
P01490,I00005,uses
P01491,I00002,uses
P01491,I00001,uses
P01492,I00002,uses
P01492,I00008,uses
P01493,I00006,uses
P01493,I00002,uses
P01494,I00004,uses
P01494,I00002,uses
P01494,I00001,uses
P01495,I00002,uses
P01495,I00001,uses
P01496,I00002,uses
P01496,I00010,uses
P01497,I00002,uses
P01497,I00001,uses
P01498,I00002,uses
P01498,I00003,uses
P01499,I00002,uses
P01499,I00010,uses
P01500,I00004,uses
P01500,I00002,uses
P01500,I00010,uses
P01500,I00001,uses
P01500,I00008,uses
P01500,I00011,uses
P01500,I00003,uses
P01501,I00002,uses
P01501,I00010,uses
P01502,I00002,uses
P01502,I00001,uses
P01503,I00002,uses
P01503,I00001,uses
P01503,I00003,uses
P01504,I00002,uses
P01504,I00001,uses
P01505,I00002,uses
P01505,I00005,uses
P01506,I00002,uses
P01506,I00001,uses
P01507,I00002,uses
P01507,I00010,uses
P01508,I00002,uses
P01508,I00003,uses
P01509,I00002,uses
P01509,I00005,uses
P01510,I00002,uses
P01510,I00001,uses
P01511,I00002,uses
P01511,I00001,uses
P01512,I00002,uses
P01512,I00008,uses
P01513,I00002,uses
P01513,I00001,uses
P01514,I00002,uses
P01514,I00001,uses
P01515,I00002,uses
P01515,I00003,uses
P01516,I00002,uses
P01516,I00005,uses
P01517,I00002,uses
P01517,I00001,uses
P01518,I00004,uses
P01519,I00004,uses
P01520,I00002,uses
P01520,I00005,uses
P01521,I00002,uses
P01521,I00005,uses
P01522,I00004,uses
P01523,I00004,uses
P01524,I00002,uses
P01524,I00003,uses
P01525,I00002,uses
P01525,I00001,uses
P01526,I00002,uses
P01526,I00001,uses
P01527,I00004,uses
P01527,I00002,uses
P01527,I00001,uses
P01528,I00002,uses
P01528,I00005,uses
P01528,I00003,uses
P01529,I00002,uses
P01529,I00011,uses
P01530,I00002,uses
P01530,I00005,uses
P01531,I00002,uses
P01531,I00001,uses
P01532,I00002,uses
P01532,I00005,uses
P01533,I00004,uses
P01534,I00002,uses
P01534,I00005,uses
P01535,I00002,uses
P01535,I00001,uses
P01536,I00004,uses
P01536,I00002,uses
P01536,I00003,uses
P01537,I00002,uses
P01537,I00003,uses
P01538,I00002,uses
P01538,I00003,uses
P01539,I00002,uses
P01539,I00005,uses
P01540,I00002,uses
P01540,I00005,uses
P01541,I00002,uses
P01541,I00001,uses
P01542,I00002,uses
P01542,I00008,uses
P01543,I00004,uses
P01544,I00002,uses
P01544,I00001,uses
P01545,I00002,uses
P01545,I00001,uses
P01546,I00002,uses
P01546,I00001,uses
P01547,I00002,uses
P01547,I00001,uses
P01548,I00002,uses
P01548,I00001,uses
P01549,I00002,uses
P01549,I00005,uses
P01550,I00002,uses
P01550,I00005,uses
P01551,I00002,uses
P01551,I00001,uses
P01552,I00004,uses
P01552,I00002,uses
P01552,I00005,uses
P01553,I00004,uses
P01554,I00002,uses
P01554,I00001,uses
P01555,I00002,uses
P01555,I00010,uses
P01555,I00001,uses
P01556,I00002,uses
P01556,I00011,uses
P01556,I00005,uses
P01557,I00002,uses
P01557,I00001,uses
P01558,I00002,uses
P01558,I00001,uses
P01559,I00002,uses
P01559,I00005,uses
P01560,I00002,uses
P01560,I00010,uses
P01561,I00004,uses
P01561,I00002,uses
P01561,I00001,uses
P01562,I00002,uses
P01562,I00001,uses
P01563,I00004,uses
P01564,I00002,uses
P01564,I00001,uses
P01565,I00002,uses
P01565,I00001,uses
P01566,I00004,uses
P01567,I00002,uses
P01567,I00003,uses
P01568,I00002,uses
P01568,I00001,uses
P01569,I00002,uses
P01569,I00005,uses
P01570,I00002,uses
P01570,I00003,uses
P01571,I00002,uses
P01571,I00010,uses
P01572,I00002,uses
P01572,I00005,uses
P01573,I00002,uses
P01573,I00003,uses
P01574,I00002,uses
P01574,I00005,uses
P01575,I00004,uses
P01576,I00002,uses
P01576,I00001,uses
P01576,I00003,uses
P01577,I00002,uses
P01577,I00005,uses
P01578,I00002,uses
P01578,I00001,uses
P01579,I00002,uses
P01579,I00003,uses
P01580,I00002,uses
P01580,I00001,uses
P01581,I00004,uses
P01582,I00004,uses
P01582,I00002,uses
P01582,I00001,uses
P01582,I00003,uses
P01583,I00002,uses
P01583,I00005,uses
P01584,I00002,uses
P01584,I00008,uses
P01585,I00002,uses
P01586,I00002,uses
P01586,I00001,uses
P01587,I00002,uses
P01587,I00001,uses
P01587,I00011,uses
P01588,I00007,uses
P01588,I00002,uses
P01588,I00001,uses
P01589,I00002,uses
P01589,I00005,uses
P01590,I00007,uses
P01590,I00002,uses
P01590,I00001,uses
P01591,I00002,uses
P01591,I00008,uses
P01592,I00004,uses
P01593,I00002,uses
P01593,I00001,uses
P01593,I00003,uses
P01594,I00002,uses
P01594,I00001,uses
P01595,I00002,uses
P01595,I00003,uses
P01596,I00002,uses
P01596,I00003,uses
P01597,I00002,uses
P01597,I00001,uses
P01598,I00002,uses
P01598,I00001,uses
P01599,I00002,uses
P01599,I00003,uses
P01600,I00002,uses
P01600,I00003,uses
P01601,I00007,uses
P01601,I00002,uses
P01601,I00005,uses
P01602,I00004,uses
P01603,I00002,uses
P01603,I00001,uses
P01603,I00011,uses
P01603,I00003,uses
P01604,I00002,uses
P01604,I00001,uses
P01604,I00003,uses
P01605,I00002,uses
P01605,I00003,uses
P01606,I00002,uses
P01606,I00001,uses
P01607,I00002,uses
P01607,I00005,uses
P01608,I00002,uses
P01608,I00001,uses
P01608,I00003,uses
P01609,I00004,uses
P01610,I00002,uses
P01610,I00010,uses
P01611,I00002,uses
P01611,I00001,uses
P01612,I00002,uses
P01612,I00008,uses
P01613,I00004,uses
P01614,I00002,uses
P01614,I00001,uses
P01614,I00003,uses
P01615,I00002,uses
P01615,I00005,uses
P01616,I00004,uses
P01617,I00002,uses
P01617,I00001,uses
P01618,I00002,uses
P01618,I00001,uses
P01619,I00004,uses
P01620,I00002,uses
P01620,I00008,uses
P01621,I00002,uses
P01621,I00008,uses
P01622,I00002,uses
P01622,I00008,uses
P01623,I00002,uses
P01623,I00001,uses
P01623,I00011,uses
P01624,I00002,uses
P01624,I00008,uses
P01625,I00002,uses
P01625,I00011,uses
P01626,I00002,uses
P01626,I00001,uses
P01627,I00002,uses
P01628,I00004,uses
P01628,I00002,uses
P01628,I00001,uses
P01628,I00008,uses
P01629,I00002,uses
P01629,I00001,uses
P01630,I00002,uses
P01630,I00010,uses
P01631,I00002,uses
P01631,I00003,uses
P01632,I00004,uses
P01632,I00002,uses
P01632,I00001,uses
P01632,I00003,uses
P01633,I00002,uses
P01633,I00001,uses
P01634,I00002,uses
P01634,I00010,uses
P01635,I00002,uses
P01635,I00005,uses
P01636,I00002,uses
P01636,I00001,uses
P01636,I00003,uses
P01637,I00004,uses
P01638,I00002,uses
P01638,I00001,uses
P01639,I00002,uses
P01639,I00001,uses
P01640,I00002,uses
P01640,I00001,uses
P01641,I00002,uses
P01641,I00001,uses
P01642,I00002,uses
P01642,I00001,uses
P01643,I00002,uses
P01643,I00010,uses
P01643,I00001,uses
P01644,I00004,uses
P01645,I00002,uses
P01646,I00002,uses
P01646,I00001,uses
P01647,I00007,uses
P01647,I00002,uses
P01647,I00009,uses
P01648,I00004,uses
P01649,I00002,uses
P01649,I00005,uses
P01650,I00004,uses
P01650,I00002,uses
P01650,I00001,uses
P01651,I00002,uses
P01652,I00002,uses
P01652,I00003,uses
P01653,I00002,uses
P01653,I00001,uses
P01654,I00002,uses
P01654,I00003,uses
P01655,I00002,uses
P01655,I00001,uses
P01656,I00002,uses
P01656,I00001,uses
P01656,I00005,uses
P01657,I00002,uses
P01657,I00003,uses
P01658,I00002,uses
P01658,I00001,uses
P01659,I00002,uses
P01659,I00003,uses
P01660,I00002,uses
P01660,I00001,uses
P01660,I00005,uses
P01661,I00004,uses
P01662,I00004,uses
P01663,I00002,uses
P01663,I00005,uses
P01664,I00002,uses
P01664,I00001,uses
P01664,I00003,uses
P01665,I00002,uses
P01665,I00011,uses
P01666,I00002,uses
P01666,I00001,uses
P01667,I00002,uses
P01667,I00001,uses
P01668,I00002,uses
P01668,I00001,uses
P01669,I00002,uses
P01669,I00001,uses
P01670,I00002,uses
P01670,I00001,uses
P01671,I00002,uses
P01671,I00003,uses
P01672,I00002,uses
P01672,I00001,uses
P01672,I00008,uses
P01672,I00005,uses
P01673,I00002,uses
P01673,I00003,uses
P01674,I00002,uses
P01674,I00003,uses
P01675,I00004,uses
P01676,I00002,uses
P01676,I00003,uses
P01677,I00002,uses
P01678,I00002,uses
P01678,I00005,uses
P01679,I00002,uses
P01679,I00001,uses
P01680,I00002,uses
P01680,I00003,uses
P01681,I00002,uses
P01681,I00010,uses
P01682,I00002,uses
P01683,I00004,uses
P01684,I00004,uses
P01684,I00002,uses
P01684,I00001,uses
P01685,I00002,uses
P01685,I00005,uses
P01686,I00002,uses
P01686,I00011,uses
P01687,I00004,uses
P01688,I00004,uses
P01689,I00002,uses
P01689,I00003,uses
P01690,I00002,uses
P01690,I00005,uses
P01691,I00002,uses
P01691,I00010,uses
P01692,I00002,uses
P01692,I00005,uses
P01693,I00002,uses
P01693,I00001,uses
P01694,I00004,uses
P01694,I00002,uses
P01694,I00001,uses
P01694,I00011,uses
P01695,I00002,uses
P01695,I00001,uses
P01696,I00002,uses
P01696,I00005,uses
P01697,I00004,uses
P01698,I00002,uses
P01698,I00005,uses
P01699,I00002,uses
P01699,I00001,uses
P01700,I00002,uses
P01700,I00001,uses
P01701,I00002,uses
P01701,I00010,uses
P01701,I00003,uses
P01702,I00002,uses
P01702,I00001,uses
P01702,I00011,uses
P01702,I00003,uses
P01703,I00002,uses
P01703,I00005,uses
P01704,I00002,uses
P01704,I00001,uses
P01705,I00004,uses
P01705,I00002,uses
P01706,I00002,uses
P01706,I00005,uses
P01707,I00002,uses
P01707,I00005,uses
P01708,I00002,uses
P01708,I00005,uses
P01709,I00004,uses
P01709,I00002,uses
P01709,I00001,uses
P01709,I00005,uses
P01710,I00002,uses
P01710,I00001,uses
P01711,I00002,uses
P01711,I00003,uses
P01712,I00002,uses
P01712,I00001,uses
P01713,I00002,uses
P01713,I00010,uses
P01714,I00002,uses
P01714,I00003,uses
P01715,I00004,uses
P01716,I00002,uses
P01717,I00002,uses
P01717,I00005,uses
P01718,I00002,uses
P01718,I00001,uses
P01719,I00002,uses
P01719,I00001,uses
P01720,I00004,uses
P01720,I00002,uses
P01720,I00003,uses
P01721,I00002,uses
P01721,I00005,uses
P01722,I00002,uses
P01722,I00003,uses
P01723,I00002,uses
P01723,I00005,uses
P01724,I00002,uses
P01724,I00001,uses
P01725,I00002,uses
P01725,I00001,uses
P01726,I00002,uses
P01726,I00001,uses
P01727,I00002,uses
P01728,I00002,uses
P01728,I00005,uses
P01729,I00002,uses
P01729,I00001,uses
P01730,I00002,uses
P01730,I00005,uses
P01731,I00004,uses
P01732,I00002,uses
P01732,I00001,uses
P01733,I00002,uses
P01733,I00005,uses
P01734,I00002,uses
P01734,I00001,uses
P01735,I00004,uses
P01736,I00002,uses
P01736,I00010,uses
P01736,I00001,uses
P01737,I00002,uses
P01737,I00010,uses
P01738,I00004,uses
P01738,I00002,uses
P01738,I00001,uses
P01739,I00002,uses
P01739,I00001,uses
P01740,I00002,uses
P01740,I00010,uses
P01741,I00004,uses
P01742,I00002,uses
P01742,I00003,uses
P01743,I00002,uses
P01743,I00005,uses
P01744,I00002,uses
P01744,I00001,uses
P01744,I00003,uses
P01745,I00004,uses
P01746,I00004,uses
P01747,I00002,uses
P01747,I00005,uses
P01748,I00002,uses
P01748,I00001,uses
P01748,I00008,uses
P01748,I00005,uses
P01749,I00002,uses
P01749,I00003,uses
P01750,I00002,uses
P01750,I00003,uses
P01751,I00002,uses
P01751,I00003,uses
P01752,I00002,uses
P01752,I00005,uses
P01753,I00002,uses
P01753,I00001,uses
P01753,I00003,uses
P01754,I00002,uses
P01754,I00005,uses
P01755,I00002,uses
P01755,I00005,uses
P01756,I00002,uses
P01756,I00008,uses
P01757,I00002,uses
P01757,I00005,uses
P01758,I00002,uses
P01758,I00001,uses
P01758,I00005,uses
P01759,I00002,uses
P01759,I00005,uses
P01760,I00002,uses
P01760,I00003,uses
P01761,I00002,uses
P01761,I00005,uses
P01762,I00002,uses
P01762,I00001,uses
P01762,I00003,uses
P01763,I00002,uses
P01763,I00001,uses
P01764,I00002,uses
P01765,I00004,uses
P01766,I00002,uses
P01766,I00001,uses
P01767,I00002,uses
P01767,I00001,uses
P01768,I00002,uses
P01768,I00005,uses
P01769,I00004,uses
P01770,I00004,uses
P01771,I00004,uses
P01772,I00002,uses
P01772,I00001,uses
P01773,I00004,uses
P01774,I00002,uses
P01774,I00001,uses
P01774,I00011,uses
P01775,I00002,uses
P01775,I00003,uses
P01776,I00002,uses
P01776,I00010,uses
P01776,I00008,uses
P01777,I00002,uses
P01777,I00003,uses
P01778,I00002,uses
P01778,I00005,uses
P01779,I00002,uses
P01779,I00001,uses
P01780,I00002,uses
P01780,I00001,uses
P01781,I00002,uses
P01781,I00001,uses
P01782,I00002,uses
P01782,I00001,uses
P01783,I00002,uses
P01783,I00001,uses
P01784,I00002,uses
P01784,I00003,uses
P01785,I00002,uses
P01786,I00002,uses
P01786,I00001,uses
P01786,I00003,uses
P01787,I00002,uses
P01787,I00001,uses
P01788,I00002,uses
P01788,I00010,uses
P01789,I00004,uses
P01789,I00002,uses
P01789,I00003,uses
P01790,I00002,uses
P01790,I00005,uses
P01790,I00003,uses
P01791,I00004,uses
P01792,I00002,uses
P01792,I00003,uses
P01793,I00002,uses
P01794,I00002,uses
P01794,I00001,uses
P01795,I00002,uses
P01795,I00001,uses
P01796,I00002,uses
P01796,I00005,uses
P01797,I00004,uses
P01798,I00002,uses
P01798,I00001,uses
P01799,I00002,uses
P01799,I00011,uses
P01800,I00002,uses
P01800,I00001,uses
P01800,I00003,uses
P01801,I00004,uses
P01801,I00002,uses
P01801,I00005,uses
P01802,I00002,uses
P01802,I00001,uses
P01803,I00002,uses
P01803,I00005,uses
P01804,I00002,uses
P01804,I00001,uses
P01805,I00004,uses
P01806,I00002,uses
P01806,I00005,uses
P01807,I00002,uses
P01807,I00001,uses
P01807,I00011,uses
P01808,I00002,uses
P01808,I00001,uses
P01809,I00002,uses
P01810,I00002,uses
P01810,I00001,uses
P01810,I00008,uses
P01811,I00002,uses
P01811,I00003,uses
P01812,I00002,uses
P01812,I00001,uses
P01813,I00002,uses
P01813,I00008,uses
P01814,I00002,uses
P01814,I00010,uses
P01815,I00002,uses
P01815,I00005,uses
P01816,I00002,uses
P01816,I00010,uses
P01817,I00004,uses
P01818,I00002,uses
P01818,I00005,uses
P01818,I00003,uses
P01819,I00002,uses
P01819,I00005,uses
P01820,I00002,uses
P01820,I00005,uses
P01821,I00002,uses
P01821,I00005,uses
P01822,I00002,uses
P01822,I00005,uses
P01823,I00002,uses
P01823,I00001,uses
P01824,I00002,uses
P01824,I00005,uses
P01825,I00002,uses
P01825,I00001,uses
P01826,I00002,uses
P01826,I00003,uses
P01827,I00002,uses
P01827,I00010,uses
P01828,I00002,uses
P01828,I00005,uses
P01829,I00002,uses
P01829,I00001,uses
P01830,I00004,uses
P01830,I00002,uses
P01830,I00001,uses
P01831,I00002,uses
P01831,I00011,uses
P01832,I00002,uses
P01832,I00005,uses
P01833,I00002,uses
P01833,I00005,uses
P01834,I00002,uses
P01834,I00005,uses
P01835,I00004,uses
P01836,I00002,uses
P01836,I00008,uses
P01837,I00007,uses
P01838,I00002,uses
P01838,I00001,uses
P01839,I00002,uses
P01839,I00010,uses
P01840,I00002,uses
P01840,I00005,uses
P01841,I00004,uses
P01841,I00002,uses
P01841,I00003,uses
P01842,I00004,uses
P01842,I00002,uses
P01842,I00003,uses
P01843,I00002,uses
P01844,I00004,uses
P01845,I00007,uses
P01845,I00002,uses
P01845,I00010,uses
P01845,I00001,uses
P01845,I00008,uses
P01845,I00011,uses
P01845,I00003,uses
P01846,I00002,uses
P01846,I00010,uses
P01846,I00001,uses
P01847,I00002,uses
P01847,I00001,uses
P01848,I00002,uses
P01848,I00010,uses
P01849,I00002,uses
P01849,I00005,uses
P01850,I00002,uses
P01850,I00010,uses
P01851,I00002,uses
P01851,I00005,uses
P01852,I00004,uses
P01852,I00002,uses
P01852,I00001,uses
P01853,I00004,uses
P01854,I00004,uses
P01855,I00002,uses
P01855,I00005,uses
P01856,I00002,uses
P01857,I00004,uses
P01858,I00002,uses
P01858,I00001,uses
P01859,I00002,uses
P01859,I00010,uses
P01860,I00002,uses
P01860,I00001,uses
P01860,I00005,uses
P01861,I00004,uses
P01861,I00002,uses
P01861,I00001,uses
P01861,I00003,uses
P01862,I00002,uses
P01862,I00005,uses
P01863,I00002,uses
P01863,I00008,uses
P01864,I00002,uses
P01864,I00010,uses
P01865,I00007,uses
P01866,I00002,uses
P01866,I00001,uses
P01867,I00002,uses
P01867,I00010,uses
P01867,I00001,uses
P01867,I00003,uses
P01868,I00002,uses
P01868,I00010,uses
P01869,I00002,uses
P01869,I00001,uses
P01870,I00004,uses
P01871,I00004,uses
P01872,I00002,uses
P01872,I00001,uses
P01872,I00005,uses
P01873,I00004,uses
P01873,I00002,uses
P01874,I00007,uses
P01875,I00002,uses
P01875,I00001,uses
P01876,I00002,uses
P01876,I00003,uses
P01877,I00002,uses
P01877,I00010,uses
P01877,I00008,uses
P01877,I00003,uses
P01878,I00002,uses
P01878,I00003,uses
P01879,I00002,uses
P01879,I00001,uses
P01880,I00007,uses
P01881,I00002,uses
P01881,I00005,uses
P01882,I00002,uses
P01883,I00004,uses
P01884,I00002,uses
P01885,I00002,uses
P01885,I00001,uses
P01885,I00005,uses
P01886,I00002,uses
P01886,I00001,uses
P01886,I00003,uses
P01887,I00002,uses
P01888,I00004,uses
P01889,I00004,uses
P01890,I00002,uses
P01890,I00008,uses
P01891,I00002,uses
P01891,I00001,uses
P01892,I00002,uses
P01893,I00002,uses
P01893,I00005,uses
P01894,I00002,uses
P01894,I00005,uses
P01895,I00002,uses
P01895,I00005,uses
P01896,I00002,uses
P01896,I00005,uses
P01897,I00004,uses
P01898,I00004,uses
P01899,I00002,uses
P01899,I00001,uses
P01900,I00004,uses
P01900,I00002,uses
P01900,I00001,uses
P01901,I00004,uses
P01901,I00002,uses
P01901,I00001,uses
P01902,I00002,uses
P01903,I00002,uses
P01903,I00003,uses
P01904,I00002,uses
P01904,I00009,uses
P01904,I00005,uses
P01905,I00002,uses
P01905,I00001,uses
P01906,I00002,uses
P01906,I00001,uses
P01907,I00004,uses
P01907,I00002,uses
P01907,I00001,uses
P01908,I00002,uses
P01908,I00001,uses
P01909,I00002,uses
P01910,I00002,uses
P01910,I00003,uses
P01911,I00002,uses
P01911,I00001,uses
P01912,I00002,uses
P01912,I00003,uses
P01913,I00002,uses
P01913,I00001,uses
P01914,I00002,uses
P01914,I00003,uses
P01915,I00004,uses
P01916,I00004,uses
P01917,I00002,uses
P01917,I00003,uses
P01918,I00004,uses
P01919,I00002,uses
P01919,I00010,uses
P01920,I00002,uses
P01920,I00010,uses
P01921,I00002,uses
P01921,I00011,uses
P01922,I00002,uses
P01922,I00005,uses
P01923,I00002,uses
P01923,I00005,uses
P01924,I00002,uses
P01924,I00005,uses
P01925,I00002,uses
P01925,I00003,uses
P01926,I00004,uses
P01927,I00004,uses
P01928,I00004,uses
P01928,I00002,uses
P01929,I00004,uses
P01930,I00002,uses
P01930,I00010,uses
P01931,I00002,uses
P01931,I00003,uses
P01932,I00002,uses
P01932,I00008,uses
P01933,I00002,uses
P01933,I00010,uses
P01934,I00007,uses
P01935,I00002,uses
P01935,I00003,uses
P01936,I00002,uses
P01936,I00005,uses
P01937,I00002,uses
P01937,I00001,uses
P01938,I00002,uses
P01938,I00005,uses
P01939,I00002,uses
P01939,I00008,uses
P01939,I00005,uses
P01940,I00007,uses
P01941,I00002,uses
P01941,I00011,uses
P01941,I00012,uses
P01942,I00002,uses
P01942,I00011,uses
P01943,I00007,uses
P01944,I00002,uses
P01944,I00005,uses
P01945,I00002,uses
P01945,I00001,uses
P01946,I00004,uses
P01946,I00002,uses
P01946,I00001,uses
P01946,I00003,uses
P01947,I00004,uses
P01948,I00002,uses
P01948,I00010,uses
P01949,I00002,uses
P01949,I00010,uses
P01950,I00002,uses
P01950,I00003,uses
P01951,I00002,uses
P01951,I00001,uses
P01952,I00002,uses
P01952,I00005,uses
P01953,I00002,uses
P01954,I00004,uses
P01955,I00004,uses
P01955,I00002,uses
P01955,I00001,uses
P01955,I00003,uses
P01956,I00004,uses
P01957,I00004,uses
P01958,I00002,uses
P01958,I00001,uses
P01959,I00002,uses
P01960,I00002,uses
P01960,I00001,uses
P01961,I00004,uses
P01962,I00004,uses
P01963,I00004,uses
P01964,I00002,uses
P01964,I00010,uses
P01964,I00001,uses
P01964,I00008,uses
P01965,I00002,uses
P01965,I00001,uses
P01966,I00002,uses
P01966,I00005,uses
P01967,I00002,uses
P01967,I00005,uses
P01968,I00002,uses
P01968,I00001,uses
P01969,I00002,uses
P01969,I00003,uses
P01970,I00002,uses
P01970,I00001,uses
P01971,I00002,uses
P01971,I00010,uses
P01972,I00002,uses
P01972,I00003,uses
P01973,I00002,uses
P01973,I00001,uses
P01974,I00002,uses
P01974,I00003,uses
P01975,I00002,uses
P01975,I00001,uses
P01975,I00005,uses
P01976,I00002,uses
P01976,I00010,uses
P01977,I00002,uses
P01977,I00001,uses
P01977,I00003,uses
P01978,I00004,uses
P01979,I00004,uses
P01980,I00002,uses
P01980,I00010,uses
P01981,I00004,uses
P01982,I00004,uses
P01983,I00002,uses
P01983,I00008,uses
P01984,I00002,uses
P01984,I00010,uses
P01984,I00005,uses
P01985,I00002,uses
P01985,I00001,uses
P01985,I00005,uses
P01986,I00004,uses
P01987,I00004,uses
P01988,I00002,uses
P01988,I00001,uses
P01989,I00004,uses
P01990,I00004,uses
P01990,I00002,uses
P01990,I00001,uses
P01990,I00003,uses
P01991,I00002,uses
P01991,I00005,uses
P01992,I00002,uses
P01992,I00003,uses
P01993,I00002,uses
P01993,I00001,uses
P01994,I00004,uses
P01994,I00002,uses
P01994,I00001,uses
P01995,I00002,uses
P01995,I00003,uses
P01996,I00002,uses
P01996,I00003,uses
P01997,I00002,uses
P01997,I00010,uses
P01998,I00002,uses
P01999,I00004,uses
P01999,I00002,uses
P01999,I00001,uses
P02000,I00002,uses
P02001,I00002,uses
P02001,I00010,uses
P02002,I00002,uses
P02002,I00009,uses
P02003,I00004,uses
P02004,I00004,uses
P02004,I00002,uses
P02005,I00004,uses
P02005,I00002,uses
P02005,I00010,uses
P02005,I00001,uses
P02005,I00008,uses
P02006,I00002,uses
P02006,I00008,uses
P02007,I00004,uses
P02007,I00002,uses
P02007,I00001,uses
P02008,I00004,uses
P02009,I00002,uses
P02009,I00003,uses
P02010,I00002,uses
P02010,I00003,uses
P02011,I00004,uses
P02011,I00002,uses
P02011,I00003,uses
P02012,I00002,uses
P02012,I00001,uses
P02013,I00004,uses
P02014,I00002,uses
P02015,I00004,uses
P02015,I00002,uses
P02015,I00001,uses
P02016,I00004,uses
P02016,I00002,uses
P02016,I00001,uses
P02016,I00003,uses
P02017,I00002,uses
P02018,I00002,uses
P02018,I00010,uses
P02019,I00004,uses
P02020,I00002,uses
P02020,I00011,uses
P02021,I00002,uses
P02022,I00004,uses
P02022,I00002,uses
P02023,I00004,uses
P02024,I00002,uses
P02024,I00003,uses
P02025,I00002,uses
P02026,I00002,uses
P02026,I00005,uses
P02027,I00002,uses
P02027,I00001,uses
P02028,I00002,uses
P02028,I00009,uses
P02028,I00005,uses
P02029,I00002,uses
P02029,I00005,uses
P02030,I00002,uses
P02031,I00002,uses
P02032,I00002,uses
P02032,I00010,uses
P02033,I00002,uses
P02034,I00002,uses
P02034,I00001,uses
P02035,I00002,uses
P02036,I00004,uses
P02037,I00002,uses
P02037,I00001,uses
P02038,I00002,uses
P02038,I00001,uses
P02039,I00002,uses
P02039,I00001,uses
P02040,I00002,uses
P02041,I00002,uses
P02041,I00001,uses
P02042,I00002,uses
P02042,I00001,uses
P02043,I00002,uses
P02043,I00005,uses
P02043,I00003,uses
P02044,I00004,uses
P02044,I00002,uses
P02044,I00001,uses
P02045,I00004,uses
P02045,I00002,uses
P02046,I00002,uses
P02046,I00010,uses
P02047,I00004,uses
P02047,I00002,uses
P02047,I00011,uses
P02048,I00002,uses
P02048,I00001,uses
P02049,I00002,uses
P02049,I00001,uses
P02050,I00002,uses
P02050,I00011,uses
P02051,I00002,uses
P02051,I00001,uses
P02052,I00002,uses
P02052,I00001,uses
P02053,I00002,uses
P02053,I00010,uses
P02053,I00008,uses
P02054,I00002,uses
P02055,I00002,uses
P02055,I00003,uses
P02056,I00002,uses
P02056,I00003,uses
P02057,I00004,uses
P02058,I00002,uses
P02058,I00010,uses
P02059,I00004,uses
P02059,I00002,uses
P02059,I00010,uses
P02059,I00001,uses
P02059,I00008,uses
P02059,I00011,uses
P02059,I00003,uses
P02060,I00002,uses
P02060,I00010,uses
P02061,I00002,uses
P02062,I00004,uses
P02062,I00002,uses
P02062,I00010,uses
P02062,I00001,uses
P02062,I00003,uses
P02063,I00004,uses
P02063,I00002,uses
P02063,I00010,uses
P02063,I00001,uses
P02063,I00008,uses
P02064,I00002,uses
P02064,I00001,uses
P02064,I00005,uses
P02065,I00002,uses
P02066,I00002,uses
P02066,I00010,uses
P02067,I00004,uses
P02067,I00007,uses
P02067,I00002,uses
P02068,I00002,uses
P02068,I00005,uses
P02068,I00003,uses
P02069,I00002,uses
P02069,I00005,uses
P02070,I00004,uses
P02071,I00004,uses
P02072,I00002,uses
P02072,I00010,uses
P02073,I00004,uses
P02073,I00002,uses
P02073,I00011,uses
P02074,I00004,uses
P02074,I00002,uses
P02074,I00001,uses
P02075,I00002,uses
P02075,I00008,uses
P02076,I00004,uses
P02077,I00004,uses
P02078,I00002,uses
P02078,I00005,uses
P02079,I00007,uses
P02080,I00002,uses
P02080,I00005,uses
P02081,I00002,uses
P02081,I00008,uses
P02082,I00002,uses
P02082,I00005,uses
P02082,I00003,uses
P02083,I00002,uses
P02083,I00005,uses
P02083,I00003,uses
P02084,I00002,uses
P02084,I00008,uses
P02085,I00004,uses
P02085,I00002,uses
P02085,I00001,uses
P02085,I00005,uses
P02086,I00002,uses
P02086,I00001,uses
P02086,I00003,uses
P02087,I00002,uses
P02087,I00008,uses
P02088,I00002,uses
P02088,I00003,uses
P02089,I00004,uses
P02089,I00002,uses
P02089,I00003,uses
P02090,I00002,uses
P02090,I00005,uses
P02091,I00002,uses
P02091,I00001,uses
P02092,I00002,uses
P02092,I00005,uses
P02093,I00002,uses
P02093,I00010,uses
P02094,I00002,uses
P02094,I00005,uses
P02095,I00004,uses
P02095,I00002,uses
P02095,I00001,uses
P02096,I00002,uses
P02096,I00001,uses
P02097,I00002,uses
P02097,I00005,uses
P02098,I00004,uses
P02099,I00002,uses
P02100,I00002,uses
P02100,I00008,uses
P02100,I00003,uses
P02101,I00002,uses
P02102,I00002,uses
P02102,I00003,uses
P02103,I00002,uses
P02103,I00010,uses
P02104,I00002,uses
P02104,I00010,uses
P02105,I00002,uses
P02105,I00005,uses
P02106,I00007,uses
P02107,I00007,uses
P02108,I00004,uses
P02109,I00004,uses
P02109,I00007,uses
P02109,I00002,uses
P02109,I00001,uses
P02110,I00002,uses
P02111,I00004,uses
P02111,I00002,uses
P02111,I00005,uses
P02112,I00002,uses
P02112,I00005,uses
P02113,I00002,uses
P02113,I00005,uses
P02114,I00002,uses
P02114,I00008,uses
P02115,I00002,uses
P02115,I00003,uses
P02116,I00002,uses
P02116,I00005,uses
P02117,I00002,uses
P02117,I00005,uses
P02118,I00002,uses
P02118,I00001,uses
P02119,I00002,uses
P02119,I00001,uses
P02120,I00004,uses
P02121,I00002,uses
P02121,I00010,uses
P02122,I00002,uses
P02122,I00008,uses
P02123,I00002,uses
P02124,I00002,uses
P02124,I00001,uses
P02124,I00003,uses
P02125,I00002,uses
P02125,I00001,uses
P02126,I00004,uses
P02127,I00004,uses
P02127,I00002,uses
P02127,I00001,uses
P02128,I00002,uses
P02128,I00001,uses
P02129,I00004,uses
P02130,I00002,uses
P02131,I00002,uses
P02132,I00002,uses
P02132,I00003,uses
P02133,I00004,uses
P02134,I00004,uses
P02135,I00002,uses
P02135,I00010,uses
P02135,I00005,uses
P02136,I00002,uses
P02136,I00005,uses
P02137,I00007,uses
P02137,I00002,uses
P02137,I00001,uses
P02138,I00004,uses
P02139,I00002,uses
P02139,I00001,uses
P02140,I00002,uses
P02140,I00010,uses
P02140,I00008,uses
P02141,I00002,uses
P02141,I00001,uses
P02142,I00002,uses
P02142,I00001,uses
P02143,I00004,uses
P02143,I00002,uses
P02143,I00010,uses
P02143,I00001,uses
P02143,I00008,uses
P02144,I00002,uses
P02144,I00005,uses
P02145,I00002,uses
P02145,I00005,uses
P02146,I00002,uses
P02146,I00001,uses
P02147,I00002,uses
P02148,I00002,uses
P02148,I00011,uses
P02149,I00002,uses
P02149,I00003,uses
P02150,I00004,uses
P02151,I00002,uses
P02152,I00002,uses
P02152,I00001,uses
P02153,I00004,uses
P02154,I00002,uses
P02155,I00004,uses
P02155,I00002,uses
P02155,I00005,uses
P02156,I00002,uses
P02156,I00001,uses
P02157,I00004,uses
P02158,I00002,uses
P02158,I00003,uses
P02159,I00002,uses
P02159,I00005,uses
P02160,I00002,uses
P02160,I00005,uses
P02161,I00002,uses
P02161,I00001,uses
P02162,I00004,uses
P02162,I00002,uses
P02162,I00001,uses
P02163,I00002,uses
P02164,I00002,uses
P02164,I00001,uses
P02164,I00003,uses
P02165,I00002,uses
P02165,I00001,uses
P02166,I00004,uses
P02167,I00002,uses
P02167,I00003,uses
P02168,I00002,uses
P02169,I00002,uses
P02170,I00002,uses
P02170,I00003,uses
P02171,I00002,uses
P02172,I00002,uses
P02172,I00011,uses
P02173,I00002,uses
P02173,I00003,uses
P02174,I00004,uses
P02175,I00004,uses
P02176,I00004,uses
P02177,I00002,uses
P02178,I00002,uses
P02178,I00001,uses
P02179,I00002,uses
P02180,I00004,uses
P02181,I00004,uses
P02181,I00002,uses
P02181,I00001,uses
P02182,I00002,uses
P02182,I00001,uses
P02183,I00002,uses
P02183,I00010,uses
P02184,I00002,uses
P02184,I00003,uses
P02185,I00002,uses
P02186,I00004,uses
P02187,I00002,uses
P02187,I00010,uses
P02188,I00004,uses
P02188,I00002,uses
P02188,I00001,uses
P02188,I00009,uses
P02189,I00002,uses
P02189,I00010,uses
P02190,I00004,uses
P02191,I00002,uses
P02191,I00003,uses
P02192,I00002,uses
P02192,I00010,uses
P02193,I00004,uses
P02193,I00002,uses
P02193,I00001,uses
P02193,I00008,uses
P02194,I00002,uses
P02194,I00005,uses
P02195,I00002,uses
P02196,I00004,uses
P02197,I00004,uses
P02197,I00002,uses
P02197,I00001,uses
P02198,I00004,uses
P02199,I00004,uses
P02200,I00002,uses
P02200,I00003,uses
P02201,I00004,uses
P02201,I00002,uses
P02201,I00003,uses
P02202,I00002,uses
P02202,I00001,uses
P02203,I00002,uses
P02203,I00008,uses
P02204,I00002,uses
P02204,I00003,uses
P02205,I00002,uses
P02205,I00010,uses
P02206,I00004,uses
P02206,I00002,uses
P02206,I00001,uses
P02207,I00002,uses
P02207,I00008,uses
P02208,I00004,uses
P02209,I00004,uses
P02209,I00002,uses
P02209,I00001,uses
P02210,I00002,uses
P02210,I00003,uses
P02211,I00002,uses
P02211,I00005,uses
P02211,I00003,uses
P02212,I00004,uses
P02213,I00002,uses
P02213,I00003,uses
P02214,I00002,uses
P02214,I00001,uses
P02215,I00002,uses
P02215,I00011,uses
P02216,I00002,uses
P02216,I00005,uses
P02217,I00004,uses
P02218,I00007,uses
P02218,I00002,uses
P02218,I00001,uses
P02219,I00002,uses
P02219,I00001,uses
P02220,I00002,uses
P02220,I00010,uses
P02221,I00002,uses
P02221,I00001,uses
P02222,I00004,uses
P02222,I00002,uses
P02222,I00001,uses
P02223,I00004,uses
P02223,I00002,uses
P02223,I00001,uses
P02224,I00004,uses
P02224,I00002,uses
P02224,I00001,uses
P02225,I00004,uses
P02225,I00002,uses
P02225,I00001,uses
P02226,I00004,uses
P02227,I00004,uses
P02227,I00002,uses
P02227,I00001,uses
P02228,I00002,uses
P02228,I00005,uses
P02229,I00002,uses
P02229,I00001,uses
P02230,I00002,uses
P02230,I00005,uses
P02231,I00004,uses
P02232,I00004,uses
P02233,I00002,uses
P02233,I00011,uses
P02233,I00003,uses
P02234,I00002,uses
P02234,I00011,uses
P02235,I00002,uses
P02235,I00009,uses
P02235,I00003,uses
P02236,I00002,uses
P02236,I00001,uses
P02237,I00004,uses
P02238,I00002,uses
P02238,I00001,uses
P02239,I00002,uses
P02239,I00003,uses
P02240,I00004,uses
P02241,I00002,uses
P02241,I00008,uses
P02242,I00002,uses
P02242,I00005,uses
P02243,I00004,uses
P02243,I00002,uses
P02243,I00001,uses
P02243,I00005,uses
P02244,I00002,uses
P02244,I00001,uses
P02245,I00004,uses
P02246,I00002,uses
P02246,I00003,uses
P02247,I00002,uses
P02247,I00003,uses
P02248,I00002,uses
P02248,I00005,uses
P02249,I00004,uses
P02249,I00002,uses
P02249,I00010,uses
P02249,I00001,uses
P02249,I00011,uses
P02250,I00002,uses
P02250,I00001,uses
P02251,I00002,uses
P02251,I00010,uses
P02251,I00001,uses
P02251,I00008,uses
P02251,I00011,uses
P02251,I00003,uses
P02252,I00002,uses
P02252,I00010,uses
P02252,I00001,uses
P02253,I00002,uses
P02253,I00010,uses
P02254,I00002,uses
P02254,I00010,uses
P02255,I00004,uses
P02255,I00002,uses
P02255,I00011,uses
P02255,I00003,uses
P02256,I00004,uses
P02257,I00007,uses
P02257,I00002,uses
P02257,I00001,uses
P02257,I00011,uses
P02257,I00003,uses
P02258,I00002,uses
P02258,I00003,uses
P02259,I00004,uses
P02260,I00002,uses
P02260,I00005,uses
P02261,I00002,uses
P02262,I00002,uses
P02262,I00001,uses
P02263,I00004,uses
P02263,I00002,uses
P02263,I00001,uses
P02264,I00002,uses
P02264,I00011,uses
P02265,I00004,uses
P02265,I00002,uses
P02265,I00001,uses
P02265,I00005,uses
P02266,I00002,uses
P02266,I00003,uses
P02267,I00002,uses
P02267,I00008,uses
P02268,I00002,uses
P02268,I00011,uses
P02269,I00002,uses
P02269,I00008,uses
P02270,I00002,uses
P02270,I00003,uses
P02271,I00002,uses
P02271,I00001,uses
P02272,I00002,uses
P02272,I00010,uses
P02272,I00008,uses
P02272,I00011,uses
P02273,I00002,uses
P02273,I00010,uses
P02273,I00008,uses
P02274,I00002,uses
P02274,I00010,uses
P02275,I00002,uses
P02275,I00008,uses
P02276,I00002,uses
P02276,I00005,uses
P02277,I00007,uses
P02278,I00004,uses
P02279,I00004,uses
P02279,I00002,uses
P02279,I00001,uses
P02280,I00004,uses
P02281,I00002,uses
P02281,I00010,uses
P02282,I00002,uses
P02283,I00002,uses
P02283,I00003,uses
P02284,I00002,uses
P02284,I00005,uses
P02285,I00004,uses
P02286,I00002,uses
P02286,I00003,uses
P02287,I00002,uses
P02287,I00010,uses
P02288,I00002,uses
P02288,I00003,uses
P02289,I00002,uses
P02289,I00010,uses
P02290,I00002,uses
P02290,I00001,uses
P02291,I00004,uses
P02292,I00002,uses
P02292,I00010,uses
P02293,I00002,uses
P02293,I00005,uses
P02294,I00002,uses
P02294,I00010,uses
P02295,I00004,uses
P02295,I00002,uses
P02295,I00008,uses
P02296,I00002,uses
P02296,I00003,uses
P02297,I00004,uses
P02298,I00002,uses
P02298,I00005,uses
P02299,I00004,uses
P02299,I00002,uses
P02299,I00003,uses
P02300,I00002,uses
P02300,I00009,uses
P02300,I00003,uses
P02301,I00004,uses
P02301,I00002,uses
P02301,I00001,uses
P02302,I00004,uses
P02303,I00002,uses
P02304,I00004,uses
P02305,I00002,uses
P02305,I00011,uses
P02306,I00002,uses
P02306,I00001,uses
P02307,I00002,uses
P02307,I00003,uses
P02308,I00004,uses
P02309,I00007,uses
P02310,I00002,uses
P02310,I00001,uses
P02311,I00004,uses
P02311,I00002,uses
P02311,I00001,uses
P02312,I00002,uses
P02312,I00003,uses
P02313,I00002,uses
P02313,I00005,uses
P02314,I00002,uses
P02314,I00001,uses
P02315,I00002,uses
P02315,I00001,uses
P02315,I00003,uses
P02316,I00002,uses
P02316,I00001,uses
P02317,I00002,uses
P02317,I00008,uses
P02318,I00002,uses
P02318,I00010,uses
P02319,I00002,uses
P02319,I00005,uses
P02320,I00004,uses
P02321,I00002,uses
P02321,I00008,uses
P02322,I00002,uses
P02322,I00005,uses
P02323,I00004,uses
P02323,I00002,uses
P02323,I00003,uses
P02324,I00004,uses
P02324,I00002,uses
P02324,I00001,uses
P02324,I00008,uses
P02325,I00004,uses
P02326,I00004,uses
P02326,I00002,uses
P02326,I00001,uses
P02327,I00002,uses
P02327,I00003,uses
P02328,I00004,uses
P02329,I00002,uses
P02329,I00005,uses
P02330,I00002,uses
P02330,I00008,uses
P02331,I00002,uses
P02331,I00001,uses
P02332,I00002,uses
P02332,I00003,uses
P02333,I00002,uses
P02333,I00005,uses
P02333,I00003,uses
P02334,I00002,uses
P02334,I00010,uses
P02335,I00004,uses
P02336,I00004,uses
P02336,I00002,uses
P02336,I00010,uses
P02336,I00001,uses
P02337,I00004,uses
P02338,I00002,uses
P02338,I00005,uses
P02339,I00002,uses
P02339,I00001,uses
P02340,I00004,uses
P02341,I00004,uses
P02342,I00004,uses
P02343,I00004,uses
P02343,I00002,uses
P02343,I00001,uses
P02343,I00003,uses
P02344,I00002,uses
P02344,I00003,uses
P02345,I00004,uses
P02346,I00004,uses
P02346,I00002,uses
P02346,I00001,uses
P02347,I00007,uses
P02347,I00002,uses
P02347,I00005,uses
P02348,I00004,uses
P02349,I00002,uses
P02349,I00005,uses
P02350,I00004,uses
P02351,I00004,uses
P02352,I00004,uses
P02352,I00002,uses
P02352,I00001,uses
P02352,I00003,uses
P02353,I00002,uses
P02353,I00001,uses
P02353,I00008,uses
P02354,I00002,uses
P02354,I00008,uses
P02355,I00004,uses
P02356,I00002,uses
P02356,I00003,uses
P02357,I00002,uses
P02357,I00005,uses
P02358,I00002,uses
P02358,I00005,uses
P02359,I00004,uses
P02359,I00002,uses
P02359,I00001,uses
P02360,I00004,uses
P02361,I00004,uses
P02362,I00004,uses
P02363,I00004,uses
P02364,I00004,uses
P02365,I00004,uses
P02365,I00002,uses
P02365,I00001,uses
P02366,I00004,uses
P02367,I00004,uses
P02368,I00002,uses
P02368,I00003,uses
P02369,I00004,uses
P02369,I00002,uses
P02369,I00001,uses
P02370,I00002,uses
P02370,I00001,uses
P02371,I00002,uses
P02371,I00010,uses
P02372,I00004,uses
P02373,I00002,uses
P02373,I00005,uses
P02374,I00004,uses
P02374,I00007,uses
P02374,I00002,uses
P02374,I00001,uses
P02375,I00002,uses
P02375,I00001,uses
P02376,I00002,uses
P02376,I00005,uses
P02377,I00002,uses
P02377,I00003,uses
P02378,I00004,uses
P02378,I00002,uses
P02378,I00001,uses
P02379,I00002,uses
P02380,I00004,uses
P02380,I00002,uses
P02380,I00001,uses
P02380,I00003,uses
P02381,I00002,uses
P02381,I00008,uses
P02382,I00002,uses
P02382,I00008,uses
P02383,I00002,uses
P02383,I00010,uses
P02384,I00004,uses
P02385,I00004,uses
P02386,I00004,uses
P02386,I00002,uses
P02386,I00001,uses
P02387,I00004,uses
P02388,I00004,uses
P02389,I00004,uses
P02390,I00004,uses
P02391,I00002,uses
P02391,I00008,uses
P02392,I00004,uses
P02393,I00004,uses
P02393,I00002,uses
P02393,I00001,uses
P02394,I00004,uses
P02394,I00002,uses
P02394,I00001,uses
P02394,I00003,uses
P02395,I00002,uses
P02395,I00010,uses
P02396,I00002,uses
P02396,I00008,uses
P02397,I00002,uses
P02397,I00005,uses
P02398,I00002,uses
P02398,I00005,uses
P02399,I00002,uses
P02400,I00004,uses
P02401,I00004,uses
P02401,I00002,uses
P02401,I00001,uses
P02402,I00002,uses
P02402,I00010,uses
P02403,I00004,uses
P02403,I00002,uses
P02403,I00001,uses
P02404,I00004,uses
P02404,I00002,uses
P02404,I00003,uses
P02405,I00004,uses
P02406,I00004,uses
P02406,I00002,uses
P02406,I00001,uses
P02407,I00002,uses
P02407,I00005,uses
P02408,I00004,uses
P02409,I00002,uses
P02409,I00001,uses
P02410,I00004,uses
P02410,I00002,uses
P02410,I00001,uses
P02411,I00002,uses
P02411,I00008,uses
P02412,I00002,uses
P02412,I00005,uses
P02413,I00002,uses
P02413,I00001,uses
P02414,I00007,uses
P02415,I00004,uses
P02416,I00004,uses
P02417,I00004,uses
P02418,I00004,uses
P02418,I00002,uses
P02418,I00001,uses
P02418,I00005,uses
P02419,I00002,uses
P02419,I00005,uses
P02420,I00004,uses
P02420,I00002,uses
P02420,I00008,uses
P02421,I00004,uses
P02422,I00002,uses
P02422,I00010,uses
P02422,I00008,uses
P02423,I00002,uses
P02423,I00003,uses
P02424,I00002,uses
P02424,I00005,uses
P02425,I00004,uses
P02426,I00004,uses
P02427,I00004,uses
P02428,I00002,uses
P02428,I00010,uses
P02429,I00004,uses
P02430,I00002,uses
P02430,I00001,uses
P02431,I00002,uses
P02431,I00001,uses
P02432,I00004,uses
P02432,I00002,uses
P02432,I00001,uses
P02433,I00002,uses
P02433,I00010,uses
P02434,I00002,uses
P02434,I00003,uses
P02435,I00004,uses
P02435,I00002,uses
P02435,I00001,uses
P02436,I00004,uses
P02437,I00002,uses
P02437,I00010,uses
P02438,I00002,uses
P02438,I00008,uses
P02439,I00002,uses
P02439,I00003,uses
P02440,I00004,uses
P02441,I00004,uses
P02442,I00002,uses
P02442,I00003,uses
P02443,I00004,uses
P02444,I00002,uses
P02444,I00005,uses
P02445,I00002,uses
P02445,I00008,uses
P02446,I00004,uses
P02446,I00002,uses
P02446,I00001,uses
P02447,I00002,uses
P02447,I00001,uses
P02448,I00002,uses
P02448,I00001,uses
P02449,I00002,uses
P02449,I00001,uses
P02450,I00004,uses
P02451,I00002,uses
P02451,I00005,uses
P02452,I00004,uses
P02453,I00004,uses
P02454,I00004,uses
P02454,I00002,uses
P02454,I00001,uses
P02455,I00004,uses
P02455,I00002,uses
P02455,I00001,uses
P02456,I00004,uses
P02456,I00002,uses
P02456,I00001,uses
P02457,I00002,uses
P02457,I00001,uses
P02458,I00004,uses
P02459,I00002,uses
P02459,I00003,uses
P02460,I00002,uses
P02460,I00003,uses
P02461,I00004,uses
P02461,I00002,uses
P02461,I00003,uses
P02462,I00002,uses
P02462,I00005,uses
P02463,I00002,uses
P02463,I00001,uses
P02464,I00004,uses
P02464,I00002,uses
P02464,I00001,uses
P02464,I00008,uses
P02465,I00002,uses
P02465,I00008,uses
P02466,I00002,uses
P02466,I00001,uses
P02467,I00004,uses
P02468,I00002,uses
P02468,I00011,uses
P02468,I00005,uses
P02469,I00002,uses
P02469,I00001,uses
P02469,I00008,uses
P02470,I00002,uses
P02470,I00001,uses
P02471,I00002,uses
P02471,I00001,uses
P02471,I00005,uses
P02472,I00004,uses
P02473,I00004,uses
P02474,I00004,uses
P02475,I00002,uses
P02475,I00010,uses
P02476,I00004,uses
P02477,I00002,uses
P02477,I00003,uses
P02478,I00002,uses
P02478,I00003,uses
P02479,I00002,uses
P02480,I00002,uses
P02480,I00003,uses
P02481,I00002,uses
P02481,I00010,uses
P02482,I00002,uses
P02482,I00003,uses
P02483,I00007,uses
P02484,I00002,uses
P02484,I00003,uses
P02485,I00004,uses
P02486,I00004,uses
P02487,I00004,uses
P02488,I00004,uses
P02489,I00004,uses
P02490,I00002,uses
P02490,I00003,uses
P02491,I00004,uses
P02492,I00004,uses
P02492,I00002,uses
P02492,I00005,uses
P02493,I00002,uses
P02493,I00001,uses
P02494,I00002,uses
P02494,I00005,uses
P02495,I00002,uses
P02495,I00003,uses
P02496,I00004,uses
P02497,I00004,uses
P02497,I00002,uses
P02497,I00003,uses
P02498,I00002,uses
P02498,I00010,uses
P02499,I00002,uses
P02499,I00008,uses
P02500,I00002,uses
P02500,I00001,uses
P02501,I00002,uses
P02501,I00010,uses
P02502,I00002,uses
P02502,I00005,uses
P02503,I00002,uses
P02503,I00008,uses
P02504,I00004,uses
P02504,I00002,uses
P02504,I00001,uses
P02504,I00005,uses
P02505,I00004,uses
P02505,I00002,uses
P02505,I00001,uses
P02505,I00003,uses
P02506,I00004,uses
P02506,I00002,uses
P02506,I00001,uses
P02506,I00005,uses
P02506,I00003,uses
P02507,I00004,uses
P02508,I00002,uses
P02508,I00001,uses
P02509,I00004,uses
P02510,I00002,uses
P02510,I00003,uses
P02511,I00004,uses
P02512,I00002,uses
P02512,I00001,uses
P02513,I00002,uses
P02513,I00005,uses
P02514,I00007,uses
P02515,I00007,uses
P02515,I00002,uses
P02515,I00001,uses
P02516,I00002,uses
P02516,I00010,uses
P02517,I00002,uses
P02517,I00003,uses
P02518,I00002,uses
P02518,I00003,uses
P02519,I00002,uses
P02519,I00005,uses
P02520,I00004,uses
P02521,I00002,uses
P02521,I00001,uses
P02522,I00002,uses
P02522,I00001,uses
P02523,I00002,uses
P02523,I00001,uses
P02524,I00004,uses
P02524,I00002,uses
P02524,I00001,uses
P02525,I00002,uses
P02526,I00002,uses
P02526,I00005,uses
P02527,I00002,uses
P02527,I00003,uses
P02528,I00002,uses
P02528,I00005,uses
P02529,I00007,uses
P02529,I00002,uses
P02529,I00003,uses
P02530,I00002,uses
P02530,I00001,uses
P02531,I00002,uses
P02531,I00001,uses
P02532,I00002,uses
P02532,I00001,uses
P02533,I00002,uses
P02533,I00001,uses
P02533,I00005,uses
P02534,I00002,uses
P02534,I00008,uses
P02535,I00004,uses
P02535,I00002,uses
P02535,I00005,uses
P02536,I00004,uses
P02537,I00004,uses
P02538,I00004,uses
P02539,I00002,uses
P02539,I00008,uses
P02540,I00002,uses
P02540,I00005,uses
P02541,I00002,uses
P02541,I00010,uses
P02542,I00004,uses
P02543,I00004,uses
P02543,I00002,uses
P02543,I00001,uses
P02544,I00004,uses
P02544,I00002,uses
P02544,I00001,uses
P02545,I00004,uses
P02545,I00002,uses
P02545,I00001,uses
P02546,I00007,uses
P02547,I00002,uses
P02547,I00001,uses
P02548,I00002,uses
P02548,I00008,uses
P02549,I00004,uses
P02550,I00002,uses
P02550,I00001,uses
P02551,I00002,uses
P02552,I00004,uses
P02553,I00004,uses
P02554,I00004,uses
P02554,I00002,uses
P02554,I00001,uses
P02555,I00002,uses
P02556,I00004,uses
P02557,I00002,uses
P02557,I00003,uses
P02558,I00007,uses
P02558,I00002,uses
P02558,I00003,uses
P02559,I00004,uses
P02560,I00004,uses
P02561,I00004,uses
P02561,I00002,uses
P02561,I00005,uses
P02562,I00004,uses
P02563,I00004,uses
P02564,I00004,uses
P02565,I00004,uses
P02566,I00004,uses
P02566,I00002,uses
P02566,I00001,uses
P02566,I00005,uses
P02567,I00002,uses
P02567,I00001,uses
P02568,I00002,uses
P02568,I00001,uses
P02569,I00002,uses
P02569,I00005,uses
P02570,I00002,uses
P02570,I00001,uses
P02570,I00005,uses
P02571,I00002,uses
P02571,I00005,uses
P02572,I00002,uses
P02572,I00008,uses
P02573,I00004,uses
P02573,I00002,uses
P02573,I00001,uses
P02573,I00005,uses
P02574,I00004,uses
P02575,I00002,uses
P02575,I00008,uses
P02576,I00004,uses
P02576,I00002,uses
P02576,I00001,uses
P02577,I00004,uses
P02578,I00002,uses
P02578,I00010,uses
P02578,I00008,uses
P02579,I00002,uses
P02579,I00008,uses
P02580,I00002,uses
P02580,I00005,uses
P02581,I00002,uses
P02581,I00001,uses
P02581,I00005,uses
P02582,I00004,uses
P02582,I00002,uses
P02582,I00005,uses
P02583,I00004,uses
P02584,I00002,uses
P02584,I00005,uses
P02585,I00004,uses
P02586,I00004,uses
P02586,I00002,uses
P02586,I00001,uses
P02587,I00002,uses
P02587,I00003,uses
P02588,I00002,uses
P02588,I00010,uses
P02589,I00004,uses
P02590,I00004,uses
P02591,I00004,uses
P02592,I00002,uses
P02592,I00003,uses
P02593,I00002,uses
P02593,I00003,uses
P02594,I00002,uses
P02594,I00001,uses
P02595,I00004,uses
P02596,I00002,uses
P02596,I00010,uses
P02597,I00002,uses
P02597,I00008,uses
P02598,I00004,uses
P02599,I00004,uses
P02600,I00004,uses
P02601,I00002,uses
P02601,I00008,uses
P02602,I00004,uses
P02603,I00004,uses
P02604,I00002,uses
P02604,I00010,uses
P02605,I00002,uses
P02605,I00008,uses
P02606,I00004,uses
P02606,I00002,uses
P02606,I00001,uses
P02606,I00011,uses
P02607,I00002,uses
P02607,I00008,uses
P02608,I00002,uses
P02608,I00003,uses
P02609,I00004,uses
P02610,I00002,uses
P02610,I00005,uses
P02611,I00004,uses
P02612,I00004,uses
P02612,I00002,uses
P02612,I00001,uses
P02613,I00002,uses
P02613,I00001,uses
P02614,I00004,uses
P02615,I00004,uses
P02615,I00002,uses
P02615,I00001,uses
P02616,I00004,uses
P02617,I00004,uses
P02618,I00002,uses
P02618,I00001,uses
P02618,I00003,uses
P02619,I00002,uses
P02619,I00005,uses
P02620,I00004,uses
P02621,I00004,uses
P02621,I00002,uses
P02621,I00005,uses
P02622,I00004,uses
P02622,I00002,uses
P02622,I00001,uses
P02623,I00004,uses
P02624,I00002,uses
P02624,I00003,uses
P02625,I00004,uses
P02626,I00002,uses
P02626,I00001,uses
P02626,I00008,uses
P02627,I00004,uses
P02627,I00002,uses
P02627,I00005,uses
P02628,I00002,uses
P02628,I00003,uses
P02629,I00004,uses
P02630,I00004,uses
P02631,I00002,uses
P02631,I00003,uses
P02632,I00002,uses
P02632,I00010,uses
P02633,I00002,uses
P02633,I00011,uses
P02634,I00002,uses
P02634,I00003,uses
P02635,I00002,uses
P02635,I00008,uses
P02636,I00004,uses
P02637,I00002,uses
P02637,I00005,uses
P02638,I00002,uses
P02638,I00005,uses
P02639,I00004,uses
P02639,I00002,uses
P02639,I00001,uses
P02640,I00002,uses
P02640,I00008,uses
P02641,I00002,uses
P02641,I00010,uses
P02642,I00002,uses
P02642,I00003,uses
P02643,I00004,uses
P02644,I00002,uses
P02644,I00003,uses
P02645,I00004,uses
P02645,I00002,uses
P02645,I00003,uses
P02646,I00002,uses
P02646,I00005,uses
P02647,I00004,uses
P02647,I00002,uses
P02647,I00010,uses
P02648,I00004,uses
P02649,I00002,uses
P02649,I00001,uses
P02650,I00002,uses
P02650,I00008,uses
P02651,I00002,uses
P02651,I00010,uses
P02652,I00002,uses
P02652,I00008,uses
P02653,I00002,uses
P02653,I00003,uses
P02654,I00002,uses
P02654,I00005,uses
P02655,I00004,uses
P02656,I00002,uses
P02656,I00001,uses
P02657,I00004,uses
P02657,I00002,uses
P02657,I00003,uses
P02658,I00002,uses
P02658,I00010,uses
P02659,I00004,uses
P02659,I00002,uses
P02659,I00011,uses
P02660,I00004,uses
P02660,I00002,uses
P02660,I00001,uses
P02661,I00002,uses
P02661,I00010,uses
P02662,I00004,uses
P02662,I00002,uses
P02662,I00001,uses
P02663,I00004,uses
P02664,I00002,uses
P02664,I00008,uses
P02665,I00002,uses
P02665,I00001,uses
P02666,I00004,uses
P02667,I00004,uses
P02667,I00002,uses
P02667,I00010,uses
P02667,I00001,uses
P02668,I00004,uses
P02668,I00002,uses
P02668,I00001,uses
P02669,I00002,uses
P02669,I00001,uses
P02669,I00003,uses
P02670,I00004,uses
P02670,I00002,uses
P02670,I00001,uses
P02671,I00002,uses
P02671,I00005,uses
P02672,I00002,uses
P02672,I00005,uses
P02673,I00002,uses
P02673,I00005,uses
P02674,I00002,uses
P02674,I00005,uses
P02675,I00004,uses
P02675,I00002,uses
P02675,I00001,uses
P02676,I00002,uses
P02676,I00005,uses
P02677,I00002,uses
P02677,I00003,uses
P02678,I00002,uses
P02678,I00005,uses
P02679,I00002,uses
P02679,I00010,uses
P02680,I00002,uses
P02680,I00010,uses
P02681,I00002,uses
P02681,I00010,uses
P02681,I00008,uses
P02682,I00004,uses
P02683,I00002,uses
P02683,I00001,uses
P02684,I00002,uses
P02684,I00001,uses
P02684,I00005,uses
P02685,I00004,uses
P02686,I00004,uses
P02687,I00004,uses
P02687,I00002,uses
P02687,I00005,uses
P02688,I00002,uses
P02688,I00003,uses
P02689,I00004,uses
P02689,I00002,uses
P02689,I00001,uses
P02690,I00004,uses
P02691,I00002,uses
P02691,I00003,uses
P02692,I00002,uses
P02692,I00010,uses
P02693,I00007,uses
P02694,I00004,uses
P02694,I00002,uses
P02694,I00003,uses
P02695,I00002,uses
P02695,I00005,uses
P02696,I00004,uses
P02697,I00004,uses
P02698,I00004,uses
P02698,I00007,uses
P02698,I00002,uses
P02698,I00003,uses
P02699,I00002,uses
P02699,I00003,uses
P02700,I00002,uses
P02700,I00001,uses
P02701,I00004,uses
P02702,I00002,uses
P02702,I00001,uses
P02703,I00002,uses
P02703,I00005,uses
P02703,I00003,uses
P02704,I00004,uses
P02705,I00002,uses
P02705,I00003,uses
P02706,I00002,uses
P02706,I00003,uses
P02707,I00002,uses
P02707,I00003,uses
P02708,I00002,uses
P02708,I00003,uses
P02709,I00002,uses
P02709,I00003,uses
P02710,I00002,uses
P02710,I00003,uses
P02711,I00007,uses
P02712,I00002,uses
P02712,I00010,uses
P02713,I00002,uses
P02713,I00010,uses
P02714,I00002,uses
P02714,I00003,uses
P02715,I00002,uses
P02715,I00003,uses
P02716,I00002,uses
P02716,I00008,uses
P02717,I00002,uses
P02717,I00010,uses
P02718,I00004,uses
P02719,I00004,uses
P02720,I00002,uses
P02720,I00003,uses
P02721,I00004,uses
P02721,I00002,uses
P02721,I00001,uses
P02722,I00002,uses
P02722,I00001,uses
P02723,I00004,uses
P02723,I00002,uses
P02723,I00001,uses
P02723,I00003,uses
P02724,I00004,uses
P02724,I00002,uses
P02724,I00001,uses
P02724,I00003,uses
P02725,I00004,uses
P02726,I00002,uses
P02726,I00001,uses
P02727,I00004,uses
P02727,I00002,uses
P02727,I00001,uses
P02728,I00004,uses
P02729,I00002,uses
P02729,I00001,uses
P02730,I00002,uses
P02730,I00010,uses
P02731,I00002,uses
P02731,I00001,uses
P02732,I00004,uses
P02733,I00002,uses
P02733,I00001,uses
P02734,I00002,uses
P02734,I00003,uses
P02735,I00002,uses
P02735,I00005,uses
P02736,I00002,uses
P02736,I00005,uses
P02736,I00003,uses
P02737,I00002,uses
P02737,I00010,uses
P02738,I00004,uses
P02738,I00002,uses
P02738,I00001,uses
P02738,I00003,uses
P02739,I00007,uses
P02739,I00002,uses
P02739,I00001,uses
P02740,I00004,uses
P02741,I00002,uses
P02741,I00001,uses
P02742,I00002,uses
P02742,I00003,uses
P02743,I00004,uses
P02743,I00002,uses
P02743,I00005,uses
P02744,I00002,uses
P02744,I00010,uses
P02744,I00008,uses
P02745,I00002,uses
P02745,I00003,uses
P02746,I00002,uses
P02746,I00003,uses
P02747,I00004,uses
P02747,I00002,uses
P02747,I00001,uses
P02747,I00003,uses
P02748,I00004,uses
P02748,I00002,uses
P02748,I00001,uses
P02749,I00004,uses
P02750,I00004,uses
P02751,I00002,uses
P02752,I00004,uses
P02753,I00004,uses
P02754,I00002,uses
P02754,I00010,uses
P02755,I00002,uses
P02755,I00005,uses
P02756,I00002,uses
P02756,I00001,uses
P02757,I00002,uses
P02757,I00008,uses
P02758,I00002,uses
P02758,I00005,uses
P02759,I00002,uses
P02759,I00003,uses
P02760,I00004,uses
P02760,I00002,uses
P02760,I00003,uses
P02761,I00002,uses
P02761,I00010,uses
P02762,I00004,uses
P02763,I00002,uses
P02763,I00003,uses
P02764,I00004,uses
P02765,I00004,uses
P02765,I00002,uses
P02765,I00001,uses
P02765,I00011,uses
P02766,I00002,uses
P02766,I00005,uses
P02767,I00004,uses
P02768,I00002,uses
P02768,I00008,uses
P02769,I00004,uses
P02770,I00004,uses
P02771,I00002,uses
P02771,I00005,uses
P02772,I00004,uses
P02773,I00002,uses
P02773,I00008,uses
P02774,I00004,uses
P02774,I00002,uses
P02774,I00001,uses
P02775,I00004,uses
P02775,I00002,uses
P02775,I00003,uses
P02776,I00002,uses
P02776,I00003,uses
P02777,I00002,uses
P02777,I00001,uses
P02778,I00002,uses
P02778,I00005,uses
P02779,I00004,uses
P02780,I00004,uses
P02781,I00002,uses
P02781,I00001,uses
P02782,I00002,uses
P02782,I00001,uses
P02783,I00004,uses
P02783,I00002,uses
P02783,I00003,uses
P02784,I00004,uses
P02785,I00004,uses
P02785,I00002,uses
P02785,I00001,uses
P02786,I00004,uses
P02786,I00002,uses
P02786,I00001,uses
P02786,I00009,uses
P02787,I00004,uses
P02788,I00004,uses
P02789,I00002,uses
P02789,I00005,uses
P02790,I00002,uses
P02790,I00005,uses
P02791,I00002,uses
P02791,I00005,uses
P02792,I00002,uses
P02792,I00010,uses
P02793,I00002,uses
P02793,I00001,uses
P02794,I00002,uses
P02794,I00003,uses
P02795,I00004,uses
P02796,I00004,uses
P02797,I00002,uses
P02797,I00003,uses
P02798,I00004,uses
P02799,I00002,uses
P02799,I00010,uses
P02800,I00004,uses
P02801,I00004,uses
P02802,I00004,uses
P02802,I00002,uses
P02802,I00001,uses
P02803,I00004,uses
P02804,I00002,uses
P02804,I00010,uses
P02805,I00004,uses
P02805,I00002,uses
P02805,I00010,uses
P02806,I00002,uses
P02806,I00010,uses
P02807,I00002,uses
P02807,I00003,uses
P02808,I00002,uses
P02808,I00001,uses
P02809,I00004,uses
P02810,I00002,uses
P02810,I00003,uses
P02811,I00002,uses
P02811,I00001,uses
P02812,I00004,uses
P02813,I00004,uses
P02814,I00002,uses
P02814,I00005,uses
P02815,I00002,uses
P02815,I00001,uses
P02816,I00004,uses
P02817,I00002,uses
P02817,I00003,uses
P02818,I00002,uses
P02818,I00001,uses
P02819,I00004,uses
P02820,I00007,uses
P02821,I00002,uses
P02821,I00005,uses
P02821,I00003,uses
P02822,I00004,uses
P02823,I00004,uses
P02824,I00002,uses
P02824,I00001,uses
P02825,I00002,uses
P02825,I00001,uses
P02826,I00004,uses
P02826,I00002,uses
P02826,I00001,uses
P02826,I00011,uses
P02827,I00002,uses
P02827,I00001,uses
P02828,I00007,uses
P02829,I00004,uses
P02830,I00004,uses
P02831,I00002,uses
P02831,I00001,uses
P02832,I00002,uses
P02832,I00011,uses
P02833,I00002,uses
P02833,I00010,uses
P02834,I00002,uses
P02834,I00005,uses
P02835,I00004,uses
P02835,I00002,uses
P02835,I00001,uses
P02836,I00002,uses
P02836,I00003,uses
P02837,I00002,uses
P02837,I00005,uses
P02838,I00002,uses
P02838,I00010,uses
P02839,I00002,uses
P02839,I00010,uses
P02840,I00002,uses
P02840,I00001,uses
P02841,I00004,uses
P02842,I00002,uses
P02842,I00005,uses
P02843,I00002,uses
P02843,I00001,uses
P02844,I00002,uses
P02844,I00001,uses
P02845,I00004,uses
P02845,I00002,uses
P02845,I00001,uses
P02846,I00004,uses
P02847,I00002,uses
P02847,I00005,uses
P02848,I00002,uses
P02848,I00008,uses
P02849,I00004,uses
P02850,I00002,uses
P02850,I00008,uses
P02851,I00002,uses
P02851,I00003,uses
P02852,I00004,uses
P02853,I00002,uses
P02853,I00003,uses
P02854,I00004,uses
P02855,I00002,uses
P02855,I00005,uses
P02856,I00002,uses
P02856,I00005,uses
P02857,I00002,uses
P02857,I00010,uses
P02858,I00002,uses
P02858,I00008,uses
P02859,I00002,uses
P02859,I00001,uses
P02860,I00002,uses
P02860,I00001,uses
P02861,I00004,uses
P02862,I00004,uses
P02863,I00004,uses
P02864,I00004,uses
P02865,I00002,uses
P02865,I00001,uses
P02865,I00011,uses
P02866,I00002,uses
P02866,I00003,uses
P02867,I00007,uses
P02868,I00002,uses
P02868,I00010,uses
P02869,I00004,uses
P02870,I00007,uses
P02871,I00004,uses
P02872,I00002,uses
P02872,I00005,uses
P02873,I00004,uses
P02874,I00004,uses
P02875,I00004,uses
P02875,I00002,uses
P02875,I00001,uses
P02875,I00012,uses
P02876,I00002,uses
P02876,I00010,uses
P02877,I00002,uses
P02877,I00001,uses
P02877,I00011,uses
P02878,I00004,uses
P02879,I00004,uses
P02880,I00002,uses
P02880,I00001,uses
P02880,I00005,uses
P02881,I00002,uses
P02881,I00010,uses
P02882,I00004,uses
P02882,I00002,uses
P02882,I00008,uses
P02882,I00005,uses
P02883,I00002,uses
P02883,I00010,uses
P02884,I00002,uses
P02884,I00005,uses
P02885,I00002,uses
P02885,I00005,uses
P02886,I00002,uses
P02887,I00002,uses
P02887,I00003,uses
P02888,I00002,uses
P02888,I00011,uses
P02889,I00004,uses
P02890,I00002,uses
P02890,I00001,uses
P02891,I00002,uses
P02891,I00005,uses
P02892,I00004,uses
P02893,I00002,uses
P02893,I00005,uses
P02894,I00002,uses
P02894,I00003,uses
P02895,I00002,uses
P02895,I00008,uses
P02896,I00002,uses
P02896,I00005,uses
P02897,I00002,uses
P02897,I00010,uses
P02898,I00002,uses
P02898,I00010,uses
P02899,I00002,uses
P02899,I00010,uses
P02900,I00004,uses
P02901,I00004,uses
P02902,I00002,uses
P02902,I00003,uses
P02903,I00004,uses
P02903,I00002,uses
P02903,I00001,uses
P02904,I00004,uses
P02904,I00002,uses
P02904,I00001,uses
P02905,I00004,uses
P02906,I00004,uses
P02907,I00004,uses
P02908,I00002,uses
P02908,I00005,uses
P02909,I00004,uses
P02909,I00002,uses
P02909,I00001,uses
P02909,I00003,uses
P02910,I00002,uses
P02910,I00001,uses
P02911,I00002,uses
P02911,I00001,uses
P02912,I00004,uses
P02913,I00004,uses
P02913,I00002,uses
P02913,I00001,uses
P02914,I00002,uses
P02914,I00010,uses
P02914,I00008,uses
P02915,I00002,uses
P02915,I00001,uses
P02916,I00002,uses
P02916,I00003,uses
P02917,I00004,uses
P02918,I00007,uses
P02919,I00002,uses
P02919,I00008,uses
P02920,I00002,uses
P02920,I00011,uses
P02921,I00002,uses
P02921,I00010,uses
P02922,I00002,uses
P02922,I00003,uses
P02923,I00004,uses
P02924,I00004,uses
P02925,I00002,uses
P02925,I00001,uses
P02925,I00003,uses
P02926,I00002,uses
P02926,I00003,uses
P02927,I00002,uses
P02927,I00005,uses
P02928,I00002,uses
P02928,I00003,uses
P02929,I00002,uses
P02929,I00010,uses
P02929,I00008,uses
P02930,I00002,uses
P02930,I00003,uses
P02931,I00004,uses
P02932,I00002,uses
P02932,I00003,uses
P02933,I00002,uses
P02933,I00003,uses
P02934,I00004,uses
P02935,I00004,uses
P02936,I00002,uses
P02936,I00005,uses
P02937,I00004,uses
P02938,I00004,uses
P02939,I00002,uses
P02939,I00008,uses
P02940,I00002,uses
P02940,I00001,uses
P02941,I00002,uses
P02941,I00003,uses
P02942,I00002,uses
P02942,I00003,uses
P02943,I00002,uses
P02943,I00008,uses
P02944,I00002,uses
P02944,I00010,uses
P02945,I00002,uses
P02945,I00005,uses
P02946,I00004,uses
P02947,I00004,uses
P02948,I00004,uses
P02949,I00002,uses
P02949,I00010,uses
P02950,I00004,uses
P02951,I00002,uses
P02951,I00003,uses
P02952,I00004,uses
P02953,I00002,uses
P02953,I00003,uses
P02954,I00002,uses
P02954,I00001,uses
P02955,I00004,uses
P02956,I00004,uses
P02957,I00002,uses
P02957,I00001,uses
P02958,I00002,uses
P02958,I00010,uses
P02959,I00002,uses
P02959,I00008,uses
P02960,I00004,uses
P02961,I00002,uses
P02961,I00001,uses
P02962,I00002,uses
P02962,I00005,uses
P02963,I00002,uses
P02963,I00005,uses
P02964,I00004,uses
P02964,I00006,uses
P02964,I00002,uses
P02964,I00001,uses
P02965,I00002,uses
P02965,I00010,uses
P02966,I00002,uses
P02966,I00003,uses
P02967,I00002,uses
P02967,I00003,uses
P02968,I00002,uses
P02968,I00003,uses
P02969,I00002,uses
P02969,I00003,uses
P02970,I00004,uses
P02971,I00002,uses
P02971,I00010,uses
P02972,I00002,uses
P02973,I00002,uses
P02973,I00010,uses
P02974,I00002,uses
P02974,I00003,uses
P02975,I00004,uses
P02975,I00002,uses
P02975,I00001,uses
P02976,I00004,uses
P02977,I00004,uses
P02978,I00007,uses
P02979,I00002,uses
P02979,I00003,uses
P02980,I00004,uses
P02981,I00004,uses
P02981,I00002,uses
P02981,I00003,uses
P02982,I00002,uses
P02982,I00010,uses
P02982,I00001,uses
P02983,I00004,uses
P02984,I00004,uses
P02985,I00002,uses
P02985,I00010,uses
P02986,I00002,uses
P02986,I00003,uses
P02987,I00002,uses
P02987,I00008,uses
P02988,I00002,uses
P02988,I00001,uses
P02989,I00004,uses
P02990,I00004,uses
P02991,I00004,uses
P02992,I00002,uses
P02992,I00010,uses
P02993,I00002,uses
P02993,I00010,uses
P02993,I00005,uses
P02993,I00003,uses
P02994,I00002,uses
P02994,I00008,uses
P02995,I00002,uses
P02995,I00010,uses
P02996,I00002,uses
P02996,I00003,uses
P02997,I00007,uses
P02997,I00002,uses
P02997,I00001,uses
P02997,I00005,uses
P02998,I00002,uses
P02998,I00003,uses
P02999,I00004,uses
P03000,I00004,uses
P03001,I00002,uses
P03001,I00003,uses
P03002,I00007,uses
P03003,I00004,uses
P03003,I00002,uses
P03003,I00001,uses
P03004,I00004,uses
P03005,I00004,uses
P03006,I00002,uses
P03006,I00001,uses
P03007,I00004,uses
P03008,I00004,uses
P03008,I00002,uses
P03008,I00001,uses
P03009,I00007,uses
P03009,I00002,uses
P03009,I00003,uses
P03010,I00002,uses
P03010,I00008,uses
P03011,I00002,uses
P03011,I00003,uses
P03012,I00002,uses
P03012,I00001,uses
P03012,I00003,uses
P03013,I00002,uses
P03013,I00010,uses
P03014,I00004,uses
P03015,I00004,uses
P03015,I00002,uses
P03015,I00001,uses
P03016,I00004,uses
P03017,I00004,uses
P03017,I00002,uses
P03017,I00001,uses
P03018,I00002,uses
P03018,I00001,uses
P03019,I00002,uses
P03019,I00001,uses
P03020,I00002,uses
P03020,I00001,uses
P03021,I00002,uses
P03021,I00003,uses
P03022,I00002,uses
P03022,I00001,uses
P03023,I00002,uses
P03023,I00005,uses
P03024,I00004,uses
P03025,I00004,uses
P03026,I00004,uses
P03027,I00004,uses
P03027,I00002,uses
P03027,I00001,uses
P03028,I00002,uses
P03028,I00010,uses
P03029,I00002,uses
P03029,I00010,uses
P03029,I00008,uses
P03030,I00002,uses
P03030,I00001,uses
P03031,I00002,uses
P03031,I00005,uses
P03032,I00002,uses
P03032,I00003,uses
P03033,I00002,uses
P03033,I00010,uses
P03033,I00008,uses
P03034,I00002,uses
P03034,I00003,uses
P03035,I00002,uses
P03035,I00003,uses
P03036,I00002,uses
P03036,I00001,uses
P03037,I00002,uses
P03037,I00001,uses
P03038,I00002,uses
P03038,I00003,uses
P03039,I00004,uses
P03040,I00002,uses
P03040,I00003,uses
P03041,I00002,uses
P03041,I00003,uses
P03042,I00002,uses
P03042,I00010,uses
P03043,I00004,uses
P03043,I00002,uses
P03043,I00001,uses
P03044,I00004,uses
P03045,I00004,uses
P03046,I00004,uses
P03047,I00002,uses
P03047,I00001,uses
P03048,I00004,uses
P03049,I00002,uses
P03049,I00001,uses
P03050,I00002,uses
P03050,I00001,uses
P03051,I00002,uses
P03051,I00003,uses
P03052,I00002,uses
P03052,I00003,uses
P03053,I00004,uses
P03054,I00002,uses
P03054,I00003,uses
P03055,I00002,uses
P03055,I00005,uses
P03056,I00002,uses
P03056,I00003,uses
P03057,I00002,uses
P03057,I00003,uses
P03058,I00002,uses
P03058,I00003,uses
P03059,I00002,uses
P03059,I00003,uses
P03060,I00004,uses
P03061,I00004,uses
P03062,I00004,uses
P03063,I00004,uses
P03064,I00004,uses
P03065,I00002,uses
P03065,I00001,uses
P03065,I00008,uses
P03066,I00004,uses
P03067,I00004,uses
P03068,I00002,uses
P03068,I00003,uses
P03069,I00002,uses
P03069,I00001,uses
P03070,I00004,uses
P03071,I00004,uses
P03072,I00004,uses
P03072,I00002,uses
P03072,I00001,uses
P03072,I00011,uses
P03073,I00002,uses
P03073,I00010,uses
P03074,I00004,uses
P03075,I00004,uses
P03076,I00004,uses
P03077,I00002,uses
P03077,I00001,uses
P03077,I00005,uses
P03078,I00002,uses
P03078,I00010,uses
P03079,I00002,uses
P03079,I00003,uses
P03080,I00002,uses
P03080,I00003,uses
P03081,I00002,uses
P03081,I00001,uses
P03082,I00002,uses
P03082,I00003,uses
P03083,I00002,uses
P03083,I00010,uses
P03084,I00002,uses
P03084,I00005,uses
P03085,I00002,uses
P03085,I00010,uses
P03085,I00008,uses
P03085,I00005,uses
P03086,I00004,uses
P03087,I00002,uses
P03087,I00003,uses
P03088,I00004,uses
P03088,I00002,uses
P03088,I00001,uses
P03088,I00005,uses
P03089,I00002,uses
P03089,I00001,uses
P03090,I00004,uses
P03091,I00002,uses
P03091,I00003,uses
P03092,I00002,uses
P03092,I00001,uses
P03093,I00004,uses
P03093,I00002,uses
P03093,I00001,uses
P03094,I00004,uses
P03095,I00004,uses
P03095,I00002,uses
P03095,I00010,uses
P03095,I00001,uses
P03096,I00004,uses
P03096,I00002,uses
P03096,I00010,uses
P03096,I00001,uses
P03096,I00008,uses
P03097,I00002,uses
P03097,I00010,uses
P03098,I00002,uses
P03098,I00001,uses
P03099,I00004,uses
P03100,I00004,uses
P03101,I00004,uses
P03102,I00002,uses
P03102,I00005,uses
P03103,I00002,uses
P03103,I00008,uses
P03104,I00002,uses
P03104,I00003,uses
P03105,I00002,uses
P03105,I00003,uses
P03106,I00004,uses
P03107,I00002,uses
P03107,I00005,uses
P03108,I00002,uses
P03108,I00001,uses
P03109,I00002,uses
P03109,I00001,uses
P03109,I00005,uses
P03110,I00004,uses
P03110,I00002,uses
P03110,I00001,uses
P03111,I00002,uses
P03111,I00010,uses
P03111,I00008,uses
P03112,I00002,uses
P03112,I00008,uses
P03113,I00004,uses
P03114,I00004,uses
P03115,I00002,uses
P03115,I00005,uses
P03116,I00004,uses
P03117,I00002,uses
P03117,I00008,uses
P03118,I00004,uses
P03119,I00002,uses
P03119,I00003,uses
P03120,I00002,uses
P03120,I00003,uses
P03121,I00007,uses
P03121,I00002,uses
P03121,I00003,uses
P03122,I00002,uses
P03122,I00010,uses
P03123,I00002,uses
P03123,I00005,uses
P03124,I00004,uses
P03125,I00004,uses
P03125,I00002,uses
P03125,I00001,uses
P03125,I00005,uses
P03126,I00002,uses
P03126,I00005,uses
P03127,I00002,uses
P03127,I00005,uses
P03127,I00003,uses
P03128,I00002,uses
P03128,I00010,uses
P03129,I00002,uses
P03129,I00003,uses
P03130,I00004,uses
P03131,I00004,uses
P03132,I00002,uses
P03132,I00010,uses
P03133,I00002,uses
P03133,I00003,uses
P03134,I00002,uses
P03134,I00003,uses
P03135,I00002,uses
P03135,I00011,uses
P03136,I00004,uses
P03136,I00002,uses
P03136,I00005,uses
P03137,I00002,uses
P03138,I00004,uses
P03138,I00002,uses
P03138,I00001,uses
P03139,I00002,uses
P03139,I00003,uses
P03140,I00002,uses
P03140,I00001,uses
P03141,I00002,uses
P03141,I00008,uses
P03142,I00002,uses
P03142,I00005,uses
P03143,I00002,uses
P03143,I00005,uses
P03144,I00004,uses
P03145,I00002,uses
P03145,I00005,uses
P03146,I00002,uses
P03146,I00005,uses
P03147,I00002,uses
P03147,I00011,uses
P03147,I00012,uses
P03148,I00002,uses
P03148,I00003,uses
P03149,I00002,uses
P03149,I00003,uses
P03150,I00004,uses
P03151,I00002,uses
P03151,I00001,uses
P03152,I00002,uses
P03152,I00003,uses
P03153,I00004,uses
P03153,I00002,uses
P03153,I00001,uses
P03154,I00002,uses
P03154,I00005,uses
P03155,I00002,uses
P03155,I00003,uses
P03156,I00007,uses
P03157,I00004,uses
P03158,I00004,uses
P03158,I00002,uses
P03158,I00001,uses
P03159,I00004,uses
P03159,I00002,uses
P03159,I00001,uses
P03160,I00004,uses
P03160,I00002,uses
P03160,I00001,uses
P03161,I00004,uses
P03161,I00002,uses
P03161,I00001,uses
P03162,I00004,uses
P03162,I00002,uses
P03162,I00001,uses
P03163,I00002,uses
P03163,I00005,uses
P03164,I00002,uses
P03164,I00001,uses
P03165,I00004,uses
P03166,I00002,uses
P03166,I00005,uses
P03167,I00004,uses
P03167,I00002,uses
P03167,I00001,uses
P03167,I00008,uses
P03168,I00004,uses
P03168,I00007,uses
P03169,I00002,uses
P03169,I00003,uses
P03170,I00002,uses
P03170,I00005,uses
P03171,I00002,uses
P03171,I00005,uses
P03172,I00002,uses
P03172,I00005,uses
P03173,I00004,uses
P03174,I00002,uses
P03174,I00001,uses
P03175,I00004,uses
P03176,I00002,uses
P03176,I00012,uses
P03177,I00002,uses
P03177,I00008,uses
P03178,I00002,uses
P03178,I00001,uses
P03178,I00009,uses
P03179,I00004,uses
P03179,I00002,uses
P03179,I00001,uses
P03180,I00004,uses
P03181,I00002,uses
P03181,I00008,uses
P03182,I00002,uses
P03182,I00003,uses
P03183,I00002,uses
P03183,I00008,uses
P03184,I00004,uses
P03185,I00002,uses
P03185,I00001,uses
P03186,I00004,uses
P03186,I00002,uses
P03186,I00010,uses
P03186,I00001,uses
P03187,I00004,uses
P03188,I00002,uses
P03188,I00008,uses
P03189,I00002,uses
P03189,I00001,uses
P03190,I00007,uses
P03191,I00002,uses
P03191,I00003,uses
P03192,I00002,uses
P03192,I00005,uses
P03193,I00002,uses
P03193,I00005,uses
P03194,I00002,uses
P03194,I00005,uses
P03195,I00002,uses
P03195,I00003,uses
P03196,I00002,uses
P03196,I00003,uses
P03197,I00004,uses
P03197,I00002,uses
P03197,I00008,uses
P03197,I00005,uses
P03198,I00002,uses
P03198,I00008,uses
P03199,I00002,uses
P03199,I00010,uses
P03200,I00002,uses
P03200,I00010,uses
P03200,I00001,uses
P03200,I00008,uses
P03200,I00005,uses
P03201,I00004,uses
P03202,I00002,uses
P03202,I00001,uses
P03203,I00002,uses
P03203,I00005,uses
P03204,I00004,uses
P03205,I00002,uses
P03205,I00003,uses
P03206,I00002,uses
P03206,I00010,uses
P03207,I00004,uses
P03208,I00004,uses
P03209,I00002,uses
P03209,I00001,uses
P03210,I00002,uses
P03210,I00010,uses
P03210,I00008,uses
P03211,I00002,uses
P03211,I00010,uses
P03212,I00002,uses
P03212,I00003,uses
P03213,I00004,uses
P03214,I00002,uses
P03214,I00010,uses
P03215,I00002,uses
P03215,I00005,uses
P03216,I00002,uses
P03216,I00010,uses
P03216,I00005,uses
P03217,I00002,uses
P03217,I00010,uses
P03218,I00002,uses
P03218,I00008,uses
P03219,I00002,uses
P03219,I00005,uses
P03220,I00002,uses
P03220,I00003,uses
P03221,I00002,uses
P03221,I00008,uses
P03222,I00002,uses
P03223,I00002,uses
P03223,I00008,uses
P03224,I00002,uses
P03224,I00010,uses
P03225,I00002,uses
P03225,I00005,uses
P03226,I00002,uses
P03226,I00003,uses
P03227,I00002,uses
P03227,I00003,uses
P03228,I00004,uses
P03229,I00002,uses
P03230,I00002,uses
P03230,I00003,uses
P03231,I00002,uses
P03231,I00010,uses
P03232,I00004,uses
P03233,I00002,uses
P03233,I00003,uses
P03234,I00002,uses
P03234,I00001,uses
P03235,I00004,uses
P03235,I00002,uses
P03235,I00001,uses
P03235,I00003,uses
P03236,I00002,uses
P03236,I00005,uses
P03237,I00002,uses
P03237,I00001,uses
P03238,I00002,uses
P03238,I00003,uses
P03239,I00004,uses
P03239,I00002,uses
P03239,I00001,uses
P03239,I00003,uses
P03240,I00002,uses
P03240,I00005,uses
P03241,I00002,uses
P03241,I00005,uses
P03242,I00002,uses
P03242,I00010,uses
P03243,I00004,uses
P03244,I00004,uses
P03244,I00002,uses
P03244,I00001,uses
P03245,I00004,uses
P03245,I00002,uses
P03245,I00001,uses
P03246,I00002,uses
P03246,I00003,uses
P03247,I00002,uses
P03247,I00001,uses
P03248,I00002,uses
P03248,I00001,uses
P03249,I00002,uses
P03249,I00001,uses
P03250,I00002,uses
P03250,I00001,uses
P03251,I00002,uses
P03251,I00005,uses
P03252,I00002,uses
P03252,I00010,uses
P03253,I00004,uses
P03254,I00004,uses
P03254,I00002,uses
P03254,I00001,uses
P03255,I00002,uses
P03255,I00003,uses
P03256,I00002,uses
P03256,I00005,uses
P03257,I00002,uses
P03257,I00003,uses
P03258,I00002,uses
P03258,I00003,uses
P03259,I00002,uses
P03259,I00001,uses
P03259,I00005,uses
P03260,I00002,uses
P03260,I00001,uses
P03261,I00002,uses
P03262,I00004,uses
P03262,I00002,uses
P03262,I00003,uses
P03263,I00002,uses
P03263,I00008,uses
P03264,I00002,uses
P03264,I00003,uses
P03265,I00004,uses
P03265,I00002,uses
P03265,I00001,uses
P03266,I00004,uses
P03267,I00004,uses
P03267,I00002,uses
P03267,I00005,uses
P03268,I00002,uses
P03268,I00003,uses
P03269,I00002,uses
P03270,I00002,uses
P03270,I00001,uses
P03271,I00007,uses
P03272,I00002,uses
P03272,I00001,uses
P03273,I00002,uses
P03273,I00005,uses
P03274,I00002,uses
P03274,I00003,uses
P03275,I00002,uses
P03275,I00003,uses
P03276,I00004,uses
P03276,I00002,uses
P03276,I00001,uses
P03277,I00002,uses
P03277,I00008,uses
P03278,I00002,uses
P03278,I00003,uses
P03279,I00002,uses
P03279,I00003,uses
P03280,I00002,uses
P03280,I00005,uses
P03281,I00004,uses
P03281,I00002,uses
P03281,I00003,uses
P03282,I00004,uses
P03283,I00002,uses
P03283,I00005,uses
P03284,I00002,uses
P03284,I00001,uses
P03285,I00002,uses
P03285,I00008,uses
P03286,I00004,uses
P03287,I00002,uses
P03287,I00005,uses
P03288,I00002,uses
P03288,I00012,uses
P03289,I00002,uses
P03289,I00001,uses
P03290,I00004,uses
P03291,I00002,uses
P03291,I00003,uses
P03292,I00004,uses
P03293,I00004,uses
P03293,I00002,uses
P03293,I00001,uses
P03293,I00003,uses
P03294,I00002,uses
P03294,I00001,uses
P03295,I00004,uses
P03296,I00004,uses
P03297,I00002,uses
P03297,I00001,uses
P03298,I00002,uses
P03298,I00003,uses
P03299,I00002,uses
P03299,I00001,uses
P03300,I00007,uses
P03301,I00004,uses
P03302,I00002,uses
P03302,I00001,uses
P03303,I00007,uses
P03304,I00002,uses
P03304,I00005,uses
P03305,I00004,uses
P03306,I00002,uses
P03306,I00010,uses
P03307,I00002,uses
P03307,I00003,uses
P03308,I00004,uses
P03309,I00002,uses
P03309,I00010,uses
P03309,I00008,uses
P03310,I00002,uses
P03310,I00003,uses
P03311,I00007,uses
P03312,I00002,uses
P03312,I00010,uses
P03313,I00002,uses
P03313,I00001,uses
P03314,I00004,uses
P03314,I00002,uses
P03314,I00001,uses
P03314,I00003,uses
P03315,I00002,uses
P03315,I00003,uses
P03316,I00004,uses
P03317,I00004,uses
P03318,I00004,uses
P03319,I00004,uses
P03320,I00002,uses
P03320,I00001,uses
P03321,I00004,uses
P03321,I00002,uses
P03321,I00001,uses
P03321,I00011,uses
P03322,I00004,uses
P03322,I00002,uses
P03322,I00001,uses
P03322,I00005,uses
P03323,I00004,uses
P03323,I00002,uses
P03323,I00001,uses
P03324,I00004,uses
P03324,I00002,uses
P03324,I00001,uses
P03324,I00003,uses
P03325,I00002,uses
P03325,I00001,uses
P03326,I00004,uses
P03326,I00002,uses
P03326,I00010,uses
P03326,I00001,uses
P03326,I00003,uses
P03327,I00007,uses
P03328,I00002,uses
P03328,I00001,uses
P03329,I00002,uses
P03329,I00005,uses
P03330,I00002,uses
P03330,I00005,uses
P03331,I00002,uses
P03331,I00008,uses
P03332,I00004,uses
P03333,I00004,uses
P03334,I00004,uses
P03335,I00004,uses
P03335,I00007,uses
P03335,I00002,uses
P03335,I00001,uses
P03336,I00002,uses
P03336,I00001,uses
P03336,I00005,uses
P03337,I00004,uses
P03338,I00002,uses
P03338,I00005,uses
P03339,I00002,uses
P03339,I00008,uses
P03340,I00002,uses
P03340,I00001,uses
P03341,I00002,uses
P03341,I00008,uses
P03342,I00002,uses
P03342,I00001,uses
P03342,I00005,uses
P03343,I00002,uses
P03343,I00005,uses
P03344,I00004,uses
P03345,I00002,uses
P03345,I00008,uses
P03346,I00004,uses
P03347,I00002,uses
P03347,I00011,uses
P03348,I00004,uses
P03349,I00004,uses
P03350,I00004,uses
P03351,I00004,uses
P03352,I00004,uses
P03352,I00002,uses
P03352,I00008,uses
P03353,I00002,uses
P03353,I00010,uses
P03354,I00002,uses
P03354,I00011,uses
P03355,I00004,uses
P03356,I00002,uses
P03356,I00003,uses
P03357,I00002,uses
P03357,I00005,uses
P03358,I00004,uses
P03359,I00002,uses
P03359,I00010,uses
P03360,I00004,uses
P03361,I00004,uses
P03362,I00002,uses
P03362,I00008,uses
P03363,I00004,uses
P03364,I00004,uses
P03365,I00004,uses
P03366,I00004,uses
P03367,I00002,uses
P03367,I00001,uses
P03368,I00002,uses
P03368,I00003,uses
P03369,I00004,uses
P03370,I00002,uses
P03370,I00003,uses
P03371,I00002,uses
P03371,I00001,uses
P03372,I00004,uses
P03373,I00002,uses
P03373,I00003,uses
P03374,I00004,uses
P03374,I00002,uses
P03374,I00008,uses
P03375,I00002,uses
P03375,I00005,uses
P03376,I00002,uses
P03376,I00010,uses
P03377,I00004,uses
P03378,I00004,uses
P03379,I00007,uses
P03380,I00002,uses
P03380,I00005,uses
P03381,I00002,uses
P03381,I00008,uses
P03382,I00002,uses
P03382,I00003,uses
P03383,I00004,uses
P03384,I00002,uses
P03384,I00010,uses
P03385,I00002,uses
P03385,I00001,uses
P03386,I00004,uses
P03386,I00002,uses
P03386,I00001,uses
P03386,I00003,uses
P03387,I00007,uses
P03388,I00004,uses
P03389,I00004,uses
P03390,I00007,uses
P03390,I00002,uses
P03390,I00003,uses
P03391,I00002,uses
P03391,I00003,uses
P03392,I00004,uses
P03392,I00007,uses
P03392,I00002,uses
P03392,I00001,uses
P03393,I00002,uses
P03393,I00008,uses
P03394,I00004,uses
P03395,I00004,uses
P03396,I00004,uses
P03397,I00004,uses
P03398,I00002,uses
P03398,I00010,uses
P03399,I00004,uses
P03399,I00002,uses
P03399,I00001,uses
P03400,I00002,uses
P03400,I00005,uses
P03401,I00002,uses
P03401,I00003,uses
P03402,I00002,uses
P03402,I00003,uses
P03403,I00004,uses
P03404,I00002,uses
P03404,I00003,uses
P03405,I00002,uses
P03405,I00001,uses
P03406,I00004,uses
P03407,I00004,uses
P03408,I00002,uses
P03408,I00011,uses
P03409,I00002,uses
P03409,I00010,uses
P03410,I00004,uses
P03411,I00004,uses
P03411,I00002,uses
P03411,I00010,uses
P03411,I00001,uses
P03411,I00005,uses
P03412,I00002,uses
P03412,I00003,uses
P03413,I00002,uses
P03413,I00003,uses
P03414,I00002,uses
P03414,I00010,uses
P03415,I00002,uses
P03415,I00010,uses
P03416,I00004,uses
P03417,I00004,uses
P03418,I00002,uses
P03418,I00005,uses
P03419,I00002,uses
P03419,I00008,uses
P03420,I00004,uses
P03421,I00004,uses
P03422,I00004,uses
P03423,I00002,uses
P03423,I00010,uses
P03424,I00004,uses
P03424,I00002,uses
P03424,I00001,uses
P03425,I00004,uses
P03425,I00002,uses
P03425,I00001,uses
P03426,I00002,uses
P03426,I00005,uses
P03427,I00002,uses
P03427,I00005,uses
P03428,I00002,uses
P03428,I00010,uses
P03428,I00005,uses
P03429,I00004,uses
P03430,I00002,uses
P03430,I00005,uses
P03431,I00002,uses
P03431,I00005,uses
P03432,I00004,uses
P03433,I00004,uses
P03434,I00002,uses
P03434,I00001,uses
P03435,I00004,uses
P03436,I00002,uses
P03436,I00001,uses
P03437,I00004,uses
P03438,I00004,uses
P03438,I00002,uses
P03438,I00001,uses
P03439,I00004,uses
P03439,I00002,uses
P03439,I00001,uses
P03440,I00002,uses
P03440,I00010,uses
P03441,I00004,uses
P03442,I00004,uses
P03442,I00002,uses
P03442,I00008,uses
P03443,I00004,uses
P03444,I00004,uses
P03445,I00004,uses
P03446,I00002,uses
P03446,I00008,uses
P03447,I00002,uses
P03447,I00005,uses
P03448,I00004,uses
P03449,I00002,uses
P03450,I00002,uses
P03450,I00003,uses
P03451,I00002,uses
P03451,I00008,uses
P03452,I00002,uses
P03452,I00005,uses
P03453,I00002,uses
P03453,I00005,uses
P03454,I00002,uses
P03454,I00003,uses
P03455,I00002,uses
P03455,I00003,uses
P03456,I00004,uses
P03457,I00002,uses
P03457,I00003,uses
P03458,I00004,uses
P03459,I00002,uses
P03459,I00008,uses
P03460,I00002,uses
P03460,I00003,uses
P03461,I00002,uses
P03461,I00001,uses
P03461,I00005,uses
P03462,I00002,uses
P03462,I00003,uses
P03463,I00004,uses
P03463,I00002,uses
P03463,I00001,uses
P03464,I00002,uses
P03464,I00008,uses
P03465,I00004,uses
P03465,I00002,uses
P03465,I00001,uses
P03465,I00003,uses
P03466,I00004,uses
P03467,I00007,uses
P03468,I00004,uses
P03469,I00002,uses
P03469,I00003,uses
P03470,I00004,uses
P03470,I00002,uses
P03470,I00001,uses
P03470,I00005,uses
P03471,I00004,uses
P03471,I00002,uses
P03471,I00001,uses
P03472,I00002,uses
P03472,I00003,uses
P03473,I00002,uses
P03473,I00001,uses
P03474,I00002,uses
P03474,I00008,uses
P03475,I00004,uses
P03475,I00002,uses
P03475,I00001,uses
P03476,I00004,uses
P03476,I00007,uses
P03476,I00002,uses
P03476,I00001,uses
P03477,I00002,uses
P03477,I00003,uses
P03478,I00004,uses
P03479,I00002,uses
P03479,I00010,uses
P03480,I00002,uses
P03480,I00003,uses
P03481,I00004,uses
P03482,I00002,uses
P03482,I00003,uses
P03483,I00002,uses
P03483,I00003,uses
P03484,I00004,uses
P03484,I00002,uses
P03484,I00001,uses
P03485,I00002,uses
P03485,I00001,uses
P03486,I00004,uses
P03487,I00002,uses
P03487,I00010,uses
P03488,I00002,uses
P03488,I00003,uses
P03489,I00002,uses
P03489,I00003,uses
P03490,I00002,uses
P03490,I00001,uses
P03491,I00004,uses
P03491,I00002,uses
P03491,I00003,uses
P03492,I00002,uses
P03492,I00010,uses
P03492,I00008,uses
P03492,I00005,uses
P03493,I00002,uses
P03493,I00001,uses
P03493,I00005,uses
P03494,I00002,uses
P03494,I00003,uses
P03495,I00002,uses
P03495,I00010,uses
P03496,I00002,uses
P03496,I00005,uses
P03497,I00002,uses
P03497,I00003,uses
P03498,I00004,uses
P03499,I00004,uses
P03500,I00002,uses
P03500,I00003,uses
P03501,I00002,uses
P03501,I00003,uses
P03502,I00002,uses
P03502,I00008,uses
P03503,I00004,uses
P03503,I00002,uses
P03503,I00001,uses
P03504,I00002,uses
P03505,I00004,uses
P03506,I00002,uses
P03506,I00005,uses
P03507,I00002,uses
P03507,I00003,uses
P03508,I00004,uses
P03508,I00002,uses
P03508,I00001,uses
P03509,I00004,uses
P03510,I00002,uses
P03510,I00005,uses
P03511,I00004,uses
P03512,I00004,uses
P03513,I00004,uses
P03514,I00007,uses
P03515,I00002,uses
P03516,I00004,uses
P03516,I00002,uses
P03516,I00003,uses
P03517,I00002,uses
P03517,I00003,uses
P03518,I00002,uses
P03518,I00003,uses
P03519,I00002,uses
P03520,I00002,uses
P03520,I00001,uses
P03520,I00005,uses
P03521,I00004,uses
P03522,I00004,uses
P03523,I00004,uses
P03523,I00002,uses
P03523,I00001,uses
P03524,I00002,uses
P03524,I00008,uses
P03525,I00004,uses
P03525,I00002,uses
P03525,I00005,uses
P03526,I00002,uses
P03526,I00003,uses
P03527,I00004,uses
P03528,I00002,uses
P03528,I00003,uses
P03529,I00004,uses
P03530,I00002,uses
P03530,I00001,uses
P03531,I00002,uses
P03531,I00010,uses
P03531,I00008,uses
P03532,I00004,uses
P03532,I00002,uses
P03532,I00010,uses
P03532,I00008,uses
P03532,I00005,uses
P03532,I00003,uses
P03533,I00002,uses
P03533,I00010,uses
P03533,I00005,uses
P03534,I00002,uses
P03534,I00010,uses
P03534,I00008,uses
P03535,I00002,uses
P03535,I00001,uses
P03536,I00002,uses
P03536,I00003,uses
P03537,I00004,uses
P03538,I00002,uses
P03538,I00003,uses
P03539,I00002,uses
P03539,I00001,uses
P03540,I00002,uses
P03540,I00010,uses
P03541,I00004,uses
P03541,I00002,uses
P03541,I00001,uses
P03542,I00004,uses
P03543,I00004,uses
P03543,I00002,uses
P03543,I00001,uses
P03544,I00004,uses
P03544,I00002,uses
P03544,I00001,uses
P03545,I00002,uses
P03545,I00003,uses
P03546,I00002,uses
P03547,I00004,uses
P03548,I00004,uses
P03548,I00002,uses
P03548,I00008,uses
P03548,I00005,uses
P03549,I00002,uses
P03549,I00003,uses
P03550,I00002,uses
P03550,I00001,uses
P03551,I00004,uses
P03551,I00002,uses
P03551,I00003,uses
P03552,I00004,uses
P03552,I00002,uses
P03552,I00001,uses
P03552,I00003,uses
P03553,I00004,uses
P03553,I00002,uses
P03553,I00001,uses
P03553,I00003,uses
P03554,I00002,uses
P03554,I00001,uses
P03555,I00004,uses
P03555,I00002,uses
P03555,I00001,uses
P03555,I00005,uses
P03556,I00004,uses
P03556,I00002,uses
P03556,I00008,uses
P03557,I00002,uses
P03557,I00001,uses
P03558,I00004,uses
P03559,I00007,uses
P03560,I00002,uses
P03560,I00005,uses
P03561,I00002,uses
P03561,I00001,uses
P03562,I00002,uses
P03562,I00003,uses
P03563,I00002,uses
P03563,I00003,uses
P03564,I00007,uses
P03564,I00002,uses
P03564,I00001,uses
P03565,I00002,uses
P03565,I00005,uses
P03565,I00003,uses
P03566,I00004,uses
P03567,I00004,uses
P03568,I00004,uses
P03569,I00002,uses
P03569,I00008,uses
P03570,I00002,uses
P03570,I00008,uses
P03571,I00004,uses
P03571,I00002,uses
P03571,I00001,uses
P03572,I00004,uses
P03572,I00002,uses
P03572,I00001,uses
P03572,I00005,uses
P03573,I00002,uses
P03573,I00003,uses
P03574,I00004,uses
P03575,I00002,uses
P03575,I00001,uses
P03576,I00004,uses
P03577,I00002,uses
P03577,I00008,uses
P03578,I00002,uses
P03578,I00008,uses
P03579,I00002,uses
P03579,I00003,uses
P03580,I00004,uses
P03581,I00002,uses
P03581,I00003,uses
P03582,I00002,uses
P03582,I00003,uses
P03583,I00004,uses
P03584,I00002,uses
P03584,I00003,uses
P03585,I00004,uses
P03585,I00002,uses
P03585,I00001,uses
P03585,I00003,uses
P03586,I00002,uses
P03586,I00003,uses
P03587,I00002,uses
P03587,I00008,uses
P03588,I00002,uses
P03588,I00001,uses
P03589,I00002,uses
P03589,I00001,uses
P03589,I00008,uses
P03589,I00003,uses
P03590,I00002,uses
P03590,I00005,uses
P03591,I00002,uses
P03591,I00001,uses
P03592,I00002,uses
P03592,I00003,uses
P03593,I00004,uses
P03593,I00002,uses
P03593,I00011,uses
P03593,I00005,uses
P03593,I00012,uses
P03594,I00004,uses
P03595,I00002,uses
P03595,I00008,uses
P03596,I00004,uses
P03597,I00002,uses
P03597,I00005,uses
P03598,I00002,uses
P03598,I00003,uses
P03599,I00002,uses
P03599,I00003,uses
P03600,I00002,uses
P03600,I00005,uses
P03601,I00002,uses
P03601,I00001,uses
P03602,I00002,uses
P03602,I00011,uses
P03603,I00004,uses
P03604,I00002,uses
P03604,I00008,uses
P03605,I00002,uses
P03605,I00003,uses
P03606,I00004,uses
P03607,I00002,uses
P03607,I00005,uses
P03608,I00002,uses
P03608,I00005,uses
P03609,I00004,uses
P03610,I00004,uses
P03610,I00002,uses
P03610,I00003,uses
P03611,I00007,uses
P03612,I00004,uses
P03612,I00002,uses
P03612,I00003,uses
P03613,I00002,uses
P03613,I00003,uses
P03614,I00002,uses
P03614,I00003,uses
P03615,I00002,uses
P03615,I00008,uses
P03616,I00004,uses
P03617,I00004,uses
P03618,I00004,uses
P03619,I00004,uses
P03620,I00002,uses
P03620,I00010,uses
P03621,I00002,uses
P03621,I00005,uses
P03622,I00004,uses
P03623,I00004,uses
P03624,I00004,uses
P03625,I00002,uses
P03625,I00003,uses
P03626,I00004,uses
P03627,I00002,uses
P03627,I00003,uses
P03628,I00004,uses
P03629,I00002,uses
P03629,I00001,uses
P03630,I00002,uses
P03630,I00003,uses
P03631,I00002,uses
P03631,I00001,uses
P03632,I00004,uses
P03633,I00007,uses
P03633,I00002,uses
P03633,I00003,uses
P03634,I00002,uses
P03634,I00010,uses
P03635,I00002,uses
P03635,I00001,uses
P03636,I00004,uses
P03637,I00004,uses
P03638,I00002,uses
P03638,I00010,uses
P03639,I00004,uses
P03640,I00002,uses
P03640,I00003,uses
P03641,I00004,uses
P03641,I00002,uses
P03641,I00001,uses
P03641,I00005,uses
P03642,I00002,uses
P03642,I00008,uses
P03643,I00002,uses
P03643,I00005,uses
P03644,I00004,uses
P03645,I00002,uses
P03645,I00001,uses
P03646,I00004,uses
P03647,I00004,uses
P03647,I00002,uses
P03647,I00001,uses
P03648,I00002,uses
P03648,I00005,uses
P03649,I00004,uses
P03650,I00004,uses
P03650,I00002,uses
P03650,I00010,uses
P03650,I00001,uses
P03650,I00008,uses
P03651,I00002,uses
P03651,I00005,uses
P03651,I00003,uses
P03652,I00004,uses
P03653,I00002,uses
P03653,I00003,uses
P03654,I00004,uses
P03655,I00002,uses
P03655,I00012,uses
P03656,I00002,uses
P03656,I00005,uses
P03657,I00004,uses
P03658,I00004,uses
P03658,I00002,uses
P03658,I00001,uses
P03659,I00002,uses
P03659,I00005,uses
P03660,I00002,uses
P03660,I00008,uses
P03661,I00004,uses
P03662,I00004,uses
P03662,I00002,uses
P03662,I00003,uses
P03663,I00002,uses
P03663,I00001,uses
P03664,I00004,uses
P03665,I00004,uses
P03666,I00004,uses
P03667,I00002,uses
P03667,I00008,uses
P03668,I00002,uses
P03668,I00003,uses
P03669,I00004,uses
P03670,I00004,uses
P03670,I00002,uses
P03670,I00001,uses
P03671,I00002,uses
P03671,I00008,uses
P03672,I00004,uses
P03673,I00002,uses
P03673,I00010,uses
P03674,I00002,uses
P03674,I00010,uses
P03675,I00002,uses
P03675,I00010,uses
P03676,I00002,uses
P03676,I00003,uses
P03677,I00002,uses
P03677,I00010,uses
P03678,I00002,uses
P03678,I00005,uses
P03679,I00002,uses
P03679,I00003,uses
P03680,I00002,uses
P03681,I00004,uses
P03681,I00002,uses
P03681,I00001,uses
P03681,I00003,uses
P03682,I00004,uses
P03683,I00007,uses
P03684,I00002,uses
P03684,I00003,uses
P03685,I00002,uses
P03685,I00003,uses
P03686,I00002,uses
P03686,I00003,uses
P03687,I00002,uses
P03687,I00010,uses
P03688,I00007,uses
P03689,I00002,uses
P03689,I00003,uses
P03690,I00002,uses
P03690,I00010,uses
P03691,I00004,uses
P03692,I00004,uses
P03693,I00004,uses
P03693,I00002,uses
P03693,I00001,uses
P03693,I00005,uses
P03694,I00004,uses
P03695,I00004,uses
P03695,I00007,uses
P03696,I00004,uses
P03697,I00004,uses
P03698,I00004,uses
P03699,I00004,uses
P03700,I00004,uses
P03701,I00004,uses
P03701,I00002,uses
P03701,I00001,uses
P03702,I00002,uses
P03702,I00010,uses
P03703,I00004,uses
P03703,I00002,uses
P03703,I00001,uses
P03704,I00004,uses
P03705,I00004,uses
P03705,I00002,uses
P03705,I00001,uses
P03705,I00005,uses
P03706,I00004,uses
P03706,I00002,uses
P03706,I00003,uses
P03707,I00002,uses
P03707,I00005,uses
P03708,I00002,uses
P03708,I00003,uses
P03709,I00004,uses
P03710,I00002,uses
P03710,I00001,uses
P03711,I00004,uses
P03712,I00002,uses
P03712,I00010,uses
P03713,I00004,uses
P03714,I00002,uses
P03714,I00003,uses
P03715,I00004,uses
P03715,I00002,uses
P03715,I00001,uses
P03716,I00004,uses
P03717,I00002,uses
P03717,I00003,uses
P03718,I00004,uses
P03719,I00004,uses
P03720,I00002,uses
P03720,I00005,uses
P03721,I00002,uses
P03721,I00003,uses
P03722,I00004,uses
P03723,I00004,uses
P03724,I00002,uses
P03724,I00003,uses
P03725,I00004,uses
P03726,I00004,uses
P03727,I00004,uses
P03727,I00002,uses
P03727,I00001,uses
P03728,I00004,uses
P03729,I00002,uses
P03729,I00003,uses
P03730,I00002,uses
P03730,I00011,uses
P03731,I00002,uses
P03731,I00005,uses
P03732,I00004,uses
P03733,I00002,uses
P03733,I00003,uses
P03734,I00004,uses
P03735,I00002,uses
P03735,I00005,uses
P03736,I00002,uses
P03736,I00010,uses
P03737,I00002,uses
P03737,I00001,uses
P03738,I00004,uses
P03739,I00002,uses
P03739,I00003,uses
P03740,I00002,uses
P03740,I00010,uses
P03741,I00004,uses
P03742,I00002,uses
P03742,I00003,uses
P03743,I00002,uses
P03743,I00001,uses
P03744,I00002,uses
P03744,I00001,uses
P03745,I00002,uses
P03746,I00004,uses
P03747,I00002,uses
P03747,I00003,uses
P03748,I00002,uses
P03748,I00003,uses
P03749,I00004,uses
P03750,I00004,uses
P03751,I00004,uses
P03752,I00004,uses
P03753,I00002,uses
P03754,I00002,uses
P03754,I00005,uses
P03755,I00002,uses
P03755,I00001,uses
P03756,I00004,uses
P03757,I00002,uses
P03757,I00008,uses
P03758,I00002,uses
P03758,I00008,uses
P03759,I00002,uses
P03759,I00003,uses
P03760,I00002,uses
P03760,I00001,uses
P03761,I00004,uses
P03762,I00004,uses
P03763,I00002,uses
P03763,I00003,uses
P03764,I00002,uses
P03764,I00003,uses
P03765,I00004,uses
P03766,I00004,uses
P03767,I00004,uses
P03768,I00002,uses
P03768,I00005,uses
P03769,I00002,uses
P03769,I00001,uses
P03769,I00005,uses
P03770,I00002,uses
P03770,I00005,uses
P03770,I00003,uses
P03771,I00002,uses
P03771,I00001,uses
P03772,I00002,uses
P03772,I00003,uses
P03773,I00004,uses
P03774,I00004,uses
P03775,I00004,uses
P03776,I00002,uses
P03776,I00003,uses
P03777,I00004,uses
P03778,I00002,uses
P03778,I00010,uses
P03779,I00004,uses
P03780,I00002,uses
P03780,I00010,uses
P03780,I00008,uses
P03781,I00002,uses
P03781,I00001,uses
P03782,I00004,uses
P03782,I00002,uses
P03782,I00003,uses
P03783,I00004,uses
P03783,I00002,uses
P03783,I00001,uses
P03784,I00002,uses
P03784,I00003,uses
P03785,I00004,uses
P03786,I00002,uses
P03786,I00001,uses
P03787,I00002,uses
P03787,I00010,uses
P03787,I00008,uses
P03788,I00004,uses
P03789,I00004,uses
P03789,I00002,uses
P03789,I00003,uses
P03790,I00004,uses
P03791,I00004,uses
P03792,I00004,uses
P03793,I00004,uses
P03794,I00004,uses
P03795,I00004,uses
P03796,I00004,uses
P03797,I00002,uses
P03797,I00008,uses
P03798,I00002,uses
P03798,I00008,uses
P03799,I00004,uses
P03800,I00004,uses
P03801,I00004,uses
P03802,I00002,uses
P03802,I00008,uses
P03803,I00004,uses
P03804,I00002,uses
P03804,I00008,uses
P03805,I00002,uses
P03805,I00003,uses
P03806,I00002,uses
P03806,I00003,uses
P03807,I00004,uses
P03807,I00002,uses
P03807,I00003,uses
P03808,I00004,uses
P03809,I00002,uses
P03809,I00001,uses
P03810,I00002,uses
P03810,I00003,uses
P03811,I00004,uses
P03812,I00002,uses
P03812,I00003,uses
P03813,I00002,uses
P03813,I00003,uses
P03814,I00004,uses
P03814,I00002,uses
P03814,I00008,uses
P03815,I00002,uses
P03815,I00010,uses
P03816,I00002,uses
P03816,I00001,uses
P03817,I00002,uses
P03817,I00001,uses
P03818,I00004,uses
P03818,I00002,uses
P03818,I00003,uses
P03819,I00002,uses
P03819,I00005,uses
P03820,I00002,uses
P03820,I00010,uses
P03820,I00008,uses
P03821,I00002,uses
P03821,I00001,uses
P03821,I00005,uses
P03822,I00007,uses
P03822,I00002,uses
P03822,I00005,uses
P03823,I00004,uses
P03824,I00007,uses
P03825,I00004,uses
P03826,I00002,uses
P03826,I00003,uses
P03827,I00002,uses
P03827,I00001,uses
P03828,I00004,uses
P03829,I00002,uses
P03829,I00001,uses
P03830,I00004,uses
P03831,I00002,uses
P03831,I00001,uses
P03832,I00002,uses
P03832,I00005,uses
P03833,I00004,uses
P03834,I00004,uses
P03835,I00004,uses
P03835,I00002,uses
P03835,I00005,uses
P03835,I00003,uses
P03836,I00002,uses
P03836,I00008,uses
P03837,I00002,uses
P03837,I00010,uses
P03838,I00002,uses
P03838,I00003,uses
P03839,I00004,uses
P03840,I00004,uses
P03841,I00004,uses
P03841,I00002,uses
P03841,I00001,uses
P03841,I00005,uses
P03842,I00002,uses
P03842,I00003,uses
P03843,I00004,uses
P03844,I00004,uses
P03844,I00002,uses
P03844,I00001,uses
P03844,I00003,uses
P03845,I00002,uses
P03845,I00010,uses
P03845,I00008,uses
P03846,I00002,uses
P03846,I00008,uses
P03847,I00004,uses
P03848,I00002,uses
P03848,I00001,uses
P03849,I00002,uses
P03849,I00001,uses
P03850,I00004,uses
P03851,I00004,uses
P03852,I00004,uses
P03853,I00004,uses
P03854,I00004,uses
P03855,I00004,uses
P03856,I00004,uses
P03857,I00004,uses
P03858,I00004,uses
P03859,I00004,uses
P03860,I00004,uses
P03861,I00002,uses
P03861,I00003,uses
P03862,I00002,uses
P03862,I00003,uses
P03863,I00004,uses
P03864,I00004,uses
P03864,I00002,uses
P03864,I00003,uses
P03865,I00004,uses
P03866,I00004,uses
P03867,I00002,uses
P03867,I00010,uses
P03868,I00007,uses
P03869,I00002,uses
P03869,I00012,uses
P03870,I00004,uses
P03871,I00004,uses
P03871,I00002,uses
P03871,I00003,uses
P03872,I00002,uses
P03872,I00001,uses
P03873,I00004,uses
P03874,I00004,uses
P03875,I00002,uses
P03875,I00008,uses
P03876,I00002,uses
P03876,I00003,uses
P03877,I00002,uses
P03877,I00003,uses
P03878,I00002,uses
P03878,I00010,uses
P03879,I00002,uses
P03879,I00005,uses
P03880,I00002,uses
P03880,I00003,uses
P03881,I00002,uses
P03881,I00008,uses
P03882,I00004,uses
P03883,I00004,uses
P03884,I00002,uses
P03884,I00005,uses
P03885,I00002,uses
P03885,I00003,uses
P03886,I00004,uses
P03887,I00004,uses
P03888,I00004,uses
P03888,I00002,uses
P03888,I00001,uses
P03888,I00003,uses
P03889,I00002,uses
P03890,I00004,uses
P03891,I00004,uses
P03891,I00002,uses
P03891,I00010,uses
P03891,I00001,uses
P03892,I00004,uses
P03893,I00004,uses
P03894,I00004,uses
P03895,I00004,uses
P03896,I00004,uses
P03897,I00002,uses
P03897,I00001,uses
P03898,I00002,uses
P03898,I00005,uses
P03899,I00002,uses
P03899,I00003,uses
P03900,I00002,uses
P03900,I00003,uses
P03901,I00002,uses
P03901,I00003,uses
P03902,I00002,uses
P03902,I00010,uses
P03902,I00008,uses
P03903,I00002,uses
P03903,I00003,uses
P03904,I00004,uses
P03905,I00002,uses
P03905,I00005,uses
P03906,I00004,uses
P03907,I00002,uses
P03907,I00003,uses
P03908,I00002,uses
P03908,I00005,uses
P03909,I00002,uses
P03909,I00010,uses
P03910,I00002,uses
P03910,I00005,uses
P03911,I00004,uses
P03912,I00004,uses
P03913,I00002,uses
P03913,I00001,uses
P03914,I00004,uses
P03915,I00004,uses
P03916,I00002,uses
P03916,I00001,uses
P03917,I00004,uses
P03918,I00002,uses
P03918,I00001,uses
P03919,I00004,uses
P03919,I00002,uses
P03919,I00003,uses
P03920,I00004,uses
P03921,I00004,uses
P03922,I00002,uses
P03922,I00010,uses
P03922,I00008,uses
P03923,I00004,uses
P03924,I00004,uses
P03925,I00004,uses
P03926,I00004,uses
P03927,I00004,uses
P03928,I00004,uses
P03928,I00002,uses
P03928,I00001,uses
P03929,I00004,uses
P03930,I00004,uses
P03931,I00002,uses
P03931,I00003,uses
P03932,I00004,uses
P03933,I00002,uses
P03933,I00001,uses
P03934,I00004,uses
P03935,I00004,uses
P03936,I00002,uses
P03936,I00005,uses
P03937,I00002,uses
P03937,I00003,uses
P03938,I00004,uses
P03938,I00002,uses
P03938,I00008,uses
P03939,I00004,uses
P03939,I00002,uses
P03939,I00001,uses
P03940,I00002,uses
P03940,I00003,uses
P03941,I00004,uses
P03942,I00004,uses
P03943,I00004,uses
P03944,I00002,uses
P03945,I00002,uses
P03945,I00001,uses
P03946,I00002,uses
P03946,I00001,uses
P03947,I00002,uses
P03947,I00010,uses
P03948,I00004,uses
P03949,I00004,uses
P03950,I00004,uses
P03951,I00002,uses
P03951,I00003,uses
P03952,I00007,uses
P03953,I00002,uses
P03953,I00003,uses
P03954,I00004,uses
P03955,I00002,uses
P03955,I00008,uses
P03956,I00002,uses
P03956,I00003,uses
P03957,I00002,uses
P03957,I00003,uses
P03958,I00004,uses
P03959,I00004,uses
P03960,I00004,uses
P03961,I00004,uses
P03962,I00004,uses
P03963,I00004,uses
P03964,I00002,uses
P03964,I00001,uses
P03965,I00004,uses
P03966,I00007,uses
P03966,I00002,uses
P03966,I00005,uses
P03967,I00004,uses
P03968,I00004,uses
P03969,I00004,uses
P03969,I00002,uses
P03969,I00001,uses
P03969,I00011,uses
P03970,I00004,uses
P03971,I00002,uses
P03971,I00010,uses
P03972,I00004,uses
P03973,I00002,uses
P03973,I00010,uses
P03974,I00004,uses
P03975,I00002,uses
P03975,I00003,uses
P03976,I00004,uses
P03977,I00002,uses
P03977,I00008,uses
P03978,I00004,uses
P03979,I00002,uses
P03979,I00010,uses
P03980,I00002,uses
P03980,I00008,uses
P03981,I00004,uses
P03982,I00002,uses
P03982,I00008,uses
P03983,I00002,uses
P03983,I00001,uses
P03984,I00002,uses
P03984,I00005,uses
P03985,I00004,uses
P03985,I00002,uses
P03985,I00001,uses
P03985,I00005,uses
P03986,I00002,uses
P03986,I00005,uses
P03987,I00002,uses
P03987,I00010,uses
P03988,I00002,uses
P03988,I00003,uses
P03989,I00004,uses
P03990,I00004,uses
P03990,I00002,uses
P03990,I00001,uses
P03991,I00004,uses
P03992,I00004,uses
P03993,I00002,uses
P03993,I00005,uses
P03994,I00002,uses
P03994,I00001,uses
P03995,I00007,uses
P03996,I00007,uses
P03997,I00002,uses
P03997,I00003,uses
P03998,I00002,uses
P03998,I00003,uses
P03999,I00007,uses
P04000,I00004,uses
P04001,I00002,uses
P04001,I00005,uses
P04002,I00004,uses
P04003,I00004,uses
P04004,I00004,uses
P04005,I00004,uses
P04006,I00002,uses
P04006,I00005,uses
P04007,I00002,uses
P04007,I00008,uses
P04008,I00004,uses
P04009,I00004,uses
P04010,I00004,uses
P04011,I00002,uses
P04011,I00008,uses
P04012,I00002,uses
P04012,I00001,uses
P04013,I00002,uses
P04013,I00001,uses
P04014,I00002,uses
P04014,I00008,uses
P04015,I00004,uses
P04015,I00002,uses
P04015,I00001,uses
P04016,I00004,uses
P04017,I00002,uses
P04017,I00003,uses
P04018,I00004,uses
P04019,I00002,uses
P04019,I00003,uses
P04020,I00004,uses
P04021,I00002,uses
P04021,I00003,uses
P04022,I00007,uses
P04022,I00002,uses
P04022,I00003,uses
P04023,I00002,uses
P04023,I00005,uses
P04024,I00004,uses
P04025,I00004,uses
P04026,I00004,uses
P04027,I00002,uses
P04027,I00001,uses
P04028,I00004,uses
P04029,I00002,uses
P04029,I00003,uses
P04030,I00004,uses
P04031,I00002,uses
P04031,I00003,uses
P04032,I00004,uses
P04033,I00004,uses
P04034,I00002,uses
P04034,I00003,uses
P04035,I00007,uses
P04036,I00002,uses
P04036,I00005,uses
P04037,I00002,uses
P04037,I00008,uses
P04038,I00004,uses
P04038,I00002,uses
P04038,I00003,uses
P04039,I00002,uses
P04039,I00005,uses
P04040,I00004,uses
P04040,I00002,uses
P04040,I00005,uses
P04041,I00004,uses
P04042,I00004,uses
P04043,I00004,uses
P04044,I00002,uses
P04044,I00010,uses
P04044,I00008,uses
P04045,I00004,uses
P04046,I00004,uses
P04047,I00004,uses
P04047,I00002,uses
P04047,I00001,uses
P04048,I00002,uses
P04048,I00010,uses
P04049,I00002,uses
P04049,I00001,uses
P04050,I00002,uses
P04051,I00004,uses
P04052,I00002,uses
P04052,I00008,uses
P04053,I00002,uses
P04053,I00010,uses
P04054,I00002,uses
P04054,I00001,uses
P04055,I00002,uses
P04055,I00003,uses
P04056,I00002,uses
P04056,I00001,uses
P04057,I00004,uses
P04058,I00002,uses
P04058,I00003,uses
P04059,I00007,uses
P04060,I00002,uses
P04060,I00008,uses
P04061,I00004,uses
P04062,I00004,uses
P04063,I00004,uses
P04064,I00002,uses
P04064,I00005,uses
P04065,I00004,uses
P04066,I00004,uses
P04066,I00002,uses
P04066,I00003,uses
P04067,I00004,uses
P04068,I00004,uses
P04068,I00002,uses
P04068,I00001,uses
P04068,I00003,uses
P04069,I00002,uses
P04069,I00005,uses
P04069,I00003,uses
P04070,I00004,uses
P04071,I00004,uses
P04072,I00002,uses
P04072,I00005,uses
P04073,I00004,uses
P04073,I00002,uses
P04073,I00001,uses
P04073,I00003,uses
P04074,I00004,uses
P04075,I00002,uses
P04075,I00010,uses
P04076,I00002,uses
P04076,I00010,uses
P04077,I00002,uses
P04077,I00003,uses
P04078,I00002,uses
P04078,I00001,uses
P04079,I00004,uses
P04080,I00002,uses
P04080,I00008,uses
P04081,I00004,uses
P04082,I00007,uses
P04083,I00004,uses
P04084,I00004,uses
P04085,I00004,uses
P04086,I00004,uses
P04087,I00007,uses
P04088,I00002,uses
P04088,I00003,uses
P04089,I00002,uses
P04089,I00001,uses
P04090,I00002,uses
P04090,I00008,uses
P04091,I00002,uses
P04091,I00001,uses
P04091,I00003,uses
P04092,I00002,uses
P04092,I00010,uses
P04093,I00004,uses
P04093,I00002,uses
P04093,I00010,uses
P04093,I00001,uses
P04094,I00004,uses
P04095,I00004,uses
P04096,I00004,uses
P04096,I00002,uses
P04096,I00001,uses
P04097,I00002,uses
P04097,I00003,uses
P04098,I00004,uses
P04099,I00004,uses
P04100,I00002,uses
P04100,I00001,uses
P04101,I00004,uses
P04102,I00002,uses
P04102,I00001,uses
P04103,I00002,uses
P04103,I00005,uses
P04104,I00002,uses
P04104,I00003,uses
P04105,I00002,uses
P04105,I00005,uses
P04106,I00004,uses
P04107,I00004,uses
P04108,I00002,uses
P04108,I00003,uses
P04109,I00002,uses
P04109,I00003,uses
P04110,I00004,uses
P04111,I00002,uses
P04111,I00010,uses
P04112,I00002,uses
P04112,I00003,uses
P04113,I00002,uses
P04113,I00003,uses
P04114,I00004,uses
P04115,I00004,uses
P04115,I00002,uses
P04115,I00001,uses
P04115,I00003,uses
P04116,I00002,uses
P04116,I00003,uses
P04117,I00002,uses
P04117,I00010,uses
P04118,I00002,uses
P04118,I00008,uses
P04119,I00002,uses
P04119,I00010,uses
P04120,I00002,uses
P04120,I00010,uses
P04121,I00002,uses
P04121,I00010,uses
P04121,I00008,uses
P04122,I00004,uses
P04123,I00004,uses
P04124,I00004,uses
P04125,I00004,uses
P04126,I00004,uses
P04127,I00004,uses
P04128,I00004,uses
P04129,I00004,uses
P04130,I00004,uses
P04131,I00004,uses
P04132,I00004,uses
P04133,I00004,uses
P04134,I00004,uses
P04135,I00004,uses
P04136,I00004,uses
P04137,I00004,uses
P04138,I00004,uses
P04139,I00004,uses
P04140,I00004,uses
P04141,I00002,uses
P04141,I00001,uses
P04141,I00005,uses
P04142,I00002,uses
P04142,I00001,uses
P04142,I00011,uses
P04143,I00002,uses
P04143,I00003,uses
P04144,I00004,uses
P04145,I00004,uses
P04146,I00002,uses
P04146,I00003,uses
P04147,I00004,uses
P04148,I00002,uses
P04148,I00010,uses
P04149,I00002,uses
P04149,I00003,uses
P04150,I00004,uses
P04151,I00004,uses
P04152,I00002,uses
P04152,I00001,uses
P04153,I00004,uses
P04154,I00004,uses
P04155,I00004,uses
P04156,I00004,uses
P04157,I00004,uses
P04158,I00004,uses
P04159,I00004,uses
P04159,I00002,uses
P04159,I00001,uses
P04159,I00003,uses
P04160,I00002,uses
P04160,I00003,uses
P04161,I00002,uses
P04161,I00003,uses
P04162,I00004,uses
P04163,I00002,uses
P04163,I00005,uses
P04164,I00002,uses
P04164,I00005,uses
P04165,I00002,uses
P04165,I00003,uses
P04166,I00004,uses
P04167,I00002,uses
P04167,I00001,uses
P04168,I00004,uses
P04169,I00004,uses
P04170,I00002,uses
P04170,I00003,uses
P04171,I00004,uses
P04172,I00004,uses
P04173,I00007,uses
P04173,I00002,uses
P04173,I00001,uses
P04173,I00003,uses
P04174,I00002,uses
P04175,I00004,uses
P04176,I00004,uses
P04177,I00002,uses
P04177,I00001,uses
P04178,I00004,uses
P04179,I00007,uses
P04180,I00002,uses
P04180,I00005,uses
P04181,I00002,uses
P04181,I00008,uses
P04181,I00005,uses
P04182,I00002,uses
P04182,I00008,uses
P04183,I00002,uses
P04183,I00008,uses
P04184,I00002,uses
P04184,I00001,uses
P04184,I00005,uses
P04185,I00002,uses
P04185,I00008,uses
P04186,I00002,uses
P04186,I00003,uses
P04187,I00004,uses
P04188,I00002,uses
P04188,I00010,uses
P04189,I00002,uses
P04189,I00001,uses
P04190,I00002,uses
P04190,I00001,uses
P04191,I00004,uses
P04192,I00004,uses
P04192,I00002,uses
P04192,I00008,uses
P04192,I00005,uses
P04193,I00002,uses
P04193,I00008,uses
P04194,I00004,uses
P04195,I00004,uses
P04196,I00002,uses
P04196,I00003,uses
P04197,I00004,uses
P04198,I00004,uses
P04199,I00004,uses
P04200,I00004,uses
P04201,I00004,uses
P04202,I00004,uses
P04203,I00004,uses
P04204,I00004,uses
P04205,I00004,uses
P04206,I00004,uses
P04207,I00004,uses
P04208,I00004,uses
P04209,I00004,uses
P04210,I00002,uses
P04210,I00003,uses
P04211,I00004,uses
P04211,I00002,uses
P04211,I00003,uses
P04212,I00002,uses
P04212,I00001,uses
P04213,I00004,uses
P04213,I00002,uses
P04213,I00001,uses
P04214,I00004,uses
P04214,I00007,uses
P04215,I00004,uses
P04215,I00002,uses
P04215,I00005,uses
P04216,I00004,uses
P04217,I00004,uses
P04218,I00004,uses
P04218,I00002,uses
P04218,I00010,uses
P04219,I00004,uses
P04220,I00002,uses
P04220,I00008,uses
P04221,I00002,uses
P04221,I00010,uses
P04222,I00002,uses
P04222,I00003,uses
P04223,I00004,uses
P04224,I00004,uses
P04225,I00002,uses
P04225,I00010,uses
P04226,I00004,uses
P04227,I00002,uses
P04227,I00001,uses
P04228,I00004,uses
P04228,I00002,uses
P04228,I00001,uses
P04229,I00002,uses
P04229,I00003,uses
P04230,I00004,uses
P04230,I00002,uses
P04230,I00001,uses
P04231,I00002,uses
P04231,I00003,uses
P04232,I00002,uses
P04232,I00005,uses
P04233,I00004,uses
P04234,I00004,uses
P04235,I00002,uses
P04235,I00001,uses
P04235,I00005,uses
P04236,I00002,uses
P04236,I00003,uses
P04237,I00002,uses
P04237,I00008,uses
P04238,I00004,uses
P04239,I00002,uses
P04239,I00001,uses
P04240,I00004,uses
P04241,I00002,uses
P04241,I00010,uses
P04242,I00002,uses
P04242,I00003,uses
P04243,I00004,uses
P04244,I00004,uses
P04245,I00002,uses
P04245,I00010,uses
P04245,I00008,uses
P04246,I00004,uses
P04247,I00007,uses
P04248,I00004,uses
P04248,I00002,uses
P04248,I00001,uses
P04248,I00003,uses
P04249,I00002,uses
P04249,I00008,uses
P04250,I00002,uses
P04250,I00005,uses
P04251,I00004,uses
P04252,I00004,uses
P04253,I00004,uses
P04254,I00007,uses
P04254,I00002,uses
P04254,I00001,uses
P04255,I00002,uses
P04255,I00001,uses
P04256,I00004,uses
P04257,I00004,uses
P04258,I00002,uses
P04258,I00001,uses
P04258,I00011,uses
P04259,I00004,uses
P04260,I00004,uses
P04261,I00004,uses
P04262,I00004,uses
P04263,I00002,uses
P04263,I00003,uses
P04264,I00002,uses
P04264,I00003,uses
P04265,I00002,uses
P04265,I00008,uses
P04266,I00004,uses
P04267,I00002,uses
P04267,I00001,uses
P04268,I00004,uses
P04269,I00002,uses
P04269,I00003,uses
P04270,I00004,uses
P04271,I00002,uses
P04271,I00005,uses
P04272,I00004,uses
P04273,I00002,uses
P04273,I00001,uses
P04274,I00004,uses
P04275,I00004,uses
P04276,I00004,uses
P04277,I00004,uses
P04277,I00002,uses
P04277,I00001,uses
P04278,I00002,uses
P04278,I00001,uses
P04279,I00004,uses
P04280,I00002,uses
P04280,I00003,uses
P04281,I00004,uses
P04282,I00004,uses
P04282,I00002,uses
P04282,I00005,uses
P04283,I00004,uses
P04284,I00004,uses
P04285,I00004,uses
P04286,I00004,uses
P04287,I00004,uses
P04288,I00002,uses
P04288,I00001,uses
P04288,I00008,uses
P04289,I00004,uses
P04290,I00004,uses
P04291,I00002,uses
P04291,I00008,uses
P04292,I00002,uses
P04292,I00003,uses
P04293,I00004,uses
P04294,I00004,uses
P04295,I00004,uses
P04296,I00004,uses
P04297,I00004,uses
P04298,I00004,uses
P04299,I00004,uses
P04300,I00004,uses
P04301,I00004,uses
P04302,I00004,uses
P04303,I00002,uses
P04303,I00003,uses
P04304,I00004,uses
P04305,I00002,uses
P04305,I00005,uses
P04306,I00004,uses
P04307,I00004,uses
P04308,I00004,uses
P04309,I00002,uses
P04309,I00003,uses
P04310,I00002,uses
P04310,I00008,uses
P04311,I00002,uses
P04311,I00010,uses
P04312,I00004,uses
P04313,I00004,uses
P04314,I00004,uses
P04315,I00004,uses
P04316,I00002,uses
P04316,I00010,uses
P04317,I00004,uses
P04318,I00004,uses
P04319,I00002,uses
P04319,I00005,uses
P04320,I00004,uses
P04320,I00002,uses
P04320,I00001,uses
P04321,I00004,uses
P04321,I00002,uses
P04321,I00001,uses
P04322,I00004,uses
P04322,I00002,uses
P04322,I00010,uses
P04322,I00001,uses
P04323,I00004,uses
P04324,I00004,uses
P04325,I00004,uses
P04325,I00002,uses
P04325,I00001,uses
P04326,I00004,uses
P04327,I00004,uses
P04328,I00004,uses
P04328,I00002,uses
P04328,I00001,uses
P04329,I00004,uses
P04330,I00002,uses
P04330,I00001,uses
P04330,I00011,uses
P04331,I00004,uses
P04331,I00002,uses
P04331,I00001,uses
P04331,I00003,uses
P04332,I00007,uses
P04333,I00002,uses
P04333,I00005,uses
P04334,I00002,uses
P04334,I00008,uses
P04335,I00002,uses
P04335,I00010,uses
P04336,I00004,uses
P04337,I00002,uses
P04337,I00005,uses
P04337,I00003,uses
P04338,I00004,uses
P04339,I00004,uses
P04339,I00006,uses
P04339,I00002,uses
P04339,I00001,uses
P04340,I00004,uses
P04341,I00004,uses
P04342,I00002,uses
P04342,I00003,uses
P04343,I00004,uses
P04344,I00004,uses
P04345,I00004,uses
P04346,I00004,uses
P04347,I00004,uses
P04348,I00004,uses
P04349,I00004,uses
P04350,I00004,uses
P04351,I00002,uses
P04351,I00012,uses
P04352,I00002,uses
P04352,I00003,uses
P04353,I00004,uses
P04354,I00002,uses
P04354,I00003,uses
P04355,I00002,uses
P04355,I00008,uses
P04356,I00004,uses
P04357,I00004,uses
P04358,I00004,uses
P04359,I00004,uses
P04360,I00004,uses
P04361,I00004,uses
P04361,I00002,uses
P04361,I00001,uses
P04361,I00008,uses
P04362,I00004,uses
P04363,I00004,uses
P04364,I00007,uses
P04364,I00002,uses
P04364,I00009,uses
P04365,I00004,uses
P04366,I00004,uses
P04367,I00004,uses
P04367,I00002,uses
P04367,I00001,uses
P04368,I00004,uses
P04369,I00004,uses
P04370,I00004,uses
P04371,I00004,uses
P04372,I00002,uses
P04372,I00003,uses
P04373,I00002,uses
P04373,I00008,uses
P04374,I00002,uses
P04374,I00008,uses
P04375,I00002,uses
P04375,I00010,uses
P04375,I00008,uses
P04376,I00004,uses
P04377,I00004,uses
P04377,I00002,uses
P04377,I00001,uses
P04378,I00004,uses
P04378,I00002,uses
P04378,I00005,uses
P04379,I00004,uses
P04380,I00004,uses
P04381,I00002,uses
P04381,I00011,uses
P04381,I00003,uses
P04382,I00002,uses
P04382,I00001,uses
P04382,I00009,uses
P04383,I00007,uses
P04384,I00007,uses
P04384,I00002,uses
P04384,I00003,uses
P04385,I00004,uses
P04386,I00004,uses
P04387,I00004,uses
P04388,I00004,uses
P04389,I00004,uses
P04390,I00004,uses
P04391,I00004,uses
P04392,I00004,uses
P04393,I00004,uses
P04394,I00004,uses
P04395,I00002,uses
P04395,I00005,uses
P04396,I00004,uses
P04397,I00004,uses
P04398,I00002,uses
P04398,I00001,uses
P04399,I00004,uses
P04400,I00002,uses
P04400,I00010,uses
P04401,I00004,uses
P04402,I00002,uses
P04402,I00008,uses
P04403,I00004,uses
P04403,I00002,uses
P04403,I00010,uses
P04404,I00004,uses
P04405,I00004,uses
P04406,I00004,uses
P04407,I00002,uses
P04407,I00008,uses
P04408,I00002,uses
P04408,I00003,uses
P04409,I00002,uses
P04409,I00010,uses
P04410,I00002,uses
P04410,I00010,uses
P04411,I00004,uses
P04412,I00004,uses
P04413,I00007,uses
P04413,I00002,uses
P04413,I00001,uses
P04413,I00003,uses
P04414,I00004,uses
P04415,I00004,uses
P04416,I00002,uses
P04416,I00001,uses
P04417,I00002,uses
P04417,I00001,uses
P04417,I00005,uses
P04418,I00004,uses
P04419,I00004,uses
P04420,I00004,uses
P04421,I00004,uses
P04422,I00002,uses
P04422,I00003,uses
P04423,I00002,uses
P04423,I00005,uses
P04424,I00002,uses
P04424,I00003,uses
P04425,I00004,uses
P04426,I00004,uses
P04427,I00004,uses
P04428,I00004,uses
P04429,I00004,uses
P04430,I00004,uses
P04431,I00002,uses
P04431,I00003,uses
P04432,I00002,uses
P04432,I00001,uses
P04433,I00002,uses
P04433,I00003,uses
P04434,I00004,uses
P04435,I00004,uses
P04436,I00004,uses
P04437,I00004,uses
P04438,I00007,uses
P04439,I00004,uses
P04440,I00004,uses
P04441,I00004,uses
P04442,I00004,uses
P04443,I00004,uses
P04444,I00002,uses
P04444,I00008,uses
P04445,I00002,uses
P04445,I00005,uses
P04446,I00004,uses
P04447,I00004,uses
P04447,I00002,uses
P04447,I00001,uses
P04448,I00004,uses
P04448,I00002,uses
P04448,I00001,uses
P04449,I00002,uses
P04449,I00010,uses
P04449,I00001,uses
P04450,I00002,uses
P04450,I00003,uses
P04451,I00002,uses
P04451,I00003,uses
P04452,I00002,uses
P04452,I00008,uses
P04453,I00004,uses
P04454,I00004,uses
P04455,I00004,uses
P04456,I00004,uses
P04457,I00004,uses
P04458,I00002,uses
P04458,I00010,uses
P04458,I00008,uses
P04459,I00002,uses
P04459,I00003,uses
P04460,I00004,uses
P04461,I00004,uses
P04462,I00004,uses
P04463,I00002,uses
P04463,I00005,uses
P04464,I00007,uses
P04465,I00004,uses
P04466,I00004,uses
P04466,I00002,uses
P04466,I00001,uses
P04467,I00004,uses
P04468,I00002,uses
P04468,I00008,uses
P04469,I00002,uses
P04469,I00008,uses
P04470,I00004,uses
P04470,I00002,uses
P04470,I00001,uses
P04470,I00005,uses
P04470,I00003,uses
P04471,I00002,uses
P04471,I00010,uses
P04472,I00004,uses
P04473,I00002,uses
P04473,I00003,uses
P04474,I00004,uses
P04475,I00004,uses
P04476,I00004,uses
P04477,I00002,uses
P04477,I00005,uses
P04478,I00004,uses
P04479,I00002,uses
P04479,I00003,uses
P04480,I00004,uses
P04481,I00004,uses
P04482,I00004,uses
P04483,I00004,uses
P04484,I00004,uses
P04485,I00004,uses
P04486,I00004,uses
P04487,I00004,uses
P04488,I00002,uses
P04488,I00008,uses
P04489,I00002,uses
P04489,I00008,uses
P04490,I00004,uses
P04491,I00004,uses
P04492,I00002,uses
P04492,I00008,uses
P04493,I00004,uses
P04494,I00004,uses
P04495,I00002,uses
P04495,I00010,uses
P04495,I00005,uses
P04496,I00004,uses
P04497,I00004,uses
P04498,I00004,uses
P04499,I00004,uses
P04500,I00004,uses
P04501,I00004,uses
P04502,I00004,uses
P04503,I00004,uses
P04504,I00004,uses
P04505,I00002,uses
P04505,I00010,uses
P04506,I00004,uses
P04507,I00004,uses
P04508,I00004,uses
P04508,I00002,uses
P04508,I00010,uses
P04508,I00001,uses
P04509,I00004,uses
P04509,I00002,uses
P04509,I00003,uses
P04510,I00002,uses
P04510,I00012,uses
P04511,I00002,uses
P04511,I00003,uses
P04512,I00002,uses
P04512,I00010,uses
P04513,I00004,uses
P04514,I00004,uses
P04515,I00004,uses
P04516,I00002,uses
P04516,I00003,uses
P04517,I00002,uses
P04517,I00008,uses
P04518,I00002,uses
P04518,I00005,uses
P04519,I00004,uses
P04519,I00002,uses
P04519,I00010,uses
P04520,I00004,uses
P04521,I00002,uses
P04521,I00003,uses
P04522,I00004,uses
P04523,I00004,uses
P04524,I00002,uses
P04524,I00003,uses
P04525,I00002,uses
P04525,I00010,uses
P04526,I00002,uses
P04526,I00010,uses
P04527,I00004,uses
P04527,I00002,uses
P04527,I00010,uses
P04527,I00001,uses
P04528,I00002,uses
P04528,I00008,uses
P04529,I00002,uses
P04529,I00005,uses
P04529,I00003,uses
P04530,I00002,uses
P04530,I00010,uses
P04531,I00002,uses
P04531,I00003,uses
P04532,I00004,uses
P04533,I00002,uses
P04533,I00010,uses
P04534,I00002,uses
P04534,I00008,uses
P04535,I00002,uses
P04535,I00008,uses
P04536,I00002,uses
P04536,I00010,uses
P04537,I00002,uses
P04537,I00005,uses
P04538,I00002,uses
P04538,I00005,uses
P04539,I00002,uses
P04539,I00008,uses
P04540,I00002,uses
P04540,I00010,uses
P04541,I00004,uses
P04541,I00002,uses
P04541,I00010,uses
P04542,I00004,uses
P04543,I00004,uses
P04544,I00004,uses
P04545,I00004,uses
P04546,I00004,uses
P04547,I00004,uses
P04548,I00004,uses
P04549,I00004,uses
P04550,I00004,uses
P04551,I00004,uses
P04552,I00004,uses
P04553,I00004,uses
P04554,I00004,uses
P04555,I00004,uses
P04556,I00004,uses
P04557,I00002,uses
P04557,I00010,uses
P04558,I00002,uses
P04558,I00003,uses
P04559,I00004,uses
P04560,I00002,uses
P04560,I00003,uses
P04561,I00002,uses
P04561,I00003,uses
P04562,I00002,uses
P04562,I00003,uses
P04563,I00004,uses
P04564,I00004,uses
P04564,I00002,uses
P04564,I00001,uses
P04564,I00003,uses
P04565,I00004,uses
P04565,I00002,uses
P04565,I00011,uses
P04566,I00004,uses
P04567,I00004,uses
P04568,I00002,uses
P04568,I00003,uses
P04569,I00004,uses
P04570,I00002,uses
P04570,I00005,uses
P04571,I00002,uses
P04571,I00005,uses
P04571,I00003,uses
P04572,I00002,uses
P04572,I00003,uses
P04573,I00004,uses
P04574,I00004,uses
P04575,I00004,uses
P04576,I00004,uses
P04577,I00004,uses
P04578,I00004,uses
P04579,I00002,uses
P04579,I00008,uses
P04580,I00002,uses
P04580,I00005,uses
P04581,I00007,uses
P04582,I00004,uses
P04583,I00007,uses
P04584,I00004,uses
P04585,I00002,uses
P04585,I00008,uses
P04586,I00004,uses
P04587,I00004,uses
P04588,I00004,uses
P04589,I00004,uses
P04590,I00004,uses
P04591,I00002,uses
P04591,I00005,uses
P04592,I00004,uses
P04593,I00004,uses
P04594,I00004,uses
P04594,I00002,uses
P04594,I00001,uses
P04595,I00004,uses
P04596,I00004,uses
P04597,I00002,uses
P04597,I00001,uses
P04597,I00005,uses
P04598,I00002,uses
P04598,I00008,uses
P04598,I00005,uses
P04599,I00002,uses
P04599,I00008,uses
P04600,I00002,uses
P04600,I00005,uses
P04601,I00002,uses
P04601,I00001,uses
P04601,I00011,uses
P04602,I00002,uses
P04602,I00001,uses
P04603,I00002,uses
P04603,I00003,uses
P04604,I00002,uses
P04605,I00004,uses
P04606,I00004,uses
P04607,I00002,uses
P04607,I00003,uses
P04608,I00004,uses
P04608,I00002,uses
P04608,I00010,uses
P04608,I00005,uses
P04608,I00003,uses
P04609,I00002,uses
P04609,I00003,uses
P04610,I00002,uses
P04610,I00008,uses
P04611,I00004,uses
P04612,I00004,uses
P04612,I00002,uses
P04612,I00001,uses
P04613,I00004,uses
P04614,I00002,uses
P04614,I00001,uses
P04615,I00004,uses
P04616,I00004,uses
P04617,I00004,uses
P04618,I00004,uses
P04619,I00004,uses
P04620,I00004,uses
P04621,I00004,uses
P04622,I00004,uses
P04623,I00004,uses
P04624,I00004,uses
P04625,I00004,uses
P04626,I00004,uses
P04627,I00004,uses
P04628,I00002,uses
P04628,I00005,uses
P04629,I00004,uses
P04630,I00004,uses
P04630,I00002,uses
P04630,I00001,uses
P04631,I00004,uses
P04632,I00004,uses
P04633,I00004,uses
P04634,I00004,uses
P04635,I00004,uses
P04636,I00004,uses
P04637,I00007,uses
P04638,I00002,uses
P04638,I00005,uses
P04639,I00004,uses
P04640,I00002,uses
P04640,I00001,uses
P04641,I00002,uses
P04641,I00001,uses
P04641,I00003,uses
P04642,I00002,uses
P04642,I00003,uses
P04643,I00004,uses
P04644,I00004,uses
P04645,I00004,uses
P04646,I00004,uses
P04647,I00004,uses
P04648,I00002,uses
P04648,I00001,uses
P04649,I00004,uses
P04649,I00002,uses
P04649,I00010,uses
P04649,I00001,uses
P04650,I00004,uses
P04651,I00002,uses
P04651,I00008,uses
P04652,I00002,uses
P04652,I00001,uses
P04652,I00005,uses
P04653,I00002,uses
P04653,I00003,uses
P04654,I00004,uses
P04655,I00002,uses
P04655,I00008,uses
P04656,I00004,uses
P04657,I00004,uses
P04657,I00002,uses
P04657,I00005,uses
P04657,I00003,uses
P04658,I00002,uses
P04658,I00010,uses
P04659,I00004,uses
P04660,I00004,uses
P04661,I00004,uses
P04662,I00004,uses
P04663,I00002,uses
P04663,I00008,uses
P04664,I00002,uses
P04664,I00001,uses
P04665,I00002,uses
P04665,I00001,uses
P04666,I00002,uses
P04666,I00010,uses
P04666,I00008,uses
P04667,I00004,uses
P04667,I00002,uses
P04667,I00001,uses
P04668,I00004,uses
P04669,I00002,uses
P04669,I00005,uses
P04670,I00004,uses
P04671,I00004,uses
P04672,I00002,uses
P04672,I00010,uses
P04673,I00004,uses
P04673,I00002,uses
P04673,I00005,uses
P04673,I00003,uses
P04674,I00004,uses
P04675,I00002,uses
P04675,I00008,uses
P04676,I00002,uses
P04676,I00008,uses
P04677,I00004,uses
P04678,I00002,uses
P04678,I00010,uses
P04678,I00003,uses
P04679,I00002,uses
P04679,I00001,uses
P04679,I00005,uses
P04680,I00004,uses
P04681,I00002,uses
P04681,I00003,uses
P04682,I00002,uses
P04682,I00001,uses
P04683,I00004,uses
P04684,I00004,uses
P04685,I00004,uses
P04685,I00002,uses
P04685,I00001,uses
P04686,I00002,uses
P04686,I00001,uses
P04687,I00002,uses
P04687,I00001,uses
P04687,I00005,uses
P04688,I00002,uses
P04688,I00010,uses
P04689,I00002,uses
P04689,I00010,uses
P04690,I00004,uses
P04691,I00002,uses
P04691,I00010,uses
P04692,I00002,uses
P04692,I00005,uses
P04693,I00002,uses
P04693,I00003,uses
P04694,I00004,uses
P04695,I00004,uses
P04696,I00004,uses
P04697,I00002,uses
P04697,I00003,uses
P04698,I00004,uses
P04699,I00004,uses
P04700,I00004,uses
P04701,I00004,uses
P04701,I00002,uses
P04701,I00001,uses
P04701,I00003,uses
P04702,I00004,uses
P04703,I00004,uses
P04704,I00004,uses
P04705,I00004,uses
P04706,I00004,uses
P04707,I00004,uses
P04708,I00002,uses
P04708,I00001,uses
P04708,I00005,uses
P04709,I00004,uses
P04709,I00002,uses
P04709,I00001,uses
P04710,I00004,uses
P04711,I00004,uses
P04712,I00004,uses
P04713,I00004,uses
P04714,I00002,uses
P04714,I00005,uses
P04715,I00004,uses
P04716,I00002,uses
P04716,I00010,uses
P04717,I00004,uses
P04718,I00004,uses
P04719,I00004,uses
P04720,I00004,uses
P04721,I00004,uses
P04722,I00004,uses
P04723,I00004,uses
P04724,I00004,uses
P04725,I00004,uses
P04726,I00004,uses
P04727,I00004,uses
P04728,I00004,uses
P04729,I00004,uses
P04730,I00004,uses
P04731,I00004,uses
P04732,I00002,uses
P04732,I00003,uses
P04733,I00002,uses
P04733,I00003,uses
P04734,I00004,uses
P04735,I00004,uses
P04736,I00004,uses
P04737,I00002,uses
P04737,I00001,uses
P04738,I00004,uses
P04739,I00004,uses
P04740,I00002,uses
P04740,I00005,uses
P04741,I00002,uses
P04741,I00003,uses
P04742,I00004,uses
P04743,I00004,uses
P04744,I00004,uses
P04745,I00004,uses
P04746,I00004,uses
P04746,I00002,uses
P04746,I00010,uses
P04746,I00001,uses
P04747,I00004,uses
P04748,I00007,uses
P04749,I00004,uses
P04750,I00004,uses
P04751,I00004,uses
P04752,I00004,uses
P04753,I00002,uses
P04753,I00001,uses
P04754,I00004,uses
P04755,I00002,uses
P04755,I00008,uses
P04756,I00004,uses
P04756,I00002,uses
P04756,I00001,uses
P04757,I00002,uses
P04757,I00001,uses
P04758,I00004,uses
P04759,I00004,uses
P04760,I00002,uses
P04760,I00005,uses
P04761,I00004,uses
P04762,I00004,uses
P04763,I00004,uses
P04764,I00004,uses
P04765,I00002,uses
P04765,I00003,uses
P04766,I00004,uses
P04767,I00002,uses
P04767,I00008,uses
P04768,I00002,uses
P04768,I00003,uses
P04769,I00004,uses
P04770,I00004,uses
P04771,I00002,uses
P04771,I00010,uses
P04771,I00008,uses
P04772,I00002,uses
P04772,I00010,uses
P04773,I00004,uses
P04774,I00002,uses
P04774,I00001,uses
P04775,I00004,uses
P04776,I00004,uses
P04777,I00004,uses
P04778,I00004,uses
P04779,I00004,uses
P04780,I00002,uses
P04780,I00003,uses
P04781,I00002,uses
P04781,I00008,uses
P04782,I00002,uses
P04782,I00001,uses
P04783,I00004,uses
P04784,I00002,uses
P04784,I00010,uses
P04785,I00002,uses
P04785,I00008,uses
P04786,I00007,uses
P04787,I00004,uses
P04788,I00004,uses
P04789,I00004,uses
P04789,I00002,uses
P04789,I00001,uses
P04789,I00003,uses
P04790,I00004,uses
P04791,I00002,uses
P04791,I00010,uses
P04792,I00004,uses
P04793,I00004,uses
P04794,I00002,uses
P04794,I00008,uses
P04795,I00004,uses
P04796,I00002,uses
P04796,I00005,uses
P04797,I00002,uses
P04797,I00001,uses
P04798,I00007,uses
P04799,I00002,uses
P04799,I00003,uses
P04800,I00004,uses
P04801,I00004,uses
P04802,I00004,uses
P04803,I00002,uses
P04803,I00005,uses
P04803,I00003,uses
P04804,I00004,uses
P04805,I00002,uses
P04805,I00001,uses
P04806,I00002,uses
P04806,I00010,uses
P04807,I00007,uses
P04807,I00002,uses
P04807,I00001,uses
P04808,I00002,uses
P04808,I00003,uses
P04809,I00002,uses
P04809,I00003,uses
P04810,I00004,uses
P04811,I00004,uses
P04812,I00004,uses
P04813,I00002,uses
P04813,I00001,uses
P04814,I00002,uses
P04814,I00005,uses
P04815,I00002,uses
P04815,I00010,uses
P04815,I00008,uses
P04816,I00004,uses
P04817,I00002,uses
P04817,I00010,uses
P04818,I00002,uses
P04818,I00010,uses
P04818,I00008,uses
P04819,I00004,uses
P04820,I00004,uses
P04821,I00004,uses
P04822,I00004,uses
P04823,I00002,uses
P04823,I00001,uses
P04824,I00002,uses
P04824,I00003,uses
P04825,I00002,uses
P04825,I00008,uses
P04826,I00002,uses
P04826,I00010,uses
P04826,I00008,uses
P04826,I00005,uses
P04826,I00003,uses
P04827,I00002,uses
P04827,I00008,uses
P04828,I00002,uses
P04828,I00001,uses
P04829,I00004,uses
P04830,I00002,uses
P04830,I00005,uses
P04831,I00002,uses
P04831,I00001,uses
P04832,I00002,uses
P04832,I00003,uses
P04833,I00004,uses
P04834,I00004,uses
P04834,I00002,uses
P04834,I00001,uses
P04835,I00004,uses
P04836,I00007,uses
P04837,I00004,uses
P04838,I00004,uses
P04839,I00004,uses
P04840,I00004,uses
P04841,I00002,uses
P04841,I00010,uses
P04842,I00002,uses
P04842,I00010,uses
P04843,I00002,uses
P04843,I00008,uses
P04844,I00004,uses
P04845,I00002,uses
P04845,I00001,uses
P04846,I00002,uses
P04846,I00005,uses
P04847,I00004,uses
P04848,I00002,uses
P04848,I00001,uses
P04848,I00005,uses
P04849,I00002,uses
P04849,I00003,uses
P04850,I00004,uses
P04851,I00004,uses
P04852,I00004,uses
P04853,I00004,uses
P04854,I00002,uses
P04854,I00003,uses
P04855,I00002,uses
P04855,I00010,uses
P04856,I00004,uses
P04857,I00004,uses
P04858,I00004,uses
P04859,I00002,uses
P04859,I00008,uses
P04860,I00004,uses
P04861,I00002,uses
P04861,I00005,uses
P04862,I00002,uses
P04862,I00008,uses
P04863,I00002,uses
P04863,I00010,uses
P04864,I00002,uses
P04864,I00005,uses
P04865,I00002,uses
P04865,I00001,uses
P04865,I00008,uses
P04866,I00002,uses
P04866,I00008,uses
P04867,I00002,uses
P04867,I00005,uses
P04868,I00004,uses
P04869,I00004,uses
P04870,I00004,uses
P04871,I00004,uses
P04872,I00004,uses
P04873,I00004,uses
P04874,I00002,uses
P04874,I00003,uses
P04875,I00002,uses
P04875,I00003,uses
P04876,I00004,uses
P04877,I00004,uses
P04878,I00002,uses
P04878,I00008,uses
P04879,I00002,uses
P04879,I00010,uses
P04880,I00004,uses
P04881,I00004,uses
P04882,I00004,uses
P04883,I00004,uses
P04884,I00002,uses
P04884,I00008,uses
P04885,I00002,uses
P04885,I00001,uses
P04886,I00002,uses
P04886,I00003,uses
P04887,I00002,uses
P04887,I00001,uses
P04887,I00005,uses
P04888,I00004,uses
P04889,I00002,uses
P04889,I00003,uses
P04890,I00004,uses
P04891,I00004,uses
P04892,I00002,uses
P04893,I00004,uses
P04894,I00002,uses
P04894,I00003,uses
P04895,I00004,uses
P04896,I00002,uses
P04896,I00008,uses
P04897,I00002,uses
P04897,I00003,uses
P04898,I00002,uses
P04898,I00010,uses
P04899,I00004,uses
P04900,I00004,uses
P04901,I00002,uses
P04901,I00011,uses
P04902,I00002,uses
P04902,I00008,uses
P04903,I00004,uses
P04903,I00002,uses
P04903,I00005,uses
P04904,I00004,uses
P04905,I00002,uses
P04905,I00003,uses
P04906,I00004,uses
P04907,I00004,uses
P04908,I00002,uses
P04908,I00001,uses
P04908,I00005,uses
P04909,I00004,uses
P04910,I00002,uses
P04910,I00008,uses
P04911,I00004,uses
P04912,I00002,uses
P04912,I00005,uses
P04913,I00004,uses
P04914,I00004,uses
P04915,I00004,uses
P04916,I00002,uses
P04916,I00011,uses
P04917,I00007,uses
P04918,I00002,uses
P04918,I00010,uses
P04918,I00008,uses
P04919,I00004,uses
P04920,I00002,uses
P04921,I00002,uses
P04921,I00003,uses
P04922,I00004,uses
P04922,I00002,uses
P04922,I00001,uses
P04923,I00002,uses
P04923,I00003,uses
P04924,I00004,uses
P04925,I00004,uses
P04926,I00004,uses
P04927,I00004,uses
P04928,I00004,uses
P04929,I00004,uses
P04930,I00004,uses
P04931,I00004,uses
P04932,I00004,uses
P04933,I00004,uses
P04934,I00004,uses
P04935,I00004,uses
P04936,I00004,uses
P04937,I00004,uses
P04938,I00002,uses
P04938,I00005,uses
P04939,I00004,uses
P04940,I00002,uses
P04940,I00010,uses
P04940,I00005,uses
P04941,I00002,uses
P04941,I00003,uses
P04942,I00004,uses
P04943,I00004,uses
P04944,I00004,uses
P04945,I00002,uses
P04945,I00003,uses
P04946,I00004,uses
P04947,I00002,uses
P04947,I00010,uses
P04947,I00008,uses
P04948,I00002,uses
P04948,I00003,uses
P04949,I00002,uses
P04949,I00003,uses
P04950,I00004,uses
P04951,I00004,uses
P04952,I00002,uses
P04952,I00008,uses
P04953,I00004,uses
P04954,I00004,uses
P04955,I00004,uses
P04956,I00002,uses
P04956,I00011,uses
P04956,I00003,uses
P04957,I00004,uses
P04958,I00004,uses
P04959,I00002,uses
P04959,I00005,uses
P04960,I00002,uses
P04960,I00008,uses
P04961,I00004,uses
P04962,I00002,uses
P04962,I00008,uses
