DOI,title,year,journal,publisher,paper_type,authors,instruments,paper_review_status,reviewed_instruments,total_instruments
10.1002/2012ja018585,Pi2 pulsation simultaneously observed in the <i>E</i> and <i>F</i> region ionosphere with the SuperDARN Hokkaido radar,2014,Journal of Geophysical Research: Space Physics,American Geophysical Union (AGU),Peer-reviewed journal article,Mariko Teramoto; Nozomu Nishitani; Vyacheslav Pilipenko; Tadahiko Ogawa; Kazuo Shiokawa; Tsutomu Nagatsuma; Akimasa Yoshikawa; Dmitry Baishev; K. T. Murata,SuperDARN,unverified,0,1
10.1002/2013gl058442,F region dusk ion temperature spikes at the equatorward edge of the high‐latitude convection pattern,2014,Geophysical Research Letters,American Geophysical Union (AGU),Peer-reviewed journal article,Lindsay Goodwin; J.-P. St.-Maurice; P. Richards; Michael Nicolls; Marc Hairston,RISR-C,unverified,0,1
10.1002/2013gl058581,Spatial localization and ducting of EMIC waves: Van Allen Probes and ground‐based observations,2014,Geophysical Research Letters,American Geophysical Union (AGU),Peer-reviewed journal article,Ian. R. Mann; Maria E. Usanova; Kyle Murphy; M. T. Robertson; David K. Milling; Andy Kale; Craig Kletzing; John Wygant; Scott Thaller; Tero Raita,CARISMA,unverified,0,1
10.1002/2013gl058748,Global imaging of polar cap patches with dual airglow imagers,2014,Geophysical Research Letters,American Geophysical Union (AGU),Peer-reviewed journal article,Keisuke Hosokawa; Satoshi Taguchi; Kazuo Shiokawa; Yuichi Otsuka; Yasunobu Ogawa; Michael Nicolls,SuperDARN,unverified,0,1
10.1002/2013gl059024,Effect of EMIC waves on relativistic and ultrarelativistic electron populations: Ground‐based and Van Allen Probes observations,2014,Geophysical Research Letters,American Geophysical Union (AGU),Peer-reviewed journal article,Maria E. Usanova; Alexander Drozdov; Ksenia Orlova; Ian. R. Mann; Yuri Shprits; M. T. Robertson; Drew L. Turner; David K. Milling; Andy Kale; Daniel N. Baker; S. A. Thaller; G. D. Reeves; Harlan E. Spence; Craig Kletzing; John Wygant,CARISMA,unverified,0,1
10.1002/2013ja018773,Automated determination of auroral breakup during the substorm expansion phase using all‐sky imager data,2014,Journal of Geophysical Research: Space Physics,American Geophysical Union (AGU),Peer-reviewed journal article,Kyle R. Murphy; David M. Miles; Clare E. J. Watt; I. Jonathan Rae; Ian. R. Mann; Harald U. Frey,THEMIS ASI,unverified,0,1
10.1002/2013ja018796,"Simultaneous ground and satellite observations of discrete auroral arcs, substorm aurora, and Alfvénic aurora with FAST and THEMIS GBO",2013,Journal of Geophysical Research: Space Physics,American Geophysical Union (AGU),Peer-reviewed journal article,Christopher A. Colpitts; Sahel Hakimi; Cynthia A. Cattell; John Dombeck; Michael Maas,THEMIS ASI,unverified,0,1
10.1002/2013ja018860,Multi‐instrument observations of SED during 24–25 October 2011 storm: Implications for SED formation processes,2013,Journal of Geophysical Research: Space Physics,American Geophysical Union (AGU),Peer-reviewed journal article,Shasha Zou; Aaron J. Ridley; Mark B. Moldwin; Michael J. Nicolls; Anthea J. Coster; Evan G. Thomas; J. Michael Ruohoniemi,SuperDARN,unverified,0,1
10.1002/2013ja018889,Field line resonances as a trigger and a tracer for substorm onset,2014,Journal of Geophysical Research: Space Physics,American Geophysical Union (AGU),Peer-reviewed journal article,I. Jonathan Rae; Kyle R. Murphy; Clare E. J. Watt; Gordon Rostoker; Robert Rankin; Ian. R. Mann; C. R. Hodgson; Harald U. Frey; A. W. Degeling; Colin Forsyth,THEMIS ASI; CARISMA,unverified,0,2
10.1002/2013ja018912,The role of compressional Pc5 pulsations in modulating precipitation of energetic electrons,2013,Journal of Geophysical Research: Space Physics,American Geophysical Union (AGU),Peer-reviewed journal article,Tetsuo Motoba; Kazue Takahashi; Jesper Gjerloev; S. Ohtani; David K. Milling,CANOPUS; CARISMA; GO_RIO,unverified,0,3
10.1002/2013ja018979,The detailed spatial structure of field‐aligned currents comprising the substorm current wedge,2013,Journal of Geophysical Research: Space Physics,American Geophysical Union (AGU),Peer-reviewed journal article,Kyle R. Murphy; Ian. R. Mann; I. Jonathan Rae; Colin L. Waters; Harald U. Frey; Andy Kale; Howard J. Singer; Brian J. Anderson; Haje Korth,THEMIS ASI; CARISMA,unverified,0,2
10.1002/2013ja019024,Dynamics of the correlation between polar cap radio absorption and solar energetic proton fluxes in the interplanetary medium,2014,Journal of Geophysical Research: Space Physics,American Geophysical Union (AGU),Peer-reviewed journal article,Alexei Kouznetsov; David J. Knudsen; Eric F. Donovan; Emma Spanswick,Single Beam Riometer; GO_RIO,unverified,0,2
10.1002/2013ja019068,Auroral wave structures and ballooning instabilities in the plasma sheet,2013,Journal of Geophysical Research: Space Physics,American Geophysical Union (AGU),Peer-reviewed journal article,Xiaoyan Xing; Jun Liang; Emma Spanswick; Larry Lyons; Vassilis Angelopoulos,NASCAM,verified,1,1
10.1002/2013ja019085,Magnetosphere‐ionosphere coupling of global Pi2 pulsations,2014,Journal of Geophysical Research: Space Physics,American Geophysical Union (AGU),Peer-reviewed journal article,Andreas Keiling; Octav Marghitu; Joachim Vogt; Olaf Amm; Costel Bunescu; V. Constantinescu; Harald Frey; M. Hamrin; T. Karlsson; Rumi Nakamura; H. Nilsson; Joshua Semeter; E. Sorbalo,CARISMA,verified,1,1
10.1002/2013ja019146,Electromagnetic ion cyclotron rising tone emissions observed by THEMIS probes outside the plasmapause,2014,Journal of Geophysical Research: Space Physics,American Geophysical Union (AGU),Peer-reviewed journal article,Satoko Nakamura; Yoshiharu Omura; Shinobu Machida; Masafumi Shoji; Masahito Nosé; Vassilis Angelopoulos,CARISMA,unverified,0,1
10.1002/2013ja019175,Global‐scale ionospheric flow and aurora precursors of auroral substorms: Coordinated SuperDARN and IMAGE/WIC observations,2014,Journal of Geophysical Research: Space Physics,American Geophysical Union (AGU),Peer-reviewed journal article,Yong Shi; Eftyhia Zesta,SuperDARN,unverified,0,1
10.1002/2013ja019196,The interconnection between cross‒polar cap convection and the luminosity of polar cap patches,2013,Journal of Geophysical Research: Space Physics,American Geophysical Union (AGU),Peer-reviewed journal article,Gareth William Perry; J.-P. St.-Maurice; Keisuke Hosokawa,SuperDARN_CA; SuperDARN,unverified,0,2
10.1002/2013ja019204,Analytic expressions for ULF wave radiation belt radial diffusion coefficients,2014,Journal of Geophysical Research: Space Physics,American Geophysical Union (AGU),Peer-reviewed journal article,Louis G. Ozeke; Ian. R. Mann; Kyle R. Murphy; I. Jonathan Rae; David K. Milling,CARISMA,unverified,0,1
10.1002/2013ja019245,Coordinated SuperDARN THEMIS ASI observations of mesoscale flow bursts associated with auroral streamers,2014,Journal of Geophysical Research: Space Physics,American Geophysical Union (AGU),Peer-reviewed journal article,Bea Gallardo-Lacourt; Yukitoshi Nishimura; L. R. Lyons; Shasha Zou; V. Angelopoulos; Eric Donovan; Kathryn A. McWilliams; J. M. Ruohoniemi; Nozomu Nishitani,THEMIS ASI; SuperDARN_CA; SuperDARN,unverified,0,3
10.1002/2013ja019269,Statistical relationships between enhanced polar cap flows and PBIs,2014,Journal of Geophysical Research: Space Physics,American Geophysical Union (AGU),Peer-reviewed journal article,Ying Zou; Yukitoshi Nishimura; L. R. Lyons; Eric F. Donovan; J. M. Ruohoniemi; Nozomu Nishitani; Kathryn A. McWilliams,THEMIS ASI; SuperDARN_CA; SuperDARN,unverified,0,3
10.1002/2013ja019275,Association of consecutive Pi2‐Ps6 band pulsations with earthward fast flows in the plasma sheet in response to IMF variations,2014,Journal of Geophysical Research: Space Physics,American Geophysical Union (AGU),Peer-reviewed journal article,Ching-Chang Cheng; Ian. R. Mann; Wolfgang Baumjohann,CARISMA,unverified,0,1
10.1002/2013ja019302,In situ spatiotemporal measurements of the detailed azimuthal substructure of the substorm current wedge,2014,Journal of Geophysical Research: Space Physics,American Geophysical Union (AGU),Peer-reviewed journal article,Colin Forsyth; A. N. Fazakerley; I. Jonathan Rae; Clare E. J. Watt; Kyle Murphy; James A. Wild; T. Karlsson; R. Mutel; C. J. Owen; R. Ergun; Arnaud Masson; Matthieu Berthomier; Eric Donovan; Harald U. Frey; Jürgen Matzka; Claudia Stolle; Y. Zhang,THEMIS ASI; CARISMA,unverified,0,2
10.1002/2013ja019319,Mesoscale and large‐scale variability in high‐latitude ionospheric convection: Dominant modes and spatial/temporal coherence,2013,Journal of Geophysical Research: Space Physics,American Geophysical Union (AGU),Peer-reviewed journal article,E. D. P. Cousins; Tomoko Matsuo; Arthur D. Richmond,SuperDARN,unverified,0,1
10.1002/2013ja019321,SuperDARN assimilative mapping,2013,Journal of Geophysical Research: Space Physics,American Geophysical Union (AGU),Peer-reviewed journal article,E. D. P. Cousins; Tomoko Matsuo; Arthur D. Richmond,SuperDARN,unverified,0,1
10.1002/2013ja019334,Westward traveling surges: Sliding along boundary arcs and distinction from onset arc brightening,2013,Journal of Geophysical Research: Space Physics,American Geophysical Union (AGU),Peer-reviewed journal article,L. R. Lyons; Yukitoshi Nishimura; B. Gallardo-Lacourt; Ying Zou; Eric Donovan; Stephen Mende; V. Angelopoulos; J. M. Ruohoniemi; Kathryn McWilliams,THEMIS ASI; SuperDARN_CA; SuperDARN,unverified,0,3
10.1002/2013ja019442,Substorm onset process: Ignition of auroral acceleration and related substorm phases,2014,Journal of Geophysical Research: Space Physics,American Geophysical Union (AGU),Peer-reviewed journal article,Akira Morioka; Yoshizumi Miyoshi; Yasumasa Kasaba; Natsuo Sato; Akira Kadokura; Hiroaki Misawa; Yukinaga Miyashita; Ian Mann,CARISMA,unverified,0,1
10.1002/2013ja019455,Interplanetary magnetic field control of the ionospheric field‐aligned current and convection distributions,2014,Journal of Geophysical Research: Space Physics,American Geophysical Union (AGU),Peer-reviewed journal article,Liisa Juusola; S. E. Milan; Mark Lester; Adrian Grocott; S. M. Imber,SuperDARN,unverified,0,1
10.1002/2013ja019469,A survey of quiet auroral arc orientation and the effects of the interplanetary magnetic field,2014,Journal of Geophysical Research: Space Physics,American Geophysical Union (AGU),Peer-reviewed journal article,D. Megan Gillies; David J. Knudsen; Eric F. Donovan; Emma L. Spanswick; C. Hansen; D. Keating; Stephanie Erion,THEMIS ASI,unverified,0,1
10.1002/2013ja019530,On the use of geomagnetic indices and ULF waves for earthquake precursor signatures,2014,Journal of Geophysical Research: Space Physics,American Geophysical Union (AGU),Peer-reviewed journal article,J. L. Currie; C. L. Waters,CARISMA,unverified,0,1
10.1002/2013ja019574,Circumpolar ground‐based optical measurements of proton and electron shock aurora,2014,Journal of Geophysical Research: Space Physics,American Geophysical Union (AGU),Peer-reviewed journal article,J. M. Holmes; Magnar G. Johnsen; C. S. Deehr; X.-Y. Zhou; Dag A. Lorentzen,CARISMA,unverified,0,1
10.1002/2013ja019643,Investigation of the temperature gradient instability as the source of midlatitude quiet time decameter‐scale ionospheric irregularities: 1. Observations,2014,Journal of Geophysical Research: Space Physics,American Geophysical Union (AGU),Peer-reviewed journal article,Sebastien De Larquier; A. Eltrass; Alireza Mahmoudian; J. M. Ruohoniemi; Joseph Benjamin Harold Baker; Wayne A. Scales; Philip J. Erickson; R. A. Greenwald,SuperDARN,unverified,0,1
10.1002/2013ja019644,Investigation of the temperature gradient instability as the source of midlatitude quiet time decameter‐scale ionospheric irregularities: 2. Linear analysis,2014,Journal of Geophysical Research: Space Physics,American Geophysical Union (AGU),Peer-reviewed journal article,A. Eltrass; Alireza Mahmoudian; Wayne A. Scales; Sebastien De Larquier; J. M. Ruohoniemi; Joseph Benjamin Harold Baker; R. A. Greenwald; Philip J. Erickson,SuperDARN,unverified,0,1
10.1002/2013jd019850,The climatology of zonal wave numbers 1 and 2 planetary wave structure in the MLT using a chain of Northern Hemisphere SuperDARN radars,2014,Journal of Geophysical Research: Atmospheres,American Geophysical Union (AGU),Peer-reviewed journal article,Nora H. Kleinknecht; Patrick J. Espy; Robert E. Hibbins,SuperDARN,unverified,0,1
10.1002/2013rs005157,Elevation angle‐of‐arrival determination for a standard and a modified superDARN HF radar layout,2013,Radio Science,American Geophysical Union (AGU),Peer-reviewed journal article,Andrew J. McDonald; James Whittington; Sebastien De Larquier; Edhem Custovic; Thomas A. Kane; John C. Devlin,SuperDARN_CA; SuperDARN,unverified,0,2
10.1002/2014gl059840,RCM‐E simulation of a thin arc preceded by a north‐south‐aligned auroral streamer,2014,Geophysical Research Letters,American Geophysical Union (AGU),Peer-reviewed journal article,Jian Yang; Frank R. Toffoletto; Richard A. Wolf,THEMIS ASI,unverified,0,1
10.1002/2014gl060301,Day‐night coupling by a localized flow channel visualized by polar cap patch propagation,2014,Geophysical Research Letters,American Geophysical Union (AGU),Peer-reviewed journal article,Yukitoshi Nishimura; L. R. Lyons; Ying Zou; Kjellmar Oksavik; Jøran Idar Moen; L. B. Clausen; Eric F. Donovan; V. Angelopoulos; Kazuo Shiokawa; J. M. Ruohoniemi; Nozomu Nishitani; Kathryn A. McWilliams; Mark Lester,THEMIS ASI; SuperDARN_CA; SuperDARN,unverified,0,3
10.1002/2014gl061119,Observational evidence for temporary planetary wave forcing of the MLT during fall equinox,2014,Geophysical Research Letters,American Geophysical Union (AGU),Peer-reviewed journal article,Nora H. Stray; Rosmarie J. De Wit; Patrick J. Espy; Robert E. Hibbins,SuperDARN,unverified,0,1
10.1002/2014gl061253,A ULF wave driver of ring current energization,2014,Geophysical Research Letters,American Geophysical Union (AGU),Peer-reviewed journal article,Kyle R. Murphy; Ian. R. Mann; Louis G. Ozeke,CARISMA,unverified,0,1
10.1002/2014gl061331,Investigating high‐latitude ionospheric turbulence using global positioning system data,2014,Geophysical Research Letters,American Geophysical Union (AGU),Peer-reviewed journal article,H. Mezaoui; Abdelhaq M. Hamza; Periyadan T. Jayachandran,CHAIN,unverified,0,1
10.1002/2014gl061371,Multipoint visualization of ULF oscillations using the Super Dual Auroral Radar Network,2014,Geophysical Research Letters,American Geophysical Union (AGU),Peer-reviewed journal article,Emma C. Bland; Andrew J. McDonald; Frederick W. Menk; John C. Devlin,SuperDARN_CA; SuperDARN,unverified,0,2
10.1002/2014gl062590,Observation of polar cap patches and calculation of gradient drift instability growth times: A Swarm case study,2015,Geophysical Research Letters,American Geophysical Union (AGU),Peer-reviewed journal article,Andres Spicher; Taylor Cameron; E. M. Grono; K. N. Yakymenko; Stephan C. Buchert; Lasse Boy Novock Clausen; David J. Knudsen; Kathryn A. McWilliams; Jøran Idar Moen,SuperDARN_CA; SuperDARN,unverified,0,2
10.1002/2014gl062610,Swarm in situ observations of <b><i>F</i></b> region polar cap patches created by cusp precipitation,2015,Geophysical Research Letters,American Geophysical Union (AGU),Peer-reviewed journal article,Lindsay V. Goodwin; Blessing Iserhienrhien; David M. Miles; S. Patra; Christer Van Der Meeren; Stephan C. Buchert; Johnathan K. Burchill; Lasse Boy Novock Clausen; David J. Knudsen; Kathryn A. McWilliams; Jøran Moen,SuperDARN,unverified,0,1
10.1002/2014gl062695,Anisotropic core ion temperatures associated with strong zonal flows and upflows,2015,Geophysical Research Letters,American Geophysical Union (AGU),Peer-reviewed journal article,William E. Archer; David J. Knudsen; Johnathan K. Burchill; M. R. Patrick; J. P. St.-Maurice,SuperDARN,unverified,0,1
10.1002/2014gl062838,Polarization observations of 4<i>f<sub>ce</sub></i> auroral roar emissions,2015,Geophysical Research Letters,American Geophysical Union (AGU),Peer-reviewed journal article,Yuka Sato; Akira Kadokura; Yasunobu Ogawa; Atsushi Kumamoto; Yuto Katoh,SuperDARN,unverified,0,1
10.1002/2014ja019770,Competing source and loss mechanisms due to wave‐particle interactions in Earth's outer radiation belt during the 30 September to 3 October 2012 geomagnetic storm,2014,Journal of Geophysical Research: Space Physics,American Geophysical Union (AGU),Peer-reviewed journal article,Drew L. Turner; V. Angelopoulos; W. Li; Jacob Bortnik; BinBin Ni; Qianli Ma; R. M. Thorne; S. K. Morley; Michael G. Henderson; G. D. Reeves; M. Usanova; Ian. R. Mann; Seth G. Claudepierre; J. Bernard Blake; Daniel N. Baker; C.-L. Huang; Harlan Spence; W. Kurth; Craig Kletzing; Juan V. Rodriguez,CARISMA,unverified,0,1
10.1002/2014ja019773,Coordinated ionospheric observations indicating coupling between preonset flow bursts and waves that lead to substorm onset,2014,Journal of Geophysical Research: Space Physics,American Geophysical Union (AGU),Peer-reviewed journal article,Yukitoshi Nishimura; L. R. Lyons; Michael J. Nicolls; D. L. Hampton; Robert G. Michell; Marilia Samara; William. A. Bristow; Eric F. Donovan; Emma Spanswick; V. Angelopoulos; Stephen B. Mende,THEMIS ASI,unverified,0,1
10.1002/2014ja019795,Inner magnetospheric onset preceding reconnection and tail dynamics during substorms: Can substorms initiate in two different regions?,2014,Journal of Geophysical Research: Space Physics,American Geophysical Union (AGU),Peer-reviewed journal article,Kyle R. Murphy; Ian. R. Mann; I. Jonathan Rae; Andrew P. Walsh; Harald U. Frey,THEMIS ASI; CARISMA,unverified,0,2
10.1002/2014ja019870,Climatology of medium‐scale traveling ionospheric disturbances observed by the midlatitude Blackstone SuperDARN radar,2014,Journal of Geophysical Research: Space Physics,American Geophysical Union (AGU),Peer-reviewed journal article,Nathaniel A. Frissell; Joseph Benjamin Harold Baker; J. M. Ruohoniemi; Andrew J. Gerrard; E. S. Miller; J. P. Marini; Mary Lou West; William. A. Bristow,SuperDARN,unverified,0,1
10.1002/2014ja019890,The kinetic ballooning/interchange instability as a source of dipolarization fronts and auroral streamers,2014,Journal of Geophysical Research: Space Physics,American Geophysical Union (AGU),Peer-reviewed journal article,P. L. Pritchett; F. V. Coroniti; Yukitoshi Nishimura,THEMIS ASI,unverified,0,1
10.1002/2014ja019917,Large plasma density enhancements occurring in the northern polar region during the 6 April 2000 superstorm,2014,Journal of Geophysical Research: Space Physics,American Geophysical Union (AGU),Peer-reviewed journal article,Ildiko Horvath; Brian C. Lovell,SuperDARN,unverified,0,1
10.1002/2014ja020027,Characterization of the energy‐dependent response of riometer absorption,2015,Journal of Geophysical Research: Space Physics,American Geophysical Union (AGU),Peer-reviewed journal article,Adam C. Kellerman; Yuri Y. Shprits; Roman A. Makarevich; Emma Spanswick; Eric Donovan; G. Reeves,GO_RIO,unverified,0,1
10.1002/2014ja020029,Evolution of nightside subauroral proton aurora caused by transient plasma sheet flows,2014,Journal of Geophysical Research: Space Physics,American Geophysical Union (AGU),Peer-reviewed journal article,Yukitoshi Nishimura; Jacob Bortnik; W. Li; L. R. Lyons; Eric F. Donovan; V. Angelopoulos; Stephen B. Mende,THEMIS ASI,unverified,0,1
10.1002/2014ja020050,Auroral fragmentation into patches,2014,Journal of Geophysical Research: Space Physics,American Geophysical Union (AGU),Peer-reviewed journal article,Kazuo Shiokawa; Ayumi Hashimoto; Tomoaki Hori; Kaori Sakaguchi; Yasunobu Ogawa; Eric Donovan; Emma Spanswick; Martin Connors; Yuichi Otsuka; Shin-Ichiro Oyama; Satonori Nozawa; Kathryn McWilliams,THEMIS ASI; NASCAM; SuperDARN_CA; SuperDARN,unverified,0,4
10.1002/2014ja020052,A top to bottom evaluation of IRI 2007 within the polar cap,2014,Journal of Geophysical Research: Space Physics,American Geophysical Union (AGU),Peer-reviewed journal article,David Russel Themens; Periyadan T. Jayachandran; Michael J. Nicolls; John W. MacDougall,CHAIN,unverified,0,1
10.1002/2014ja020076,Determination of ionospheric parameters in real time using SuperDARN HF Radars,2014,Journal of Geophysical Research: Space Physics,American Geophysical Union (AGU),Peer-reviewed journal article,Emma C. Bland; Andrew J. McDonald; Sebastien De Larquier; John C. Devlin,SuperDARN,unverified,0,1
10.1002/2014ja020114,GPS scintillation and irregularities at the front of an ionization tongue in the nightside polar ionosphere,2014,Journal of Geophysical Research: Space Physics,American Geophysical Union (AGU),Peer-reviewed journal article,Christer Van Der Meeren; Kjellmar Oksavik; Dag Lorentzen; Jøran Idar Moen; Vincenzo Romano,SuperDARN,unverified,0,1
10.1002/2014ja020136,The influence of IMF clock angle timescales on the morphology of ionospheric convection,2014,Journal of Geophysical Research: Space Physics,American Geophysical Union (AGU),Peer-reviewed journal article,Adrian Grocott; S. E. Milan,SuperDARN,unverified,0,1
10.1002/2014ja020161,Ground‐based ELF/VLF chorus observations at subauroral latitudes—VLF‐CHAIN Campaign,2014,Journal of Geophysical Research: Space Physics,American Geophysical Union (AGU),Peer-reviewed journal article,Kazuo Shiokawa; Yu Yokoyama; Akimasa Ieda; Yoshizumi Miyoshi; Reiko Nomura; Sungeun Lee; Naoki Sunagawa; Yukinaga Miyashita; Mitsunori Ozaki; Kazumasa Ishizaka; Satoshi Yagitani; Ryuho Kataoka; Fuminori Tsuchiya; Ian Schofield; Martin Connors,GO_RIO,unverified,0,1
10.1002/2014ja020171,Three‐dimensional data assimilation and reanalysis of radiation belt electrons: Observations of a four‐zone structure using five spacecraft and the VERB code,2014,Journal of Geophysical Research: Space Physics,American Geophysical Union (AGU),Peer-reviewed journal article,Adam C. Kellerman; Yuri Y. Shprits; D. Kondrashov; Dmitriy Subbotin; Roman A. Makarevich; Eric Donovan; Tsugunobu Nagai,GO_RIO,unverified,0,1
10.1002/2014ja020186,Current reduction in a pseudo‐breakup event: THEMIS observations,2014,Journal of Geophysical Research: Space Physics,American Geophysical Union (AGU),Peer-reviewed journal article,Z. H. Yao; Z. Y. Pu; C. J. Owen; S. Y. Fu; X. N. Chu; J. Liu; V. Angelopoulos; I. Jonathan Rae; Chao Yue; X.-Z. Zhou; Q.-G. Zong; Xin Cao; Q. Q. Shi; Colin Forsyth; A. M. Du,THEMIS ASI; CARISMA,unverified,0,2
10.1002/2014ja020207,RCM‐E and AMIE studies of the Harang reversal formation during a steady magnetospheric convection event,2014,Journal of Geophysical Research: Space Physics,American Geophysical Union (AGU),Peer-reviewed journal article,Jian Yang; Frank Toffoletto; Gang Lu; Michael Wiltberger,CARISMA,unverified,0,1
10.1002/2014ja020298,Ionospheric flow structures associated with auroral beading at substorm auroral onset,2014,Journal of Geophysical Research: Space Physics,American Geophysical Union (AGU),Peer-reviewed journal article,Bea Gallardo-Lacourt; Yukitoshi Nishimura; L. R. Lyons; J. M. Ruohoniemi; Eric Donovan; V. Angelopoulos; Kathryn A. McWilliams; Nozomu Nishitani,THEMIS ASI; SuperDARN_CA; SuperDARN,unverified,0,3
10.1002/2014ja020314,Nonlinear evolution of the temperature gradient instability in the midlatitude ionosphere,2014,Journal of Geophysical Research: Space Physics,American Geophysical Union (AGU),Peer-reviewed journal article,A. Eltrass; Wayne A. Scales,SuperDARN,unverified,0,1
10.1002/2014ja020322,On the increasing oscillation period of flows at the tailward retreating flux pileup region during dipolarization,2014,Journal of Geophysical Research: Space Physics,American Geophysical Union (AGU),Peer-reviewed journal article,Evgeny V. Panov; Wolfgang Baumjohann; Marina V. Kubyshkina; Rumi Nakamura; Victor A. Sergeev; V. Angelopoulos; K.-H. Glassmeier; A. A. Petrukovich,THEMIS ASI,unverified,0,1
10.1002/2014ja020356,"Observations in the
                    <i>E</i>
                    region ionosphere of kappa distribution functions associated with precipitating auroral electrons and discrete aurorae",2014,Journal of Geophysical Research: Space Physics,American Geophysical Union (AGU),Peer-reviewed journal article,Stephen R. Kaeppler; Michael J. Nicolls; A. Strømme; C. A. Kletzing; S. R. Bounds,THEMIS ASI,unverified,0,1
10.1002/2014ja020406,Broadband meter‐wavelength observations of ionospheric scintillation,2014,Journal of Geophysical Research: Space Physics,American Geophysical Union (AGU),Peer-reviewed journal article,R. A. Fallows; W. A. Coles; D. McKay-Bukowski; Juha Vierinen; I. I. Virtanen; M. Postila; Th. Ulich; C.-F. Enell; Antti Kero; T. Iinatti; M. Lehtinen; M. Orispää; Tero Raita; L. Roininen; E. Turunen; M. Brentjens; N. Ebbendorf; M. Gerbers; T. Grit; P. Gruppen; H. Meulman; M. J. Norden; J.-P. De Reijer; A. Schoenmakers; K. Stuurwold,SuperDARN,unverified,0,1
10.1002/2014ja020408,On the generation/decay of the storm‐enhanced density plumes: Role of the convection flow and field‐aligned ion flow,2014,Journal of Geophysical Research: Space Physics,American Geophysical Union (AGU),Peer-reviewed journal article,Shasha Zou; Mark B. Moldwin; Aaron J. Ridley; Michael J. Nicolls; Anthea J. Coster; Evan G. Thomas; J. Michael Ruohoniemi,SuperDARN,unverified,0,1
10.1002/2014ja020410,DEMETER observations of bursty MF emissions and their relation to ground‐level auroral MF burst,2014,Journal of Geophysical Research: Space Physics,American Geophysical Union (AGU),Peer-reviewed journal article,M. C. Broughton; James LaBelle; M. Parrot,CARISMA,unverified,0,1
10.1002/2014ja020463,Mapping high‐latitude ionospheric electrodynamics with SuperDARN and AMPERE,2015,Journal of Geophysical Research: Space Physics,American Geophysical Union (AGU),Peer-reviewed journal article,E. D. P. Cousins; Tomoko Matsuo; Arthur D. Richmond,SuperDARN,unverified,0,1
10.1002/2014ja020541,"Investigation of sudden electron density depletions observed in the dusk sector by the Poker Flat, Alaska incoherent scatter radar in summer",2014,Journal of Geophysical Research: Space Physics,American Geophysical Union (AGU),Peer-reviewed journal article,P. G. Richards; Michael J. Nicolls; J.-P. St.-Maurice; Lindsay Goodwin; J. M. Ruohoniemi,SuperDARN,unverified,0,1
10.1002/2014ja020555,Global ionospheric and thermospheric response to the 5 April 2010 geomagnetic storm: An integrated data‐model investigation,2014,Journal of Geophysical Research: Space Physics,American Geophysical Union (AGU),Peer-reviewed journal article,Gang Lu; M. E. Hagan; K. Häusler; E. Doornbos; S. Bruinsma; Brian J. Anderson; Haje Korth,SuperDARN; CARISMA,unverified,0,2
10.1002/2014ja020571,Substorm onset: Current sheet avalanche and stop layer,2015,Journal of Geophysical Research: Space Physics,American Geophysical Union (AGU),Peer-reviewed journal article,Gerhard Haerendel,THEMIS ASI,unverified,0,1
10.1002/2014ja020586,Interplanetary magnetic field and solar cycle dependence of Northern Hemisphere <i>F</i> region joule heating,2015,Journal of Geophysical Research: Space Physics,American Geophysical Union (AGU),Peer-reviewed journal article,L. M. Bjoland; X. Chen; Yaqi Jin; Ashton S. Reimer; Å. Skjæveland; M. R. Wessel; Johnathan K. Burchill; Lasse Boy Novock Clausen; Stein E. Haaland; Kathryn A. McWilliams,SuperDARN,unverified,0,1
10.1002/2014ja020596,Magnetic mapping effects of substorm currents leading to auroral poleward expansion and equatorward retreat,2015,Journal of Geophysical Research: Space Physics,American Geophysical Union (AGU),Peer-reviewed journal article,Xiangning Chu; Robert L. McPherron; Tung-Shin Hsu; Vassilis Angelopoulos; Zuyin Pu; Zhonghua Yao; Hui Zhang; Martin Connors,THEMIS ASI,unverified,0,1
10.1002/2014ja020598,Investigating storm‐enhanced density and polar tongue of ionization development during the 22 October 1999 great storm,2015,Journal of Geophysical Research: Space Physics,American Geophysical Union (AGU),Peer-reviewed journal article,Ildiko Horvath; Brian C. Lovell,SuperDARN,unverified,0,1
10.1002/2014ja020694,On a possible connection between the longitudinally propagating near‐Earth plasma sheet and auroral arc waves: A reexamination,2015,Journal of Geophysical Research: Space Physics,American Geophysical Union (AGU),Peer-reviewed journal article,Tetsuo Motoba; S. Ohtani; Eric F. Donovan; V. Angelopoulos,THEMIS ASI; CARISMA,unverified,0,2
10.1002/2014ja020726,"Seasonal and diurnal variations of PolarDARN
                    <i>F</i>
                    region echo occurrence in the polar cap and their causes",2014,Journal of Geophysical Research: Space Physics,American Geophysical Union (AGU),Peer-reviewed journal article,M. Ghezelbash; A. V. Koustov; David Russel Themens; Periyadan T. Jayachandran,CHAIN; SuperDARN_CA; SuperDARN,unverified,0,3
10.1002/2014ja020826,The global context of the 14 November 2012 storm event,2015,Journal of Geophysical Research: Space Physics,American Geophysical Union (AGU),Peer-reviewed journal article,K.-J. Hwang; David G. Sibeck; M.-C. H. Fok; Y. Zheng; Yukitoshi Nishimura; J.-J. Lee; A. Glocer; Noora Partamies; Howard J. Singer; G. D. Reeves; D. G. Mitchell; C. A. Kletzing; T. Onsager,THEMIS ASI,unverified,0,1
10.1002/2014ja020844,"Electric field control of
                    <i>E</i>
                    region coherent echoes: Evidence from radar observations at the South Pole",2015,Journal of Geophysical Research: Space Physics,American Geophysical Union (AGU),Peer-reviewed journal article,Roman A. Makarevich; Victoriya V. Forsythe; Adam C. Kellerman,SuperDARN,unverified,0,1
10.1002/2014ja020863,Link between premidnight second harmonic poloidal waves and auroral undulations: Conjugate observations with a Van Allen Probe spacecraft and a THEMIS all‐sky imager,2015,Journal of Geophysical Research: Space Physics,American Geophysical Union (AGU),Peer-reviewed journal article,Tetsuo Motoba; Kazue Takahashi; A. Ukhorskiy; M. Gkioulidou; D. G. Mitchell; L. J. Lanzerotti; G. I. Korotova; Eric F. Donovan; John R. Wygant; C. A. Kletzing; W. S. Kurth; J. Bernard Blake,THEMIS ASI; SuperDARN; CARISMA,unverified,0,3
10.1002/2014ja020914,On the symmetry of ionospheric polar cap patch exits around magnetic midnight,2015,Journal of Geophysical Research: Space Physics,American Geophysical Union (AGU),Peer-reviewed journal article,Jøran Moen; Keisuke Hosokawa; Njål Gulbrandsen; Lasse Boy Novock Clausen,SuperDARN,unverified,0,1
10.1002/2014ja020946,"Localized polar cap flow enhancement tracing using airglow patches: Statistical properties, IMF dependence, and contribution to polar cap convection",2015,Journal of Geophysical Research: Space Physics,American Geophysical Union (AGU),Peer-reviewed journal article,Ying Zou; Yukitoshi Nishimura; Larry R. Lyons; Kazuo Shiokawa; Eric F. Donovan; J. Michael Ruohoniemi; Kathryn A. McWilliams; Nozomu Nishitani,SuperDARN_CA; SuperDARN,unverified,0,2
10.1002/2014ja020954,"Flow bursts, breakup arc, and substorm current wedge",2015,Journal of Geophysical Research: Space Physics,American Geophysical Union (AGU),Peer-reviewed journal article,Gerhard Haerendel,THEMIS ASI,unverified,0,1
10.1002/2014ja020960,Temporal and spatial resolved SuperDARN line of sight velocity measurements corrected for plasma index of refraction using Bayesian inference,2015,Journal of Geophysical Research: Space Physics,American Geophysical Union (AGU),Peer-reviewed journal article,Jeffery Spaleta; William. A. Bristow; J. Klein,SuperDARN,unverified,0,1
10.1002/2014ja020980,Storm‐enhanced plasma density and polar tongue of ionization development during the 15 May 2005 superstorm,2015,Journal of Geophysical Research: Space Physics,American Geophysical Union (AGU),Peer-reviewed journal article,Ildiko Horvath; Brian C. Lovell,SuperDARN,unverified,0,1
10.1002/2014rs005579,Electron density and electric field over Resolute Bay and<i>F</i>region ionospheric echo detection with the Rankin Inlet and Inuvik SuperDARN radars,2014,Radio Science,American Geophysical Union (AGU),Peer-reviewed journal article,A. V. Koustov; Pavlo V. Ponomarenko; M. Ghezelbash; David Russel Themens; Periyadan T. Jayachandran,CHAIN; SuperDARN_CA; SuperDARN,unverified,0,3
10.1002/2014sw001082,Statistical comparison of seasonal variations in the GUMICS‐4 global MHD model ionosphere and measurements,2014,Space Weather,American Geophysical Union (AGU),Peer-reviewed journal article,Liisa Juusola; G. Facskó; I. Honkonen; P. Janhunen; Heikki Vanhamäki; Kirsti Kauristie; T. V. Laitinen; S. E. Milan; Minna Palmroth; E. I. Tanskanen; Ari Viljanen,SuperDARN,unverified,0,1
10.1002/2015gl064057,Anharmonic oscillatory flow braking in the Earth's magnetotail,2015,Geophysical Research Letters,American Geophysical Union (AGU),Peer-reviewed journal article,Evgeny V. Panov; Richard A. Wolf; Marina V. Kubyshkina; Rumi Nakamura; Wolfgang Baumjohann,CARISMA,unverified,0,1
10.1002/2015gl064101,"A thermospheric Na layer event observed up to 140 km over Syowa Station (69.0°S, 39.6°E) in Antarctica",2015,Geophysical Research Letters,American Geophysical Union (AGU),Peer-reviewed journal article,Takuo T. Tsuda; X. Chu; T. Nakamura; M. K. Ejiri; T. D. Kawahara; Akira Sessai Yukimatu; Keisuke Hosokawa,SuperDARN,unverified,0,1
10.1002/2015gl064574,AMISR‐14: Observations of equatorial spread <i>F</i>,2015,Geophysical Research Letters,American Geophysical Union (AGU),Peer-reviewed journal article,F. S. Rodrigues; Michael J. Nicolls; M. A. Milla; J. M. Smith; Roger. H. Varney; A. Strømme; Carlos Martinis; J. F. Arratia,RISR-C,unverified,0,1
10.1002/2015gl064700,Using patchy pulsating aurora to remote sense magnetospheric convection,2015,Geophysical Research Letters,American Geophysical Union (AGU),Peer-reviewed journal article,Bing Yang; Eric Donovan; Jun Liang; J. M. Ruohoniemi; Emma Spanswick,THEMIS ASI,unverified,0,1
10.1002/2015gl065245,Observations of coincident EMIC wave activity and duskside energetic electron precipitation on 18–19 January 2013,2015,Geophysical Research Letters,American Geophysical Union (AGU),Peer-reviewed journal article,Lauren W. Blum; Alexa Halford; Robyn Millan; John W. Bonnell; Jerry Goldstein; M. Usanova; Mark Engebretson; M. Ohnsted; G. Reeves; Howard Singer; M. Clilverd; X. Li,CARISMA,unverified,0,1
10.1002/2015gl066592,On the dependence of storm time ULF wave power on magnetopause location: Impacts for ULF wave radial diffusion,2015,Geophysical Research Letters,American Geophysical Union (AGU),Peer-reviewed journal article,Kyle R. Murphy; Ian. R. Mann; David G. Sibeck,CARISMA,unverified,0,1
10.1002/2015gl067536,Longitudinal frequency variation of long‐lasting EMIC Pc1‐Pc2 waves localized in the inner magnetosphere,2016,Geophysical Research Letters,American Geophysical Union (AGU),Peer-reviewed journal article,K.-H. Kim; Kazuo Shiokawa; Ian. R. Mann; J.-S. Park; H.-J. Kwon; K. Hyun; H. Jin; Martin Connors,CARISMA,verified,1,1
10.1002/2015gl067580,High‐resolution auroral acceleration signatures within a highly dynamic onset arc,2016,Geophysical Research Letters,American Geophysical Union (AGU),Peer-reviewed journal article,Tetsuo Motoba; Masafumi Hirahara,THEMIS ASI; CARISMA,unverified,0,2
10.1002/2015ja020993,Global ionospheric response to the 2009 sudden stratospheric warming event using Ionospheric Data Assimilation Four‐Dimensional (IDA4D) algorithm,2015,Journal of Geophysical Research: Space Physics,American Geophysical Union (AGU),Peer-reviewed journal article,Irfan Azeem; Geoff Crowley; C. Honniball,CHAIN,unverified,0,1
10.1002/2015ja021014,Dense plasma and Kelvin‐Helmholtz waves at Earth's dayside magnetopause,2015,Journal of Geophysical Research: Space Physics,American Geophysical Union (AGU),Peer-reviewed journal article,Brian M. Walsh; Evan G. Thomas; K.-J. Hwang; Joseph Benjamin Harold Baker; J. M. Ruohoniemi; John W. Bonnell,SuperDARN,unverified,0,1
10.1002/2015ja021023,Azimuthal flow bursts in the inner plasma sheet and possible connection with SAPS and plasma sheet earthward flow bursts,2015,Journal of Geophysical Research: Space Physics,American Geophysical Union (AGU),Peer-reviewed journal article,L. R. Lyons; Yukitoshi Nishimura; B. Gallardo-Lacourt; Michael J. Nicolls; Steve Chen; D. L. Hampton; William. A. Bristow; J. M. Ruohoniemi; Nozomu Nishitani; Eric F. Donovan; V. Angelopoulos,THEMIS ASI; SuperDARN,unverified,0,2
10.1002/2015ja021026,High‐latitude thermospheric wind observations and simulations with SuperDARN data driven NCAR TIEGCM during the December 2006 magnetic storm,2015,Journal of Geophysical Research: Space Physics,American Geophysical Union (AGU),Peer-reviewed journal article,Qian Wu; B. A. Emery; S. G. Shepherd; J. Michael Ruohoniemi; Nathaniel A. Frissell; Joshua Semeter,SuperDARN,unverified,0,1
10.1002/2015ja021085,Comprehensive analysis of the flux dropout during 7–8 November 2008 storm using multisatellite observations and RBE model,2015,Journal of Geophysical Research: Space Physics,American Geophysical Union (AGU),Peer-reviewed journal article,Junga Hwang; E.-J. Choi; J.-S. Park; M.-C. Fok; D.-Y. Lee; K.-C. Kim; D.-K. Shin; Maria E. Usanova; G. D. Reeves,CARISMA,unverified,0,1
10.1002/2015ja021090,Electron precipitation from EMIC waves: A case study from 31 May 2013,2015,Journal of Geophysical Research: Space Physics,American Geophysical Union (AGU),Peer-reviewed journal article,Mark A. Clilverd; Roger Duthie; Rachael Hardman; Aaron T. Hendry; Craig J. Rodger; Tero Raita; Mark Engebretson; Marc R. Lessard; Donald Danskin; David K. Milling,CARISMA,unverified,0,1
10.1002/2015ja021113,The enhancement of cosmic radio noise absorption due to hiss‐driven energetic electron precipitation during substorms,2015,Journal of Geophysical Research: Space Physics,American Geophysical Union (AGU),Peer-reviewed journal article,Haimeng Li; Zhigang Yuan; Xiongdong Yu; Shiyong Huang; Dedong Wang; Zhenzhen Wang; Zheng Qiao; John R. Wygant,GO_RIO,unverified,0,1
10.1002/2015ja021172,Direct observations of the full Dungey convection cycle in the polar ionosphere for southward interplanetary magnetic field conditions,2015,Journal of Geophysical Research: Space Physics,American Geophysical Union (AGU),Peer-reviewed journal article,Q.-H. Zhang; M. Lockwood; John C. Foster; S.-R. Zhang; B.-C. Zhang; I. W. McCrea; Jøran Moen; Mark Lester; J. M. Ruohoniemi,SuperDARN,unverified,0,1
10.1002/2015ja021206,Positive and negative ionospheric storms occurring during the 15 May 2005 geomagnetic superstorm,2015,Journal of Geophysical Research: Space Physics,American Geophysical Union (AGU),Peer-reviewed journal article,Ildiko Horvath; Brian C. Lovell,SuperDARN,unverified,0,1
10.1002/2015ja021227,"Van Allen probes, NOAA, GOES, and ground observations of an intense EMIC wave event extending over 12 h in magnetic local time",2015,Journal of Geophysical Research: Space Physics,American Geophysical Union (AGU),Peer-reviewed journal article,Mark J. Engebretson; J. L. Posch; John R. Wygant; C. A. Kletzing; Marc R. Lessard; C.-L. Huang; Harlan E. Spence; Charles W. Smith; Howard J. Singer; Yoshiharu Omura; Richard B. Horne; G. D. Reeves; Daniel N. Baker; M. Gkioulidou; Kjellmar Oksavik; Ian. R. Mann; Tero Raita; Kazuo Shiokawa,CARISMA,unverified,0,1
10.1002/2015ja021304,High‐latitude intermittent ionospheric scintillations: Exploring the Castaing distribution,2015,Journal of Geophysical Research: Space Physics,American Geophysical Union (AGU),Peer-reviewed journal article,H. Mezaoui; Abdelhaq M. Hamza; Periyadan T. Jayachandran,CHAIN,unverified,0,1
10.1002/2015ja021382,Omega band pulsating auroras observed onboard THEMIS spacecraft and on the ground,2015,Journal of Geophysical Research: Space Physics,American Geophysical Union (AGU),Peer-reviewed journal article,Natsuo Sato; Akira Kadokura; Yoshimasa Tanaka; Takanori Nishiyama; Tomoaki Hori; Akira Sessai Yukimatu,THEMIS ASI,unverified,0,1
10.1002/2015ja021393,Formation of polar ionospheric tongue of ionization during minor geomagnetic disturbed conditions,2015,Journal of Geophysical Research: Space Physics,American Geophysical Union (AGU),Peer-reviewed journal article,Jing Liu; Takuji Nakamura; Libo Liu; Wenbin Wang; Nanan Balan; Takanori Nishiyama; Marc R. Hairston; Evan G. Thomas,SuperDARN,unverified,0,1
10.1002/2015ja021416,Swarm observations of field‐aligned currents associated with pulsating auroral patches,2015,Journal of Geophysical Research: Space Physics,American Geophysical Union (AGU),Peer-reviewed journal article,D. Megan Gillies; David Knudsen; Emma Spanswick; Eric Donovan; Jonathan Burchill; M. Patrick,THEMIS ASI,unverified,0,1
10.1002/2015ja021460,Multiple loss processes of relativistic electrons outside the heart of outer radiation belt during a storm sudden commencement,2015,Journal of Geophysical Research: Space Physics,American Geophysical Union (AGU),Peer-reviewed journal article,J. Yu; L.-Y. Li; J. B. Cao; Z. G. Yuan; G. D. Reeves; Daniel N. Baker; J. Bernard Blake; Harlan Spence,CARISMA,unverified,0,1
10.1002/2015ja021470,Statistical characterization of the growth and spatial scales of the substorm onset arc,2015,Journal of Geophysical Research: Space Physics,American Geophysical Union (AGU),Peer-reviewed journal article,Nadine M. E. Kalmoni; I. Jonathan Rae; Clare E. J. Watt; Kyle R. Murphy; Colin Forsyth; C. J. Owen,THEMIS ASI; CARISMA,unverified,0,2
10.1002/2015ja021475,Observations of storm time midlatitude ion‐neutral coupling using SuperDARN radars and NATION Fabry‐Perot interferometers,2015,Journal of Geophysical Research: Space Physics,American Geophysical Union (AGU),Peer-reviewed journal article,P. P. Joshi; Joseph Benjamin Harold Baker; J. M. Ruohoniemi; Jonathan J. Makela; D. J. Fisher; Brian J. Harding; Nathaniel A. Frissell; Evan G. Thomas,SuperDARN,unverified,0,1
10.1002/2015ja021517,Large‐amplitude GPS TEC variations associated with Pc5–6 magnetic field variations observed on the ground and at geosynchronous orbit,2015,Journal of Geophysical Research: Space Physics,American Geophysical Union (AGU),Peer-reviewed journal article,Chris Watson; Periyadan T. Jayachandran; Howard J. Singer; Robert J. Redmon; Donald Danskin,CHAIN; CARISMA,unverified,0,2
10.1002/2015ja021592,Giant pulsations on the afternoonside: Geostationary satellite and ground observations,2015,Journal of Geophysical Research: Space Physics,American Geophysical Union (AGU),Peer-reviewed journal article,Tetsuo Motoba; Kazue Takahashi; Juan V. Rodriguez; Christopher T. Russell,CARISMA,unverified,0,1
10.1002/2015ja021625,Long‐term variations in the intensity of polar cap plasma flows inferred from SuperDARN,2015,Journal of Geophysical Research: Space Physics,American Geophysical Union (AGU),Peer-reviewed journal article,A. V. Koustov; Robyn A. D. Fiori; Z. Abooali Zadeh,SuperDARN_CA; SuperDARN,unverified,0,2
10.1002/2015ja021628,On the transmission of waves at discrete frequencies from the solar wind to the magnetosphere and ground: A case study,2016,Journal of Geophysical Research: Space Physics,American Geophysical Union (AGU),Peer-reviewed journal article,Umberto Villante; Simone Di Matteo; Mirko Piersanti,SuperDARN,unverified,0,1
10.1002/2015ja021634,Plasma turbulence and coherent structures in the polar cap observed by the ICI‐2 sounding rocket,2015,Journal of Geophysical Research: Space Physics,American Geophysical Union (AGU),Peer-reviewed journal article,Andres Spicher; Wojciech Jacek Miloch; Lasse Boy Novock Clausen; Jøran Idar Moen,SuperDARN,unverified,0,1
10.1002/2015ja021639,The nature of GPS differential receiver bias variability: An examination in the polar cap region,2015,Journal of Geophysical Research: Space Physics,American Geophysical Union (AGU),Peer-reviewed journal article,David Russel Themens; Periyadan T. Jayachandran; Richard B. Langley,CHAIN,unverified,0,1
10.1002/2015ja021663,Solar control of <i>F</i> region radar backscatter: Further insights from observations in the southern polar cap,2015,Journal of Geophysical Research: Space Physics,American Geophysical Union (AGU),Peer-reviewed journal article,Leslie J. Lamarche; Roman A. Makarevich,SuperDARN_CA; SuperDARN,unverified,0,2
10.1002/2015ja021664,Dual radar investigation of <i>E</i> region plasma waves in the southern polar cap,2015,Journal of Geophysical Research: Space Physics,American Geophysical Union (AGU),Peer-reviewed journal article,Victoriya V. Forsythe; Roman A. Makarevich,SuperDARN,unverified,0,1
10.1002/2015ja021670,Multiscale field‐aligned current analyzer,2015,Journal of Geophysical Research: Space Physics,American Geophysical Union (AGU),Peer-reviewed journal article,Costel Bunescu; Octav Marghitu; D. Constantinescu; Y. Narita; Joachim Vogt; A. Blăgău,THEMIS ASI,unverified,0,1
10.1002/2015ja021676,On the formation and origin of substorm growth phase/onset auroral arcs inferred from conjugate space‐ground observations,2015,Journal of Geophysical Research: Space Physics,American Geophysical Union (AGU),Peer-reviewed journal article,Tetsuo Motoba; S. Ohtani; Brian J. Anderson; Haje Korth; D. Mitchell; L. J. Lanzerotti; Kazuo Shiokawa; Martin Connors; C. A. Kletzing; G. D. Reeves,THEMIS ASI,unverified,0,1
10.1002/2015ja021681,Pulsating proton aurora caused by rising tone Pc1 waves,2016,Journal of Geophysical Research: Space Physics,American Geophysical Union (AGU),Peer-reviewed journal article,Reiko Nomura; Kazuo Shiokawa; Yoshiharu Omura; Yusuke Ebihara; Yoshizumi Miyoshi; Kaori Sakaguchi; Yuichi Otsuka; Martin Connors,THEMIS ASI,unverified,0,1
10.1002/2015ja021685,Statistical study of midlatitude <i>E</i> region echoes observed by the Hokkaido SuperDARN HF radar,2015,Journal of Geophysical Research: Space Physics,American Geophysical Union (AGU),Peer-reviewed journal article,K. N. Yakymenko; A. V. Koustov; Nozomu Nishitani,SuperDARN,unverified,0,1
10.1002/2015ja021790,Spatiotemporally resolved electrodynamic properties of a Sun‐aligned arc over Resolute Bay,2015,Journal of Geophysical Research: Space Physics,American Geophysical Union (AGU),Peer-reviewed journal article,Gareth William Perry; H. Dahlgren; Michael J. Nicolls; M. Zettergren; J.-P. St.-Maurice; J. L. Semeter; T. Sundberg; Keisuke Hosokawa; Kazuo Shiokawa; Steve Chen,SuperDARN_CA; SuperDARN,unverified,0,2
10.1002/2015ja021816,Polar cap precursor of nightside auroral oval intensifications using polar cap arcs,2015,Journal of Geophysical Research: Space Physics,American Geophysical Union (AGU),Peer-reviewed journal article,Ying Zou; Yukitoshi Nishimura; Larry R. Lyons; Eric F. Donovan; Kazuo Shiokawa; J. Michael Ruohoniemi; Kathryn A. McWilliams; Nozomu Nishitani,THEMIS ASI; NASCAM; SuperDARN_CA; SuperDARN,unverified,0,4
10.1002/2015ja021832,Profiles of ionospheric storm‐enhanced density during the 17 March 2015 great storm,2016,Journal of Geophysical Research: Space Physics,American Geophysical Union (AGU),Peer-reviewed journal article,Jing Liu; Wenbin Wang; Alan Burns; Xinan Yue; Shunrong Zhang; Yongliang Zhang; Chaosong Huang,SuperDARN,unverified,0,1
10.1002/2015ja021862,High‐spatial‐resolution velocity measurements derived using Local Divergence‐Free Fitting of SuperDARN observations,2016,Journal of Geophysical Research: Space Physics,American Geophysical Union (AGU),Peer-reviewed journal article,William. A. Bristow; D. L. Hampton; A. Otto,SuperDARN_CA; SuperDARN,unverified,0,2
10.1002/2015ja022012,What controls the local time extent of flux transfer events?,2016,Journal of Geophysical Research: Space Physics,American Geophysical Union (AGU),Peer-reviewed journal article,S. E. Milan; S. M. Imber; Jennifer Alyson Carter; M.-T. Walach; B. Hubert,SuperDARN,unverified,0,1
10.1002/2015ja022021,Electrodynamic structure of the morning high‐latitude trough region,2016,Journal of Geophysical Research: Space Physics,American Geophysical Union (AGU),Peer-reviewed journal article,Heikki Vanhamäki; Anita Aikio; M. Voiculescu; Liisa Juusola; T. Nygrén; R. Kuula,SuperDARN,unverified,0,1
10.1002/2015ja022058,Dynamic effects of restoring footpoint symmetry on closed magnetic field lines,2016,Journal of Geophysical Research: Space Physics,American Geophysical Union (AGU),Peer-reviewed journal article,Jone Peter Reistad; Nikolai Østgaard; Paul Tenfjord; Karl M. Laundal; Kristian Snekvik; Stein Haaland; S. E. Milan; Kjellmar Oksavik; Harald U. Frey; Adrian Grocott,SuperDARN,unverified,0,1
10.1002/2015ja022102,Multiradar observations of substorm‐driven ULF waves,2016,Journal of Geophysical Research: Space Physics,American Geophysical Union (AGU),Peer-reviewed journal article,Matthew K. James; T. K. Yeoman; Pavel N. Mager; D. Yu. Klimushkin,SuperDARN_CA; SuperDARN; CARISMA,unverified,0,3
10.1002/2015ja022168,Sources and characteristics of medium‐scale traveling ionospheric disturbances observed by high‐frequency radars in the North American sector,2016,Journal of Geophysical Research: Space Physics,American Geophysical Union (AGU),Peer-reviewed journal article,Nathaniel A. Frissell; Joseph Benjamin Harold Baker; J. M. Ruohoniemi; R. A. Greenwald; Andrew J. Gerrard; E. S. Miller; Mary Lou West,SuperDARN_CA; SuperDARN,unverified,0,2
10.1002/2015ja022199,GPS scintillations in the high latitudes during periods of dayside and nightside reconnection,2016,Journal of Geophysical Research: Space Physics,American Geophysical Union (AGU),Peer-reviewed journal article,Lasse Boy Novock Clausen; Jøran Idar Moen; Keisuke Hosokawa; J. M. Holmes,CHAIN,unverified,0,1
10.1002/2015ja022221,Periodic creation of polar cap patches from auroral transients in the cusp,2016,Journal of Geophysical Research: Space Physics,American Geophysical Union (AGU),Peer-reviewed journal article,Keisuke Hosokawa; Satoshi Taguchi; Yasunobu Ogawa,SuperDARN_CA; SuperDARN,unverified,0,2
10.1002/2015ja022224,Confirmation of EMIC wave‐driven relativistic electron precipitation,2016,Journal of Geophysical Research: Space Physics,American Geophysical Union (AGU),Peer-reviewed journal article,Aaron T. Hendry; Craig J. Rodger; Mark A. Clilverd; Mark J. Engebretson; Ian. R. Mann; Marc R. Lessard; Tero Raita; David K. Milling,CARISMA,unverified,0,1
10.1002/2015ja022235,High spatial resolution radar observations of ultralow frequency waves in the southern polar cap,2016,Journal of Geophysical Research: Space Physics,American Geophysical Union (AGU),Peer-reviewed journal article,Emma C. Bland; Andrew J. McDonald,SuperDARN,unverified,0,1
10.1002/2015ja022244,Stepwise tailward retreat of magnetic reconnection: THEMIS observations of an auroral substorm,2016,Journal of Geophysical Research: Space Physics,American Geophysical Union (AGU),Peer-reviewed journal article,Akimasa Ieda; Yukitoshi Nishimura; Yukinaga Miyashita; V. Angelopoulos; Andrei Runov; Tsugunobu Nagai; Harald U. Frey; D. H. Fairfield; J. A. Slavin; Heikki Vanhamäki; H. Uchino; Ryoichi Fujii; Yoshizumi Miyoshi; Shinobu Machida,THEMIS ASI; CARISMA,unverified,0,2
10.1002/2015ja022253,GPS TEC response to Pc4 “giant pulsations”,2016,Journal of Geophysical Research: Space Physics,American Geophysical Union (AGU),Peer-reviewed journal article,Chris Watson; Periyadan T. Jayachandran; Howard J. Singer; Robert J. Redmon; Donald Danskin,CHAIN,unverified,0,1
10.1002/2015ja022275,Characteristics of GPS TEC variations in the polar cap ionosphere,2016,Journal of Geophysical Research: Space Physics,American Geophysical Union (AGU),Peer-reviewed journal article,Chris Watson; Periyadan T. Jayachandran; John W. MacDougall,CHAIN,unverified,0,1
10.1002/2015ja022283,Polar tongue of ionization (TOI) and associated Joule heating intensification investigated during the magnetically disturbed period of 1–2 October 2001,2016,Journal of Geophysical Research: Space Physics,American Geophysical Union (AGU),Peer-reviewed journal article,Ildiko Horvath; Brian C. Lovell,SuperDARN,unverified,0,1
10.1002/2015rs005672,"Multi‐instrument, high‐resolution imaging of polar cap patch transportation",2015,Radio Science,American Geophysical Union (AGU),Peer-reviewed journal article,Evan G. Thomas; Keisuke Hosokawa; J. Sakai; Joseph Benjamin Harold Baker; J. M. Ruohoniemi; Satoshi Taguchi; Kazuo Shiokawa; Yuichi Otsuka; A. J. Coster; J.-P. St.-Maurice; Kathryn A. McWilliams,SuperDARN_CA; SuperDARN,unverified,0,2
10.1002/2015rs005703,Application of adaptive optics to scintillation correction in phased array high-frequency radar,2015,Radio Science,American Geophysical Union (AGU),Peer-reviewed journal article,Timothy E. Theurer; William. A. Bristow,SuperDARN_CA; SuperDARN,unverified,0,2
10.1002/2015rs005706,Estimating self‐clutter of the multiple‐pulse technique,2015,Radio Science,American Geophysical Union (AGU),Peer-reviewed journal article,Ashton S. Reimer; Glenn C. Hussey,SuperDARN_CA; SuperDARN,unverified,0,2
10.1002/2015rs005725,Comparison of observed and predicted MUF(3000)F2 in the polar cap region,2015,Radio Science,American Geophysical Union (AGU),Peer-reviewed journal article,R. Athieno; Periyadan T. Jayachandran; David Russel Themens; Donald W. Danskin,CHAIN,unverified,0,1
10.1002/2015rs005790,Investigation of the role of plasma wave cascading processes in the formation of midlatitude irregularities utilizing GPS and radar observations,2016,Radio Science,American Geophysical Union (AGU),Peer-reviewed journal article,A. Eltrass; Wayne A. Scales; Philip J. Erickson; J. M. Ruohoniemi; Joseph Benjamin Harold Baker,SuperDARN,unverified,0,1
10.1002/2015rs005808,Automatically determining the origin direction and propagation mode of high-frequency radar backscatter,2015,Radio Science,American Geophysical Union (AGU),Peer-reviewed journal article,Angeline Gail Burrell; Stephen E. Milan; Gareth William Perry; Timothy K. Yeoman; Mark Lester,SuperDARN_CA; SuperDARN,unverified,0,2
10.1002/2015rs005880,Near real‐time input to a propagation model for nowcasting of HF communications with aircraft on polar routes,2016,Radio Science,American Geophysical Union (AGU),Peer-reviewed journal article,E. Michael Warrington; Alan J. Stocker; David R. Siddle; J. Hallam; H. A. H. Al-Behadili; N. Y. Zaalov; Farideh Honary; Neil Christopher Rogers; David H. Boteler; Donald W. Danskin,Single Beam Riometer; CHAIN; GO_RIO,partially_verified,1,3
10.1002/2016gl067766,The auroral ionosphere TEC response to an interplanetary shock,2016,Geophysical Research Letters,American Geophysical Union (AGU),Peer-reviewed journal article,Yaqi Jin; Xiaoyan Zhou; Jøran Idar Moen; Marc Hairston,CHAIN,unverified,0,1
10.1002/2016gl067897,Earth's ion upflow associated with polar cap patches: Global and in situ observations,2016,Geophysical Research Letters,American Geophysical Union (AGU),Peer-reviewed journal article,Qing-He Zhang; Qiu-Gang Zong; Michael Lockwood; Roderick A. Heelis; Marc Hairston; Jun Liang; Ian McCrea; Bei-Chen Zhang; Jøran Moen; Shun-Rong Zhang; Yong-Liang Zhang; J. Michael Ruohoniemi; Mark Lester; Evan G. Thomas; Rui-Yuan Liu; Malcolm W. Dunlop; Yong C.-M. Liu; Yu-Zhang Ma,SuperDARN_CA; SuperDARN,unverified,0,2
10.1002/2016gl068768,"Transient, small‐scale field‐aligned currents in the plasma sheet boundary layer during storm time substorms",2016,Geophysical Research Letters,American Geophysical Union (AGU),Peer-reviewed journal article,Rumi Nakamura; Victor A. Sergeev; Wolfgang Baumjohann; Ferdinand Plaschke; Werner Magnes; David Fischer; Ali Varsani; D. Schmid; T. K. M. Nakamura; Christopher T. Russell; Robert J. Strangeway; H. K. Leinweber; Guan Le; Ken R. Bromund; Craig J. Pollock; Barbara L. Giles; J. C. Dorelli; Daniel J. Gershman; W. Paterson; L. A. Avanov; Stephen A. Fuselier; K. Genestreti; James L. Burch; Roy B. Torbert; M. Chutter; M. R. Argall; Brian J. Anderson; P.-A. Lindqvist; G. T. Marklund; Yuri V. Khotyaintsev; B. H. Mauk; Ian James Cohen; Daniel N. Baker; Allison N. Jaynes; Robert E. Ergun; Howard J. Singer; J. A. Slavin; E. L. Kepko; Thomas E. Moore; Benoit Lavraud; V. Coffey; Yoshifumi Saito,AUTUMNX; CARISMA,unverified,0,2
10.1002/2016gl069230,A comparison between large‐scale irregularities and scintillations in the polar ionosphere,2016,Geophysical Research Letters,American Geophysical Union (AGU),Peer-reviewed journal article,Y. Wang; Q.-H. Zhang; Periyadan T. Jayachandran; M. Lockwood; S.-R. Zhang; Jøran Moen; Z.-Y. Xing; Y.-Z. Ma; Mark Lester,CHAIN; SuperDARN_CA; SuperDARN,unverified,0,3
10.1002/2016gl071168,Localized polar cap precipitation in association with nonstorm time airglow patches,2017,Geophysical Research Letters,American Geophysical Union (AGU),Peer-reviewed journal article,Ying Zou; Yukitoshi Nishimura; Larry R. Lyons; Kazuo Shiokawa,CHAIN,unverified,0,1
10.1002/2016gl071826,Statistical azimuthal structuring of the substorm onset arc: Implications for the onset mechanism,2017,Geophysical Research Letters,American Geophysical Union (AGU),Peer-reviewed journal article,Nadine M. E. Kalmoni; I. Jonathan Rae; Kyle R. Murphy; Colin Forsyth; Clare E. J. Watt; C. J. Owen,THEMIS ASI,unverified,0,1
10.1002/2016ja022418,"Dayside cosmic noise absorption at the equatorward boundary of auroral oval as observed from Maitri, Antarctica (<i>L</i> = 5; CGM 62.45°S, 55.45°E)",2016,Journal of Geophysical Research: Space Physics,American Geophysical Union (AGU),Peer-reviewed journal article,Jayanta K. Behera; Ashwini Kumar Sinha; Geeta Vichare; Olga Kozyreva; Rahul Rawat; Ajay Dhar,Single Beam Riometer; GO_RIO,unverified,0,2
10.1002/2016ja022437,"Unsolved problems: Mesoscale polar cap flow channels' structure, propagation, and effects on space weather disturbances",2016,Journal of Geophysical Research: Space Physics,American Geophysical Union (AGU),Peer-reviewed journal article,L. R. Lyons; Yukitoshi Nishimura; Ying Zou,THEMIS ASI; SuperDARN,unverified,0,2
10.1002/2016ja022443,Polar cap patch transportation beyond the classic scenario,2016,Journal of Geophysical Research: Space Physics,American Geophysical Union (AGU),Peer-reviewed journal article,Qing-He Zhang; Jøran Moen; Michael Lockwood; Ian McCrea; Bei-Chen Zhang; Kathryn A. McWilliams; Qiu-Gang Zong; Shun-Rong Zhang; J. Michael Ruohoniemi; Evan G. Thomas; Malcolm W. Dunlop; Rui-Yuan Liu; Hui-Gen Yang; Hong-Qiao Hu; Mark Lester,SuperDARN,unverified,0,1
10.1002/2016ja022459,Dayside magnetospheric and ionospheric responses to solar wind pressure increase: Multispacecraft and ground observations,2016,Journal of Geophysical Research: Space Physics,American Geophysical Union (AGU),Peer-reviewed journal article,A. M. Tian; X. C. Shen; Q. Q. Shi; B. B. Tang; Motoharu Nowada; Q. G. Zong; S. Y. Fu,CARISMA,unverified,0,1
10.1002/2016ja022475,An evidence for prompt electric field disturbance driven by changes in the solar wind density under northward IMF <i>B<sub>z</sub></i> condition,2016,Journal of Geophysical Research: Space Physics,American Geophysical Union (AGU),Peer-reviewed journal article,Diptiranjan Rout; D. Chakrabarty; R. Sekar; G. D. Reeves; J. M. Ruohoniemi; Tarun Kumar Pant; B. Veenadhari; Kazuo Shiokawa,SuperDARN,unverified,0,1
10.1002/2016ja022486,Optimal interpolation analysis of high‐latitude ionospheric Hall and Pedersen conductivities: Application to assimilative ionospheric electrodynamics reconstruction,2016,Journal of Geophysical Research: Space Physics,American Geophysical Union (AGU),Peer-reviewed journal article,Ryan McGranaghan; Delores J. Knipp; Tomoko Matsuo; Ellen Cousins,SuperDARN,unverified,0,1
10.1002/2016ja022521,Direct evidence for EMIC wave scattering of relativistic electrons in space,2016,Journal of Geophysical Research: Space Physics,American Geophysical Union (AGU),Peer-reviewed journal article,X.-J. Zhang; W. Li; Qianli Ma; R. M. Thorne; V. Angelopoulos; Jacob Bortnik; L. Chen; C. A. Kletzing; W. S. Kurth; G. B. Hospodarsky; Daniel N. Baker; G. D. Reeves; Harlan E. Spence; J. Bernard Blake; J. F. Fennell,CARISMA,unverified,0,1
10.1002/2016ja022532,Strong ambipolar‐driven ion upflow within the cleft ion fountain during low geomagnetic activity,2016,Journal of Geophysical Research: Space Physics,American Geophysical Union (AGU),Peer-reviewed journal article,Yangyang Shen; David J. Knudsen; Johnathan K. Burchill; Andrew Howarth; Andrew Yau; Robert J. Redmon; David M. Miles; Roger. H. Varney; Michael J. Nicolls,SuperDARN_CA; SuperDARN,unverified,0,2
10.1002/2016ja022607,Observing the magnetosphere through global auroral imaging: 2. Observing techniques,2016,Journal of Geophysical Research: Space Physics,American Geophysical Union (AGU),Peer-reviewed journal article,Stephen B. Mende,THEMIS ASI,unverified,0,1
10.1002/2016ja022618,Accurately characterizing the importance of wave‐particle interactions in radiation belt dynamics: The pitfalls of statistical wave representations,2016,Journal of Geophysical Research: Space Physics,American Geophysical Union (AGU),Peer-reviewed journal article,Kyle R. Murphy; Ian. R. Mann; I. Jonathan Rae; David G. Sibeck; Clare E. J. Watt,CARISMA,unverified,0,1
10.1002/2016ja022630,A dedicated H‐beta meridian scanning photometer for proton aurora measurement,2017,Journal of Geophysical Research: Space Physics,American Geophysical Union (AGU),Peer-reviewed journal article,Craig W. Unick; Eric Donovan; Martin Connors; Brian Jackel,FESO; GO STORM MSP,unverified,0,2
10.1002/2016ja022664,Solar activity variability in the IRI at high latitudes: Comparisons with GPS total electron content,2016,Journal of Geophysical Research: Space Physics,American Geophysical Union (AGU),Peer-reviewed journal article,David Russel Themens; Periyadan T. Jayachandran,CHAIN,unverified,0,1
10.1002/2016ja022665,Localized field‐aligned currents in the polar cap associated with airglow patches,2016,Journal of Geophysical Research: Space Physics,American Geophysical Union (AGU),Peer-reviewed journal article,Ying Zou; Yukitoshi Nishimura; Johnathan K. Burchill; David J. Knudsen; Larry R. Lyons; Kazuo Shiokawa; Stephan Buchert; Steve Chen; Michael J. Nicolls; J. Michael Ruohoniemi; Kathryn A. McWilliams; Nozomu Nishitani,SuperDARN_CA; SuperDARN,unverified,0,2
10.1002/2016ja022673,Stellar spectral flux calibration of auroral H‐beta photometer signal and background channels,2017,Journal of Geophysical Research: Space Physics,American Geophysical Union (AGU),Peer-reviewed journal article,Brian J. Jackel; Craig Unick,FESO,unverified,0,1
10.1002/2016ja022774,"Conjugate observations of quasiperiodic emissions by the Cluster, Van Allen Probes, and THEMIS spacecraft",2016,Journal of Geophysical Research: Space Physics,American Geophysical Union (AGU),Peer-reviewed journal article,F. Němec; G. Hospodarsky; J. S. Pickett; O. Santolík; W. S. Kurth; Craig Kletzing,CARISMA,unverified,0,1
10.1002/2016ja022781,Role of IMF <i>B</i><sub><i>y</i></sub> in the prompt electric field disturbances over equatorial ionosphere during a space weather event,2017,Journal of Geophysical Research: Space Physics,American Geophysical Union (AGU),Peer-reviewed journal article,D. Chakrabarty; Debrup Hui; Diptiranjan Rout; R. Sekar; Archana Bhattacharyya; G. D. Reeves; J. M. Ruohoniemi,SuperDARN,unverified,0,1
10.1002/2016ja022788,Ionospheric electron number densities from CUTLASS dual‐frequency velocity measurements using artificial backscatter over EISCAT,2016,Journal of Geophysical Research: Space Physics,American Geophysical Union (AGU),Peer-reviewed journal article,Lois K. Sarno-Smith; Michael J. Kosch; Timothy Yeoman; Michael Rietveld; Amore' Nel; Michael W. Liemohn,SuperDARN,unverified,0,1
10.1002/2016ja022801,Statistical properties of substorm auroral onset beads/rays,2016,Journal of Geophysical Research: Space Physics,American Geophysical Union (AGU),Peer-reviewed journal article,Yukitoshi Nishimura; J. Yang; P. L. Pritchett; F. V. Coroniti; Eric F. Donovan; L. R. Lyons; Richard A. Wolf; V. Angelopoulos; Stephen B. Mende,THEMIS ASI,unverified,0,1
10.1002/2016ja022901,On the 630 nm red‐line pulsating aurora: Red‐line Emission Geospace Observatory observations and model simulations,2016,Journal of Geophysical Research: Space Physics,American Geophysical Union (AGU),Peer-reviewed journal article,Jun Liang; Eric Donovan; Brian Jackel; Emma Spanswick; M. Gillies,REGO; THEMIS ASI; Rainbow; AGO,partially_verified,1,4
10.1002/2016ja022937,GPS TEC variations in the polar cap ionosphere: Solar wind and IMF dependence,2016,Journal of Geophysical Research: Space Physics,American Geophysical Union (AGU),Peer-reviewed journal article,Chris Watson; Periyadan T. Jayachandran; John W. MacDougall,CHAIN,unverified,0,1
10.1002/2016ja022943,Satellite‐beacon Ionospheric‐scintillation Global Model of the upper Atmosphere (SIGMA) II: Inverse modeling with high‐latitude observations to deduce irregularity physics,2016,Journal of Geophysical Research: Space Physics,American Geophysical Union (AGU),Peer-reviewed journal article,Kshitija Bharat Deshpande; Gary S. Bust; C. Robert Clauer; Wayne A. Scales; Nathaniel A. Frissell; J. M. Ruohoniemi; Luca Spogli; C. Mitchell; Allan T. Weatherwax,CHAIN; SuperDARN,unverified,0,2
10.1002/2016ja022965,Small‐scale structure of the midlatitude storm enhanced density plume during the 17 March 2015 St. Patrick's Day storm,2017,Journal of Geophysical Research: Space Physics,American Geophysical Union (AGU),Peer-reviewed journal article,Thomas R. P. Heine; Mark B. Moldwin; Shasha Zou,SuperDARN,unverified,0,1
10.1002/2016ja023033,Dynamic properties of throat aurora revealed by simultaneous ground and satellite observations,2017,Journal of Geophysical Research: Space Physics,American Geophysical Union (AGU),Peer-reviewed journal article,X.-C. Chen; D.-S. Han; Dag A. Lorentzen; Kjellmar Oksavik; Jøran Idar Moen; Lisa J. Baddeley,SuperDARN,unverified,0,1
10.1002/2016ja023109,Ion temperature intensification in southern convection flow channels during the 1 October 2001 geomagnetic storm recovery phase,2016,Journal of Geophysical Research: Space Physics,American Geophysical Union (AGU),Peer-reviewed journal article,Ildiko Horvath; Brian C. Lovell,SuperDARN,unverified,0,1
10.1002/2016ja023166,Use of spherical elementary currents to map the polar current systems associated with the geomagnetic sudden commencements on 2013 and 2015 St. Patrick's Day storms,2017,Journal of Geophysical Research: Space Physics,American Geophysical Union (AGU),Peer-reviewed journal article,S. Marsal; J. M. Torta; A. Segarra; T. Araki,CARISMA,unverified,0,1
10.1002/2016ja023171,GPS phase scintillation at high latitudes during the geomagnetic storm of 17–18 March 2015,2016,Journal of Geophysical Research: Space Physics,American Geophysical Union (AGU),Peer-reviewed journal article,Paul Prikryl; Reza Ghoddousi-Fard; James Michael Weygand; Ari Viljanen; Martin Connors; Donald W. Danskin; Periyadan T. Jayachandran; Knut Stanley Jacobsen; Y. L. Andalsvik; Evan G. Thomas; J. M. Ruohoniemi; Tibor Durgonics; Kjellmar Oksavik; Y. Zhang; Emma Spanswick; Marcio Aquino; Veettil Sreeja,CHAIN; SuperDARN_CA; SuperDARN; AUTUMNX; CARISMA,partially_verified,1,5
10.1002/2016ja023235,A new methodology for the development of high‐latitude ionospheric climatologies and empirical models,2017,Journal of Geophysical Research: Space Physics,American Geophysical Union (AGU),Peer-reviewed journal article,Gareth Chisham,SuperDARN,unverified,0,1
10.1002/2016ja023237,The 17 March 2013 storm: Synergy of observations related to electric field modes and their ionospheric and magnetospheric Effects,2016,Journal of Geophysical Research: Space Physics,American Geophysical Union (AGU),Peer-reviewed journal article,L. R. Lyons; B. Gallardo-Lacourt; Shasha Zou; James Michael Weygand; Yukitoshi Nishimura; W. Li; M. Gkioulidou; V. Angelopoulos; Eric F. Donovan; J. M. Ruohoniemi; Brian J. Anderson; S. G. Shepherd; Nozomu Nishitani,THEMIS ASI; SuperDARN_CA; SuperDARN; AUTUMNX,unverified,0,4
10.1002/2016ja023251,Quasiperiodic field‐aligned current dynamics associated with auroral undulations during a substorm recovery,2017,Journal of Geophysical Research: Space Physics,American Geophysical Union (AGU),Peer-reviewed journal article,Costel Bunescu; Octav Marghitu; Joachim Vogt; D. Constantinescu; Noora Partamies,SuperDARN,verified,1,1
10.1002/2016ja023332,GPS and GLONASS observations of large‐scale traveling ionospheric disturbances during the 2015 St. Patrick's Day storm,2016,Journal of Geophysical Research: Space Physics,American Geophysical Union (AGU),Peer-reviewed journal article,Irina Zakharenkova; Elvira Astafyeva; Iurii Cherniak,CHAIN,unverified,0,1
10.1002/2016ja023338,A comparison of the ground magnetic responses during the 2013 and 2015 St. Patrick's Day geomagnetic storms,2017,Journal of Geophysical Research: Space Physics,American Geophysical Union (AGU),Peer-reviewed journal article,Zhonghua Xu; Michael D. Hartinger; C. Robert Clauer; T. Peek; R. Behlke,SuperDARN,unverified,0,1
10.1002/2016ja023344,Geomagnetically induced currents around the world during the 17 March 2015 storm,2016,Journal of Geophysical Research: Space Physics,American Geophysical Union (AGU),Peer-reviewed journal article,B. A. Carter; Endawoke Yizengaw; Rezy Pradipta; James Michael Weygand; Mirko Piersanti; A. Pulkkinen; Mark B. Moldwin; R. Norman; Kefei Zhang,AUTUMNX; CARISMA,unverified,0,2
10.1002/2016ja023360,Postmidnight ionospheric troughs in summer at high latitudes,2016,Journal of Geophysical Research: Space Physics,American Geophysical Union (AGU),Peer-reviewed journal article,M. Voiculescu; T. Nygrén; A. T. Aikio; Heikki Vanhamäki; Viviane Pierrard,SuperDARN,unverified,0,1
10.1002/2016ja023391,A case study of EMIC waves associated with sudden geosynchronous magnetic field changes,2017,Journal of Geophysical Research: Space Physics,American Geophysical Union (AGU),Peer-reviewed journal article,Khan-Hyuk Kim; Yoshiharu Omura; Ho Jin; Junga Hwang,CARISMA,unverified,0,1
10.1002/2016ja023426,Identifying the evolution of Southern Hemisphere poleward moving auroral forms (PMAFs) in the context of plasma convection and magnetic reconnection,2017,Journal of Geophysical Research: Space Physics,American Geophysical Union (AGU),Peer-reviewed journal article,E. A. Tremsina; Stephen B. Mende; Harald U. Frey,SuperDARN,unverified,0,1
10.1002/2016ja023477,Solar wind‐driven Pc5 waves observed at a polar cap station and in the near cusp ionosphere,2016,Journal of Geophysical Research: Space Physics,American Geophysical Union (AGU),Peer-reviewed journal article,M. De Lauretis; M. Regi; P. Francia; Maria Federica Marcucci; Ermanno Amata; G. Pallocchia,SuperDARN,unverified,0,1
10.1002/2016ja023556,Seasonal effect for polar cap sunward plasma flows at strongly northward IMF <i>B<sub>z</sub></i>,2017,Journal of Geophysical Research: Space Physics,American Geophysical Union (AGU),Peer-reviewed journal article,A. V. Koustov; K. N. Yakymenko; Pavlo V. Ponomarenko,SuperDARN_CA; SuperDARN,unverified,0,2
10.1002/2016ja023560,First simultaneous multistation observations of the polar cap thermospheric winds,2017,Journal of Geophysical Research: Space Physics,American Geophysical Union (AGU),Peer-reviewed journal article,Qian Wu; Geonhwa Jee; Changsup Lee; Jeong-Han Kim; Yong Ha Kim; William Ward; Roger. H. Varney,DNT,unverified,0,1
10.1002/2016ja023583,Simultaneous space and ground‐based observations of a plasmaspheric virtual resonance,2017,Journal of Geophysical Research: Space Physics,American Geophysical Union (AGU),Peer-reviewed journal article,X. Shi; Joseph Benjamin Harold Baker; J. M. Ruohoniemi; Michael D. Hartinger; Nathaniel A. Frissell; Jiang Liu,SuperDARN; CARISMA,unverified,0,2
10.1002/2016ja023594,A statistical survey of heat input parameters into the cusp thermosphere,2017,Journal of Geophysical Research: Space Physics,American Geophysical Union (AGU),Peer-reviewed journal article,Åsmund Steen Skjæveland; Herbert C. Carlson; Jøran Idar Moen,SuperDARN,unverified,0,1
10.1002/2016ja023702,"Radar observations of density gradients, electric fields, and plasma irregularities near polar cap patches in the context of the gradient‐drift instability",2017,Journal of Geophysical Research: Space Physics,American Geophysical Union (AGU),Peer-reviewed journal article,Leslie J. Lamarche; Roman A. Makarevich,SuperDARN_CA; SuperDARN,unverified,0,2
10.1002/2016ja023711,Global view of the <i>E</i> region irregularity and convection velocities in the high‐latitude Southern Hemisphere,2017,Journal of Geophysical Research: Space Physics,American Geophysical Union (AGU),Peer-reviewed journal article,Victoriya V. Forsythe; Roman A. Makarevich,SuperDARN,unverified,0,1
10.1002/2016ja023718,Multi‐instrument observation of simultaneous polar cap auroras on open and closed magnetic field lines,2017,Journal of Geophysical Research: Space Physics,American Geophysical Union (AGU),Peer-reviewed journal article,Jade A. Reidy; Robert C. Fear; Daniel K. Whiter; B. S. Lanchester; Andrew J. Kavanagh; Larry J. Paxton; Y. Zhang; Mark Lester,SuperDARN,unverified,0,1
10.1002/2016ja023758,"Identifying the 630 nm auroral arc emission height: A comparison of the triangulation, FAC profile, and electron density methods",2017,Journal of Geophysical Research: Space Physics,American Geophysical Union (AGU),Peer-reviewed journal article,D. Megan Gillies; David Knudsen; Eric Donovan; Brian Jackel; Robert Gillies; Emma Spanswick,REGO; RISR-C,unverified,0,2
10.1002/2016ja023773,Formation mechanisms of neutral Fe layers in the thermosphere at Antarctica studied with a thermosphere‐ionosphere Fe/Fe<sup>+</sup> (TIFe) model,2017,Journal of Geophysical Research: Space Physics,American Geophysical Union (AGU),Peer-reviewed journal article,Xinzhao Chu; Zhibin Yu,SuperDARN,unverified,0,1
10.1002/2016ja023774,Conjugate observation of auroral finger‐like structures by ground‐based all‐sky cameras and THEMIS satellites,2017,Journal of Geophysical Research: Space Physics,American Geophysical Union (AGU),Peer-reviewed journal article,Katsuki Nishi; Kazuo Shiokawa; Dennis Frühauff,THEMIS ASI; CARISMA,unverified,0,2
10.1002/2016ja023789,Birkeland current boundary flows,2017,Journal of Geophysical Research: Space Physics,American Geophysical Union (AGU),Peer-reviewed journal article,William E. Archer; David J. Knudsen; Johnathan K. Burchill; Brian Jackel; Eric Donovan; Martin Connors; Liisa Juusola,THEMIS ASI,unverified,0,1
10.1002/2016ja023799,Investigating the polar ionosphere during the development of neutral density enhancements on 24–25 September 2000,2017,Journal of Geophysical Research: Space Physics,American Geophysical Union (AGU),Peer-reviewed journal article,Ildiko Horvath; Brian C. Lovell,SuperDARN,unverified,0,1
10.1002/2016ja023830,Transpolar arcs observed simultaneously in both hemispheres,2017,Journal of Geophysical Research: Space Physics,American Geophysical Union (AGU),Peer-reviewed journal article,Jennifer Alyson Carter; S. E. Milan; Robert C. Fear; M.-T. Walach; Z. A. Harrison; Larry J. Paxton; B. Hubert,SuperDARN,unverified,0,1
10.1002/2016jd024935,HF radar observations of a quasi‐biennial oscillation in midlatitude mesospheric winds,2016,Journal of Geophysical Research: Atmospheres,American Geophysical Union (AGU),Peer-reviewed journal article,Garima Malhotra; J. M. Ruohoniemi; Joseph Benjamin Harold Baker; Robert E. Hibbins; Kathryn A. McWilliams,SuperDARN_CA; SuperDARN,unverified,0,2
10.1002/2016rs005960,SuperDARN backscatter during intense geomagnetic storms,2016,Radio Science,American Geophysical Union (AGU),Peer-reviewed journal article,J. L. Currie; C. L. Waters; Frederick W. Menk; M. D. Sciffer; William. A. Bristow,SuperDARN,unverified,0,1
10.1002/2016rs005975,On the statistics of SuperDARN autocorrelation function estimates,2016,Radio Science,American Geophysical Union (AGU),Peer-reviewed journal article,Ashton S. Reimer; Glenn C. Hussey; S. R. Dueck,SuperDARN_CA; SuperDARN,unverified,0,2
10.1002/2016rs006062,First observations from the RISR-C incoherent scatter radar,2016,Radio Science,American Geophysical Union (AGU),Peer-reviewed journal article,Robert G. Gillies; Anthony Van Eyken; Emma Spanswick; Michael Nicolls; John Kelly; M. Greffen; David Knudsen; Martin Connors; M. Schutzer; Todd Valentic; Moyra Malone; John Buonocore; J.-P. St.-Maurice; Eric Donovan,RISR-C; CHAIN; SuperDARN_CA; SuperDARN,unverified,0,4
10.1002/2016rs006081,SuperDARN scalar radar equations,2016,Radio Science,American Geophysical Union (AGU),Peer-reviewed journal article,Oleg I. Berngardt; K. A. Kutelev; A. P. Potekhin,SuperDARN,unverified,0,1
10.1002/2016rs006088,Morphology and possible origins of near‐range oblique HF backscatter at high and midlatitudes,2016,Radio Science,American Geophysical Union (AGU),Peer-reviewed journal article,V. Ponomarenko Pavlo; Blessing Iserhienrhien; Jean-Pierre St.-Maurice,SuperDARN_CA; SuperDARN,unverified,0,2
10.1002/2016rs006096,MUF variability in the Arctic region: A statistical comparison with the ITU‐R variability factors,2016,Radio Science,American Geophysical Union (AGU),Peer-reviewed journal article,R. Athieno; Periyadan T. Jayachandran,CHAIN,unverified,0,1
10.1002/2016rs006106,Multiinstrument observations of a geomagnetic storm and its effects on the Arctic ionosphere: A case study of the 19 February 2014 storm,2017,Radio Science,American Geophysical Union (AGU),Peer-reviewed journal article,Tibor Durgonics; Attila Komjathy; Olga Verkhoglyadova; Esayas B. Shume; Hans-Henrik Benzon; Anthony J. Mannucci; Mark D. Butala; Per Høeg; Richard B. Langley,SuperDARN,unverified,0,1
10.1002/2016rs006134,On the consistency of the SuperDARN radar velocity and <b>E</b> × <b>B</b> plasma drift,2016,Radio Science,American Geophysical Union (AGU),Peer-reviewed journal article,A. V. Koustov; D. B. Lavoie; Roger. H. Varney,RISR-C; SuperDARN_CA; SuperDARN,unverified,0,3
10.1002/2016rs006142,First results of HF radio science with e‐POP RRI and SuperDARN,2017,Radio Science,American Geophysical Union (AGU),Peer-reviewed journal article,Gareth William Perry; H. Gordon James; Robert G. Gillies; Andrew Howarth; Glenn C. Hussey; Kathryn A. McWilliams; A. White; Andrew W. Yau,SuperDARN_CA; SuperDARN,unverified,0,2
10.1002/2016rs006184,Dynamic analysis of the polar ionosphere using the GPS signal: Toward an optimization of the cutoff scale,2017,Radio Science,American Geophysical Union (AGU),Peer-reviewed journal article,H. Mezaoui; Abdelhaq M. Hamza; Periyadan T. Jayachandran,CHAIN,unverified,0,1
10.1002/2016rs006192,A neural network-based foF2 model for a single station in the polar cap,2017,Radio Science,American Geophysical Union (AGU),Peer-reviewed journal article,R. Athieno; Periyadan T. Jayachandran; David Russel Themens,CHAIN,unverified,0,1
10.1002/2016sw001461,Examination of the relationship between riometer-derived absorption and the integral proton flux in the context of modeling polar cap absorption,2016,Space Weather,American Geophysical Union (AGU),Peer-reviewed journal article,Robyn A. D. Fiori; Donald W. Danskin,Single Beam Riometer; GO_RIO,unverified,0,2
10.1002/2016sw001527,Improving the twilight model for polar cap absorption nowcasts,2016,Space Weather,American Geophysical Union (AGU),Peer-reviewed journal article,Neil Christopher Rogers; Antti Kero; Farideh Honary; Pekka T. Verronen; E. Michael Warrington; Donald W. Danskin,Single Beam Riometer; CANOPUS; GO_RIO,unverified,0,3
10.1002/2017gl072811,Ultra‐relativistic radiation belt extinction and ULF wave radial diffusion: Modeling the September 2014 extended dropout event,2017,Geophysical Research Letters,American Geophysical Union (AGU),Peer-reviewed journal article,Louis G. Ozeke; Ian. R. Mann; Kyle R. Murphy; David G. Sibeck; Daniel N. Baker,CARISMA,unverified,0,1
10.1002/2017gl073249,Global ULF waves generated by a hot flow anomaly,2017,Geophysical Research Letters,American Geophysical Union (AGU),Peer-reviewed journal article,L. L. Zhao; H. Zhang; Q. G. Zong,CARISMA,unverified,0,1
10.1002/2017gl073374,Dual E × B flow responses in the dayside ionosphere to a sudden IMF By rotation,2017,Geophysical Research Letters,American Geophysical Union (AGU),Peer-reviewed journal article,S. Eriksson; M. Maimaiti; Joseph Benjamin Harold Baker; Karlheinz J. Trattner; Delores J. Knipp; Victoria Wilder,SuperDARN,unverified,0,1
10.1002/2017gl073439,Polar cap hot patches: Enhanced density structures different from the classical patches in the ionosphere,2017,Geophysical Research Letters,American Geophysical Union (AGU),Peer-reviewed journal article,Q.-H. Zhang; Y.-Z. Ma; Periyadan T. Jayachandran; Jøran Moen; M. Lockwood; Y.-L. Zhang; John C. Foster; S.-R. Zhang; Y. Wang; David Russel Themens; B.-C. Zhang; Z. Y. Xing,CHAIN; SuperDARN,unverified,0,2
10.1002/2017gl075763,Nightside Ionospheric Convection Asymmetries During the Early Substorm Expansion Phase: Relationship to Onset Local Time,2017,Geophysical Research Letters,American Geophysical Union (AGU),Peer-reviewed journal article,Adrian Grocott; H. J. Laurens; James A. Wild,SuperDARN,unverified,0,1
10.1002/2017gl075765,Spreading Speed of Magnetopause Reconnection X‐Lines Using Ground‐Satellite Coordination,2018,Geophysical Research Letters,American Geophysical Union (AGU),Peer-reviewed journal article,Ying Zou; Brian M. Walsh; Yukitoshi Nishimura; Vassilis Angelopoulos; J. Michael Ruohoniemi; Kathryn A. McWilliams; Nozomu Nishitani,SuperDARN_CA; SuperDARN,unverified,0,2
10.1002/2017gl075989,Ionospheric Total Electron Content Response to the Great American Solar Eclipse of 21 August 2017,2018,Geophysical Research Letters,American Geophysical Union (AGU),Peer-reviewed journal article,Iurii Cherniak; Irina Zakharenkova,CHAIN,unverified,0,1
10.1002/2017gl076051,Alfvénic Dynamics and Fine Structuring of Discrete Auroral Arcs: Swarm and e‐POP Observations,2018,Geophysical Research Letters,American Geophysical Union (AGU),Peer-reviewed journal article,David M. Miles; Ian. R. Mann; Ivan P. Pakhotin; Johnathan K. Burchill; Andrew David Howarth; David J. Knudsen; R. L. Lysak; Don D. Wallis; Leroy L. Cogger; Andrew W. Yau,CARISMA,unverified,0,1
10.1002/2017gl076485,Flow Shears at the Poleward Boundary of Omega Bands Observed During Conjunctions of Swarm and THEMIS ASI,2018,Geophysical Research Letters,American Geophysical Union (AGU),Peer-reviewed journal article,Jiang Liu; L. R. Lyons; William E. Archer; B. Gallardo-Lacourt; Yukitoshi Nishimura; Ying Zou; Christine Gabrielse; James Michael Weygand,THEMIS ASI,unverified,0,1
10.1002/2017ja023904,Simultaneous observations of traveling convection vortices: Ionosphere‐thermosphere coupling,2017,Journal of Geophysical Research: Space Physics,American Geophysical Union (AGU),Peer-reviewed journal article,Hyomin Kim; Marc R. Lessard; Sarah L. Jones; Kristina A. Lynch; Philip A. Fernandes; Anasuya L. Aruliah; Mark J. Engebretson; Jøran Idar Moen; Kjellmar Oksavik; Alexander G. Yahnin; Timothy K. Yeoman,SuperDARN,unverified,0,1
10.1002/2017ja023915,"27 August 2001 substorm: Preonset phenomena, two main onsets, field‐aligned current systems, and plasma flow channels in the ionosphere and in the magnetosphere",2017,Journal of Geophysical Research: Space Physics,American Geophysical Union (AGU),Peer-reviewed journal article,V. M. Mishin; Vladimir V. Mishin; S. B. Lunyushkin; J. Y. Wang; A. V. Moiseev,CARISMA,unverified,0,1
10.1002/2017ja023990,Propagation and evolution of electric fields associated with solar wind pressure pulses based on spacecraft and ground‐based observations,2017,Journal of Geophysical Research: Space Physics,American Geophysical Union (AGU),Peer-reviewed journal article,Naoko Takahashi; Yasumasa Kasaba; Yukitoshi Nishimura; Atsuki Shinbori; Takashi Kikuchi; T. Hori; Yusuke Ebihara; Nozomu Nishitani,SuperDARN_CA; SuperDARN,unverified,0,2
10.1002/2017ja023995,Simultaneous Measurements of Substorm‐Related Electron Energization in the Ionosphere and the Plasma Sheet,2017,Journal of Geophysical Research: Space Physics,American Geophysical Union (AGU),Peer-reviewed journal article,Nithin Sivadas; Joshua Semeter; Yukitoshi Nishimura; Antti Kero,THEMIS ASI,unverified,0,1
10.1002/2017ja024022,"Variation of atmospheric electric field measured at Vostok, Antarctica, during St. Patrick's Day storms on 24th solar cycle",2017,Journal of Geophysical Research: Space Physics,American Geophysical Union (AGU),Peer-reviewed journal article,N. Jeni Victor; A. V. Frank-Kamenetsky; S. Manu; C. Panneerselvam,SuperDARN,unverified,0,1
10.1002/2017ja024029,An explanation of auroral intensification during the substorm expansion phase,2017,Journal of Geophysical Research: Space Physics,American Geophysical Union (AGU),Peer-reviewed journal article,Zhonghua Yao; I. Jonathan Rae; A. T. Y. Lui; Kyle R. Murphy; C. J. Owen; Z. Y. Pu; Colin Forsyth; D. Grodent; Q.-G. Zong; A. M. Du; Nadine M. E. Kalmoni,THEMIS ASI; CARISMA,unverified,0,2
10.1002/2017ja024060,Two fundamentally different drivers of dipolarizations at Saturn,2017,Journal of Geophysical Research: Space Physics,American Geophysical Union (AGU),Peer-reviewed journal article,Z. H. Yao; D. Grodent; L. C. Ray; I. Jonathan Rae; A. J. Coates; Z. Y. Pu; A. T. Lui; A. Radioti; J. H. Waite; G. H. Jones; R. L. Guo; W. R. Dunn,THEMIS ASI,unverified,0,1
10.1002/2017ja024127,Ionospheric electron heating associated with pulsating auroras: A Swarm survey and model simulation,2017,Journal of Geophysical Research: Space Physics,American Geophysical Union (AGU),Peer-reviewed journal article,Jun Liang; Bing Yang; Eric Donovan; Jonathan Burchill; David Knudsen,REGO,unverified,0,1
10.1002/2017ja024131,Statistical characterization of the large‐scale structure of the subauroral polarization stream,2017,Journal of Geophysical Research: Space Physics,American Geophysical Union (AGU),Peer-reviewed journal article,Bharat S. R. Kunduri; Joseph Benjamin Harold Baker; J. M. Ruohoniemi; Evan G. Thomas; S. G. Shepherd; Kevin T. Sterne,SuperDARN,unverified,0,1
10.1002/2017ja024198,Influence of Auroral Streamers on Rapid Evolution of Ionospheric SAPS Flows,2017,Journal of Geophysical Research: Space Physics,American Geophysical Union (AGU),Peer-reviewed journal article,Bea Gallardo-Lacourt; Yukitoshi Nishimura; L. R. Lyons; Evgeny V. Mishin; J. M. Ruohoniemi; Eric F. Donovan; V. Angelopoulos; Nozomu Nishitani,THEMIS ASI; SuperDARN_CA; SuperDARN,unverified,0,3
10.1002/2017ja024226,Enhancement and modulation of cosmic noise absorption in the afternoon sector at subauroral location (<i>L</i> = 5) during the recovery phase of 17 March 2015 geomagnetic storm,2017,Journal of Geophysical Research: Space Physics,American Geophysical Union (AGU),Peer-reviewed journal article,Jayanta K. Behera; Ashwini Kumar Sinha; Geeta Vichare; Ankush Bhaskar; Farideh Honary; Rahul Rawat; Rajesh Singh,Single Beam Riometer; GO_RIO,unverified,0,2
10.1002/2017ja024255,Observation of subsecond variations in auroral region total electron content using 100 Hz sampling of GPS observables,2017,Journal of Geophysical Research: Space Physics,American Geophysical Union (AGU),Peer-reviewed journal article,Anthony M. McCaffrey; Periyadan T. Jayachandran,CHAIN; CARISMA,unverified,0,2
10.1002/2017ja024362,Investigating the Development of Localized Neutral Density Increases During the 24 August 2005 Geomagnetic Storm,2017,Journal of Geophysical Research: Space Physics,American Geophysical Union (AGU),Peer-reviewed journal article,Ildiko Horvath; Brian C. Lovell,SuperDARN,unverified,0,1
10.1002/2017ja024398,The Empirical Canadian High Arctic Ionospheric Model (E‐CHAIM): <i>N</i><sub><i>m</i></sub><i>F</i><sub>2</sub> and <i>h</i><sub><i>m</i></sub><i>F</i><sub>2</sub>,2017,Journal of Geophysical Research: Space Physics,American Geophysical Union (AGU),Peer-reviewed journal article,David Russel Themens; Periyadan T. Jayachandran; Ivan Galkin; Chris Hall,CHAIN; ECHAIM,unverified,0,2
10.1002/2017ja024434,Variations of High‐Latitude Geomagnetic Pulsation Frequencies: A Comparison of Time‐of‐Flight Estimates and IMAGE Magnetometer Observations,2018,Journal of Geophysical Research: Space Physics,American Geophysical Union (AGU),Peer-reviewed journal article,Jasmine K. Sandhu; T. K. Yeoman; Matthew K. James; I. Jonathan Rae; Robert C. Fear,CARISMA,unverified,0,1
10.1002/2017ja024439,Swarm Observation of Field‐Aligned Currents Associated With Multiple Auroral Arc Systems,2017,Journal of Geophysical Research: Space Physics,American Geophysical Union (AGU),Peer-reviewed journal article,J. Wu; David J. Knudsen; D. Megan Gillies; Eric F. Donovan; Johnathan K. Burchill,THEMIS ASI,unverified,0,1
10.1002/2017ja024485,Signatures of Ultrarelativistic Electron Loss in the Heart of the Outer Radiation Belt Measured by Van Allen Probes,2017,Journal of Geophysical Research: Space Physics,American Geophysical Union (AGU),Peer-reviewed journal article,N. A. Aseev; Yuri Y. Shprits; A. Y. Drozdov; Adam C. Kellerman; Maria E. Usanova; Dedong Wang; Irina S. Zhelavskaya,CARISMA,unverified,0,1
10.1002/2017ja024543,Deriving Global Convection Maps From SuperDARN Measurements,2018,Journal of Geophysical Research: Space Physics,Wiley,Peer-reviewed journal article,Jesper W. Gjerloev; C. L. Waters; R. J. Barnes,SuperDARN,unverified,0,1
10.1002/2017ja024611,SC‐Associated Electric Field Variations in the Magnetosphere and Ionospheric Convective Flows,2017,Journal of Geophysical Research: Space Physics,American Geophysical Union (AGU),Peer-reviewed journal article,S.-I. Kim; K.-H. Kim; H.-J. Kwon; H. Jin; Eunah Lee; Geonhwa Jee; Nozomu Nishitani; T. Hori; Mark Lester; John R. Wygant,SuperDARN,unverified,0,1
10.1002/2017ja024644,Interhemispheric Asymmetry of the Sunward Plasma Flows for Strongly Dominant IMF <i>B</i><sub><i>Z</i></sub> &gt; 0,2018,Journal of Geophysical Research: Space Physics,American Geophysical Union (AGU),Peer-reviewed journal article,K. N. Yakymenko; A. V. Koustov; Robyn A. D. Fiori,SuperDARN,unverified,0,1
10.1002/2017ja024674,The Role of Localized Compressional Ultra‐low Frequency Waves in Energetic Electron Precipitation,2018,Journal of Geophysical Research: Space Physics,American Geophysical Union (AGU),Peer-reviewed journal article,I. Jonathan Rae; Kyle R. Murphy; Clare E. J. Watt; Alexa Jean Halford; Ian. R. Mann; Louis G. Ozeke; David G. Sibeck; Mark A. Clilverd; Craig J. Rodger; Alex W. Degeling; Colin Forsyth; Howard J. Singer,Single Beam Riometer; GO_RIO,unverified,0,2
10.1002/2017ja024686,Multiscale Currents Observed by MMS in the Flow Braking Region,2018,Journal of Geophysical Research: Space Physics,American Geophysical Union (AGU),Peer-reviewed journal article,Rumi Nakamura; Ali Varsani; Kevin J. Genestreti; Olivier Le Contel; Takuma Nakamura; Wolfgang Baumjohann; Tsugunobu Nagai; Anton Artemyev; Joachim Birn; Victor A. Sergeev; Sergey Apatenkov; Robert E. Ergun; Stephen A. Fuselier; Daniel J. Gershman; Barbara J. Giles; Yuri V. Khotyaintsev; Per-Arne Lindqvist; Werner Magnes; Barry Mauk; Anatoli Petrukovich; Christopher T. Russell; Julia Stawarz; Robert J. Strangeway; Brian Anderson; James L. Burch; Ken R. Bromund; Ian Cohen; David Fischer; Allison Jaynes; Laurence Kepko; Guan Le; Ferdinand Plaschke; Geoff Reeves; Howard J. Singer; James A. Slavin; Roy B. Torbert; Drew L. Turner,CARISMA,unverified,0,1
10.1002/2017ja024703,On the Nocturnal Downward and Westward Equatorial Ionospheric Plasma Drifts During the 17 March 2015 Geomagnetic Storm,2018,Journal of Geophysical Research: Space Physics,American Geophysical Union (AGU),Peer-reviewed journal article,Mala S. Bagiya; Geeta Vichare; Ashwini Kumar Sinha; S. Sripathi,SuperDARN,verified,1,1
10.1002/2017ja024708,Nightside Pi2 Wave Properties During an Extended Period With Stable Plasmapause Location and Variable Geomagnetic Activity,2017,Journal of Geophysical Research: Space Physics,American Geophysical Union (AGU),Peer-reviewed journal article,Michael D. Hartinger; Shasha Zou; Kazue Takahashi; X. Shi; R. Redmon; Jerry Goldstein; W. Kurth; John W. Bonnell,THEMIS ASI; SuperDARN; CARISMA,unverified,0,3
10.1002/2017ja024713,Diagnosing the Role of Alfvén Waves in Magnetosphere‐Ionosphere Coupling: Swarm Observations of Large Amplitude Nonstationary Magnetic Perturbations During an Interval of Northward IMF,2018,Journal of Geophysical Research: Space Physics,American Geophysical Union (AGU),Peer-reviewed journal article,Ivan P. Pakhotin; Ian. R. Mann; R. L. Lysak; David J. Knudsen; Jesper W. Gjerloev; I. Jonathan Rae; Colin Forsyth; Kyle R. Murphy; David M. Miles; Louis G. Ozeke; Georgios Balasis,CARISMA,unverified,0,1
10.1002/2017ja024730,How Much Flux Does a Flux Transfer Event Transfer?,2017,Journal of Geophysical Research: Space Physics,American Geophysical Union (AGU),Peer-reviewed journal article,Robert C. Fear; L. Trenchi; J. C. Coxon; S. E. Milan,SuperDARN_CA; SuperDARN,unverified,0,2
10.1002/2017ja024740,ULF Wave Activity in the Magnetosphere: Resolving Solar Wind Interdependencies to Identify Driving Mechanisms,2018,Journal of Geophysical Research: Space Physics,Wiley,Peer-reviewed journal article,Sarah N. Bentley; Clare E. J. Watt; M. J. Owens; I. Jonathan Rae,CARISMA,unverified,0,1
10.1002/2017ja024776,Magnetotail Fast Flow Occurrence Rate and Dawn‐Dusk Asymmetry at <i>X</i><sub>GSM</sub> ∼ −60 <i>R<sub>E</sub></i>,2018,Journal of Geophysical Research: Space Physics,American Geophysical Union (AGU),Peer-reviewed journal article,S. A. Kiehas; Andrei Runov; V. Angelopolos; Heli Hietala; D. Korovinksiy,THEMIS ASI,unverified,0,1
10.1002/2017ja024778,Magnetic Shear Damped Polar Convective Fluid Instabilities,2018,Journal of Geophysical Research: Space Physics,American Geophysical Union (AGU),Peer-reviewed journal article,Jyoti K. Atul; Rameswar Singh; Sanjib Sarkar; Oleg V. Kravchenko; Sushil K. Singh; Prabal K. Chattopadhyaya; Predhiman K. Kaw,RISR-C,verified,1,1
10.1002/2017ja024805,Experimental Evidence on the Dependence of the Standard GPS Phase Scintillation Index on the Ionospheric Plasma Drift Around Noon Sector of the Polar Ionosphere,2018,Journal of Geophysical Research: Space Physics,American Geophysical Union (AGU),Peer-reviewed journal article,Y. Wang; Q.-H. Zhang; Periyadan T. Jayachandran; Jøran Moen; Z.-Y. Xing; Richard Chadwick; Y.-Z. Ma; J. M. Ruohoniemi; Mark Lester,CHAIN; SuperDARN,unverified,0,2
10.1002/2017ja024817,Topside Electron Density Representations for Middle and High Latitudes: A Topside Parameterization for E‐CHAIM Based On the NeQuick,2018,Journal of Geophysical Research: Space Physics,American Geophysical Union (AGU),Peer-reviewed journal article,David Russel Themens; Periyadan T. Jayachandran; Dieter Bilitza; Philip J. Erickson; Ingemar Häggström; Mykhaylo V. Lyashenko; Benjamin Reid; Roger. H. Varney; Ljubov Pustovalova,ECHAIM; CHAIN,unverified,0,2
10.1002/2017ja024844,Comment on “Pulsating Auroras Produced by Interactions of Electrons and Time Domain Structures” by Mozer Et Al.,2018,Journal of Geophysical Research: Space Physics,American Geophysical Union (AGU),Peer-reviewed journal article,Yukitoshi Nishimura; Jacob Bortnik; W. Li; V. Angelopoulos; Eric F. Donovan; Emma L. Spanswick,THEMIS ASI,unverified,0,1
10.1002/2017ja024870,Investigating the Development of Abnormal Subauroral Ion Drift (ASAID) and Abnormal Subauroral Polarization Stream (ASAPS) During the Magnetically Active Times of September 2003,2018,Journal of Geophysical Research: Space Physics,American Geophysical Union (AGU),Peer-reviewed journal article,Ildiko Horvath; Brian C. Lovell,SuperDARN,unverified,0,1
10.1002/2017ja024903,Statistical Study of Nightside Quiet Time Midlatitude Ionospheric Convection,2018,Journal of Geophysical Research: Space Physics,American Geophysical Union (AGU),Peer-reviewed journal article,M. Maimaiti; J. M. Ruohoniemi; Joseph Benjamin Harold Baker; Alvaro J. Ribeiro,SuperDARN,unverified,0,1
10.1002/2017ja024972,A Case Study of Connection Between Ground Magnetic Field Perturbations and Tail Current Sheet Bursty Flows at <i>X</i> = −60 <i>R</i><sub><i>E</i></sub>,2018,Journal of Geophysical Research: Space Physics,American Geophysical Union (AGU),Peer-reviewed journal article,Chih-Ping Wang; Xiaoyan Xing; Yi-Hsin Liu; Andrei Runov,AUTUMNX,verified,1,1
10.1002/2017ja024999,Measurements of Ion‐Neutral Coupling in the Auroral <i>F</i> Region in Response to Increases in Particle Precipitation,2018,Journal of Geophysical Research: Space Physics,American Geophysical Union (AGU),Peer-reviewed journal article,A. Kiene; William. A. Bristow; M. G. Conde; D. L. Hampton,SuperDARN,unverified,0,1
10.1002/2017ja025026,A Comparative Study of Spectral Auroral Intensity Predictions From Multiple Electron Transport Models,2018,Journal of Geophysical Research: Space Physics,American Geophysical Union (AGU),Peer-reviewed journal article,Guy Grubbs; Robert Michell; Marilia Samara; Donald Hampton; James Hecht; Stanley Solomon; Jorg-Micha Jahn,REGO,unverified,0,1
10.1002/2017ja025114,Quantitative Evaluation of Radial Diffusion and Local Acceleration Processes During GEM Challenge Events,2018,Journal of Geophysical Research: Space Physics,American Geophysical Union (AGU),Peer-reviewed journal article,Qianli Ma; W. Li; Jacob Bortnik; R. M. Thorne; X. Chu; Louis G. Ozeke; G. D. Reeves; C. A. Kletzing; W. S. Kurth; G. B. Hospodarsky; Mark J. Engebretson; Harlan E. Spence; Daniel N. Baker; J. Bernard Blake; J. F. Fennell; Seth G. Claudepierre,CARISMA,unverified,0,1
10.1002/2017ja025141,Diurnal Variations in Global Joule Heating Morphology and Magnitude Due To Neutral Winds,2018,Journal of Geophysical Research: Space Physics,American Geophysical Union (AGU),Peer-reviewed journal article,Daniel D. Billett; Adrian Grocott; James A. Wild; M.-T. Walach; Michael J. Kosch,SuperDARN,unverified,0,1
10.1002/2017rs006348,Elevation angle determination for SuperDARN HF radar layouts,2017,Radio Science,American Geophysical Union (AGU),Peer-reviewed journal article,S. G. Shepherd,SuperDARN,unverified,0,1
10.1002/2017rs006450,Statistically Self‐Consistent and Accurate Errors for SuperDARN Data,2018,Radio Science,American Geophysical Union (AGU),Peer-reviewed journal article,Ashton S. Reimer; Glenn C. Hussey; Kathryn A. McWilliams,SuperDARN_CA; SuperDARN,unverified,0,2
10.1002/2017rs006453,Enhanced Polar Outflow Probe Ionospheric Radio Occultation Measurements at High Latitudes: Receiver Bias Estimation and Comparison With Ground‐Based Observations,2018,Radio Science,American Geophysical Union (AGU),Peer-reviewed journal article,C. Watson; Richard B. Langley; David Russel Themens; Andrew W. Yau; Andrew David Howarth; Periyadan T. Jayachandran,CHAIN,unverified,0,1
10.1002/2017rs006488,Characterization of Short‐Wave Fadeout Seen in Daytime SuperDARN Ground Scatter Observations,2018,Radio Science,American Geophysical Union (AGU),Peer-reviewed journal article,S. Chakraborty; J. M. Ruohoniemi; Joseph Benjamin Harold Baker; Nozomu Nishitani,SuperDARN_CA; SuperDARN,unverified,0,2
10.1002/2017rs006512,Solar Influences on the Return Direction of High‐Frequency Radar Backscatter,2018,Radio Science,American Geophysical Union (AGU),Peer-reviewed journal article,Angeline Gail Burrell; Gareth William Perry; Timothy K. Yeoman; Stephen E. Milan; Russell Stoneback,CHAIN; SuperDARN,unverified,0,2
10.1002/2017sw001602,Modeling Geomagnetically Induced Currents From Magnetometer Measurements: Spatial Scale Assessed With Reference Measurements,2017,Space Weather,American Geophysical Union (AGU),Peer-reviewed journal article,Mark D. Butala; Maryam Kazerooni; Jonathan J. Makela; Farzad Kamalabadi; Jennifer L. Gannon; Hao Zhu; Thomas J. Overbye,CARISMA,unverified,0,1
10.1002/2017sw001615,Testing nowcasts of the ionospheric convection from the expanding and contracting polar cap model,2017,Space Weather,American Geophysical Union (AGU),Peer-reviewed journal article,M.-T. Walach; S. E. Milan; T. K. Yeoman; B. A. Hubert; Marc R. Hairston,SuperDARN,unverified,0,1
10.1002/2017sw001634,The Unifying Principle of Coordinated Measurements in Geospace Science,2017,Space Weather,American Geophysical Union (AGU),Peer-reviewed journal article,William Lotko,SuperDARN,unverified,0,1
10.1002/2017sw001665,Real‐time geomagnetic monitoring for space weather‐related applications: Opportunities and challenges,2017,Space Weather,American Geophysical Union (AGU),Peer-reviewed journal article,Jeffrey J. Love; Carol A. Finn,AUTUMNX,verified,1,1
10.1002/2017sw001718,The Future of Ground Magnetometer Arrays in Support of Space Weather Monitoring and Research,2017,Space Weather,American Geophysical Union (AGU),Peer-reviewed journal article,Mark Engebretson; Eftyhia Zesta,SuperDARN,unverified,0,1
10.1002/2017sw001756,Underutilized Spaceborne GPS Observations for Space Weather Monitoring,2018,Space Weather,American Geophysical Union (AGU),Peer-reviewed journal article,Irina Zakharenkova; Iurii Cherniak,CHAIN; SuperDARN,unverified,0,2
10.1002/2018ja025218,Reply to Comment by Nishimura Et Al.,2018,Journal of Geophysical Research: Space Physics,American Geophysical Union (AGU),Peer-reviewed journal article,F. S. Mozer; A. Hull; Solène Lejosne; Ivan Y. Vasko,REGO,unverified,0,1
10.1002/2018ja025280,"Statistical Patterns of Ionospheric Convection Derived From Mid‐latitude, High‐Latitude, and Polar SuperDARN HF Radar Observations",2018,Journal of Geophysical Research: Space Physics,Wiley,Peer-reviewed journal article,Evan G. Thomas; S. G. Shepherd,SuperDARN_CA; SuperDARN,unverified,0,2
10.1002/9781118929216.ch6,Solar Cycle 24 Observations of Storm‐Enhanced Density and the Tongue of Ionization,2016,Geophysical Monograph Series,Wiley,Unknown,Anthea J. Coster; Philip J. Erickson; John C. Foster; Evan G. Thomas; J. Michael Ruohoniemi; Joseph Baker,SuperDARN,unverified,0,1
10.1002/9781118978719.ch1,Investigations of the Many Distinct Types of Auroras,2015,Geophysical Monograph Series,Wiley,Unknown,Christopher A. Colpitts,THEMIS ASI,unverified,0,1
10.1002/9781118978719.ch15,GPS Phase Scintillation at High Latitudes during Two Geomagnetic Storms,2015,Geophysical Monograph Series,Wiley,Unknown,Paul Prikryl; Reza Ghoddousi-Fard; John M. Ruohoniemi; Evan G. Thomas,Single Beam Riometer; CHAIN; SuperDARN; GO_RIO,unverified,0,4
10.1002/9781118978719.ch5,Isolated Proton Auroras and Pc1/EMIC Waves at Subauroral Latitudes,2015,Geophysical Monograph Series,Wiley,Unknown,Kaori Sakaguchi; Kazuo Shiokawa; Yoshizumi Miyoshi; Martin Connors,THEMIS ASI,unverified,0,1
10.1002/9781118978719.ch8,Dynamics Related to Plasmasheet Flow Bursts as Revealed from the Aurora,2015,Geophysical Monograph Series,Wiley,Unknown,Larry R. Lyons; Yukitoshi Nishimura; Beatrice Gallardo-Lacourt; Ying Zou; Eric F. Donovan; Stephen Mende; Vassills Angelopoulos; John M. Ruohoniemi; Kathryn A. McWilliams; Don L. Hampton; Michael J. Nicolls,THEMIS ASI,unverified,0,1
10.1002/9781119055006.ch5,EMIC Waves in the Inner Magnetosphere,2016,Geophysical Monograph Series,Wiley,Unknown,Maria E. Usanova; Ian. R. Mann; F. Darrouzet,CARISMA,unverified,0,1
10.1002/9781119055006.ch7,ULF Waves above the Nightside Auroral Oval during Substorm Onset,2016,Geophysical Monograph Series,Wiley,Unknown,I. Jonathan Rae; Clare E. J. Watt,THEMIS ASI; CARISMA,unverified,0,2
10.1002/9781119066880.ch28,Future Atmosphere‐Ionosphere‐Magnetosphere Coupling Study Requirements,2016,Geophysical Monograph Series,Wiley,Unknown,Thomas E. Moore; Kevin S. Brenneman; Charles R. Chappell; James H. Clemmons; Glyn A. Collinson; Christopher Cully; Eric Donovan; Gregory D. Earle; Daniel J. Gershman; Roderick A. Heelis; Lynn M. Kistler; Larry Kepko; George Khazanov; David J. Knudsen; Marc Lessard; Elizabeth A. MacDonald; Michael J. Nicolls; Craig J. Pollock; Robert Pfaff; Douglas E. Rowland; Ennio Sanchez; R. W. Schunk; Joshua Semeter; Robert J. Strangeway; Jeffrey Thayer,THEMIS ASI,unverified,0,1
10.1002/9781119216346.ch13,Premidnight Preponderance of Dispersionless Ion and Electron Injections,2017,Geophysical Monograph Series,Wiley,Unknown,Christine Gabrielse; Andrei Runov; Vassilis Angelopoulos; Emma Spanswick; Drew L. Turner,THEMIS ASI,unverified,0,1
10.1002/9781119324522.ch24,Review of Data Analysis Techniques for Estimating Ionospheric Currents Based on MIRACLE and Satellite Observations,2018,Geophysical Monograph Series,Wiley,Unknown,Heikki Vanhamäki; Liisa Juusola,SuperDARN,unverified,0,1
10.1002/9781119434412.ch4,Empirical Modeling of the Geomagnetic Field for GIC Predictions,2019,Geophysical Monograph Series,Wiley,Unknown,D. R. Weimer,CARISMA,unverified,0,1
10.1002/9781119509592.ch16,Formation and Evolution of Polar Cap Ionospheric Patches and Their Associated Upflows and Scintillations,2020,Geophysical Monograph Series,Wiley,Unknown,Qing-He Zhang; Zan-Yang Xing; Yong Wang; Yu-Zhang Ma,SuperDARN,unverified,0,1
10.1002/9781119509592.ch3,Transient Solar Wind–Magnetosphere–Ionosphere Interaction Associated with Foreshock and Magnetosheath Transients and Localized Magnetopause Reconnection,2020,Geophysical Monograph Series,Wiley,Unknown,Yukitoshi Nishimura; B. Wang; Ying Zou; Eric F. Donovan; V. Angelopoulos; Jøran Idar Moen; L. B. Clausen; Tsutomu Nagatsuma,THEMIS ASI,unverified,0,1
10.1002/9781119815617.ch3,Multiscale Dynamics in the High‐Latitude Ionosphere,2021,Geophysical Monograph Series,Wiley,Unknown,Yukitoshi Nishimura; Yue Deng; Larry R. Lyons; Ryan M. McGranaghan; Matthew David Zettergren,THEMIS ASI,unverified,0,1
10.1002/9781119815617.ch4,Recent Advances in Polar Cap Density Structure Research,2021,Geophysical Monograph Series,Wiley,Unknown,Shasha Zou; Gareth William Perry; John C. Foster,RISR-C,unverified,0,1
10.1002/9781119815624.ch18,The Active Magnetosphere,2021,Geophysical Monograph Series,Wiley,Unknown,Yukitoshi Nishimura; Larry R. Lyons,THEMIS ASI,unverified,0,1
10.1002/9781394195985.ch9,Role of Alfvén Waves in Dynamic Magnetosphere–Ionosphere Coupling: New Perspectives From Satellite and Ground Observations,2024,Geophysical Monograph Series,Wiley,Unknown,Ivan P. Pakhotin; Ian. R. Mann,CARISMA,unverified,0,1
10.1002/bms.1200040613,Workshop report,1977,Biological Mass Spectrometry,Wiley,Peer-reviewed journal article,J. Throck Watson,RISR-C,unverified,0,1
10.1002/essoar.10500345.1,"Converting Riometer Absorptions to Electron Energy Fluxes Based on the First Principle Modeling of Ionospheric Responses to Energetic Electrons, X-Rays and Solar Protons Precipitations",2019,,Wiley,Preprint,Alexei Kouznetsov; Christopher Cully; Emma Spanswick,GO_RIO,unverified,0,1
10.1002/essoar.10501063.1,Rapid Outer Radiation Belt Flux Dropouts and Fast Acceleration during the March 2015 and 2013 Storms: Role of ULF Wave Transport from a Dynamic Outer Boundary,2019,,Wiley,Preprint,Louis Ozeke; Ian Mann; Sydney Dufresne; Leon Olifer; Steven Morley; Seth Claudepierre; Kyle Murphy; Harlan Spence; Daniel Baker; Alex Degeling,CARISMA,unverified,0,1
10.1002/essoar.10502470.1,Variations of the Heppner-Maynard Boundaries on Northern Hemisphere Measured by SuperDARN During the Extremely Radial IMFs,2020,,Wiley,Preprint,Zhiwei Wang; Jianyong Lu; Hongqiao Hu; Jianjun Liu; Ze-Jun Hu; De-Sheng Han; Ming Wang; Bin Li; Xiangcai Chen; Yewen Wu; Haiyan Guan,SuperDARN,unverified,0,1
10.1002/essoar.10503537.1,Characterizing auroral absorption based on geomagnetic hourly range,2020,,Wiley,Preprint,Robyn A. D. Fiori; Larisa Trichtchenko; Emma Spanswick; Christopher Balch; Samuel Groleau,Single Beam Riometer; GO_RIO,unverified,0,2
10.1002/essoar.10504031.1,BURST GEOMAGNETIC PULSATIONS AS INDICATORS OF SUBSTORM EXPANSION ONSETS DURING SUPERSTORMS,2020,,Wiley,Preprint,Battuulai Tsegmed; Vladimir Mishin; Julia Klibanova; Marina Kurikalova,CARISMA,unverified,0,1
10.1002/essoar.10504366.1,Statistical and event analysis of phase and amplitude scintillations associated with polar cap patches,2020,,Wiley,Preprint,Alanah M. Cardenas-O.'Toole; Jiaen Ren; Shasha Zou,SuperDARN,unverified,0,1
10.1002/essoar.10504405.1,Modulation of storm-time mid-latitude ionosphere by magnetosphere-ionosphere coupling 2,2020,,Wiley,Preprint,Sebastijan Mrak; Joshua Semeter; Yukitoshi Nishimura; John C. Foster; Marc Hairston; William. A. Bristow,SuperDARN,unverified,0,1
10.1002/essoar.10504577.1,Ultraviolet Observations and a Theory of STEVE,2021,,Wiley,Preprint,Charles Lougheed Bennett,THEMIS ASI,unverified,0,1
10.1002/essoar.10506444.1,Multi-Instrument Characterisation of Magnetospheric Cold Plasma Dynamics in the 22 June 2015 Geomagnetic Storm,2021,,Wiley,Preprint,Massimo Vellante; Kazue Takahashi; Alfredo Del Corpo; Irina S. Zhelavskaya; Jerry Goldstein; Ian Mann; Ermanno Pietropaolo; Jan Reda; Balazs Heilig,CARISMA,unverified,0,1
10.1002/essoar.10507243.1,Modeling and validating a SuperDARN radar's power density profile,2021,,Wiley,Preprint,Gareth William Perry; Kyle Ruzic; Kevin T. Sterne; Andrew Yau; Andrew David Howarth,SuperDARN_CA; SuperDARN,unverified,0,2
10.1002/essoar.10507475.1,Quantifying the lobe reconnection rate during dominant IMF By periods,2021,,Wiley,Preprint,Jone Peter Reistad; Karl M. Laundal; Nikolai Østgaard; Anders Ohma; Angeline Gail Burrell; Spencer Mark Hatch; Stein Haaland; Evan G. Thomas,SuperDARN,unverified,0,1
10.1002/essoar.10507493.2,A time-dependent two-dimensional model simu- lation of lower ionospheric variations under in- tense SAID,2021,,Wiley,Preprint,Jun Liang; J. P. St-Maurice; Eric Donovan,TREx,unverified,0,1
10.1002/essoar.10508564.1,Dual-lobe reconnection and cusp-aligned auroral arcs,2021,,Wiley,Preprint,Stephen E. Milan; Gemma E. Bower; Jennifer Alyson Carter; Larry J. Paxton; Brian J. Anderson; Marc R. Hairston,SuperDARN_CA; SuperDARN,unverified,0,2
10.1002/essoar.10510509.1,Statistical characteristics of midlatitude ionospheric F-region backscatter observed by the SuperDARN Jiamusi radar,2022,,Wiley,Preprint,Wei Wang; Jiaojiao Zhang; Chi Wang; Junjie Chen; Tong Dang; Jiuhou Lei,SuperDARN,unverified,0,1
10.1002/essoar.10510601.1,Climatology of Traveling Ionospheric Disturbances Observed by HamSCI Amateur Radio with Connections to Geospace and Neutral Atmospheric Sources.,2022,,Wiley,Preprint,Diego Sanchez; Nathaniel Frissell; Gareth Perry; V. Lynn Harvey; William Engelke; Anthea Coster; Philip J. Erickson; John Michael Ruohoniemi; Joseph Benjamin Harold Baker,SuperDARN,unverified,0,1
10.1002/essoar.10511115.1,Strong Storm-effect behaviors of topside and bottom-side ionosphere under low solar activity: Case study in the geomagnetic storm during 25-27 August 2018,2022,,Wiley,Preprint,Wang Li; Dongsheng Zhao; Changyong He; Yi Shen; Craig M. Hancock; Kefei Zhang,SuperDARN,unverified,0,1
10.1002/essoar.10511395.2,Travelling Ionospheric Disturbances Detected by the Scintillation Observations and Response of The Ionosphere to Electrodynamics (SORTIE) CubeSat at 420 km Altitude,2022,,Wiley,Preprint,Irfan Azeem; Geoff Crowely; Wanli Wu; Cora E. Randall; V. Lynn Harvey; Sharon L. Sharon; M. Joan Alexander; Karthik Venkatarmani; Russell Alan Stoneback; Michael Perdue; Matthew Depew; Erik Stromberg; Chad Fish; Adam Reynolds; Anthony Swenson; Ted Tash,CHAIN,unverified,0,1
10.1002/essoar.10512950.1,Narrow width Farley-Buneman spectra under strong electric field conditions,2022,,Wiley,Preprint,Jean-Pierre St.- Maurice; Devin Huyghebaert; Magnus Fagernes Ivarsen; Glenn C. Hussey,ICEBEAR,unverified,0,1
10.1002/grl.50635,Direct auroral precipitation from the magnetotail during substorms,2013,Geophysical Research Letters,American Geophysical Union (AGU),Peer-reviewed journal article,Maha Ashour-Abdalla; David Schriver; Mostafa El Alaoui; Robert Richard; Raymond Walker; Melvyn L. Goldstein; Eric Donovan; Meng Zhou,THEMIS ASI,unverified,0,1
10.1002/grl.50901,Van Allen Probes observation of localized drift resonance between poloidal mode ultra‐low frequency waves and 60 keV electrons,2013,Geophysical Research Letters,American Geophysical Union (AGU),Peer-reviewed journal article,Seth G. Claudepierre; Ian. R. Mann; Kazue Takahashi; J. F. Fennell; M. K. Hudson; J. Bernard Blake; J. L. Roeder; James H. Clemmons; Harlan E. Spence; G. D. Reeves; Daniel N. Baker; Herbert O. Funsten; Reinhard H. W. Friedel; Michael G. Henderson; C. A. Kletzing; W. S. Kurth; Robert J. Macdowall; Charles W. Smith; John R. Wygant,CARISMA,unverified,0,1
10.1002/grl.50960,A new type of Doppler velocity fluctuations in HF ground scatter from the polar cap,2013,Geophysical Research Letters,American Geophysical Union (AGU),Peer-reviewed journal article,G. Scoular; Pavlo V. Ponomarenko; J. P. St.-Maurice,SuperDARN_CA; SuperDARN; CARISMA,unverified,0,3
10.1002/jgra.50103,Comparative analysis of low‐altitude ENA emissions in two substorms,2013,Journal of Geophysical Research: Space Physics,American Geophysical Union (AGU),Peer-reviewed journal article,Natalia Buzulukova; M.-C. Fok; E. Roelof; J. Redfern; Jerry Goldstein; Phil Valek; D. McComas,THEMIS ASI,unverified,0,1
10.1002/jgra.50116,Direct observations of the role of convection electric field in the formation of a polar tongue of ionization from storm enhanced density,2013,Journal of Geophysical Research: Space Physics,American Geophysical Union (AGU),Peer-reviewed journal article,Evan G. Thomas; Joseph Benjamin Harold Baker; J. M. Ruohoniemi; Lasse Boy Novock Clausen; A. J. Coster; John C. Foster; Philip J. Erickson,SuperDARN_CA; SuperDARN,unverified,0,2
10.1002/jgra.50119,Observations of polar cap flow channel and plasma sheet flow bursts during substorm expansion,2013,Journal of Geophysical Research: Space Physics,American Geophysical Union (AGU),Peer-reviewed journal article,Timo Pitkänen; A. T. Aikio; Liisa Juusola,SuperDARN,verified,1,1
10.1002/jgra.50120,Electrodynamics of the high‐latitude trough: Its relationship with convection flows and field‐aligned currents,2013,Journal of Geophysical Research: Space Physics,American Geophysical Union (AGU),Peer-reviewed journal article,Shasha Zou; Mark B. Moldwin; Michael J. Nicolls; Aaron J. Ridley; Anthea J. Coster; Endawoke Yizengaw; Larry R. Lyons; Eric F. Donovan,THEMIS ASI,unverified,0,1
10.1002/jgra.50140,Statistical study of global modes outside the plasmasphere,2013,Journal of Geophysical Research: Space Physics,American Geophysical Union (AGU),Peer-reviewed journal article,Michael D. Hartinger; V. Angelopoulos; Mark B. Moldwin; Kazue Takahashi; Lasse Boy Novock Clausen,CARISMA,unverified,0,1
10.1002/jgra.50151,On the storm‐time evolution of relativistic electron phase space density in Earth's outer radiation belt,2013,Journal of Geophysical Research: Space Physics,American Geophysical Union (AGU),Peer-reviewed journal article,Drew L. Turner; V. Angelopoulos; W. Li; Michael D. Hartinger; M. Usanova; Ian. R. Mann; Jacob Bortnik; Yuri Shprits,CARISMA,unverified,0,1
10.1002/jgra.50175,Interplanetary shock–induced current sheet disturbances leading to auroral activations: THEMIS observations,2013,Journal of Geophysical Research: Space Physics,American Geophysical Union (AGU),Peer-reviewed journal article,Xiaoyan Zhou; Xu-Zhi Zhou; Vassilis Angelopoulos; Quanqi Shi; Chih-Ping Wang; Harald Frey,THEMIS ASI,unverified,0,1
10.1002/jgra.50190,Ionospheric response to oscillatory flow braking in the magnetotail,2013,Journal of Geophysical Research: Space Physics,American Geophysical Union (AGU),Peer-reviewed journal article,Evgeny V. Panov; Wolfgang Baumjohann; Rumi Nakamura; Olaf Amm; Marina V. Kubyshkina; K.-H. Glassmeier; James Michael Weygand; V. Angelopoulos; A. A. Petrukovich; Victor A. Sergeev,THEMIS ASI; CARISMA,unverified,0,2
10.1002/jgra.50203,Transient electron precipitation during oscillatory BBF braking: THEMIS observations and theoretical estimates,2013,Journal of Geophysical Research: Space Physics,American Geophysical Union (AGU),Peer-reviewed journal article,Evgeny V. Panov; Anton V. Artemyev; Wolfgang Baumjohann; Rumi Nakamura; V. Angelopoulos,THEMIS ASI,unverified,0,1
10.1002/jgra.50219,Magnetospheric convection and magnetopause shadowing effects in ULF wave‐driven energetic electron transport,2013,Journal of Geophysical Research: Space Physics,American Geophysical Union (AGU),Peer-reviewed journal article,A. W. Degeling; Robert Rankin; Kyle Murphy; I. Jonathan Rae,CARISMA,unverified,0,1
10.1002/jgra.50279,Substorm onset and expansion phase intensification precursors seen in polar cap patches and arcs,2013,Journal of Geophysical Research: Space Physics,American Geophysical Union (AGU),Peer-reviewed journal article,Yukitoshi Nishimura; L. R. Lyons; Kazuo Shiokawa; V. Angelopoulos; Eric F. Donovan; Stephen B. Mende,THEMIS ASI,unverified,0,1
10.1002/jgra.50301,"Persistent, widespread pulsating aurora: A case study",2013,Journal of Geophysical Research: Space Physics,American Geophysical Union (AGU),Peer-reviewed journal article,Sarah L. Jones; Marc R. Lessard; K. Rychert; Emma Spanswick; Eric Donovan; Allison N. Jaynes,THEMIS ASI,unverified,0,1
10.1002/jgra.50333,Reply to comment by Rae et al. on “Formation of substorm Pi2: A coherent response to auroral streamers and currents”,2013,Journal of Geophysical Research: Space Physics,American Geophysical Union (AGU),Peer-reviewed journal article,Yukitoshi Nishimura; L. R. Lyons; Takashi Kikuchi; V. Angelopoulos; Eric F. Donovan; Stephen B. Mende; Peter J. Chi; Tsutomu Nagatsuma,THEMIS ASI,unverified,0,1
10.1002/jgra.50336,Comment on “Formation of substorm Pi2: A coherent response to auroral streamers and currents” by Y. Nishimura et al.,2013,Journal of Geophysical Research: Space Physics,American Geophysical Union (AGU),Peer-reviewed journal article,I. Jonathan Rae; Kyle R. Murphy; David M. Miles; Clare E. J. Watt; Ian. R. Mann,THEMIS ASI; CARISMA,unverified,0,2
10.1002/jgra.50372,"Coordinated THEMIS spacecraft and all‐sky imager observations of interplanetary shock effects on plasma sheet flow bursts, poleward boundary intensifications, and streamers",2013,Journal of Geophysical Research: Space Physics,American Geophysical Union (AGU),Peer-reviewed journal article,Chao Yue; Yukitoshi Nishimura; Larry R. Lyons; Vassilis Angelopoulos; Eric F. Donovan; Quanqi Shi; Zhonghua Yao; John W. Bonnell,THEMIS ASI,unverified,0,1
10.1002/jgra.50384,Distinction between auroral substorm onset and traditional ground magnetic onset signatures,2013,Journal of Geophysical Research: Space Physics,American Geophysical Union (AGU),Peer-reviewed journal article,L. R. Lyons; Yukitoshi Nishimura; Eric Donovan; V. Angelopoulos,THEMIS ASI; CARISMA,partially_verified,1,2
10.1002/jgra.50405,Multispacecraft observations of fundamental poloidal waves without ground magnetic signatures,2013,Journal of Geophysical Research: Space Physics,American Geophysical Union (AGU),Peer-reviewed journal article,Kazue Takahashi; Michael D. Hartinger; Vassilis Angelopoulos; Karl-Heinz Glassmeier; Howard J. Singer,CARISMA,verified,1,1
10.1002/jgra.50407,Identifying the magnetotail source region leading to preonset poleward boundary intensifications,2013,Journal of Geophysical Research: Space Physics,American Geophysical Union (AGU),Peer-reviewed journal article,Yukitoshi Nishimura; L. R. Lyons; Xiaoyan Xing; V. Angelopoulos; Eric F. Donovan; Stephen B. Mende; John W. Bonnell; Uli Auster,THEMIS ASI,unverified,0,1
10.1002/jgra.50418,THEMIS observations of electron acceleration associated with the evolution of substorm dipolarization in the near‐Earth tail,2013,Journal of Geophysical Research: Space Physics,American Geophysical Union (AGU),Peer-reviewed journal article,Chao-Ling Tang; L. Lu; Meng Zhou; Z. H. Yao,THEMIS ASI,unverified,0,1
10.1002/jgra.50434,Pulsating auroral electron flux modulations in the equatorial magnetosphere,2013,Journal of Geophysical Research: Space Physics,American Geophysical Union (AGU),Peer-reviewed journal article,Allison N. Jaynes; Marc R. Lessard; Juan V. Rodriguez; Eric Donovan; T. M. Loto'aniu; K. Rychert,THEMIS ASI,unverified,0,1
10.1002/jgra.50475,On the spatial distribution of decameter‒scale subauroral ionospheric irregularities observed by SuperDARN radars,2013,Journal of Geophysical Research: Space Physics,American Geophysical Union (AGU),Peer-reviewed journal article,Sebastien De Larquier; P. Ponomarenko; Alvaro J. Ribeiro; J. M. Ruohoniemi; Joseph Benjamin Harold Baker; Kevin T. Sterne; Mark Lester,SuperDARN,unverified,0,1
10.1002/jgra.50509,Solar cycle variations in polar cap area measured by the superDARN radars,2013,Journal of Geophysical Research: Space Physics,American Geophysical Union (AGU),Peer-reviewed journal article,S. M. Imber; S. E. Milan; Mark Lester,SuperDARN_CA; SuperDARN,unverified,0,2
10.1002/jgra.50519,Magnetospheric response to magnetosheath pressure pulses: A low‐pass filter effect,2013,Journal of Geophysical Research: Space Physics,American Geophysical Union (AGU),Peer-reviewed journal article,Martin O. Archer; T. S. Horbury; Jonathan P. Eastwood; James Michael Weygand; T. K. Yeoman,SuperDARN; CARISMA,unverified,0,2
10.1002/jgra.50526,An investigation of the characteristics of the convection reversal boundary under southward interplanetary magnetic field,2013,Journal of Geophysical Research: Space Physics,American Geophysical Union (AGU),Peer-reviewed journal article,William. A. Bristow; Jeffery Spaleta,SuperDARN_CA; SuperDARN,unverified,0,2
10.1002/jgra.50549,Tail reconnection region versus auroral activity inferred from conjugate ARTEMIS plasma sheet flow and auroral observations,2013,Journal of Geophysical Research: Space Physics,American Geophysical Union (AGU),Peer-reviewed journal article,Yukitoshi Nishimura; L. R. Lyons; Xiaoyan Xing; V. Angelopoulos; Eric F. Donovan; Stephen B. Mende; John W. Bonnell; Uli Auster,THEMIS ASI,unverified,0,1
10.1002/jgra.50566,Traveling ionospheric disturbances in the Weddell Sea Anomaly associated with geomagnetic activity,2013,Journal of Geophysical Research: Space Physics,American Geophysical Union (AGU),Peer-reviewed journal article,S. E. Milan; Adrian Grocott; Sebastien De Larquier; Mark Lester; T. K. Yeoman; Mervyn. P. Freeman; Gareth Chisham,SuperDARN,unverified,0,1
10.1002/rds.20031,A comparison of SuperDARN ACF fitting methods,2013,Radio Science,American Geophysical Union (AGU),Peer-reviewed journal article,Alvaro J. Ribeiro; J. M. Ruohoniemi; Pavlo V. Ponomarenko; Lasse Boy Novock Clausen; Joseph Benjamin Harold Baker; R. A. Greenwald; Kjellmar Oksavik; Sebastien De Larquier,SuperDARN,unverified,0,1
10.1002/rds.20032,A realistic radar data simulator for the Super Dual Auroral Radar Network,2013,Radio Science,American Geophysical Union (AGU),Peer-reviewed journal article,Alvaro J. Ribeiro; Pavlo V. Ponomarenko; J. M. Ruohoniemi; Joseph Benjamin Harold Baker; Lasse Boy Novock Clausen; R. A. Greenwald; Sebastien De Larquier,SuperDARN,unverified,0,1
10.1002/rds.20055,Statistical comparison of TEC derived from GPS and ISR observations at high latitudes,2013,Radio Science,American Geophysical Union (AGU),Peer-reviewed journal article,Roman A. Makarevich; Michael J. Nicolls,RISR-C,unverified,0,1
10.1006/icar.2000.6583,The Analysis of the H Lyman α Emission Line Profile from Jupiter's Aurora,2001,Icarus,Elsevier,Peer-reviewed journal article,D. Rego,REGO,unverified,0,1
10.1007/978-3-030-05980-4_4,South Africa’s Current Vulnerabilities and Capabilities Relating to Space Weather,2019,Southern Space Studies,Springer Nature,Book chapter,James Wilson; Nicolas Ringas,SuperDARN_CA; SuperDARN,unverified,0,2
10.1007/978-3-030-26732-2_7,Science Data Products for AMPERE,2020,Ionospheric Multi-Spacecraft Analysis Tools,Springer Nature,Book chapter,Colin L. Waters; Brian J. Anderson; D. L. Green; Haje Korth; R. J. Barnes; Heikki Vanhamäki,SuperDARN,unverified,0,1
10.1007/978-3-030-26732-2_9,Spherical Cap Harmonic Analysis Techniques for Mapping High-Latitude Ionospheric Plasma Flow—Application to the Swarm Satellite Mission,2020,Ionospheric Multi-Spacecraft Analysis Tools,Springer Nature,Book chapter,Robyn A. D. Fiori,SuperDARN,unverified,0,1
10.1007/978-3-030-31970-0_64,Nightside Magnetic Impulsive Events: Statistics and Possible Mechanisms,2019,Springer Proceedings in Earth and Environmental Sciences,Springer Nature,Book chapter,Andrei Vorobev; Vyacheslav Pilipenko; Mark Engebretson,AUTUMNX; CARISMA,unverified,0,2
10.1007/978-3-030-91467-7_32,Polar Cap ULF Pulsations: Coordinated Radar-Magnetometer Observations,2022,Springer Proceedings in Earth and Environmental Sciences,Springer Nature,Book chapter,Olga V. Kozyreva; V. A. Pilipenko; X. Shi; Emma C. Bland; Lisa Baddeley,SuperDARN,unverified,0,1
10.1007/978-3-031-15874-2_2,GNSS Overview,2022,Space Weather Impact on GNSS Performance,Springer Nature,Book chapter,Vladislav Demyanov,CHAIN,unverified,0,1
10.1007/978-3-031-15874-2_4,Methodology for GNSS Capability Analysis,2022,Space Weather Impact on GNSS Performance,Springer Nature,Book chapter,Yury Yasyukevich; Vladislav Demyanov,CHAIN,unverified,0,1
10.1007/978-3-319-18359-6,Magnetospheric Plasma Physics: The Impact of Jim Dungey’s Research,2015,Astrophysics and Space Science Proceedings,Springer Nature,Unknown,,THEMIS ASI; SuperDARN,partially_verified,1,2
10.1007/978-3-642-38430-1_3,Ionospheric Measurements and Characteristics,2014,Ionospheric Prediction and Forecasting,Springer Berlin Heidelberg,Book chapter,Bruno Zolesi; Ljiljana R. Cander,SuperDARN,unverified,0,1
10.1007/978-94-007-0501-2_8,Categorization of the Time Sequence of Events Leading to Substorm Onset Based on THEMIS All-Sky Imager Observations,2011,The Dynamic Magnetosphere,Springer Netherlands,Book chapter,Yukitoshi Nishimura; L. R. Lyons; Shasha Zou; V. Angelopoulos; Stephen B. Mende,THEMIS ASI,unverified,0,1
10.1007/978-94-011-4798-9_148,Magnetospheric Response Times Following Southward IMF Turnings,1998,Astrophysics and Space Science Library,Springer Netherlands,Book chapter,N. E. Turner; Daniel N. Baker; Tuija I. Pulkkinen; Howard J. Singer; F. Mozer,CANOPUS,unverified,0,1
10.1007/978-981-19-6960-7_118,Scaling Relations of Clusters and Groups and Their Evolution,2024,Handbook of X-ray and Gamma-ray Astrophysics,Springer Nature Singapore,Book chapter,Lorenzo Lovisari; Ben J. Maughan,THEMIS ASI,unverified,0,1
10.1007/bf00751349,Canopus ? A ground-based instrument array for remote sensing the high latitude ionosphere during the ISTP/GGS program,1995,Space Science Reviews,Springer Nature,Peer-reviewed journal article,Gordon Rostoker; John C. Samson; Fokke Creutzberg; Terry J. Hughes; Don R. McDiarmid; Allen G. McNamara; A. Vallance Jones; Don D. Wallis; Leroy L. Cogger,CANOPUS,verified,1,1
10.1007/bf00751350,DARN/SuperDARN,1995,Space Science Reviews,Springer Nature,Peer-reviewed journal article,R. A. Greenwald; K. B. Baker; J. R. Dudeney; Mike Pinnock; T. B. Jones; E. C. Thomas; J. -P. Villain; Jean-Claude Cerisier; C. Senior; C. Hanuise; R. D. Hunsucker; George Sofko; J. Koehler; E. Nielsen; R. Pellinen; Anthony D. M. Walker; Natsuo Sato; Hisao Yamagishi,SuperDARN_CA; SuperDARN,unverified,0,2
10.1007/s00024-019-02281-6,The Second-Order Derivative of GPS Carrier Phase as a Promising Means for Ionospheric Scintillation Research,2019,Pure and Applied Geophysics,Springer Nature,Peer-reviewed journal article,Vladislav V. Demyanov; Yury V. Yasyukevich; Shuanggen Jin; Maria A. Sergeeva,CHAIN,unverified,0,1
10.1007/s00190-016-0931-8,Effects of space weather on GOCE electrostatic gravity gradiometer measurements,2016,Journal of Geodesy,Springer Nature,Peer-reviewed journal article,E. Sinem Ince; Spiros D. Pagiatakis,CARISMA,unverified,0,1
10.1007/s00190-021-01475-y,Mitigating high latitude ionospheric scintillation effects on GNSS Precise Point Positioning exploiting 1-s scintillation indices,2021,Journal of Geodesy,Springer Nature,Peer-reviewed journal article,Kai Guo; Sreeja Vadakke Veettil; Brian Jerald Weaver; Marcio Aquino,CHAIN,unverified,0,1
10.1007/s00190-023-01760-y,An ionospheric scintillation index derived from dual-frequency Doppler measurements released by geodetic GNSS receivers operating at 1 Hz,2023,Journal of Geodesy,Springer Nature,Peer-reviewed journal article,Xiaomin Luo; Zichun Xie; João Francisco Galera Monico; Baocheng Zhang; Vinícius Amadeu Stuani Pereira; Yidong Lou,CHAIN,unverified,0,1
10.1007/s00190-025-02003-y,Validating the International Reference Ionosphere model through altimeter-satellite vTEC observations: implications for the topside ionosphere modeling,2025,Journal of Geodesy,Springer Nature,Peer-reviewed journal article,Alessio Pignalberi; Francisco Azpilicueta; Bruno Nava; Michael Pezzopane; Dieter Bilitza,CHAIN; ECHAIM,partially_verified,1,2
10.1007/s00382-020-05214-5,Planetary waves in the mesosphere lower thermosphere during stratospheric sudden warming: observations using a network of meteor radars from high to equatorial latitudes,2020,Climate Dynamics,Springer Nature,Peer-reviewed journal article,N. Koushik; K. Kishore Kumar; Geetha Ramkumar; K. V. Subrahmanyam; G. Kishore Kumar; Wayne K. Hocking; Maosheng He; Ralph Latteck,DNT,unverified,0,1
10.1007/s00585-000-0416-0,A survey of magnetopause FTEs and associated flow bursts in the polar ionosphere,2000,Annales Geophysicae,Copernicus Publications,Peer-reviewed journal article,D. A. Neudegg; S. W. H. Cowley; S. E. Milan; T. K. Yeoman; Mark Lester; G. Provan; Gerhard Haerendel; Wolfgang Baumjohann; B. Nikutowski; J. Büchner; Uli Auster; K.-H. Fornacon; E. Georgescu,SuperDARN,unverified,0,1
10.1007/s00585-000-0608-7,Investigation of the relationship between optical auroral forms and HF radar E region backscatter,2000,Annales Geophysicae,Copernicus Publications,Peer-reviewed journal article,S. E. Milan; Mark Lester; Natsuo Sato; H. Takizawa; J.-P. Villain,SuperDARN,unverified,0,1
10.1007/s00585-000-1097-4,The dawn and dusk electrojet response to substorm onset,2000,Annales Geophysicae,Copernicus Publications,Peer-reviewed journal article,E. Borälv; Paul Eglitis; H. J. Opgenoorth; Eric Donovan; G. Reeves; P. Stauning,SuperDARN,unverified,0,1
10.1007/s00585-001-1576-2,The influence of the interplanetary medium on SuperDARN radar scattering occurrence,2000,Annales Geophysicae,Copernicus Publications,Peer-reviewed journal article,P. Ballatore; J. P. Villain; N. Vilmer; M. Pick,SuperDARN,unverified,0,1
10.1007/s00585-998-0549-0,SuperDARN studies of the ionospheric convection response to a northward turning of the interplanetary magnetic field,1998,Annales Geophysicae,Copernicus Publications,Peer-reviewed journal article,J. R. Taylor; S. W. H. Cowley; T. K. Yeoman; Mark Lester; T. B. Jones; R. A. Greenwald; George Sofko; J.-P. Villain; R. P. Lepping; Marc R. Hairston,SuperDARN_CA; SuperDARN,unverified,0,2
10.1007/s00585-999-0463-0,Observations of polar patches generated by solar wind Alfvén wave coupling to the dayside magnetosphere,1999,Annales Geophysicae,Copernicus Publications,Peer-reviewed journal article,Paul Prikryl; John W. MacDougall; I. F. Grant; D. P. Steele; George J. Sofko; R. A. Greenwald,CANOPUS,unverified,0,1
10.1007/s00585-999-1020-6,Observations of plasma density structures in association with the passage of traveling convection vortices and the occurrence of large plasma jets,1999,Annales Geophysicae,Copernicus Publications,Peer-reviewed journal article,Cesar E. Valladares; D. Alcaydé; Juan V. Rodriguez; J. M. Ruohoniemi; A. P. Van Eyken,SuperDARN,unverified,0,1
10.1007/s005850000295,Two-dimensional electric field measurements in the ionospheric footprint of a flux transfer event,2001,Annales Geophysicae,Copernicus Publications,Peer-reviewed journal article,Kathryn A. McWilliams; T. K. Yeoman; S. W. H. Cowley,CANOPUS; SuperDARN,unverified,0,2
10.1007/s005850050380,What can we tell about global auroral-electrojet activity from a single meridional magnetometer chain?,1996,Annales Geophysicae,Copernicus Publications,Peer-reviewed journal article,Kirsti Kauristie; Tuija I. Pulkkinen; R. J. Pellinen; H. J. Opgenoorth,CANOPUS,unverified,0,1
10.1007/s005850050483,The response of the magnetosphere to the passage of a coronal mass ejection on March 20–21 1990,1997,Annales Geophysicae,Copernicus Publications,Peer-reviewed journal article,J. R. Taylor; Mark Lester; T. K. Yeoman; B. A. Emery; Delores J. Knipp; D. Orr; Stepan I. Solovyev; Terry J. Hughes; Hermann Lühr,CANOPUS,unverified,0,1
10.1007/s10291-010-0170-z,GPS tomography in the polar cap: comparison with ionosondes and in situ spacecraft data,2011,GPS Solutions,Springer Nature,Peer-reviewed journal article,Dimitry Pokhotelov; Periyadan T. Jayachandran; Cathryn N. Mitchell; John W. MacDougall; Michael H. Denton,CHAIN,unverified,0,1
10.1007/s10291-011-0238-4,Improved amplitude- and phase-scintillation indices derived from wavelet detrended high-latitude GPS data,2012,GPS Solutions,Springer Nature,Peer-reviewed journal article,Sajan C. Mushini; Periyadan T. Jayachandran; Richard B. Langley; John W. MacDougall; Dimitry Pokhotelov,CHAIN,unverified,0,1
10.1007/s10291-012-0284-6,Determining receiver biases in GPS-derived total electron content in the auroral oval and polar cap region using ionosonde measurements,2013,GPS Solutions,Springer Nature,Peer-reviewed journal article,David Russel Themens; Periyadan T. Jayachandran; Richard B. Langley; John W. MacDougall; Michael J. Nicolls,CHAIN,unverified,0,1
10.1007/s10291-016-0581-6,"GPS–TEC response to the substorm onset during April 5, 2010, magnetic storm",2017,GPS Solutions,Springer Nature,Peer-reviewed journal article,Olga V. Kozyreva; V. A. Pilipenko; Victor I. Zakharov; Mark J. Engebretson,CARISMA; GO_RIO,unverified,0,2
10.1007/s10291-017-0664-z,Spectral characteristics of auroral region scintillation using 100 Hz sampling,2017,GPS Solutions,Springer Nature,Peer-reviewed journal article,Anthony M. McCaffrey; Periyadan T. Jayachandran,CHAIN; CARISMA,unverified,0,2
10.1007/s10291-017-0688-4,On the accuracy of the GPS L2 observable for ionospheric monitoring,2018,GPS Solutions,Springer Nature,Peer-reviewed journal article,Anthony M. McCaffrey; Periyadan T. Jayachandran; Richard B. Langley; Jean-Marie Sleewaegen,CHAIN,unverified,0,1
10.1007/s10291-019-0858-7,Discovery of new code interference phenomenon in GPS observables,2019,GPS Solutions,Springer Nature,Peer-reviewed journal article,Connor D. Flynn; Anthony M. McCaffrey; Periyadan T. Jayachandran; Richard B. Langley,CHAIN,unverified,0,1
10.1007/s10291-020-00983-2,SIMuRG: System for Ionosphere Monitoring and Research from GNSS,2020,GPS Solutions,Springer Nature,Peer-reviewed journal article,Yury V. Yasyukevich; Alexander V. Kiselev; Ilya V. Zhivetiev; Ilya K. Edemskiy; Semen V. Syrovatskii; Boris M. Maletckii; Artem M. Vesnin,CHAIN,unverified,0,1
10.1007/s10291-020-01083-x,Statistical models to provide meaningful information to GNSS users in the presence of ionospheric scintillation,2021,GPS Solutions,Springer Nature,Peer-reviewed journal article,Sreeja Vadakke Veettil; Marcio Aquino,CHAIN,unverified,0,1
10.1007/s10291-021-01091-5,How modernized and strengthened GPS signals enhance the system performance during solar radio bursts,2021,GPS Solutions,Springer Nature,Peer-reviewed journal article,Yu. V. Yasyukevich; Anna S. Yasyukevich; E. I. Astafyeva,CHAIN,unverified,0,1
10.1007/s10291-021-01166-3,"Effects of storm-induced equatorial plasma bubbles on GPS-based kinematic positioning at equatorial and middle latitudes during the September 7–8, 2017, geomagnetic storm",2021,GPS Solutions,Springer Nature,Peer-reviewed journal article,Irina Zakharenkova; Iurii Cherniak,CHAIN,unverified,0,1
10.1007/s10291-022-01246-y,"Effect of the polar cap ionospheric sporadic-E layer on GNSS-based positioning: a case study at Resolute Bay, Canada, September 5, 2012",2022,GPS Solutions,Springer Nature,Peer-reviewed journal article,Wenfeng Nie; Yong Wang; Adria Rovira-Garcia; Dunyong Zheng; Tianhe Xu,CHAIN,verified,1,1
10.1007/s10291-023-01418-4,Extracting ionospheric phase scintillation indicator from GNSS observations with 30-s sampling interval in the high-latitude region,2023,GPS Solutions,Springer Nature,Peer-reviewed journal article,Dongsheng Zhao; Xueli Zhang; Wang Li; Qianxin Wang; Craig M. Hancock; Chendong Li; Gethin Wyn Roberts; Kefei Zhang,CHAIN,unverified,0,1
10.1007/s10291-025-01971-0,M_ISSION: a MATLAB-based software for multi-GNSS ionospheric scintillation index calculation and analysis,2026,GPS Solutions,Springer Nature,Peer-reviewed journal article,Dongsheng Zhao; Peicheng Zhang; Xueli Zhang; Kefei Zhang; Chendong Li; Qianxin Wang; Hao Liu; Shuanglei Cui,CHAIN,unverified,0,1
10.1007/s10291-026-02080-2,Improved amplitude scintillation index $$\:{I}{{S}}_{4{c}}$$ with suppression of GNSS receiver background noise effects,2026,GPS Solutions,Springer Nature,Peer-reviewed journal article,Xiaomin Luo; Ankang Xie; Jiayu Hu; João Francisco Galera Monico; Vinícius Amadeu Stuani Pereira; Yujie Li; Biyan Chen; Shengfeng Gu,CHAIN,unverified,0,1
10.1007/s10509-018-3484-x,Antarctica SED/TOI associated ionospheric scintillation during 27 February 2014 geomagnetic storm,2018,Astrophysics and Space Science,Springer Nature,Peer-reviewed journal article,Shishir Priyadarshi; Q.-H. Zhang; Y.-Z. Ma,SuperDARN,unverified,0,1
10.1007/s10509-019-3687-9,Latitudinal difference in meteor trail ionization heights and identification of meteor showers,2019,Astrophysics and Space Science,Springer Nature,Peer-reviewed journal article,K. Chenna Reddy; B. Premkumar; G. Yellaiah,DNT,unverified,0,1
10.1007/s10509-023-04259-2,Study of the ionospheric responses over African and Asian longitudes to the intense geomagnetic storm of August 2018,2023,Astrophysics and Space Science,Springer Nature,Peer-reviewed journal article,Sk Samin Kader; Nirvikar Dashora; K. Niranjan,SuperDARN,unverified,0,1
10.1007/s10686-022-09861-w,What are the fundamental modes of energy transfer and partitioning in the coupled Magnetosphere-Ionosphere system?,2022,Experimental Astronomy,Springer Nature,Peer-reviewed journal article,Jonathan Rae; Colin Forsyth; Malcolm Dunlop; Minna Palmroth; Mark Lester; Reiner Friedel; Geoff Reeves; Larry Kepko; Lucille Turc; Clare Watt; Wojciech Hajdas; Theodoros Sarris; Yoshifumi Saito; Ondrej Santolik; Yuri Shprits; Chi Wang; Aurelie Marchaudon; Matthieu Berthomier; Octav Marghitu; Benoit Hubert; Martin Volwerk; Elena A. Kronberg; Ian Mann; Kyle Murphy; David Miles; Zhonghua Yao; Andrew Fazakerley; Jasmine Sandhu; Hayley Allison; Quanqi Shi,SuperDARN,unverified,0,1
10.1007/s10687-025-00521-8,Neural Bayes estimation and selection of complex bivariate extremal dependence models,2025,Extremes,Springer Nature,Peer-reviewed journal article,L. M. André; J. L. Wadsworth; R. Huser,CARISMA,unverified,0,1
10.1007/s10712-007-9017-8,"A decade of the Super Dual Auroral Radar Network (SuperDARN): scientific achievements, new techniques and future directions",2007,Surveys in Geophysics,Springer Nature,Peer-reviewed journal article,Gareth Chisham; Mark Lester; S. E. Milan; Mervyn. P. Freeman; William. A. Bristow; Adrian Grocott; Kathryn A. McWilliams; J. M. Ruohoniemi; T. K. Yeoman; P. L. Dyson; R. A. Greenwald; Takashi Kikuchi; Mike Pinnock; J. P. S. Rash; Natsuo Sato; George J. Sofko; J.-P. Villain; Anthony D. M. Walker,SuperDARN,unverified,0,1
10.1007/s10712-022-09734-z,Review of Environmental Monitoring by Means of Radio Waves in the Polar Regions: From Atmosphere to Geospace,2022,Surveys in Geophysics,Springer Nature,Peer-reviewed journal article,Lucilla Alfonsi; Nicolas Bergeot; Pierre J. Cilliers; Giorgiana De Franceschi; Lisa Baddeley; Emilia Correia; Domenico Di Mauro; Carl-Fredrik Enell; Mark Engebretson; Reza Ghoddousi-Fard; Ingemar Häggström; Young-Bae Ham; Georg Heygster; Geonhwa Jee; Antti Kero; Michael Kosch; Hyuck-Jin Kwon; Changsup Lee; Stefan Lotz; Liliana Macotela; Maria Federica Marcucci; Wojciech Jacek Miloch; Y. Jade Morton; Takahiro Naoi; Monia Negusini; Noora Partamies; Boyan H. Petkov; Eric Pottiaux; Paul Prikryl; P. R. Shreedevi; Rikard Slapak; Luca Spogli; Judy Stephenson; Arantxa M. Triana-Gómez; Oleg A. Troshichev; Roeland Van Malderen; James Michael Weygand; Shasha Zou,Single Beam Riometer; RISR-C; SuperDARN; GO_RIO,unverified,0,4
10.1007/s10712-026-09928-9,Unresolved Questions in Subauroral Science: Exploring Key Challenges in Physics and Chemistry,2026,Surveys in Geophysics,Springer Nature,Peer-reviewed journal article,Bea Gallardo-Lacourt; Maxime Grandin; Aurélie Marchaudon; Mathieu Barthelemy,REGO; THEMIS ASI,unverified,0,2
10.1007/s11038-008-9247-x,Future Extension of the Super Dual Auroral Radar Network,2009,"Earth, Moon, and Planets",Springer Nature,Peer-reviewed journal article,Ermanno Amata; Maria Federica Marcucci; J.-P. Villain; Igino Coco; Danila Ambrosino,SuperDARN_CA; SuperDARN,unverified,0,2
10.1007/s11141-022-10160-9,Deviation Frequency in the Carrier Phase Scintillation Spectrum of Transionospheric Signals,2022,Radiophysics and Quantum Electronics,Springer Nature,Peer-reviewed journal article,E. I. Danilchuk; Vladislav V. Demyanov,CHAIN,unverified,0,1
10.1007/s11207-017-1186-0,"Comprehensive Analysis of the Geoeffective Solar Event of 21 June 2015: Effects on the Magnetosphere, Plasmasphere, and Ionosphere Systems",2017,Solar Physics,Springer Nature,Peer-reviewed journal article,Mirko Piersanti; Tommaso Alberti; Alessandro Bemporad; Francesco Berrilli; Roberto Bruno; Vincenzo Capparelli; Vincenzo Carbone; Claudio Cesaroni; Giuseppe Consolini; Alice Cristaldi; Alfredo Del Corpo; Dario Del Moro; Simone Di Matteo; Ilaria Ermolli; Silvano Fineschi; Fabio Giannattasio; Fabrizio Giorgi; Luca Giovannelli; Salvatore Luigi Guglielmino; Monica Laurenza; Fabio Lepreti; Maria Federica Marcucci; Matteo Martucci; Matteo Mergè; Michael Pezzopane; Ermanno Pietropaolo; Paolo Romano; Roberta Sparvoli; Luca Spogli; Marco Stangalini; Antonio Vecchio; Massimo Vellante; Umberto Villante; Francesca Zuccarello; Balázs Heilig; Jan Reda; János Lichtenberger,SuperDARN,unverified,0,1
10.1007/s11214-007-9294-z,THEMIS Ground Based Observatory System Design,2008,Space Science Reviews,Springer Nature,Peer-reviewed journal article,S. E. Harris; Stephen B. Mende; V. Angelopoulos; W. Rachelson; Eric Donovan; Brian Jackel; M. Greffen; Christopher T. Russell; D. R. Pierce; D. J. Dearborn; K. Rowe; Martin Connors,THEMIS ASI,unverified,0,1
10.1007/s11214-008-9336-1,The THEMIS Mission,2008,Space Science Reviews,Springer Nature,Peer-reviewed journal article,V. Angelopoulos,THEMIS ASI,unverified,0,1
10.1007/s11214-008-9337-0,THEMIS Ground-Based Magnetometers,2008,Space Science Reviews,Springer Nature,Peer-reviewed journal article,Christopher T. Russell; Peter J. Chi; D. J. Dearborn; Y. S. Ge; B. Kuo-Tiong; J. D. Means; D. R. Pierce; Kathryn M. Rowe; R. C. Snare,THEMIS ASI,unverified,0,1
10.1007/s11214-008-9378-4,First Results from the THEMIS Mission,2008,Space Science Reviews,Springer Nature,Peer-reviewed journal article,V. Angelopoulos; David Sibeck; Charles W. Carlson; James P. McFadden; Davin Larson; R. P. Lin; John W. Bonnell; F. S. Mozer; R. Ergun; Christopher Cully; K. H. Glassmeier; Uli Auster; A. Roux; O. LeContel; S. Frey; Tai Phan; Stephen Mende; Harald Frey; Eric Donovan; Christopher T. Russell; R. Strangeway; J. Liu; I. Mann; Jonathan Rae; Joachim Raeder; X. Li; W. Liu; Howard J. Singer; Victor A. Sergeev; Sergey Apatenkov; G. Parks; M. Fillingim; J. Sigwarth,THEMIS ASI,unverified,0,1
10.1007/s11214-008-9380-x,The THEMIS Array of Ground-based Observatories for the Study of Auroral Substorms,2008,Space Science Reviews,Springer Nature,Peer-reviewed journal article,Stephen B. Mende; S. E. Harris; Harald U. Frey; V. Angelopoulos; Christopher T. Russell; Eric Donovan; Brian Jackel; M. Greffen; L. M. Peticolas,THEMIS ASI,unverified,0,1
10.1007/s11214-008-9457-6,The Upgraded CARISMA Magnetometer Array in the THEMIS Era,2008,Space Science Reviews,Springer Nature,Peer-reviewed journal article,Ian. R. Mann; David K. Milling; I. Jonathan Rae; Louis G. Ozeke; Andy Kale; Z. C. Kale; Kyle R. Murphy; Adrienne Parent; M. Usanova; D. M. Pahud; E.-A. Lee; V. Amalraj; Don D. Wallis; V. Angelopoulos; K.-H. Glassmeier; Christopher T. Russell; H.-U. Auster; Howard J. Singer,THEMIS ASI; CANOPUS; CARISMA,unverified,0,3
10.1007/s11214-014-0105-z,The CASSIOPE/e-POP Magnetic Field Instrument (MGF),2015,Space Science Reviews,Springer Nature,Peer-reviewed journal article,Don D. Wallis; David M. Miles; Barry B. Narod; John R. Bennest; Kyle R. Murphy; Ian. R. Mann; Andrew W. Yau,THEMIS ASI; CANOPUS,unverified,0,2
10.1007/s11214-015-0151-1,The CASSIOPE/e-POP Suprathermal Electron Imager (SEI),2015,Space Science Reviews,Springer Nature,Peer-reviewed journal article,David J. Knudsen; Johnathan K. Burchill; Taylor G. Cameron; G. A. Enno; Andrew Howarth; Andrew W. Yau,THEMIS ASI,unverified,0,1
10.1007/s11214-016-0269-9,Large Scale High-Latitude Ionospheric Electrodynamic Fields and Currents,2017,Space Science Reviews,Springer Nature,Peer-reviewed journal article,Gang Lu,SuperDARN; CARISMA,unverified,0,2
10.1007/s11214-016-0291-y,Key Ground-Based and Space-Based Assets to Disentangle Magnetic Field Sources in the Earth’s Environment,2017,Space Science Reviews,Springer Nature,Peer-reviewed journal article,A. Chulliat; Jürgen Matzka; Arnaud Masson; S. E. Milan,SuperDARN,unverified,0,1
10.1007/s11214-018-0576-4,The Space Physics Environment Data Analysis System (SPEDAS),2019,Space Science Reviews,Springer Nature,Peer-reviewed journal article,V. Angelopoulos; P. Cruce; Alexander Drozdov; E. W. Grimes; N. Hatzigeorgiu; D. A. King; Davin Larson; J. W. Lewis; J. M. McTiernan; D. A. Roberts; C. L. Russell; T. Hori; Y. Kasahara; Atsushi Kumamoto; Ayako Matsuoka; Yukinaga Miyashita; Yoshizumi Miyoshi; Iku Shinohara; Mariko Teramoto; J. B. Faden; Alexa Jean Halford; M. McCarthy; Robyn M. Millan; J. G. Sample; D. M. Smith; L. A. Woodger; Arnaud Masson; A. A. Narock; Kazushi Asamura; T. F. Chang; C.-Y. Chiang; Yoichi Kazama; Kunihiro Keika; Shoya Matsuda; T. Segawa; Kanako Seki; Masafumi Shoji; Sunny W. Y. Tam; N. Umemura; B.-J. Wang; S.-Y. Wang; R. Redmon; Juan V. Rodriguez; Howard J. Singer; J. Vandegriff; S. Abe; Masahito Nose; Atsuki Shinbori; Y.-M. Tanaka; S. UeNo; Laila Andersson; P. Dunn; C. Fowler; J. S. Halekas; T. Hara; Y. Harada; C. O. Lee; R. Lillis; D. L. Mitchell; M. R. Argall; K. Bromund; James L. Burch; Ian James Cohen; M. Galloy; B. Giles; Allison N. Jaynes; Olivier Le Contel; M. Oka; T. D. Phan; Brian M. Walsh; J. Westlake; F. D. Wilder; S. D. Bale; R. Livi; M. Pulupa; P. Whittlesey; A. DeWolfe; B. Harter; E. Lucas; Uli Auster; John W. Bonnell; Christopher M. Cully; Eric Donovan; Robert E. Ergun; Harald U. Frey; Brian Jackel; Andreas Keiling; Haje Korth; James P. McFadden; Yukitoshi Nishimura; Ferdinand Plaschke; P. Robert; Drew L. Turner; James Michael Weygand; R. M. Candey; R. C. Johnson; T. Kovalick; M. H. Liu; R. E. McGuire; Aaron Breneman; K. Kersten; P. Schroeder,THEMIS ASI,unverified,0,1
10.1007/s11214-019-0629-3,Diffuse and Pulsating Aurora,2020,Space Science Reviews,Springer Nature,Peer-reviewed journal article,Yukitoshi Nishimura; Marc R. Lessard; Yuto Katoh; Yoshizumi Miyoshi; Eric Grono; Noora Partamies; Nithin Sivadas; Keisuke Hosokawa; Mizuki Fukizawa; Marilia Samara; Robert G. Michell; Ryuho Kataoka; Takeshi Sakanoi; Daniel K. Whiter; Shin-ichiro Oyama; Yasunobu Ogawa; Satoshi Kurita,REGO,unverified,0,1
10.1007/s11214-020-00776-6,Proton Aurora and Optical Emissions in the Subauroral Region,2021,Space Science Reviews,Springer Nature,Peer-reviewed journal article,B. Gallardo-Lacourt; Harald U. Frey; Carlos Martinis,THEMIS ASI,unverified,0,1
10.1007/s11214-020-0641-7,"Quiet, Discrete Auroral Arcs—Observations",2020,Space Science Reviews,Springer Nature,Peer-reviewed journal article,T. Karlsson; Laila Andersson; D. Megan Gillies; Kristina Lynch; Octav Marghitu; Noora Partamies; Nithin Sivadas; J. Wu,THEMIS ASI,unverified,0,1
10.1007/s11214-021-00830-x,"On the Relationship Between Shear Alfvén Waves, Auroral Electron Acceleration, and Field Line Resonances",2021,Space Science Reviews,Springer Nature,Peer-reviewed journal article,Robert Rankin; D. Megan Gillies; A. W. Degeling,CANOPUS,unverified,0,1
10.1007/s11214-025-01172-8,SMILE Modeling Working Group: Modeling and Analysis of X-ray and Ultraviolet Images of Solar Wind – Earth Interactions,2025,Space Science Reviews,Springer Nature,Peer-reviewed journal article,Hyunju Kim Connor; Tianran Sun; Andrey Samsonov; Jun Liang; Andrew Read; Dalin Li; Gonzalo Cucho-Padin; Jaewoong Jung; Brenden Bickner; C. Philippe Escoubet; Colin Forsyth; Steven Sembay; David Sibeck; Emma Spanswick; Dmytro Sydorenko; Chi Wang,REGO,unverified,0,1
10.1007/s11214-025-01175-5,A Holistic Approach to the SMILE Mission and SMILE Public Engagement,2025,Space Science Reviews,Springer Nature,Peer-reviewed journal article,Jennifer Alyson Carter; Steven Sembay; Simona Nitti; Maria-Theresia Walach; Steve Milan; Yasir Soobiah; Kjellmar Oksavik; Colin Forsyth; Matthew G. G. T. Taylor,SuperDARN,unverified,0,1
10.1007/s11214-025-01178-2,From the TRICE-2 Investigations to the TRACERS Mission,2025,Space Science Reviews,Springer Nature,Peer-reviewed journal article,Karlheinz J. Trattner; James LaBelle; Ondrej Santolik; C. A. Kletzing; David M. Miles; Stephen A. Fuselier; John W. Bonnell; S. R. Bounds; I. Kolmasova; Steven M. Petrinec; R. P. Sawyer; Sarah K. Vines; C. Moser-Gauthier; I. H. Cairns; T. K. Yeoman,SuperDARN,unverified,0,1
10.1007/s11214-026-01270-1,Science Opportunities in the TRACERS Back Orbit: Ionospheric Signatures of Magnetotail Reconnection,2026,Space Science Reviews,Springer Nature,Peer-reviewed journal article,J. C. Dorelli; Reiner Friedel; L.-J. Chen; Hyunju Connor; David Miles; S. Fuselier; S. Petrinec; C. A. Kletzing; V. Angelopoulos; John Bonnell; Scott Bounds; Natalia Buzulukova; Christopher C. Chaston; I. Christopher; D. Da Silva; Jesper Gjerloev; J. Halekas; Michael Hesse; G. Hospodarsky; Y.-H. Liu; William Lotko; M. Oieroset; Andrei Runov; T. Sotirelis; R. Strangeway,THEMIS ASI,unverified,0,1
10.1007/s11430-013-4632-3,"Multipoint observations of Pi2 pulsations and correlation with dynamic processes in the near-Earth magnetotail on March 18, 2009",2014,Science China Earth Sciences,Springer Nature,Peer-reviewed journal article,Hao Luo; GengXiong Chen; AiMin Du,CARISMA,unverified,0,1
10.1007/s11431-012-4820-y,SuperDARN CUTLASS Finland radar observations of high-latitude magnetic reconnections under northward interplanetary magnetic field (IMF) conditions,2012,Science China Technological Sciences,Springer Nature,Peer-reviewed journal article,QingHe Zhang; Ruiyuan Liu; HuiGen Yang; Hongqiao Hu; BeiChen Zhang; Malcolm Dunlop; Mark Lester; Yulia Bogdanova; Andrew Walsh,SuperDARN,unverified,0,1
10.1007/s11431-017-9178-4,Algorithm for the estimation of ionosphere parameters from ground scatter echoes of SuperDARN,2018,Science China Technological Sciences,Springer Nature,Peer-reviewed journal article,Dehong Huang; Erxiao Liu; Hongqiao Hu; JianJun Liu,SuperDARN,unverified,0,1
10.1007/s11431-023-2663-6,Joint observations of the large-scale ULF wave activity from space to ground associated with the solar wind dynamic pressure enhancement,2024,Science China Technological Sciences,Springer Nature,Peer-reviewed journal article,XiaoYing Sun; YunPeng Hu; Zeren Zhima; SuPing Duan; FangXian Lv; XuHui Shen,THEMIS ASI,unverified,0,1
10.1007/s12036-018-9561-2,A new technique for understanding magnetosphere–ionosphere coupling using directional derivatives of SuperDARN convection flow,2018,Journal of Astrophysics and Astronomy,Springer Nature,Peer-reviewed journal article,S. N. M. Azizul Hoque; Frances Fenrich,SuperDARN,unverified,0,1
10.1007/s12040-015-0638-x,"Variation of surface electric field during geomagnetic disturbed period at Maitri, Antarctica",2015,Journal of Earth System Science,Springer Nature,Peer-reviewed journal article,N. Jeni Victor; C. Panneerselvam; C. P. Anil Kumar,SuperDARN,unverified,0,1
10.1007/s12648-025-03582-4,Case studies of drivers of ionospheric upwellings,2025,Indian Journal of Physics,Springer Nature,Peer-reviewed journal article,T. W. David; Chizurumoke M. Michael; Darren M. Wright; A. T. Talabi; A. E. Ajetunmobi; T. D. Awoyinka; S. O. Kareem,SuperDARN,unverified,0,1
10.1016/0032-0633(91)90073-j,Observations of type 4 VHF radar doppler spectra during a Ps6 pulsation event,1991,Planetary and Space Science,Elsevier,Peer-reviewed journal article,Paul Prikryl; Dieter André; George J. Sofko; James A. Koehler; M. J. Mckibben; Don D. Wallis; Terry J. Hughes; Allen G. McNamara; Don R. McDiarmid; Bruce A. McIntosh; Juergen Watermann,Single Beam Riometer; GO_RIO,unverified,0,2
10.1016/0032-0633(92)90093-4,Type 4 VHF radio aurora observations during low to moderate geomagnetic activity,1992,Planetary and Space Science,Elsevier,Peer-reviewed journal article,Paul Prikryl; Dieter André; James A. Koehler; George J. Sofko; J. P. St.-Maurice; Don D. Wallis; Fokke Creutzberg,Single Beam Riometer; GO_RIO,unverified,0,2
10.1016/0273-1177(82)90164-8,Bars — A dual bistatic auroral radar system for the study of electric fields in the Canadian sector of the auroral zone,1982,Advances in Space Research,Elsevier,Peer-reviewed journal article,Allen G. McNamara; Don R. McDiarmid; George J. Sofko; James A. Koehler; P. A. Forsyth; D. R. Moorcroft,CANOPUS,unverified,0,1
10.1016/b978-0-12-812700-1.00026-1,Dealing With Space Weather: The Canadian Experience,2018,Extreme Events in Geospace,Elsevier,Book chapter,David H. Boteler,Single Beam Riometer; GO_RIO,unverified,0,2
10.1016/b978-0-12-820630-0.00009-x,Ground-based all-sky imaging techniques for auroral observations and space weather research,2022,Magnetospheric Imaging,Elsevier,Book chapter,Syau-Yun Hsieh; Kan Liou; Frank Morgan,REGO,unverified,0,1
10.1016/b978-0-12-821366-7.00001-9,"Density, irregularity, and instability",2022,Cross-Scale Coupling and Energy Transfer in the Magnetosphere-Ionosphere-Thermosphere System,Elsevier,Book chapter,,RISR-C,unverified,0,1
10.1016/b978-044451881-1/50036-8,MULTISCALE GEOSPACE PHYSICS IN CANADA,2005,Multiscale Coupling of Sun-Earth Processes,Elsevier,Book chapter,William Liu; Jonathan Burchill; Leroy Cogger; Eric Donovan; Gordon James; David Kendall; David Knudsen; Jianyong Lu; Ian Mann; Réjean Michaud; Sandy Murphree; Robert Rankin; John Samson; Emma Spanswick; George Sofko; Trond Trondsen; Andrew Yau,SuperDARN_CA,unverified,0,1
10.1016/j.acags.2025.100245,Efficient computation and visualization of ionospheric volumetric images for the enhanced interpretation of Incoherent scatter radar data,2025,Applied Computing and Geosciences,Elsevier,Peer-reviewed journal article,J. Araújo; F. López; S. Johansson; A. Westman; M. Bodin,RISR-C,unverified,0,1
10.1016/j.asoc.2025.114471,Enhanced all-sky Aurora image classification using pyramid vision transformer and contrastive background contextual transforms,2026,Applied Soft Computing,Elsevier,Peer-reviewed journal article,Jian Lian; Weiguang Wang,THEMIS ASI,unverified,0,1
10.1016/j.asr.2004.09.011,Canadian space environment program and international living with a star,2005,Advances in Space Research,Elsevier,Peer-reviewed journal article,Weining William Liu,SuperDARN_CA; SuperDARN,unverified,0,2
10.1016/j.asr.2006.09.028,Global auroral imaging in the ILWS era,2007,Advances in Space Research,Elsevier,Peer-reviewed journal article,Eric Donovan; Trond Trondsen; J. Spann; W. Liu; Emma Spanswick; Mark Lester; C.-Y. Tu; Aaron Ridley; M. Henderson; T. Immel; Stephen Mende; John Bonnell; Mikko Syrjäsuo; George Sofko; Leroy Cogger; J. Murphree; Periyadan T. Jayachandran; Tuija Pulkkinen; Robert Rankin; J. Sigwarth,THEMIS ASI,unverified,0,1
10.1016/j.asr.2007.06.044,A 2-D comparison of ionospheric convection derived from SuperDARN and DMSP measurements,2008,Advances in Space Research,Elsevier,Peer-reviewed journal article,L. Xu; A. V. Koustov; J. S. Xu; R. A. Drayton; L. Huo,SuperDARN,unverified,0,1
10.1016/j.asr.2009.08.006,"Wave perturbations in the MLT at high northern latitudes in winter, observed by two SATI instruments",2010,Advances in Space Research,Elsevier,Peer-reviewed journal article,Y.-M. Cho; Marianna G. Shepherd; Gordon G. Shepherd,DNT,unverified,0,1
10.1016/j.asr.2013.06.019,SuperDARN cross polar cap potential dependence on the solar wind conditions and comparisons with models,2013,Advances in Space Research,Elsevier,Peer-reviewed journal article,D. Mori; A. V. Koustov,SuperDARN,unverified,0,1
10.1016/j.asr.2013.06.035,GPS phase difference variation statistics: A comparison between phase scintillation index and proxy indices,2013,Advances in Space Research,Elsevier,Peer-reviewed journal article,Reza Ghoddousi-Fard; Paul Prikryl; François Lahaye,CHAIN,unverified,0,1
10.1016/j.asr.2014.08.012,Characterization of ionospheric amplitude scintillations using wavelet entropy detrended GNSS data,2014,Advances in Space Research,Elsevier,Peer-reviewed journal article,Yongqing Su; Hao Liu; Jiguang Yue; Yunfan Yang,CHAIN,unverified,0,1
10.1016/j.asr.2016.06.036,Ameliorating calculation of ionospheric amplitude scintillation index from under-sampled phase measurement,2016,Advances in Space Research,Elsevier,Peer-reviewed journal article,Hao Liu; Jiguang Yue; Yongqing Su; Xingqun Zhan,CHAIN,verified,1,1
10.1016/j.asr.2016.09.029,Investigation of third gyro-harmonic heating at HAARP using stimulated radio emissions and the MUIR and Kodiak radars,2017,Advances in Space Research,Elsevier,Peer-reviewed journal article,Alireza Mahmoudian; Wayne A. Scales; B. J. Watkins; P. A. Bernhardt; B. Isham; O. Vega-Cancel; J. M. Ruohoniemi,SuperDARN,unverified,0,1
10.1016/j.asr.2017.09.037,Examining the use of the NeQuick bottomside and topside parameterizations at high latitudes,2018,Advances in Space Research,Elsevier,Peer-reviewed journal article,David Russel Themens; Periyadan T. Jayachandran; Roger. H. Varney,CHAIN,unverified,0,1
10.1016/j.asr.2018.05.005,The response of high latitude ionosphere to the 2015 St. Patrick’s day storm from in situ and ground based observations,2018,Advances in Space Research,Elsevier,Peer-reviewed journal article,Giulia D.'Angelo; Mirko Piersanti; Lucilla Alfonsi; Luca Spogli; Lasse Boy Novock Clausen; Igino Coco; Guozhu Li; Ning Baiqi,CHAIN; SuperDARN,unverified,0,2
10.1016/j.asr.2018.08.015,Polar traveling ionospheric disturbances inferred with the B-spline method and associated scintillations in the Southern Hemisphere,2018,Advances in Space Research,Elsevier,Peer-reviewed journal article,Shishir Priyadarshi; Q. H. Zhang; Evan G. Thomas; Luca Spogli; Claudio Cesaroni,SuperDARN,unverified,0,1
10.1016/j.asr.2018.11.019,Seasonal variations in vertical distribution of meteor decay time as observed from meteor radars at 8.5°N and 80°N,2019,Advances in Space Research,Elsevier,Peer-reviewed journal article,B. Premkumar; K. Chenna Reddy; G. Yellaiah; K. Kishore Kumar,DNT,unverified,0,1
10.1016/j.asr.2019.01.050,Impact of geomagnetic variation over sub-auroral ionospheric region during high solar activity year 2014,2019,Advances in Space Research,Elsevier,Peer-reviewed journal article,Arun Kumar Singh; Shailendra Saini; Rupesh M. Das,SuperDARN,unverified,0,1
10.1016/j.asr.2019.08.036,Case studies: A possible mechanism for F2-lacuna formation,2019,Advances in Space Research,Elsevier,Peer-reviewed journal article,Shenggao Yang; Beichen Zhang; Yang Liu; Yaguang Zhu; Xu Yang; Chao Tian; Fulu Yue; Peikang Xu; Jianming Jiang,SuperDARN,unverified,0,1
10.1016/j.asr.2020.02.025,Ionospheric response to the June 2015 geomagnetic storm in the South American region,2020,Advances in Space Research,Elsevier,Peer-reviewed journal article,Eduardo Perez Macho; Emília Correia; Claudio Machado Paulo; Lady Angulo; José Augusto Gomes Vieira,SuperDARN,unverified,0,1
10.1016/j.asr.2020.09.016,Validation of various ionospheric models in the high-latitudinal zone,2021,Advances in Space Research,Elsevier,Peer-reviewed journal article,O. A. Maltseva; T. V. Nikitenko,CHAIN; ECHAIM,unverified,0,2
10.1016/j.asr.2021.09.026,Analysis on the ionospheric scintillation monitoring performance of ROTI extracted from GNSS observations in high-latitude regions,2022,Advances in Space Research,Elsevier,Peer-reviewed journal article,Dongsheng Zhao; Wang Li; Chendong Li; Craig M. Hancock; Gethin Wyn Roberts; Qianxin Wang,CHAIN,unverified,0,1
10.1016/j.asr.2022.02.031,Statistical study on the characterization of phase and amplitude scintillation events in the high-latitude region during 2014–2020 based on ISMR,2022,Advances in Space Research,Elsevier,Peer-reviewed journal article,Dongsheng Zhao; Wang Li; Qianxin Wang; Xin Liu; Chendong Li; Craig M. Hancock; Gethin Wyn Roberts; Kefei Zhang,CHAIN,unverified,0,1
10.1016/j.asr.2022.08.037,A comparative analysis of the role of interplanetary magnetic field (IMF) and sudden impulse (SI) in triggering a substorm,2023,Advances in Space Research,Elsevier,Peer-reviewed journal article,Shipra Sinha; Geeta Vichare; Ashwini Kumar Sinha,GO_RIO,unverified,0,1
10.1016/j.asr.2022.10.006,Python in Heliophysics Community (PyHC): Current status and future outlook,2023,Advances in Space Research,Elsevier,Peer-reviewed journal article,Julie Barnum; Arnaud Masson; Reinhard H. W. Friedel; Aaron Roberts; Brian A. Thomas,THEMIS ASI,unverified,0,1
10.1016/j.asr.2023.01.017,Ionospheric electron density over Resolute Bay according to E-CHAIM model and RISR radar measurements,2023,Advances in Space Research,Elsevier,Peer-reviewed journal article,Bion Larson; A. V. Koustov; David Russel Themens; Robert G. Gillies,RISR-C; CHAIN; ECHAIM,unverified,0,3
10.1016/j.asr.2023.12.065,Performance of kinematic GPS PPP AR under different ionospheric scintillation conditions,2024,Advances in Space Research,Elsevier,Peer-reviewed journal article,Zhuang Chen; Xiaomin Luo; Yujie Li,CHAIN,unverified,0,1
10.1016/j.asr.2024.03.039,The implementation of deep clustering for SuperDARN backscatter echoes,2024,Advances in Space Research,Elsevier,Peer-reviewed journal article,Xing Kong; Erxiao Liu; Shengsheng Shi; Fengjv Chen,SuperDARN,unverified,0,1
10.1016/j.asr.2024.05.056,Validation of the IRI-2020 topside ionosphere options through in-situ electron density observations by low-Earth-orbit satellites,2025,Advances in Space Research,Elsevier,Peer-reviewed journal article,Alessio Pignalberi; Dieter Bilitza; Pierdavide Coïsson; Haris Haralambous; Bruno Nava; Michael Pezzopane; Fabricio Prol; Artem Smirnov; David Russel Themens; Chao Xiong,ECHAIM; CHAIN,unverified,0,2
10.1016/j.asr.2024.06.025,Evaluations of two ion temperature models in IRI-2020 based on the observations from ICON and COSMIC-2 IVM,2025,Advances in Space Research,Elsevier,Peer-reviewed journal article,Tingwei Han; Huijun Le; Shun-Rong Zhang; Vladimir Truhlik; Natalie Reeves; Angkita Hazarika; Yujin Cho; Mei-Yu Chen; Libo Liu; Yiding Chen; Ruilong Zhang,CHAIN,unverified,0,1
10.1016/j.asr.2025.04.003,Assessment of the performance of the IRI’s auroral oval boundary model as applied to the Mother’s Day G5 storm during 10–13 May 2024,2025,Advances in Space Research,Elsevier,Peer-reviewed journal article,Alicreance Hiyadutuje; Dieter Bilitza; Temitope Ojebisi; Malkia Kelelue; Solomon Degefa; Kibrop Webber,SuperDARN,unverified,0,1
10.1016/j.asr.2025.09.010,Plasma flow velocity measured by Swarm and inferred from SuperDARN global-scale convection maps,2025,Advances in Space Research,Elsevier,Peer-reviewed journal article,A. V. Koustov; Hayden Fast; Johnathan K. Burchill; L. Lomidze; Alexei Kouznetsov; Mehdi Ghalamkarian Nejad,RISR-C; SuperDARN_CA; SuperDARN,unverified,0,3
10.1016/j.asr.2025.09.021,Direct ionization of metastable oxygen and nitrogen atoms in the Earth’s upper atmosphere,2025,Advances in Space Research,Elsevier,Peer-reviewed journal article,Abdelaaziz Bouziane; Mourad Djebli,REGO,unverified,0,1
10.1016/j.asr.2025.09.032,Characterization of the ionosphere response to the X1.3 solar event occurred on 30 March 2022,2025,Advances in Space Research,Elsevier,Peer-reviewed journal article,Emilia Correia; Eduardo Perez Macho; Juliano Moro; Alessandro J. De Abreu; Christiano G. M. Brum; José H. Fernandez; Gareth Chisham; José V. Bageston,SuperDARN,unverified,0,1
10.1016/j.asr.2025.10.107,Ionospheric responses over the Antarctic region to intense space weather events: Plasma convection vs. auroral precipitation,2026,Advances in Space Research,Elsevier,Peer-reviewed journal article,Sumanjit Chakraborty; Gopi K. Seemala,SuperDARN,unverified,0,1
10.1016/j.asr.2025.11.074,Self-learning signal classifier for HF coherent scatter radars,2026,Advances in Space Research,Elsevier,Peer-reviewed journal article,Oleg Berngardt; Ivan Lavygin,SuperDARN,unverified,0,1
10.1016/j.asr.2026.01.048,Impact of nighttime foF2 enhancement at Juliusruh on ionospheric trend estimation and model accuracy,2026,Advances in Space Research,Elsevier,Peer-reviewed journal article,Bruno S. Zossi; Franco D. Medina; Trinidad Duran; Dario J. Zamora; Ana G. Elias,ECHAIM; CHAIN,unverified,0,2
10.1016/j.asr.2026.04.052,Electrodynamics and ionospheric irregularities during intense geomagnetic storm that occurred in March 2024 over American and Antarctic sectors,2026,Advances in Space Research,Elsevier,Peer-reviewed journal article,Alessandro J. De Abreu; E. Correia; Eduardo Perez Macho; K. Venkatesh; R. De Jesus; Alessio Pignalberi; Michael Pezzopane; V. G. Pillat; P. R. Fagundes; M. Gende,SuperDARN,unverified,0,1
10.1016/j.jastp.2003.08.003,Results from the Lyon–Fedder–Mobarry global magnetospheric model for the electrojet challenge,2003,Journal of Atmospheric and Solar-Terrestrial Physics,Elsevier,Peer-reviewed journal article,Michael Wiltberger; J. G. Lyon; C. C. Goodrich,CANOPUS,unverified,0,1
10.1016/j.jastp.2005.03.027,The THEMIS all-sky imaging array—system design and initial results from the prototype imager,2006,Journal of Atmospheric and Solar-Terrestrial Physics,Elsevier,Peer-reviewed journal article,Eric Donovan; Stephen Mende; Brian Jackel; Harald Frey; Mikko Syrjäsuo; Igor Voronkov; Trond Trondsen; Laura Peticolas; Vassilis Angelopoulos; Stewart Harris; Mike Greffen; Martin Connors,THEMIS ASI; CANOPUS,unverified,0,2
10.1016/j.jastp.2006.10.017,Auroral post-secondary ions from the nightside ionosphere in the inner magnetosphere,2007,Journal of Atmospheric and Solar-Terrestrial Physics,Elsevier,Peer-reviewed journal article,George Sofko; Robert Schwab; Masakazu Watanabe; Chaosong Huang; John Foster; Kathryn McWilliams,SuperDARN_CA; SuperDARN,unverified,0,2
10.1016/j.jastp.2007.06.003,transport across the polar cap,2007,Journal of Atmospheric and Solar-Terrestrial Physics,Elsevier,Peer-reviewed journal article,H. A. Elliott; J.-M. Jahn; Craig J. Pollock; Thomas E. Moore; J. L. Horwitz,SuperDARN,unverified,0,1
10.1016/j.jastp.2008.05.015,Asymmetric distribution of the ionospheric electric potential in the opposite hemispheres as inferred from the SuperDARN observations and FAC-based convection model,2008,Journal of Atmospheric and Solar-Terrestrial Physics,Elsevier,Peer-reviewed journal article,Renata Lukianova; C. Hanuise; F. Christiansen,SuperDARN,unverified,0,1
10.1016/j.jastp.2008.06.013,Probing the high latitude ionosphere from ground-based observations: The state of current knowledge and capabilities during IPY (2007–2009),2008,Journal of Atmospheric and Solar-Terrestrial Physics,Elsevier,Peer-reviewed journal article,Lucilla Alfonsi; Andrew J. Kavanagh; Ermanno Amata; Pierre Cilliers; Emilia Correia; Mervyn Freeman; Kirsti Kauristie; Ruiyuan Liu; Juha-Pekka Luntama; Cathryn N. Mitchell; G. A. Zherebtsov,SuperDARN,unverified,0,1
10.1016/j.jastp.2008.08.003,SuperDARN: An example of a network approach to geospace science in the twenty-first century,2008,Journal of Atmospheric and Solar-Terrestrial Physics,Elsevier,Peer-reviewed journal article,Mark Lester,SuperDARN,unverified,0,1
10.1016/j.jastp.2008.08.016,Fine structure of optical aurora,2008,Journal of Atmospheric and Solar-Terrestrial Physics,Elsevier,Peer-reviewed journal article,Ingrid Sandahl; Tima Sergienko; Urban Brändström,THEMIS ASI,unverified,0,1
10.1016/j.jastp.2008.12.004,Ground-based Pc5 ULF wave power: Solar wind speed and MLT dependence,2009,Journal of Atmospheric and Solar-Terrestrial Physics,Elsevier,Peer-reviewed journal article,D. M. Pahud; I. Jonathan Rae; Ian. R. Mann; Kyle R. Murphy; V. Amalraj,CARISMA,unverified,0,1
10.1016/j.jastp.2009.09.014,Imaging of the Antarctic ionosphere: Experimental results,2009,Journal of Atmospheric and Solar-Terrestrial Physics,Elsevier,Peer-reviewed journal article,Ping Yin; Cathryn N. Mitchell; Lucilla Alfonsi; Mike Pinnock; Paul Spencer; Giorgiana De Franceschi; Vincenzo Romano; Patrick Newell; Pierguido Sarti; Monia Negusini; Alessandro Capra,SuperDARN,unverified,0,1
10.1016/j.jastp.2010.02.004,On the diurnal variation of the E-region coherent HF echo occurrence,2010,Journal of Atmospheric and Solar-Terrestrial Physics,Elsevier,Peer-reviewed journal article,B. A. Carter; Roman A. Makarevich,SuperDARN,unverified,0,1
10.1016/j.jastp.2010.02.018,Detection of large scale TIDs associated with the dayside cusp using SuperDARN data,2010,Journal of Atmospheric and Solar-Terrestrial Physics,Elsevier,Peer-reviewed journal article,A. T. Karpachev; N. Beloff; T. D. Carozzi; P. F. Denisenko; T. J. T. Karhunen; Mark Lester,SuperDARN,unverified,0,1
10.1016/j.jastp.2011.02.004,Long term behaviour of the MLT quasi-7-day wave at two radar-sites at northern polar latitudes,2011,Journal of Atmospheric and Solar-Terrestrial Physics,Elsevier,Peer-reviewed journal article,Wayne K. Hocking; G. Kishore Kumar,DNT,unverified,0,1
10.1016/j.jastp.2011.02.009,Modeling of the turbulent plasma sheet during quiet geomagnetic conditions,2011,Journal of Atmospheric and Solar-Terrestrial Physics,Elsevier,Peer-reviewed journal article,M. Stepanova; E. E. Antonova,SuperDARN,unverified,0,1
10.1016/j.jastp.2011.02.018,Dependence of ground-based Pc5 ULF wave power on F10.7 solar radio flux and solar cycle phase,2011,Journal of Atmospheric and Solar-Terrestrial Physics,Elsevier,Peer-reviewed journal article,Kyle R. Murphy; Ian. R. Mann; I. Jonathan Rae; David K. Milling,CARISMA,unverified,0,1
10.1016/j.jastp.2011.11.007,A relationship between the auroral absorption and the magnetic activity in the polar cap,2012,Journal of Atmospheric and Solar-Terrestrial Physics,Elsevier,Peer-reviewed journal article,Alexander Frank-Kamenetsky; Oleg Troshichev,GO_RIO,unverified,0,1
10.1016/j.jastp.2012.02.014,Coincident multi-point observations of the E- and F-region decametre-scale plasma waves at high latitudes,2012,Journal of Atmospheric and Solar-Terrestrial Physics,Elsevier,Peer-reviewed journal article,B. A. Carter; Roman A. Makarevich; John C. Devlin; Andrew J. McDonald,SuperDARN_CA; SuperDARN,unverified,0,2
10.1016/j.jastp.2012.08.001,Analysis of diurnal double maxima observed above Italy during 1975–1991,2012,Journal of Atmospheric and Solar-Terrestrial Physics,Elsevier,Peer-reviewed journal article,Z. T. Katamzi; N. D. Smith; Cathryn N. Mitchell; P. Spalla,CARISMA,unverified,0,1
10.1016/j.jastp.2012.11.013,Potential impact of Swarm electric field data on global 2D convection mapping in combination with SuperDARN radar data,2013,Journal of Atmospheric and Solar-Terrestrial Physics,Elsevier,Peer-reviewed journal article,Robyn A. D. Fiori; David H. Boteler; David Knudsen; Jonathan Burchill; A. V. Koustov; E. D. P. Cousins; C. Blais,SuperDARN_CA; SuperDARN,unverified,0,2
10.1016/j.jastp.2013.02.002,Comparison of SuperDARN irregularity drift measurements and F-region ion velocities from the resolute bay ISR,2013,Journal of Atmospheric and Solar-Terrestrial Physics,Elsevier,Peer-reviewed journal article,Hasan Bahcivan; Michael J. Nicolls; Gareth Perry,SuperDARN_CA; SuperDARN,unverified,0,2
10.1016/j.jastp.2013.05.018,A reassessment of SuperDARN meteor echoes from the upper mesosphere and lower thermosphere,2013,Journal of Atmospheric and Solar-Terrestrial Physics,Elsevier,Peer-reviewed journal article,Gareth Chisham; Mervyn. P. Freeman,SuperDARN_CA; SuperDARN,unverified,0,2
10.1016/j.jastp.2013.09.005,Observations of field line resonance with global auroral images,2013,Journal of Atmospheric and Solar-Terrestrial Physics,Elsevier,Peer-reviewed journal article,Kan Liou; Kazue Takahashi,CARISMA,unverified,0,1
10.1016/j.jastp.2013.10.002,Evidence for two types of dipolarization in the earth's magnetotail,2014,Journal of Atmospheric and Solar-Terrestrial Physics,Elsevier,Peer-reviewed journal article,A. T. Y. Lui,THEMIS ASI,unverified,0,1
10.1016/j.jastp.2014.01.010,Modulation of auroras by Pc5 pulsations in the dawn sector in association with reappearance of energetic particles at geosynchronous orbit,2014,Journal of Atmospheric and Solar-Terrestrial Physics,Elsevier,Peer-reviewed journal article,O. Saka; Kanji Hayashi; D.Yu. Klimushkin; Pavel N. Mager,CARISMA,unverified,0,1
10.1016/j.jastp.2014.12.003,Characterisation of quasi-stationary planetary waves in the Northern MLT during summer,2015,Journal of Atmospheric and Solar-Terrestrial Physics,Elsevier,Peer-reviewed journal article,Nora H. Stray; Patrick J. Espy; Varavut Limpasuvan; Robert E. Hibbins,SuperDARN,unverified,0,1
10.1016/j.jastp.2015.05.017,First results of the high-resolution multibeam ULF wave experiment at the Ekaterinburg SuperDARN radar: Ionospheric signatures of coupled poloidal Alfvén and drift-compressional modes,2015,Journal of Atmospheric and Solar-Terrestrial Physics,Elsevier,Peer-reviewed journal article,Pavel N. Mager; Oleg I. Berngardt; Dmitri Yu. Klimushkin; Nina A. Zolotukhina; Olga V. Mager,SuperDARN,unverified,0,1
10.1016/j.jastp.2015.08.014,An interpretation of spacecraft and ground based observations of multiple omega band events,2015,Journal of Atmospheric and Solar-Terrestrial Physics,Elsevier,Peer-reviewed journal article,James Michael Weygand; Margaret G. Kivelson; Harald U. Frey; Juan V. Rodriguez; V. Angelopoulos; R. Redmon; J. Barker-Ream; Adrian Grocott; Olaf Amm,THEMIS ASI; CARISMA,unverified,0,2
10.1016/j.jastp.2016.03.002,Comparison of DMSP and SECS region-1 and region-2 ionospheric current boundary,2016,Journal of Atmospheric and Solar-Terrestrial Physics,Elsevier,Peer-reviewed journal article,James Michael Weygand; Simon Wing,AUTUMNX; CARISMA,partially_verified,1,2
10.1016/j.jastp.2016.04.012,Equatorward evolution of auroras from the poleward auroral boundary,2016,Journal of Atmospheric and Solar-Terrestrial Physics,Elsevier,Peer-reviewed journal article,O. Saka; Kanji Hayashi; M. F. Thomsen,THEMIS ASI; CARISMA,unverified,0,2
10.1016/j.jastp.2017.07.023,Tropospheric weather influenced by solar wind through atmospheric vertical coupling downward control,2018,Journal of Atmospheric and Solar-Terrestrial Physics,Elsevier,Peer-reviewed journal article,Paul Prikryl; Robert Bruntz; Takumi Tsukijihara; Koki Iwao; Donald B. Muldrew; Vojto Rušin; Milan Rybanský; Maroš Turňa; Pavel Šťastný,SuperDARN; CARISMA,unverified,0,2
10.1016/j.jastp.2017.08.030,GPS amplitude and phase scintillation associated with polar cap auroral forms,2017,Journal of Atmospheric and Solar-Terrestrial Physics,Elsevier,Peer-reviewed journal article,Periyadan T. Jayachandran; Abdelhaq M. Hamza; Keisuke Hosokawa; H. Mezaoui; Kazuo Shiokawa,CHAIN,unverified,0,1
10.1016/j.jastp.2017.09.009,Longitudinal expansion of field line dipolarization,2017,Journal of Atmospheric and Solar-Terrestrial Physics,Elsevier,Peer-reviewed journal article,O. Saka; Kanji Hayashi,CARISMA,unverified,0,1
10.1016/j.jastp.2017.09.013,Driving of strong nightside reconnection and geomagnetic activity by polar cap flows: Application to CME shocks and possibly other situations,2018,Journal of Atmospheric and Solar-Terrestrial Physics,Elsevier,Peer-reviewed journal article,L. R. Lyons; B. Gallardo-Lacourt; Ying Zou; Yukitoshi Nishimura; P. Anderson; V. Angelopoulos; Eric F. Donovan; J. M. Ruohoniemi; E. Mitchell; Larry J. Paxton; Nozomu Nishitani,THEMIS ASI; SuperDARN_CA; SuperDARN,unverified,0,3
10.1016/j.jastp.2018.03.022,Attenuation of decameter wavelength sky noise during x-ray solar flares in 2013–2017 based on the observations of midlatitude HF radars,2018,Journal of Atmospheric and Solar-Terrestrial Physics,Elsevier,Peer-reviewed journal article,Oleg I. Berngardt; J. M. Ruohoniemi; Nozomu Nishitani; S. G. Shepherd; William. A. Bristow; E. S. Miller,SuperDARN,unverified,0,1
10.1016/j.jastp.2019.01.005,Observations of conjugated ring current auroras at subauroral latitudes,2019,Journal of Atmospheric and Solar-Terrestrial Physics,Elsevier,Peer-reviewed journal article,Yongliang Zhang; Larry J. Paxton,THEMIS ASI,unverified,0,1
10.1016/j.jastp.2019.105057,Predicting SuperDARN cross polar cap potential by applying regression analysis and machine learning,2019,Journal of Atmospheric and Solar-Terrestrial Physics,Elsevier,Peer-reviewed journal article,Erxiao Liu; Hongqiao Hu; Jianjun Liu; Xuyang Teng; Lei Qiao,SuperDARN,verified,1,1
10.1016/j.jastp.2019.105088,Storm-time convection dynamics viewed from optical auroras,2019,Journal of Atmospheric and Solar-Terrestrial Physics,Elsevier,Peer-reviewed journal article,Bing Yang; Eric Donovan; Jun Liang; J. Michael Ruohoniemi; Kathryn McWilliams; Emma Spanswick,THEMIS ASI; SuperDARN_CA; SuperDARN,unverified,0,3
10.1016/j.jastp.2020.105195,Corotation of ring current auroral spots at sub-auroral latitudes,2020,Journal of Atmospheric and Solar-Terrestrial Physics,Elsevier,Peer-reviewed journal article,Yongliang Zhang; Larry J. Paxton,THEMIS ASI,unverified,0,1
10.1016/j.jastp.2020.105288,On the source region and orientations of nightside auroral arcs,2020,Journal of Atmospheric and Solar-Terrestrial Physics,Elsevier,Peer-reviewed journal article,V. Sergeev; T. Bondareva; D. Gilles; Eric Donovan,THEMIS ASI,unverified,0,1
10.1016/j.jastp.2020.105365,In-situ and optical observations of sub-ion magnetic holes,2020,Journal of Atmospheric and Solar-Terrestrial Physics,Elsevier,Peer-reviewed journal article,P. I. Shustov; Yukitoshi Nishimura; Anton V. Artemyev; X.-J. Zhang; V. Angelopoulos; A. A. Petrukovich,THEMIS ASI,unverified,0,1
10.1016/j.jastp.2020.105427,Multi-instrument study of the mesosphere-lower thermosphere dynamics at 80°N during the major SSW in January 2019,2020,Journal of Atmospheric and Solar-Terrestrial Physics,Elsevier,Peer-reviewed journal article,Marianna G. Shepherd; Christopher Е. Meek; Wayne К. Hocking; Christopher М. Hall; Noora Partamies; Fred Sigernes; Alan H. Manson; William Е. Ward,DNT,unverified,0,1
10.1016/j.jastp.2021.105591,"Storm induced ionospheric irregularities at the low/equatorial and mid-latitude regions over the Africa-Europe sector during the magnetic storm on March 6–8, 2016",2021,Journal of Atmospheric and Solar-Terrestrial Physics,Elsevier,Peer-reviewed journal article,Joseph Olwendo; Pierre Cilliers,SuperDARN,unverified,0,1
10.1016/j.jastp.2021.105599,The impact of cold electrons and cold ions in magnetospheric physics,2021,Journal of Atmospheric and Solar-Terrestrial Physics,Elsevier,Peer-reviewed journal article,Gian Luca Delzanno; Joseph E. Borovsky; Michael G. Henderson; Pedro Alberto Resendiz Lira; Vadim Roytershteyn; Daniel T. Welling,REGO,verified,1,1
10.1016/j.jastp.2021.105616,The Dynamics of the Alfvénic Oval,2021,Journal of Atmospheric and Solar-Terrestrial Physics,Elsevier,Peer-reviewed journal article,Andreas Keiling,REGO,unverified,0,1
10.1016/j.jastp.2021.105633,Spatial structures in solar wind superthermal electrons and polar rain aurora,2021,Journal of Atmospheric and Solar-Terrestrial Physics,Elsevier,Peer-reviewed journal article,Dennis Michael Herschbach; Yongliang Zhang,SuperDARN,unverified,0,1
10.1016/j.jastp.2021.105773,"SuperDARN, WINDII and WACCM-X neutral and ion winds observed at high latitudes during geomagnetic disturbances",2021,Journal of Atmospheric and Solar-Terrestrial Physics,Elsevier,Peer-reviewed journal article,Gordon G. Shepherd; Daniel Billett; Marianna G. Shepherd; Kathryn A. McWilliams,SuperDARN_CA; SuperDARN,unverified,0,2
10.1016/j.jastp.2022.105826,Evaluation of the effect of sporadic-E on high frequency radio wave propagation in the Arctic,2022,Journal of Atmospheric and Solar-Terrestrial Physics,Elsevier,Peer-reviewed journal article,Taylor G. Cameron; Robyn A. D. Fiori; David Russel Themens; E. Michael Warrington; Thayananthan Thayaparan; Draven Galeschuk,CHAIN; ECHAIM,partially_verified,1,2
10.1016/j.jastp.2022.105843,Data-based optimization of a simple shortwave fadeout absorption model,2022,Journal of Atmospheric and Solar-Terrestrial Physics,Elsevier,Peer-reviewed journal article,Robyn A. D. Fiori; S. Chakraborty; Lidia Nikitina,Single Beam Riometer; GO_RIO,unverified,0,2
10.1016/j.jastp.2022.105906,Automatic classification of mesoscale auroral forms using convolutional neural networks,2022,Journal of Atmospheric and Solar-Terrestrial Physics,Elsevier,Peer-reviewed journal article,Z.-X. Guo; J.-Y. Yang; Malcolm W. Dunlop; J.-B. Cao; L.-Y. Li; Y.-D. Ma; K.-F. Ji; Chao Xiong; J. Li; W.-T. Ding,THEMIS ASI,unverified,0,1
10.1016/j.jastp.2022.105935,On the use of empirical models for high-latitude ionosphere,2022,Journal of Atmospheric and Solar-Terrestrial Physics,Elsevier,Peer-reviewed journal article,Muhammad Mubasshir Shaikh,CHAIN; ECHAIM,partially_verified,1,2
10.1016/j.jastp.2023.106059,A statistical study of Ring Current Aurora,2023,Journal of Atmospheric and Solar-Terrestrial Physics,Elsevier,Peer-reviewed journal article,Yongliang Zhang; Yiding Yuan; Brennan Young; Larry J. Paxton,THEMIS ASI,unverified,0,1
10.1016/j.jastp.2023.106148,Duration and extent of solar X-ray flares and shortwave fadeouts likely to impact high frequency radio wave propagation based on an evaluation of absorption at 30 MHz,2023,Journal of Atmospheric and Solar-Terrestrial Physics,Elsevier,Peer-reviewed journal article,Robyn A. D. Fiori; Neil Christopher Rogers; Lidia Nikitina; V. Lobzin; E. Rock,Single Beam Riometer; SuperDARN_CA; SuperDARN; GO_RIO,partially_verified,1,4
10.1016/j.jastp.2024.106196,Evaluation of dB/dt amplitudes and sources over the Brazilian region during geomagnetic storms in the 2021–2022 biennium,2024,Journal of Atmospheric and Solar-Terrestrial Physics,Elsevier,Peer-reviewed journal article,G. B. D. Silva; L. R. Alves; K. V. Espinosa; Vítor M. Souza; L. A. Da Silva; J. E. R. Costa; M. B. Pádua; S. A. Sanchez,CARISMA,unverified,0,1
10.1016/j.jastp.2024.106377,"Observation of sporadic
                    <mml:math xmlns:mml=""http://www.w3.org/1998/Math/MathML"" altimg=""si28.svg"" display=""inline"" id=""d1e862"">
                      <mml:mi>E</mml:mi>
                    </mml:math>
                    layer altitude partially modulated by the Traveling Ionospheric Disturbances at high latitudes over Zhongshan station",2024,Journal of Atmospheric and Solar-Terrestrial Physics,Elsevier,Peer-reviewed journal article,Alicreance Hiyadutuje; Michael J. Kosch; John Bosco Habarulema; Xiangcai Chen; Judy A. E. Stephenson; Tshimangadzo Merline Matamba; Mpho Tshisaphungo,SuperDARN,unverified,0,1
10.1016/j.jastp.2025.106430,"Strong thermospheric response to the almost undetectable substorm on May 29, 2023",2025,Journal of Atmospheric and Solar-Terrestrial Physics,Elsevier,Peer-reviewed journal article,Yongliang Zhang; Qian Wu; Wenbin Wang; Larry Paxton; Robert Schaefer; Dong Lin; Lying Qian; Haonan Wu; Kun Wu; Ying Zou; Martin Connors,SuperDARN_CA; SuperDARN,unverified,0,2
10.1016/j.jastp.2025.106593,Evolution and decay of a stable and a dynamic airglow patch,2025,Journal of Atmospheric and Solar-Terrestrial Physics,Elsevier,Peer-reviewed journal article,Nina Kristine Eriksen; Yukitoshi Nishimura; Matthew Zettergren; Dag A. Lorentzen; Kjellmar Oksavik; Lisa J. Baddeley; Keisuke Hosokawa; Kazuo Shiokawa; Leslie Lamarche; Mark E. Redden; Asti Bhatt,RISR-C; CARISMA,partially_verified,1,2
10.1016/j.jastp.2025.106642,IMF By-driven electric field disturbances over the equator during northward IMFs: PPEF responses,2025,Journal of Atmospheric and Solar-Terrestrial Physics,Elsevier,Peer-reviewed journal article,Ram Singh; Tarun Kumar Pant; S. Sripathi; Diptiranjan Rout; Ankush Bhaskar; Danny E. Scipion,SuperDARN_CA; SuperDARN,unverified,0,2
10.1016/j.jastp.2025.106659,"A ground state of the geospace on November 6–7, 2009",2025,Journal of Atmospheric and Solar-Terrestrial Physics,Elsevier,Peer-reviewed journal article,Yongliang Zhang; Jesper W. Gjerloev; Larry J. Paxton; Robert Schaefer; Matt Friel,SuperDARN_CA; SuperDARN,unverified,0,2
10.1016/j.jastp.2026.106823,Relationship of energetic electron precipitation to solar wind forcing and magnetospheric activity proxies,2026,Journal of Atmospheric and Solar-Terrestrial Physics,Elsevier,Peer-reviewed journal article,Emilia Kilpua; Vuokko Semenoja; Noora Partamies; Sanni Hoilijoki; Veera Lipsanen; Mirja Ojuva; Lucile Turc; Minna Palmroth,SuperDARN,unverified,0,1
10.1016/j.palaeo.2023.111636,"Corrigendum to “Pyrite iron isotope compositions track local sedimentation conditions through the Smithian-Spathian transition (Early Triassic, Utah, USA)” [Palaeogeography, Palaeoclimatology, Palaeoecology, 617 (2023), 1–16]",2023,"Palaeogeography, Palaeoclimatology, Palaeoecology",Elsevier,Peer-reviewed journal article,Marie-Noëlle Decraene; Johanna Marin-Carbonne; Christophe Thomazo; Arnaud Brayard; Anne-Sophie Bouvier; Brahimsamba Bomou; Thierry Adatte; Nicolas Olivier,REGO,unverified,0,1
10.1016/j.polar.2019.100501,Development of low-cost multi-wavelength imager system for studies of aurora and airglow,2020,Polar Science,Elsevier,Peer-reviewed journal article,Yasunobu Ogawa; Yoshimasa Tanaka; Akira Kadokura; Keisuke Hosokawa; Yusuke Ebihara; Tetsuo Motoba; Björn Gustavsson; Urban Brändström; Yuka Sato; S. Oyama; Mitsunori Ozaki; Tero Raita; Fred Sigernes; Satonori Nozawa; Kazuo Shiokawa; Michael Kosch; Kirsti Kauristie; Chris Hall; S. Suzuki; Yoshizumi Miyoshi; A. Gerrard; Hiroshi Miyaoka; Ryoichi Fujii,THEMIS ASI,unverified,0,1
10.1016/j.polar.2020.100595,The digital beam forming technique in AgileDARN high-frequency radar,2021,Polar Science,Elsevier,Peer-reviewed journal article,Jingye Yan; Xiang Deng; Ailan Lan; Ji Wu; Jiaojiao Zhang; Wei Wang; Hongbin Qiu,SuperDARN_CA; SuperDARN,unverified,0,2
10.1016/j.polar.2020.100602,Temporal and spatial variations of GPS TEC and phase during auroral substorms and breakups,2021,Polar Science,Elsevier,Peer-reviewed journal article,Paul Prikryl; James Michael Weygand; Reza Ghoddousi-Fard; Periyadan T. Jayachandran; David Russel Themens; Anthony M. McCaffrey; Bharat S. R. Kunduri; Lidia Nikitina,THEMIS ASI; CHAIN; SuperDARN; CARISMA; GO_RIO,unverified,0,5
10.1016/j.polar.2020.100608,"What controls the luminosity of polar cap airglow patches?: Implication from airglow measurements in Eureka, Canada in comparison with SuperDARN convection pattern",2021,Polar Science,Elsevier,Peer-reviewed journal article,Keisuke Hosokawa; M. Nagata; Kazuo Shiokawa; Yuichi Otsuka,SuperDARN; DNT,unverified,0,2
10.1016/j.polar.2020.100630,Observing drift compressional waves in the nightside ionosphere using the Ekaterinburg radar,2021,Polar Science,Elsevier,Peer-reviewed journal article,Maksim A. Chelpanov; Olga V. Mager,SuperDARN,unverified,0,1
10.1016/j.polar.2020.100634,Geomagnetic storm-time scintillation study in Antarctica - A comparison of model and observation,2021,Polar Science,Elsevier,Peer-reviewed journal article,Shishir Priyadarshi; Q.-H. Zhang; Y. Wang,SuperDARN,unverified,0,1
10.1016/j.polar.2021.100638,Comparison of interferometer calibration techniques for improved SuperDARN elevation angles,2021,Polar Science,Elsevier,Peer-reviewed journal article,Gareth Chisham; Angeline Gail Burrell; Aurélie Marchaudon; Simon G. Shepherd; Evan G. Thomas; Pasha Ponomarenko,SuperDARN_CA; SuperDARN,unverified,0,2
10.1016/j.polar.2021.100643,Multitaper analysis of an MSTID event above Antarctica on 17 March 2013,2021,Polar Science,Elsevier,Peer-reviewed journal article,Tsige Y. Atilaw; Judy A. E. Stephenson; Zama T. Katamzi-Joseph,SuperDARN,unverified,0,1
10.1016/j.polar.2021.100649,Mining noise data for monitoring Arctic permafrost by using GNSS interferometric reflectometry,2021,Polar Science,Elsevier,Peer-reviewed journal article,Jiahua Zhang; Lin Liu,CHAIN,unverified,0,1
10.1016/j.polar.2021.100655,On the use of directional derivatives of SuperDARN convection flow for estimating open-closed field line boundary during the intervals of substorm activity on 14 October 2001,2021,Polar Science,Elsevier,Peer-reviewed journal article,S. N. M. Azizul Hoque; Anik Alvi; Md. Readul Mahmud; Sajib Sakhawat; Mafijul Islam Bhuiyan,SuperDARN_CA; SuperDARN; CARISMA,unverified,0,3
10.1016/j.polar.2021.100671,History of Japanese SuperDARN: Initiation of SENSU Syowa radars and progress of Japanese radar project,2021,Polar Science,Elsevier,Peer-reviewed journal article,Natsuo Sato; Tadahiko Ogawa; Hisao Yamagishi; Akira Sessai Yukimatu; Nozomu Nishitani; Takashi Kikuchi; Kenro Nozaki; Kiyoshi Igarashi; Tsutomu Nagatsuma,SuperDARN,unverified,0,1
10.1016/j.polar.2021.100684,Echo occurrence in the southern polar ionosphere for the SuperDARN Dome C East and Dome C North radars,2021,Polar Science,Elsevier,Peer-reviewed journal article,Maria Federica Marcucci; Igino Coco; Stefano Massetti; Alessio Pignalberi; Victoriya Forsythe; Michael Pezzopane; Alexander Koustov; Simona Longo; David Biondi; Enrico Simeoli; Giuseppe Consolini; Monica Laurenza; Aurélie Marchaudon; Andrea Satta; Alessandro Cirioni; Angelo De Simone; Angelo Olivieri; Alessandro Baù; Alberto Salvati,SuperDARN,unverified,0,1
10.1016/j.polar.2022.100789,"Comparison of Digisonde derived ion drifts and SuperDARN line-of-sight velocities over Zhongshan Station, Antarctica",2022,Polar Science,Elsevier,Peer-reviewed journal article,Xiangcai Chen; Jianjun Liu; Ruiyuan Liu; Hongqiao Hu; Beichen Zhang; Akira Sessai Yukimatu,SuperDARN,unverified,0,1
10.1016/j.pss.2006.01.009,Global Pc5 wave activity observed using SuperDARN radars and ground magnetometers during an extended period of northward IMF,2007,Planetary and Space Science,Elsevier,Peer-reviewed journal article,Lisa J. Baddeley; T. K. Yeoman; Kathryn A. McWilliams; Darren M. Wright,SuperDARN,unverified,0,1
10.1016/j.pss.2006.02.009,"Multiple field line resonances: Optical, magnetic and absorption signatures",2007,Planetary and Space Science,Elsevier,Peer-reviewed journal article,I. Jonathan Rae; Ian. R. Mann; Z. C. Dent; David K. Milling; Eric F. Donovan; Emma Spanswick,CANOPUS; CARISMA; GO_RIO,unverified,0,3
10.1016/j.pss.2010.06.006,Dipolarization fronts in the magnetotail plasma sheet,2011,Planetary and Space Science,Elsevier,Peer-reviewed journal article,Andrei Runov; V. Angelopoulos; M. Sitnov; Victor A. Sergeev; Rumi Nakamura; Yukitoshi Nishimura; Harald U. Frey; James P. McFadden; Davin Larson; John Bonnell; K.-H. Glassmeier; Uli Auster; Martin Connors; Christopher T. Russell; Howard J. Singer,THEMIS ASI; CARISMA,unverified,0,2
10.1016/j.pss.2014.11.026,"Global impacts of a Foreshock Bubble: Magnetosheath, magnetopause and ground-based observations",2015,Planetary and Space Science,Elsevier,Peer-reviewed journal article,Martin O. Archer; Drew L. Turner; Jonathan P. Eastwood; S. J. Schwartz; T. S. Horbury,CARISMA,unverified,0,1
10.1016/s0032-0633(03)00115-6,Identification of the ionospheric footprint of magnetospheric boundaries using SuperDARN coherent HF radars,2003,Planetary and Space Science,Elsevier,Peer-reviewed journal article,R. André; T. Dudok De Wit,SuperDARN,unverified,0,1
10.1016/s0273-1177(01)00028-x,The excitation of convection in the cusp region as observed by the SuperDARN radars,2001,Advances in Space Research,Elsevier,Peer-reviewed journal article,S. E. Milan; Mark Lester; J. R. Dudeney; R. A. Greenwald; George Sofko; J. P. Villain; R. P. Lepping,SuperDARN,unverified,0,1
10.1016/s0273-1177(01)00535-x,Comparison of global MHD simulation results with actual storm and substorm events,2001,Advances in Space Research,Elsevier,Peer-reviewed journal article,R. E. Lopez; J. G. Lyon; M. J. Wiltberger; C. C. Goodrich,CANOPUS,unverified,0,1
10.1016/s0273-1177(02)00790-1,Ionospheric convection and its relevance for space weather,2003,Advances in Space Research,Elsevier,Peer-reviewed journal article,Mark Lester,SuperDARN,unverified,0,1
10.1016/s0273-1177(97)00444-4,Ground-based supporting programmes for the IASTP,1997,Advances in Space Research,Elsevier,Peer-reviewed journal article,Hermann J. Opgenoorth,SuperDARN,unverified,0,1
10.1016/s0273-1177(97)00494-8,Ground observations of dayside small-scale dynamic features,1997,Advances in Space Research,Elsevier,Peer-reviewed journal article,Therese Moretto; E. Friis-Christensen,CANOPUS,unverified,0,1
10.1016/s0273-1177(99)00390-7,Polar patches generated by solar wind Alfvén wave coupling to the dayside magnetosphere,1999,Advances in Space Research,Elsevier,Peer-reviewed journal article,Paul Prikryl; John W. MacDougall; I. F. Grant; D. P. Steele; George J. Sofko; R. A. Greenwald,CANOPUS; SuperDARN_CA; SuperDARN,unverified,0,3
10.1016/s0273-1177(99)00667-5,ULF resonance structure in the magnetosphere,2000,Advances in Space Research,Elsevier,Peer-reviewed journal article,C.L. Waters,CANOPUS,unverified,0,1
10.1016/s0273-1177(99)00685-7,Substorm-associated shrinkage of the mid-tail magnetosphere: IACG Campaign #2,2000,Advances in Space Research,Elsevier,Peer-reviewed journal article,H. Kawano; Rumi Nakamura; S. Kokubun; Toshifumi Mukai; T. Yamamoto; Kiyofumi Yumoto; J.A. Slavin,CANOPUS,unverified,0,1
10.1016/s0273-1177(99)01053-4,Nowcasting the state of the magnetosphere,2000,Advances in Space Research,Elsevier,Peer-reviewed journal article,Gordon Rostoker,CANOPUS,unverified,0,1
10.1016/s0964-2749(02)80220-7,The application of high latitude ionosphere radars for space weather research,2002,COSPAR Colloquia Series,Elsevier,Book chapter,,SuperDARN_CA; SuperDARN,unverified,0,2
10.1016/s0964-2749(05)80025-3,Types of Auroral-Zone Disturbances: Current Status on Identification and Understanding,2005,COSPAR Colloquia Series,Elsevier,Book chapter,,CANOPUS,unverified,0,1
10.1016/s1364-6826(01)00050-5,Geotail spacecraft observations of plasma flow rotations at magnetic field dipolarization in near-tail during substorm expansion,2001,Journal of Atmospheric and Solar-Terrestrial Physics,Elsevier,Peer-reviewed journal article,D.-Y. Lee; J. H. Seon; K.W. Min; S.H. Bae,CANOPUS,unverified,0,1
10.1016/s1364-6826(01)00052-9,Substorms associated with azimuthal turnings of the interplanetary magnetic field,2001,Journal of Atmospheric and Solar-Terrestrial Physics,Elsevier,Peer-reviewed journal article,S.H. Bae; D.-Y. Lee; Eunah Lee; K.W. Min; K.H. Choi,CANOPUS,unverified,0,1
10.1016/s1364-6826(01)00081-5,The response of the high-latitude ionosphere to IMF variations,2002,Journal of Atmospheric and Solar-Terrestrial Physics,Elsevier,Peer-reviewed journal article,J.M. Ruohoniemi; S.G. Shepherd; R.A. Greenwald,CANOPUS; SuperDARN,unverified,0,2
10.1017/9781108290135.012,The Ionospheric Field,2019,"Geomagnetism, Aeronomy and Space Weather",Cambridge University Press,Book chapter,,REGO,unverified,0,1
10.1017/s1743921312016869,"Astronomy from 80 Degrees North on Ellesmere Island, Canada",2012,Proceedings of the International Astronomical Union,Cambridge University Press (CUP),Peer-reviewed journal article,Eric Steinbring,DNT,unverified,0,1
10.1023/a:1005271728567,Far ultraviolet imaging from the IMAGE spacecraft. 1. System design,2000,Space Science Reviews,Springer Nature,Peer-reviewed journal article,Stephen B. Mende; H. Heetderks; Harald U. Frey; M. Lampton; S. P. Geller; S. Habraken; E. Renotte; C. Jamar; P. Rochus; J. Spann; Stephen A. Fuselier; J.-C. Gerard; R. Gladstone; Sandy Murphree; Leroy Cogger,THEMIS ASI,unverified,0,1
10.1023/a:1025584024886,Some Observational Evidence of Alfven Surface Waves Induced Magnetic Reconnection,2003,Space Science Reviews,Springer Nature,Peer-reviewed journal article,C. Uberoi,SuperDARN,unverified,0,1
10.1029/155gm24,Substorm Associated Spikes in High Energy Particle Precipitation,2013,Geophysical Monograph Series,American Geophysical Union (AGU),Book chapter,Emma Spanswick; Eric Donovan; W. Liu; D. Wallis; A. Aasnes; T. Hiebert; Brian Jackel; M. Henderson; Harald Frey,Single Beam Riometer; CANOPUS; GO_RIO,unverified,0,3
10.1029/169gm06,Global MHD eigenmodes of the outer magnetosphere,2006,Geophysical Monograph Series,American Geophysical Union (AGU),Book chapter,Andrew N. Wright; Ian. R. Mann,SuperDARN_CA; SuperDARN,unverified,0,2
10.1029/1998gl900301,High‐latitude ionospheric convection during strong interplanetary magnetic field <i>B<sub>y</sub></i>,1999,Geophysical Research Letters,American Geophysical Union (AGU),Peer-reviewed journal article,Chao-Song Huang; George J. Sofko; David Murr; W. Jeffrey Hughes; Therese Moretto,CANOPUS,unverified,0,1
10.1029/1998ja900020,SuperDARN observations of quasi‐stationary mesoscale convection vortices in the dayside high‐latitude ionosphere,1998,Journal of Geophysical Research: Space Physics,American Geophysical Union (AGU),Peer-reviewed journal article,Chao-Song Huang; George J. Sofko; Kathryn A. McWilliams; William. A. Bristow; Ray A. Greenwald; Michael C. Kelley,SuperDARN_CA; SuperDARN,unverified,0,2
10.1029/1998ja900037,Coordinated ISTP satellite and ground observations of morningside <i>Pc</i>5 waves,1999,Journal of Geophysical Research: Space Physics,American Geophysical Union (AGU),Peer-reviewed journal article,S. Ohtani; Gordon Rostoker; Kazue Takahashi; V. Angelopoulos; M. Nakamura; C. Waters; Howard Singer; S. Kokubun; K. Tsuruda; W. Jeffrey Hughes; T. A. Potemra; L. J. Zanetti; J. B. Gary; A. T. Y. Lui; D. J. Williams,CANOPUS,unverified,0,1
10.1029/1998ja900100,"A study of omega bands and Ps6 pulsations on the ground, at low altitude and at geostationary orbit",1999,Journal of Geophysical Research: Space Physics,American Geophysical Union (AGU),Peer-reviewed journal article,A. M. Jorgensen; Harlan E. Spence; Terry J. Hughes; D. McDiarmid,CANOPUS,verified,1,1
10.1029/1998ja900117,Simultaneous satellite and ground‐based observations of a discretely driven field line resonance,1999,Journal of Geophysical Research: Space Physics,American Geophysical Union (AGU),Peer-reviewed journal article,Marc R. Lessard; M. K. Hudson; John C. Samson; John R. Wygant,CANOPUS,unverified,0,1
10.1029/1998ja900140,Association between Geotail plasma flows and auroral poleward boundary intensifications observed by CANOPUS photometers,1999,Journal of Geophysical Research: Space Physics,American Geophysical Union (AGU),Peer-reviewed journal article,,CANOPUS,unverified,0,1
10.1029/1999gl003641,Plasma mass density in the plasmatrough: Comparison using ULF waves and CRRES,1999,Geophysical Research Letters,American Geophysical Union (AGU),Peer-reviewed journal article,T. M. Loto'aniu; C. L. Waters; B. J. Fraser; John C. Samson,CANOPUS,unverified,0,1
10.1029/1999gl003692,SuperDARN observations of medium‐scale gravity wave pairs generated by Joule heating in the auroral zone,2000,Geophysical Research Letters,American Geophysical Union (AGU),Peer-reviewed journal article,George J. Sofko; Chao-Song Huang,CANOPUS; SuperDARN_CA,unverified,0,2
10.1029/1999gl010670,"A possible explanation for rapid, large‐scale ionospheric responses to southward turnings of the IMF",1999,Geophysical Research Letters,American Geophysical Union (AGU),Peer-reviewed journal article,S. G. Shepherd; R. A. Greenwald; J. M. Ruohoniemi,SuperDARN,unverified,0,1
10.1029/1999gl010671,Small‐amplitude bipolar flows in the near‐Earth tail,1999,Geophysical Research Letters,American Geophysical Union (AGU),Peer-reviewed journal article,A. A. Petrukovich; J. Wanliss; Toshifumi Mukai; S. Kokubun; T. Yamamoto,CANOPUS,unverified,0,1
10.1029/1999gl010736,Multicomponent plasma distributions in the tail current sheet associated with substorms,2000,Geophysical Research Letters,American Geophysical Union (AGU),Peer-reviewed journal article,LiJen Chen; Davin Larson; R. P. Lin; M. McCarthy; G. Parks,CANOPUS,unverified,0,1
10.1029/1999ja000099,Ionospheric convection response to changes of interplanetary magnetic field <i>B</i><sub><i>z</i></sub> component during strong <i>B</i><sub><i>y</i></sub> component,2000,Journal of Geophysical Research: Space Physics,American Geophysical Union (AGU),Peer-reviewed journal article,Chao-Song Huang; David Murr; George J. Sofko; W. Jeffrey Hughes; Therese Moretto,CANOPUS; SuperDARN_CA,unverified,0,2
10.1029/1999ja000364,Super Dual Auroral Radar Network observations of ionospheric multicell convection during northward interplanetary magnetic field,2000,Journal of Geophysical Research: Space Physics,American Geophysical Union (AGU),Peer-reviewed journal article,,SuperDARN_CA,unverified,0,1
10.1029/1999ja000386,A statistical study of traveling convection vortices using the Magnetometer Array for Cusp and Cleft Studies,2002,Journal of Geophysical Research: Space Physics,American Geophysical Union (AGU),Peer-reviewed journal article,Eftyhia Zesta; W. Jeffrey Hughes; Mark J. Engebretson,CANOPUS,unverified,0,1
10.1029/1999ja000417,Small‐scale vortices in the high‐latitude <i>F</i> region,2000,Journal of Geophysical Research: Space Physics,American Geophysical Union (AGU),Peer-reviewed journal article,Matthias Huber; George J. Sofko,SuperDARN_CA; SuperDARN,unverified,0,2
10.1029/1999ja000442,Large‐scale vortex dynamics in the evening and midnight auroral zone: Observations and simulations,2000,Journal of Geophysical Research: Space Physics,American Geophysical Union (AGU),Peer-reviewed journal article,Igor Voronkov; Eric F. Donovan; Brian J. Jackel; John C. Samson,CANOPUS,unverified,0,1
10.1029/1999ja000602,"Substorm‐associated changes in large‐scale convection during the November 24, 1996, Geospace Environment Modeling event",2001,Journal of Geophysical Research: Space Physics,American Geophysical Union (AGU),Peer-reviewed journal article,L. R. Lyons; J. M. Ruohoniemi; Gang Lu,SuperDARN,unverified,0,1
10.1029/1999ja900030,Simultaneous observations of the July 1996 2‐day wave event using the Super Dual Auroral Radar Network and the High Resolution Doppler Imager,1999,Journal of Geophysical Research: Space Physics,American Geophysical Union (AGU),Peer-reviewed journal article,William. A. Bristow; J.-H. Yee; X. Zhu; R. A. Greenwald,SuperDARN_CA; SuperDARN,unverified,0,2
10.1029/1999ja900203,Latitudinal dynamics of auroral roar emissions,1999,Journal of Geophysical Research: Space Physics,American Geophysical Union (AGU),Peer-reviewed journal article,S. G. Shepherd; James LaBelle; Charles W. Carlson; Gordon Rostoker,CANOPUS,unverified,0,1
10.1029/1999ja900306,"The November 9, 1993, traveling convection vortex event: A case study",1999,Journal of Geophysical Research: Space Physics,American Geophysical Union (AGU),Peer-reviewed journal article,Eftyhia Zesta; W. Jeffrey Hughes; Mark J. Engebretson; Terry J. Hughes; A. J. Lazarus; K. I. Paularena,CANOPUS,unverified,0,1
10.1029/1999ja900357,"Transformation of high‐latitude ionospheric <i>F</i> region patches into blobs during the March 21, 1990, storm",2000,Journal of Geophysical Research: Space Physics,American Geophysical Union (AGU),Peer-reviewed journal article,Geoff Crowley; Aaron J. Ridley; D. Deist; Simon Wing; Delores J. Knipp; B. A. Emery; John Foster; Roderick Heelis; Marc Hairston; B. W. Reinisch,CANOPUS,unverified,0,1
10.1029/1999ja900362,Dynamics of the substorm growth phase as observed using CANOPUS and SuperDARN instruments,1999,Journal of Geophysical Research: Space Physics,American Geophysical Union (AGU),Peer-reviewed journal article,Igor Voronkov; E. Friedrich; John C. Samson,CANOPUS; SuperDARN_CA,unverified,0,2
10.1029/1999ja900367,HF detection of slow long‐lived <i>E</i> region plasma structures,2000,Journal of Geophysical Research: Space Physics,American Geophysical Union (AGU),Peer-reviewed journal article,Periyadan T. Jayachandran; J.-P. St.-Maurice; John W. MacDougall; D. R. Moorcroft,SuperDARN_CA; SuperDARN,unverified,0,2
10.1029/1999ja900428,Field‐aligned currents in the polar cap at small IMF <i>B<sub>z</sub></i> and <i>B<sub>y</sub></i> inferred from SuperDARN radar observations,2000,Journal of Geophysical Research: Space Physics,American Geophysical Union (AGU),Peer-reviewed journal article,A. V. Kustov; W. B. Lyatsky; George J. Sofko; L. Xu,SuperDARN,unverified,0,1
10.1029/1999ja900460,Dynamical effects of geomagnetic storms and substorms in the middle‐latitude ionosphere: An observational campaign,2000,Journal of Geophysical Research: Space Physics,American Geophysical Union (AGU),Peer-reviewed journal article,,CANOPUS,unverified,0,1
10.1029/1999ja900475,High‐latitude ionospheric response to a sudden impulse event during northward IMF conditions,2000,Journal of Geophysical Research: Space Physics,American Geophysical Union (AGU),Peer-reviewed journal article,Therese Moretto; Aaron J. Ridley; Mark J. Engebretson; O. Rasmussen,CANOPUS,unverified,0,1
10.1029/2000gl000027,The auroral signature of earthward flow bursts observed in the magnetotail,2000,Geophysical Research Letters,American Geophysical Union (AGU),Peer-reviewed journal article,Eftyhia Zesta; Lawrence R. Lyons; Eric Donovan,CANOPUS,unverified,0,1
10.1029/2000gl003745,Eastward convection jet at the poleward boundary of the nightside auroral oval,2000,Geophysical Research Letters,American Geophysical Union (AGU),Peer-reviewed journal article,Hamza A. M.; Matthias Huber; W. Lyatsky; A. V. Kustov; D. Andre; George Sofko,SuperDARN_CA; SuperDARN,unverified,0,2
10.1029/2000gl003801,Hemispheric asymmetries in ionospheric electrodynamics during the solar wind void of 11 May 1999,2000,Geophysical Research Letters,American Geophysical Union (AGU),Peer-reviewed journal article,Delores J. Knipp; C.-H. Lin; B. A. Emery; J. M. Ruohoniemi; Frederick J. Rich; D. S. Evans,SuperDARN,unverified,0,1
10.1029/2000ja000028,"Simultaneous observations of lower thermospheric composition change during moderate auroral activity from Kangerlussuaq and Narsarsuaq, Greenland",2000,Journal of Geophysical Research: Space Physics,American Geophysical Union (AGU),Peer-reviewed journal article,James H. Hecht; D. L. McKenzie; A. B. Christensen; D. J. Strickland; J. P. Thayer; Juergen Watermann,CANOPUS,unverified,0,1
10.1029/2000ja000142,Spatial structure of the cusp/cleft ion fountain: A case study using a magnetic conjugacy between Interball AP and a pair of SuperDARN radars,2001,Journal of Geophysical Research: Space Physics,American Geophysical Union (AGU),Peer-reviewed journal article,N. Dubouloz; Mehdi Bouhram; C. Senior; D. Delcourt; M. Malingre; J.-A. Sauvaud,SuperDARN_CA; SuperDARN,unverified,0,2
10.1029/2000ja000158,"Flow bursts, braking, and Pi2 pulsations",2001,Journal of Geophysical Research: Space Physics,American Geophysical Union (AGU),Peer-reviewed journal article,L. Kepko; Margaret G. Kivelson; Kiyofumi Yumoto,CANOPUS,verified,1,1
10.1029/2000ja000163,Evolution of ionospheric multicell convection during northward interplanetary magnetic field with |<i>B<sub>z</sub></i>/<i>B<sub>y</sub></i>| &gt; 1,2000,Journal of Geophysical Research: Space Physics,American Geophysical Union (AGU),Peer-reviewed journal article,Chao-Song Huang; George J. Sofko; A. V. Koustov; Dieter A. Andre; J. M. Ruohoniemi; R. A. Greenwald; Marc R. Hairston,SuperDARN_CA,unverified,0,1
10.1029/2000ja000171,Electrostatic potential patterns in the high‐latitude ionosphere constrained by SuperDARN measurements,2000,Journal of Geophysical Research: Space Physics,American Geophysical Union (AGU),Peer-reviewed journal article,S. G. Shepherd; J. M. Ruohoniemi,SuperDARN,unverified,0,1
10.1029/2000ja000178,On the use of photometer data to map dynamics of the magnetotail current sheet during substorm growth phase,2000,Journal of Geophysical Research: Space Physics,American Geophysical Union (AGU),Peer-reviewed journal article,J. A. Wanliss; John C. Samson; E. Friedrich,CANOPUS,unverified,0,1
10.1029/2000ja000217,"The response of the high‐latitude ionosphere to the coronal mass ejection event of April 6, 2000: A practical demonstration of space weather nowcasting with the Super Dual Auroral Radar Network HF radars",2001,Journal of Geophysical Research: Space Physics,American Geophysical Union (AGU),Peer-reviewed journal article,J. M. Ruohoniemi; R. J. Barnes; R. A. Greenwald; S. G. Shepherd,SuperDARN,unverified,0,1
10.1029/2000ja000281,Spatial structure of ULF waves: Comparison of magnetometer and Super Dual Auroral Radar Network data,2001,Journal of Geophysical Research: Space Physics,American Geophysical Union (AGU),Peer-reviewed journal article,Pavlo V. Ponomarenko; C. L. Waters; M. D. Sciffer; B. J. Fraser; John C. Samson,CANOPUS; SuperDARN_CA; SuperDARN,unverified,0,3
10.1029/2000ja000292,Dynamics of the substorm expansive phase,2001,Journal of Geophysical Research: Space Physics,American Geophysical Union (AGU),Peer-reviewed journal article,E. Friedrich; John C. Samson; Igor Voronkov; Gordon Rostoker,CANOPUS,unverified,0,1
10.1029/2000ja000314,Magnetic impulse event: A detailed case study of extended ground and space observations,2001,Journal of Geophysical Research: Space Physics,American Geophysical Union (AGU),Peer-reviewed journal article,Ryuho Kataoka; H. Fukunishi; L. J. Lanzerotti; C. G. Maclennan; Harald U. Frey; Stephen B. Mende; J. H. Doolittle; T. J. Rosenberg; Allan T. Weatherwax,CANOPUS,unverified,0,1
10.1029/2000ja000400,Storm‐substorm relationship: Contribution of the tail current to <i>Dst</i>,2001,Journal of Geophysical Research: Space Physics,American Geophysical Union (AGU),Peer-reviewed journal article,S. Ohtani; Masahito Nosé; Gordon Rostoker; Howard Singer; A. T. Y. Lui; M. Nakamura,CANOPUS,unverified,0,1
10.1029/2000ja000603,"Global MHD simulation of the magnetosphere for November 24, 1996",2001,Journal of Geophysical Research: Space Physics,American Geophysical Union (AGU),Peer-reviewed journal article,S. P. Slinker; J. A. Fedder; J. M. Ruohoniemi; J. G. Lyon,SuperDARN,unverified,0,1
10.1029/2000ja000606,An investigation of the influence of data and model inputs on assimilative mapping of ionospheric electrodynamics,2001,Journal of Geophysical Research: Space Physics,American Geophysical Union (AGU),Peer-reviewed journal article,Gang Lu; Arthur D. Richmond; J. M. Ruohoniemi; R. A. Greenwald; Marc Hairston; Frederick J. Rich; D. S. Evans,SuperDARN,unverified,0,1
10.1029/2000ja002233,Using steady state MHD results to predict the global state of the magnetosphere‐ionosphere system,2001,Journal of Geophysical Research: Space Physics,American Geophysical Union (AGU),Peer-reviewed journal article,Aaron J. Ridley; D. L. De Zeeuw; Tamas I. Gombosi; K. G. Powell,CANOPUS,unverified,0,1
10.1029/2000ja003020,Plasma sheet dynamics observed by the Polar spacecraft in association with substorm onsets,2001,Journal of Geophysical Research: Space Physics,American Geophysical Union (AGU),Peer-reviewed journal article,P. K. Toivanen; Daniel N. Baker; William K. Peterson; X. Li; Eric F. Donovan; Ari Viljanen; Andreas Keiling; John R. Wygant; C. A. Kletzing,CANOPUS,verified,1,1
10.1029/2000ja900076,Poleward progressing quasiperiodic disturbances at cusp latitudes: The role of wave processes,2000,Journal of Geophysical Research: Space Physics,American Geophysical Union (AGU),Peer-reviewed journal article,V. A. Pilipenko; Evgeniy N. Fedorov; Mark J. Engebretson; V. O. Papitashvili; J. F. Watermann,CANOPUS,unverified,0,1
10.1029/2000ja900134,A case study test of Araki's physical model of geomagnetic sudden commencement,2001,Journal of Geophysical Research: Space Physics,American Geophysical Union (AGU),Peer-reviewed journal article,M. M. Lam; A. S. Rodger,CANOPUS,unverified,0,1
10.1029/2000ja900192,Long‐period magnetospheric‐ionospheric perturbations during northward interplanetary magnetic field,2001,Journal of Geophysical Research: Space Physics,American Geophysical Union (AGU),Peer-reviewed journal article,Chao-Song Huang; George J. Sofko; A. V. Koustov; John W. MacDougall; R. A. Greenwald; J. M. Ruohoniemi; J. P. Villain; Mark Lester; Juergen Watermann; V. O. Papitashvili; W. Jeffrey Hughes,CANOPUS; SuperDARN_CA; SuperDARN,unverified,0,3
10.1029/2000jd900272,A comparison of northern hemisphere winds using SuperDARN meteor trail and MF radar wind measurements,2000,Journal of Geophysical Research: Atmospheres,American Geophysical Union (AGU),Peer-reviewed journal article,Glenn C. Hussey; Chris E. Meek; Dieter André; Alan H. Manson; George J. Sofko; C. M. Hall,SuperDARN_CA; SuperDARN,unverified,0,2
10.1029/2000rs002558,An evaluation of range accuracy in the Super Dual Auroral Radar Network over‐the‐horizon HF radar systems,2001,Radio Science,American Geophysical Union (AGU),Peer-reviewed journal article,T. K. Yeoman; Darren M. Wright; Alan J. Stocker; T. B. Jones,SuperDARN,unverified,0,1
10.1029/2001gl013281,A new insight on the cause of magnetic storms,2001,Geophysical Research Letters,American Geophysical Union (AGU),Peer-reviewed journal article,A. T. Y. Lui; R. W. McEntire; K. B. Baker,SuperDARN,unverified,0,1
10.1029/2001gl014583,Multiple auroral brightenings and associated Pi 2 pulsations,2002,Geophysical Research Letters,American Geophysical Union (AGU),Peer-reviewed journal article,Kazuo Shiokawa; Kiyofumi Yumoto; J. V. Olson,CANOPUS,unverified,0,1
10.1029/2001ja000024,Ion acoustic HF radar echoes at high latitudes and far ranges,2001,Journal of Geophysical Research: Space Physics,American Geophysical Union (AGU),Peer-reviewed journal article,P. J. Lacroix; D. R. Moorcroft,SuperDARN,unverified,0,1
10.1029/2001ja000049,Magnetospheric signature of an ionospheric traveling convection vortex event,2002,Journal of Geophysical Research: Space Physics,American Geophysical Union (AGU),Peer-reviewed journal article,Therese Moretto; Michael Hesse; Aleksandr Yahnin; Akimasa Ieda; David Murr; J. F. Watermann,CANOPUS,unverified,0,1
10.1029/2001ja000091,Ion outflow and associated perpendicular heating in the cusp observed by Interball Auroral Probe and Fast Auroral Snapshot,2002,Journal of Geophysical Research: Space Physics,American Geophysical Union (AGU),Peer-reviewed journal article,Mehdi Bouhram; N. Dubouloz; M. Malingre; J. R. Jasperse; R. Pottelette; C. Senior; D. Delcourt; Charles W. Carlson; I. Roth; Matthieu Berthomier; J.-A. Sauvaud,SuperDARN_CA; SuperDARN,unverified,0,2
10.1029/2001ja000105,Observations of highly correlated near‐simultaneous magnetic field perturbations at contraposed ground stations,2001,Journal of Geophysical Research: Space Physics,American Geophysical Union (AGU),Peer-reviewed journal article,Brian J. Jackel; Paul Eglitis; Eric F. Donovan; Ari T. Viljanen; Don D. Wallis; Leroy L. Cogger; Hermann J. Opgenoorth,CANOPUS,unverified,0,1
10.1029/2001ja000117,Substorm convection patterns observed by the Super Dual Auroral Radar Network,2001,Journal of Geophysical Research: Space Physics,American Geophysical Union (AGU),Peer-reviewed journal article,William. A. Bristow; A. Otto; D. Lummerzheim,SuperDARN,unverified,0,1
10.1029/2001ja000152,Cross polar cap potentials measured with Super Dual Auroral Radar Network during quasi‐steady solar wind and interplanetary magnetic field conditions,2002,Journal of Geophysical Research: Space Physics,American Geophysical Union (AGU),Peer-reviewed journal article,S. G. Shepherd; R. A. Greenwald; J. M. Ruohoniemi,SuperDARN,unverified,0,1
10.1029/2001ja000166,Geotail observations of low‐frequency waves and high‐speed earthward flows during substorm onsets in the near magnetotail from 10 to 13 <i>R</i><sub><i>E</i></sub>,2002,Journal of Geophysical Research: Space Physics,American Geophysical Union (AGU),Peer-reviewed journal article,K. Sigsbee; Cynthia A. Cattell; D. Fairfield; K. Tsuruda; S. Kokubun,CANOPUS,unverified,0,1
10.1029/2001ja000242,Auroral poleward boundary intensifications and tail bursty flows: A manifestation of a large‐scale ULF oscillation?,2002,Journal of Geophysical Research: Space Physics,American Geophysical Union (AGU),Peer-reviewed journal article,L. R. Lyons; Eftyhia Zesta; Yihao Xu; E. R. Sánchez; John C. Samson; G. D. Reeves; J. M. Ruohoniemi; J. B. Sigwarth,SuperDARN,unverified,0,1
10.1029/2001ja000257,Field line resonances in a stretched magnetotail: CANOPUS optical and magnetometer observations,2002,Journal of Geophysical Research: Space Physics,American Geophysical Union (AGU),Peer-reviewed journal article,J. A. Wanliss; Robert Rankin; John C. Samson; V. T. Tikhonchuk,CANOPUS,verified,1,1
10.1029/2001ja000260,Two‐dimensional structure of auroral poleward boundary intensifications,2002,Journal of Geophysical Research: Space Physics,American Geophysical Union (AGU),Peer-reviewed journal article,Eftyhia Zesta; Eric Donovan; Larry Lyons; G. Enno; J. S. Murphree; Leroy Cogger,CANOPUS,unverified,0,1
10.1029/2001ja000268,Multifrequency measurements of HF Doppler velocity in the auroral <i>E</i> region,2002,Journal of Geophysical Research: Space Physics,American Geophysical Union (AGU),Peer-reviewed journal article,R. A. Makarevitch; A. V. Koustov; George J. Sofko; Dieter André; Tadahiko Ogawa,SuperDARN_CA; SuperDARN,unverified,0,2
10.1029/2001ja009025,Effects of solar wind variations on the midlatitude ionosphere,2002,Journal of Geophysical Research: Space Physics,American Geophysical Union (AGU),Peer-reviewed journal article,Chao-Song Huang; John C. Foster; Philip J. Erickson,CANOPUS,unverified,0,1
10.1029/2001ja009124,Ionospheric signatures of split reconnection X‐lines during conditions of IMF <i>B</i><sub><i>z</i></sub> &lt; 0 and |<i>B</i><sub><i>y</i></sub>| ∼ |<i>B</i><sub><i>z</i></sub>|: Evidence for the antiparallel merging hypothesis,2002,Journal of Geophysical Research: Space Physics,American Geophysical Union (AGU),Peer-reviewed journal article,Gareth Chisham; I. J. Coleman; Mervyn. P. Freeman; Mike Pinnock; Mark Lester,SuperDARN,unverified,0,1
10.1029/2001ja009198,Ground‐based optical determination of the b2i boundary: A basis for an optical MT‐index,2003,Journal of Geophysical Research: Space Physics,American Geophysical Union (AGU),Peer-reviewed journal article,Eric F. Donovan; Brian J. Jackel; Igor Voronkov; T. Sotirelis; Fokke Creutzberg; N. A. Nicholson,CANOPUS,unverified,0,1
10.1029/2001ja900049,Observations of two complete substorm cycles during the Cassini Earth swing‐by: Cassini magnetometer data in a global context,2001,Journal of Geophysical Research: Space Physics,American Geophysical Union (AGU),Peer-reviewed journal article,H. Khan; S. W. H. Cowley; E. Kolesnikova; Mark Lester; M. J. Brittnacher; Terry J. Hughes; W. Jeffrey Hughes; W. S. Kurth; D. J. McComas; L. Newitt; C. J. Owen; G. D. Reeves; Howard J. Singer; Charles W. Smith; D. J. Southwood; J. F. Watermann,SuperDARN,unverified,0,1
10.1029/2001ja900080,Source of field‐aligned irregularities in the subauroral <i>F</i> region as observed by the SuperDARN radars,2001,Journal of Geophysical Research: Space Physics,American Geophysical Union (AGU),Peer-reviewed journal article,Keisuke Hosokawa; Toshihiko Iyemori; Akira Sessai Yukimatu; Natsuo Sato,SuperDARN_CA; SuperDARN,unverified,0,2
10.1029/2001ja900095,A study of the dusk convection cell's response to an IMF southward turning,2002,Journal of Geophysical Research: Space Physics,American Geophysical Union (AGU),Peer-reviewed journal article,Nozomu Nishitani; Tadahiko Ogawa; Natsuo Sato; Hisao Yamagishi; Mike Pinnock; Jean-Paul Villain; George Sofko; Oleg Troshichev,SuperDARN_CA; SuperDARN,unverified,0,2
10.1029/2001rs002550,Characterization of frequency effect in SuperDARN spectral width distributions,2003,Radio Science,American Geophysical Union (AGU),Peer-reviewed journal article,X. Vallières; J.-P. Villain; R. André,SuperDARN,unverified,0,1
10.1029/2002gl015426,Testing the Hill model of transpolar potential with Super Dual Auroral Radar Network observations,2003,Geophysical Research Letters,American Geophysical Union (AGU),Peer-reviewed journal article,S. G. Shepherd; J. M. Ruohoniemi; R. A. Greenwald,SuperDARN,unverified,0,1
10.1029/2002ja009242,"Detailed analysis of substorm observations using SuperDARN, UVI, ground‐based magnetometers, and all‐sky imagers",2003,Journal of Geophysical Research: Space Physics,American Geophysical Union (AGU),Peer-reviewed journal article,William. A. Bristow; George J. Sofko; H. C. Stenbaek-Nielsen; S. Wei; D. Lummerzheim; A. Otto,CANOPUS; SuperDARN_CA; SuperDARN,partially_verified,1,3
10.1029/2002ja009261,Ionospheric convection in the postnoon auroral oval: Super Dual Auroral Radar Network (SuperDARN) and polar ultraviolet imager (UVI) observations,2002,Journal of Geophysical Research: Space Physics,American Geophysical Union (AGU),Peer-reviewed journal article,A. Kozlovsky; Alexander Koustov; W. Lyatsky; J. Kangas; G. Parks; D. Chua,SuperDARN,unverified,0,1
10.1029/2002ja009314,Observations of the phases of the substorm,2003,Journal of Geophysical Research: Space Physics,American Geophysical Union (AGU),Peer-reviewed journal article,I. O. Voronkov; Eric F. Donovan; John C. Samson,CANOPUS,unverified,0,1
10.1029/2002ja009317,Relation of substorm breakup arc to other growth‐phase auroral arcs,2002,Journal of Geophysical Research: Space Physics,American Geophysical Union (AGU),Peer-reviewed journal article,L. R. Lyons; I. O. Voronkov; Eric F. Donovan; Eftyhia Zesta,CANOPUS,unverified,0,1
10.1029/2002ja009402,A statistical analysis of ionospheric velocity and magnetic field power spectra at the time of pulsed ionospheric flows,2002,Journal of Geophysical Research: Space Physics,American Geophysical Union (AGU),Peer-reviewed journal article,Gary A. Abel; Mervyn. P. Freeman,SuperDARN,unverified,0,1
10.1029/2002ja009416,Simultaneous measurement of duskside subauroral irregularities from the CUTLASS Finland radar and EISCAT UHF system,2002,Journal of Geophysical Research: Space Physics,American Geophysical Union (AGU),Peer-reviewed journal article,Keisuke Hosokawa; M. Sugino; Mark Lester; Natsuo Sato; Akira Sessai Yukimatu; Toshihiko Iyemori,CANOPUS; SuperDARN,unverified,0,2
10.1029/2002ja009459,Traveling convection vortices induced by solar wind tangential discontinuities,2002,Journal of Geophysical Research: Space Physics,American Geophysical Union (AGU),Peer-reviewed journal article,Ryuho Kataoka; H. Fukunishi; L. J. Lanzerotti; T. J. Rosenberg; Allan T. Weatherwax; Mark J. Engebretson; Juergen Watermann,CANOPUS,unverified,0,1
10.1029/2002ja009465,Global magnetospheric‐ionospheric oscillations initiated by a solar wind pressure impulse,2003,Journal of Geophysical Research: Space Physics,American Geophysical Union (AGU),Peer-reviewed journal article,Chao-Song Huang; John C. Foster; G. D. Reeves; Juergen Watermann; J. H. Sastri; Kiyofumi Yumoto; P. Song,CANOPUS,unverified,0,1
10.1029/2002ja009608,Midlatitude ionospheric disturbances during magnetic storms and substorms,2003,Journal of Geophysical Research: Space Physics,American Geophysical Union (AGU),Peer-reviewed journal article,Chao-Song Huang; John C. Foster; L. P. Goncharenko; George J. Sofko; Joseph E. Borovsky; Frederick J. Rich,CANOPUS,unverified,0,1
10.1029/2002ja009670,Observations of dayside convection reduction leading to substorm onset,2003,Journal of Geophysical Research: Space Physics,American Geophysical Union (AGU),Peer-reviewed journal article,L. R. Lyons; Siqing Liu; J. M. Ruohoniemi; Stepan I. Solovyev; John C. Samson,SuperDARN,unverified,0,1
10.1029/2002ja009681,SuperDARN observations of the Harang discontinuity during steady magnetospheric convection,2003,Journal of Geophysical Research: Space Physics,American Geophysical Union (AGU),Peer-reviewed journal article,J. M. Hughes; William. A. Bristow,SuperDARN,unverified,0,1
10.1029/2002ja009696,Dynamical response of the magnetosphere‐ionosphere system to a solar wind dynamic pressure oscillation,2003,Journal of Geophysical Research: Space Physics,American Geophysical Union (AGU),Peer-reviewed journal article,Tetsuo Motoba; Takashi Kikuchi; Takashi Okuzawa; Kiyofumi Yumoto,SuperDARN,unverified,0,1
10.1029/2002ja009801,A comprehensive survey of auroral latitude Pc5 pulsation characteristics,2003,Journal of Geophysical Research: Space Physics,American Geophysical Union (AGU),Peer-reviewed journal article,Gregory J. Baker; Eric F. Donovan; Brian J. Jackel,CANOPUS,unverified,0,1
10.1029/2003gl017668,Direct measurements of the ionospheric convection variability near the cusp/throat,2003,Geophysical Research Letters,American Geophysical Union (AGU),Peer-reviewed journal article,S. G. Shepherd; J. M. Ruohoniemi; R. A. Greenwald,SuperDARN,unverified,0,1
10.1029/2003gl018772,SuperDARN observations of ionospheric heater–induced upper hybrid waves,2003,Geophysical Research Letters,American Geophysical Union (AGU),Peer-reviewed journal article,J. M. Hughes; William. A. Bristow; R. T. Parris; E. Lundell,SuperDARN,unverified,0,1
10.1029/2003gl018878,"Convection dynamics and driving mechanism of a small substorm during dominantly IMF By+, Bz+ conditions",2004,Geophysical Research Letters,American Geophysical Union (AGU),Peer-reviewed journal article,Jun Liang; George J. Sofko; Eric F. Donovan; Masakazu Watanabe; R. A. Greenwald,SuperDARN,unverified,0,1
10.1029/2003ja009881,Ring current intensification and convection‐driven negative bays: Multisatellite studies,2003,Journal of Geophysical Research: Space Physics,American Geophysical Union (AGU),Peer-reviewed journal article,X.-Y. Zhou; B. T. Tsurutani; G. Reeves; Gordon Rostoker; W. Sun; J. M. Ruohoniemi; Y. Kamide; A. T. Y. Lui; G. K. Parks; W. D. Gonzalez; J. K. Arballo,SuperDARN,unverified,0,1
10.1029/2003ja009910,Comparison of dayside magnetic separatrix signatures in HF and incoherent scatter radar data,2003,Journal of Geophysical Research: Space Physics,American Geophysical Union (AGU),Peer-reviewed journal article,G. T. Blanchard; C. L. Ellington; K. B. Baker,SuperDARN,unverified,0,1
10.1029/2003ja009912,Conjugate comparison of Super Dual Auroral Radar Network and Cluster electron drift instrument measurements of <b>E</b> × <b>B</b> plasma drift,2004,Journal of Geophysical Research: Space Physics,American Geophysical Union (AGU),Peer-reviewed journal article,Joseph Benjamin Harold Baker; R. A. Greenwald; J. M. Ruohoniemi; Matthias Förster; G. Paschmann; Eric F. Donovan; Nikolai A. Tsyganenko; J. M. Quinn; A. Balogh,CANOPUS; SuperDARN,unverified,0,2
10.1029/2003ja009944,Polar cap bifurcation during steady‐state northward interplanetary magnetic field with ∣<i>B</i><sub><i>Y</i></sub>∣ ∼ <i>B</i><sub><i>Z</i></sub>,2004,Journal of Geophysical Research: Space Physics,American Geophysical Union (AGU),Peer-reviewed journal article,Masakazu Watanabe; George J. Sofko; Dieter A. André; Takashi Tanaka; Marc R. Hairston,SuperDARN,unverified,0,1
10.1029/2003ja009992,Periodic magnetospheric substorms: Multiple space‐based and ground‐based instrumental observations,2003,Journal of Geophysical Research: Space Physics,American Geophysical Union (AGU),Peer-reviewed journal article,Chao-Song Huang; John C. Foster; G. D. Reeves; Guan Le; Harald U. Frey; Craig J. Pollock; J.-M. Jahn,CANOPUS,unverified,0,1
10.1029/2003ja010048,Unusual ionospheric echoes with high velocity and very low spectral width observed by the SuperDARN radars in the polar cap during high geomagnetic activity,2004,Journal of Geophysical Research: Space Physics,American Geophysical Union (AGU),Peer-reviewed journal article,Nozomu Nishitani; Mark Lester; Steve E. Milan; Tadahiko Ogawa; Natsuo Sato; Hisao Yamagishi; Akira Sessai Yukimatu; Frederick J. Rich,SuperDARN,verified,1,1
10.1029/2003ja010177,Substorm inner plasma sheet particle reduction,2003,Journal of Geophysical Research: Space Physics,American Geophysical Union (AGU),Peer-reviewed journal article,L. R. Lyons; C.-P. Wang; Tsugunobu Nagai; Toshifumi Mukai; Yoshifumi Saito; John C. Samson,CANOPUS,unverified,0,1
10.1029/2003ja010200,On the spatial and temporal relationship between auroral intensification and flow enhancement in a pseudosubstorm event,2004,Journal of Geophysical Research: Space Physics,American Geophysical Union (AGU),Peer-reviewed journal article,Jun Liang; George J. Sofko; Eric F. Donovan,CANOPUS,unverified,0,1
10.1029/2003ja010285,Relative timing of substorm onset phenomena,2004,Journal of Geophysical Research: Space Physics,American Geophysical Union (AGU),Peer-reviewed journal article,L. Kepko; Margaret G. Kivelson; Robert L. McPherron; Harlan E. Spence,CANOPUS,unverified,0,1
10.1029/2003ja010307,Modeling the observed proton aurora and ionospheric convection responses to changes in the IMF clock angle: 2. Persistence of ionospheric convection,2006,Journal of Geophysical Research: Space Physics,American Geophysical Union (AGU),Peer-reviewed journal article,M. Lockwood; B. S. Lanchester; S. K. Morley; K. Throp; S. E. Milan; Mark Lester; Harald U. Frey,SuperDARN,unverified,0,1
10.1029/2003ja010337,Seasonal variation of HF radar <i>F</i> region echo occurrence in the midnight sector,2004,Journal of Geophysical Research: Space Physics,American Geophysical Union (AGU),Peer-reviewed journal article,A. V. Koustov; George J. Sofko; Dieter André; Donald W. Danskin; L. V. Benkevitch,SuperDARN_CA; SuperDARN,unverified,0,2
10.1029/2004gl019613,SuperDARN observations of spectral enhancements excited during an ionospheric heating experiment,2004,Geophysical Research Letters,American Geophysical Union (AGU),Peer-reviewed journal article,J. M. Hughes; William. A. Bristow; R. T. Parris,SuperDARN,unverified,0,1
10.1029/2004gl021644,GPS TEC and scintillation measurements from the polar ionosphere during the October 2003 storm,2005,Geophysical Research Letters,American Geophysical Union (AGU),Peer-reviewed journal article,Cathryn N. Mitchell; Lucilla Alfonsi; Giorgiana De Franceschi; Mark Lester; Vincenzo Romano; A. W. Wernik,SuperDARN,unverified,0,1
10.1029/2004ja010378,Magnetic field fluctuations during substorm‐associated dipolarizations in the nightside plasma sheet around <i>X</i> = −10 <i>R</i><sub><i>E</i></sub>,2005,Journal of Geophysical Research: Space Physics,American Geophysical Union (AGU),Peer-reviewed journal article,Kazuo Shiokawa; Iku Shinohara; Toshifumi Mukai; H. Hayakawa; Chio-Zong Cheng,CANOPUS,unverified,0,1
10.1029/2004ja010499,"Maps of precipitation by source region, binned by IMF, with inertial convection streamlines",2004,Journal of Geophysical Research: Space Physics,American Geophysical Union (AGU),Peer-reviewed journal article,Patrick T. Newell; J. M. Ruohoniemi; C.-I. Meng,SuperDARN,unverified,0,1
10.1029/2004ja010553,Equatorward expansion of the westward electrojet during magnetically disturbed periods,2005,Journal of Geophysical Research: Space Physics,American Geophysical Union (AGU),Peer-reviewed journal article,B.-H. Ahn; G. X. Chen; W. Sun; Jesper W. Gjerloev; Y. Kamide; J. B. Sigwarth; L. A. Frank,CANOPUS,verified,1,1
10.1029/2004ja010722,Reconnection sites of spatial cusp structures,2005,Journal of Geophysical Research: Space Physics,American Geophysical Union (AGU),Peer-reviewed journal article,Karlheinz J. Trattner; Stephen A. Fuselier; Steven M. Petrinec; T. K. Yeoman; C. Mouikis; H. Kucharek; Henri Reme,SuperDARN,unverified,0,1
10.1029/2004ja010732,Comparison of SuperDARN radar boundaries with DMSP particle precipitation boundaries,2005,Journal of Geophysical Research: Space Physics,American Geophysical Union (AGU),Peer-reviewed journal article,T. Sotirelis; J. M. Ruohoniemi; R. J. Barnes; Patrick T. Newell; R. A. Greenwald; J. P. Skura; C.-I. Meng,SuperDARN,unverified,0,1
10.1029/2004ja010735,Observations of ionospheric plasma flows within theta auroras,2005,Journal of Geophysical Research: Space Physics,American Geophysical Union (AGU),Peer-reviewed journal article,Kan Liou; J. M. Ruohoniemi; Patrick T. Newell; Ray Greenwald; C.-I. Meng; Marc R. Hairston,SuperDARN,unverified,0,1
10.1029/2004ja010815,"Dependencies of high‐latitude plasma convection: Consideration of interplanetary magnetic field, seasonal, and universal time factors in statistical patterns",2005,Journal of Geophysical Research: Space Physics,American Geophysical Union (AGU),Peer-reviewed journal article,J. M. Ruohoniemi; R. A. Greenwald,SuperDARN_CA; SuperDARN,unverified,0,2
10.1029/2004ja010832,Internal reconnection for northward interplanetary magnetic field,2005,Journal of Geophysical Research: Space Physics,American Geophysical Union (AGU),Peer-reviewed journal article,Masakazu Watanabe; Konstantin Kabin; George J. Sofko; Robert Rankin; Tamas I. Gombosi; Aaron J. Ridley; C. Robert Clauer,SuperDARN_CA; SuperDARN,unverified,0,2
10.1029/2004ja010919,Magnetospheric field‐line resonances: Ground‐based observations and modeling,2005,Journal of Geophysical Research: Space Physics,American Geophysical Union (AGU),Peer-reviewed journal article,Robert Rankin; Konstantin Kabin; J. Y. Lu; Ian. R. Mann; Richard Marchand; I. Jonathan Rae; V. T. Tikhonchuk; Eric F. Donovan,CANOPUS,unverified,0,1
10.1029/2004ja010962,Ionospheric signatures of plasma injections in the cusp triggered by solar wind pressure pulses,2005,Journal of Geophysical Research: Space Physics,American Geophysical Union (AGU),Peer-reviewed journal article,Jean-Claude Cerisier; Aurélie Marchaudon; Jean-Michel Bosqued; Kathryn McWilliams; Harald U. Frey; Mehdi Bouhram; Harri Laakso; Malcolm Dunlop; Matthias Förster; Andrew Fazakerley,SuperDARN_CA; SuperDARN,unverified,0,2
10.1029/2004ja010980,Modulation of dayside reconnection during northward interplanetary magnetic field,2005,Journal of Geophysical Research: Space Physics,American Geophysical Union (AGU),Peer-reviewed journal article,G. Provan; Mark Lester; S. W. H. Cowley; Adrian Grocott; S. E. Milan; B. Hubert; H. Khan,SuperDARN,unverified,0,1
10.1029/2005gl022788,Extraction of polar mesosphere summer echoes from SuperDARN data,2005,Geophysical Research Letters,American Geophysical Union (AGU),Peer-reviewed journal article,Keisuke Hosokawa; Tadahiko Ogawa; N. F. Arnold; Mark Lester; Natsuo Sato; Akira Sessai Yukimatu,SuperDARN,unverified,0,1
10.1029/2005gl025020,Neutral atom emission in the direction of the high‐latitude magnetopause for northward IMF: Simultaneous observations from IMAGE spacecraft and SuperDARN radar,2006,Geophysical Research Letters,American Geophysical Union (AGU),Peer-reviewed journal article,Satoshi Taguchi; Keisuke Hosokawa; A. Nakao; M. R. Collier; Thomas E. Moore; A. Yamazaki; Natsuo Sato; Akira Sessai Yukimatu,SuperDARN_CA; SuperDARN,unverified,0,2
10.1029/2005ja011007,Evolution and characteristics of global Pc5 ULF waves during a high solar wind speed interval,2005,Journal of Geophysical Research: Space Physics,American Geophysical Union (AGU),Peer-reviewed journal article,I. Jonathan Rae; Eric F. Donovan; Ian. R. Mann; Frances R. Fenrich; Clare E. J. Watt; David K. Milling; Mark Lester; Benoit Lavraud; James A. Wild; Howard J. Singer; H. Rème; A. Balogh,SuperDARN_CA; SuperDARN; CARISMA,unverified,0,3
10.1029/2005ja011140,Dayside and nightside reconnection rates inferred from IMAGE FUV and Super Dual Auroral Radar Network data,2006,Journal of Geophysical Research: Space Physics,American Geophysical Union (AGU),Peer-reviewed journal article,B. Hubert; S. E. Milan; Adrian Grocott; C. Blockx; S. W. H. Cowley; J.-C. Gérard,SuperDARN,unverified,0,1
10.1029/2005ja011167,The influence of asymmetric ionospheric Pedersen conductances on the field‐aligned phase variation of guided toroidal and guided poloidal Alfvén waves,2005,Journal of Geophysical Research: Space Physics,American Geophysical Union (AGU),Peer-reviewed journal article,Louis G. Ozeke; Ian. R. Mann; J. T. Mathews,CANOPUS,unverified,0,1
10.1029/2005ja011346,Perturbations of midlatitude subionospheric VLF signals associated with lower ionospheric disturbances during major geomagnetic storms,2006,Journal of Geophysical Research: Space Physics,American Geophysical Union (AGU),Peer-reviewed journal article,W. B. Peter; M. W. Chevalier; U. S. Inan,CARISMA; GO_RIO,unverified,0,2
10.1029/2005ja011355,Radial diffusion of relativistic electrons into the radiation belt slot region during the 2003 Halloween geomagnetic storms,2006,Journal of Geophysical Research: Space Physics,American Geophysical Union (AGU),Peer-reviewed journal article,T. M. Loto'aniu; Ian. R. Mann; Louis G. Ozeke; Anthony A. Chan; Z. C. Dent; David K. Milling,CARISMA,unverified,0,1
10.1029/2005ja011356,Observations of nightside magnetic reconnection during substorm growth and expansion phases,2006,Journal of Geophysical Research: Space Physics,American Geophysical Union (AGU),Peer-reviewed journal article,M. M. Lam; Mike Pinnock; Eric F. Donovan,SuperDARN_CA; SuperDARN,unverified,0,2
10.1029/2005ja011366,Substorms during the 10–11 August 2000 sawtooth event,2006,Journal of Geophysical Research: Space Physics,American Geophysical Union (AGU),Peer-reviewed journal article,Michael G. Henderson; R. Skoug; Eric Donovan; M. F. Thomsen; G. D. Reeves; Michael H. Denton; Howard J. Singer; Robert L. McPherron; Stephen B. Mende; T. J. Immel; J. B. Sigwarth; L. A. Frank,CANOPUS,unverified,0,1
10.1029/2005ja011446,Ionospheric signatures of internal reconnection for northward interplanetary magnetic field: Observation of “reciprocal cells” and magnetosheath ion precipitation,2006,Journal of Geophysical Research: Space Physics,American Geophysical Union (AGU),Peer-reviewed journal article,Masakazu Watanabe; George J. Sofko; Dieter A. André; J. Michael Ruohoniemi; Marc R. Hairston; Konstantin Kabin,SuperDARN_CA; SuperDARN,partially_verified,1,2
10.1029/2005ja011483,Postmidnight convection dynamics during substorm expansion phase,2006,Journal of Geophysical Research: Space Physics,American Geophysical Union (AGU),Peer-reviewed journal article,Jun Liang; George J. Sofko; Harald U. Frey,SuperDARN_CA; SuperDARN,unverified,0,2
10.1029/2005ja011597,Tracking of polar cap ionospheric patches using data assimilation,2007,Journal of Geophysical Research: Space Physics,American Geophysical Union (AGU),Peer-reviewed journal article,Gary S. Bust; Geoff Crowley,SuperDARN_CA; SuperDARN,unverified,0,2
10.1029/2006gl027919,Spatial structure of ionospheric convection velocities in regions of open and closed magnetic field topology,2006,Geophysical Research Letters,American Geophysical Union (AGU),Peer-reviewed journal article,Gary A. Abel; Mervyn. P. Freeman; Gareth Chisham,SuperDARN,unverified,0,1
10.1029/2006gl028329,Ground based identification of dispersionless electron injections,2007,Geophysical Research Letters,American Geophysical Union (AGU),Peer-reviewed journal article,Emma Spanswick; Eric Donovan; Reiner Friedel; A. Korth,CANOPUS; GO_RIO,unverified,0,2
10.1029/2006ja011794,Ground and satellite observations of the evolution of growth phase auroral arcs,2007,Journal of Geophysical Research: Space Physics,American Geophysical Union (AGU),Peer-reviewed journal article,Marc R. Lessard; William Lotko; James LaBelle; W. Peria; Charles W. Carlson; Fokke Creutzberg; Don D. Wallis,CANOPUS,unverified,0,1
10.1029/2006ja011872,Global Pc5 pulsations observed at unusually low L during the great magnetic storm of 24 March 1991,2007,Journal of Geophysical Research: Space Physics,American Geophysical Union (AGU),Peer-reviewed journal article,E.-A. Lee; Ian. R. Mann; T. M. Loto'aniu; Z. C. Dent,CARISMA,unverified,0,1
10.1029/2006ja011952,Role of poleward moving auroral forms in the dawn‐dusk auroral precipitation asymmetries induced by IMF <i>B</i><sub><i>y</i></sub>,2007,Journal of Geophysical Research: Space Physics,American Geophysical Union (AGU),Peer-reviewed journal article,Per Even Sandholt; Charles J. Farrugia,SuperDARN,unverified,0,1
10.1029/2006ja011982,Observations of ionospheric convection from the Wallops SuperDARN radar at middle latitudes,2007,Journal of Geophysical Research: Space Physics,American Geophysical Union (AGU),Peer-reviewed journal article,Joseph Benjamin Harold Baker; R. A. Greenwald; J. M. Ruohoniemi; Kjellmar Oksavik; Jesper W. Gjerloev; Larry J. Paxton; Marc R. Hairston,SuperDARN,unverified,0,1
10.1029/2006ja012115,Remote‐sensing magnetospheric dynamics with riometers: Observation and theory,2007,Journal of Geophysical Research: Space Physics,American Geophysical Union (AGU),Peer-reviewed journal article,Weining William Liu; Jun Liang; Emma Spanswick; Eric F. Donovan,CANOPUS,verified,1,1
10.1029/2006ja012179,Origin of the interhemispheric potential mismatch of merging cells for interplanetary magnetic field <i>B</i><sub><i>Y</i></sub>‐dominated periods,2007,Journal of Geophysical Research: Space Physics,American Geophysical Union (AGU),Peer-reviewed journal article,Masakazu Watanabe; George J. Sofko; Konstantin Kabin; Robert Rankin; Aaron J. Ridley; C. Robert Clauer; Tamas I. Gombosi,SuperDARN_CA; SuperDARN,unverified,0,2
10.1029/2006ja012195,Electrodynamics of magnetosphere‐ionosphere coupling and feedback on magnetospheric field line resonances,2007,Journal of Geophysical Research: Space Physics,American Geophysical Union (AGU),Peer-reviewed journal article,J. Y. Lu; Robert Rankin; Richard Marchand; I. Jonathan Rae; W. Wang; Stanley C. Solomon; Jiuhou Lei,CANOPUS; SuperDARN_CA; SuperDARN,partially_verified,1,3
10.1029/2006ja012225,Continuous quasiperiodic thermospheric waves over Arecibo,2007,Journal of Geophysical Research: Space Physics,American Geophysical Union (AGU),Peer-reviewed journal article,D. J. Livneh; I. Seker; F. T. Djuth; J. D. Mathews,SuperDARN,unverified,0,1
10.1029/2007gl030850,Determination of substorm onset timing and location using the THEMIS ground based observatories,2007,Geophysical Research Letters,American Geophysical Union (AGU),Peer-reviewed journal article,Stephen B. Mende; V. Angelopoulos; Harald U. Frey; Stewart Harris; Eric Donovan; Brian Jackel; M. Syrjaesuo; Christopher T. Russell; I. Mann,THEMIS ASI,unverified,0,1
10.1029/2007gl032164,First radar measurements of ionospheric electric fields at sub‐second temporal resolution,2008,Geophysical Research Letters,American Geophysical Union (AGU),Peer-reviewed journal article,Raymond A. Greenwald; Kjellmar Oksavik; Robin Barnes; J. Michael Ruohoniemi; Joseph Baker; Elsayed R. Talaat,SuperDARN,unverified,0,1
10.1029/2007gl032722,Observation of isolated high‐speed auroral streamers and their interpretation as optical signatures of Alfvén waves generated by bursty bulk flows,2008,Geophysical Research Letters,American Geophysical Union (AGU),Peer-reviewed journal article,Weining William Liu; Jun Liang; Eric F. Donovan; Trond Trondsen; Greg Baker; George Sofko; Brian Jackel; C.-P. Wang; Stephen Mende; Harald U. Frey; V. Angelopoulos,THEMIS ASI,unverified,0,1
10.1029/2007ja012303,A MHD mechanism for the generation of the meridional current system during substorm expansion phase,2007,Journal of Geophysical Research: Space Physics,American Geophysical Union (AGU),Peer-reviewed journal article,Jun Liang; Weining William Liu,SuperDARN,unverified,0,1
10.1029/2007ja012404,Correlative variations of the neutral atom emission in the high‐altitude cusp and the fast anti‐sunward convection in the low‐altitude cusp,2007,Journal of Geophysical Research: Space Physics,American Geophysical Union (AGU),Peer-reviewed journal article,Y. Murata; Satoshi Taguchi; Keisuke Hosokawa; A. Nakao; M. R. Collier; Thomas E. Moore; Natsuo Sato; Hisao Yamagishi; Akira Sessai Yukimatu,SuperDARN,unverified,0,1
10.1029/2007ja012495,On the equatorward motion and fading of proton aurora during substorm growth phase,2007,Journal of Geophysical Research: Space Physics,American Geophysical Union (AGU),Peer-reviewed journal article,Weining William Liu; Eric F. Donovan; Jun Liang; Igor Voronkov; Emma Spanswick; Periyadan T. Jayachandran; Brian Jackel; Mathieu Meurant,CANOPUS,unverified,0,1
10.1029/2007ja012617,First results of a ULF wave injected on open field lines by Space Plasma Exploration by Active Radar (SPEAR),2008,Journal of Geophysical Research: Space Physics,American Geophysical Union (AGU),Peer-reviewed journal article,Lasse Boy Novock Clausen; T. K. Yeoman; Darren M. Wright; T. R. Robinson; R. S. Dhillon; S. C. Gane,CARISMA,unverified,0,1
10.1029/2007ja012641,Two‐dimensional observations of overshielding during a magnetic storm by the Super Dual Auroral Radar Network (SuperDARN) Hokkaido radar,2008,Journal of Geophysical Research: Space Physics,American Geophysical Union (AGU),Peer-reviewed journal article,Yusuke Ebihara; Nozomu Nishitani; Takashi Kikuchi; Tadahiko Ogawa; Keisuke Hosokawa; M.-C. Fok,SuperDARN,unverified,0,1
10.1029/2007ja012749,Global MHD simulation of flux transfer events at the high‐latitude magnetopause observed by the Cluster spacecraft and the SuperDARN radar system,2008,Journal of Geophysical Research: Space Physics,American Geophysical Union (AGU),Peer-reviewed journal article,P. Daum; James A. Wild; T. Penz; E. E. Woodfield; H. Rème; A. N. Fazakerley; P. W. Daly; Mark Lester,SuperDARN,unverified,0,1
10.1029/2007ja012800,Two‐stage oscillatory response of the magnetopause to a tangential discontinuity/vortex sheet followed by northward IMF: Cluster observations,2008,Journal of Geophysical Research: Space Physics,American Geophysical Union (AGU),Peer-reviewed journal article,Charles J. Farrugia; F. T. Gratton; E. J. Lund; Per Even Sandholt; S. W. H. Cowley; Roy B. Torbert; G. Gnavi; Ian. R. Mann; L. Bilbao; C. Mouikis; L. Kistler; Charles W. Smith; Howard J. Singer; J. F. Watermann,CANOPUS; CARISMA,unverified,0,2
10.1029/2007ja012868,"Synthesis of various ionospheric convection patterns for IMF <i>B</i><sub><i>Y</i></sub>‐dominated periods: Split crescent cells, exchange cells, and theta aurora formation",2008,Journal of Geophysical Research: Space Physics,American Geophysical Union (AGU),Peer-reviewed journal article,Masakazu Watanabe; George J. Sofko,SuperDARN_CA; SuperDARN,unverified,0,2
10.1029/2007ja012984,Ground‐based observations during the period between two strong November 2004 storms attributed to steady magnetospheric convection,2008,Journal of Geophysical Research: Space Physics,American Geophysical Union (AGU),Peer-reviewed journal article,J. Manninen; Natalia G. Kleimenova; Olga V. Kozyreva; A. Ranta; Kirsti Kauristie; S. Mäkinen; Tatyana A. Kornilova,SuperDARN,unverified,0,1
10.1029/2007rg000223,Remote sensing of the spatial and temporal structure of magnetopause and magnetotail reconnection from the ionosphere,2008,Reviews of Geophysics,American Geophysical Union (AGU),Peer-reviewed journal article,Gareth Chisham; Mervyn. P. Freeman; Gary A. Abel; M. M. Lam; Mike Pinnock; I. J. Coleman; S. E. Milan; Mark Lester; William. A. Bristow; R. A. Greenwald; George J. Sofko; J.-P. Villain,SuperDARN_CA; SuperDARN,unverified,0,2
10.1029/2007rs003706,A comparison of CADI‐inferred <i>F</i> region plasma convection and DMSP ion drift above Resolute Bay,2007,Radio Science,American Geophysical Union (AGU),Peer-reviewed journal article,A. V. Koustov; John W. MacDougall; G. E. Kadochnikov,SuperDARN_CA; SuperDARN,unverified,0,2
10.1029/2008gl033545,Interplanetary magnetic field control of fast azimuthal flows in the nightside high‐latitude ionosphere,2008,Geophysical Research Letters,American Geophysical Union (AGU),Peer-reviewed journal article,Adrian Grocott; S. E. Milan; T. K. Yeoman,SuperDARN,unverified,0,1
10.1029/2008gl033666,Intensification of preexisting auroral arc at substorm expansion phase onset: Wave‐like disruption during the first tens of seconds,2008,Geophysical Research Letters,American Geophysical Union (AGU),Peer-reviewed journal article,Jun Liang; Eric F. Donovan; Weining William Liu; Brian Jackel; Mikko Syrjäsuo; Stephen B. Mende; Harald U. Frey; V. Angelopoulos; Martin Connors,THEMIS ASI,unverified,0,1
10.1029/2008gl033671,Steady magnetospheric convection selection criteria: Implications of global SuperDARN convection measurements,2008,Geophysical Research Letters,American Geophysical Union (AGU),Peer-reviewed journal article,Kathryn A. McWilliams; J. B. Pfeifer; Robert L. McPherron,SuperDARN_CA; SuperDARN,unverified,0,2
10.1029/2008gl033672,Ionospheric localisation and expansion of long‐period Pi1 pulsations at substorm onset,2008,Geophysical Research Letters,American Geophysical Union (AGU),Peer-reviewed journal article,David K. Milling; I. Jonathan Rae; Ian. R. Mann; Kyle R. Murphy; Andy Kale; Christopher T. Russell; Vassilis Angelopoulos; Stephen Mende,CARISMA,unverified,0,1
10.1029/2008gl033794,Simultaneous THEMIS in situ and auroral observations of a small substorm,2008,Geophysical Research Letters,American Geophysical Union (AGU),Peer-reviewed journal article,Eric Donovan; W. Liu; Jun Liang; Emma Spanswick; Igor Voronkov; Martin Connors; Mikko Syrjäsuo; Greg Baker; Brian Jackel; Trond Trondsen; M. Greffen; V. Angelopoulos; Christopher T. Russell; Stephen B. Mende; Harald U. Frey; Andreas Keiling; Charles W. Carlson; James P. McFadden; K.-H. Glassmeier; Uli Auster; Kanji Hayashi; Kaori Sakaguchi; Kazuo Shiokawa; James A. Wild; I. Jonathan Rae,THEMIS ASI,unverified,0,1
10.1029/2008gl034040,Reverse convection potential saturation during northward IMF,2008,Geophysical Research Letters,American Geophysical Union (AGU),Peer-reviewed journal article,Victoria Wilder; C. Robert Clauer; Joseph Benjamin Harold Baker,SuperDARN,unverified,0,1
10.1029/2008gl034235,Highly periodic stormtime activations observed by THEMIS prior to substorm onset,2008,Geophysical Research Letters,American Geophysical Union (AGU),Peer-reviewed journal article,L. Kepko; Joachim Raeder; V. Angelopoulos; J. McFadden; Davin Larson; H. U. Auster; Werner Magnes; Harald U. Frey; C. Carlson; M. Henderson; Stephen B. Mende; Kiyofumi Yumoto; Howard J. Singer; G. Parks; I. Mann; Christopher T. Russell; Eric Donovan; Robert McPherron,THEMIS ASI,unverified,0,1
10.1029/2008gl034458,Multipoint observations of magnetospheric compression‐related EMIC Pc1 waves by THEMIS and CARISMA,2008,Geophysical Research Letters,American Geophysical Union (AGU),Peer-reviewed journal article,Maria E. Usanova; Ian. R. Mann; I. Jonathan Rae; Z. C. Kale; V. Angelopoulos; John W. Bonnell; K.-H. Glassmeier; H. U. Auster; Howard J. Singer,CARISMA,unverified,0,1
10.1029/2008ja013041,Mapping guided Alfvén wave magnetic field amplitudes observed on the ground to equatorial electric field amplitudes in space,2009,Journal of Geophysical Research: Space Physics,American Geophysical Union (AGU),Peer-reviewed journal article,Louis G. Ozeke; Ian. R. Mann; I. Jonathan Rae,CARISMA,unverified,0,1
10.1029/2008ja013204,HF radar observations of high‐velocity <i>E</i> region echoes from the eastward auroral electrojet,2008,Journal of Geophysical Research: Space Physics,American Geophysical Union (AGU),Peer-reviewed journal article,Roman A. Makarevich,SuperDARN_CA; SuperDARN,unverified,0,2
10.1029/2008ja013322,AKR breakup and auroral particle acceleration at substorm onset,2008,Journal of Geophysical Research: Space Physics,American Geophysical Union (AGU),Peer-reviewed journal article,Akira Morioka; Yoshizumi Miyoshi; Fuminori Tsuchiya; Hiroaki Misawa; Kiyofumi Yumoto; G. K. Parks; R. R. Anderson; J. D. Menietti; Eric F. Donovan; Farideh Honary; Emma Spanswick,THEMIS ASI,unverified,0,1
10.1029/2008ja013426,Role of interchange reconnection in convection at small interplanetary magnetic field clock angles and in transpolar arc motion,2009,Journal of Geophysical Research: Space Physics,American Geophysical Union (AGU),Peer-reviewed journal article,Masakazu Watanabe; George J. Sofko,SuperDARN_CA; SuperDARN,unverified,0,2
10.1029/2008ja013437,Polar rain gradients and field‐aligned polar cap potentials,2008,Journal of Geophysical Research: Space Physics,American Geophysical Union (AGU),Peer-reviewed journal article,D. H. Fairfield; Simon Wing; Patrick T. Newell; J. M. Ruohoniemi; J. T. Gosling; R. M. Skoug,SuperDARN,unverified,0,1
10.1029/2008ja013445,Substorm expansion triggered by a sudden impulse front propagating from the dayside magnetopause,2009,Journal of Geophysical Research: Space Physics,American Geophysical Union (AGU),Peer-reviewed journal article,Kunihiro Keika; Rumi Nakamura; Wolfgang Baumjohann; V. Angelopoulos; Peter J. Chi; K. H. Glassmeier; M. Fillingim; Werner Magnes; H. U. Auster; K.-H. Fornaçon; G. D. Reeves; Kiyofumi Yumoto; E. A. Lucek; C. M. Carr; Iannis Dandouras,CARISMA,unverified,0,1
10.1029/2008ja013496,Coordinated observation of the dayside magnetospheric entry and exit of the THEMIS satellites with ground‐based auroral imaging in Antarctica,2009,Journal of Geophysical Research: Space Physics,American Geophysical Union (AGU),Peer-reviewed journal article,Stephen B. Mende; Harald U. Frey; J. McFadden; Charles W. Carlson; V. Angelopoulos; K.-H. Glassmeier; David G. Sibeck; Allan Weatherwax,THEMIS ASI,unverified,0,1
10.1029/2008ja013503,Auroral medium frequency burst radio emission associated with the 23 March 2007 THEMIS study substorm,2008,Journal of Geophysical Research: Space Physics,American Geophysical Union (AGU),Peer-reviewed journal article,N. L. Bunch; James LaBelle; Allan T. Weatherwax; J. M. Hughes,THEMIS ASI,unverified,0,1
10.1029/2008ja013548,Wavelet‐based ULF wave diagnosis of substorm expansion phase onset,2009,Journal of Geophysical Research: Space Physics,American Geophysical Union (AGU),Peer-reviewed journal article,Kyle R. Murphy; I. Jonathan Rae; Ian. R. Mann; David K. Milling; Clare E. J. Watt; Louis Ozeke; Harald U. Frey; Vassilis Angelopoulos; Christopher T. Russell,CARISMA,unverified,0,1
10.1029/2008ja013559,Timing and localization of ionospheric signatures associated with substorm expansion phase onset,2009,Journal of Geophysical Research: Space Physics,American Geophysical Union (AGU),Peer-reviewed journal article,I. Jonathan Rae; Ian. R. Mann; Kyle R. Murphy; David K. Milling; Adrienne Parent; Vassilis Angelopoulos; Harald U. Frey; Andy Kale; Clare E. J. Watt; Stephen B. Mende; Christopher T. Russell,THEMIS ASI; CARISMA,unverified,0,2
10.1029/2008ja013583,Timing and localization of near‐Earth tail and ionospheric signatures during a substorm onset,2009,Journal of Geophysical Research: Space Physics,American Geophysical Union (AGU),Peer-reviewed journal article,Christine Gabrielse; V. Angelopoulos; Andrei Runov; Harald U. Frey; J. McFadden; D. E. Larson; K.-H. Glassmeier; Stephen Mende; Christopher T. Russell; Sergey Apatenkov; Kyle R. Murphy; I. Jonathan Rae,CARISMA,unverified,0,1
10.1029/2008ja013586,Response of large‐scale ionospheric convection to substorm expansion onsets: A case study,2008,Journal of Geophysical Research: Space Physics,American Geophysical Union (AGU),Peer-reviewed journal article,Yukinaga Miyashita; Keisuke Hosokawa; T. Hori; Y. Kamide; Akira Sessai Yukimatu; M. Fujimoto; Toshifumi Mukai; Shinobu Machida; Natsuo Sato; Yoshifumi Saito; Iku Shinohara; J. B. Sigwarth,SuperDARN_CA; SuperDARN,unverified,0,2
10.1029/2008ja013614,Dynamical property of storm time subauroral rapid flows as a manifestation of complex structures of the plasma pressure in the inner magnetosphere,2009,Journal of Geophysical Research: Space Physics,American Geophysical Union (AGU),Peer-reviewed journal article,Yusuke Ebihara; Nozomu Nishitani; Takashi Kikuchi; Tadahiko Ogawa; Keisuke Hosokawa; M.-C. Fok; M. F. Thomsen,SuperDARN,unverified,0,1
10.1029/2008ja013624,HF radar polar patch and its relation with the cusp during <i>B</i><sub><i>Y</i></sub>‐dominated IMF: Simultaneous observations at two altitudes,2009,Journal of Geophysical Research: Space Physics,American Geophysical Union (AGU),Peer-reviewed journal article,Satoshi Taguchi; Keisuke Hosokawa; A. Nakao; M. R. Collier; Thomas E. Moore; Natsuo Sato; Akira Sessai Yukimatu,SuperDARN,unverified,0,1
10.1029/2008ja013707,Relationship between polar cap patches and field‐aligned irregularities as observed with an all‐sky airglow imager at Resolute Bay and the PolarDARN radar at Rankin Inlet,2009,Journal of Geophysical Research: Space Physics,American Geophysical Union (AGU),Peer-reviewed journal article,Keisuke Hosokawa; Kazuo Shiokawa; Yuichi Otsuka; Tadahiko Ogawa; J.-P. St-Maurice; George J. Sofko; Dieter A. Andre,SuperDARN_CA; SuperDARN,unverified,0,2
10.1029/2008ja013729,THEMIS observations of the near‐Earth plasma sheet during a substorm,2009,Journal of Geophysical Research: Space Physics,American Geophysical Union (AGU),Peer-reviewed journal article,Chao-Ling Tang; Z. Y. Li; V. Angelopoulos; Stephen B. Mende; K. H. Glassmeier; Eric Donovan; Christopher T. Russell; L. Lu,THEMIS ASI,unverified,0,1
10.1029/2008ja013757,"Rocket‐based measurements of ion velocity, neutral wind, and electric field in the collisional transition region of the auroral ionosphere",2009,Journal of Geophysical Research: Space Physics,American Geophysical Union (AGU),Peer-reviewed journal article,L. Sangalli; David J. Knudsen; M. F. Larsen; T. Zhan; R. F. Pfaff; D. Rowland,THEMIS ASI,unverified,0,1
10.1029/2008ja013771,Near‐Earth initiation of a terrestrial substorm,2009,Journal of Geophysical Research: Space Physics,American Geophysical Union (AGU),Peer-reviewed journal article,I. Jonathan Rae; Ian. R. Mann; Vassilis Angelopoulos; Kyle R. Murphy; David K. Milling; Andy Kale; Harald U. Frey; Gordon Rostoker; Christopher T. Russell; Clare E. J. Watt; Mark J. Engebretson; Mark B. Moldwin; Stephen B. Mende; Howard J. Singer; Eric F. Donovan,THEMIS ASI; CARISMA,unverified,0,2
10.1029/2008ja013815,Dayside four‐sheet field‐aligned current system during IMF <i>B</i><sub><i>Y</i></sub>‐dominated periods,2009,Journal of Geophysical Research: Space Physics,American Geophysical Union (AGU),Peer-reviewed journal article,Masakazu Watanabe; George J. Sofko,SuperDARN_CA; SuperDARN,unverified,0,2
10.1029/2008ja013867,Acceleration mechanism of high‐speed neutral wind observed in the polar lower thermosphere,2009,Journal of Geophysical Research: Space Physics,American Geophysical Union (AGU),Peer-reviewed journal article,Takuo T. Tsuda; Satonori Nozawa; S. Oyama; Tetsuo Motoba; Yasunobu Ogawa; Hiroyuki Shinagawa; Nozomu Nishitani; Keisuke Hosokawa; Natsuo Sato; Mark Lester; Ryoichi Fujii,SuperDARN,unverified,0,1
10.1029/2008ja013948,Penetration of the convection and overshielding electric fields to the equatorial ionosphere during a quasiperiodic <i>DP</i> 2 geomagnetic fluctuation event,2010,Journal of Geophysical Research: Space Physics,American Geophysical Union (AGU),Peer-reviewed journal article,Takashi Kikuchi; Yusuke Ebihara; Kumiko K. Hashimoto; Ryuho Kataoka; T. Hori; S. Watari; Nozomu Nishitani,SuperDARN,unverified,0,1
10.1029/2008ja013964,<i>PCN</i> magnetic index and average convection velocity in the polar cap inferred from SuperDARN radar measurements,2009,Journal of Geophysical Research: Space Physics,American Geophysical Union (AGU),Peer-reviewed journal article,Robyn A. D. Fiori; A. V. Koustov; David Boteler; Roman A. Makarevich,SuperDARN_CA; SuperDARN,unverified,0,2
10.1029/2008ja013967,Improvement of SuperDARN velocity measurements by estimating the index of refraction in the scattering region using interferometry,2009,Journal of Geophysical Research: Space Physics,American Geophysical Union (AGU),Peer-reviewed journal article,Robert G. Gillies; Glenn C. Hussey; George J. Sofko; Kathryn A. McWilliams; Robyn A. D. Fiori; P. Ponomarenko; J.-P. St.-Maurice,SuperDARN,unverified,0,1
10.1029/2008rs004045,Three‐way validation of the Rankin Inlet PolarDARN radar velocity measurements,2009,Radio Science,American Geophysical Union (AGU),Peer-reviewed journal article,A. V. Koustov; J.-P. St.-Maurice; George J. Sofko; D. Andre; John W. MacDougall; Marc R. Hairston; Robyn A. Fiori; E. E. Kadochnikov,SuperDARN_CA; SuperDARN,unverified,0,2
10.1029/2008rs004046,Canadian High Arctic Ionospheric Network (CHAIN),2009,Radio Science,American Geophysical Union (AGU),Peer-reviewed journal article,Periyadan T. Jayachandran; Richard B. Langley; John W. MacDougall; Sajan C. Mushini; Dimitry Pokhotelov; Abdelhaq M. Hamza; Ian. R. Mann; David K. Milling; Z. C. Kale; Richard Chadwick; T. Kelly; Donald W. Danskin; Charles S. Carrano,CHAIN; CARISMA,unverified,0,2
10.1029/2009gl038980,THEMIS observations of an earthward‐propagating dipolarization front,2009,Geophysical Research Letters,American Geophysical Union (AGU),Peer-reviewed journal article,Andrei Runov; V. Angelopoulos; Mikhail I. Sitnov; Victor A. Sergeev; John Bonnell; James P. McFadden; Davin Larson; K.-H. Glassmeier; Uli Auster,CARISMA,unverified,0,1
10.1029/2009gl040777,Longitudinally propagating arc wave in the pre‐onset optical aurora,2009,Geophysical Research Letters,American Geophysical Union (AGU),Peer-reviewed journal article,V. M. Uritsky; Jun Liang; Eric Donovan; Emma Spanswick; David Knudsen; W. Liu; John Bonnell; K. H. Glassmeier,THEMIS ASI,unverified,0,1
10.1029/2009gl041252,Azimuthal structures of ray auroras at the beginning of auroral substorms,2009,Geophysical Research Letters,American Geophysical Union (AGU),Peer-reviewed journal article,Kaori Sakaguchi; Kazuo Shiokawa; Eric Donovan,CARISMA,unverified,0,1
10.1029/2009gl041476,Equatorward moving auroral signatures of a flow burst observed prior to auroral onset,2009,Geophysical Research Letters,American Geophysical Union (AGU),Peer-reviewed journal article,L. Kepko; Emma Spanswick; V. Angelopoulos; Eric Donovan; J. McFadden; K.-H. Glassmeier; Joachim Raeder; Howard J. Singer,THEMIS ASI; CARISMA,unverified,0,2
10.1029/2009ja014091,Spatial evolution of frictional heating and the predicted thermospheric wind effects in the vicinity of an auroral arc measured with the Sondrestrom incoherent‐scatter radar and the Reimei satellite,2009,Journal of Geophysical Research: Space Physics,American Geophysical Union (AGU),Peer-reviewed journal article,S. Oyama; Takuo T. Tsuda; Takeshi Sakanoi; Y. Obuchi; Kazushi Asamura; M. Hirahara; A. Yamazaki; Yasumasa Kasaba; Ryoichi Fujii; Satonori Nozawa; B. J. Watkins,SuperDARN,unverified,0,1
10.1029/2009ja014128,Moving mesoscale plasma precipitation in the cusp,2009,Journal of Geophysical Research: Space Physics,American Geophysical Union (AGU),Peer-reviewed journal article,Satoshi Taguchi; S. Suzuki; Keisuke Hosokawa; Yasunobu Ogawa; Akira Sessai Yukimatu; Natsuo Sato; M. R. Collier; Thomas E. Moore,SuperDARN,unverified,0,1
10.1029/2009ja014216,Ionospheric response to the corotating interaction region–driven geomagnetic storm of October 2002,2009,Journal of Geophysical Research: Space Physics,American Geophysical Union (AGU),Peer-reviewed journal article,Dimitry Pokhotelov; Cathryn N. Mitchell; Periyadan T. Jayachandran; John W. MacDougall; Michael H. Denton,CHAIN,unverified,0,1
10.1029/2009ja014259,Nightside ionospheric electrodynamics associated with substorms: PFISR and THEMIS ASI observations,2009,Journal of Geophysical Research: Space Physics,American Geophysical Union (AGU),Peer-reviewed journal article,Shasha Zou; L. R. Lyons; Michael J. Nicolls; C. J. Heinselman; Stephen B. Mende,THEMIS ASI,unverified,0,1
10.1029/2009ja014263,Spatial distribution of average vorticity in the high‐latitude ionosphere and its variation with interplanetary magnetic field direction and season,2009,Journal of Geophysical Research: Space Physics,American Geophysical Union (AGU),Peer-reviewed journal article,Gareth Chisham; Mervyn. P. Freeman; Gary A. Abel; William. A. Bristow; A. Marchaudon; J. M. Ruohoniemi; George J. Sofko,SuperDARN_CA; SuperDARN,unverified,0,2
10.1029/2009ja014266,Reverse convection potential saturation during northward IMF under various driving conditions,2009,Journal of Geophysical Research: Space Physics,American Geophysical Union (AGU),Peer-reviewed journal article,F. D. Wilder; C. Robert Clauer; Joseph Benjamin Harold Baker,SuperDARN,unverified,0,1
10.1029/2009ja014297,Large‐scale traveling ionospheric disturbance observed by superDARN Hokkaido HF radar and GPS networks on 15 December 2006,2010,Journal of Geophysical Research: Space Physics,American Geophysical Union (AGU),Peer-reviewed journal article,H. Hayashi; Nozomu Nishitani; Tadahiko Ogawa; Yuichi Otsuka; Takuya Tsugawa; Keisuke Hosokawa; A. Saito,SuperDARN,unverified,0,1
10.1029/2009ja014300,Ion heating in high‐speed flow channel within the duskside cell of the polar cap ion convection under large IMF‐<i>B</i><sub><i>y</i></sub> condition,2009,Journal of Geophysical Research: Space Physics,American Geophysical Union (AGU),Peer-reviewed journal article,Sawako Maeda; Yasunobu Ogawa; Keisuke Hosokawa; Satonori Nozawa; Shin-ichiro Oyama; Takuo Tsuda; Asgeir Brekke,SuperDARN,unverified,0,1
10.1029/2009ja014310,"Simultaneous observations of flux transfer events by THEMIS, Cluster, Double Star, and SuperDARN: Acceleration of FTEs",2009,Journal of Geophysical Research: Space Physics,American Geophysical Union (AGU),Peer-reviewed journal article,Robert C. Fear; S. E. Milan; A. N. Fazakerley; K.-H. Fornaçon; C. M. Carr; Iannis Dandouras,SuperDARN,unverified,0,1
10.1029/2009ja014315,Plasma sheet pressure evolution related to substorms,2010,Journal of Geophysical Research: Space Physics,American Geophysical Union (AGU),Peer-reviewed journal article,Xiaoyan Xing; L. R. Lyons; V. Angelopoulos; Davin Larson; C. Carlson; Andrei Runov; Uli Auster,CARISMA,verified,1,1
10.1029/2009ja014330,Magnetosonic Mach number dependence of the efficiency of reconnection between planetary and interplanetary magnetic fields,2009,Journal of Geophysical Research: Space Physics,American Geophysical Union (AGU),Peer-reviewed journal article,Adrian Grocott; S. V. Badman; S. W. H. Cowley; S. E. Milan; J. D. Nichols; T. K. Yeoman,SuperDARN,unverified,0,1
10.1029/2009ja014357,Ion temperature drop and quasi‐electrostatic electric field at the current sheet boundary minutes prior to the local current disruption,2009,Journal of Geophysical Research: Space Physics,American Geophysical Union (AGU),Peer-reviewed journal article,Jun Liang; Weining William Liu; Eric F. Donovan,THEMIS ASI,unverified,0,1
10.1029/2009ja014480,Can intense substorms occur under northward IMF conditions?,2010,Journal of Geophysical Research: Space Physics,American Geophysical Union (AGU),Peer-reviewed journal article,D.-Y. Lee; K.-C. Choi; S. Ohtani; J. H. Lee; K. C. Kim; K. S. Park; K.-H. Kim,CARISMA,unverified,0,1
10.1029/2009ja014599,Reorganization of polar cap patches through shears in the background plasma convection,2010,Journal of Geophysical Research: Space Physics,American Geophysical Union (AGU),Peer-reviewed journal article,Keisuke Hosokawa; J.-P. St-Maurice; George J. Sofko; Kazuo Shiokawa; Yuichi Otsuka; Tadahiko Ogawa,SuperDARN_CA; SuperDARN,unverified,0,2
10.1029/2009ja014631,Initial development of HF radar polar patch caused by azimuthal flow burst in the cusp,2010,Journal of Geophysical Research: Space Physics,American Geophysical Union (AGU),Peer-reviewed journal article,Satoshi Taguchi; Keisuke Hosokawa; S. Suzuki; Akira Sessai Yukimatu; Natsuo Sato,SuperDARN_CA; SuperDARN,unverified,0,2
10.1029/2009ja014673,Effects of substorm dynamics on magnetic signatures of the ionospheric Alfvén resonator,2010,Journal of Geophysical Research: Space Physics,American Geophysical Union (AGU),Peer-reviewed journal article,Adrienne Parent; Ian. R. Mann; I. Jonathan Rae,CARISMA,unverified,0,1
10.1029/2009ja014694,A comparison of EISCAT and SuperDARN <i>F</i>‐region measurements with consideration of the refractive index in the scattering volume,2010,Journal of Geophysical Research: Space Physics,American Geophysical Union (AGU),Peer-reviewed journal article,Robert G. Gillies; Glenn C. Hussey; George J. Sofko; Darren M. Wright; J. A. Davies,SuperDARN,unverified,0,1
10.1029/2009ja014697,First <i>E</i> region observations of mesoscale neutral wind interaction with auroral arcs,2010,Journal of Geophysical Research: Space Physics,American Geophysical Union (AGU),Peer-reviewed journal article,Michael J. Kosch; C. Anderson; Roman A. Makarevich; B. A. Carter; Robyn A. D. Fiori; Mark Conde; P. L. Dyson; T. Davies,SuperDARN,unverified,0,1
10.1029/2009ja014698,On the occurrence of high‐velocity <i>E</i>‐region echoes in SuperDARN observations,2010,Journal of Geophysical Research: Space Physics,American Geophysical Union (AGU),Peer-reviewed journal article,Roman A. Makarevich,SuperDARN_CA; SuperDARN,unverified,0,2
10.1029/2009ja014704,"Conjunction study of plasmapause location using ground‐based magnetometers, IMAGE‐EUV, and Kaguya‐TEX data",2010,Journal of Geophysical Research: Space Physics,American Geophysical Union (AGU),Peer-reviewed journal article,Yuki Obana; G. Murakami; I. Yoshikawa; Ian. R. Mann; Peter J. Chi; Mark B. Moldwin,CARISMA,unverified,0,1
10.1029/2009ja014879,Precursor activation and substorm expansion associated with observations of a dipolarization front by Time History of Events and Macroscale Interactions during Substorms (THEMIS),2010,Journal of Geophysical Research: Space Physics,American Geophysical Union (AGU),Peer-reviewed journal article,Chao-Ling Tang; V. Angelopoulos; Andrei Runov; Christopher T. Russell; Harald Frey; K. H. Glassmeier; K.-H. Fornacon; Z. Y. Li,THEMIS ASI,unverified,0,1
10.1029/2009ja014891,Geomagnetic signatures of current wedge produced by fast flows in a plasma sheet,2010,Journal of Geophysical Research: Space Physics,American Geophysical Union (AGU),Peer-reviewed journal article,Jin-Bin Cao; Chunxiao Yan; Malcolm Dunlop; Henri Reme; Iannis Dandouras; Tielong Zhang; Dongmei Yang; Alexey Moiseyev; Stepan I. Solovyev; Z. Q. Wang; A. Leonoviche; N. Zolotukhina; Vladimir Mishin,CARISMA,unverified,0,1
10.1029/2009ja014907,Simultaneous FAST and Double Star TC1 observations of broadband electrons during a storm time substorm,2010,Journal of Geophysical Research: Space Physics,American Geophysical Union (AGU),Peer-reviewed journal article,A. Nakajima; Kazuo Shiokawa; Kanako Seki; Rumi Nakamura; Kunihiro Keika; Wolfgang Baumjohann; T. Takada; James P. McFadden; Charles W. Carlson; A. N. Fazakerley; H. Rème; Iannis Dandouras; Robert J. Strangeway; Olivier Le Contel; N. Cornilleau-Wehrlin; K. H. Yearby,CARISMA; GO_RIO,unverified,0,2
10.1029/2009ja014910,Dipole tilt effects on the magnetosphere‐ionosphere convection system during interplanetary magnetic field <i>B</i><sub><i>Y</i></sub>‐dominated periods: MHD modeling,2010,Journal of Geophysical Research: Space Physics,American Geophysical Union (AGU),Peer-reviewed journal article,Masakazu Watanabe; Konstantin Kabin; George J. Sofko; Robert Rankin; Tamas I. Gombosi; Aaron J. Ridley,SuperDARN_CA; SuperDARN,unverified,0,2
10.1029/2009ja014916,GPS total electron content variations associated with a polar cap arc,2009,Journal of Geophysical Research: Space Physics,American Geophysical Union (AGU),Peer-reviewed journal article,Periyadan T. Jayachandran; Keisuke Hosokawa; John W. MacDougall; S. Mushini; Richard B. Langley; Kazuo Shiokawa,CHAIN,unverified,0,1
10.1029/2009ja014935,Conjugate ground and multisatellite observations of compression‐related EMIC Pc1 waves and associated proton precipitation,2010,Journal of Geophysical Research: Space Physics,American Geophysical Union (AGU),Peer-reviewed journal article,Maria E. Usanova; Ian. R. Mann; Z. C. Kale; I. Jonathan Rae; R. D. Sydora; M. Sandanger; F. Søraas; K.-H. Glassmeier; K.-H. Fornacon; H. Matsui; P. A. Puhl-Quinn; Arnaud Masson; X. Vallières,CARISMA,unverified,0,1
10.1029/2009ja014956,Climatological patterns of high‐latitude convection in the Northern and Southern hemispheres: Dipole tilt dependencies and interhemispheric comparisons,2010,Journal of Geophysical Research: Space Physics,American Geophysical Union (AGU),Peer-reviewed journal article,E. D. Pettigrew; S. G. Shepherd; J. M. Ruohoniemi,SuperDARN,unverified,0,1
10.1029/2009ja014961,Ionospheric feedback instability and substorm development,2010,Journal of Geophysical Research: Space Physics,American Geophysical Union (AGU),Peer-reviewed journal article,A. V. Streltsov; T. R. Pedersen; Evgeny V. Mishin; A. L. Snyder,THEMIS ASI,unverified,0,1
10.1029/2009ja014974,HF radar observations of the <i>F</i> region ionospheric plasma response to Storm Sudden Commencements,2010,Journal of Geophysical Research: Space Physics,American Geophysical Union (AGU),Peer-reviewed journal article,Thomas A. Kane; Roman A. Makarevich,SuperDARN,unverified,0,1
10.1029/2009ja015041,Ionospheric convection signatures of the interchange cycle at small interplanetary magnetic field clock angles,2010,Journal of Geophysical Research: Space Physics,American Geophysical Union (AGU),Peer-reviewed journal article,Masakazu Watanabe; George J. Sofko; Xi Yan; Kathryn A. McWilliams; Jean-Pierre St.-Maurice; Alexandre V. Koustov; Glenn C. Hussey; Marc R. Hairston,SuperDARN_CA; SuperDARN,unverified,0,2
10.1029/2009ja015055,Spherical cap harmonic analysis of Super Dual Auroral Radar Network (SuperDARN) observations for generating maps of ionospheric convection,2010,Journal of Geophysical Research: Space Physics,American Geophysical Union (AGU),Peer-reviewed journal article,Robyn A. D. Fiori; David H. Boteler; A. V. Koustov; G. V. Haines; J. M. Ruohoniemi,SuperDARN,unverified,0,1
10.1029/2009ja015068,Comparison of the open‐closed separatrix in a global magnetospheric simulation with observations: The role of the ring current,2010,Journal of Geophysical Research: Space Physics,American Geophysical Union (AGU),Peer-reviewed journal article,I. Jonathan Rae; Konstantin Kabin; J. Y. Lu; Robert Rankin; S. E. Milan; Frances R. Fenrich; Clare E. J. Watt; J.-C. Zhang; Aaron J. Ridley; Tamas I. Gombosi; C. Robert Clauer; Gábor Tóth; D. L. DeZeeuw,SuperDARN,unverified,0,1
10.1029/2009ja015148,"THEMIS observations of electron cyclotron harmonic emissions, ULF waves, and pulsating auroras",2010,Journal of Geophysical Research: Space Physics,American Geophysical Union (AGU),Peer-reviewed journal article,Jun Liang; V. Uritsky; Eric Donovan; BinBin Ni; Emma Spanswick; Trond Trondsen; John Bonnell; A. Roux; Uli Auster; Davin Larson,THEMIS ASI,unverified,0,1
10.1029/2009ja015166,Substorm triggering by new plasma intrusion: THEMIS all‐sky imager observations,2010,Journal of Geophysical Research: Space Physics,American Geophysical Union (AGU),Peer-reviewed journal article,Yukitoshi Nishimura; Larry Lyons; Shasha Zou; V. Angelopoulos; Stephen Mende,THEMIS ASI,unverified,0,1
10.1029/2009ja015168,Substorm triggering by new plasma intrusion: Incoherent‐scatter radar observations,2010,Journal of Geophysical Research: Space Physics,American Geophysical Union (AGU),Peer-reviewed journal article,L. R. Lyons; Yukitoshi Nishimura; Yong Shi; Shasha Zou; H.-J. Kim; V. Angelopoulos; Craig Heinselman; Michael J. Nicolls; K.-H. Fornacon,THEMIS ASI,unverified,0,1
10.1029/2009ja015172,Mesospheric temperature and atomic oxygen response during the January 2009 major stratospheric warming,2010,Journal of Geophysical Research: Space Physics,American Geophysical Union (AGU),Peer-reviewed journal article,Marianna G. Shepherd; Young-Min Cho; Gordon G. Shepherd; William Ward; James R. Drummond,DNT,verified,1,1
10.1029/2009ja015178,First observations of simultaneous interhemispheric conjugate high‐latitude thermospheric winds,2010,Journal of Geophysical Research: Space Physics,American Geophysical Union (AGU),Peer-reviewed journal article,Michael J. Kosch; C. Anderson; H.-C. I. Yiu; Adam C. Kellerman; Roman A. Makarevich; A. Aruliah; Mark Conde; E. Griffin; T. Davies; I. McWhirter; P. L. Dyson,SuperDARN,unverified,0,1
10.1029/2009ja015204,Energetic outer radiation belt electron precipitation during recurrent solar activity,2010,Journal of Geophysical Research: Space Physics,American Geophysical Union (AGU),Peer-reviewed journal article,Mark A. Clilverd; Craig J. Rodger; Tracy Moffat-Griffin; Emma Spanswick; Paul Breen; Frederick W. Menk; Russell S. Grew; Kanji Hayashi; Ian. R. Mann,CARISMA,unverified,0,1
10.1029/2010gl043714,On the non‐Gaussian nature of ionospheric vorticity,2010,Geophysical Research Letters,American Geophysical Union (AGU),Peer-reviewed journal article,Gareth Chisham; Mervyn. P. Freeman,SuperDARN_CA; SuperDARN,unverified,0,2
10.1029/2010gl045857,First radar observations in the vicinity of the plasmapause of pulsed ionospheric flows generated by bursty bulk flows,2011,Geophysical Research Letters,American Geophysical Union (AGU),Peer-reviewed journal article,Nathaniel A. Frissell; Joseph Benjamin Harold Baker; J. M. Ruohoniemi; Lasse Boy Novock Clausen; Z. C. Kale; I. Jonathan Rae; L. Kepko; Kjellmar Oksavik; R. A. Greenwald; Mary Lou West,SuperDARN,unverified,0,1
10.1029/2010gl046218,An explanation for the fine structure of MF burst emissions,2011,Geophysical Research Letters,American Geophysical Union (AGU),Peer-reviewed journal article,James LaBelle,CARISMA,unverified,0,1
10.1029/2010ja015361,Two‐step evolution of auroral acceleration at substorm onset,2010,Journal of Geophysical Research: Space Physics,American Geophysical Union (AGU),Peer-reviewed journal article,Akira Morioka; Yoshizumi Miyoshi; Yukinaga Miyashita; Yasumasa Kasaba; Hiroaki Misawa; Fuminori Tsuchiya; Ryuho Kataoka; Akira Kadokura; Toshifumi Mukai; Kiyofumi Yumoto; D. J. Menietti; G. Parks; Kan Liou; Farideh Honary; Eric Donovan,CARISMA,unverified,0,1
10.1029/2010ja015376,Optical characterization of the growth and spatial structure of a substorm onset arc,2010,Journal of Geophysical Research: Space Physics,American Geophysical Union (AGU),Peer-reviewed journal article,I. Jonathan Rae; Clare E. J. Watt; Ian. R. Mann; Kyle R. Murphy; John C. Samson; Konstantin Kabin; V. Angelopoulos,THEMIS ASI; CARISMA,partially_verified,1,2
10.1029/2010ja015393,Physical mechanisms of compressional EMIC wave growth,2010,Journal of Geophysical Research: Space Physics,American Geophysical Union (AGU),Peer-reviewed journal article,J. P. McCollough; Scot R. Elkington; Maria E. Usanova; Ian. R. Mann; Daniel N. Baker; Z. C. Kale,CARISMA,unverified,0,1
10.1029/2010ja015410,Modeling ULF waves in a compressed dipole magnetic field,2010,Journal of Geophysical Research: Space Physics,American Geophysical Union (AGU),Peer-reviewed journal article,A. W. Degeling; Robert Rankin; Konstantin Kabin; I. Jonathan Rae; Frances R. Fenrich,CANOPUS; SuperDARN_CA; SuperDARN,unverified,0,3
10.1029/2010ja015487,Polar cap electric field saturation during interplanetary magnetic field B<sub>z</sub> north and south conditions,2010,Journal of Geophysical Research: Space Physics,American Geophysical Union (AGU),Peer-reviewed journal article,F. D. Wilder; C. Robert Clauer; Joseph Benjamin Harold Baker,SuperDARN,unverified,0,1
10.1029/2010ja015520,"Identification of substorm onset location and preonset sequence using Reimei, THEMIS GBO, PFISR, and Geotail",2010,Journal of Geophysical Research: Space Physics,American Geophysical Union (AGU),Peer-reviewed journal article,Shasha Zou; Mark B. Moldwin; L. R. Lyons; Yukitoshi Nishimura; M. Hirahara; Takeshi Sakanoi; Kazushi Asamura; Michael J. Nicolls; Yukinaga Miyashita; Stephen B. Mende; C. J. Heinselman,THEMIS ASI,unverified,0,1
10.1029/2010ja015528,Substorm onset by new plasma intrusion: THEMIS spacecraft observations,2010,Journal of Geophysical Research: Space Physics,American Geophysical Union (AGU),Peer-reviewed journal article,Xiaoyan Xing; Larry Lyons; Yukitoshi Nishimura; V. Angelopoulos; Davin Larson; C. Carlson; John Bonnell; Uli Auster,THEMIS ASI,unverified,0,1
10.1029/2010ja015535,Plasma flow during the brightening of proton aurora in the cusp,2010,Journal of Geophysical Research: Space Physics,American Geophysical Union (AGU),Peer-reviewed journal article,Satoshi Taguchi; Keisuke Hosokawa; S. Suzuki; A. Tawara; Harald U. Frey; Jürgen Matzka; Akira Sessai Yukimatu; Natsuo Sato,SuperDARN,unverified,0,1
10.1029/2010ja015537,Small and meso‐scale properties of a substorm onset auroral arc,2010,Journal of Geophysical Research: Space Physics,American Geophysical Union (AGU),Peer-reviewed journal article,Harald U. Frey; Olaf Amm; Christopher C. Chaston; SuiYan Fu; Gerhard Haerendel; Liisa Juusola; T. Karlsson; Betty Lanchester; Rumi Nakamura; Nikolai Østgaard; Takeshi Sakanoi; E. Séran; Daniel Whiter; James Weygand; Kazushi Asamura; M. Hirahara,THEMIS ASI,unverified,0,1
10.1029/2010ja015546,Case studies of mirror-mode structures observed by THEMIS in the near-Earth tail during substorms,2011,Journal of Geophysical Research: Space Physics,American Geophysical Union (AGU),Peer-reviewed journal article,Y. S. Ge; James P. McFadden; Joachim Raeder; V. Angelopoulos; Davin Larson; O. D. Constantinescu,CARISMA,unverified,0,1
10.1029/2010ja015689,Substorm growth and expansion onset as observed with ideal ground-spacecraft THEMIS coverage,2011,Journal of Geophysical Research: Space Physics,American Geophysical Union (AGU),Peer-reviewed journal article,V. Sergeev; V. Angelopoulos; M. Kubyshkina; Eric Donovan; X.-Z. Zhou; Andrei Runov; Howard Singer; J. McFadden; Rumi Nakamura,THEMIS ASI,unverified,0,1
10.1029/2010ja015728,Superposed epoch analysis of the ionospheric convection evolution during substorms: IMF <i>B</i><sub><i>Y</i></sub> dependence,2010,Journal of Geophysical Research: Space Physics,American Geophysical Union (AGU),Peer-reviewed journal article,Adrian Grocott; S. E. Milan; T. K. Yeoman; Natsuo Sato; Akira Sessai Yukimatu; James A. Wild,SuperDARN,verified,1,1
10.1029/2010ja015732,GPS TEC technique for observation of the evolution of substorm particle precipitation,2011,Journal of Geophysical Research: Space Physics,American Geophysical Union (AGU),Peer-reviewed journal article,C. Watson; Periyadan T. Jayachandran; Emma Spanswick; Eric F. Donovan; Donald W. Danskin,CHAIN,unverified,0,1
10.1029/2010ja015733,Substorm triggering by poleward boundary intensification and related equatorward propagation,2011,Journal of Geophysical Research: Space Physics,American Geophysical Union (AGU),Peer-reviewed journal article,Stephen B. Mende; Harald U. Frey; V. Angelopoulos; Yukitoshi Nishimura,THEMIS ASI,unverified,0,1
10.1029/2010ja015748,Comprehensive ground‐based and in situ observations of substorm expansion phase onset,2010,Journal of Geophysical Research: Space Physics,American Geophysical Union (AGU),Peer-reviewed journal article,Andrew P. Walsh; I. Jonathan Rae; A. N. Fazakerley; Kyle R. Murphy; Ian. R. Mann; Clare E. J. Watt; Martin Volwerk; Colin Forsyth; Howard J. Singer; Eric F. Donovan; T. L. Zhang,CANOPUS; CARISMA,unverified,0,2
10.1029/2010ja015755,Relativistic electron loss due to ultralow frequency waves and enhanced outward radial diffusion,2010,Journal of Geophysical Research: Space Physics,American Geophysical Union (AGU),Peer-reviewed journal article,T. M. Loto'aniu; Howard J. Singer; C. L. Waters; V. Angelopoulos; Ian. R. Mann; Scot R. Elkington; John W. Bonnell,CARISMA,unverified,0,1
10.1029/2010ja015757,On the nature of ULF wave power during nightside auroral activations and substorms: 1. Spatial distribution,2011,Journal of Geophysical Research: Space Physics,American Geophysical Union (AGU),Peer-reviewed journal article,Kyle R. Murphy; I. Jonathan Rae; Ian. R. Mann; David K. Milling,CARISMA,unverified,0,1
10.1029/2010ja015758,Interaction of dipolarization fronts within multiple bursty bulk flows in global MHD simulations of a substorm on 27 February 2009,2011,Journal of Geophysical Research: Space Physics,American Geophysical Union (AGU),Peer-reviewed journal article,Y. S. Ge; Joachim Raeder; V. Angelopoulos; M. L. Gilson; Andrei Runov,CARISMA,unverified,0,1
10.1029/2010ja015762,On the nature of ULF wave power during nightside auroral activations and substorms: 2. Temporal evolution,2011,Journal of Geophysical Research: Space Physics,American Geophysical Union (AGU),Peer-reviewed journal article,I. Jonathan Rae; Kyle R. Murphy; Clare E. J. Watt; Ian. R. Mann,THEMIS ASI; CARISMA,unverified,0,2
10.1029/2010ja015817,On the entry and transit of high‐density plasma across the polar cap,2010,Journal of Geophysical Research: Space Physics,American Geophysical Union (AGU),Peer-reviewed journal article,Kjellmar Oksavik; V. L. Barth; Jøran Moen; Mark Lester,SuperDARN,unverified,0,1
10.1029/2010ja015828,HF ground scatter from the polar cap: Ionospheric propagation and ground surface effects,2010,Journal of Geophysical Research: Space Physics,American Geophysical Union (AGU),Peer-reviewed journal article,Pavlo V. Ponomarenko; J.-P. St. Maurice; Glenn C. Hussey; A. V. Koustov,CHAIN; SuperDARN_CA; SuperDARN,unverified,0,3
10.1029/2010ja015831,Enhanced transport across entire length of plasma sheet boundary field lines leading to substorm onset,2010,Journal of Geophysical Research: Space Physics,American Geophysical Union (AGU),Peer-reviewed journal article,L. R. Lyons; Yukitoshi Nishimura; Xiaoyan Xing; V. Angelopoulos; Shasha Zou; Davin Larson; J. McFadden; Andrei Runov; Stephen Mende; K.-H. Fornacon,THEMIS ASI,unverified,0,1
10.1029/2010ja015832,"Preonset time sequence of auroral substorms: Coordinated observations by all‐sky imagers, satellites, and radars",2010,Journal of Geophysical Research: Space Physics,American Geophysical Union (AGU),Peer-reviewed journal article,Yukitoshi Nishimura; L. R. Lyons; Shasha Zou; Xiaoyan Xing; V. Angelopoulos; Stephen B. Mende; John W. Bonnell; Davin Larson; Uli Auster; T. Hori; Nozomu Nishitani; Keisuke Hosokawa; George Sofko; Michael Nicolls; Craig Heinselman,THEMIS ASI; SuperDARN_CA; SuperDARN,unverified,0,3
10.1029/2010ja015840,Large-scale aspects and temporal evolution of pulsating aurora,2011,Journal of Geophysical Research: Space Physics,American Geophysical Union (AGU),Peer-reviewed journal article,Sarah L. Jones; Marc R. Lessard; K. Rychert; Emma Spanswick; Eric Donovan,THEMIS ASI,unverified,0,1
10.1029/2010ja015848,Dynamic temporal evolution of polar cap tongue of ionization during magnetic storm,2010,Journal of Geophysical Research: Space Physics,American Geophysical Union (AGU),Peer-reviewed journal article,Keisuke Hosokawa; Takuya Tsugawa; Kazuo Shiokawa; Yuichi Otsuka; Nozomu Nishitani; Tadahiko Ogawa; Marc R. Hairston,SuperDARN,unverified,0,1
10.1029/2010ja015865,"Flux transport, dipolarization, and current sheet evolution during a double-onset substorm",2011,Journal of Geophysical Research: Space Physics,American Geophysical Union (AGU),Peer-reviewed journal article,Rumi Nakamura; Wolfgang Baumjohann; E. Panov; A. A. Petrukovich; V. Angelopoulos; Martin Volwerk; Werner Magnes; Yukitoshi Nishimura; Andrei Runov; Christopher T. Russell; James Michael Weygand; Olaf Amm; H.-U. Auster; John Bonnell; Harald Frey; Davin Larson; J. McFadden,THEMIS ASI,unverified,0,1
10.1029/2010ja015867,Multi-instrument observations of soft electron precipitation and its association with magnetospheric flows,2011,Journal of Geophysical Research: Space Physics,American Geophysical Union (AGU),Peer-reviewed journal article,Jun Liang; Emma Spanswick; Michael J. Nicolls; Eric F. Donovan; D. Lummerzheim; Weining William Liu,THEMIS ASI,unverified,0,1
10.1029/2010ja015874,Midnight sector observations of auroral omega bands,2011,Journal of Geophysical Research: Space Physics,American Geophysical Union (AGU),Peer-reviewed journal article,James A. Wild; E. E. Woodfield; Eric Donovan; Robert C. Fear; Adrian Grocott; Mark Lester; A. N. Fazakerley; E. Lucek; Y. Khotyaintsev; M. Andre; Akira Kadokura; Keisuke Hosokawa; C. Carlson; James P. McFadden; K. H. Glassmeier; V. Angelopoulos; G. Björnsson,Rainbow; AGO,partially_verified,1,2
10.1029/2010ja015877,Revised timing and onset location of two isolated substorms observed by Time History of Events and Macroscale Interactions During Substorms (THEMIS),2011,Journal of Geophysical Research: Space Physics,American Geophysical Union (AGU),Peer-reviewed journal article,J. Liu; V. Angelopoulos; M. Kubyshkina; J. McFadden; K.-H. Glassmeier; Christopher T. Russell,THEMIS ASI; CARISMA,partially_verified,1,2
10.1029/2010ja015886,Superposed epoch analysis of magnetotail flux transport during substorms observed by THEMIS,2011,Journal of Geophysical Research: Space Physics,American Geophysical Union (AGU),Peer-reviewed journal article,J. Liu; Christine Gabrielse; V. Angelopoulos; Nathaniel A. Frissell; L. R. Lyons; James P. McFadden; John Bonnell; K. H. Glassmeier,CARISMA,unverified,0,1
10.1029/2010ja015957,Periodic black auroral patches at the dawnside dipolarization front during a substorm,2011,Journal of Geophysical Research: Space Physics,American Geophysical Union (AGU),Peer-reviewed journal article,Kaori Sakaguchi; Kazuo Shiokawa; Eric Donovan; A. Nakajima; Y. Hiraki; Trond Trondsen; Ferdinand Plaschke,THEMIS ASI; CARISMA,unverified,0,2
10.1029/2010ja015969,Fast tailward flows in the plasma sheet boundary layer during a substorm on 9 March 2008: THEMIS observations,2011,Journal of Geophysical Research: Space Physics,American Geophysical Union (AGU),Peer-reviewed journal article,A. M. Du; Rumi Nakamura; T. L. Zhang; Evgeny V. Panov; Wolfgang Baumjohann; Hao Luo; W. Y. Xu; Q. M. Lu; Martin Volwerk; A. Retinò; B. Zieger; V. Angelopoulos; K.-H. Glassmeier; James P. McFadden; Davin Larson,THEMIS ASI,unverified,0,1
10.1029/2010ja016017,A dynamical model of high‐latitude convection derived from SuperDARN plasma drift measurements,2010,Journal of Geophysical Research: Space Physics,American Geophysical Union (AGU),Peer-reviewed journal article,E. D. P. Cousins; S. G. Shepherd,SuperDARN,unverified,0,1
10.1029/2010ja016032,Azimuthal auroral expansion associated with fast flows in the near-Earth plasma sheet: Coordinated observations of the THEMIS all-sky imagers and multiple spacecraft,2011,Journal of Geophysical Research: Space Physics,American Geophysical Union (AGU),Peer-reviewed journal article,K. Ogasawara; Yasumasa Kasaba; Yukitoshi Nishimura; T. Hori; T. Takada; Yukinaga Miyashita; V. Angelopoulos; Stephen B. Mende; John Bonnell,THEMIS ASI,unverified,0,1
10.1029/2010ja016043,Improvement of HF coherent radar line-of-sight velocities by estimating the refractive index in the scattering volume using radar frequency shifting,2011,Journal of Geophysical Research: Space Physics,American Geophysical Union (AGU),Peer-reviewed journal article,Robert G. Gillies; Glenn C. Hussey; George J. Sofko; Pavlo V. Ponomarenko; Kathryn A. McWilliams,SuperDARN_CA; SuperDARN,unverified,0,2
10.1029/2010ja016077,Far tail (255<i>R</i><sub><i>E</i></sub>) fast response to very weak magnetic activity,2011,Journal of Geophysical Research: Space Physics,American Geophysical Union (AGU),Peer-reviewed journal article,J.-A. Sauvaud; A. Opitz; L. Palin; Benoit Lavraud; C. Jacquey; L. Kistler; Harald U. Frey; J. Luhmann; Davin Larson; Christopher T. Russell,THEMIS ASI,unverified,0,1
10.1029/2010ja016078,Revisiting Time History of Events and Macroscale Interactions during Substorms (THEMIS) substorm events implying magnetic reconnection as the substorm trigger,2011,Journal of Geophysical Research: Space Physics,American Geophysical Union (AGU),Peer-reviewed journal article,A. T. Y. Lui,THEMIS ASI,unverified,0,1
10.1029/2010ja016113,Comment on “Substorm triggering by new plasma intrusion: THEMIS all‐sky imager observations” by Y. Nishimura et al.,2010,Journal of Geophysical Research: Space Physics,American Geophysical Union (AGU),Peer-reviewed journal article,Harald U. Frey,THEMIS ASI,unverified,0,1
10.1029/2010ja016156,Decrease of auroral intensity associated with reversal of plasma convection in response to an interplanetary shock as observed over Zhongshan station in Antarctica,2011,Journal of Geophysical Research: Space Physics,American Geophysical Union (AGU),Peer-reviewed journal article,J. J. Liu; Hong-Qiao Hu; D. S. Han; T. Araki; Z. J. Hu; Q. H. Zhang; Hui-Gen Yang; Natsuo Sato; Akira Sessai Yukimatu; Yusuke Ebihara,SuperDARN,unverified,0,1
10.1029/2010ja016177,Application and validation of the spherical elementary currents systems technique for deriving ionospheric equivalent currents with the North American and Greenland ground magnetometer arrays,2011,Journal of Geophysical Research: Space Physics,American Geophysical Union (AGU),Peer-reviewed journal article,James Michael Weygand; Olaf Amm; Ari Viljanen; V. Angelopoulos; David Murr; Mark J. Engebretson; H. Gleisner; I. Mann,THEMIS ASI; CARISMA,unverified,0,2
10.1029/2010ja016182,Reply to comment by Harald U. Frey on “Substorm triggering by new plasma intrusion: THEMIS all‐sky imager observations”,2010,Journal of Geophysical Research: Space Physics,American Geophysical Union (AGU),Peer-reviewed journal article,Yukitoshi Nishimura; L. R. Lyons; Shasha Zou; V. Angelopoulos; Stephen B. Mende,THEMIS ASI,unverified,0,1
10.1029/2010ja016226,"Relativistic electron acceleration by compressional-mode ULF waves: Evidence from correlated Cluster, Los Alamos National Laboratory spacecraft, and ground-based magnetometer measurements",2011,Journal of Geophysical Research: Space Physics,American Geophysical Union (AGU),Peer-reviewed journal article,Lun C. Tan; X. Shao; A. S. Sharma; Shing F. Fung,CARISMA,unverified,0,1
10.1029/2011eo080001,Space Science Informatics: A Canadian Approach,2011,"Eos, Transactions American Geophysical Union",American Geophysical Union (AGU),Peer-reviewed journal article,Robert Rankin; J. Shillington; M. Gordon,CARISMA,unverified,0,1
10.1029/2011eo450005,Developing community cyberinfrastructure for integrating water data,2011,"Eos, Transactions American Geophysical Union",American Geophysical Union (AGU),Peer-reviewed journal article,Kim Schreuders; David Tarboton; Jennifer Arrigo,RISR-C,unverified,0,1
10.1029/2011eo450006,Remote sensing of the magnetosphere from zero‐kilometer altitude,2011,"Eos, Transactions American Geophysical Union",American Geophysical Union (AGU),Peer-reviewed journal article,Chad R. Bryant; John Manuel,RISR-C,unverified,0,1
10.1029/2011gl046758,Ionospheric convection signatures of tail fast flows during substorms and Poleward Boundary Intensifications (PBI),2011,Geophysical Research Letters,American Geophysical Union (AGU),Peer-reviewed journal article,Eftyhia Zesta; Yong Shi; Eric Donovan; Emma Spanswick; Larry R. Lyons; V. Angelopoulos; James P. McFadden; Charles W. Carlson; Hans-Ulrich Auster; Stephen Mende; M. A. McCready; C. J. Heinselman; Elizabeth Kendall; R. Doe,THEMIS ASI,unverified,0,1
10.1029/2011gl049675,Monitoring the F-region peak electron density using HF backscatter interferometry,2011,Geophysical Research Letters,American Geophysical Union (AGU),Peer-reviewed journal article,Pavlo V. Ponomarenko; A. V. Koustov; J.-P. St.-Maurice; J. Wiid,SuperDARN_CA; SuperDARN,unverified,0,2
10.1029/2011gl050041,High-latitude GPS TEC changes associated with a sudden magnetospheric compression,2011,Geophysical Research Letters,American Geophysical Union (AGU),Peer-reviewed journal article,Periyadan T. Jayachandran; C. Watson; I. Jonathan Rae; John W. MacDougall; Donald W. Danskin; Richard Chadwick; T. D. Kelly; Paul Prikryl; Karim Meziane; Kazuo Shiokawa,CHAIN,unverified,0,1
10.1029/2011gm001163,Mutual Evolution of Aurora and Ionospheric Electrodynamic Features Near the Harang Reversal During Substorms,2013,Geophysical Monograph Series,American Geophysical Union (AGU),Book chapter,Shasha Zou; Larry R. Lyons; Yukitoshi Nishimura,THEMIS ASI; SuperDARN_CA; SuperDARN,unverified,0,3
10.1029/2011ja016442,Polar-equatorial ionospheric currents driven by the region 2 field-aligned currents at the onset of substorms,2011,Journal of Geophysical Research: Space Physics,American Geophysical Union (AGU),Peer-reviewed journal article,Kumiko K. Hashimoto; Takashi Kikuchi; S. Watari; M. A. Abdu,SuperDARN,unverified,0,1
10.1029/2011ja016539,Near-Earth plasma sheet azimuthal pressure gradient and associated auroral development soon before substorm onset,2011,Journal of Geophysical Research: Space Physics,American Geophysical Union (AGU),Peer-reviewed journal article,Xiaoyan Xing; L. R. Lyons; Yukitoshi Nishimura; V. Angelopoulos; Eric Donovan; Emma Spanswick; Jun Liang; Davin Larson; C. Carlson; Uli Auster,THEMIS ASI,unverified,0,1
10.1029/2011ja016551,Dynamics of long‐period ULF waves in the plasma sheet: Coordinated space and ground observations,2012,Journal of Geophysical Research: Space Physics,American Geophysical Union (AGU),Peer-reviewed journal article,A. M. Tian; Q. G. Zong; T. L. Zhang; Rumi Nakamura; A. M. Du; Wolfgang Baumjohann; K. H. Glassmeier; Martin Volwerk; Michael Hartinger; Yong-Fu Wang; J. Du; Bing Yang; X. Y. Zhang; E. Panov,CARISMA,unverified,0,1
10.1029/2011ja016574,Observations of a unique type of ULF wave by low-altitude Space Technology 5 satellites,2011,Journal of Geophysical Research: Space Physics,American Geophysical Union (AGU),Peer-reviewed journal article,Guan Le; Peter J. Chi; Robert J. Strangeway; J. A. Slavin,CARISMA,unverified,0,1
10.1029/2011ja016719,Successive substorm expansions during a period of prolonged northward interplanetary magnetic field,2011,Journal of Geophysical Research: Space Physics,American Geophysical Union (AGU),Peer-reviewed journal article,Yukinaga Miyashita; Y. Kamide; Kan Liou; C.-C. Wu; Akimasa Ieda; Nozomu Nishitani; Shinobu Machida; Yoshifumi Saito; Toshifumi Mukai,CANOPUS,unverified,0,1
10.1029/2011ja016748,Interhemispheric observations of dayside convection under northward IMF,2011,Journal of Geophysical Research: Space Physics,American Geophysical Union (AGU),Peer-reviewed journal article,F. D. Wilder; C. Robert Clauer; Joseph Benjamin Harold Baker; Patrick T. Newell,SuperDARN,unverified,0,1
10.1029/2011ja016768,"Relations between multiple auroral streamers, pre-onset thin arc formation, and substorm auroral onset",2011,Journal of Geophysical Research: Space Physics,American Geophysical Union (AGU),Peer-reviewed journal article,Yukitoshi Nishimura; L. R. Lyons; V. Angelopoulos; Takashi Kikuchi; Shasha Zou; Stephen B. Mende,THEMIS ASI,unverified,0,1
10.1029/2011ja016787,First observations of the midlatitude evening anomaly using Super Dual Auroral Radar Network (SuperDARN) radars,2011,Journal of Geophysical Research: Space Physics,American Geophysical Union (AGU),Peer-reviewed journal article,Sebastien De Larquier; J. M. Ruohoniemi; Joseph Benjamin Harold Baker; N. Ravindran Varrier; Mark Lester,SuperDARN,unverified,0,1
10.1029/2011ja016804,Dependence of spectral width of ionospheric<i>F</i>region HF echoes on electric field,2011,Journal of Geophysical Research: Space Physics,American Geophysical Union (AGU),Peer-reviewed journal article,A. Kozlovsky; S. Shalimov; A. V. Koustov; Renata Lukianova; T. Turunen,SuperDARN,unverified,0,1
10.1029/2011ja016850,Possible connection of polar cap flows to pre- and post-substorm onset PBIs and streamers,2011,Journal of Geophysical Research: Space Physics,American Geophysical Union (AGU),Peer-reviewed journal article,L. R. Lyons; Yukitoshi Nishimura; H.-J. Kim; Eric Donovan; V. Angelopoulos; George Sofko; Michael Nicolls; Craig Heinselman; J. M. Ruohoniemi; Nozomu Nishitani,THEMIS ASI; SuperDARN_CA; SuperDARN,unverified,0,3
10.1029/2011ja016857,The 8 June 2000 ULF wave activity: A case study,2012,Journal of Geophysical Research: Space Physics,American Geophysical Union (AGU),Peer-reviewed journal article,Mirko Piersanti; Umberto Villante; C. Waters; Igino Coco,CARISMA,unverified,0,1
10.1029/2011ja016894,Substorm‐like magnetospheric response to a discontinuity in the B<sub>x</sub> component of interplanetary magnetic field,2012,Journal of Geophysical Research: Space Physics,American Geophysical Union (AGU),Peer-reviewed journal article,Motoharu Nowada; C.-H. Lin; Z.-Y. Pu; S.-Y. Fu; V. Angelopoulos; Charles W. Carlson; H.-U. Auster,CARISMA,unverified,0,1
10.1029/2011ja016923,Ionospheric Pc5 plasma oscillations observed by the King Salmon HF radar and their comparison with geomagnetic pulsations on the ground and in geostationary orbit,2012,Journal of Geophysical Research: Space Physics,American Geophysical Union (AGU),Peer-reviewed journal article,Kaori Sakaguchi; Tsutomu Nagatsuma; Tadahiko Ogawa; Takahiro Obara; Oleg A. Troshichev,CANOPUS,unverified,0,1
10.1029/2011ja016924,The nonlinear response of the polar cap potential under southward IMF: A statistical view,2011,Journal of Geophysical Research: Space Physics,American Geophysical Union (AGU),Peer-reviewed journal article,F. D. Wilder; C. Robert Clauer; Joseph Benjamin Harold Baker; E. P. Cousins; Marc R. Hairston,SuperDARN,unverified,0,1
10.1029/2011ja016943,Interplanetary magnetic field control and magnetic conjugacy of auroral <i>E</i> region backscatter,2012,Journal of Geophysical Research: Space Physics,American Geophysical Union (AGU),Peer-reviewed journal article,Roman A. Makarevich; A. V. Koustov; B. A. Carter,SuperDARN,unverified,0,1
10.1029/2011ja016955,Multisatellite observations of a giant pulsation event,2011,Journal of Geophysical Research: Space Physics,American Geophysical Union (AGU),Peer-reviewed journal article,Kazue Takahashi; Karl-Heinz Glassmeier; Vassilis Angelopoulos; John Bonnell; Yukitoshi Nishimura; Howard J. Singer; Christopher T. Russell,CARISMA,unverified,0,1
10.1029/2011ja017079,First observations of SPEAR‐induced topside and bottomside sporadic <i>E</i> layer heating observed using the EISCAT Svalbard and SuperDARN radars,2012,Journal of Geophysical Research: Space Physics,American Geophysical Union (AGU),Peer-reviewed journal article,Lisa J. Baddeley; I. Haggstrøm; T. K. Yeoman; Michael Rietveld,SuperDARN,unverified,0,1
10.1029/2011ja017086,Global-scale observations of ionospheric convection during geomagnetic storms,2011,Journal of Geophysical Research: Space Physics,American Geophysical Union (AGU),Peer-reviewed journal article,D. Megan Gillies; Kathryn A. McWilliams; J.-P. St. Maurice; S. E. Milan,SuperDARN_CA; SuperDARN,unverified,0,2
10.1029/2011ja017094,"Fast earthward flows, electron cyclotron harmonic waves, and diffuse auroras: Conjunctive observations and a synthesized scenario",2011,Journal of Geophysical Research: Space Physics,American Geophysical Union (AGU),Peer-reviewed journal article,Jun Liang; BinBin Ni; Emma Spanswick; M. Kubyshkina; Eric F. Donovan; V. M. Uritsky; R. M. Thorne; V. Angelopoulos,THEMIS ASI; GO_RIO,partially_verified,1,2
10.1029/2011ja017110,Two‐dimensional ionospheric flow pattern associated with auroral streamers,2012,Journal of Geophysical Research: Space Physics,American Geophysical Union (AGU),Peer-reviewed journal article,Yong Shi; Eftyhia Zesta; Larry R. Lyons; J. Yang; A. Boudouridis; Y. S. Ge; J. M. Ruohoniemi; Stephen Mende,SuperDARN,unverified,0,1
10.1029/2011ja017128,In situ observations of the “preexisting auroral arc” by THEMIS all sky imagers and the FAST spacecraft,2012,Journal of Geophysical Research: Space Physics,American Geophysical Union (AGU),Peer-reviewed journal article,Feifei Jiang; Robert J. Strangeway; Margaret G. Kivelson; James Michael Weygand; Raymond J. Walker; Krishan K. Khurana; Yukitoshi Nishimura; Vassilis Angelopoulos; Eric Donovan,THEMIS ASI,unverified,0,1
10.1029/2011ja017154,Magnetospheric location of the equatorward prebreakup arc,2012,Journal of Geophysical Research: Space Physics,American Geophysical Union (AGU),Peer-reviewed journal article,V. Sergeev; Yukitoshi Nishimura; M. Kubyshkina; V. Angelopoulos; Rumi Nakamura; Howard Singer,THEMIS ASI,verified,1,1
10.1029/2011ja017185,Multipoint observations of substorm pre‐onset flows and time sequence in the ionosphere and magnetosphere,2012,Journal of Geophysical Research: Space Physics,American Geophysical Union (AGU),Peer-reviewed journal article,Yong Shi; Eftyhia Zesta; L. R. Lyons; Xiaoyan Xing; V. Angelopoulos; Eric Donovan; M. A. McCready; C. J. Heinselman,THEMIS ASI,unverified,0,1
10.1029/2011ja017207,A survey of plasma irregularities as seen by the midlatitude Blackstone SuperDARN radar,2012,Journal of Geophysical Research: Space Physics,American Geophysical Union (AGU),Peer-reviewed journal article,Alvaro J. Ribeiro; J. M. Ruohoniemi; Joseph Benjamin Harold Baker; Lasse Boy Novock Clausen; R. A. Greenwald; Mark Lester,SuperDARN,unverified,0,1
10.1029/2011ja017255,Global‐scale observations of ionospheric convection variation in response to sudden increases in the solar wind dynamic pressure,2012,Journal of Geophysical Research: Space Physics,American Geophysical Union (AGU),Peer-reviewed journal article,D. Megan Gillies; J.-P. St.-Maurice; Kathryn A. McWilliams; S. Milan,SuperDARN_CA; SuperDARN,unverified,0,2
10.1029/2011ja017265,Coupling of dipolarization front flow bursts to substorm expansion phase phenomena within the magnetosphere and ionosphere,2012,Journal of Geophysical Research: Space Physics,American Geophysical Union (AGU),Peer-reviewed journal article,L. R. Lyons; Yukitoshi Nishimura; Xiaoyan Xing; Andrei Runov; V. Angelopoulos; Eric Donovan; Takashi Kikuchi,THEMIS ASI,unverified,0,1
10.1029/2011ja017287,Entropy conservation and rate of propagation of bubbles in the Earth's magnetotail: A case study,2012,Journal of Geophysical Research: Space Physics,American Geophysical Union (AGU),Peer-reviewed journal article,Ennio R. Sanchez; Simon Wing; Emma Spanswick; Eric Donovan,THEMIS ASI,unverified,0,1
10.1029/2011ja017309,Counterstreaming auroral structures during substorm expansion,2012,Journal of Geophysical Research: Space Physics,American Geophysical Union (AGU),Peer-reviewed journal article,Tatyana A. Kornilova; Ilya A. Kornilov,THEMIS ASI,unverified,0,1
10.1029/2011ja017320,Key features of &gt;30 keV electron precipitation during high speed solar wind streams: A superposed epoch analysis,2012,Journal of Geophysical Research: Space Physics,American Geophysical Union (AGU),Peer-reviewed journal article,Andrew J. Kavanagh; Farideh Honary; Eric F. Donovan; T. Ulich; Michael H. Denton,CANOPUS,unverified,0,1
10.1029/2011ja017323,Dayside and nightside segments of a polar arc: The particle characteristics,2012,Journal of Geophysical Research: Space Physics,American Geophysical Union (AGU),Peer-reviewed journal article,Jaeheung Park; K.W. Min; G. K. Parks; Y. Zhang; J.-J. Lee; Joseph Benjamin Harold Baker; H. J. Kim; Junga Hwang; Kiyofumi Yumoto; T. Uozumi; C. N. Lee,SuperDARN,unverified,0,1
10.1029/2011ja017327,Upstream‐generated Pc3 ULF wave signatures observed near the Earth's cusp,2012,Journal of Geophysical Research: Space Physics,American Geophysical Union (AGU),Peer-reviewed journal article,T. K. Yeoman; Darren M. Wright; Mark J. Engebretson; Marc R. Lessard; V. A. Pilipenko; H. Kim,SuperDARN,unverified,0,1
10.1029/2011ja017335,Ground‐based magnetometer determination of in situ Pc4–5 ULF electric field wave spectra as a function of solar wind speed,2012,Journal of Geophysical Research: Space Physics,American Geophysical Union (AGU),Peer-reviewed journal article,I. Jonathan Rae; Ian. R. Mann; Kyle R. Murphy; Louis G. Ozeke; David K. Milling; Anthony A. Chan; Scot R. Elkington; Farideh Honary,CARISMA,unverified,0,1
10.1029/2011ja017357,A statistical study of the relative locations of electron and proton auroral boundaries inferred from meridian scanning photometer observations,2012,Journal of Geophysical Research: Space Physics,American Geophysical Union (AGU),Peer-reviewed journal article,Ying Zou; Yukitoshi Nishimura; L. R. Lyons; Eric F. Donovan,THEMIS ASI,unverified,0,1
10.1029/2011ja017361,Multipoint observations of dipolarization front formation by magnetotail reconnection,2012,Journal of Geophysical Research: Space Physics,American Geophysical Union (AGU),Peer-reviewed journal article,Andrei Runov; V. Angelopoulos; X.-Z. Zhou,THEMIS ASI,unverified,0,1
10.1029/2011ja017383,Statistical characteristics of small‐scale spatial and temporal electric field variability in the high‐latitude ionosphere,2012,Journal of Geophysical Research: Space Physics,American Geophysical Union (AGU),Peer-reviewed journal article,E. D. P. Cousins; S. G. Shepherd,SuperDARN,unverified,0,1
10.1029/2011ja017407,Comparison between SuperDARN flow vectors and equivalent ionospheric currents from ground magnetometer arrays,2012,Journal of Geophysical Research: Space Physics,American Geophysical Union (AGU),Peer-reviewed journal article,James Michael Weygand; Olaf Amm; V. Angelopoulos; S. E. Milan; Adrian Grocott; H. Gleisner; Claudia Stolle,SuperDARN; CARISMA,unverified,0,2
10.1029/2011ja017423,GPS total electron content variations associated with poleward moving Sun‐aligned arcs,2012,Journal of Geophysical Research: Space Physics,American Geophysical Union (AGU),Peer-reviewed journal article,Periyadan T. Jayachandran; Keisuke Hosokawa; Kazuo Shiokawa; Yuichi Otsuka; C. Watson; Sajan C. Mushini; John W. MacDougall; Paul Prikryl; Richard Chadwick; T. D. Kelly,CHAIN,unverified,0,1
10.1029/2011ja017463,ULF wave derived radiation belt radial diffusion coefficients,2012,Journal of Geophysical Research: Space Physics,American Geophysical Union (AGU),Peer-reviewed journal article,Louis G. Ozeke; Ian. R. Mann; Kyle R. Murphy; I. Jonathan Rae; David K. Milling; Scot R. Elkington; Anthony A. Chan; Howard J. Singer,CARISMA,unverified,0,1
10.1029/2011ja017483,Correlation as a global measure of geomagnetic activity: Phase boundaries and a precedent line of nodes,2012,Journal of Geophysical Research: Space Physics,American Geophysical Union (AGU),Peer-reviewed journal article,Russell Cosgrove; Ennio Sanchez,CARISMA,unverified,0,1
10.1029/2011jd015589,Verification of the mesospheric winds within the Canadian Middle Atmosphere Model Data Assimilation System using radar measurements,2011,Journal of Geophysical Research,American Geophysical Union (AGU),Peer-reviewed journal article,Xiaoyong Xu; Alan H. Manson; Chris E. Meek; Ch. Jacobi; C. M. Hall; James R. Drummond,DNT,unverified,0,1
10.1029/2011rs004676,A new approach for identifying ionospheric backscatter in midlatitude SuperDARN HF radar observations,2011,Radio Science,American Geophysical Union (AGU),Peer-reviewed journal article,Alvaro J. Ribeiro; J. M. Ruohoniemi; Joseph Benjamin Harold Baker; Lasse Boy Novock Clausen; Sebastien De Larquier; R. A. Greenwald,SuperDARN,unverified,0,1
10.1029/2011rs004947,"Resolute Bay CADI ionosonde drifts, PolarDARN HF velocities, and cross polar cap potential",2012,Radio Science,American Geophysical Union (AGU),Peer-reviewed journal article,D. Mori; A. V. Koustov; Periyadan T. Jayachandran; Nozomu Nishitani,RISR-C; CHAIN; SuperDARN_CA; SuperDARN,unverified,0,4
10.1029/2011rs004971,Contrasting the responses of three different ground‐based instruments to energetic electron precipitation,2012,Radio Science,American Geophysical Union (AGU),Peer-reviewed journal article,Craig J. Rodger; Mark A. Clilverd; Andrew J. Kavanagh; Clare E. J. Watt; Pekka T. Verronen; Tero Raita,CHAIN,unverified,0,1
10.1029/2012gl050859,Recent advances in understanding substorm dynamics,2012,Geophysical Research Letters,American Geophysical Union (AGU),Peer-reviewed journal article,Victor A. Sergeev; V. Angelopoulos; Rumi Nakamura,THEMIS ASI,unverified,0,1
10.1029/2012gl052798,Reduction in field‐aligned currents preceding and local to auroral substorm onset,2012,Geophysical Research Letters,American Geophysical Union (AGU),Peer-reviewed journal article,Kyle R. Murphy; Ian. R. Mann; I. Jonathan Rae; Colin L. Waters; Brian J. Anderson; David K. Milling; Howard J. Singer; Haje Korth,THEMIS ASI; CARISMA,unverified,0,2
10.1029/2012gl053761,Relation of substorm pre‐onset arc to large‐scale field‐aligned current distribution,2012,Geophysical Research Letters,American Geophysical Union (AGU),Peer-reviewed journal article,Yukitoshi Nishimura; L. R. Lyons; Takashi Kikuchi; V. Angelopoulos; Eric F. Donovan; Stephen B. Mende; Hermann Lühr,THEMIS ASI,unverified,0,1
10.1029/2012gm001349,The Role of Ultralow Frequency Waves in Radiation Belt Dynamics,2013,Geophysical Monograph Series,American Geophysical Union (AGU),Book chapter,Ian. R. Mann; Kyle R. Murphy; Louis G. Ozeke; I. Jonathan Rae; David K. Milling; Andy A. Kale; Farideh F. Honary,CARISMA,unverified,0,1
10.1029/2012ja017534,"The correlation of ULF waves and auroral intensity before, during and after substorm expansion phase onset",2012,Journal of Geophysical Research: Space Physics,American Geophysical Union (AGU),Peer-reviewed journal article,I. Jonathan Rae; Clare E. J. Watt; Kyle R. Murphy; Harald U. Frey; Louis G. Ozeke; David K. Milling; Ian. R. Mann,THEMIS ASI; CARISMA,unverified,0,2
10.1029/2012ja017580,A quantitative deconstruction of the morphology of high‐latitude ionospheric convection,2012,Journal of Geophysical Research: Space Physics,American Geophysical Union (AGU),Peer-reviewed journal article,Adrian Grocott; S. E. Milan; S. M. Imber; Mark Lester; T. K. Yeoman,SuperDARN_CA; SuperDARN,unverified,0,2
10.1029/2012ja017676,Dipolarization fronts and associated auroral activities: 1. Conjugate observations and perspectives from global MHD simulations,2012,Journal of Geophysical Research: Space Physics,American Geophysical Union (AGU),Peer-reviewed journal article,Y. S. Ge; X.-Z. Zhou; Jun Liang; Joachim Raeder; M. L. Gilson; Eric Donovan; V. Angelopoulos; Andrei Runov,THEMIS ASI; CANOPUS,partially_verified,1,2
10.1029/2012ja017690,Comparing the cross polar cap potentials measured by SuperDARN and AMIE during saturation intervals,2012,Journal of Geophysical Research: Space Physics,American Geophysical Union (AGU),Peer-reviewed journal article,Ye Gao,SuperDARN,unverified,0,1
10.1029/2012ja017755,Response of ionospheric convection to sharp southward IMF turnings inferred from magnetometer and radar data,2012,Journal of Geophysical Research: Space Physics,American Geophysical Union (AGU),Peer-reviewed journal article,Robyn A. D. Fiori; David H. Boteler; A. V. Koustov,SuperDARN_CA; SuperDARN,unverified,0,2
10.1029/2012ja017768,Tailward leap of multiple expansions of the plasma sheet during a moderately intense substorm: THEMIS observations,2012,Journal of Geophysical Research: Space Physics,American Geophysical Union (AGU),Peer-reviewed journal article,Yonghui Ma; Chao Shen; V. Angelopoulos; A. T. Y. Lui; Xinlin Li; Harald U. Frey; Malcolm Dunlop; H. U. Auster; James P. McFadden; Davin Larson,THEMIS ASI,unverified,0,1
10.1029/2012ja017830,Ionospheric flows relating to transpolar arc formation,2012,Journal of Geophysical Research: Space Physics,American Geophysical Union (AGU),Peer-reviewed journal article,Robert C. Fear; S. E. Milan,SuperDARN_CA; SuperDARN,unverified,0,2
10.1029/2012ja017866,A statistical analysis of SuperDARN scattering volume electron densities and velocity corrections using a radar frequency shifting technique,2012,Journal of Geophysical Research: Space Physics,American Geophysical Union (AGU),Peer-reviewed journal article,Robert G. Gillies; Glenn C. Hussey; George J. Sofko; Kathryn A. McWilliams,SuperDARN_CA; SuperDARN,unverified,0,2
10.1029/2012ja017889,Formation of substorm Pi2: A coherent response to auroral streamers and currents,2012,Journal of Geophysical Research: Space Physics,American Geophysical Union (AGU),Peer-reviewed journal article,Yukitoshi Nishimura; L. R. Lyons; Takashi Kikuchi; V. Angelopoulos; Eric Donovan; Stephen Mende; Peter J. Chi; Tsutomu Nagatsuma,THEMIS ASI,unverified,0,1
10.1029/2012ja017929,Statistical maps of small‐scale electric field variability in the high‐latitude ionosphere,2012,Journal of Geophysical Research: Space Physics,American Geophysical Union (AGU),Peer-reviewed journal article,E. D. P. Cousins; S. G. Shepherd,SuperDARN,unverified,0,1
10.1029/2012ja017961,Space‐time variability of polar cap patches: Direct evidence for internal plasma structuring,2012,Journal of Geophysical Research: Space Physics,American Geophysical Union (AGU),Peer-reviewed journal article,H. Dahlgren; Gareth William Perry; J. L. Semeter; J.-P. St.-Maurice; Keisuke Hosokawa; Michael J. Nicolls; M. Greffen; Kazuo Shiokawa; Craig Heinselman,NASCAM; RISR-C; SuperDARN_CA; SuperDARN,unverified,0,4
10.1029/2012ja018128,Birth and life of auroral arcs embedded in the evening auroral oval convection: A critical comparison of observations with theory,2012,Journal of Geophysical Research: Space Physics,American Geophysical Union (AGU),Peer-reviewed journal article,Gerhard Haerendel; Harald U. Frey; Christopher C. Chaston; Olaf Amm; Liisa Juusola; Rumi Nakamura; E. Seran; James Michael Weygand,THEMIS ASI; SuperDARN_CA; SuperDARN,unverified,0,3
10.1029/2012ja018161,"If substorm onset triggers tail reconnection, what triggers substorm onset?",2012,Journal of Geophysical Research: Space Physics,American Geophysical Union (AGU),Peer-reviewed journal article,Weining William Liu; Jun Liang; Eric F. Donovan; Emma Spanswick,THEMIS ASI; CARISMA,unverified,0,2
10.1029/2012ja018165,Periodicities of polar cap patches,2013,Journal of Geophysical Research: Space Physics,American Geophysical Union (AGU),Peer-reviewed journal article,Keisuke Hosokawa; Satoshi Taguchi; Yasunobu Ogawa; T. Aoki,SuperDARN_CA; SuperDARN,unverified,0,2
10.1029/2012ja018180,Visualization of ion cyclotron wave and particle interactions in the inner magnetosphere via THEMIS‐ASI observations,2012,Journal of Geophysical Research: Space Physics,American Geophysical Union (AGU),Peer-reviewed journal article,Kaori Sakaguchi; Yoshizumi Miyoshi; Emma Spanswick; Eric Donovan; Ian. R. Mann; V. Jordanova; Kazuo Shiokawa; Martin Connors; J. C. Green,THEMIS ASI; CARISMA,unverified,0,2
10.1029/2012ja018222,The Heppner‐Maynard Boundary measured by SuperDARN as a proxy for the latitude of the auroral oval,2013,Journal of Geophysical Research: Space Physics,American Geophysical Union (AGU),Peer-reviewed journal article,S. M. Imber; S. E. Milan; Mark Lester,SuperDARN,unverified,0,1
10.1029/2012sw000800,Toward the probabilistic forecasting of high‐latitude GPS phase scintillation,2012,Space Weather,American Geophysical Union (AGU),Peer-reviewed journal article,Paul Prikryl; Periyadan T. Jayachandran; Sajan C. Mushini; Ian G. Richardson,CHAIN,unverified,0,1
10.1029/2017ja024375,Longitudinal Development of Poleward Boundary Intensifications (PBIs) of Auroral Emission,2018,Journal of Geophysical Research: Space Physics,American Geophysical Union (AGU),Peer-reviewed journal article,S. Ohtani; Tetsuo Motoba; Jesper W. Gjerloev; J. M. Ruohoniemi; Eric F. Donovan; Akimasa Yoshikawa,THEMIS ASI; SuperDARN_CA; SuperDARN,unverified,0,3
10.1029/2017ja024405,On the Persistent Shape and Coherence of Pulsating Auroral Patches,2018,Journal of Geophysical Research: Space Physics,American Geophysical Union (AGU),Peer-reviewed journal article,B. K. Humberset; Jesper W. Gjerloev; Ian. R. Mann; Robert G. Michell; Marilia Samara,SuperDARN,unverified,0,1
10.1029/2017ja024701,Subsidence of Ionospheric Flows Triggered by Magnetotail Magnetic Reconnection During Transpolar Arc Brightening,2018,Journal of Geophysical Research: Space Physics,American Geophysical Union (AGU),Peer-reviewed journal article,Motoharu Nowada; Robert C. Fear; Adrian Grocott; Quan-Qi Shi; Jun Yang; Qiu-Gang Zong; Yong Wei; Sui-Yan Fu; Zu-Yin Pu; Bagrat Mailyan; Hui Zhang,SuperDARN,unverified,0,1
10.1029/2017ja024846,Dayside Magnetospheric and Ionospheric Responses to a Foreshock Transient on 25 June 2008: 2. 2‐D Evolution Based on Dayside Auroral Imaging,2018,Journal of Geophysical Research: Space Physics,American Geophysical Union (AGU),Peer-reviewed journal article,Boyi Wang; Yukitoshi Nishimura; Heli Hietala; Xiao-Chen Shen; Quanqi Shi; Hui Zhang; Larry Lyons; Ying Zou; Vassilis Angelopoulos; Yusuke Ebihara; Allan Weatherwax,THEMIS ASI,unverified,0,1
10.1029/2017ja024954,Impacts of Magnetosheath High‐Speed Jets on the Magnetosphere and Ionosphere Measured by Optical Imaging and Satellite Observations,2018,Journal of Geophysical Research: Space Physics,American Geophysical Union (AGU),Peer-reviewed journal article,Boyi Wang; Yukitoshi Nishimura; Heli Hietala; Larry Lyons; Vassilis Angelopoulos; Ferdinand Plaschke; Yusuke Ebihara; Allan Weatherwax,THEMIS ASI,unverified,0,1
10.1029/2017ja025033,Survey of Ionospheric Pc3‐5 ULF Wave Signatures in SuperDARN High Time Resolution Data,2018,Journal of Geophysical Research: Space Physics,American Geophysical Union (AGU),Peer-reviewed journal article,X. Shi; J. M. Ruohoniemi; Joseph Benjamin Harold Baker; Dong Lin; Emma C. Bland; Michael D. Hartinger; Wayne A. Scales,SuperDARN_CA; SuperDARN,unverified,0,2
10.1029/2017ja025051,Observations of Asymmetries in Ionospheric Return Flow During Different Levels of Geomagnetic Activity,2018,Journal of Geophysical Research: Space Physics,American Geophysical Union (AGU),Peer-reviewed journal article,Jone Peter Reistad; Nikolai Østgaard; Karl M. Laundal; Anders Ohma; Kristian Snekvik; Paul Tenfjord; Adrian Grocott; Kjellmar Oksavik; S. E. Milan; Stein Haaland,SuperDARN,unverified,0,1
10.1029/2017ja025087,Van Allen Probes Observations of Drift‐Bounce Resonance and Energy Transfer Between Energetic Ring Current Protons and Poloidal Pc4 Wave,2018,Journal of Geophysical Research: Space Physics,American Geophysical Union (AGU),Peer-reviewed journal article,S. Oimatsu; Masahito Nosé; Kazue Takahashi; Kazuhiro Yamamoto; Kunihiro Keika; C. A. Kletzing; Charles W. Smith; Robert J. Macdowall; D. G. Mitchell,CARISMA,unverified,0,1
10.1029/2017ja025123,Poloidal Mode Wave‐Particle Interactions Inferred From Van Allen Probes and CARISMA Ground‐Based Observations,2018,Journal of Geophysical Research: Space Physics,American Geophysical Union (AGU),Peer-reviewed journal article,C. Wang; Robert Rankin; Y. Wang; Q.-G. Zong; X. Zhou; Kazue Takahashi; Richard Marchand; A. W. Degeling,CARISMA,unverified,0,1
10.1029/2017ja025138,Ionospheric Electron Heating Associated With Pulsating Auroras: Joint Optical and PFISR Observations,2018,Journal of Geophysical Research: Space Physics,American Geophysical Union (AGU),Peer-reviewed journal article,Jun Liang; Eric Donovan; Ashton Reimer; D. Hampton; Shasha Zou; Roger Varney,REGO,unverified,0,1
10.1029/2017ja025139,Van Allen Probes Observation of a Fundamental Poloidal Standing Alfvén Wave Event Related to Giant Pulsations,2018,Journal of Geophysical Research: Space Physics,American Geophysical Union (AGU),Peer-reviewed journal article,Kazue Takahashi; Seth G. Claudepierre; Robert Rankin; Ian. R. Mann; Charles W. Smith,CARISMA,unverified,0,1
10.1029/2017jb015257,A Robust Estimation of the 3‐D Intraplate Deformation of the North American Plate From GPS,2018,Journal of Geophysical Research: Solid Earth,American Geophysical Union (AGU),Peer-reviewed journal article,Corné Kreemer; William C. Hammond; Geoffrey Blewitt,CHAIN,unverified,0,1
10.1029/2017rs006435,"Large‐Scale Comparison of Polar Cap Ionospheric Velocities Measured by RISR‐C, RISR‐N, and SuperDARN",2018,Radio Science,American Geophysical Union (AGU),Peer-reviewed journal article,Robert G. Gillies; Gareth William Perry; A. V. Koustov; Roger. H. Varney; Ashton S. Reimer; Emma Spanswick; J.-P. St.-Maurice; Eric Donovan,RISR-C; CHAIN; SuperDARN_CA; SuperDARN,unverified,0,4
10.1029/2017rs006492,Calibrating SuperDARN Interferometers Using Meteor Backscatter,2018,Radio Science,American Geophysical Union (AGU),Peer-reviewed journal article,Gareth Chisham,SuperDARN_CA; SuperDARN,unverified,0,2
10.1029/2018gl077491,A Statistical Survey of the 630.0‐nm Optical Signature of Periodic Auroral Arcs Resulting From Magnetospheric Field Line Resonances,2018,Geophysical Research Letters,American Geophysical Union (AGU),Peer-reviewed journal article,D. Megan Gillies; David Knudsen; Robert Rankin; Stephen Milan; Eric Donovan,REGO; THEMIS ASI,unverified,0,2
10.1029/2018gl077969,Energetic Electron Injections Deep Into the Inner Magnetosphere: A Result of the Subauroral Polarization Stream (SAPS) Potential Drop,2018,Geophysical Research Letters,American Geophysical Union (AGU),Peer-reviewed journal article,Solène Lejosne; Bharat S. R. Kunduri; F. S. Mozer; Drew L. Turner,SuperDARN,unverified,0,1
10.1029/2018gl078509,On the Origin of STEVE: Particle Precipitation or Ionospheric Skyglow?,2018,Geophysical Research Letters,American Geophysical Union (AGU),Peer-reviewed journal article,B. Gallardo-Lacourt; Jun Liang; Yukitoshi Nishimura; Eric Donovan,REGO; THEMIS ASI,unverified,0,2
10.1029/2018gl078589,A Case Study of Near‐Earth Magnetotail Conditions at Substorm and Pseudosubstorm Onsets,2018,Geophysical Research Letters,American Geophysical Union (AGU),Peer-reviewed journal article,Yukinaga Miyashita; V. Angelopoulos; Kento Fukui; Shinobu Machida,THEMIS ASI; CARISMA,unverified,0,2
10.1029/2018gl078723,Temporal and Spatial Variations of Storm Time Midlatitude Ionospheric Trough Based on Global GNSS‐TEC and Arase Satellite Observations,2018,Geophysical Research Letters,American Geophysical Union (AGU),Peer-reviewed journal article,Atsuki Shinbori; Yuichi Otsuka; Takuya Tsugawa; Michi Nishioka; Atsushi Kumamoto; Fuminori Tsuchiya; Shoya Matsuda; Yoshiya Kasahara; Ayako Matsuoka; J. Michael Ruohoniemi; Simon G. Shepherd; Nozomu Nishitani,CARISMA,unverified,0,1
10.1029/2018gl078957,Asymmetry in Stimulated Emission Polarization and Irregularity Evolution During Ionospheric Electron Gyroharmonic Heating,2018,Geophysical Research Letters,American Geophysical Union (AGU),Peer-reviewed journal article,H. Y. Fu; Wayne A. Scales; P. A. Bernhardt; Y. Q. Jin; S. J. Briczinski,SuperDARN,unverified,0,1
10.1029/2018gl079777,Substorm‐Associated Ionospheric Flow Fluctuations During the 27 March 2017 Magnetic Storm: SuperDARN‐Arase Conjunction,2018,Geophysical Research Letters,American Geophysical Union (AGU),Peer-reviewed journal article,T. Hori; Nozomu Nishitani; S. G. Shepherd; J. M. Ruohoniemi; Martin Connors; Mariko Teramoto; S. Nakano; Kanako Seki; Naoko Takahashi; Satoshi Kasahara; Shoichiro Yokota; Takefumi Mitani; Takeshi Takashima; N. Higashio; Ayako Matsuoka; Kazushi Asamura; Yoichi Kazama; S.-Y. Wang; Sunny W. Y. Tam; T.-F. Chang; B.-J. Wang; Yoshizumi Miyoshi; Iku Shinohara,THEMIS ASI; SuperDARN; AUTUMNX,unverified,0,3
10.1029/2018gl080126,Temporal and Spatial Correspondence of Pc1/EMIC Waves and Relativistic Electron Precipitations Observed With Ground‐Based Multi‐Instruments on 27 March 2017,2018,Geophysical Research Letters,American Geophysical Union (AGU),Peer-reviewed journal article,Asuka Hirai; Fuminori Tsuchiya; Takahiro Obara; Yasumasa Kasaba; Yuto Katoh; Hiroaki Misawa; Kazuo Shiokawa; Yoshizumi Miyoshi; Satoshi Kurita; Shoya Matsuda; Martin Connors; Tsutomu Nagatsuma; Kaori Sakaguchi; Y. Kasahara; Atsushi Kumamoto; Ayako Matsuoka; Masafumi Shoji; Iku Shinohara; J. M. Albert,THEMIS ASI; CARISMA,unverified,0,2
10.1029/2018gl080145,Electrostatic Electron Cyclotron Harmonic Waves as a Candidate to Cause Pulsating Auroras,2018,Geophysical Research Letters,American Geophysical Union (AGU),Peer-reviewed journal article,Mizuki Fukizawa; Takeshi Sakanoi; Yoshizumi Miyoshi; Keisuke Hosokawa; Kazuo Shiokawa; Yuto Katoh; Yoichi Kazama; Atsushi Kumamoto; Fuminori Tsuchiya; Yukinaga Miyashita; Y.-M. Tanaka; Y. Kasahara; Mitsunori Ozaki; Ayako Matsuoka; Shoya Matsuda; M. Hikishima; S. Oyama; Yasunobu Ogawa; Satoshi Kurita; Ryoichi Fujii,REGO,unverified,0,1
10.1029/2018gl080222,Energetic Electron Precipitation Associated With Pulsating Aurora Observed by VLF Radio Propagation During the Recovery Phase of a Substorm on 27 March 2017,2018,Geophysical Research Letters,American Geophysical Union (AGU),Peer-reviewed journal article,Fuminori Tsuchiya; Asuka Hirai; Takahiro Obara; Hiroaki Misawa; Satoshi Kurita; Yoshizumi Miyoshi; Kazuo Shiokawa; Martin Connors; Mitsunori Ozaki; Y. Kasahara; Atsushi Kumamoto; Yasumasa Kasaba; Ayako Matsuoka; Masafumi Shoji; Iku Shinohara,THEMIS ASI,unverified,0,1
10.1029/2018gl080693,Large‐Scale Ducting of Pc1 Pulsations Observed by Swarm Satellites and Multiple Ground Networks,2018,Geophysical Research Letters,American Geophysical Union (AGU),Peer-reviewed journal article,Hyangpyo Kim; Junga Hwang; Jaeheung Park; Yukinaga Miyashita; Kazuo Shiokawa; Ian. R. Mann; Tero Raita; Jaejin Lee,CARISMA,unverified,0,1
10.1029/2018gl081446,Evolution of the Subauroral Polarization Stream Oscillations During the Severe Geomagnetic Storm on 20 November 2003,2019,Geophysical Research Letters,American Geophysical Union (AGU),Peer-reviewed journal article,Fei He; Xiao-Xin Zhang; Wenbin Wang; Zu-Yin Pu; Qiu-Gang Zong; Zhonghua Yao; Yong Wei; Zhi-Peng Ren; Xinan Yue; Libo Liu; Weixing Wan,SuperDARN,unverified,0,1
10.1029/2018gl081539,Storm Time Mesoscale Plasma Flows in the Nightside High‐Latitude Ionosphere: A Statistical Survey of Characteristics,2019,Geophysical Research Letters,American Geophysical Union (AGU),Peer-reviewed journal article,Christine Gabrielse; Victor Pinto; Yukitoshi Nishimura; Larry Lyons; Bea Gallardo-Lacourt; Yue Deng,SuperDARN_CA; SuperDARN,unverified,0,2
10.1029/2018ja025274,Automatic Classification of Auroral Images From the Oslo Auroral THEMIS (OATH) Data Set Using Machine Learning,2018,Journal of Geophysical Research: Space Physics,American Geophysical Union (AGU),Peer-reviewed journal article,Lasse Boy Novock Clausen; Hannes Nickisch,THEMIS ASI,unverified,0,1
10.1029/2018ja025354,Ion Injection Triggered EMIC Waves in the Earth's Magnetosphere,2018,Journal of Geophysical Research: Space Physics,American Geophysical Union (AGU),Peer-reviewed journal article,B. Remya; David G. Sibeck; Alexa Jean Halford; Kyle R. Murphy; G. D. Reeves; Howard J. Singer; John R. Wygant; G. Farinas Perez; S. A. Thaller,CARISMA,unverified,0,1
10.1029/2018ja025367,TID Observations and Source Analysis During the 2017 Memorial Day Weekend Geomagnetic Storm Over North America,2018,Journal of Geophysical Research: Space Physics,American Geophysical Union (AGU),Peer-reviewed journal article,Olusegun F. Jonah; A. Coster; Shunrong Zhang; Larisa Goncharenko; Philip J. Erickson; E. R. De Paula; E. A. Kherani,CHAIN; AUTUMNX,partially_verified,1,2
10.1029/2018ja025368,A Statistical Analysis of STEVE,2018,Journal of Geophysical Research: Space Physics,American Geophysical Union (AGU),Peer-reviewed journal article,Bea Gallardo-Lacourt; Yukitoshi Nishimura; Eric Donovan; D. Megan Gillies; Gareth William Perry; William E. Archer; O. A. Nava; Emma L. Spanswick,REGO; THEMIS ASI,unverified,0,2
10.1029/2018ja025409,Swarm Satellite and EISCAT Radar Observations of a Plasma Flow Channel in the Auroral Oval Near Magnetic Midnight,2018,Journal of Geophysical Research: Space Physics,American Geophysical Union (AGU),Peer-reviewed journal article,A. T. Aikio; Heikki Vanhamäki; A. B. Workayehu; I. I. Virtanen; Kirsti Kauristie; Liisa Juusola; Stephan Buchert; David Knudsen,SuperDARN,unverified,0,1
10.1029/2018ja025440,Statistical Properties of Mesoscale Plasma Flows in the Nightside High‐Latitude Ionosphere,2018,Journal of Geophysical Research: Space Physics,American Geophysical Union (AGU),Peer-reviewed journal article,Christine Gabrielse; Yukitoshi Nishimura; Larry Lyons; Beatriz Gallardo-Lacourt; Yue Deng; Eric Donovan,THEMIS ASI; SuperDARN_CA; SuperDARN,unverified,0,3
10.1029/2018ja025476,"Simulation and Observation of Lunar Tide Effect on High‐Latitude, Mesospheric and Lower Thermospheric Winds During the 2013 Sudden Stratospheric Warming Event",2019,Journal of Geophysical Research: Space Physics,American Geophysical Union (AGU),Peer-reviewed journal article,Qian Wu; William Ward; Sam Kristoffersen; A. Maute; J. Liu,DNT,unverified,0,1
10.1029/2018ja025480,Magnetospheric Source Region of Auroral Finger‐like Structures Observed by the RBSP‐A Satellite,2018,Journal of Geophysical Research: Space Physics,American Geophysical Union (AGU),Peer-reviewed journal article,Katsuki Nishi; Kazuo Shiokawa; Harlan Spence,THEMIS ASI,unverified,0,1
10.1029/2018ja025505,EMIC Wave Events During the Four GEM QARBM Challenge Intervals,2018,Journal of Geophysical Research: Space Physics,American Geophysical Union (AGU),Peer-reviewed journal article,Mark J. Engebretson; J. L. Posch; D. J. Braun; W. Li; Qianli Ma; Adam C. Kellerman; C.-L. Huang; Shri G. Kanekal; C. A. Kletzing; John R. Wygant; Harlan E. Spence; Daniel N. Baker; J. F. Fennell; V. Angelopoulos; Howard J. Singer; Marc R. Lessard; Richard B. Horne; Tero Raita; Kazuo Shiokawa; Ravil Rakhmatulin; E. Dmitriev; E. Ermakova,CARISMA,unverified,0,1
10.1029/2018ja025588,Utilizing the Heliophysics/Geospace System Observatory to Understand Particle Injections: Their Scale Sizes and Propagation Directions,2019,Journal of Geophysical Research: Space Physics,American Geophysical Union (AGU),Peer-reviewed journal article,Christine Gabrielse; Emma Spanswick; Anton Artemyev; Yukitoshi Nishimura; Andrei Runov; Larry Lyons; Vassilis Angelopoulos; Drew L. Turner; Geoffrey D. Reeves; Robert McPherron; Eric Donovan,THEMIS ASI; SuperDARN_CA; SuperDARN; GO_RIO,unverified,0,4
10.1029/2018ja025621,Statistical Characteristics of Polar Cap Patches Observed by RISR‐C,2018,Journal of Geophysical Research: Space Physics,American Geophysical Union (AGU),Peer-reviewed journal article,Jiaen Ren; Shasha Zou; Robert G. Gillies; Eric Donovan; Roger. H. Varney,RISR-C,unverified,0,1
10.1029/2018ja025690,A New Empirical Model of the Subauroral Polarization Stream,2018,Journal of Geophysical Research: Space Physics,American Geophysical Union (AGU),Peer-reviewed journal article,Bharat S. R. Kunduri; Joseph Benjamin Harold Baker; J. M. Ruohoniemi; Nozomu Nishitani; Kjellmar Oksavik; Philip J. Erickson; A. J. Coster; S. G. Shepherd; William. A. Bristow; E. S. Miller,SuperDARN,unverified,0,1
10.1029/2018ja025744,IPIM Modeling of the Ionospheric <i>F</i><sub>2</sub> Layer Depletion at High Latitudes During a High‐Speed Stream Event,2018,Journal of Geophysical Research: Space Physics,American Geophysical Union (AGU),Peer-reviewed journal article,A. Marchaudon; P.-L. Blelly; Maxime Grandin; Anita Aikio; A. Kozlovsky; I. Virtanen,SuperDARN,unverified,0,1
10.1029/2018ja025751,Variations of Field Line Eigenfrequencies With Ring Current Intensity,2018,Journal of Geophysical Research: Space Physics,American Geophysical Union (AGU),Peer-reviewed journal article,Jasmine K. Sandhu; T. K. Yeoman; I. Jonathan Rae,CARISMA,unverified,0,1
10.1029/2018ja025759,Determination of the Refractive Contribution to GPS Phase “Scintillation”,2019,Journal of Geophysical Research: Space Physics,American Geophysical Union (AGU),Peer-reviewed journal article,Anthony M. McCaffrey; Periyadan T. Jayachandran,CHAIN,unverified,0,1
10.1029/2018ja025806,Multiinstrument Studies of Thermospheric Weather Above Alaska,2018,Journal of Geophysical Research: Space Physics,American Geophysical Union (AGU),Peer-reviewed journal article,M. G. Conde; William. A. Bristow; D. L. Hampton; J. Elliott,SuperDARN_CA; SuperDARN,unverified,0,2
10.1029/2018ja025859,Identifying ULF Wave Eigenfrequencies in SuperDARN Backscatter Using a Lomb‐Scargle Cross‐Phase Analysis,2019,Journal of Geophysical Research: Space Physics,American Geophysical Union (AGU),Peer-reviewed journal article,S. J. Wharton; Darren M. Wright; T. K. Yeoman; Ashton S. Reimer,SuperDARN,unverified,0,1
10.1029/2018ja025966,Leveraging Commercial Cubesat Constellations for Auroral Science: A Case Study,2019,Journal of Geophysical Research: Space Physics,American Geophysical Union (AGU),Peer-reviewed journal article,J. Brent Parham; Vincent Beukelaers; Lawrence Leung; James Mason; Brian Walsh; Joshua Semeter,THEMIS ASI,unverified,0,1
10.1029/2018ja025980,Identification of Auroral Zone Activity Driving Large‐Scale Traveling Ionospheric Disturbances,2019,Journal of Geophysical Research: Space Physics,American Geophysical Union (AGU),Peer-reviewed journal article,L. R. Lyons; Yukitoshi Nishimura; S.-R. Zhang; A. J. Coster; Asti Bhatt; Elizabeth Kendall; Yue Deng,THEMIS ASI,unverified,0,1
10.1029/2018ja025984,"MMS, Van Allen Probes, GOES 13, and Ground‐Based Magnetometer Observations of EMIC Wave Events Before, During, and After a Modest Interplanetary Shock",2018,Journal of Geophysical Research: Space Physics,American Geophysical Union (AGU),Peer-reviewed journal article,Mark J. Engebretson; J. L. Posch; N. S. S. Capman; N. G. Campuzano; P. Bělik; R. C. Allen; Sarah K. Vines; Brian J. Anderson; Sheng Tian; Cynthia A. Cattell; John R. Wygant; Stephen A. Fuselier; M. R. Argall; Marc R. Lessard; Roy B. Torbert; Mark B. Moldwin; Michael D. Hartinger; H. Kim; Christopher T. Russell; C. A. Kletzing; G. D. Reeves; Howard J. Singer,CARISMA,unverified,0,1
10.1029/2018ja025997,High‐Resolution Local Measurements of <i>F</i> Region Ion Temperatures and Joule Heating Rates Using SuperDARN and Ground‐Based Optics,2019,Journal of Geophysical Research: Space Physics,American Geophysical Union (AGU),Peer-reviewed journal article,A. Kiene; William. A. Bristow; M. G. Conde; D. L. Hampton,SuperDARN,unverified,0,1
10.1029/2018ja026003,Long‐Lasting Poloidal ULF Waves Observed by Multiple Satellites and High‐Latitude SuperDARN Radars,2018,Journal of Geophysical Research: Space Physics,American Geophysical Union (AGU),Peer-reviewed journal article,X. Shi; Joseph Benjamin Harold Baker; J. M. Ruohoniemi; Michael D. Hartinger; Kyle R. Murphy; Juan V. Rodriguez; Yukitoshi Nishimura; Kathryn A. McWilliams; V. Angelopoulos,SuperDARN_CA; SuperDARN; CARISMA,unverified,0,3
10.1029/2018ja026067,How Well Can We Estimate Pedersen Conductance From the THEMIS White‐Light All‐Sky Cameras?,2019,Journal of Geophysical Research: Space Physics,American Geophysical Union (AGU),Peer-reviewed journal article,M. M. Lam; Mervyn. P. Freeman; C. M. Jackman; I. Jonathan Rae; Nadine M. E. Kalmoni; Jasmine K. Sandhu; Colin Forsyth,THEMIS ASI,unverified,0,1
10.1029/2018ja026168,Statistical Study of Selective Oxygen Increase in High‐Energy Ring Current Ions During Magnetic Storms,2019,Journal of Geophysical Research: Space Physics,American Geophysical Union (AGU),Peer-reviewed journal article,K. Mitani; Kanako Seki; Kunihiro Keika; M. Gkioulidou; L. J. Lanzerotti; D. G. Mitchell; C. A. Kletzing; Akimasa Yoshikawa; Yuki Obana,AUTUMNX; CARISMA,unverified,0,2
10.1029/2018ja026192,Cosmic Noise Absorption During Solar Proton Events in WACCM‐D and Riometer Observations,2019,Journal of Geophysical Research: Space Physics,American Geophysical Union (AGU),Peer-reviewed journal article,Erkka Heino; Pekka T. Verronen; Antti Kero; Niilo Kalakoski; Noora Partamies,Single Beam Riometer; GO_RIO,unverified,0,2
10.1029/2018ja026225,SuperDARN Evidence for Convection‐Driven Lagrangian Coherent Structures in the Polar Ionosphere,2019,Journal of Geophysical Research: Space Physics,American Geophysical Union (AGU),Peer-reviewed journal article,U. Ramirez; Ningchao Wang; Alex Timothy Chartier; Seebany Datta-Barua,SuperDARN,unverified,0,1
10.1029/2018ja026234,Small‐Scale Aurora Associated With Magnetospheric Flow Vortices After a Solar Wind Dynamic Pressure Decrease,2019,Journal of Geophysical Research: Space Physics,American Geophysical Union (AGU),Peer-reviewed journal article,Huayu Zhao; Xu-Zhi Zhou; Qiu-Gang Zong; James Michael Weygand; Quanqi Shi; Ying Liu; Zhonghua Yao; Yongfu Wang; Xiao-Chen Shen; Jie Ren; Han Liu; Anmin Tian,THEMIS ASI; CARISMA,unverified,0,2
10.1029/2018ja026245,A Comparison of Cross‐Track Ion Drift Measured by the Swarm Satellites and Plasma Convection Velocity Measured by SuperDARN,2019,Journal of Geophysical Research: Space Physics,American Geophysical Union (AGU),Peer-reviewed journal article,A. V. Koustov; D. B. Lavoie; A. F. Kouznetsov; Johnathan K. Burchill; David J. Knudsen; Robyn A. D. Fiori,SuperDARN_CA; SuperDARN,unverified,0,2
10.1029/2018ja026268,"Morphology of Nightside Subauroral Ionospheric Convection: Monthly, Seasonal, Kp, and IMF Dependencies",2019,Journal of Geophysical Research: Space Physics,American Geophysical Union (AGU),Peer-reviewed journal article,M. Maimaiti; Joseph Benjamin Harold Baker; J. M. Ruohoniemi; Bharat Kunduri,SuperDARN,unverified,0,1
10.1029/2018ja026291,Energetic Electron Precipitation: Multievent Analysis of Its Spatial Extent During EMIC Wave Activity,2019,Journal of Geophysical Research: Space Physics,American Geophysical Union (AGU),Peer-reviewed journal article,L. Capannolo; W. Li; Qianli Ma; X.-C. Shen; X.-J. Zhang; Robert J. Redmon; Juan V. Rodriguez; Mark J. Engebretson; C. A. Kletzing; W. S. Kurth; G. B. Hospodarsky; Harlan E. Spence; G. D. Reeves; Tero Raita,CARISMA,unverified,0,1
10.1029/2018ja026309,Multi‐Instrumental Observation of Storm‐Induced Ionospheric Plasma Bubbles at Equatorial and Middle Latitudes,2019,Journal of Geophysical Research: Space Physics,American Geophysical Union (AGU),Peer-reviewed journal article,Iurii Cherniak; Irina Zakharenkova; Sergey Sokolovsky,CHAIN,unverified,0,1
10.1029/2018ja026317,Response of Thermospheric Nightglow Emissions Over the Magnetic Equator to Prompt Penetration Electric Field Events,2019,Journal of Geophysical Research: Space Physics,American Geophysical Union (AGU),Peer-reviewed journal article,C. Vineeth; A. Ajesh; Tarun Kumar Pant; J. M. Ruohoniemi,SuperDARN,unverified,0,1
10.1029/2018ja026345,Global Ionospheric Current System Associated With Penetration Electric Field and New Mechanism for the Generation of Dayside Westward Electric Field at Low Latitudes During Northward IMF,2019,Journal of Geophysical Research: Space Physics,American Geophysical Union (AGU),Peer-reviewed journal article,Chao-Song Huang,SuperDARN,unverified,0,1
10.1029/2018ja026348,On the Relative Strength of Electric and Magnetic ULF Wave Radial Diffusion During the March 2015 Geomagnetic Storm,2019,Journal of Geophysical Research: Space Physics,American Geophysical Union (AGU),Peer-reviewed journal article,Leon Olifer; Ian. R. Mann; Louis G. Ozeke; I. Jonathan Rae; S. K. Morley,AUTUMNX; CARISMA,unverified,0,2
10.1029/2018ja026357,"Can Enhanced Flux Loading by High‐Speed Jets Lead to a Substorm? Multipoint Detection of the Christmas Day Substorm Onset at 08:17 UT, 2015",2019,Journal of Geophysical Research: Space Physics,American Geophysical Union (AGU),Peer-reviewed journal article,Katariina Nykyri; M. Bengtson; V. Angelopoulos; Yukitoshi Nishimura; Simon Wing,THEMIS ASI,unverified,0,1
10.1029/2018ja026437,Energetic Electron Precipitation Occurrence Rates Determined Using the Syowa East SuperDARN Radar,2019,Journal of Geophysical Research: Space Physics,American Geophysical Union (AGU),Peer-reviewed journal article,Emma C. Bland; Noora Partamies; Erkka Heino; Akira Sessai Yukimatu; Hiroshi Miyaoka,SuperDARN,unverified,0,1
10.1029/2018ja026440,Two‐Dimensional Maps of In Situ Ionospheric Plasma Flow Data Near Auroral Arcs Using Auroral Imagery,2019,Journal of Geophysical Research: Space Physics,American Geophysical Union (AGU),Peer-reviewed journal article,Robert Clayton; Kristina Lynch; Matt Zettergren; Meghan Burleigh; Mark Conde; Guy Grubbs; Don Hampton; David Hysell; Marc Lessard; Robert Michell; Ashton Reimer; T. Maximillian Roberts; Marilia Samara; Roger Varney,THEMIS ASI,unverified,0,1
10.1029/2018jd030157,SuperDARN Observations of Semidiurnal Tidal Variability in the MLT and the Response to Sudden Stratospheric Warming Events,2019,Journal of Geophysical Research: Atmospheres,American Geophysical Union (AGU),Peer-reviewed journal article,Robert E. Hibbins; Patrick J. Espy; Yvan J. Orsolini; Varavut Limpasuvan; R. J. Barnes,SuperDARN_CA; SuperDARN,unverified,0,2
10.1029/2018rs006566,Optimal <i>F</i> Region Electron Density for the PolarDARN Radar Echo Detection Near the Resolute Bay Zenith,2018,Radio Science,American Geophysical Union (AGU),Peer-reviewed journal article,A. V. Koustov; Pavlo V. Ponomarenko; C. J. Graf; Robert G. Gillies; David Russel Themens,RISR-C; SuperDARN_CA; SuperDARN,unverified,0,3
10.1029/2018rs006600,A Polar‐Cap Patch Detection Algorithm for the Advanced Modular Incoherent Scatter Radar System,2018,Radio Science,American Geophysical Union (AGU),Peer-reviewed journal article,Gareth William Perry; J.-P. St.-Maurice,RISR-C,unverified,0,1
10.1029/2018rs006638,Calibrating HF Radar Elevation Angle Measurements Using <i>E</i> Layer Backscatter Echoes,2018,Radio Science,American Geophysical Union (AGU),Peer-reviewed journal article,P. Ponomarenko; J.-P. St.-Maurice; Kathryn A. McWilliams,SuperDARN_CA; SuperDARN,unverified,0,2
10.1029/2018rs006747,ICEBEAR: An All‐Digital Bistatic Coded Continuous‐Wave Radar for Studies of the <i>E</i> Region of the Ionosphere,2019,Radio Science,American Geophysical Union (AGU),Peer-reviewed journal article,Devin Huyghebaert; Glenn Hussey; Juha Vierinen; Kathryn McWilliams; J.-P. St-Maurice,ICEBEAR,unverified,0,1
10.1029/2018rs006748,A Bottomside Parameterization for the Empirical Canadian High Arctic Ionospheric Model,2019,Radio Science,American Geophysical Union (AGU),Peer-reviewed journal article,David Russel Themens; Periyadan T. Jayachandran; Anthony M. McCaffrey; Benjamin Reid; Roger. H. Varney,CHAIN; ECHAIM,unverified,0,2
10.1029/2018rs006763,The Limits of Empirical Electron Density Modeling: Examining the Capacity of E‐CHAIM and the IRI for Modeling Intermediate (1‐ to 30‐Day) Timescales at High Latitudes,2020,Radio Science,American Geophysical Union (AGU),Peer-reviewed journal article,David Russel Themens; Periyadan T. Jayachandran; Benjamin Reid; Anthony M. McCaffrey,CHAIN; ECHAIM,unverified,0,2
10.1029/2018sw001882,Modeling the Midlatitude Ionosphere Storm‐Enhanced Density Distribution With a Data Assimilation Model,2018,Space Weather,American Geophysical Union (AGU),Peer-reviewed journal article,L. C. Gardner; R. W. Schunk; L. Scherliess; V. Eccles; S. Basu; C. Valladeres,SuperDARN,unverified,0,1
10.1029/2018sw001905,Examining the Potential of the Super Dual Auroral Radar Network for Monitoring the Space Weather Impact of Solar X‐Ray Flares,2018,Space Weather,American Geophysical Union (AGU),Peer-reviewed journal article,Robyn A. D. Fiori; A. V. Koustov; S. Chakraborty; J. M. Ruohoniemi; Donald W. Danskin; David H. Boteler; S. G. Shepherd,Single Beam Riometer; SuperDARN_CA; SuperDARN; GO_RIO,unverified,0,4
10.1029/2018sw001911,A Study of Intense Local d<i>B</i>/d<i>t</i> Variations During Two Geomagnetic Storms,2018,Space Weather,American Geophysical Union (AGU),Peer-reviewed journal article,Chigomezyo M. Ngwira; David Sibeck; Marcos V. D. Silveira; Marina Georgiou; James Michael Weygand; Yukitoshi Nishimura; Donald Hampton,THEMIS ASI,unverified,0,1
10.1029/2018sw001916,SuperDARN Radar‐Derived HF Radio Attenuation During the September 2017 Solar Proton Events,2018,Space Weather,American Geophysical Union (AGU),Peer-reviewed journal article,Emma C. Bland; Erkka Heino; Michael J. Kosch; Noora Partamies,Single Beam Riometer; SuperDARN_CA; SuperDARN; GO_RIO,unverified,0,4
10.1029/2018sw001919,Proxy Index Derived From All Sky Imagers for Space Weather Impact on GPS,2018,Space Weather,American Geophysical Union (AGU),Peer-reviewed journal article,Sajan C. Mushini; Susan Skone; Emma Spanswick; Eric Donovan; Maryam Najmafshar,THEMIS ASI; CHAIN,unverified,0,2
10.1029/2018sw001956,Investigating Upper Atmospheric Joule Heating Using Cross‐Combination of Data for Two Moderate Substorm Cases,2018,Space Weather,American Geophysical Union (AGU),Peer-reviewed journal article,E. Ceren Kalafatoglu Eyiguler; Zerefsan Kaymaz; Nathaniel A. Frissell; J. M. Ruohoniemi; Lutz Rastätter,SuperDARN,unverified,0,1
10.1029/2018sw001988,First Results From Sonification and Exploratory Citizen Science of Magnetospheric ULF Waves: Long‐Lasting Decreasing‐Frequency Poloidal Field Line Resonances Following Geomagnetic Storms,2018,Space Weather,American Geophysical Union (AGU),Peer-reviewed journal article,Martin O. Archer; Michael D. Hartinger; R. Redmon; V. Angelopoulos; Brian M. Walsh; Eltham Hill School Year 12 Physics Students,CARISMA,unverified,0,1
10.1029/2018sw002018,New Capabilities for Prediction of High‐Latitude Ionospheric Scintillation: A Novel Approach With Machine Learning,2018,Space Weather,American Geophysical Union (AGU),Peer-reviewed journal article,Ryan M. McGranaghan; Anthony J. Mannucci; Brian Wilson; Chris A. Mattmann; Richard Chadwick,CHAIN,unverified,0,1
10.1029/2018sw002101,Merging of Storm Time Midlatitude Traveling Ionospheric Disturbances and Equatorial Plasma Bubbles,2019,Space Weather,American Geophysical Union (AGU),Peer-reviewed journal article,Ercha Aa; Shasha Zou; Aaron Ridley; Shunrong Zhang; Anthea J. Coster; Philip J. Erickson; Siqing Liu; Jiaen Ren,SuperDARN,unverified,0,1
10.1029/2018sw002102,Capturing Uncertainty in Magnetospheric Ultralow Frequency Wave Models,2019,Space Weather,American Geophysical Union (AGU),Peer-reviewed journal article,Sarah N. Bentley; Clare E. J. Watt; I. Jonathan Rae; M. J. Owens; Kyle Murphy; M. Lockwood; Jasmine K. Sandhu,CARISMA,unverified,0,1
10.1029/2018sw002130,Global Diagnostics of Ionospheric Absorption During X‐Ray Solar Flares Based on 8‐ to 20‐MHz Noise Measured by Over‐the‐Horizon Radars,2019,Space Weather,American Geophysical Union (AGU),Peer-reviewed journal article,Oleg I. Berngardt; J. M. Ruohoniemi; J.-P. St-Maurice; A. Marchaudon; Michael J. Kosch; Akira Sessai Yukimatu; Nozomu Nishitani; S. G. Shepherd; Maria Federica Marcucci; Hongqiao Hu; Tsutomu Nagatsuma; Mark Lester,SuperDARN_CA; SuperDARN,unverified,0,2
10.1029/2018sw002143,Simulation and Observations of the Polar Tongue of Ionization at Different Heights During the 2015 St. Patrick's Day Storms,2019,Space Weather,American Geophysical Union (AGU),Peer-reviewed journal article,Maxim V. Klimenko; Irina E. Zakharenkova; Vladimir V. Klimenko; Renata Yu. Lukianova; Iurii V. Cherniak,SuperDARN,unverified,0,1
10.1029/2019ea000911,First Observation of Ionospheric Convection From the Jiamusi HF Radar During a Strong Geomagnetic Storm,2020,Earth and Space Science,American Geophysical Union (AGU),Peer-reviewed journal article,Jiao-Jiao Zhang; W. Wang; C. Wang; A. L. Lan; J. Y. Yan; D. Xiang; Q. H. Zhang; J. M. Ruohoniemi; Bharat S. R. Kunduri; Nozomu Nishitani; X. Shi; H. B. Qiu,SuperDARN,unverified,0,1
10.1029/2019gl082395,How Do Ultra‐Low Frequency Waves Access the Inner Magnetosphere During Geomagnetic Storms?,2019,Geophysical Research Letters,American Geophysical Union (AGU),Peer-reviewed journal article,I. Jonathan Rae; Kyle R. Murphy; Clare E. J. Watt; Jasmine K. Sandhu; Marina Georgiou; Alex W. Degeling; Colin Forsyth; Sarah N. Bentley; Frances A. Staples; Quanqi Shi,CARISMA,unverified,0,1
10.1029/2019gl082460,Magnetospheric Signatures of STEVE: Implications for the Magnetospheric Energy Source and Interhemispheric Conjugacy,2019,Geophysical Research Letters,American Geophysical Union (AGU),Peer-reviewed journal article,Yukitoshi Nishimura; B. Gallardo-Lacourt; Ying Zou; Evgeny Mishin; David J. Knudsen; Eric F. Donovan; V. Angelopoulos; R. Raybell,THEMIS ASI,unverified,0,1
10.1029/2019gl082576,Satellite‐Beacon Ionospheric‐Scintillation Global Model of the Upper Atmosphere (SIGMA) III: Scintillation Simulation Using A Physics‐Based Plasma Model,2019,Geophysical Research Letters,American Geophysical Union (AGU),Peer-reviewed journal article,Kshitija Bharat Deshpande; Matthew David Zettergren,CHAIN,unverified,0,1
10.1029/2019gl082687,Steve: The Optical Signature of Intense Subauroral Ion Drifts,2019,Geophysical Research Letters,American Geophysical Union (AGU),Peer-reviewed journal article,William E. Archer; B. Gallardo-Lacourt; Gareth William Perry; J. P. St.-Maurice; Stephan C. Buchert; Eric Donovan,REGO; THEMIS ASI,unverified,0,2
10.1029/2019gl082789,Identifying STEVE's Magnetospheric Driver Using Conjugate Observations in the Magnetosphere and on the Ground,2019,Geophysical Research Letters,American Geophysical Union (AGU),Peer-reviewed journal article,Xiangning Chu; David Malaspina; Bea Gallardo-Lacourt; Jun Liang; Laila Andersson; Qianli Ma; Anton Artemyev; Jiang Liu; Robert E. Ergun; Scott Thaller; Hassanali Akbari; Hong Zhao; Brian Larsen; Geoffrey Reeves; John Wygant; Aaron Breneman; Sheng Tian; Martin Connors; Eric Donovan; William Archer; Elizabeth A. MacDonald,REGO; THEMIS ASI; FESO,unverified,0,3
10.1029/2019gl082894,A New Technique for Estimating the Lifetime of Bursts of Electron Precipitation From Sounding Rocket Measurements,2020,Geophysical Research Letters,American Geophysical Union (AGU),Peer-reviewed journal article,James H. Hecht; James H. Clemmons; Marc R. Lessard; D. L. Kenward; F. B. Sadler; Bruce A. Fritz; J. Scott Evans; Kristina A. Lynch,REGO,unverified,0,1
10.1029/2019gl083070,Ionospheric Footprints of Detached Magnetotail Interchange Heads,2019,Geophysical Research Letters,American Geophysical Union (AGU),Peer-reviewed journal article,Evgeny V. Panov; Wolfgang Baumjohann; Rumi Nakamura; P. L. Pritchett; James Michael Weygand; Marina V. Kubyshkina,THEMIS ASI; CARISMA,partially_verified,1,2
10.1029/2019gl083272,First Observations From the TREx Spectrograph: The Optical Spectrum of STEVE and the Picket Fence Phenomena,2019,Geophysical Research Letters,American Geophysical Union (AGU),Peer-reviewed journal article,D. Megan Gillies; Eric Donovan; D. Hampton; Jun Liang; Martin Connors; Yukitoshi Nishimura; B. Gallardo-Lacourt; Emma Spanswick,TREx Spectrograph; TREx,partially_verified,1,2
10.1029/2019gl083289,Responses of Different Types of Pulsating Aurora in Cosmic Noise Absorption,2019,Geophysical Research Letters,American Geophysical Union (AGU),Peer-reviewed journal article,Bing Yang; Emma Spanswick; Jun Liang; Eric Grono; Eric Donovan,Single Beam Riometer; THEMIS ASI; TREx; GO_RIO,unverified,0,4
10.1029/2019gl084202,Direct Observation of Subrelativistic Electron Precipitation Potentially Driven by EMIC Waves,2019,Geophysical Research Letters,American Geophysical Union (AGU),Peer-reviewed journal article,L. Capannolo; W. Li; Qianli Ma; L. Chen; X.-C. Shen; Harlan E. Spence; J. Sample; A. Johnson; Mykhaylo Shumko; D. M. Klumpar; Robert J. Redmon,CARISMA,unverified,0,1
10.1029/2019gl084611,Constraining the Source Regions of Pulsating Auroras,2019,Geophysical Research Letters,American Geophysical Union (AGU),Peer-reviewed journal article,Eric Grono; Eric Donovan,THEMIS ASI; GO STORM MSP,partially_verified,1,2
10.1029/2019gl085590,Multi‐Instrument Observations of Ion‐Neutral Coupling in the Dayside Cusp,2020,Geophysical Research Letters,American Geophysical Union (AGU),Peer-reviewed journal article,Daniel D. Billett; Keisuke Hosokawa; Adrian Grocott; James A. Wild; Anasuya L. Aruliah; Yasunobu Ogawa; Satoshi Taguchi; Mark Lester,SuperDARN,unverified,0,1
10.1029/2019gl085639,Optical Spectra and Emission Altitudes of Double‐Layer STEVE: A Case Study,2019,Geophysical Research Letters,American Geophysical Union (AGU),Peer-reviewed journal article,Jun Liang; Eric Donovan; Martin Connors; Deborah Gillies; J. P. St-Maurice; Brian Jackel; B. Gallardo-Lacourt; Emma Spanswick; X. Chu,REGO; THEMIS ASI; TREx; FESO,unverified,0,4
10.1029/2019gl085676,Association Between EMIC Wave Occurrence and Enhanced Convection Periods During Ion Injections,2020,Geophysical Research Letters,American Geophysical Union (AGU),Peer-reviewed journal article,B. Remya; David G. Sibeck; J. M. Ruohoniemi; Bharat Kunduri; Alexa Jean Halford; G. D. Reeves; R. V. Reddy,SuperDARN,unverified,0,1
10.1029/2019gl086722,Dayside Field‐Aligned Current Impacts on Ionospheric Irregularities,2020,Geophysical Research Letters,American Geophysical Union (AGU),Peer-reviewed journal article,A. Fæhn Follestad; Katie Herlingshaw; H. Ghadjari; David J. Knudsen; Kathryn A. McWilliams; Jøran Idar Moen; Andres Spicher; J. Wu; Kjellmar Oksavik,SuperDARN,unverified,0,1
10.1029/2019ja026477,Generation of EMIC Waves and Effects on Particle Precipitation During a Solar Wind Pressure Intensification With <i>B</i><sub><i>z</i></sub>&gt;0,2019,Journal of Geophysical Research: Space Physics,American Geophysical Union (AGU),Peer-reviewed journal article,Marc R. Lessard; Kristoff Paulson; Harlan E. Spence; Carol Weaver; Mark J. Engebretson; Robyn Millan; Leslie Woodger; Alexa Halford; Richard Horne; Craig J. Rodger; Aaron Hendry,CARISMA,unverified,0,1
10.1029/2019ja026521,Continent‐Wide R1/R2 Current System and Ohmic Losses by Broad Dipolarization‐Injection Fronts,2019,Journal of Geophysical Research: Space Physics,American Geophysical Union (AGU),Peer-reviewed journal article,Evgeny V. Panov; Wolfgang Baumjohann; Rumi Nakamura; James Michael Weygand; Barbara L. Giles; Christopher T. Russell; G. Reeves; Marina V. Kubyshkina,THEMIS ASI; CARISMA,unverified,0,2
10.1029/2019ja026529,Flow Velocity and Field‐Aligned Current Associated With Field Line Resonance: SuperDARN Measurements,2019,Journal of Geophysical Research: Space Physics,American Geophysical Union (AGU),Peer-reviewed journal article,Frances R. Fenrich; D. Megan Gillies; Eric Donovan; David Knudsen,SuperDARN_CA; SuperDARN,unverified,0,2
10.1029/2019ja026535,Multi‐instrument Observations of Mesoscale Enhancement of Subauroral Polarization Stream Associated With an Injection,2019,Journal of Geophysical Research: Space Physics,American Geophysical Union (AGU),Peer-reviewed journal article,Zihan Wang; Shasha Zou; Simon G. Shepherd; Jun Liang; Jesper W. Gjerloev; J. Michael Ruohoniemi; Bharat Kunduri; John R. Wygant,SuperDARN; Rainbow; AGO,partially_verified,1,3
10.1029/2019ja026611,Mesoscale Convection Structures Associated With Airglow Patches Characterized Using Cluster‐Imager Conjunctions,2019,Journal of Geophysical Research: Space Physics,American Geophysical Union (AGU),Peer-reviewed journal article,Lindsay V. Goodwin; Yukitoshi Nishimura; Ying Zou; Kazuo Shiokawa; Periyadan T. Jayachandran,CHAIN; SuperDARN,unverified,0,2
10.1029/2019ja026627,Spatially Resolved Neutral Wind Response Times During High Geomagnetic Activity Above Svalbard,2019,Journal of Geophysical Research: Space Physics,American Geophysical Union (AGU),Peer-reviewed journal article,Daniel D. Billett; James A. Wild; Adrian Grocott; Anasuya L. Aruliah; A. M. Ronksley; M.-T. Walach; Mark Lester,SuperDARN,unverified,0,1
10.1029/2019ja026634,Separation and Quantification of Ionospheric Convection Sources: 1. A New Technique,2019,Journal of Geophysical Research: Space Physics,American Geophysical Union (AGU),Peer-reviewed journal article,Jone Peter Reistad; Karl M. Laundal; Nikolai Østgaard; Anders Ohma; Stein Haaland; Kjellmar Oksavik; S. E. Milan,SuperDARN_CA; SuperDARN,unverified,0,2
10.1029/2019ja026641,Separation and Quantification of Ionospheric Convection Sources: 2. The Dipole Tilt Angle Influence on Reverse Convection Cells During Northward IMF,2019,Journal of Geophysical Research: Space Physics,American Geophysical Union (AGU),Peer-reviewed journal article,Jone Peter Reistad; Karl M. Laundal; Nikolai Østgaard; Anders Ohma; Evan G. Thomas; Stein Haaland; Kjellmar Oksavik; S. E. Milan,SuperDARN_CA; SuperDARN,unverified,0,2
10.1029/2019ja026642,A Statistical Study of Near‐Earth Magnetotail Evolution During Pseudosubstorms and Substorms With THEMIS Data,2020,Journal of Geophysical Research: Space Physics,American Geophysical Union (AGU),Peer-reviewed journal article,Kento Fukui; Yukinaga Miyashita; Shinobu Machida; Yoshizumi Miyoshi; Akimasa Ieda; Yukitoshi Nishimura; Vassilis Angelopoulos,THEMIS ASI,unverified,0,1
10.1029/2019ja026668,The 2‐D Structure of Foreshock‐Driven Field Line Resonances Observed by THEMIS Satellite and Ground‐Based Imager Conjunctions,2019,Journal of Geophysical Research: Space Physics,American Geophysical Union (AGU),Peer-reviewed journal article,Boyi Wang; Yukitoshi Nishimura; Hui Zhang; Xiao-Chen Shen; Larry Lyons; Vassilis Angelopoulos; Yusuke Ebihara; Allan Weatherwax; Andrew J. Gerrard; Harald U. Frey,THEMIS ASI,unverified,0,1
10.1029/2019ja026679,e‐POP and Red Line Optical Observations of Alfvénic Auroras,2019,Journal of Geophysical Research: Space Physics,American Geophysical Union (AGU),Peer-reviewed journal article,Jun Liang; Y. Shen; David Knudsen; Emma Spanswick; Jonathan Burchill; Eric Donovan,REGO; THEMIS ASI; TREx; Rainbow; SuperDARN_CA; SuperDARN; CARISMA; AGO,partially_verified,3,8
10.1029/2019ja026735,Particle Dynamics in the Earth's Radiation Belts: Review of Current Research and Open Questions,2020,Journal of Geophysical Research: Space Physics,American Geophysical Union (AGU),Peer-reviewed journal article,J.-F. Ripoll; Seth G. Claudepierre; Aleksandr Y. Ukhorskiy; C. Colpitts; X. Li; J. F. Fennell; C. Crabtree,Single Beam Riometer; GO_RIO,unverified,0,2
10.1029/2019ja026755,Impact of Flow Bursts in the Auroral Zone on the Ionosphere and Thermosphere,2019,Journal of Geophysical Research: Space Physics,American Geophysical Union (AGU),Peer-reviewed journal article,Yue Deng; Roderick Heelis; Larry R. Lyons; Yukitoshi Nishimura; Christine Gabrielse,SuperDARN_CA; SuperDARN,unverified,0,2
10.1029/2019ja026782,Features of Storm‐Induced Ionospheric Irregularities From Ground‐Based and Spaceborne GPS Observations During the 2015 St. Patrick's Day Storm,2019,Journal of Geophysical Research: Space Physics,American Geophysical Union (AGU),Peer-reviewed journal article,Irina Zakharenkova; Iurii Cherniak; Andrzej Krankowski,CHAIN,unverified,0,1
10.1029/2019ja026794,Nighttime Magnetic Perturbation Events Observed in Arctic Canada: 1. Survey and Statistical Analysis,2019,Journal of Geophysical Research: Space Physics,American Geophysical Union (AGU),Peer-reviewed journal article,Mark J. Engebretson; V. A. Pilipenko; Lidiya Y. Ahmed; J. L. Posch; Erik S. Steinmetz; Mark B. Moldwin; Martin G. Connors; James Michael Weygand; Ian. R. Mann; David H. Boteler; Christopher T. Russell; A. V. Vorobev,AUTUMNX; CARISMA,unverified,0,2
10.1029/2019ja026797,Nighttime Magnetic Perturbation Events Observed in Arctic Canada: 2. Multiple‐Instrument Observations,2019,Journal of Geophysical Research: Space Physics,American Geophysical Union (AGU),Peer-reviewed journal article,Mark J. Engebretson; Erik S. Steinmetz; J. L. Posch; V. A. Pilipenko; Mark B. Moldwin; Martin G. Connors; David H. Boteler; Ian. R. Mann; Michael D. Hartinger; James Michael Weygand; L. R. Lyons; Yukitoshi Nishimura; Howard J. Singer; S. Ohtani; Christopher T. Russell; Andrew Fazakerley; Lynn M. Kistler,AUTUMNX; CARISMA,partially_verified,1,2
10.1029/2019ja026816,"SuperDARN Observations During Geomagnetic Storms, Geomagnetically Active Times, and Enhanced Solar Wind Driving",2019,Journal of Geophysical Research: Space Physics,American Geophysical Union (AGU),Peer-reviewed journal article,M.-T. Walach; Adrian Grocott,SuperDARN,unverified,0,1
10.1029/2019ja026853,Isolated Auroral Spots Observed by DMSP/SSUSI,2019,Journal of Geophysical Research: Space Physics,American Geophysical Union (AGU),Peer-reviewed journal article,Su Zhou; Xiaoli Luan; Viviane Pierrard; Desheng Han,CARISMA,unverified,0,1
10.1029/2019ja026873,Temporal and Spatial Variations of Total Electron Content Enhancements During a Geomagnetic Storm on 27 and 28 September 2017,2020,Journal of Geophysical Research: Space Physics,American Geophysical Union (AGU),Peer-reviewed journal article,Atsuki Shinbori; Yuichi Otsuka; Takuya Sori; Takuya Tsugawa; Michi Nishioka,CHAIN; SuperDARN,unverified,0,2
10.1029/2019ja026885,Shear Flow‐Interchange Instability in Nightside Magnetotail as Proposed Cause of Auroral Beads as a Signature of Substorm Onset,2020,Journal of Geophysical Research: Space Physics,American Geophysical Union (AGU),Peer-reviewed journal article,Jason Derr; Wendell Horton; Richard Wolf,THEMIS ASI,unverified,0,1
10.1029/2019ja026895,Plasma Flow in the North‐South Aligned Discrete Aurora Equatorward of the Cusp,2019,Journal of Geophysical Research: Space Physics,American Geophysical Union (AGU),Peer-reviewed journal article,Satoshi Taguchi; Keisuke Hosokawa; Yasunobu Ogawa,SuperDARN,unverified,0,1
10.1029/2019ja026916,A Study of Automatically Detected Flow Channels in the Polar Cap Ionosphere,2019,Journal of Geophysical Research: Space Physics,American Geophysical Union (AGU),Peer-reviewed journal article,Katie Herlingshaw; Lisa J. Baddeley; Kjellmar Oksavik; Dag A. Lorentzen; Emma C. Bland,SuperDARN,unverified,0,1
10.1029/2019ja026936,Quiet Time Structured Pc1 Waves Generated During Transient Foreshock,2019,Journal of Geophysical Research: Space Physics,American Geophysical Union (AGU),Peer-reviewed journal article,Alla V. Suvorova; Alexei V. Dmitriev; V. A. Parkhomov; Battuulai Tsegmed,CARISMA,unverified,0,1
10.1029/2019ja026942,Simultaneous Rocket and Scintillation Observations of Plasma Irregularities Associated With a Reversed Flow Event in the Cusp Ionosphere,2019,Journal of Geophysical Research: Space Physics,American Geophysical Union (AGU),Peer-reviewed journal article,Yaqi Jin; Jøran Idar Moen; Andres Spicher; Kjellmar Oksavik; Wojciech Jacek Miloch; Lasse Boy Novock Clausen; Mariusz Pożoga; Yoshifumi Saito,SuperDARN,unverified,0,1
10.1029/2019ja026985,Temporal and Spatial Development of TEC Enhancements during Substorms,2020,Journal of Geophysical Research: Space Physics,American Geophysical Union (AGU),Peer-reviewed journal article,James Michael Weygand; Simon Wing,THEMIS ASI; AUTUMNX; CARISMA,unverified,0,3
10.1029/2019ja026988,Formation of a 3‐D Oscillatory Current System Associated With Global High‐Correlation Pi 2 Event: A Case Study,2020,Journal of Geophysical Research: Space Physics,American Geophysical Union (AGU),Peer-reviewed journal article,T. Uozumi; Akimasa Yoshikawa; S. Ohtani,THEMIS ASI,unverified,0,1
10.1029/2019ja027020,Polar Ionospheric Large‐Scale Structures and Dynamics Revealed by TEC Keogram Extracted From TEC Maps,2020,Journal of Geophysical Research: Space Physics,American Geophysical Union (AGU),Peer-reviewed journal article,Y. Wang; Q.-H. Zhang; Y.-Z. Ma; Periyadan T. Jayachandran; Z.-Y. Xing; Nanan Balan; S.-R. Zhang,SuperDARN_CA; SuperDARN,unverified,0,2
10.1029/2019ja027041,Bifurcated Region 2 Field‐Aligned Currents Associated With Substorms,2020,Journal of Geophysical Research: Space Physics,American Geophysical Union (AGU),Peer-reviewed journal article,Harneet Sangha; S. E. Milan; Jennifer Alyson Carter; Alexandra R. Fogg; Brian J. Anderson; Haje Korth; Larry J. Paxton,SuperDARN,unverified,0,1
10.1029/2019ja027063,The Relation of N‐S Auroral Streamers to Auroral Expansion,2020,Journal of Geophysical Research: Space Physics,American Geophysical Union (AGU),Peer-reviewed journal article,Robert L. McPherron; M. El-Alaoui; Raymond J. Walker; Yukitoshi Nishimura; James Michael Weygand,THEMIS ASI,unverified,0,1
10.1029/2019ja027069,Three Different Episodes of Prompt Equatorial Electric Field Perturbations Under Steady Southward IMF <i>Bz</i> During St. Patrick's Day Storm,2019,Journal of Geophysical Research: Space Physics,American Geophysical Union (AGU),Peer-reviewed journal article,S. Tulasi Ram; B. Nilam; Nanan Balan; Q. Zhang; Kazuo Shiokawa; D. Chakrabarty; Zanyang Xing; K. Venkatesh; B. Veenadhari; Akimasa Yoshikawa,SuperDARN,unverified,0,1
10.1029/2019ja027112,Analysis of Plasma Irregularities on a Range of Scintillation‐Scales Using the Resolute Bay Incoherent Scatter Radars,2020,Journal of Geophysical Research: Space Physics,American Geophysical Union (AGU),Peer-reviewed journal article,Leslie J. Lamarche; Roger. H. Varney; Carl L. Siefring,RISR-C,unverified,0,1
10.1029/2019ja027160,A Characterization of Periodicity in the Voltage Time Series of a Riometer,2020,Journal of Geophysical Research: Space Physics,American Geophysical Union (AGU),Peer-reviewed journal article,Francois A. Marshall; David J. Thomson; A. D. Chave; Robyn A. D. Fiori; Donald W. Danskin,Single Beam Riometer; GO_RIO,unverified,0,2
10.1029/2019ja027179,Rapid Outer Radiation Belt Flux Dropouts and Fast Acceleration During the March 2015 and 2013 Storms: The Role of Ultra‐Low Frequency Wave Transport From a Dynamic Outer Boundary,2020,Journal of Geophysical Research: Space Physics,American Geophysical Union (AGU),Peer-reviewed journal article,Louis G. Ozeke; Ian. R. Mann; Leon Olifer; K. Y. Dufresne; S. K. Morley; Seth G. Claudepierre; Kyle R. Murphy; Harlan E. Spence; Daniel N. Baker; A. W. Degeling,CARISMA,unverified,0,1
10.1029/2019ja027196,Probing the Magnetic Structure of a Pair of Transpolar Arcs With a Solar Wind Pressure Step,2020,Journal of Geophysical Research: Space Physics,American Geophysical Union (AGU),Peer-reviewed journal article,S. E. Milan; Jennifer Alyson Carter; B. Hubert,SuperDARN,unverified,0,1
10.1029/2019ja027218,An Improved Estimation of SuperDARN Heppner‐Maynard Boundaries Using AMPERE Data,2020,Journal of Geophysical Research: Space Physics,American Geophysical Union (AGU),Peer-reviewed journal article,Alexandra R. Fogg; Mark Lester; T. K. Yeoman; Angeline Gail Burrell; S. M. Imber; S. E. Milan; Evan G. Thomas; Harneet Sangha; Brian J. Anderson,SuperDARN,unverified,0,1
10.1029/2019ja027220,Swarm Survey of Alfvénic Fluctuations and Their Relation to Nightside Field‐Aligned Current and Auroral Arc Systems,2020,Journal of Geophysical Research: Space Physics,American Geophysical Union (AGU),Peer-reviewed journal article,J. Wu; David J. Knudsen; D. Megan Gillies; Johnathan K. Burchill,THEMIS ASI,unverified,0,1
10.1029/2019ja027233,Characteristics of Electron Precipitation During 40 Energetic Electron Injections Inferred via Subionospheric VLF Signal Propagation,2020,Journal of Geophysical Research: Space Physics,American Geophysical Union (AGU),Peer-reviewed journal article,Reihaneh Ghaffari; Christopher M. Cully; Drew L. Turner; G. D. Reeves,Single Beam Riometer; ABOVE; GO_RIO,partially_verified,1,3
10.1029/2019ja027258,HIWIND Observation of Summer Season Polar Cap Thermospheric Winds,2019,Journal of Geophysical Research: Space Physics,American Geophysical Union (AGU),Peer-reviewed journal article,Qian Wu; Delores Knipp; Jing Liu; Wenbin Wang; Roger Varney; Robert Gillies; Phil Erickson; Michael Greffen; Ashton Reimer; Ingemar Häggström; Geonhwa Jee; Young-Sil Kwak,RISR-C,unverified,0,1
10.1029/2019ja027261,Unprecedented Hemispheric Asymmetries During a Surprise Ionospheric Storm: A Game of Drivers,2020,Journal of Geophysical Research: Space Physics,American Geophysical Union (AGU),Peer-reviewed journal article,Elvira Astafyeva; Mala S. Bagiya; Matthias Förster; Nozomu Nishitani,SuperDARN,unverified,0,1
10.1029/2019ja027268,Formation of Double Tongues of Ionization During the 17 March 2013 Geomagnetic Storm,2019,Journal of Geophysical Research: Space Physics,American Geophysical Union (AGU),Peer-reviewed journal article,Tong Dang; Jiuhou Lei; Wenbin Wang; Boyi Wang; Binzheng Zhang; Jing Liu; Alan Burns; Yukitoshi Nishimura,SuperDARN,unverified,0,1
10.1029/2019ja027310,Arase Observation of the Source Region of Auroral Arcs and Diffuse Auroras in the Inner Magnetosphere,2020,Journal of Geophysical Research: Space Physics,American Geophysical Union (AGU),Peer-reviewed journal article,Kazuo Shiokawa; Masahito Nosé; Shun Imajo; Y.-M. Tanaka; Yoshizumi Miyoshi; Keisuke Hosokawa; Martin Connors; Mark Engebretson; Yoichi Kazama; S.-Y. Wang; Sunny W. Y. Tam; Tzu-Fang Chang; Bo-Jhou Wang; Kazushi Asamura; Satoshi Kasahara; Shoichiro Yokota; T. Hori; Kunihiro Keika; Yasumasa Kasaba; Masafumi Shoji; Y. Kasahara; Ayako Matsuoka; Iku Shinohara,AUTUMNX,unverified,0,1
10.1029/2019ja027340,Ballooning Instability in the Plasma Sheet TransitionRegion in Conjunction With Nonsubstorm Auroral Wave Structures,2020,Journal of Geophysical Research: Space Physics,American Geophysical Union (AGU),Peer-reviewed journal article,Xiaoyan Xing; Chih-Ping Wang; Jun Liang; Bing Yang,THEMIS ASI,unverified,0,1
10.1029/2019ja027397,Incidence of Alfvenic SC Pulse Onto the Conjugate Ionospheres,2020,Journal of Geophysical Research: Space Physics,American Geophysical Union (AGU),Peer-reviewed journal article,Vyacheslav A. Pilipenko; Evgeniy N. Fedorov; Zhonghua Xu; Michael D. Hartinger; Mark J. Engebretson; Thom R. Edwards,SuperDARN,unverified,0,1
10.1029/2019ja027424,Simultaneous Observations of Electromagnetic Ion Cyclotron (EMIC) Waves and Pitch Angle Scattering During a Van Allen Probes Conjunction,2020,Journal of Geophysical Research: Space Physics,American Geophysical Union (AGU),Peer-reviewed journal article,K. Sigsbee; C. A. Kletzing; J. B. Faden; Allison N. Jaynes; G. D. Reeves; J.-M. Jahn,CARISMA,unverified,0,1
10.1029/2019ja027469,On the Confinement of Ultrarelativistic Electron Remnant Belts to Low L Shells,2020,Journal of Geophysical Research: Space Physics,American Geophysical Union (AGU),Peer-reviewed journal article,V. A. Pinto; X.-J. Zhang; D. Mourenas; Jacob Bortnik; Anton V. Artemyev; L. R. Lyons; P. S. Moya,AUTUMNX; CARISMA,partially_verified,1,2
10.1029/2019ja027473,On the Origin of Far‐Aspect Angle Irregularity Regions Seen by HF Radars at 100‐km Altitude,2020,Journal of Geophysical Research: Space Physics,American Geophysical Union (AGU),Peer-reviewed journal article,J.-P. St.-Maurice; Nozomu Nishitani,SuperDARN_CA; SuperDARN,unverified,0,2
10.1029/2019ja027493,Effects of IMF By on Ring Current Asymmetry Under Southward IMF Bz Conditions Observed at Ground Magnetic Stations: Case Studies,2020,Journal of Geophysical Research: Space Physics,American Geophysical Union (AGU),Peer-reviewed journal article,Sandeep Kumar; B. Veenadhari; D. Chakrabarty; S. Tulasi Ram; Takashi Kikuchi; Yoshizumi Miyoshi,SuperDARN,unverified,0,1
10.1029/2019ja027541,Convection in the Magnetosphere‐Ionosphere System: A Multimission Survey of Its Response to IMF <i>B</i><sub><i>y</i></sub> Reversals,2020,Journal of Geophysical Research: Space Physics,American Geophysical Union (AGU),Peer-reviewed journal article,Nathan A. Case; Adrian Grocott; Robert C. Fear; Stein Haaland; James H. Lane,SuperDARN,unverified,0,1
10.1029/2019ja027573,On the Magnetospheric ULF Wave Counterpart of Substorm Onset,2020,Journal of Geophysical Research: Space Physics,American Geophysical Union (AGU),Peer-reviewed journal article,A. W. Smith; I. Jonathan Rae; Colin Forsyth; Clare E. J. Watt; Kyle R. Murphy,THEMIS ASI; CARISMA,unverified,0,2
10.1029/2019ja027598,Multievent Analysis of Oscillatory Motion of Medium‐Scale Traveling Ionospheric Disturbances Observed by a 630‐nm Airglow Imager Over Tromsø,2020,Journal of Geophysical Research: Space Physics,American Geophysical Union (AGU),Peer-reviewed journal article,Sneha Yadav; Kazuo Shiokawa; S. Oyama; Yuichi Otsuka,SuperDARN,unverified,0,1
10.1029/2019ja027611,Multiscale Observation of Two Polar Cap Arcs Occurring on Different Magnetic Field Topologies,2020,Journal of Geophysical Research: Space Physics,American Geophysical Union (AGU),Peer-reviewed journal article,Jade A. Reidy; Robert C. Fear; Daniel K. Whiter; B. S. Lanchester; Andrew J. Kavanagh; D. J. Price; J. M. Chadney; Y. Zhang; Larry J. Paxton,SuperDARN,verified,1,1
10.1029/2019ja027643,Characteristics of Small‐Scale Gravity Waves in the Arctic Winter Mesosphere,2020,Journal of Geophysical Research: Space Physics,American Geophysical Union (AGU),Peer-reviewed journal article,Jing Li; Tao Li; Qian Wu; Yihuan Tang; Zhaopeng Wu; Jun Cui,DNT,verified,1,1
10.1029/2019ja027654,Extreme Magnetosphere‐Ionosphere‐Thermosphere Responses to the 5 April 2010 Supersubstorm,2020,Journal of Geophysical Research: Space Physics,American Geophysical Union (AGU),Peer-reviewed journal article,Yukitoshi Nishimura; L. R. Lyons; Christine Gabrielse; Nithin Sivadas; Eric F. Donovan; Roger. H. Varney; V. Angelopoulos; James Michael Weygand; M. G. Conde; S. R. Zhang,THEMIS ASI,unverified,0,1
10.1029/2019ja027664,Dayside Cusp Aurorae and Ionospheric Convection Under Radial Interplanetary Magnetic Fields,2021,Journal of Geophysical Research: Space Physics,American Geophysical Union (AGU),Peer-reviewed journal article,Hsien-Ming Li; Jih-Hong Shue; Satoshi Taguchi; Masahito Nosé; Keisuke Hosokawa; J. Michael Ruohoniemi; Yongliang Zhang; Simon Wing; Mark Lester,SuperDARN,unverified,0,1
10.1029/2019ja027674,"Sequential Observations of Flux Transfer Events, Poleward‐Moving Auroral Forms, and Polar Cap Patches",2020,Journal of Geophysical Research: Space Physics,American Geophysical Union (AGU),Peer-reviewed journal article,K.-J. Hwang; Yukitoshi Nishimura; A. J. Coster; Robert G. Gillies; Robert C. Fear; Stephen A. Fuselier; Steven M. Petrinec; James L. Burch; K. Dokgo; David G. Sibeck; Barbara L. Giles; Christopher T. Russell; Robert J. Strangeway; Daniel J. Gershman; Craig J. Pollock; Y. Khotyaintsev; Roy B. Torbert; Robert E. Ergun; Jøran Idar Moen; L. B. Clausen,THEMIS ASI; SuperDARN_CA; SuperDARN,unverified,0,3
10.1029/2019ja027681,Global View of Ionospheric Disturbance Impacts on Kinematic GPS Positioning Solutions During the 2015 St. Patrick's Day Storm,2020,Journal of Geophysical Research: Space Physics,American Geophysical Union (AGU),Peer-reviewed journal article,Zhe Yang; Y. T. Jade Morton; Irina Zakharenkova; Iurii Cherniak; Shuli Song; Wei Li,CHAIN,unverified,0,1
10.1029/2019ja027686,Selective Acceleration of O<sup>+</sup> by Drift‐Bounce Resonance in the Earth's Magnetosphere: MMS Observations,2020,Journal of Geophysical Research: Space Physics,American Geophysical Union (AGU),Peer-reviewed journal article,S. Oimatsu; Masahito Nosé; Guan Le; Stephen A. Fuselier; Robert E. Ergun; P.-A. Lindqvist; D. Sormakov,CARISMA,unverified,0,1
10.1029/2019ja027726,Large‐Scale Ionospheric Disturbances During the 17 March 2015 Storm: A Model‐Data Comparative Study,2020,Journal of Geophysical Research: Space Physics,American Geophysical Union (AGU),Peer-reviewed journal article,Gang Lu; Irina Zakharenkova; Iurii Cherniak; Tong Dang,CHAIN; SuperDARN; CARISMA,unverified,0,3
10.1029/2019ja027729,Fine‐Scale Visualization of Aurora in a Wide Area Using Color Digital Camera Images From the International Space Station,2020,Journal of Geophysical Research: Space Physics,American Geophysical Union (AGU),Peer-reviewed journal article,Sota Nanjo; Yuta Hozumi; Keisuke Hosokawa; Ryuho Kataoka; Yoshizumi Miyoshi; Shin-ichiro Oyama; Mitsunori Ozaki; Kazuo Shiokawa; Satoshi Kurita,THEMIS ASI,unverified,0,1
10.1029/2019ja027734,On the Production of Ionospheric Irregularities Via Kelvin‐Helmholtz Instability Associated with Cusp Flow Channels,2020,Journal of Geophysical Research: Space Physics,American Geophysical Union (AGU),Peer-reviewed journal article,Andres Spicher; Kshitija Deshpande; Yaqi Jin; Kjellmar Oksavik; Matthew David Zettergren; Lasse Boy Novock Clausen; Jøran Idar Moen; Marc R. Hairston; Lisa Baddeley,SuperDARN,unverified,0,1
10.1029/2019ja027742,Dawnside Auroral Polarization Streams,2020,Journal of Geophysical Research: Space Physics,American Geophysical Union (AGU),Peer-reviewed journal article,Jiang Liu; L. R. Lyons; Chih-Ping Wang; Marc R. Hairston; Yongliang Zhang; Ying Zou,THEMIS ASI,unverified,0,1
10.1029/2019ja027745,Direct Observations of a Polar Cap Patch Formation Associated With Dayside Reconnection Driven Fast Flow,2020,Journal of Geophysical Research: Space Physics,American Geophysical Union (AGU),Peer-reviewed journal article,Jiaen Ren; Shasha Zou; Elizabeth Kendall; Anthea Coster; Kevin Sterne; Michael Ruohoniemi,SuperDARN,unverified,0,1
10.1029/2019rs006851,Application of RADAR Imaging Analysis to SuperDARN Observations,2019,Radio Science,American Geophysical Union (AGU),Peer-reviewed journal article,William. A. Bristow,SuperDARN,unverified,0,1
10.1029/2019rs006866,Radio Monitoring of Dynamic Processes in the Ionosphere Over China During the Partial Solar Eclipse of 11 August 2018,2020,Radio Science,American Geophysical Union (AGU),Peer-reviewed journal article,Q. Guo; L. F. Chernogor; K. P. Garmash; V. T. Rozumenko; Y. Zheng,SuperDARN,unverified,0,1
10.1029/2019rs006936,A Ray Tracing Simulation of HF Ionospheric Radar Performance at African Equatorial Latitudes,2020,Radio Science,American Geophysical Union (AGU),Peer-reviewed journal article,Chizurumoke M. Michael; Tim K. Yeoman; Darren M. Wright; Steve E. Milan; Matthew K. James,SuperDARN,unverified,0,1
10.1029/2019rs006937,Using Data Assimilation to Reconstruct High‐Latitude Polar Cap Patches,2020,Radio Science,American Geophysical Union (AGU),Peer-reviewed journal article,Michael Negale; Jeffrey Holmes; Richard Parris; Daniel Ober; Eugene Dao; Ralph Kelly; J. Vincent Eccles; Jack Hines; Todd Pedersen,CHAIN; SuperDARN_CA; SuperDARN,unverified,0,3
10.1029/2019sw002168,Response of the Ionosphere‐Plasmasphere Coupling to the September 2017 Storm: What Erodes the Plasmasphere so Severely?,2019,Space Weather,American Geophysical Union (AGU),Peer-reviewed journal article,Yuki Obana; Naomi Maruyama; Atsuki Shinbori; Kumiko K. Hashimoto; Mariangel Fedrizzi; Masahito Nosé; Yuichi Otsuka; Nozomu Nishitani; Tomoaki Hori; Atsushi Kumamoto; Fuminori Tsuchiya; Shoya Matsuda; Ayako Matsuoka; Yoshiya Kasahara; Akimasa Yoshikawa; Yoshizumi Miyoshi; Iku Shinohara,CHAIN,unverified,0,1
10.1029/2019sw002179,A Study of SuperDARN Response to Co‐occurring Space Weather Phenomena,2019,Space Weather,American Geophysical Union (AGU),Peer-reviewed journal article,S. Chakraborty; Joseph Benjamin Harold Baker; J. M. Ruohoniemi; Bharat Kunduri; Nozomu Nishitani; S. G. Shepherd,Single Beam Riometer; SuperDARN; GO_RIO,unverified,0,3
10.1029/2019sw002276,Polar Cap Patch Prediction in the Expanding Contracting Polar Cap Paradigm,2019,Space Weather,American Geophysical Union (AGU),Peer-reviewed journal article,A. Fæhn Follestad; Lasse Boy Novock Clausen; Evan G. Thomas; Yaqi Jin; A. Coster,SuperDARN,unverified,0,1
10.1029/2019sw002375,When Plasma Streams Tie up Equatorial Plasma Irregularities with Auroral Ones,2020,Space Weather,American Geophysical Union (AGU),Peer-reviewed journal article,Irina Zakharenkova; Iurii Cherniak,CHAIN; SuperDARN,partially_verified,1,2
10.1029/2019sw002383,Geomagnetic Storm‐Induced Plasma Density Enhancements in the Southern Polar Ionospheric Region: A Comparative Study Using St. Patrick's Day Storms of 2013 and 2015,2020,Space Weather,American Geophysical Union (AGU),Peer-reviewed journal article,P. R. Shreedevi; R. K. Choudhary; Smitha V. Thampi; Sneha Yadav; Tarun Kumar Pant; Yiqun Yu; Ryan McGranaghan; Evan G. Thomas; Anil Bhardwaj; Ashwini Kumar Sinha,SuperDARN,unverified,0,1
10.1029/2019sw002385,Toward the Reconstruction of Substorm‐Related Dynamical Pattern of the Radiowave Auroral Absorption,2020,Space Weather,American Geophysical Union (AGU),Peer-reviewed journal article,Victor A. Sergeev; M. A. Shukhtina; N. A. Stepanov; D. D. Rogov; A. V. Nikolaev; Emma Spanswick; Eric Donovan; Tero Raita; Antti Kero,Single Beam Riometer; GO_RIO,unverified,0,2
10.1029/2019sw002406,Two‐Dimensional Reconstruction of Ionospheric Plasma Density Variations Using Swarm,2020,Space Weather,American Geophysical Union (AGU),Peer-reviewed journal article,A. Fæhn Follestad; Lasse Boy Novock Clausen; Wojciech Jacek Miloch; J. Van Den IJssel; Roger Haagmans,CHAIN,verified,1,1
10.1029/2019sw002434,Solar Cycle Variations of GPS Amplitude Scintillation for the Polar Region,2020,Space Weather,American Geophysical Union (AGU),Peer-reviewed journal article,Karim Meziane; Anton Kashcheyev; S. Patra; Periyadan T. Jayachandran; Abdelhaq M. Hamza,CHAIN,unverified,0,1
10.1029/2020ea001219,Deep Learning Models for Estimation of the SuperDARN Cross Polar Cap Potential,2020,Earth and Space Science,American Geophysical Union (AGU),Peer-reviewed journal article,Erxiao Liu; Hongqiao Hu; Jianjun Liu; Lei Qiao,SuperDARN,unverified,0,1
10.1029/2020ea001274,Random Forest Model of Ultralow‐Frequency Magnetospheric Wave Power,2020,Earth and Space Science,American Geophysical Union (AGU),Peer-reviewed journal article,Sarah N. Bentley; J. R. Stout; T. E. Bloch; Clare E. J. Watt,CARISMA,unverified,0,1
10.1029/2020ea001369,Observations of the Electrodynamical Ties Between Sporadic <i>E</i> and the Plasmasphere,2020,Earth and Space Science,American Geophysical Union (AGU),Peer-reviewed journal article,J. F. Helmboldt,SuperDARN,unverified,0,1
10.1029/2020gl088980,The Apparent Motion of STEVE and the Picket Fence Phenomena,2020,Geophysical Research Letters,American Geophysical Union (AGU),Peer-reviewed journal article,D. Megan Gillies; Jun Liang; Eric Donovan; Emma Spanswick,THEMIS ASI; TREx RGB; TREx,partially_verified,1,3
10.1029/2020gl089060,Ionospheric Modulation by Storm Time Pc5 ULF Pulsations and the Structure Detected by PFISR‐THEMIS Conjunction,2020,Geophysical Research Letters,American Geophysical Union (AGU),Peer-reviewed journal article,Boyi Wang; Yukitoshi Nishimura; Michael Hartinger; Nithin Sivadas; Larry L. Lyons; Roger. H. Varney; Vassilis Angelopoulos,Single Beam Riometer; GO_RIO,partially_verified,1,2
10.1029/2020gl089077,Observation of High‐Energy Electrons Precipitated by NWC Transmitter From PROBA‐V Low‐Earth Orbit Satellite,2020,Geophysical Research Letters,American Geophysical Union (AGU),Peer-reviewed journal article,G. S. Cunningham; E. Botek; Viviane Pierrard; Christopher Cully; J.-F. Ripoll,ABOVE,verified,1,1
10.1029/2020gl089138,Potential Evidence of Low‐Energy Electron Scattering and Ionospheric Precipitation by Time Domain Structures,2020,Geophysical Research Letters,American Geophysical Union (AGU),Peer-reviewed journal article,Yangyang Shen; Anton Artemyev; Xiao-Jia Zhang; Ivan Y. Vasko; Andrei Runov; Vassilis Angelopoulos; David Knudsen,THEMIS ASI,unverified,0,1
10.1029/2020gl089441,Simultaneous Observations of Geoelectric and Geomagnetic Fields Produced by Magnetospheric ULF Waves,2020,Geophysical Research Letters,American Geophysical Union (AGU),Peer-reviewed journal article,Michael D. Hartinger; X. Shi; Greg M. Lucas; B. S. Murphy; Anna Kelbert; Joseph Benjamin Harold Baker; E. Joshua Rigler; Paul A. Bedrosian,CARISMA,unverified,0,1
10.1029/2020gl089451,Source Region and Propagation of Dayside Large‐Scale Traveling Ionospheric Disturbances,2020,Geophysical Research Letters,American Geophysical Union (AGU),Peer-reviewed journal article,Yukitoshi Nishimura; S. R. Zhang; L. R. Lyons; Yue Deng; A. J. Coster; Jøran Idar Moen; L. B. Clausen; William. A. Bristow; Nozomu Nishitani,SuperDARN,unverified,0,1
10.1029/2020gl091384,Magnetic Conjugacy of Pc1 Waves and Isolated Proton Precipitation at Subauroral Latitudes: Importance of Ionosphere as Intensity Modulation Region,2021,Geophysical Research Letters,American Geophysical Union (AGU),Peer-reviewed journal article,Mitsunori Ozaki; Kazuo Shiokawa; Richard B. Horne; Mark J. Engebretson; Marc Lessard; Yasunobu Ogawa; Keisuke Hosokawa; Masahito Nosé; Yusuke Ebihara; Akira Kadokura; Satoshi Yagitani; Yoshizumi Miyoshi; Shion Hashimoto; Shipra Sinha; Ashwini Kumar Sinha; Gopi K. Seemala; Chae-Woo Jun,THEMIS ASI,unverified,0,1
10.1029/2020gl091479,Prompt Emergence and Disappearance of EMIC Waves Driven by the Sequentially Enhanced Solar Wind Dynamic Pressure,2021,Geophysical Research Letters,American Geophysical Union (AGU),Peer-reviewed journal article,Zuxiang Xue; Zhigang Yuan; Xiongdong Yu,CARISMA,unverified,0,1
10.1029/2020gl091494,Effects of Ion Slippage in Earth's Ionosphere and the Plasma Sheet,2021,Geophysical Research Letters,American Geophysical Union (AGU),Peer-reviewed journal article,Wenrui Wang; Jian Yang; Yukitoshi Nishimura; Richard A. Wolf; Frank R. Toffoletto; Vassilis Angelopoulos; David J. Knudsen; Eric F. Donovan; Jun Cui,THEMIS ASI,unverified,0,1
10.1029/2020gl091564,"Energetic Electron Precipitation Observed by FIREBIRD‐II Potentially Driven by EMIC Waves: Location, Extent, and Energy Range From a Multievent Analysis",2021,Geophysical Research Letters,American Geophysical Union (AGU),Peer-reviewed journal article,L. Capannolo; W. Li; Harlan Spence; A. T. Johnson; Mykhaylo Shumko; J. Sample; D. Klumpar,AUTUMNX,unverified,0,1
10.1029/2020ja027782,"Magnetospheric Conditions for STEVE and SAID: Particle Injection, Substorm Surge, and Field‐Aligned Currents",2020,Journal of Geophysical Research: Space Physics,American Geophysical Union (AGU),Peer-reviewed journal article,Yukitoshi Nishimura; J. Yang; James Michael Weygand; W. Wang; Burcu Kosar; Eric F. Donovan; V. Angelopoulos; Larry J. Paxton; Nozomu Nishitani,THEMIS ASI; SuperDARN,unverified,0,2
10.1029/2020ja027858,The Properties and Origins of Corotating Plasmaspheric Irregularities: Part II—Tomography With Compact Arrays of GPS Receivers,2020,Journal of Geophysical Research: Space Physics,American Geophysical Union (AGU),Peer-reviewed journal article,J. F. Helmboldt,SuperDARN,unverified,0,1
10.1029/2020ja027869,The Solar Wind Density Control on the Prompt Penetration Electric Field and Equatorial Electrojet,2020,Journal of Geophysical Research: Space Physics,American Geophysical Union (AGU),Peer-reviewed journal article,B. Nilam; S. Tulasi Ram; Kazuo Shiokawa; Nanan Balan; Q. Zhang,SuperDARN,unverified,0,1
10.1029/2020ja027922,The Evolution of Long‐Duration Cusp Spot Emission During Lobe Reconnection With Respect to Field‐Aligned Currents,2020,Journal of Geophysical Research: Space Physics,American Geophysical Union (AGU),Peer-reviewed journal article,Jennifer Alyson Carter; Stephen E. Milan; Alexandra R. Fogg; Harneet Sangha; Mark Lester; Larry J. Paxton; Brian J. Anderson,SuperDARN,unverified,0,1
10.1029/2020ja027924,Why Are There so Few Reports of High‐Energy Electron Drift Resonances? Role of Radial Phase Space Density Gradients,2020,Journal of Geophysical Research: Space Physics,American Geophysical Union (AGU),Peer-reviewed journal article,Michael D. Hartinger; G. D. Reeves; A. Boyd; Michael G. Henderson; Drew L. Turner; C. M. Komar; Seth G. Claudepierre; Ian. R. Mann; Aaron Breneman; Simone Di Matteo; X.-J. Zhang,CARISMA,unverified,0,1
10.1029/2020ja027935,Observational Validation of Cutoff Models as Boundaries of Solar Proton Event Impact Area,2020,Journal of Geophysical Research: Space Physics,American Geophysical Union (AGU),Peer-reviewed journal article,Erkka Heino; Noora Partamies,Single Beam Riometer; GO_RIO,unverified,0,2
10.1029/2020ja027991,"North‐South Asymmetric Nightside Distorted Transpolar Arcs Within A Framework of Deformed Magnetosphere‐Ionosphere Coupling: IMF‐
                    <i>B</i>
                    <sub>y</sub>
                    Dependence, Ionospheric Currents, and Magnetotail Reconnection",2020,Journal of Geophysical Research: Space Physics,American Geophysical Union (AGU),Peer-reviewed journal article,Motoharu Nowada; Qiu-Gang Zong; Benoît Hubert; Quan-Qi Shi; Yong-Fu Wang; Jun Yang; Adrian Grocott; Alexander W. Degeling; An-Min Tian; Xu-Zhi Zhou; Chao Yue,SuperDARN,unverified,0,1
10.1029/2020ja028005,e‐POP Observations of Suprathermal Electron Bursts in the Ionospheric Alfvén Resonator,2021,Journal of Geophysical Research: Space Physics,American Geophysical Union (AGU),Peer-reviewed journal article,J. Wu; David J. Knudsen; Y. Shen; D. Megan Gillies,THEMIS ASI,unverified,0,1
10.1029/2020ja028032,Periodic Modulation of the Upper Ionosphere by ULF Waves as Observed Simultaneously by SuperDARN Radars and GPS/TEC Technique,2020,Journal of Geophysical Research: Space Physics,American Geophysical Union (AGU),Peer-reviewed journal article,Olga V. Kozyreva; Vyacheslav A. Pilipenko; Emma C. Bland; Lisa J. Baddeley; Victor I. Zakharov,SuperDARN,unverified,0,1
10.1029/2020ja028063,Electromagnetic Drift Waves at Substorm Onset: Theory and Observations,2020,Journal of Geophysical Research: Space Physics,American Geophysical Union (AGU),Peer-reviewed journal article,O. Tsareva; G. Fruit; P. Louarn; C. Jacquey; A. Tur,THEMIS ASI,unverified,0,1
10.1029/2020ja028067,Dynamics of Auroral Precipitation Boundaries Associated With STEVE and SAID,2020,Journal of Geophysical Research: Space Physics,American Geophysical Union (AGU),Peer-reviewed journal article,Yukitoshi Nishimura; Eric F. Donovan; V. Angelopoulos; Nozomu Nishitani,THEMIS ASI; SuperDARN,unverified,0,2
10.1029/2020ja028097,Driving of Outer Belt Electron Loss by Solar Wind Dynamic Pressure Structures: Analysis of Balloon and Satellite Data,2020,Journal of Geophysical Research: Space Physics,American Geophysical Union (AGU),Peer-reviewed journal article,A. W. Breneman; Alexa Jean Halford; Robyn M. Millan; L. A. Woodger; X.-J. Zhang; Jasmine K. Sandhu; L. Capannolo; W. Li; Qianli Ma; Christopher M. Cully; Kyle R. Murphy; Thiago Brito; S. S. Elliott,CARISMA,unverified,0,1
10.1029/2020ja028101,Dayside Polar Cap Density Enhancements Formed During Substorms,2020,Journal of Geophysical Research: Space Physics,American Geophysical Union (AGU),Peer-reviewed journal article,Lindsay V. Goodwin; Yukitoshi Nishimura; A. J. Coster; Shunrong Zhang; Nozomu Nishitani; J. M. Ruohoniemi; Brian J. Anderson; Q.-H. Zhang,SuperDARN_CA; SuperDARN,unverified,0,2
10.1029/2020ja028147,Radar Observations of Flows Leading to Substorm Onset Over Alaska,2021,Journal of Geophysical Research: Space Physics,American Geophysical Union (AGU),Peer-reviewed journal article,Larry R. Lyons; Jiang Liu; Yukitoshi Nishimura; Ashton S. Reimer; William. A. Bristow; Don L. Hampton; Xueling Shi; Roger. H. Varney; Eric F. Donovan,THEMIS ASI; SuperDARN; CARISMA,unverified,0,3
10.1029/2020ja028165,Colocated Observations of the <i>E</i> and <i>F</i> Region Thermosphere During a Substorm,2020,Journal of Geophysical Research: Space Physics,American Geophysical Union (AGU),Peer-reviewed journal article,Daniel D. Billett; Kathryn A. McWilliams; M. G. Conde,SuperDARN,unverified,0,1
10.1029/2020ja028193,Effects of Substorms on High‐Latitude Upper Thermospheric Winds,2021,Journal of Geophysical Research: Space Physics,American Geophysical Union (AGU),Peer-reviewed journal article,Ying Zou; Larry Lyons; Mark Conde; Roger Varney; Vassilis Angelopoulos; Stephen Mende,THEMIS ASI,unverified,0,1
10.1029/2020ja028201,An FDTD Investigation of Orthogonality and the Backscattering of HF Waves in the Presence of Ionospheric Irregularities,2020,Journal of Geophysical Research: Space Physics,American Geophysical Union (AGU),Peer-reviewed journal article,D. R. Smith; T. Tan; Eugene Dao; Chaosong Huang; J. J. Simpson,SuperDARN,unverified,0,1
10.1029/2020ja028203,Distinctive Features of Langmuir and Ion‐Acoustic Turbulences Induced by O‐ and X‐Mode HF Pumping at EISCAT,2020,Journal of Geophysical Research: Space Physics,American Geophysical Union (AGU),Peer-reviewed journal article,N. F. Blagoveshchenskaya; T. D. Borisova; A. S. Kalishin; T. K. Yeoman; Ingemar Häggström,SuperDARN,unverified,0,1
10.1029/2020ja028224,Importance of Regional‐Scale Auroral Precipitation and Electrical Field Variability to the Storm‐Time Thermospheric Temperature Enhancement and Inversion Layer (TTEIL) in the Antarctic E Region,2020,Journal of Geophysical Research: Space Physics,American Geophysical Union (AGU),Peer-reviewed journal article,Haonan Wu; Xian Lu; Gang Lu; Xinzhao Chu; Wenbin Wang; Zhibin Yu; Liam M. Kilcommons; Delores J. Knipp; Boyi Wang; Yukitoshi Nishimura,SuperDARN,unverified,0,1
10.1029/2020ja028250,"OI 630.0‐nm and N<sub>2</sub> 1PG Emissions in Pulsating Aurora Events Observed by an Optical Spectrograph at Tromsø, Norway",2020,Journal of Geophysical Research: Space Physics,American Geophysical Union (AGU),Peer-reviewed journal article,Takuo T. Tsuda; Chendong Li; S. Hamada; Keisuke Hosokawa; S.-i. Oyama; Satonori Nozawa; Tetsuya Kawabata; Akira Mizuno; J. Kurihara; Takanori Nishiyama; Michael J. Kosch,REGO,unverified,0,1
10.1029/2020ja028257,3‐D Tomographic Reconstruction of SED Plume During 17 March 2013 Storm,2020,Journal of Geophysical Research: Space Physics,American Geophysical Union (AGU),Peer-reviewed journal article,Changzhi Zhai; Gang Lu; Yibin Yao; Wenbin Wang; Shunrong Zhang; Jing Liu; Wenjie Peng; Jian Kong; Jun Chen,CHAIN,unverified,0,1
10.1029/2020ja028261,Extreme Positive Ionosphere Storm Triggered by a Minor Magnetic Storm in Deep Solar Minimum Revealed by FORMOSAT‐7/COSMIC‐2 and GNSS Observations,2021,Journal of Geophysical Research: Space Physics,American Geophysical Union (AGU),Peer-reviewed journal article,P. K. Rajesh; C.-H. Lin; C. Y. Lin; C. H. Chen; J. Y. Liu; Tomoko Matsuo; S. P. Chen; W. H. Yeh; C. Y. Huang,SuperDARN,unverified,0,1
10.1029/2020ja028346,Simultaneous Polar and Cluster Observations in the Northern and Southern Middle‐Altitude Polar Cusps Around Equinox,2020,Journal of Geophysical Research: Space Physics,American Geophysical Union (AGU),Peer-reviewed journal article,F. Pitout; A. Marchaudon; Karlheinz J. Trattner; J. Berchem; Harri Laakso; C. Philippe Escoubet,SuperDARN,unverified,0,1
10.1029/2020ja028359,A Statistical Study of Polar Cap Flow Channels and Their IMF By Dependence,2020,Journal of Geophysical Research: Space Physics,American Geophysical Union (AGU),Peer-reviewed journal article,Katie Herlingshaw; Lisa J. Baddeley; Kjellmar Oksavik; Dag A. Lorentzen,SuperDARN,unverified,0,1
10.1029/2020ja028364,Multipoint Conjugate Observations of Dayside ULF Waves During an Extended Period of Radial IMF,2020,Journal of Geophysical Research: Space Physics,American Geophysical Union (AGU),Peer-reviewed journal article,X. Shi; Michael D. Hartinger; Joseph Benjamin Harold Baker; J. M. Ruohoniemi; Dong Lin; Zhonghua Xu; Shane Coyle; Bharat S. R. Kunduri; Liam M. Kilcommons; A. Willer,SuperDARN_CA; SuperDARN,unverified,0,2
10.1029/2020ja028411,Global Propagation of Magnetospheric Pc5 ULF Waves Driven by Foreshock Transients,2020,Journal of Geophysical Research: Space Physics,American Geophysical Union (AGU),Peer-reviewed journal article,Boyi Wang; Terry Liu; Yukitoshi Nishimura; Hui Zhang; Michael Hartinger; Xueling Shi; Qianli Ma; Vassilis Angelopoulos; Harald U. Frey,THEMIS ASI,unverified,0,1
10.1029/2020ja028468,An Ephemeral Red Arc Appeared at 68° MLat at a Pseudo Breakup During Geomagnetically Quiet Conditions,2020,Journal of Geophysical Research: Space Physics,American Geophysical Union (AGU),Peer-reviewed journal article,S. Oyama; Atsuki Shinbori; Yasunobu Ogawa; Mirjam Kellinsalmi; Tero Raita; Anita Aikio; Heikki Vanhamäki; Kazuo Shiokawa; I. Virtanen; Lei Cai; A. B. Workayehu; M. Pedersen; Kirsti Kauristie; Takuo T. Tsuda; B. Kozelov; A. Demekhov; Aleksandr Yahnin; Fuminori Tsuchiya; Atsushi Kumamoto; Y. Kasahara; Ayako Matsuoka; Masafumi Shoji; Mariko Teramoto; Mark Lester,SuperDARN,unverified,0,1
10.1029/2020ja028474,Propagation of Ultralow‐Frequency Waves from the Ion Foreshock into the Magnetosphere During the Passage of a Magnetic Cloud,2021,Journal of Geophysical Research: Space Physics,American Geophysical Union (AGU),Peer-reviewed journal article,Kazue Takahashi; Lucile Turc; Emilia Kilpua; Naoko Takahashi; Andrew Dimmock; Primoz Kajdic; Minna Palmroth; Yann Pfau-Kempf; Jan Soucek; Tetsuo Motoba; Michael D. Hartinger; Anton Artemyev; Howard Singer; Urs Ganse; Markus Battarbee,CARISMA,unverified,0,1
10.1029/2020ja028493,A Possible Mechanism on the Detachment Between a Subauroral Proton Arc and the Auroral Oval,2021,Journal of Geophysical Research: Space Physics,American Geophysical Union (AGU),Peer-reviewed journal article,Su Zhou; Xiaoli Luan; James L. Burch; Zhonghua Yao; De-Sheng Han; Chenjing Tian; Yuqing Chen; Jin Zhang; Xiaoyan Yu; Tianjun Dai,CARISMA,unverified,0,1
10.1029/2020ja028498,Is Westward Travelling Surge Driven by the Polar Cap Flow Channels?,2021,Journal of Geophysical Research: Space Physics,American Geophysical Union (AGU),Peer-reviewed journal article,Yu-Zhang Ma; Qing-He Zhang; Larry R. Lyons; Jiang Liu; Zan-Yang Xing; Ashton Reimer; Yukitoshi Nishimura; Don Hampton,THEMIS ASI,unverified,0,1
10.1029/2020ja028505,Neutral Wind Dynamics Preceding the STEVE Occurrence and Their Possible Preconditioning Role in STEVE Formation,2021,Journal of Geophysical Research: Space Physics,American Geophysical Union (AGU),Peer-reviewed journal article,Jun Liang; Ying Zou; Yukitoshi Nishimura; Eric Donovan; Emma Spanswick; Mark Conde,THEMIS ASI,unverified,0,1
10.1029/2020ja028512,Average Ionospheric Electric Field Morphologies During Geomagnetic Storm Phases,2021,Journal of Geophysical Research: Space Physics,American Geophysical Union (AGU),Peer-reviewed journal article,M.-T. Walach; Adrian Grocott; S. E. Milan,SuperDARN_CA; SuperDARN,partially_verified,1,2
10.1029/2020ja028521,Burst Geomagnetic Pulsations as Indicators of Substorm Expansion Onsets During Storms,2020,Journal of Geophysical Research: Space Physics,American Geophysical Union (AGU),Peer-reviewed journal article,Vladimir V. Mishin; Battuulai Tsegmed; Yu. Yu. Klibanova; M. A. Kurikalova,CARISMA,unverified,0,1
10.1029/2020ja028539,Data‐Driven Ensemble Modeling of Equatorial Ionospheric Electrodynamics: A Case Study During a Minor Storm Period Under Solar Minimum Conditions,2021,Journal of Geophysical Research: Space Physics,American Geophysical Union (AGU),Peer-reviewed journal article,C.-T. Hsu; Tomoko Matsuo; A. Maute; Russell Stoneback; C.-P. Lien,SuperDARN,unverified,0,1
10.1029/2020ja028573,Diagnosing the Time‐Dependent Nature of Magnetosphere‐Ionosphere Coupling via ULF Waves at Substorm Onset,2020,Journal of Geophysical Research: Space Physics,American Geophysical Union (AGU),Peer-reviewed journal article,A. W. Smith; I. Jonathan Rae; Colin Forsyth; Clare E. J. Watt; Kyle R. Murphy; Ian. R. Mann,THEMIS ASI; CARISMA,unverified,0,2
10.1029/2020ja028622,"Multi‐Wavelength Imaging Observations of STEVE at Athabasca, Canada",2021,Journal of Geophysical Research: Space Physics,American Geophysical Union (AGU),Peer-reviewed journal article,Sneha Yadav; Kazuo Shiokawa; Yuichi Otsuka; Martin Connors; J.-P. St Maurice,TREx; CARISMA,unverified,0,2
10.1029/2020ja028665,Magnetosphere‐Ionosphere Coupling via Prescribed Field‐Aligned Current Simulated by the TIEGCM,2021,Journal of Geophysical Research: Space Physics,American Geophysical Union (AGU),Peer-reviewed journal article,A. Maute; Arthur D. Richmond; Gang Lu; Delores J. Knipp; Yong Shi; Brian Anderson,SuperDARN,unverified,0,1
10.1029/2020ja028753,Vortex Generation and Auroral Response to a Solar Wind Dynamic Pressure Increase: Event Analyses,2021,Journal of Geophysical Research: Space Physics,American Geophysical Union (AGU),Peer-reviewed journal article,Jinyan Zhao; Quanqi Shi; Anmin Tian; Xiao-Chen Shen; James Michael Weygand; Huizi Wang; Shutao Yao; Xiao Ma; Alexander William Degeling; I. Jonathan Rae; Hui Zhang; Xiao-Jia Zhang; Shi-Chen Bai; Wensai Shang; Jong-Sun Park,THEMIS ASI; CARISMA,unverified,0,2
10.1029/2020ja028755,"The Combined Influence of Lower Band Chorus and ULF Waves on Radiation Belt Electron Fluxes at Individual
                    <i>L</i>
                    ‐Shells",2021,Journal of Geophysical Research: Space Physics,American Geophysical Union (AGU),Peer-reviewed journal article,Laura E. Simms; Mark J. Engebretson; Craig J. Rodger; Stavros Dimitrakoudis; Ian. R. Mann; Peter J. Chi,CARISMA,unverified,0,1
10.1029/2020ja028813,Ionospheric Sluggishness: A Characteristic Time‐Lag of the Ionospheric Response to Solar Flares,2021,Journal of Geophysical Research: Space Physics,American Geophysical Union (AGU),Peer-reviewed journal article,S. Chakraborty; J. M. Ruohoniemi; Joseph Benjamin Harold Baker; Robyn A. D. Fiori; S. M. Bailey; Kate A. Zawdie,Single Beam Riometer; SuperDARN_CA; SuperDARN; GO_RIO,partially_verified,1,4
10.1029/2020ja028827,"Tidal Variations in the Mesosphere and Lower Thermosphere Before, During, and After the 2009 Sudden Stratospheric Warming",2021,Journal of Geophysical Research: Space Physics,American Geophysical Union (AGU),Peer-reviewed journal article,Guiping Liu; Ruth S. Lieberman; V. Lynn Harvey; Nicholas M. Pedatella; Jens Oberheide; Robert E. Hibbins; Patrick J. Espy; Diego Janches,SuperDARN,unverified,0,1
10.1029/2020ja028883,Simultaneous Development of Multiple Auroral Substorms: Double Auroral Bulge Formation,2021,Journal of Geophysical Research: Space Physics,American Geophysical Union (AGU),Peer-reviewed journal article,S. Ohtani; Jesper W. Gjerloev; Kathryn A. McWilliams; J. M. Ruohoniemi; Harald U. Frey,SuperDARN,unverified,0,1
10.1029/2020ja028887,Trapped Electron Energy Inferred From Cosmic Noise Absorption Signals Through Drift‐Time Analysis in Empirical Electric and Semi‐Empirical Magnetic Fields,2021,Journal of Geophysical Research: Space Physics,American Geophysical Union (AGU),Peer-reviewed journal article,Adam C. Kellerman,Single Beam Riometer; GO_RIO,unverified,0,2
10.1029/2020ja028896,Birkeland Current Boundary Flows Associated With Field Line Resonances,2021,Journal of Geophysical Research: Space Physics,American Geophysical Union (AGU),Peer-reviewed journal article,Frances R. Fenrich; Robert Rankin; Dmytro Sydorenko; William E. Archer; David J. Knudsen,SuperDARN_CA; SuperDARN,unverified,0,2
10.1029/2020ja028943,Relationship Between the Locations of the Midlatitude Trough and Plasmapause Using GNSS‐TEC and Arase Satellite Observation Data,2021,Journal of Geophysical Research: Space Physics,American Geophysical Union (AGU),Peer-reviewed journal article,Atsuki Shinbori; Yuichi Otsuka; Takuya Tsugawa; Michi Nishioka; Atsushi Kumamoto; Fuminori Tsuchiya; Shoya Matsuda; Yoshiya Kasahara; Ayako Matsuoka,CHAIN; SuperDARN,unverified,0,2
10.1029/2020ja028968,GPS Scintillations and TEC Variations in Association With a Polar Cap Arc,2021,Journal of Geophysical Research: Space Physics,American Geophysical Union (AGU),Peer-reviewed journal article,Yong Wang; Zheng Cao; Zan-Yang Xing; Qing-He Zhang; Periyadan T. Jayachandran; Kjellmar Oksavik; Nanan Balan; Kazuo Shiokawa,CHAIN; SuperDARN_CA; SuperDARN,unverified,0,3
10.1029/2020ja028989,Ion Gyro‐Harmonic Structures in Stimulated Emission Excited by X‐Mode High Power HF Radio Waves at EISCAT,2021,Journal of Geophysical Research: Space Physics,American Geophysical Union (AGU),Peer-reviewed journal article,A. S. Kalishin; N. F. Blagoveshchenskaya; T. D. Borisova; T. K. Yeoman,SuperDARN,unverified,0,1
10.1029/2020ja029008,Assessing Machine Learning Techniques for Identifying Field Line Resonance Frequencies From Cross‐Phase Spectra,2021,Journal of Geophysical Research: Space Physics,American Geophysical Union (AGU),Peer-reviewed journal article,Raffaello Foldes; Alfredo Del Corpo; Ermanno Pietropaolo; Massimo Vellante,CARISMA,unverified,0,1
10.1029/2020ja029010,The Occurrence Feature of Plasma Bubbles in the Equatorial to Midlatitude Ionosphere During Geomagnetic Storms Using Long‐Term GNSS‐TEC Data,2021,Journal of Geophysical Research: Space Physics,American Geophysical Union (AGU),Peer-reviewed journal article,Takuya Sori; Atsuki Shinbori; Yuichi Otsuka; Takuya Tsugawa; Michi Nishioka,CHAIN,unverified,0,1
10.1029/2020ja029019,Evidence of Alfvenic Poynting Flux as the Primary Driver of Auroral Motion During a Geomagnetic Substorm,2021,Journal of Geophysical Research: Space Physics,American Geophysical Union (AGU),Peer-reviewed journal article,Sheng Tian; Christopher A. Colpitts; John R. Wygant; Cynthia A. Cattell; C. P. Ferradas; A. B. Igl; B. A. Larsen; G. D. Reeves; Eric F. Donovan,THEMIS ASI,unverified,0,1
10.1029/2020ja029024,ULF Wave Driven Radial Diffusion During Geomagnetic Storms: A Statistical Analysis of Van Allen Probes Observations,2021,Journal of Geophysical Research: Space Physics,American Geophysical Union (AGU),Peer-reviewed journal article,Jasmine K. Sandhu; I. Jonathan Rae; John R. Wygant; A. W. Breneman; Sheng Tian; Clare E. J. Watt; Richard B. Horne; Louis G. Ozeke; Marina Georgiou; M.-T. Walach,CARISMA,unverified,0,1
10.1029/2020ja029027,Investigation of the Gradient Drift Instability as a Cause of Density Irregularities in Subauroral Polarization Streams,2021,Journal of Geophysical Research: Space Physics,American Geophysical Union (AGU),Peer-reviewed journal article,C. Rathod; B. Srinivasan; Wayne Scales; Bharat Kunduri,SuperDARN,unverified,0,1
10.1029/2020ja029052,On the Estimation of the Ratio of ULF Wave Electric Fields in Space and the Magnetic Fields at the Ground,2021,Journal of Geophysical Research: Space Physics,American Geophysical Union (AGU),Peer-reviewed journal article,L. J. Warden; C. L. Waters; M. D. Sciffer; Arthur J. Hull,CARISMA,unverified,0,1
10.1029/2020ja029081,Multi‐Event Analysis of Plasma and Field Variations in Source of Stable Auroral Red (SAR) Arcs in Inner Magnetosphere During Non‐Storm‐Time Substorms,2021,Journal of Geophysical Research: Space Physics,American Geophysical Union (AGU),Peer-reviewed journal article,Yudai Inaba; Kazuo Shiokawa; Shin-ichiro Oyama; Yuichi Otsuka; Martin Connors; Ian Schofield; Yoshizumi Miyoshi; Shun Imajo; Atsuki Shinbori; Artem Yu Gololobov; Yoichi Kazama; Shiang-Yu Wang; Sunny W. Y. Tam; Tzu-Fang Chang; Bo-Jhou Wang; Kazushi Asamura; Shoichiro Yokota; Satoshi Kasahara; Kunihiro Keika; Tomoaki Hori; Ayako Matsuoka; Yoshiya Kasahara; Atsushi Kumamoto; Shoya Matsuda; Yasumasa Kasaba; Fuminori Tsuchiya; Masafumi Shoji; Masahiro Kitahara; Satoko Nakamura; Iku Shinohara; Harlan E. Spence; Geoff D. Reeves; Robert J. Macdowall; Charles W. Smith; John R. Wygant; John W. Bonnell,THEMIS ASI; CHAIN,unverified,0,2
10.1029/2020ja029090,Cusp Dynamics and Polar Cap Patch Formation Associated With a Small IMF Southward Turning,2021,Journal of Geophysical Research: Space Physics,American Geophysical Union (AGU),Peer-reviewed journal article,Yukitoshi Nishimura; F. B. Sadler; Roger. H. Varney; R. Gilles; S. R. Zhang; A. J. Coster; Nozomu Nishitani; A. Otto,RISR-C; SuperDARN_CA; SuperDARN,unverified,0,3
10.1029/2020jd032895,Climatological Westward‐Propagating Semidiurnal Tides and Their Composite Response to Sudden Stratospheric Warmings in SuperDARN and SD‐WACCM‐X,2021,Journal of Geophysical Research: Atmospheres,American Geophysical Union (AGU),Peer-reviewed journal article,J. Zhang; Varavut Limpasuvan; Yvan J. Orsolini; Patrick J. Espy; Robert E. Hibbins,SuperDARN_CA; SuperDARN,unverified,0,2
10.1029/2020jd034523,Transport of Nitric Oxide Via Lagrangian Coherent Structures Into the Top of the Polar Vortex,2021,Journal of Geophysical Research: Atmospheres,American Geophysical Union (AGU),Peer-reviewed journal article,V. Lynn Harvey; Seebany Datta-Barua; Nicholas M. Pedatella; Ningchao Wang; Cora E. Randall; David E. Siskind; Willem E. Van Caspel,SuperDARN_CA; SuperDARN,partially_verified,1,2
10.1029/2020rs007121,Bistatic Observations With SuperDARN HF Radars: First Results,2020,Radio Science,American Geophysical Union (AGU),Peer-reviewed journal article,S. G. Shepherd; Kevin T. Sterne; Evan G. Thomas; J. M. Ruohoniemi; Joseph Benjamin Harold Baker; R. T. Parris; T. R. Pedersen; J. M. Holmes,SuperDARN,unverified,0,1
10.1029/2020rs007138,Calibrating the Amplitude and Phase Imbalances in AgileDARN HF Radar,2021,Radio Science,American Geophysical Union (AGU),Peer-reviewed journal article,Xiang Deng; A. L. Lan; J. Y. Yan; L. Wu; J. Wu; Jiao-Jiao Zhang; H. B. Qiu,SuperDARN,unverified,0,1
10.1029/2020rs007142,Velocity of SuperDARN Echoes at Intermediate Radar Ranges,2020,Radio Science,American Geophysical Union (AGU),Peer-reviewed journal article,Alexander V. Koustov; Michael R. Luciuk; Robert G. Gillies; Sydney Ullrich; Bion Larson; Kathryn A. McWilliams; Marina T. Schmidt,RISR-C; ECHAIM; CHAIN; SuperDARN_CA; SuperDARN,unverified,0,5
10.1029/2020rs007181,The Global Analysis of the Ionospheric Correlation Time and Its Implications for Ionospheric Data Assimilation,2020,Radio Science,American Geophysical Union (AGU),Peer-reviewed journal article,Victoriya V. Forsythe; Irfan Azeem; Geoff Crowley; Roman A. Makarevich; Cheng Wang,SuperDARN,unverified,0,1
10.1029/2020rs007191,Determination of the Azimuthal Extent of Coherent E‐Region Scatter Using the ICEBEAR Linear Receiver Array,2021,Radio Science,American Geophysical Union (AGU),Peer-reviewed journal article,Devin Huyghebaert; Kathryn McWilliams; Glenn Hussey; Draven Galeschuk; Jorge L. Chau; Juha Vierinen,ICEBEAR,unverified,0,1
10.1029/2020rs007235,Ionospheric Scintillation Data Inversion to Characterize the Structures Associated With a Series of Polar Cap Patches,2021,Radio Science,American Geophysical Union (AGU),Peer-reviewed journal article,James P. Conroy; Kshitija Deshpande; Bharat Kunduri; Roger. H. Varney; Wayne Scales; Amir Zaghloul,CHAIN; SuperDARN_CA; SuperDARN,unverified,0,3
10.1029/2020rs007236,An EISCAT UHF/ESR Experiment That Explains How Ionospheric Irregularities Induce GPS Phase Fluctuations at Auroral and Polar Latitudes,2021,Radio Science,American Geophysical Union (AGU),Peer-reviewed journal article,H. M. John; B. Forte; I. Astin; T. Allbrook; A. Arnold; B. C. Vani; Ingemar Häggström; Hiroatsu Sato,SuperDARN,unverified,0,1
10.1029/2020sw002459,The Shipwreck of the Airship “Dirigibile Italia” in the 1928 Polar Venture: A Retrospective Analysis of the Ionospheric and Geomagnetic Conditions,2020,Space Weather,American Geophysical Union (AGU),Peer-reviewed journal article,Bruno Zolesi; Michael Pezzopane; C. Bianchi; A. Meloni; Lj. R. Cander; Roberta Tozzi,ECHAIM; CHAIN,unverified,0,2
10.1029/2020sw002463,Assimilation of Sparse Continuous Near‐Earth Weather Measurements by NECTAR Model Morphing,2020,Space Weather,American Geophysical Union (AGU),Peer-reviewed journal article,I. A. Galkin; B. W. Reinisch; Artem M. Vesnin; Dieter Bilitza; S. Fridman; John Bosco Habarulema; O. Veliz,CHAIN,unverified,0,1
10.1029/2020sw002477,A Framework for Understanding and Quantifying the Loss and Acceleration of Relativistic Electrons in the Outer Radiation Belt During Geomagnetic Storms,2020,Space Weather,American Geophysical Union (AGU),Peer-reviewed journal article,Kyle R. Murphy; Ian. R. Mann; David G. Sibeck; I. Jonathan Rae; Clare E. J. Watt; Louis G. Ozeke; Shri G. Kanekal; Daniel N. Baker,CARISMA,unverified,0,1
10.1029/2020sw002480,High‐Speed Solar Wind Imprints on the Ionosphere During the Recovery Phase of the August 2018 Geomagnetic Storm,2020,Space Weather,American Geophysical Union (AGU),Peer-reviewed journal article,Dexin Ren; Jiuhou Lei; Su Zhou; Wenbo Li; Fuqing Huang; Xiaoli Luan; Tong Dang; Yu Liu,SuperDARN,unverified,0,1
10.1029/2020sw002491,Including the Temporal Dimension in the SECS Technique,2020,Space Weather,American Geophysical Union (AGU),Peer-reviewed journal article,S. Marsal; J. M. Torta; F. J. Pavón-Carrasco; S. P. Blake; Mirko Piersanti,CARISMA,unverified,0,1
10.1029/2020sw002526,"Nighttime Magnetic Perturbation Events Observed in Arctic Canada: 3. Occurrence and Amplitude as Functions of Magnetic Latitude, Local Time, and Magnetic Disturbance Indices",2021,Space Weather,American Geophysical Union (AGU),Peer-reviewed journal article,Mark J. Engebretson; Viacheslav A. Pilipenko; Erik S. Steinmetz; Mark B. Moldwin; Martin G. Connors; David H. Boteler; Howard J. Singer; Hermann Opgenoorth; Audrey Schillings; Shin Ohtani; Jesper Gjerloev; Christopher T. Russell,AUTUMNX,verified,1,1
10.1029/2020sw002560,Observations and Modeling Studies of Solar Eclipse Effects on Oblique High Frequency Radio Propagation,2021,Space Weather,American Geophysical Union (AGU),Peer-reviewed journal article,M. L. Moses; L. J. Kordella; Gregory D. Earle; D. Drob; Joseph D. Huba; J. M. Ruohoniemi; S. G. Shepherd; V. Sivakumar,SuperDARN,unverified,0,1
10.1029/2020sw002572,Characterizing Auroral‐Zone Absorption Based on Global <i>Kp</i> and Regional Geomagnetic Hourly Range Indices,2020,Space Weather,American Geophysical Union (AGU),Peer-reviewed journal article,Robyn A. D. Fiori; Larisa Trichtchenko; Christopher Balch; Emma Spanswick; Samuel Groleau,Single Beam Riometer; GO_RIO,unverified,0,2
10.1029/2020sw002593,Development of Space Weather Reasonable Worst‐Case Scenarios for the UK National Risk Assessment,2021,Space Weather,American Geophysical Union (AGU),Peer-reviewed journal article,Mike Hapgood; Matthew J. Angling; Gemma Attrill; Mario Bisi; Paul S. Cannon; Clive Dyer; Jonathan P. Eastwood; Sean Elvidge; Mark Gibbs; Richard A. Harrison; Colin Hord; Richard B. Horne; David R. Jackson; Bryn Jones; Simon Machin; Cathryn N. Mitchell; John Preston; John Rees; Neil Christopher Rogers; Graham Routledge; Keith Ryden; Rick Tanner; Alan W. P. Thomson; James A. Wild; Mike Willis,Single Beam Riometer; GO_RIO,unverified,0,2
10.1029/2020sw002710,A Bayesian Inference‐Based Empirical Model for Scintillation Indices for High‐Latitude,2021,Space Weather,American Geophysical Union (AGU),Peer-reviewed journal article,Karim Meziane; Anton Kashcheyev; Periyadan T. Jayachandran; Abdelhaq M. Hamza,CHAIN,unverified,0,1
10.1029/2021ea001925,Estimation of Ion Temperature in the Upper Ionosphere Along the Swarm Satellite Orbits,2021,Earth and Space Science,American Geophysical Union (AGU),Peer-reviewed journal article,L. Lomidze; Johnathan K. Burchill; David J. Knudsen; Joseph D. Huba,RISR-C,unverified,0,1
10.1029/2021gl094282,Characterization of High‐m ULF Wave Signatures in GPS TEC Data,2021,Geophysical Research Letters,American Geophysical Union (AGU),Peer-reviewed journal article,Changzhi Zhai; Xueling Shi; Wenbin Wang; Michael D. Hartinger; Yibin Yao; Wenjie Peng; Dong Lin; J. Michael Ruohoniemi; Joseph Benjamin Harold Baker,CHAIN; SuperDARN_CA; SuperDARN,partially_verified,1,3
10.1029/2021gl094696,A Strong Correlation Between Relativistic Electron Microbursts and Patchy Aurora,2021,Geophysical Research Letters,American Geophysical Union (AGU),Peer-reviewed journal article,Mykhaylo Shumko; B. Gallardo-Lacourt; Alexa Jean Halford; Jun Liang; Lauren W. Blum; Eric Donovan; Kyle R. Murphy; Emma Spanswick,THEMIS ASI,unverified,0,1
10.1029/2021gl094794,Statistical Distribution of Decameter Scale (50 m) Ionospheric Irregularities at High Latitudes,2021,Geophysical Research Letters,American Geophysical Union (AGU),Peer-reviewed journal article,Yaqi Jin; Lasse Boy Novock Clausen; Andres Spicher; Magnus Fagernes Ivarsen; Yongliang Zhang; Wojciech Jacek Miloch; Jøran Idar Moen,SuperDARN_CA; SuperDARN,unverified,0,2
10.1029/2021gl095539,A Magnetospheric Driver of Westward Traveling Surge: Plasma‐Sheet Bubble,2021,Geophysical Research Letters,American Geophysical Union (AGU),Peer-reviewed journal article,Dong Wei; Fei Zhang; Jian Yang; Wenrui Wang; Weiqin Sun; Jun Cui; Vassilis Angelopoulos,THEMIS ASI,unverified,0,1
10.1029/2021gl095561,Machine Learning Prediction of Storm‐Time High‐Latitude Ionospheric Irregularities From GNSS‐Derived ROTI Maps,2021,Geophysical Research Letters,American Geophysical Union (AGU),Peer-reviewed journal article,Lei Liu; Y. Jade Morton; Yunxiang Liu,CHAIN,unverified,0,1
10.1029/2021gl095751,An Examination of Magnetosphere‐Ionosphere Influences During a SAPS Event,2021,Geophysical Research Letters,American Geophysical Union (AGU),Peer-reviewed journal article,Bharat S. R. Kunduri; Joseph Benjamin Harold Baker; J. M. Ruohoniemi; A. J. Coster; Sarah K. Vines; Brian J. Anderson; S. G. Shepherd; Alex Timothy Chartier,SuperDARN,unverified,0,1
10.1029/2021gl095933,Conjugate Observation of Magnetospheric Chorus Propagating to the Ionosphere by Ducting,2021,Geophysical Research Letters,American Geophysical Union (AGU),Peer-reviewed journal article,Yangyang Shen; Lunjin Chen; Xiao-Jia Zhang; Anton Artemyev; Vassilis Angelopoulos; Christopher M. Cully; H. Gordon James; Andrew W. Yau; Andrew David Howarth; Jacob Bortnik; Jiashu Wu; Sheng Tian; Michael D. Hartinger; Martin Connors; Richard B. Horne,Single Beam Riometer; ABOVE; GO_RIO,partially_verified,1,3
10.1029/2021gl096488,"Multipoint Measurement of Fine‐Structured EMIC Waves by Arase, Van Allen Probe A, and Ground Stations",2021,Geophysical Research Letters,American Geophysical Union (AGU),Peer-reviewed journal article,Shoya Matsuda; Yoshizumi Miyoshi; Y. Kasahara; Lauren Blum; C. Colpitts; Kazushi Asamura; Yasumasa Kasaba; Ayako Matsuoka; Fuminori Tsuchiya; Atsushi Kumamoto; Mariko Teramoto; Satoko Nakamura; Masahiro Kitahara; Iku Shinohara; G. Reeves; Harlan Spence; Kazuo Shiokawa; Tsutomu Nagatsuma; S. Oyama; Ian. R. Mann,CARISMA,unverified,0,1
10.1029/2021gl096583,Unsteady Magnetopause Reconnection Under Quasi‐Steady Solar Wind Driving,2022,Geophysical Research Letters,American Geophysical Union (AGU),Peer-reviewed journal article,Ying Zou; Brian M. Walsh; Li-Jen Chen; Jonathan Ng; Xueling Shi; Chih-Ping Wang; Larry R. Lyons; Jiang Liu; Vassilis Angelopoulos; Kathryn A. McWilliams; J. Michael Ruohoniemi,SuperDARN,unverified,0,1
10.1029/2021gl097013,Interferometric Study of Ionospheric Plasma Irregularities in Regions of Phase Scintillations and HF Backscatter,2022,Geophysical Research Letters,American Geophysical Union (AGU),Peer-reviewed journal article,Andres Spicher; James LaBelle; John W. Bonnell; Roger Roglans; Chrystal Moser; Stephen A. Fuselier; Scott Bounds; Lasse Boy Novock Clausen; Francesca Di Mare; Connor A. Feltman; Yaqi Jin; Craig Kletzing; Wojciech Jacek Miloch; Jøran Idar Moen; Kjellmar Oksavik; Rhyan Sawyer; Toru Takahashi; Tim K. Yeoman,SuperDARN,unverified,0,1
10.1029/2021gl097107,Small‐Scale Irregularities Within Polarization Jet/SAID During Geomagnetic Activity,2022,Geophysical Research Letters,American Geophysical Union (AGU),Peer-reviewed journal article,A. A. Sinevich; A. A. Chernyshov; D. V. Chugunin; Alexey V. Oinats; Lasse Boy Novock Clausen; Wojciech Jacek Miloch; Nozomu Nishitani; M. M. Mogilevsky,SuperDARN,unverified,0,1
10.1029/2021ja029117,Geospace Plume and Its Impact on Dayside Magnetopause Reconnection Rate,2021,Journal of Geophysical Research: Space Physics,American Geophysical Union (AGU),Peer-reviewed journal article,Ying Zou; Brian M. Walsh; Xueling Shi; Larry Lyons; Jiang Liu; Vassilis Angelopoulos; John M. Ruohoniemi; Anthea J. Coster; Michael G. Henderson,SuperDARN,unverified,0,1
10.1029/2021ja029155,Ion Heating in the Polar Cap Under Northwards IMF Bz,2021,Journal of Geophysical Research: Space Physics,American Geophysical Union (AGU),Peer-reviewed journal article,Leslie J. Lamarche; Roger. H. Varney; Ashton S. Reimer,SuperDARN,unverified,0,1
10.1029/2021ja029192,Evolution of Mid‐latitude Density Irregularities and Scintillation in North America During the 7–8 September 2017 Storm,2021,Journal of Geophysical Research: Space Physics,American Geophysical Union (AGU),Peer-reviewed journal article,Yukitoshi Nishimura; Sebastijan Mrak; J. L. Semeter; A. J. Coster; Periyadan T. Jayachandran; Keith M. Groves; David J. Knudsen; Nozomu Nishitani; J. M. Ruohoniemi,CHAIN; SuperDARN,unverified,0,2
10.1029/2021ja029196,Multiresolution Modeling of High‐Latitude Ionospheric Electric Field Variability and Impact on Joule Heating Using SuperDARN Data,2021,Journal of Geophysical Research: Space Physics,American Geophysical Union (AGU),Peer-reviewed journal article,Tomoko Matsuo; Minjie Fan; Xueling Shi; Caleb Miller; J. Michael Ruohoniemi; Debashis Paul; Thomas C. M. Lee,SuperDARN,unverified,0,1
10.1029/2021ja029205,The Relationship Between Large Scale Thermospheric Density Enhancements and the Spatial Distribution of Poynting Flux,2021,Journal of Geophysical Research: Space Physics,American Geophysical Union (AGU),Peer-reviewed journal article,Daniel D. Billett; Gareth William Perry; Lasse Boy Novock Clausen; William E. Archer; Kathryn A. McWilliams; Stein Haaland; Jone Peter Reistad; Johnathan K. Burchill; M. R. Patrick; B. K. Humberset; Brian J. Anderson,SuperDARN_CA; SuperDARN,unverified,0,2
10.1029/2021ja029272,Data‐Driven Basis Functions for SuperDARN Ionospheric Plasma Flow Characterization and Prediction,2021,Journal of Geophysical Research: Space Physics,American Geophysical Union (AGU),Peer-reviewed journal article,R. M. Shore; Mervyn. P. Freeman; Gareth Chisham,SuperDARN,unverified,0,1
10.1029/2021ja029277,Inferring the Horizontal Speed of an Ionospheric Irregularity From a Single GPS Scintillation Receiver at High Latitudes,2021,Journal of Geophysical Research: Space Physics,American Geophysical Union (AGU),Peer-reviewed journal article,Junseok Hong; Jong-Kyun Chung; Young-Bae Ham; Young-Sil Kwak; Yong Ha Kim,CHAIN,unverified,0,1
10.1029/2021ja029292,"Multi‐Instrument Characterization of Magnetospheric Cold Plasma Dynamics in the June 22, 2015 Geomagnetic Storm",2021,Journal of Geophysical Research: Space Physics,American Geophysical Union (AGU),Peer-reviewed journal article,Massimo Vellante; Kazue Takahashi; Alfredo Del Corpo; Irina S. Zhelavskaya; Jerry Goldstein; Ian. R. Mann; Ermanno Pietropaolo; Jan Reda; B. Heilig,CARISMA,unverified,0,1
10.1029/2021ja029300,The Role of Flare‐Driven Ionospheric Electron Density Changes on the Doppler Flash Observed by SuperDARN HF Radars,2021,Journal of Geophysical Research: Space Physics,American Geophysical Union (AGU),Peer-reviewed journal article,S. Chakraborty; L. Qian; J. M. Ruohoniemi; Joseph Benjamin Harold Baker; J. M. Mclnerney; Nozomu Nishitani,SuperDARN,unverified,0,1
10.1029/2021ja029307,A Statistical Model of Vorticity in the Polar Ionosphere and Implications for Extreme Values,2021,Journal of Geophysical Research: Space Physics,American Geophysical Union (AGU),Peer-reviewed journal article,Gareth Chisham; Mervyn. P. Freeman,SuperDARN_CA; SuperDARN,unverified,0,2
10.1029/2021ja029340,Longitudinal Evolution of the Velocity of Subauroral Polarization Streams (SAPS) in Different Phases of Magnetic Storms: SuperDARN Observations,2021,Journal of Geophysical Research: Space Physics,American Geophysical Union (AGU),Peer-reviewed journal article,Qiang Zhang; Yong C.-M. Liu; Q.-H. Zhang; Zan-Yang Xing; Yu-Zhang Ma,SuperDARN_CA; SuperDARN,partially_verified,1,2
10.1029/2021ja029410,Observational Evidence of Transient Lobe Reconnection Triggered by Sudden Northern Enhancement of IMF Bz,2021,Journal of Geophysical Research: Space Physics,American Geophysical Union (AGU),Peer-reviewed journal article,Zhiwei Wang; Hongqiao Hu; Jianyong Lu; Desheng Han; Jianjun Liu; Yewen Wu; Zejun Hu,SuperDARN_CA; SuperDARN,unverified,0,2
10.1029/2021ja029423,"Comments on “Stochastic TEC Structure Characterization” by Charles Rino, Yu Morton, Brian Breitsch, and Charles Carrano, <i>Journal of Geophysical Research: Space Physics</i>, <i>124</i>, https://doi.org/10.1029/2019JA026958",2022,Journal of Geophysical Research: Space Physics,American Geophysical Union (AGU),Peer-reviewed journal article,Anthony McCaffrey; Periyadan T. Jayachandran,CHAIN,unverified,0,1
10.1029/2021ja029465,Superposed Epoch Analysis of Nighttime Magnetic Perturbation Events Observed in Arctic Canada,2021,Journal of Geophysical Research: Space Physics,American Geophysical Union (AGU),Peer-reviewed journal article,Mark J. Engebretson; Lidiya Y. Ahmed; Viacheslav A. Pilipenko; Erik S. Steinmetz; Mark B. Moldwin; Martin G. Connors; David H. Boteler; James Michael Weygand; Shane Coyle; Shin Ohtani; Jesper Gjerloev; Christopher T. Russell,AUTUMNX,unverified,0,1
10.1029/2021ja029475,Effect of Interplanetary Magnetic Field on Hemispheric Asymmetry in Ionospheric Horizontal and Field‐Aligned Currents During Different Seasons,2021,Journal of Geophysical Research: Space Physics,American Geophysical Union (AGU),Peer-reviewed journal article,A. B. Workayehu; Heikki Vanhamäki; A. T. Aikio; S. G. Shepherd,SuperDARN,unverified,0,1
10.1029/2021ja029492,The Onset of a Substorm and the Mating Instability,2021,Journal of Geophysical Research: Space Physics,American Geophysical Union (AGU),Peer-reviewed journal article,Gerhard Haerendel; Harald Frey,THEMIS ASI,unverified,0,1
10.1029/2021ja029502,Statistical Characteristics of Mid‐Latitude Ionospheric Irregularities at Geomagnetic Quiet Time: Observations From the Jiamusi and Hokkaido East SuperDARN HF Radars,2022,Journal of Geophysical Research: Space Physics,American Geophysical Union (AGU),Peer-reviewed journal article,W. Wang; Jiao-Jiao Zhang; C. Wang; Nozomu Nishitani; J. Y. Yan; A. L. Lan; Xiang Deng; H. B. Qiu,SuperDARN,unverified,0,1
10.1029/2021ja029554,A Survey of 25 Years' Transpolar Voltage Data From the SuperDARN Radar Network and the Expanding‐Contracting Polar Cap Model,2021,Journal of Geophysical Research: Space Physics,American Geophysical Union (AGU),Peer-reviewed journal article,Mike Lockwood; Kathryn A. McWilliams,SuperDARN,unverified,0,1
10.1029/2021ja029559,Super Dual Auroral Radar Network Expansion and Its Influence on the Derived Ionospheric Convection Pattern,2022,Journal of Geophysical Research: Space Physics,American Geophysical Union (AGU),Peer-reviewed journal article,M.-T. Walach; Adrian Grocott; Frances Staples; Evan G. Thomas,SuperDARN_CA; SuperDARN,partially_verified,1,2
10.1029/2021ja029572,Ionospheric Electron Density and Conductance Changes in the Auroral Zone During Substorms,2021,Journal of Geophysical Research: Space Physics,American Geophysical Union (AGU),Peer-reviewed journal article,N. A. Stepanov; Victor A. Sergeev; M. A. Shukhtina; Yasunobu Ogawa; X. Chu; D. D. Rogov,GO_RIO,unverified,0,1
10.1029/2021ja029589,HMB Variations Measured by SuperDARN During the Extremely Radial IMFs: Is the Coupling Function Applicable in Radial IMF?,2022,Journal of Geophysical Research: Space Physics,American Geophysical Union (AGU),Peer-reviewed journal article,Zhiwei Wang; Jianyong Lu; Hongqiao Hu; Jianjun Liu; Zejun Hu; Ming Wang; Bin Li; Xiangcai Chen; Yewen Wu; Hua Zhang; Haiyan Guan,SuperDARN_CA; SuperDARN,unverified,0,2
10.1029/2021ja029601,"Statistical Study of Electron Density Enhancements in the Ionospheric
                    <i>F</i>
                    Region Associated With Pulsating Auroras",2021,Journal of Geophysical Research: Space Physics,American Geophysical Union (AGU),Peer-reviewed journal article,Mizuki Fukizawa; Takeshi Sakanoi; Yasunobu Ogawa; Takuo T. Tsuda; Keisuke Hosokawa,REGO,unverified,0,1
10.1029/2021ja029657,Auroral Heating of Plasma Patches Due to High‐Latitude Reconnection,2021,Journal of Geophysical Research: Space Physics,American Geophysical Union (AGU),Peer-reviewed journal article,Joaquín Díaz Peña; Joshua Semeter; Yukitoshi Nishimura; Roger Varney; Ashton Reimer; Marc Hairston; Matthew Zettergren; Michael Hirsch; Olga Verkhoglyadova; Keisuke Hosokawa; Kazuo Shiokawa,RISR-C,unverified,0,1
10.1029/2021ja029687,Statistical Behavior of Large‐Scale Ionospheric Disturbances From High Latitudes to Mid‐Latitudes During Geomagnetic Storms Using 20‐yr GNSS‐TEC Data: Dependence on Season and Storm Intensity,2022,Journal of Geophysical Research: Space Physics,American Geophysical Union (AGU),Peer-reviewed journal article,Atsuki Shinbori; Yuichi Otsuka; Takuya Sori; Takuya Tsugawa; Michi Nishioka,CHAIN,unverified,0,1
10.1029/2021ja029693,On the Interplay Between Solar Wind Parameters and ULF Wave Power as a Function of Geomagnetic Activity at High‐ and Mid‐latitudes,2022,Journal of Geophysical Research: Space Physics,American Geophysical Union (AGU),Peer-reviewed journal article,Stavros Dimitrakoudis; Ian. R. Mann; Georgios Balasis; Constantinos Papadimitriou; Anastasios Anastasiadis; Ioannis A. Daglis,CARISMA,unverified,0,1
10.1029/2021ja029722,"Field‐Aligned Current During an Interval of B
                    <sub>
                      <i>Y</i>
                    </sub>
                    ‐Dominated Interplanetary‐Field; Modeled‐to‐Observed Comparisons",2021,Journal of Geophysical Research: Space Physics,American Geophysical Union (AGU),Peer-reviewed journal article,Jennifer Alyson Carter; A. A. Samsonov; S. E. Milan; Graziella Branduardi-Raymont; Aaron J. Ridley; Larry J. Paxton; Brian J. Anderson; C. L. Waters; T. Edwards,SuperDARN_CA; SuperDARN,unverified,0,2
10.1029/2021ja029742,Quantifying the Lobe Reconnection Rate During Dominant IMF <i>B</i><sub><i>y</i></sub> Periods and Different Dipole Tilt Orientations,2021,Journal of Geophysical Research: Space Physics,American Geophysical Union (AGU),Peer-reviewed journal article,Jone Peter Reistad; Karl M. Laundal; Nikolai Østgaard; Anders Ohma; Angeline Gail Burrell; Spencer Mark Hatch; Stein Haaland; Evan G. Thomas,SuperDARN,unverified,0,1
10.1029/2021ja029749,Examining the Auroral Ionosphere in Three Dimensions Using Reconstructed 2D Maps of Auroral Data to Drive the 3D GEMINI Model,2021,Journal of Geophysical Research: Space Physics,American Geophysical Union (AGU),Peer-reviewed journal article,Robert Clayton; Meghan Burleigh; Kristina A. Lynch; Matt Zettergren; Tucker Evans; Guy Grubbs; Donald L. Hampton; David Hysell; Stephen Kaeppler; Marc Lessard; Robert Michell; Ashton Reimer; T. Maximillian Roberts; Marilia Samara; Roger Varney,SuperDARN,unverified,0,1
10.1029/2021ja029756,A Time‐Dependent Two‐Dimensional Model Simulation of Lower Ionospheric Variations Under Intense SAID,2021,Journal of Geophysical Research: Space Physics,American Geophysical Union (AGU),Peer-reviewed journal article,Jun Liang; J. P. St-Maurice; Eric Donovan,REGO; TREx,unverified,0,2
10.1029/2021ja029757,Electron Lifetimes and Diffusion Rates Inferred From ELFIN Measurements at Low Altitude: First Results,2021,Journal of Geophysical Research: Space Physics,American Geophysical Union (AGU),Peer-reviewed journal article,D. Mourenas; Anton V. Artemyev; X. -J. Zhang; V. Angelopoulos; Ethan Tsai; Colin Wilkins,CARISMA,unverified,0,1
10.1029/2021ja029779,Study of Substorm‐Related Auroral Absorption: Latitudinal Width and Factors Affecting the Peak Intensity of Energetic Electron Precipitation,2021,Journal of Geophysical Research: Space Physics,American Geophysical Union (AGU),Peer-reviewed journal article,A. V. Nikolaev; Victor A. Sergeev; M. A. Shukhtina; Emma Spanswick; D. D. Rogov; N. A. Stepanov,Single Beam Riometer; GO_RIO,unverified,0,2
10.1029/2021ja029787,"Dynamic Properties of a Sporadic Sodium Layer Revealed by Observations Over Zhongshan, Antarctica: A Case Study",2021,Journal of Geophysical Research: Space Physics,American Geophysical Union (AGU),Peer-reviewed journal article,Xiangcai Chen; Wentao Huang; Chao Ban; Michael J. Kosch; Damian J. Murphy; Zejun Hu; Jianjun Liu; Fang He; Rui Wang; Huigen Yang; Hongqiao Hu,SuperDARN,unverified,0,1
10.1029/2021ja029795,Multi‐Instrument Investigation of the Polar Holes,2021,Journal of Geophysical Research: Space Physics,American Geophysical Union (AGU),Peer-reviewed journal article,Victoriya V. Forsythe; Bharat Kunduri; Shasha Zou,RISR-C; SuperDARN,unverified,0,2
10.1029/2021ja029823,Multipoint Observations of Dispersive Scale Alfvénic Field‐Line Resonances Associated With Substorm Auroral Beads,2023,Journal of Geophysical Research: Space Physics,American Geophysical Union (AGU),Peer-reviewed journal article,Arthur J. Hull; Christopher C. Chaston; Peter A. Damiano; Harald U. Frey; Simon Wing,THEMIS ASI,unverified,0,1
10.1029/2021ja029839,SECS Analysis of Nighttime Magnetic Perturbation Events Observed in Arctic Canada,2021,Journal of Geophysical Research: Space Physics,American Geophysical Union (AGU),Peer-reviewed journal article,James Michael Weygand; Mark J. Engebretson; Viacheslav A. Pilipenko; Erik S. Steinmetz; Mark B. Moldwin; Martin G. Connors; Yukitoshi Nishimura; Larry R. Lyons; Christopher T. Russell; Shin-ichi Ohtani; Jesper Gjerloev,AUTUMNX,verified,1,1
10.1029/2021ja029843,Ionospheric Disturbances and Irregularities During the 25–26 August 2018 Geomagnetic Storm,2022,Journal of Geophysical Research: Space Physics,American Geophysical Union (AGU),Peer-reviewed journal article,Elvira Astafyeva; Y. V. Yasyukevich; B. Maletckii; Alexey Oinats; Artem Vesnin; Anna S. Yasyukevich; Semen Syrovatskii; N. Guendouz,CHAIN; SuperDARN_CA; SuperDARN,unverified,0,3
10.1029/2021ja029856,"Statistical Study of Subauroral Arc Detachment at Athabasca, Canada: New Insights on STEVE",2022,Journal of Geophysical Research: Space Physics,American Geophysical Union (AGU),Peer-reviewed journal article,Sneha Yadav; Kazuo Shiokawa; Yuichi Otsuka; Martin Connors,THEMIS ASI; CARISMA,unverified,0,2
10.1029/2021ja029857,"The Properties of ICEBEAR E‐Region Coherent Radar Echoes in the Presence of Near Infrared Auroral Emissions, as Measured by the Swarm‐E Fast Auroral Imager",2021,Journal of Geophysical Research: Space Physics,American Geophysical Union (AGU),Peer-reviewed journal article,Devin Huyghebaert; Jean-Pierre St.-Maurice; Kathryn McWilliams; Glenn Hussey; Andrew David Howarth; Paige Rutledge; Stephanie Erion,ICEBEAR,unverified,0,1
10.1029/2021ja029903,Ionospheric Current Variations by Empirical Orthogonal Function Analysis: Solar Activity Dependence and Longitudinal Differences,2022,Journal of Geophysical Research: Space Physics,American Geophysical Union (AGU),Peer-reviewed journal article,Charles Owolabi; Haibing Ruan; Yosuke Yamazaki; R. O. Kaka; O. O. Akinola; Akimasa Yoshikawa,AUTUMNX; CARISMA,partially_verified,1,2
10.1029/2021ja029908,The Source of Auroral Omegas,2022,Journal of Geophysical Research: Space Physics,American Geophysical Union (AGU),Peer-reviewed journal article,James Michael Weygand; M. El-Alaoui; H. K. Nykyri,THEMIS ASI,unverified,0,1
10.1029/2021ja029921,"Simultaneous Observations of a Sporadic <i>E</i> Layer by Digisonde and SuperDARN HF Radars at Zhongshan, Antarctica",2022,Journal of Geophysical Research: Space Physics,American Geophysical Union (AGU),Peer-reviewed journal article,Xiangcai Chen; Jianjun Liu; Michael J. Kosch; Zejun Hu; Zhiwei Wang; Beichen Zhang; Huigen Yang; Hongqiao Hu,SuperDARN,unverified,0,1
10.1029/2021ja029946,On Optimum Solar Wind‐Magnetosphere Coupling Functions for Transpolar Voltage and Planetary Geomagnetic Activity,2021,Journal of Geophysical Research: Space Physics,American Geophysical Union (AGU),Peer-reviewed journal article,Mike Lockwood; Kathryn A. McWilliams,SuperDARN,unverified,0,1
10.1029/2021ja029963,"Case Studies of Ionospheric Plasma Irregularities Over Queen Maud Land, Antarctica",2021,Journal of Geophysical Research: Space Physics,American Geophysical Union (AGU),Peer-reviewed journal article,Arnlaug H. Skjæveland; Daria S. Kotova; Wojciech Jacek Miloch,SuperDARN,unverified,0,1
10.1029/2021ja029965,Statistical Study of Seasonal and Solar Activity Dependence of Nighttime MSTIDs Occurrence Using the SuperDARN Hokkaido Pair of Radars,2022,Journal of Geophysical Research: Space Physics,American Geophysical Union (AGU),Peer-reviewed journal article,W. Hazeyama; Nozomu Nishitani; T. Hori; T. Nakamura; Septi Perwitasari,SuperDARN,unverified,0,1
10.1029/2021ja029988,Effects of Subauroral Polarization Streams on the Upper Thermospheric Winds During Non‐Storm Time,2022,Journal of Geophysical Research: Space Physics,American Geophysical Union (AGU),Peer-reviewed journal article,Ying Zou; Larry R. Lyons; Xueling Shi; Jiang Liu; Qian Wu; Mark Conde; Simon G. Shepherd; Stephen Mende; Yongliang Zhang; Antea Coster,THEMIS ASI; SuperDARN,unverified,0,2
10.1029/2021ja030004,Space‐Ground Observations of Dynamics of Substorm Onset Beads,2022,Journal of Geophysical Research: Space Physics,American Geophysical Union (AGU),Peer-reviewed journal article,Yukitoshi Nishimura; Anton V. Artemyev; L. R. Lyons; Christine Gabrielse; Eric F. Donovan; V. Angelopoulos,THEMIS ASI,unverified,0,1
10.1029/2021ja030020,Radial Interplanetary Magnetic Field‐Induced North‐South Asymmetry in the Solar Wind‐Magnetosphere‐Ionosphere Coupling: A Case Study,2022,Journal of Geophysical Research: Space Physics,American Geophysical Union (AGU),Peer-reviewed journal article,Jong-Sun Park; Quan Qi Shi; Xueling Shi; Jih-Hong Shue; Alexander W. Degeling; Motoharu Nowada; An Min Tian; Khan-Hyuk Kim; Timo Pitkänen; Yongliang Zhang,SuperDARN,unverified,0,1
10.1029/2021ja030089,Lobe Reconnection and Cusp‐Aligned Auroral Arcs,2022,Journal of Geophysical Research: Space Physics,American Geophysical Union (AGU),Peer-reviewed journal article,S. E. Milan; Gemma E. Bower; Jennifer Alyson Carter; Larry J. Paxton; Brian J. Anderson; Marc R. Hairston,SuperDARN_CA; SuperDARN,unverified,0,2
10.1029/2021ja030101,Effects of EMIC Wave‐Driven Proton Precipitation on the Ionosphere,2022,Journal of Geophysical Research: Space Physics,American Geophysical Union (AGU),Peer-reviewed journal article,Xingbin Tian; Yiqun Yu; Minghui Zhu; Longxing Ma; Jinbin Cao; Shreedevi Pr; Vania K. Jordanova; Stanley C. Solomon,CARISMA,unverified,0,1
10.1029/2021ja030102,Ionospheric Energy Input in Response to Changes in Solar Wind Driving: Statistics From the SuperDARN and AMPERE Campaigns,2022,Journal of Geophysical Research: Space Physics,American Geophysical Union (AGU),Peer-reviewed journal article,Daniel D. Billett; Kathryn A. McWilliams; Gareth William Perry; Lasse Boy Novock Clausen; Brian J. Anderson,SuperDARN_CA; SuperDARN,unverified,0,2
10.1029/2021ja030114,New Insights Into the Substorm Initiation Sequence From the Spatio‐Temporal Development of Auroral Electrojets,2022,Journal of Geophysical Research: Space Physics,American Geophysical Union (AGU),Peer-reviewed journal article,S. Ohtani; Tetsuo Motoba; Jesper W. Gjerloev; Harald U. Frey; Ian. R. Mann; Peter J. Chi; Haje Korth,THEMIS ASI; CARISMA,unverified,0,2
10.1029/2021ja030148,Polar Cap Boundary Identification Using Redline Optical Data and DMSP Satellite Particle Data,2022,Journal of Geophysical Research: Space Physics,American Geophysical Union (AGU),Peer-reviewed journal article,B. Gallardo-Lacourt; Simon Wing; L. Kepko; D. Megan Gillies; Emma L. Spanswick; E. A. Roy; Eric F. Donovan,REGO,unverified,0,1
10.1029/2021ja030157,First Observations of <i>E</i>‐Region Near Range Echoes Partially Modulated by <i>F</i>‐Region Traveling Ionospheric Disturbances Observed by the Same SuperDARN HF Radar,2022,Journal of Geophysical Research: Space Physics,American Geophysical Union (AGU),Peer-reviewed journal article,Alicreance Hiyadutuje; Michael J. Kosch; Judy A. E. Stephenson,SuperDARN,unverified,0,1
10.1029/2021ja030230,Multi‐Scale Density Structures in the Plasmaspheric Plume During a Geomagnetic Storm,2022,Journal of Geophysical Research: Space Physics,American Geophysical Union (AGU),Peer-reviewed journal article,Yukitoshi Nishimura; Jerry Goldstein; Carlos Martinis; Qianli Ma; W. Li; S. R. Zhang; A. J. Coster; Sebastijan Mrak; J. L. Semeter; Nozomu Nishitani; J. M. Ruohoniemi; S. G. Shepherd,SuperDARN,unverified,0,1
10.1029/2021ja030240,Generation Mechanisms of Plasma Density Irregularity in the Equatorial Ionosphere During a Geomagnetic Storm on 21–22 December 2014,2022,Journal of Geophysical Research: Space Physics,American Geophysical Union (AGU),Peer-reviewed journal article,Takuya Sori; Atsuki Shinbori; Yuichi Otsuka; Takuya Tsugawa; Michi Nishioka; Akimasa Yoshikawa,CHAIN; SuperDARN,unverified,0,2
10.1029/2021jd036007,The Mid‐ to High‐Latitude Migrating Semidiurnal Tide: Results From a Mechanistic Tide Model and SuperDARN Observations,2022,Journal of Geophysical Research: Atmospheres,American Geophysical Union (AGU),Peer-reviewed journal article,Willem E. Van Caspel; Patrick J. Espy; David A. Ortland; Robert E. Hibbins,SuperDARN,unverified,0,1
10.1029/2021rs007259,Statistical Analysis of Refractive and Diffractive Scintillation at High Latitudes,2022,Radio Science,American Geophysical Union (AGU),Peer-reviewed journal article,James P. Conroy; Kshitija Deshpande; Wayne Scales; Amir Zaghloul,CHAIN; SuperDARN,unverified,0,2
10.1029/2021rs007285,A Modeling Framework for Estimating Ionospheric HF Absorption Produced by Solar Flares,2021,Radio Science,American Geophysical Union (AGU),Peer-reviewed journal article,S. Chakraborty; Joseph Benjamin Harold Baker; Robyn A. D. Fiori; J. M. Ruohoniemi; Kate A. Zawdie,Single Beam Riometer; GO_RIO,unverified,0,2
10.1029/2021rs007323,Modeling and Validating a SuperDARN Radar's Poynting Flux Profile,2022,Radio Science,American Geophysical Union (AGU),Peer-reviewed journal article,Gareth William Perry; K. D. Ruzic; Kevin Sterne; Andrew David Howarth; Andrew W. Yau,SuperDARN_CA; SuperDARN,unverified,0,2
10.1029/2021rs007326,"A Comparison of the Topside Electron Density Measured by the Swarm Satellites and Incoherent Scatter Radars Over Resolute Bay, Canada",2021,Radio Science,American Geophysical Union (AGU),Peer-reviewed journal article,Bion Larson; A. V. Koustov; A. F. Kouznetsov; L. Lomidze; Robert G. Gillies; Ashton S. Reimer,RISR-C,unverified,0,1
10.1029/2021rs007328,"Multiyear Detection, Classification and Hypothesis of Ionospheric Layer Causing GNSS Scintillation",2021,Radio Science,American Geophysical Union (AGU),Peer-reviewed journal article,Seebany Datta-Barua; Pau Llado Prat; Donald L. Hampton,CHAIN,unverified,0,1
10.1029/2021rs007338,Seasonal and Diurnal Dynamics of Radio Noise for 8–20 MHz Poleward‐Oriented Mid‐Latitude Radars,2022,Radio Science,American Geophysical Union (AGU),Peer-reviewed journal article,Oleg I. Berngardt; J.-P. St- Maurice; J. M. Ruohoniemi; A. Marchaudon,SuperDARN_CA; SuperDARN,unverified,0,2
10.1029/2021rs007358,ICEBEAR‐3D: A Low Elevation Imaging Radar Using a Non‐Uniform Coplanar Receiver Array for E Region Observations,2022,Radio Science,American Geophysical Union (AGU),Peer-reviewed journal article,Adam Lozinsky; Glenn Hussey; Kathryn McWilliams; Devin Huyghebaert; Draven Galeschuk,ICEBEAR,unverified,0,1
10.1029/2021sw002751,Modeling of Ultraviolet Aurora Intensity Associated With Interplanetary and Geomagnetic Parameters Based on Neural Networks,2021,Space Weather,American Geophysical Union (AGU),Peer-reviewed journal article,Ze-Jun Hu; Bing Han; Yisheng Zhang; Huifang Lian; Ping Wang; Guojun Li; Bin Li; Xiang-Cai Chen; Jian-Jun Liu,SuperDARN,unverified,0,1
10.1029/2021sw002779,Development and Validation of Precipitation Enhanced Densities for the Empirical Canadian High Arctic Ionospheric Model,2021,Space Weather,American Geophysical Union (AGU),Peer-reviewed journal article,C. Watson; David Russel Themens; Periyadan T. Jayachandran,CHAIN; ECHAIM,unverified,0,2
10.1029/2021sw002803,"Estimating the Geoelectric Field and Electric Power Transmission Line Voltage During a Geomagnetic Storm in Alberta, Canada Using Measured Magnetotelluric Impedance Data: The Influence of Three‐Dimensional Electrical Structures in the Lithosphere",2021,Space Weather,American Geophysical Union (AGU),Peer-reviewed journal article,Darcy Cordell; Martyn J. Unsworth; Benjamin Lee; Cedar Hanneson; David K. Milling; Ian. R. Mann,CARISMA,unverified,0,1
10.1029/2021sw002831,Empirical Modeling of Ionospheric Current Using Empirical Orthogonal Function Analysis and Artificial Neural Network,2021,Space Weather,American Geophysical Union (AGU),Peer-reviewed journal article,Charles Owolabi; Haibing Ruan; Yosuke Yamazaki; Jinfeng Li; Jiahao Zhong; A. V. Eyelade; Shishir Priyadarshi; Akimasa Yoshikawa,AUTUMNX; CARISMA,partially_verified,1,2
10.1029/2021sw002862,Three‐Dimensional Reconstruction of Tongue of Ionization During the 11 October 2010 Geomagnetic Storm and Evolution Analysis With TIEGCM,2022,Space Weather,American Geophysical Union (AGU),Peer-reviewed journal article,L. L. Shan; Y. B. Yao; Jian Kong; C. Z. Zhai; Chen Zhou; X. X. Chen,SuperDARN,unverified,0,1
10.1029/2021sw002872,E‐CHAIM as a Model of Total Electron Content: Performance and Diagnostics,2021,Space Weather,American Geophysical Union (AGU),Peer-reviewed journal article,David Russel Themens; Ben Reid; Periyadan T. Jayachandran; Bion Larson; A. V. Koustov; Sean Elvidge; Anthony M. McCaffrey; Chris Watson,CHAIN; ECHAIM,unverified,0,2
10.1029/2021sw002880,Data Assimilation of High‐Latitude Electric Fields: Extension of a Multi‐Resolution Gaussian Process Model (Lattice Kriging) to Vector Fields,2022,Space Weather,American Geophysical Union (AGU),Peer-reviewed journal article,Haonan Wu; Xian Lu,SuperDARN,unverified,0,1
10.1029/2021sw002891,Development of the Storm‐Induced Ionospheric Irregularities at Equatorial and Middle Latitudes During the 25–26 August 2018 Geomagnetic Storm,2022,Space Weather,American Geophysical Union (AGU),Peer-reviewed journal article,Iurii Cherniak; Irina Zakharenkova,CHAIN; SuperDARN,unverified,0,2
10.1029/2021sw002901,Impacts of Auroral Precipitation on HF Propagation: A Hypothetical Over‐the‐Horizon Radar Case Study,2021,Space Weather,American Geophysical Union (AGU),Peer-reviewed journal article,Joshua J. Ruck; David Russel Themens,CHAIN; ECHAIM,unverified,0,2
10.1029/2021sw002919,Sensitivity of Ground Magnetometer Array Elements for GIC Applications I: Resolving Spatial Scales With the BEAR and CARISMA Arrays,2022,Space Weather,American Geophysical Union (AGU),Peer-reviewed journal article,Stavros Dimitrakoudis; David K. Milling; Andy Kale; Ian. R. Mann,CARISMA,unverified,0,1
10.1029/2021sw002920,Development of a High‐Latitude Convection Model by Application of Machine Learning to SuperDARN Observations,2022,Space Weather,American Geophysical Union (AGU),Peer-reviewed journal article,William. A. Bristow; C. A. Topliff; M. B. Cohen,SuperDARN,unverified,0,1
10.1029/2021sw002933,Impact Angle Control of Local Intense d<i>B</i>/d<i>t</i> Variations During Shock‐Induced Substorms,2021,Space Weather,American Geophysical Union (AGU),Peer-reviewed journal article,Denny M. Oliveira; James Michael Weygand; Eftyhia Zesta; Chigomezyo M. Ngwira; Michael D. Hartinger; Zhonghua Xu; Barbara L. Giles; Daniel J. Gershman; Marcos V. D. Silveira; Vítor M. Souza,THEMIS ASI,unverified,0,1
10.1029/2021sw002989,"Solar Wind—Magnetosphere Coupling Functions: Pitfalls, Limitations, and Applications",2022,Space Weather,American Geophysical Union (AGU),Peer-reviewed journal article,Mike Lockwood,SuperDARN,unverified,0,1
10.1029/2021sw003015,Ionospheric Phase Scintillation Index Estimation Based on 1 Hz Geodetic GNSS Receiver Measurements by Using Continuous Wavelet Transform,2022,Space Weather,American Geophysical Union (AGU),Peer-reviewed journal article,Dongsheng Zhao; Wang Li; Chendong Li; Xu Tang; Qianxin Wang; Craig M. Hancock; Gethin Wyn Roberts; Kefei Zhang,CHAIN,unverified,0,1
10.1029/2022gl097879,First Observations of Large Scale Traveling Ionospheric Disturbances Using Automated Amateur Radio Receiving Networks,2022,Geophysical Research Letters,American Geophysical Union (AGU),Peer-reviewed journal article,Nathaniel A. Frissell; Stephen R. Kaeppler; Diego F. Sanchez; Gareth William Perry; William D. Engelke; Philip J. Erickson; Anthea J. Coster; J. Michael Ruohoniemi; Joseph Benjamin Harold Baker; Mary Lou West,SuperDARN,unverified,0,1
10.1029/2022gl098158,Global Propagation of Ionospheric Disturbances Associated With the 2022 Tonga Volcanic Eruption,2022,Geophysical Research Letters,American Geophysical Union (AGU),Peer-reviewed journal article,David Russel Themens; Chris Watson; Nedjeljka Žagar; Sergiy Vasylkevych; Sean Elvidge; Anthony McCaffrey; Paul Prikryl; Ben Reid; Alan Wood; Periyadan T. Jayachandran,CHAIN; ECHAIM,unverified,0,2
10.1029/2022gl098249,Novel EMIC Wave Propagation Pathway Through Buchsbaum Resonance and Inter‐Hemispheric Wave Interference: Swarm Observations and Modeling,2022,Geophysical Research Letters,American Geophysical Union (AGU),Peer-reviewed journal article,Ivan P. Pakhotin; Ian. R. Mann; Dmytro Sydorenko; Robert Rankin,CARISMA,unverified,0,1
10.1029/2022gl098457,Auroral Beads in Conjunction With Kinetic Alfvén Waves in the Equatorial Inner‐Magnetosphere,2022,Geophysical Research Letters,American Geophysical Union (AGU),Peer-reviewed journal article,Sheng Tian; L. R. Lyons; Yukitoshi Nishimura; John R. Wygant; R. L. Lysak; C. P. Ferradas; X. An; A. B. Igl; G. D. Reeves; B. A. Larsen; D. Ma,THEMIS ASI,unverified,0,1
10.1029/2022gl098671,The Dependence of Cold and Hot Patches on Local Plasma Transport and Particle Precipitation in Northern Hemisphere Winter,2022,Geophysical Research Letters,American Geophysical Union (AGU),Peer-reviewed journal article,Duan Zhang; Qing-He Zhang; Y.-Z. Ma; Kjellmar Oksavik; L. R. Lyons; Zan-Yang Xing; Marc Hairston; Z.-X. Deng; J.-J. Liu,SuperDARN,unverified,0,1
10.1029/2022gl098954,EMIC Waves Observed Throughout the Inner Magnetosphere Driven by Abrupt Enhancement of the Solar Wind Pressure,2022,Geophysical Research Letters,American Geophysical Union (AGU),Peer-reviewed journal article,Zuxiang Xue; Zhigang Yuan; Xiongdong Yu; Dan Deng; Zheng Huang; Tero Raita,CARISMA,unverified,0,1
10.1029/2022gl099655,Quantifying the Size and Duration of a Microburst‐Producing Chorus Region on 5 December 2017,2022,Geophysical Research Letters,American Geophysical Union (AGU),Peer-reviewed journal article,S. S. Elliott; A. W. Breneman; C. Colpitts; J. M. Pettit; Cynthia A. Cattell; Alexa Jean Halford; Mykhaylo Shumko; J. Sample; A. T. Johnson; Yoshizumi Miyoshi; Y. Kasahara; Christopher M. Cully; Satoko Nakamura; Takefumi Mitani; T. Hori; Iku Shinohara; Kazuo Shiokawa; Shoya Matsuda; Martin Connors; Mitsunori Ozaki; J. Manninen,ABOVE,verified,1,1
10.1029/2022gl099901,Large‐Scale Traveling Atmospheric and Ionospheric Disturbances Observed in GUVI With Multi‐Instrument Validations,2022,Geophysical Research Letters,American Geophysical Union (AGU),Peer-reviewed journal article,Katrina Bossert; Larry J. Paxton; Tomoko Matsuo; Larisa Goncharenko; Komal Kumari; Mark Conde,SuperDARN,unverified,0,1
10.1029/2022gl100014,Geospace Concussion: Global Reversal of Ionospheric Vertical Plasma Drift in Response to a Sudden Commencement,2022,Geophysical Research Letters,American Geophysical Union (AGU),Peer-reviewed journal article,Xueling Shi; Dong Lin; Wenbin Wang; Joseph Benjamin Harold Baker; James Michael Weygand; Michael D. Hartinger; Viacheslav G. Merkin; J. Michael Ruohoniemi; Kevin Pham; Haonan Wu; Vassilis Angelopoulos; Kathryn A. McWilliams; Nozomu Nishitani; Simon G. Shepherd,SuperDARN_CA; SuperDARN; AUTUMNX,partially_verified,1,3
10.1029/2022gl100555,Oscillations of the Ionosphere Caused by the 2022 Tonga Volcanic Eruption Observed With SuperDARN Radars,2022,Geophysical Research Letters,American Geophysical Union (AGU),Peer-reviewed journal article,Jiaojiao Zhang; Jiyao Xu; Wei Wang; Guojun Wang; J. Michael Ruohoniemi; Atsuki Shinbori; Nozomu Nishitani; Chi Wang; Xiang Deng; Ailan Lan; Jingye Yan,SuperDARN,unverified,0,1
10.1029/2022gl100774,Successive Westward Traveling Surges Driven by Sequential Plasma‐Sheet Bubble Injections,2022,Geophysical Research Letters,American Geophysical Union (AGU),Peer-reviewed journal article,Dong Wei; Jian Yang; Chengming Liu; Fei Zhang; Wenrui Wang; Weiqin Sun,THEMIS ASI,unverified,0,1
10.1029/2022gl101205,New Insight Into the Transition From a SAR Arc to STEVE,2023,Geophysical Research Letters,American Geophysical Union (AGU),Peer-reviewed journal article,D. Megan Gillies; Jun Liang; B. Gallardo-Lacourt; Eric Donovan,REGO; TREx Spectrograph; TREx,unverified,0,3
10.1029/2022gl102263,Do the Throat Auroras Create Polar Cap Patches?,2023,Geophysical Research Letters,American Geophysical Union (AGU),Peer-reviewed journal article,Duan Zhang; Qing-He Zhang; Kjellmar Oksavik; Tong Xu; Zan-Yang Xing; L. R. Lyons; De-Sheng Han; Hong-Bo Zhang; Yu-Zhang Ma; Ze-Jun Hu; Jian-Jun Liu; Yong Wang; Xiang-Yu Wang,SuperDARN,unverified,0,1
10.1029/2022ja030277,High‐Latitude Ionospheric Electrodynamics During STEVE and Non‐STEVE Substorm Events,2023,Journal of Geophysical Research: Space Physics,American Geophysical Union (AGU),Peer-reviewed journal article,V. Svaldi; Tomoko Matsuo; L. Kilcommons; B. Gallardo-Lacourt,REGO; THEMIS ASI; TREx; SuperDARN,partially_verified,1,4
10.1029/2022ja030331,Drift Phase Structure Implications for Radiation Belt Transport,2022,Journal of Geophysical Research: Space Physics,American Geophysical Union (AGU),Peer-reviewed journal article,T. P. O.'Brien; J. C. Green; Alexa Jean Halford; B. P. Kwan; Seth G. Claudepierre; Louis G. Ozeke,CARISMA,unverified,0,1
10.1029/2022ja030342,Driving Influences of the Doppler Flash Observed by SuperDARN HF Radars in Response to Solar Flares,2022,Journal of Geophysical Research: Space Physics,American Geophysical Union (AGU),Peer-reviewed journal article,S. Chakraborty; L. Qian; Joseph Benjamin Harold Baker; J. M. Ruohoniemi; K. Kuyeng; J. M. Mclnerney,SuperDARN_CA; SuperDARN,unverified,0,2
10.1029/2022ja030356,Local Mapping of Polar Ionospheric Electrodynamics,2022,Journal of Geophysical Research: Space Physics,American Geophysical Union (AGU),Peer-reviewed journal article,Karl M. Laundal; Jone Peter Reistad; Spencer Mark Hatch; M. Madelaire; Simon Walker; A. Ø. Hovland; Anders Ohma; Viacheslav G. Merkin; K. A. Sorathia,SuperDARN,unverified,0,1
10.1029/2022ja030358,Active Precipitation of Radiation Belt Electrons Using Rocket Exhaust Driven Amplification (REDA) of Man‐Made Whistlers,2022,Journal of Geophysical Research: Space Physics,American Geophysical Union (AGU),Peer-reviewed journal article,P. A. Bernhardt; M. Hua; Jacob Bortnik; Qianli Ma; Pekka T. Verronen; M. P. McCarthy; D. L. Hampton; M. Golkowski; M. B. Cohen; D. K. Richardson; Andrew David Howarth; H. Gordon James; N. P. Meredith,Single Beam Riometer; GO_RIO,partially_verified,1,2
10.1029/2022ja030362,Poleward Moving Auroral Arcs and Pc5 Oscillations,2022,Journal of Geophysical Research: Space Physics,American Geophysical Union (AGU),Peer-reviewed journal article,T. Sakurai; Andrew N. Wright; Kazue Takahashi; T. Elsden; Yusuke Ebihara; Natsuo Sato; Akira Kadokura; Yoshimasa Tanaka; T. Hori,THEMIS ASI; CANOPUS; CARISMA,unverified,0,3
10.1029/2022ja030366,Simultaneous Observations of a Polar Cap Sporadic‐E Layer by Twin Incoherent Scatter Radars at Resolute,2022,Journal of Geophysical Research: Space Physics,American Geophysical Union (AGU),Peer-reviewed journal article,Yong Wang; David Russel Themens; Cheng Wang; Yu-Zhang Ma; Ashton Reimer; Roger Varney; Robert Gilies; Zan-Yang Xing; Qing-He Zhang; Periyadan T. Jayachandran,RISR-C; CHAIN,partially_verified,1,2
10.1029/2022ja030429,Traveling Ionospheric Disturbances in the Vicinity of Storm‐Enhanced Density at Midlatitudes,2022,Journal of Geophysical Research: Space Physics,American Geophysical Union (AGU),Peer-reviewed journal article,Shun-Rong Zhang; Yukitoshi Nishimura; Philip J. Erickson; Ercha Aa; Hyosub Kil; Yue Deng; Evan G. Thomas; William Rideout; Anthea J. Coster; Robert Kerr; Juha Vierinen,SuperDARN,unverified,0,1
10.1029/2022ja030455,Multi‐Event Study of Simultaneous Observations of Isolated Proton Auroras at Subauroral Latitudes Using Ground All‐Sky Imagers and the Van Allen Probes,2022,Journal of Geophysical Research: Space Physics,American Geophysical Union (AGU),Peer-reviewed journal article,Kohki Nakamura; Kazuo Shiokawa; Masahito Nosé; Tsutomu Nagatsuma; Kaori Sakaguchi; Harlan Spence; Geoff Reeves; Herbert O. Funsten; Robert MacDowall; Charles Smith; John Wygant; John Bonnell; Ian. R. Mann,CARISMA,unverified,0,1
10.1029/2022ja030473,Identifying the Structure and Propagation of Dawnside Pc5 ULF Waves Using Space‐Ground Conjunctions,2022,Journal of Geophysical Research: Space Physics,American Geophysical Union (AGU),Peer-reviewed journal article,W. Zhang; Yukitoshi Nishimura; B. Wang; K.-J. Hwang; Michael D. Hartinger; Eric F. Donovan; V. Angelopoulos; D. Hampton,THEMIS ASI,unverified,0,1
10.1029/2022ja030481,High Spatial and Temporal Resolution Studies of Thermospheric Vector Wind Fields Derived From a Ground‐Based Network of All‐Sky Fabry‐Perot Interferometers,2022,Journal of Geophysical Research: Space Physics,American Geophysical Union (AGU),Peer-reviewed journal article,J. Elliott; M. G. Conde,SuperDARN,unverified,0,1
10.1029/2022ja030558,On the Moments of Probability Distribution Function of Amplitude Scintillation in the Polar Region,2022,Journal of Geophysical Research: Space Physics,American Geophysical Union (AGU),Peer-reviewed journal article,Karim Meziane; Abdelhaq M. Hamza; Periyadan T. Jayachandran,CHAIN,unverified,0,1
10.1029/2022ja030565,Transient Response of Polar‐Cusp Ionosphere to an Interplanetary Shock,2023,Journal of Geophysical Research: Space Physics,American Geophysical Union (AGU),Peer-reviewed journal article,Jianjun Liu; Shibaji Chakraborty; Xiangcai Chen; Zhiwei Wang; Fang He; Zejun Hu; Erxiao Liu; Amarjargal Bat-Erdene; Desheng Han; J. Michael Ruohoniemi; Joseph Benjamin Harold Baker; Huigen Yang; Qiugang Zong; Hongqiao Hu,SuperDARN,unverified,0,1
10.1029/2022ja030570,Interaction Between Proton Aurora and Stable Auroral Red Arcs Unveiled by Citizen Scientist Photographs,2022,Journal of Geophysical Research: Space Physics,American Geophysical Union (AGU),Peer-reviewed journal article,Yukitoshi Nishimura; Emma Bruus; Eero Karvinen; C. R. Martinis; Alan Dyer; Lauri Kangas; H. K. Rikala; Eric F. Donovan; Nozomu Nishitani; J. M. Ruohoniemi,TREx; SuperDARN; CARISMA,unverified,0,3
10.1029/2022ja030609,Duskside Sub‐Auroral Polarization Streams (SAPS) and Dawnside Subauroral Flows During the Magnetically Quiet 24 November and Moderately Active 25–27 November 2008,2022,Journal of Geophysical Research: Space Physics,American Geophysical Union (AGU),Peer-reviewed journal article,Ildiko Horvath; Brian C. Lovell,SuperDARN,unverified,0,1
10.1029/2022ja030628,Fine‐Scale Electric Fields and Joule Heating From Observations of the Aurora,2023,Journal of Geophysical Research: Space Physics,American Geophysical Union (AGU),Peer-reviewed journal article,P. Krcelic; Robert C. Fear; Daniel Whiter; Betty Lanchester; Anasuya L. Aruliah; Mark Lester; Larry Paxton,SuperDARN,unverified,0,1
10.1029/2022ja030669,Thin Current Sheet Formation and Reconnection at <i>X</i> ∼ −10 <i>R</i><sub><i>E</i></sub> During the Main Phase of a Magnetic Storm,2022,Journal of Geophysical Research: Space Physics,American Geophysical Union (AGU),Peer-reviewed journal article,Andrei Runov; V. Angelopoulos; James Michael Weygand; Anton V. Artemyev; F. Beyene; V. Sergeev; M. Kubyshkina; Michael G. Henderson,AUTUMNX,unverified,0,1
10.1029/2022ja030723,Verification of Substorm Onset From Intruding Flow Channels With High‐Resolution SuperDARN Radar Flow Maps,2022,Journal of Geophysical Research: Space Physics,American Geophysical Union (AGU),Peer-reviewed journal article,Larry R. Lyons; Yukitoshi Nishimura; Jiang Liu; William. A. Bristow; Ying Zou; Eric F. Donovan,REGO; THEMIS ASI; SuperDARN; CARISMA,unverified,0,4
10.1029/2022ja030741,Magnetosphere‐Ionosphere Coupling Between North‐South Propagating Streamers and High‐Speed Earthward Flows,2022,Journal of Geophysical Research: Space Physics,American Geophysical Union (AGU),Peer-reviewed journal article,James Michael Weygand; Jacob Bortnik; X. Chu; Xin Cao; J. Li; Homayon Aryan; Sheng Tian,THEMIS ASI; CARISMA,unverified,0,2
10.1029/2022ja030796,Formation of Beading Auroral Arcs at Substorm Onset: Implications of Its Variability Into the Generation Process,2023,Journal of Geophysical Research: Space Physics,American Geophysical Union (AGU),Peer-reviewed journal article,S. Ohtani; Tetsuo Motoba,THEMIS ASI; CARISMA,unverified,0,2
10.1029/2022ja030842,Automated High‐Frequency Geomagnetic Disturbance Classifier: A Machine Learning Approach to Identifying Noise While Retaining High‐Frequency Components of the Geomagnetic Field,2023,Journal of Geophysical Research: Space Physics,American Geophysical Union (AGU),Peer-reviewed journal article,Brett A. McCuen; Mark B. Moldwin; Erik S. Steinmetz; Mark J. Engebretson,AUTUMNX,unverified,0,1
10.1029/2022ja030844,A Statistical Study of Nighttime Ionospheric NmF2 Enhancement at Middle‐to‐High Latitudes in the Northern Hemisphere,2022,Journal of Geophysical Research: Space Physics,American Geophysical Union (AGU),Peer-reviewed journal article,Ling-Xin Zhao; Qing-He Zhang; Tong Xu; Zan-Yang Xing; Nanan Balan; Yong Wang; Yu-Zhang Ma; Dong-Xing Gao,CHAIN; ECHAIM,unverified,0,2
10.1029/2022ja030870,Dependencies of GPS Scintillation Indices on the Ionospheric Plasma Drift and Rate of Change of TEC Around the Dawn Sector of the Polar Ionosphere,2022,Journal of Geophysical Research: Space Physics,American Geophysical Union (AGU),Peer-reviewed journal article,Y. Wang; Periyadan T. Jayachandran; Y.-Z. Ma; Q.-H. Zhang; Z.-Y. Xing; J. M. Ruohoniemi; S. G. Shepherd; Mark Lester,CHAIN; SuperDARN,unverified,0,2
10.1029/2022ja030883,High‐Latitude Plasma Convection Based on SuperDARN Observations and the Locally Divergence Free Criterion,2022,Journal of Geophysical Research: Space Physics,American Geophysical Union (AGU),Peer-reviewed journal article,William. A. Bristow; L. R. Lyons; Yukitoshi Nishimura; S. G. Shepherd; Eric F. Donovan,THEMIS ASI; SuperDARN,unverified,0,2
10.1029/2022ja030906,Dusk‐Dawn Asymmetries in SuperDARN Convection Maps,2022,Journal of Geophysical Research: Space Physics,American Geophysical Union (AGU),Peer-reviewed journal article,M.-T. Walach; Adrian Grocott; Evan G. Thomas; Frances Staples,SuperDARN_CA; SuperDARN,unverified,0,2
10.1029/2022ja030913,Dependence of Ionospheric Responses on Solar Wind Dynamic Pressure During Geomagnetic Storms Using Global Long‐Term GNSS‐TEC Data,2023,Journal of Geophysical Research: Space Physics,American Geophysical Union (AGU),Peer-reviewed journal article,Takuya Sori; Atsuki Shinbori; Yuichi Otsuka; Michi Nishioka; Septi Perwitasari,CHAIN,unverified,0,1
10.1029/2022ja030919,Association of Equatorward Extending Auroral Streamers With Ground Magnetic Perturbations and Geosynchronous Injections,2022,Journal of Geophysical Research: Space Physics,American Geophysical Union (AGU),Peer-reviewed journal article,Sneha Yadav; Larry. R. Lyons; Jiang Liu; Yukitoshi Nishimura; Sheng Tian; Ying Zou; Eric F. Donovan,THEMIS ASI; AUTUMNX; CARISMA,partially_verified,1,3
10.1029/2022ja030932,On the Role of ULF Waves in the Spatial and Temporal Periodicity of Energetic Electron Precipitation,2022,Journal of Geophysical Research: Space Physics,American Geophysical Union (AGU),Peer-reviewed journal article,Xiaofei Shi; Xiao-Jia Zhang; Anton Artemyev; Vassilis Angelopoulos; Michael D. Hartinger; Ethan Tsai; Colin Wilkins,AUTUMNX,unverified,0,1
10.1029/2022ja030934,Turbulence Signatures in High‐Latitude Ionospheric Scintillation,2023,Journal of Geophysical Research: Space Physics,American Geophysical Union (AGU),Peer-reviewed journal article,Karim Meziane; Abdelhaq M. Hamza; Periyadan T. Jayachandran,CHAIN,unverified,0,1
10.1029/2022ja030966,Sub‐Auroral Flows and Associated Magnetospheric and Ionospheric Phenomena Developed During 7–8 September 2017,2023,Journal of Geophysical Research: Space Physics,American Geophysical Union (AGU),Peer-reviewed journal article,Ildiko Horvath; Brian C. Lovell,SuperDARN,unverified,0,1
10.1029/2022ja030983,Ionospheric Modulation by EMIC Wave‐Driven Proton Precipitation: Observations and Simulations,2023,Journal of Geophysical Research: Space Physics,American Geophysical Union (AGU),Peer-reviewed journal article,Xingbin Tian; Yiqun Yu; Fan Gong; Longxing Ma; Jinbin Cao; Stanley C. Solomon; P. R. Shreedevi; Kazuo Shiokawa; Yuichi Otsuka; Shin-ichiro Oyama; Yoshizumi Miyoshi,CARISMA,unverified,0,1
10.1029/2022ja031002,Investigation of the Southern Hemisphere Mid‐High Latitude Thermospheric ∑O/N<sub>2</sub> Responses to the Space‐X Storm,2023,Journal of Geophysical Research: Space Physics,American Geophysical Union (AGU),Peer-reviewed journal article,Xuguang Cai; Wenbin Wang; Dong Lin; Richard W. Eastes; Liying Qian; Qingyu Zhu; J. Correira; William E. McClintock; Quan Gan; Saurav Aryal; F. I. Laskar; D. K. Karan,SuperDARN,unverified,0,1
10.1029/2022ja031047,Global Asymmetry in Δ<i>X</i> Variations During the 06 April 2000 Geomagnetic Storm: Relative Roles of IMF <i>B</i><sub><i>z</i></sub> and <i>B</i><sub><i>y</i></sub>,2023,Journal of Geophysical Research: Space Physics,American Geophysical Union (AGU),Peer-reviewed journal article,S. Chakraborty; D. Chakrabarty,SuperDARN,unverified,0,1
10.1029/2022ja031050,An Algorithm to Separate Ionospheric Turbulence Radar Echoes From Those of Meteor Trails in Large Data Sets,2023,Journal of Geophysical Research: Space Physics,American Geophysical Union (AGU),Peer-reviewed journal article,Magnus Fagernes Ivarsen; Jean-Pierre St-Maurice; Glenn C. Hussey; Draven Galeschuk; Adam Lozinsky; Brian Pitzel; Kathryn A. McWilliams,ICEBEAR,unverified,0,1
10.1029/2022ja031101,SuperDARN Observations of the Two Component Model of Ionospheric Convection,2023,Journal of Geophysical Research: Space Physics,American Geophysical Union (AGU),Peer-reviewed journal article,Adrian Grocott; M.-T. Walach; S. E. Milan,SuperDARN_CA; SuperDARN,unverified,0,2
10.1029/2022ja031103,Quasiperiodic ELF/VLF Emissions Associated With Corresponding Pulsations of the Geomagnetic Field,2023,Journal of Geophysical Research: Space Physics,American Geophysical Union (AGU),Peer-reviewed journal article,M. Hajoš; F. Němec; A. Demekhov; O. Santolík; M. Parrot; Tero Raita; B. Bezděková,CARISMA,unverified,0,1
10.1029/2022ja031105,Formation and Motion of Horse Collar Aurora Events,2023,Journal of Geophysical Research: Space Physics,American Geophysical Union (AGU),Peer-reviewed journal article,Gemma E. Bower; S. E. Milan; Larry J. Paxton; Emma Spanswick; Marc R. Hairston,REGO,unverified,0,1
10.1029/2022ja031115,Storm Time Electrified MSTIDs Observed Over Mid‐Latitude North America,2023,Journal of Geophysical Research: Space Physics,American Geophysical Union (AGU),Peer-reviewed journal article,I. J. Kelley; Bharat S. R. Kunduri; Joseph Benjamin Harold Baker; J. M. Ruohoniemi; S. G. Shepherd,SuperDARN,unverified,0,1
10.1029/2022ja031136,Multi‐Instrument Observations of the Effects of a Solar Wind Pressure Pulse on the High Latitude Ionosphere: A Detailed Case Study of a Geomagnetic Sudden Impulse,2023,Journal of Geophysical Research: Space Physics,American Geophysical Union (AGU),Peer-reviewed journal article,Alexandra R. Fogg; Mark Lester; T. K. Yeoman; Jennifer Alyson Carter; S. E. Milan; H. K. Sangha; T. Elsden; S. J. Wharton; Matthew K. James; J. Malone-Leigh; Larry J. Paxton; Brian J. Anderson; Sarah K. Vines,SuperDARN; CARISMA,unverified,0,2
10.1029/2022ja031157,"First Detection of Midlatitude Plasma Bubble by SuperDARN During a Geomagnetic Storm on May 27 and 28, 2017",2023,Journal of Geophysical Research: Space Physics,American Geophysical Union (AGU),Peer-reviewed journal article,Takuya Sori; Atsuki Shinbori; Yuichi Otsuka; Michi Nishioka; Septi Perwitasari; Nozomu Nishitani,CHAIN; SuperDARN,unverified,0,2
10.1029/2022ja031166,A Comparative Study on the Hot Dense Plasma and Cold Patch by Using Multi‐Instrument Observations,2023,Journal of Geophysical Research: Space Physics,American Geophysical Union (AGU),Peer-reviewed journal article,Yu-Zhang Ma; Qing-He Zhang; Larry Lyons; Kjellmar Oksavik; Zan-Yang Xing; Marc Hairston; Balan Nanan; Ze-Jun Hu; Yong Wang; Si-Han Zhao,SuperDARN_CA; SuperDARN,unverified,0,2
10.1029/2022ja031191,Narrow Width Farley‐Buneman Spectra Above 100 km Altitude,2023,Journal of Geophysical Research: Space Physics,American Geophysical Union (AGU),Peer-reviewed journal article,Jean-Pierre St-Maurice; Devin Huyghebaert; Magnus Fagernes Ivarsen; Glenn C. Hussey,ICEBEAR,unverified,0,1
10.1029/2022ja031228,Sub‐Auroral Ion Drifts (SAID) Developed Over the Northern Winter Hemisphere at Dawn During 2016–2017,2023,Journal of Geophysical Research: Space Physics,American Geophysical Union (AGU),Peer-reviewed journal article,Ildiko Horvath; Brian C. Lovell,SuperDARN,unverified,0,1
10.1029/2022ja031233,"The Distribution of Small‐Scale Irregularities in the E‐Region, and Its Tendency to Match the Spectrum of Field‐Aligned Current Structures in the F‐Region",2023,Journal of Geophysical Research: Space Physics,American Geophysical Union (AGU),Peer-reviewed journal article,Magnus Fagernes Ivarsen; Adam Lozinsky; Jean-Pierre St-Maurice; Andres Spicher; Devin Huyghebaert; Glenn C. Hussey; Draven Galeschuk; Brian Pitzel; Juha Vierinen,ICEBEAR,unverified,0,1
10.1029/2022ja031244,Spectral Characteristics of Phase Fluctuations at High Latitude,2023,Journal of Geophysical Research: Space Physics,American Geophysical Union (AGU),Peer-reviewed journal article,Kaili Song; Abdelhaq M. Hamza; Periyadan T. Jayachandran; Karim Meziane; Anton Kashcheyev,CHAIN,unverified,0,1
10.1029/2022ja031252,Energy‐Dispersive Field‐Aligned Warm Ion Enhancement in the Plasma Sheet During a Substorm Growth Phase: A THEMIS Event,2023,Journal of Geophysical Research: Space Physics,American Geophysical Union (AGU),Peer-reviewed journal article,Chih-Ping Wang; Xueyi Wang; Yu Lin; Simon Wing; Marc Hairston,SuperDARN,unverified,0,1
10.1029/2022jd037841,Observational and Model Impact of Tonga Volcano Eruption on Schumann Resonance,2023,Journal of Geophysical Research: Atmospheres,American Geophysical Union (AGU),Peer-reviewed journal article,A. Mezentsev; A. P. Nickolaenko; A. V. Shvets; Yu. P. Galuk; A. Yu. Schekotov; M. Hayakawa; R. Romero; J. Izutsu; I. G. Kudintseva,CARISMA,unverified,0,1
10.1029/2022jd037967,Lower Atmospheric Sources of Observed Thermosphere Medium Scale Traveling Atmospheric Disturbances Over Alaska During the 2012–2013 Winter Months,2023,Journal of Geophysical Research: Atmospheres,American Geophysical Union (AGU),Peer-reviewed journal article,Komal Kumari; Katrina Bossert; Mark Conde; Nathaniel Frissell,SuperDARN,unverified,0,1
10.1029/2022jd038249,"Interhemispheric Coupling Study by Observations and Modelling (ICSOM): Concept, Campaigns, and Initial Results",2023,Journal of Geophysical Research: Atmospheres,American Geophysical Union (AGU),Peer-reviewed journal article,Kaoru Sato; Yoshihiro Tomikawa; Masashi Kohma; Ryosuke Yasui; Dai Koshin; Haruka Okui; Shingo Watanabe; Kazuyuki Miyazaki; Masaki Tsutsumi; Damian Murphy; Chris Meek; Yufang Tian; Manfred Ern; Gerd Baumgarten; Jorge L. Chau; Xinzhao Chu; Richard Collins; Patrick J. Espy; Hiroyuki Hashiguchi; Andrew J. Kavanagh; Ralph Latteck; Franz-Josef Lübken; Marco Milla; Satonori Nozawa; Yasunobu Ogawa; Kazuo Shiokawa; M. Joan Alexander; Takuji Nakamura; William Edmund Ward,DNT,unverified,0,1
10.1029/2022rs007429,Virtual Height Characteristics of Ionospheric and Ground Scatter Observed by Mid‐Latitude SuperDARN HF Radars,2022,Radio Science,American Geophysical Union (AGU),Peer-reviewed journal article,Evan G. Thomas; S. G. Shepherd,SuperDARN,unverified,0,1
10.1029/2022rs007449,On the Noise Estimation in Super Dual Auroral Radar Network Data,2022,Radio Science,American Geophysical Union (AGU),Peer-reviewed journal article,Pavlo V. Ponomarenko; Emma C. Bland; Kathryn A. McWilliams; Nozomu Nishitani,SuperDARN_CA; SuperDARN,unverified,0,2
10.1029/2022rs007475,Resolving the High‐Latitude Ionospheric Irregularity Spectra Using Multi‐Point Incoherent Scatter Radar Measurements,2022,Radio Science,American Geophysical Union (AGU),Peer-reviewed journal article,Lindsay V. Goodwin; Gareth William Perry,RISR-C,unverified,0,1
10.1029/2022rs007520,Occurrence Rates of SuperDARN Ground Scatter Echoes and Electron Density in the Ionosphere,2022,Radio Science,American Geophysical Union (AGU),Peer-reviewed journal article,Alexander V. Koustov; Sydney Ullrich; Pavlo V. Ponomarenko; Mehdi Ghalamkarian Nejad; David Russel Themens; Robert G. Gillies,RISR-C; CHAIN; ECHAIM; SuperDARN_CA; SuperDARN,unverified,0,5
10.1029/2022rs007591,Borealis: An Advanced Digital Hardware and Software Design for SuperDARN Radar Systems,2023,Radio Science,American Geophysical Union (AGU),Peer-reviewed journal article,Kathryn A. McWilliams; Marci Detwiller; K. Kotyk; K. Krieger; Remington Rohel; Daniel D. Billett; Devin Huyghebaert; P. Ponomarenko,SuperDARN_CA; SuperDARN,unverified,0,2
10.1029/2022rs007634,Statistical Characteristics of Mid‐Latitude Ionospheric F‐Region Backscatter Observed by the SuperDARN Jiamusi Radar,2023,Radio Science,American Geophysical Union (AGU),Peer-reviewed journal article,Wei Wang; Jiaojiao Zhang; Chi Wang; Junjie Chen; Tong Dang; Jiuhou Lei; John Michael Ruohoniemi,SuperDARN,unverified,0,1
10.1029/2022sw003041,Investigation on Horizontal and Vertical Traveling Ionospheric Disturbances Propagation in Global‐Scale Using GNSS and Multi‐LEO Satellites,2022,Space Weather,American Geophysical Union (AGU),Peer-reviewed journal article,Xiaodong Ren; Dengkui Mei; Hang Liu; Xiaohong Zhang,CHAIN,unverified,0,1
10.1029/2022sw003121,Auroral Drivers of Large dB∕dt During Geomagnetic Storms,2022,Space Weather,American Geophysical Union (AGU),Peer-reviewed journal article,Ying Zou; Caleb Dowell; Banafsheh Ferdousi; Larry R. Lyons; Jiang Liu,THEMIS ASI,unverified,0,1
10.1029/2022sw003130,An Examination of SuperDARN Backscatter Modes Using Machine Learning Guided by Ray‐Tracing,2022,Space Weather,American Geophysical Union (AGU),Peer-reviewed journal article,Bharat S. R. Kunduri; Joseph Benjamin Harold Baker; J. M. Ruohoniemi; Evan G. Thomas; S. G. Shepherd,SuperDARN,unverified,0,1
10.1029/2022sw003132,The Mechanism for GNSS‐Based Kinematic Positioning Degradation at High‐Latitudes Under the March 2015 Great Storm,2022,Space Weather,American Geophysical Union (AGU),Peer-reviewed journal article,Wenfeng Nie; Adrià Rovira-Garcia; Mowen Li; Zhenlong Fang; Yong Wang; Dunyong Zheng; Tianhe Xu,CHAIN,unverified,0,1
10.1029/2022sw003146,"Multiresolution Data Assimilation for Auroral Energy Flux and Mean Energy Using DMSP SSUSI, THEMIS ASI, and An Empirical Model",2022,Space Weather,American Geophysical Union (AGU),Peer-reviewed journal article,Haonan Wu; Xiyan Tan; Qiong Zhang; Whitney Huang; Xian Lu; Yukitoshi Nishimura; Yongliang Zhang,THEMIS ASI,unverified,0,1
10.1029/2022sw003185,A‐CHAIM: Near‐Real‐Time Data Assimilation of the High Latitude Ionosphere With a Particle Filter,2023,Space Weather,American Geophysical Union (AGU),Peer-reviewed journal article,Ben Reid; David Russel Themens; Anthony McCaffrey; Periyadan T. Jayachandran; Magnar G. Johnsen; Thomas Ulich,CHAIN; ECHAIM; ACHAIM,partially_verified,1,3
10.1029/2022sw003273,Multi‐Scale Geomagnetic Forcing Derived From High‐Resolution Observations and Their Impacts on the Upper Atmosphere,2022,Space Weather,American Geophysical Union (AGU),Peer-reviewed journal article,Cheng Sheng; Yue Deng; William. A. Bristow; Yukitoshi Nishimura; Roderick A. Heelis; Christine Gabrielse,SuperDARN,unverified,0,1
10.1029/2022sw003300,Substorm Onset Prediction Using Machine Learning Classified Auroral Images,2023,Space Weather,American Geophysical Union (AGU),Peer-reviewed journal article,Pascal Sado; Lasse Boy Novock Clausen; Wojciech Jacek Miloch; Hannes Nickisch,THEMIS ASI,unverified,0,1
10.1029/2022sw003301,A Quantitative Comparison of High Latitude Electric Field Models During a Large Geomagnetic Storm,2023,Space Weather,American Geophysical Union (AGU),Peer-reviewed journal article,L. Orr; Adrian Grocott; M.-T. Walach; Gareth Chisham; Mervyn. P. Freeman; M. M. Lam; R. M. Shore,SuperDARN,unverified,0,1
10.1029/2022sw003308,Understanding Strong Neutral Vertical Winds and Ionospheric Responses to the 2015 St. Patrick's Day Storm Using TIEGCM Driven by Data‐Assimilated Aurora and Electric Fields,2023,Space Weather,American Geophysical Union (AGU),Peer-reviewed journal article,Xian Lu; Haonan Wu; Stephen Kaeppler; John Meriwether; Yukitoshi Nishimura; Wenbin Wang; Jintai Li; Xueling Shi,THEMIS ASI,unverified,0,1
10.1029/2022sw003355,Global Observations of the Short‐Term Disturbances in the Geomagnetic Field and Induced Currents During the Supersubstorms Events of Solar Cycle 24,2023,Space Weather,American Geophysical Union (AGU),Peer-reviewed journal article,Sritam Hajra; Nirvikar Dashora; J. Solomon Ivan,SuperDARN,unverified,0,1
10.1029/2022sw003356,Multi‐Model Ensembles for Upper Atmosphere Models,2023,Space Weather,American Geophysical Union (AGU),Peer-reviewed journal article,Sean Elvidge; S. R. Granados; Matthew J. Angling; Matthew K. Brown; David Russel Themens; Alan G. Wood,ECHAIM; CHAIN,unverified,0,2
10.1029/2023av001101,An Extreme Auroral Electrojet Spike During 2023 April 24th Storm,2024,AGU Advances,American Geophysical Union (AGU),Peer-reviewed journal article,Ying Zou; Jesper W. Gjerloev; Shin Ohtani; Matt Friel; Jun Liang; Larry L. Lyons; Yangyang Shen; Jiang Liu; Li-Jen Chen; Banafsheh Ferdousi; Alex Chartier; Sarah Vines; Colin L. Waters,THEMIS ASI; TREx,unverified,0,2
10.1029/2023gl103519,Electron Precipitation Observed by ELFIN Using Proton Precipitation as a Proxy for Electromagnetic Ion Cyclotron (EMIC) Waves,2023,Geophysical Research Letters,American Geophysical Union (AGU),Peer-reviewed journal article,L. Capannolo; W. Li; Qianli Ma; M. Qin; X.-C. Shen; V. Angelopoulos; Anton Artemyev; X.-J. Zhang; M. Hanzelka,CARISMA,unverified,0,1
10.1029/2023gl103733,Multi‐Scale Ionospheric Poynting Fluxes Using Ground and Space‐Based Observations,2023,Geophysical Research Letters,American Geophysical Union (AGU),Peer-reviewed journal article,Daniel D. Billett; Kathryn A. McWilliams; Pavlo V. Ponomarenko; Carley J. Martin; David J. Knudsen; Sarah K. Vines,SuperDARN_CA; SuperDARN,unverified,0,2
10.1029/2023gl105660,Evolution of Energetic Proton Parallel Pressure Anisotropy at Geosynchronous Altitudes: Potential Role in Triggering Substorm Expansion Phase Onset,2024,Geophysical Research Letters,American Geophysical Union (AGU),Peer-reviewed journal article,S. S. Babu; Ian. R. Mann; Stavros Dimitrakoudis; Louis G. Ozeke; I. Jonathan Rae; Colin Forsyth; A. W. Smith,CARISMA,unverified,0,1
10.1029/2023gl106073,It's Not Easy Being Green: Kinetic Modeling of the Emission Spectrum Observed in STEVE's Picket Fence,2023,Geophysical Research Letters,American Geophysical Union (AGU),Peer-reviewed journal article,L. Claire Gasque; Reza Janalizadeh; Brian J. Harding; Justin D. Yonker; D. Megan Gillies,TREx,unverified,0,1
10.1029/2023gl106387,Intermittent Lobe Reconnection Under Prolonged Northward Interplanetary Magnetic Field Condition: Insights From Cusp Spot Event Observations,2024,Geophysical Research Letters,American Geophysical Union (AGU),Peer-reviewed journal article,Ya-Ting Xiong; De-Sheng Han; Zhi-wei Wang; Run Shi; Hui-Ting Feng,SuperDARN_CA; SuperDARN,unverified,0,2
10.1029/2023gl107085,Localized Magnetopause Erosion at Geosynchronous Orbit by Reconnection,2024,Geophysical Research Letters,American Geophysical Union (AGU),Peer-reviewed journal article,Hyangpyo Kim; Rumi Nakamura; Hyunju Kim Connor; Ying Zou; Ferdinand Plaschke; Niklas Grimmich; Brian M. Walsh; Kathryn A. McWilliams; J. Michael Ruohoniemi,SuperDARN_CA; SuperDARN,unverified,0,2
10.1029/2023gl107889,Mesoscale Auroral Curls in Antarctica,2024,Geophysical Research Letters,American Geophysical Union (AGU),Peer-reviewed journal article,Xing-Yu Li; Qiu-Gang Zong; Ze-Jun Hu; Yong-Fu Wang; Jian-Jun Liu; Xu-Zhi Zhou; Chao Yue; Shan Wang; Zi-Kang Xie; Xing-Xin Zhao; Zhi-Yang Liu; Ze-Fan Yin; Hua-Yu Zhao; Yi-Xin Sun,SuperDARN,unverified,0,1
10.1029/2023ja031367,"Simultaneous Occurrence of Traveling Ionospheric Disturbances, Farley Buneman and Gradient Drift Instabilities Observed by the Zhongshan SuperDARN HF Radar",2024,Journal of Geophysical Research: Space Physics,American Geophysical Union (AGU),Peer-reviewed journal article,Alicreance Hiyadutuje; John Bosco Habarulema; Michael J. Kosch; Xiangcai Chen; Judy A. E. Stephenson; Tshimangadzo Merline Matamba,SuperDARN,unverified,0,1
10.1029/2023ja031402,Nightside High‐Latitude Phase and Amplitude Scintillation During a Substorm Using 1‐Second Scintillation Indices,2023,Journal of Geophysical Research: Space Physics,American Geophysical Union (AGU),Peer-reviewed journal article,Yukitoshi Nishimura; T. Kelly; Periyadan T. Jayachandran; Sebastijan Mrak; J. L. Semeter; Eric F. Donovan; V. Angelopoulos; Nozomu Nishitani,THEMIS ASI; CHAIN,unverified,0,2
10.1029/2023ja031408,Traveling Ionospheric Disturbances Induced by the Secondary Gravity Waves From the Tonga Eruption on 15 January 2022: Modeling With MESORAC‐HIAMCM‐SAMI3 and Comparison With GPS/TEC and Ionosonde Data,2023,Journal of Geophysical Research: Space Physics,American Geophysical Union (AGU),Peer-reviewed journal article,Sharon L. Vadas; Cosme Figueiredo; Erich Becker; Joseph D. Huba; David Russel Themens; Neil P. Hindley; Sebastijan Mrak; Ivan Galkin; Katrina Bossert,ECHAIM; CHAIN,unverified,0,2
10.1029/2023ja031411,GPS Loss of Lock Events and Their Dependence on the Interplanetary Magnetic Field Orientation,2023,Journal of Geophysical Research: Space Physics,American Geophysical Union (AGU),Peer-reviewed journal article,Giulia Lovati; Paola De Michelis; Giuseppe Consolini; Michael Pezzopane; Alessio Pignalberi; Francesco Berrilli,SuperDARN,unverified,0,1
10.1029/2023ja031430,Interhemispheric Asymmetry Due To IMF By Within the Cusp Spherical Elementary Currents,2023,Journal of Geophysical Research: Space Physics,American Geophysical Union (AGU),Peer-reviewed journal article,James Michael Weygand; Michael D. Hartinger; Robert J. Strangeway; Daniel T. Welling; Hyomin Kim; Jürgen Matzka; C. Robert Clauer,CARISMA,unverified,0,1
10.1029/2023ja031455,Dynamics of Mid‐Latitude Sporadic‐E and Its Impact on HF Propagation in the North American Sector,2023,Journal of Geophysical Research: Space Physics,American Geophysical Union (AGU),Peer-reviewed journal article,Bharat S. R. Kunduri; Philip J. Erickson; Joseph Benjamin Harold Baker; J. M. Ruohoniemi; I. A. Galkin; Kevin T. Sterne,SuperDARN,verified,1,1
10.1029/2023ja031464,Northern and Southern Hemisphere Polar Cap Indices: To What Extent Do They Agree and to What Extent Should They Agree?,2023,Journal of Geophysical Research: Space Physics,American Geophysical Union (AGU),Peer-reviewed journal article,M. Lockwood,SuperDARN,unverified,0,1
10.1029/2023ja031465,Storm‐Time Subauroral Ionospheric Plasma Density Irregularities and the Substorm Current Wedge,2023,Journal of Geophysical Research: Space Physics,American Geophysical Union (AGU),Peer-reviewed journal article,Rezy Pradipta; Evgeny Mishin; Keith M. Groves,THEMIS ASI,unverified,0,1
10.1029/2023ja031479,"Spatio‐Temporal Characteristics of IPDP‐Type EMIC Waves on April 19, 2017: Implications for Loss of Relativistic Electrons in the Outer Belt",2023,Journal of Geophysical Research: Space Physics,American Geophysical Union (AGU),Peer-reviewed journal article,Asuka Hirai; Fuminori Tsuchiya; Takahiro Obara; Yuto Katoh; Yoshizumi Miyoshi; Kazuo Shiokawa; Yasumasa Kasaba; Hiroaki Misawa; Chae-Woo Jun; Satoshi Kurita; Martin G. Connors; Aaron T. Hendry; Atsuki Shinbori; Yuichi Otsuka; Takuya Tsugawa; Michi Nishioka; Septi Perwitasari; Jerry W. Manweiler,CARISMA,unverified,0,1
10.1029/2023ja031491,Time Lags Between Ionospheric Scintillation Detection at Northern Auroral Latitudes and Onset of Geomagnetic Storms,2023,Journal of Geophysical Research: Space Physics,American Geophysical Union (AGU),Peer-reviewed journal article,Zhe Yang; Y. T. Jade Morton; Yunxiang Liu,CHAIN,unverified,0,1
10.1029/2023ja031497,A Conjunction of Pc5 ULF Waves From Spaceborne and Ground‐Based Observations,2023,Journal of Geophysical Research: Space Physics,American Geophysical Union (AGU),Peer-reviewed journal article,Xing-Xin Zhao; Q.-G. Zong; J. J. Liu; Chao Yue; X.-Z. Zhou; Z. J. Hu; Hong-Qiao Hu; Z.-Y. Liu,SuperDARN,unverified,0,1
10.1029/2023ja031510,The Equatorward Boundary of the Auroral Current System During Magnetic Storms,2023,Journal of Geophysical Research: Space Physics,American Geophysical Union (AGU),Peer-reviewed journal article,James Michael Weygand; Chigomezyo M. Ngwira; Robert F. Arritt,THEMIS ASI; CARISMA,unverified,0,2
10.1029/2023ja031516,Multi‐Band Periodic Poleward‐Moving Auroral Arcs at the Postdawn Sector: A Case Study,2023,Journal of Geophysical Research: Space Physics,American Geophysical Union (AGU),Peer-reviewed journal article,Ze-Fan Yin; Xu-Zhi Zhou; Ze-Jun Hu; Qiu-Gang Zong; Jian-Jun Liu; Chao Yue; Shan Wang; Xing-Xin Zhao; Hui-Gen Yang; Bin Li,THEMIS ASI,unverified,0,1
10.1029/2023ja031527,A Ground‐Based Instrument Suite for Integrated High‐Time Resolution Measurements of Pulsating Aurora With Arase,2023,Journal of Geophysical Research: Space Physics,American Geophysical Union (AGU),Peer-reviewed journal article,Keisuke Hosokawa; S.-I. Oyama; Yasunobu Ogawa; Yoshizumi Miyoshi; Satoshi Kurita; Mariko Teramoto; Satonori Nozawa; Tetsuya Kawabata; Y. Kawamura; Y.-M. Tanaka; Hiroshi Miyaoka; Ryuho Kataoka; Kazuo Shiokawa; Urban Brändström; E. Turunen; Tero Raita; Magnar G. Johnsen; Chris Hall; D. Hampton; Yusuke Ebihara; Y. Kasahara; Shoya Matsuda; Iku Shinohara; Ryoichi Fujii,THEMIS ASI,unverified,0,1
10.1029/2023ja031536,Unusual Magnetospheric Dynamics During Intense Substorm Initiated by Strong Magnetospheric Compression,2023,Journal of Geophysical Research: Space Physics,American Geophysical Union (AGU),Peer-reviewed journal article,Victor A. Sergeev; Marina V. Kubyshkina; V. S. Semenov; Anton Artemyev; V. Angelopoulos; Andrei Runov,THEMIS ASI,unverified,0,1
10.1029/2023ja031541,"Climatology of the Harmonic Frequency Separation of Ionospheric Alfvén Resonances at Eskdalemuir Observatory, UK",2023,Journal of Geophysical Research: Space Physics,American Geophysical Union (AGU),Peer-reviewed journal article,R. M. Hodnett; T. K. Yeoman; Ciaran D. Beggan; Darren M. Wright,CHAIN; ECHAIM,unverified,0,2
10.1029/2023ja031549,Persistent Pitch Angle Anisotropies of Relativistic Electrons in the Outer Radiation Belts,2024,Journal of Geophysical Research: Space Physics,American Geophysical Union (AGU),Peer-reviewed journal article,Ashley D. Greeley; Shri G. Kanekal; Q. Schiller; Lauren Blum; Alexa Halford; Kyle Murphy; Tero Raita; Daniel N. Baker,CARISMA,unverified,0,1
10.1029/2023ja031563,"Dynasonde Observations of Ionospheric Polar Holes Under Quiet Geomagnetic Conditions at Jang Bogo Station, Antarctica",2023,Journal of Geophysical Research: Space Physics,American Geophysical Union (AGU),Peer-reviewed journal article,Khan-Hyuk Kim; Dong-Hee Kim; Junho Back; Hyuck-Jin Kwon; Geonhwa Jee; Young-Bae Ham; Changsup Lee; Jeong-Han Kim,SuperDARN,unverified,0,1
10.1029/2023ja031587,Magnetosphere–Ionosphere Drivers of Transient‐Large‐Amplitude Geomagnetic Disturbances: Statistical Analysis and Event Study,2023,Journal of Geophysical Research: Space Physics,American Geophysical Union (AGU),Peer-reviewed journal article,Brett A. McCuen; Mark B. Moldwin; Mark J. Engebretson; James Michael Weygand; Yukitoshi Nishimura,THEMIS ASI; AUTUMNX; CARISMA,unverified,0,3
10.1029/2023ja031631,Energetic Electron Flux Dropouts Measured by ELFIN in the Ionospheric Projection of the Plasma Sheet,2023,Journal of Geophysical Research: Space Physics,American Geophysical Union (AGU),Peer-reviewed journal article,Yangyang Shen; Anton V. Artemyev; Andrei Runov; Vassilis Angelopoulos; Jiang Liu; Xiao-Jia Zhang; James Michael Weygand; Jiashu Wu; Ethan Tsai; Colin Wilkins,THEMIS ASI; CARISMA,unverified,0,2
10.1029/2023ja031643,Extreme Geomagnetic Disturbances (GMDs) Observed in Eastern Arctic Canada: Occurrence Characteristics and Solar Cycle Dependence,2024,Journal of Geophysical Research: Space Physics,American Geophysical Union (AGU),Peer-reviewed journal article,Mark J. Engebretson; Lily Yang; Erik S. Steinmetz; Vyacheslav A. Pilipenko; Mark B. Moldwin; Brett A. McCuen; Martin G. Connors; James Michael Weygand; Colin L. Waters; Yukitoshi Nishimura; Larry R. Lyons; Christopher T. Russell,AUTUMNX,verified,1,1
10.1029/2023ja031654,Evolving Phase Propagation in an Intermediate‐<i>m</i> ULF Wave Driven by Substorm‐Injected Particles,2024,Journal of Geophysical Research: Space Physics,American Geophysical Union (AGU),Peer-reviewed journal article,Chizurumoke M. Michael; T. K. Yeoman; Darren M. Wright; Maksim A. Chelpanov; Pavel N. Mager,SuperDARN; CARISMA,unverified,0,2
10.1029/2023ja031682,Investigating Spatial and Temporal Structuring of E‐Region Coherent Scattering Regions Over Northern Norway,2023,Journal of Geophysical Research: Space Physics,American Geophysical Union (AGU),Peer-reviewed journal article,Devin Huyghebaert; Jorge L. Chau; Andres Spicher; Magnus Fagernes Ivarsen; Matthias Clahsen; Ralph Latteck; Juha Vierinen,ICEBEAR,unverified,0,1
10.1029/2023ja031686,A Statistical Analysis of the Auroral Streamer Current System,2023,Journal of Geophysical Research: Space Physics,American Geophysical Union (AGU),Peer-reviewed journal article,Homayon Aryan; James Michael Weygand; Jacob Bortnik; Xiangning Chu; Xin Cao; Sheng Tian,THEMIS ASI,unverified,0,1
10.1029/2023ja031690,Ionospheric Flow Vortex Induced by the Sudden Decrease in the Solar Wind Dynamic Pressure,2023,Journal of Geophysical Research: Space Physics,American Geophysical Union (AGU),Peer-reviewed journal article,Yaqi Jin; Jøran Idar Moen; Andres Spicher; Jianjun Liu; Lasse Boy Novock Clausen; Wojciech Jacek Miloch,SuperDARN,unverified,0,1
10.1029/2023ja031726,Association of Equatorward Extended Auroral Streamers With Overshielding Conditions at Equatorial Latitudes: First Observations,2023,Journal of Geophysical Research: Space Physics,American Geophysical Union (AGU),Peer-reviewed journal article,Sneha Yadav; Larry. R. Lyons; Yukitoshi Nishimura; James Michael Weygand; Jiang Liu; Shun-Rong Zhang; Sheng Tian; Ying Zou; Eric F. Donovan,THEMIS ASI; AUTUMNX; CARISMA,unverified,0,3
10.1029/2023ja031739,"On the Creation, Depletion, and End of Life of Polar Cap Patches",2023,Journal of Geophysical Research: Space Physics,American Geophysical Union (AGU),Peer-reviewed journal article,Nina Kristine Eriksen; Dag A. Lorentzen; Kjellmar Oksavik; Lisa Baddeley; Keisuke Hosokawa; Kazuo Shiokawa; Emma Bland; Larry Paxton; Yongliang Zhang; Kathryn McWilliams; Tim Yeoman; David Russel Themens,THEMIS ASI; SuperDARN_CA; SuperDARN; CHAIN; ECHAIM,unverified,0,5
10.1029/2023ja031758,Multiscale Observation of Magnetotail Reconnection Onset: 1. Macroscopic Dynamics,2023,Journal of Geophysical Research: Space Physics,American Geophysical Union (AGU),Peer-reviewed journal article,Kevin J. Genestreti; Charles J. Farrugia; San Lu; Sarah K. Vines; Patricia H. Reiff; Tai Phan; Daniel N. Baker; Trevor W. Leonard; James L. Burch; Samuel T. Bingham; Ian James Cohen; Jason R. Shuster; Daniel J. Gershman; Christopher G. Mouikis; Anthony J. Rogers; Roy B. Torbert; Karlheinz J. Trattner; James M. Webster; Li-Jen Chen; Barbara L. Giles; Narges Ahmadi; Robert E. Ergun; Christopher T. Russell; Robert J. Strangeway; Rumi Nakamura,SuperDARN,unverified,0,1
10.1029/2023ja031765,Phase and Amplitude Scintillations Associated With Polar Cap Patches: Statistical and Event Analyses,2024,Journal of Geophysical Research: Space Physics,American Geophysical Union (AGU),Peer-reviewed journal article,Alanah M. Cardenas-O.'Toole; Shasha Zou; Jiaen Ren; Zihan Wang; Periyadan T. Jayachandran,RISR-C; CHAIN; SuperDARN,unverified,0,3
10.1029/2023ja031808,Abnormal Sub‐Auroral Ion Drifts (ASAID) Developed in the Postmidnight (1–4) Magnetic Local Time Sector in 2013,2023,Journal of Geophysical Research: Space Physics,American Geophysical Union (AGU),Peer-reviewed journal article,Ildiko Horvath; Brian C. Lovell,SuperDARN,unverified,0,1
10.1029/2023ja031849,"GNSS Scintillations in the Cusp, and the Role of Precipitating Particle Energy Fluxes",2023,Journal of Geophysical Research: Space Physics,American Geophysical Union (AGU),Peer-reviewed journal article,Magnus Fagernes Ivarsen; Yaqi Jin; Andres Spicher; Jean-Pierre St-Maurice; Jaeheung Park; Daniel Billett,ICEBEAR,unverified,0,1
10.1029/2023ja031865,"Conjugate Observation of Whistler Mode Chorus, ECH Waves and Dayside Diffuse Aurora by MMS and Ground‐Based Yellow River Station",2023,Journal of Geophysical Research: Space Physics,American Geophysical Union (AGU),Peer-reviewed journal article,Shangchun Teng; De-Sheng Han; Jun Liang; Q. Zhang; Jicheng Sun; S. Wang; Su Zhou; Z. Wang; Y. Huang,THEMIS ASI,unverified,0,1
10.1029/2023ja031885,Separating Contributions to Plasma Vorticity in the High‐Latitude Ionosphere From Large‐Scale Convection and Meso‐Scale Turbulence,2023,Journal of Geophysical Research: Space Physics,American Geophysical Union (AGU),Peer-reviewed journal article,Gareth Chisham; Mervyn. P. Freeman,SuperDARN_CA; SuperDARN,unverified,0,2
10.1029/2023ja031950,Longitudinal Development of Cosmic Noise Absorption Based on Multipoint Observations at Subauroral Latitudes During Storm‐Time Substorms on 25–28 August 2018,2024,Journal of Geophysical Research: Space Physics,American Geophysical Union (AGU),Peer-reviewed journal article,Yuto Kato; Kazuo Shiokawa; Yoshimasa Tanaka; Mitsunori Ozaki; Akira Kadokura; Shin-ichiro Oyama; Alexey Oinats; Martin Connors; Dmitry Baishev,Single Beam Riometer; GO_RIO,unverified,0,2
10.1029/2023ja031957,Plasma Sheet Counterparts for Auroral Beads and Vortices in Advance of Fast Flows: New Evidence for Near‐Earth Substorm Onset,2024,Journal of Geophysical Research: Space Physics,American Geophysical Union (AGU),Peer-reviewed journal article,S. S. Babu; Ian. R. Mann; Eric F. Donovan; A. W. Smith; Stavros Dimitrakoudis; R. D. Sydora; Andy Kale,REGO; CARISMA,unverified,0,2
10.1029/2023ja031998,Two‐Component Phase Scintillation Spectra in the Auroral Region: Observations and Model,2024,Journal of Geophysical Research: Space Physics,American Geophysical Union (AGU),Peer-reviewed journal article,Abdelhaq M. Hamza; Kaili Song; Karim Meziane; Periyadan T. Jayachandran,CHAIN,unverified,0,1
10.1029/2023ja0320,DOI only: 10.1029/2023ja0320,,,,Unknown,,Single Beam Riometer; GO_RIO,partially_verified,1,2
10.1029/2023ja032008,Fine‐Scale Structures of STEVE Revealed by 4K Imaging,2023,Journal of Geophysical Research: Space Physics,American Geophysical Union (AGU),Peer-reviewed journal article,Yukitoshi Nishimura; Alan Dyer; Eric F. Donovan; V. Angelopoulos,THEMIS ASI; TREx,unverified,0,2
10.1029/2023ja032022,The Ellipticity of High Frequency Transionospheric Radio Waves,2024,Journal of Geophysical Research: Space Physics,American Geophysical Union (AGU),Peer-reviewed journal article,Kuldeep Pandey; E. Ceren Kalafatoglu Eyiguler; Glenn C. Hussey; Donald W. Danskin; Robert G. Gillies; Andrew W. Yau,SuperDARN_CA; SuperDARN,unverified,0,2
10.1029/2023ja032077,"Statistical Analysis of Low‐Latitude Boundary of Polar‐Type Medium‐Scale Traveling Ionospheric Disturbances Observed by a 630‐nm Airglow Imager at Nyrölä, Finland",2024,Journal of Geophysical Research: Space Physics,American Geophysical Union (AGU),Peer-reviewed journal article,Masaki Sato; Kazuo Shiokawa; Shin-ichiro Oyama; Yuichi Otsuka; Atsuki Shinbori; Arto Oksanen,THEMIS ASI,unverified,0,1
10.1029/2023ja032082,A Statistical Examination of the Spatial Correlations of HF Ionospheric Absorption Signatures Using the GO‐Canada Riometer Network,2024,Journal of Geophysical Research: Space Physics,American Geophysical Union (AGU),Peer-reviewed journal article,Robert G. Gillies; Emma Spanswick; Susan Skone,Single Beam Riometer; GO_RIO,unverified,0,2
10.1029/2023ja032088,Characterization of Magnetic Flux Contents for Two Flux Transfer Events From Both In Situ and Ionospheric Observations,2024,Journal of Geophysical Research: Space Physics,American Geophysical Union (AGU),Peer-reviewed journal article,Shuo Wang; Ying Zou; Qiang Hu; Xueling Shi; Hiroshi Hasegawa,SuperDARN,unverified,0,1
10.1029/2023ja032134,Conjugate Observations of Magnetospheric and Ionospheric Phenomena During a Substorm Event,2024,Journal of Geophysical Research: Space Physics,American Geophysical Union (AGU),Peer-reviewed journal article,Shangchun Teng; Q. Zhang; Su Zhou; Z. Wang; Desheng Han,SuperDARN_CA; SuperDARN,unverified,0,2
10.1029/2023ja032176,Multi‐Instrument Observations of the Evolution of Polar Cap Patches Associated With Flow Shears and Particle Precipitation,2023,Journal of Geophysical Research: Space Physics,American Geophysical Union (AGU),Peer-reviewed journal article,Duan Zhang; Qing-He Zhang; Kjellmar Oksavik; Zan-Yang Xing; L. R. Lyons; Hui-Gen Yang; Guo-Jun Li; Keisuke Hosokawa; Atsuki Shinbori; Yu-Zhang Ma; Yong Wang; Xiang-Yu Wang,SuperDARN,unverified,0,1
10.1029/2023ja032263,TRICE‐2/SuperDARN Observations and Comparison With the Associated MMS Magnetopause Crossing,2024,Journal of Geophysical Research: Space Physics,American Geophysical Union (AGU),Peer-reviewed journal article,Karlheinz J. Trattner; Stephen A. Fuselier; C. A. Kletzing; John W. Bonnell; S. R. Bounds; Steven M. Petrinec; R. P. Sawyer; T. K. Yeoman; Robert E. Ergun; James L. Burch,SuperDARN,unverified,0,1
10.1029/2023ja032266,Signatures of Dipolarizing Flux Bundles in the Nightside Auroral Zone,2024,Journal of Geophysical Research: Space Physics,American Geophysical Union (AGU),Peer-reviewed journal article,Mark J. Engebretson; Sean A. Gaffaney; Jesus A. Ochoa; Andrei Runov; James Michael Weygand; Yukitoshi Nishimura; Michael D. Hartinger; Vyacheslav A. Pilipenko; Mark B. Moldwin; Martin G. Connors; Ian. R. Mann; Zhonghua Xu; Juan V. Rodriguez,REGO; THEMIS ASI; AUTUMNX; CARISMA,unverified,0,4
10.1029/2023ja032309,Turbulence Around Auroral Arcs,2024,Journal of Geophysical Research: Space Physics,American Geophysical Union (AGU),Peer-reviewed journal article,Magnus Fagernes Ivarsen; Devin Ray Huyghebaert; Megan D. Gillies; Jean-Pierre St-Maurice; David Russel Themens; Meers Oppenheim; Björn J. Gustavsson; Daniel Billett; Brian Pitzel; Draven Galeschuk; Eric Donovan; Glenn C. Hussey,ICEBEAR; ECHAIM; CHAIN,unverified,0,3
10.1029/2023ja032310,Turbulence Embedded Into the Ionosphere by Electromagnetic Waves,2024,Journal of Geophysical Research: Space Physics,American Geophysical Union (AGU),Peer-reviewed journal article,Magnus Fagernes Ivarsen; Megan D. Gillies; Devin Ray Huyghebaert; Jean-Pierre St-Maurice; Adam Lozinsky; Draven Galeschuk; Eric Donovan; Glenn C. Hussey,ICEBEAR,unverified,0,1
10.1029/2023ja032337,Global Distribution of EMIC Waves and Its Association to Subauroral Proton Precipitation During the 27 May 2017 Storm: Modeling and Multipoint Observations,2024,Journal of Geophysical Research: Space Physics,American Geophysical Union (AGU),Peer-reviewed journal article,P. R. Shreedevi; Yiqun Yu; Yoshizumi Miyoshi; Xingbin Tian; Minghui Zhu; Vania K. Jordanova; Satoko Nakamura; Chae-Woo Jun; Sandeep Kumar; Kazuo Shiokawa; Martin Connors; T. Hori; Masafumi Shoji; Iku Shinohara; Shoichiro Yokota; Satoshi Kasahara; Kunihiro Keika; Ayako Matsuoka; Akira Kadokura; Fuminori Tsuchiya; Atsushi Kumamoto; Yoshiya Kasahara,CARISMA,unverified,0,1
10.1029/2023ja032360,A Statistical Survey of E‐Region Anomalous Electron Heating Using Poker Flat Incoherent Scatter Radar Observations,2024,Journal of Geophysical Research: Space Physics,American Geophysical Union (AGU),Peer-reviewed journal article,Yizhe Zhang; Roger. H. Varney,ICEBEAR,unverified,0,1
10.1029/2023ja032375,Use of Terrestrial High Frequency Signals in Riometer Data to Explore the Size of D‐Region Electron Density Enhancements,2024,Journal of Geophysical Research: Space Physics,American Geophysical Union (AGU),Peer-reviewed journal article,F. Ghaly; Emma Spanswick; Robert Gillies; Taylor Cameron; Susan Skone; Robyn A. D. Fiori; Allan T. Weatherwax,Single Beam Riometer; SWAN HSR; GO_RIO,partially_verified,1,3
10.1029/2023ja032402,"Assessment of Polar Ionospheric Observations by VIPIR/Dynasonde at Jang Bogo Station, Antarctica: 2. Ionospheric Ion Drift Velocity",2024,Journal of Geophysical Research: Space Physics,American Geophysical Union (AGU),Peer-reviewed journal article,Hyuck-Jin Kwon; Geonhwa Jee; Young-Bae Ham; Nikolay Zabotin; Changsup Lee; Ensol Kim; Terence W. Bullett,SuperDARN,unverified,0,1
10.1029/2023jd038557,Day‐To‐Day Quantification of Changes in Global Lightning Activity Based on Schumann Resonances,2023,Journal of Geophysical Research: Atmospheres,American Geophysical Union (AGU),Peer-reviewed journal article,Tamás Bozóki; Gabriella Sátori; Earle Williams; Anirban Guha; Y. Liu; Peter Steinbach; A. Leal; M. Herein; Mike Atkinson; Ciaran D. Beggan; Elizabeth DiGangi; A. Koloskov; Andrzej Kulak; Jeff Lapierre; David K. Milling; Janusz Mlynarczyk; Anne Neska; Alexander Potapov; Tero Raita; Rahul Rawat; R. Said; Ashwini Kumar Sinha; Yu. Yampolski,CARISMA,unverified,0,1
10.1029/2023rs007657,Climatology of HF Propagation Characteristics at Very High Latitudes From SuperDARN Observations,2023,Radio Science,American Geophysical Union (AGU),Peer-reviewed journal article,P. Ponomarenko; Kathryn A. McWilliams,SuperDARN_CA; SuperDARN,unverified,0,2
10.1029/2023rs007833,Observations of ULF Pulsations During TRINNI Events,2023,Radio Science,American Geophysical Union (AGU),Peer-reviewed journal article,B. Mmame; Judy A. E. Stephenson; Anthony D. M. Walker; Zolile Mtumela; J. P. S. Rash,SuperDARN,unverified,0,1
10.1029/2023rs007897,Statistical Analysis of Off‐Great Circle Radio Wave Propagation in the Polar Cap,2024,Radio Science,American Geophysical Union (AGU),Peer-reviewed journal article,Taylor G. Cameron; Robyn A. D. Fiori; Gareth William Perry; Andres Spicher; Thayananthan Thayaparan,RISR-C; CHAIN,unverified,0,2
10.1029/2023rs007900,Application of Wide‐Beam Transmission for Advanced Operations of SuperDARN Borealis Radars in Monostatic and Multistatic Modes,2024,Radio Science,American Geophysical Union (AGU),Peer-reviewed journal article,R. A. Rohel; P. Ponomarenko; Kathryn A. McWilliams,SuperDARN_CA; SuperDARN,unverified,0,2
10.1029/2023rs007917,High‐Latitude Off‐Great Circle Propagation Associated With the Solar Terminator,2024,Radio Science,American Geophysical Union (AGU),Peer-reviewed journal article,Taylor G. Cameron; Robyn A. D. Fiori; Gareth William Perry; Joshua J. Ruck; Thayananthan Thayaparan,CHAIN; ECHAIM,unverified,0,2
10.1029/2023sw003428,A Model of High Latitude Ionospheric Convection Derived From SuperDARN EOF Model Data,2023,Space Weather,American Geophysical Union (AGU),Peer-reviewed journal article,M. M. Lam; R. M. Shore; Gareth Chisham; Mervyn. P. Freeman; Adrian Grocott; M.-T. Walach; L. Orr,SuperDARN,unverified,0,1
10.1029/2023sw003501,Topside Electron Density Modeling Using Neural Network and Empirical Model Predictions,2023,Space Weather,American Geophysical Union (AGU),Peer-reviewed journal article,S. Dutta; M. B. Cohen,CHAIN; ECHAIM,partially_verified,1,2
10.1029/2023sw003523,Investigating the Interhemispheric Asymmetry in Joule Heating During the 2013 St. Patrick's Day Geomagnetic Storm,2023,Space Weather,American Geophysical Union (AGU),Peer-reviewed journal article,A. R. Smith; Dogacan S. Ozturk; P. Delamere; Gang Lu; H. Kim,SuperDARN,unverified,0,1
10.1029/2023sw003590,Validating Ionospheric Models Against Technologically Relevant Metrics,2023,Space Weather,American Geophysical Union (AGU),Peer-reviewed journal article,Alex Timothy Chartier; J. Steele; G. Sugar; David Russel Themens; Sarah K. Vines; Joseph D. Huba,ECHAIM; CHAIN,unverified,0,2
10.1029/2023sw003611,GNSS Differential Code Bias Determination Using Rao‐Blackwellized Particle Filtering,2024,Space Weather,American Geophysical Union (AGU),Peer-reviewed journal article,Ben Reid; David Russel Themens; Anthony McCaffrey; Periyadan T. Jayachandran; Mainul Hoque; Andrew J. Mazzella,CHAIN; ECHAIM,unverified,0,2
10.1029/2023sw003683,Calculating the High‐Latitude Ionospheric Electrodynamics Using a Machine Learning‐Based Field‐Aligned Current Model,2024,Space Weather,American Geophysical Union (AGU),Peer-reviewed journal article,V. Sai Gowtam; Hyunju Connor; Bharat S. R. Kunduri; Joachim Raeder; Karl M. Laundal; S. Tulasi Ram; Dogacan S. Ozturk; Donald Hampton; Shibaji Chakraborty; Charles Owolabi; Amy Keesee,SuperDARN,unverified,0,1
10.1029/2023sw003748,The 2022 Starlink Geomagnetic Storms: Global Thermospheric Response to a High‐Latitude Ionospheric Driver,2024,Space Weather,American Geophysical Union (AGU),Peer-reviewed journal article,Daniel D. Billett; Kian Sartipzadeh; Magnus Fagernes Ivarsen; E. Iorfida; E. Doornbos; E. Ceren Kalafatoglu Eyiguler; Kuldeep Pandey; Kathryn A. McWilliams,SuperDARN_CA; SuperDARN,unverified,0,2
10.1029/2023sw003813,Modeling Geomagnetically Induced Currents in the Alberta Power Network: Comparison and Validation Using Hall Probe Measurements During a Magnetic Storm,2024,Space Weather,American Geophysical Union (AGU),Peer-reviewed journal article,Darcy Cordell; Ian. R. Mann; Hannah Parry; Martyn J. Unsworth; Ryan Cui; Colin Clark; Eva Kelemen; Ryan MacMullin,CARISMA,unverified,0,1
10.1029/2023sw003838,Ionospheric Nowcasting Over Italy Through Data Assimilation: A Synergy Between IRI UP and IONORING,2024,Space Weather,American Geophysical Union (AGU),Peer-reviewed journal article,Alessio Pignalberi; Claudio Cesaroni; Marco Pietrella; Michael Pezzopane; Luca Spogli; Carlo Marcocci; Emanuele Pica,CHAIN,unverified,0,1
10.1029/2024av001197,Magnetosheath High‐Speed Jet Drives Multiple Auroral Arcs Near Local Noon,2024,AGU Advances,American Geophysical Union (AGU),Peer-reviewed journal article,Hui-Xuan Qiu; De-Sheng Han; Run Shi; Jianjun Liu,THEMIS ASI,unverified,0,1
10.1029/2024ea003708,The Structure of Field‐Aligned Current Systems as Inferred From the Multiscale Minimum Variance Analysis,2024,Earth and Space Science,American Geophysical Union (AGU),Peer-reviewed journal article,Costel Bunescu,THEMIS ASI,unverified,0,1
10.1029/2024ea003876,The Fast Borealis Ionosphere: High Time‐Resolution Mapping of Polar Ionospheric Flows With SuperDARN,2025,Earth and Space Science,American Geophysical Union (AGU),Peer-reviewed journal article,Daniel D. Billett; R. A. Rohel; Carley J. Martin; Kathryn A. McWilliams; Karl M. Laundal,SuperDARN_CA; SuperDARN,unverified,0,2
10.1029/2024gl109000,Red Line Diffuse‐Like Aurora Driven by Time Domain Structures Associated With Braking Magnetotail Flow Bursts,2024,Geophysical Research Letters,American Geophysical Union (AGU),Peer-reviewed journal article,Yangyang Shen; Jun Liang; Anton Artemyev; Vassilis Angelopoulos; Qianli Ma; Larry Lyons; Jiang Liu; Yukitoshi Nishimura; Xiao-Jia Zhang; Ivan Vasko; Donald L. Hampton,REGO; THEMIS ASI,unverified,0,2
10.1029/2024gl109579,Extremely Long‐Range Observations of Ionospheric Irregularities in a Large Longitude Zone From Pacific to Africa Using a Low Latitude Over‐The‐Horizon Radar in China,2024,Geophysical Research Letters,American Geophysical Union (AGU),Peer-reviewed journal article,Lianhuan Hu; Guozhu Li; Baiqi Ning; Guofeng Dai; Wenjie Sun; Xiukuan Zhao; Haiyong Xie; Yi Li; Bo Xiong; Yu Li; Michi Nishioka; Septi Perwitasari,SuperDARN,unverified,0,1
10.1029/2024gl109756,Solar Wind Drivers of Auroral Omega Bands,2024,Geophysical Research Letters,American Geophysical Union (AGU),Peer-reviewed journal article,Vivian Cribb; Tuija I. Pulkkinen; L. Kepko; B. Gallardo-Lacourt; Eric Donovan,THEMIS ASI,unverified,0,1
10.1029/2024gl110568,Unexpected STEVE Observations at High Latitude During Quiet Geomagnetic Conditions,2024,Geophysical Research Letters,American Geophysical Union (AGU),Peer-reviewed journal article,B. Gallardo-Lacourt; Yukitoshi Nishimura; L. Kepko; Emma L. Spanswick; D. Megan Gillies; David J. Knudsen; Johnathan K. Burchill; S. H. Skone; V. A. Pinto; Darren Chaddock; J. Kuzub; Eric F. Donovan,Single Beam Riometer; REGO; THEMIS ASI; TREx RGB; TREx; SuperDARN_CA; SuperDARN; GO_RIO; SEC/OTHER,unverified,0,9
10.1029/2024gl111045,Quantifying the Mesoscale Contribution to FACs During a Magnetospheric Substorm,2024,Geophysical Research Letters,American Geophysical Union (AGU),Peer-reviewed journal article,S. Gasparini; L. Kepko; Karl M. Laundal,SuperDARN,unverified,0,1
10.1029/2024gl111246,Transpolar Arcs Are Not Always Cusp‐Aligned: Evidence of HiLDA‐Aligned Arcs,2024,Geophysical Research Letters,American Geophysical Union (AGU),Peer-reviewed journal article,Maria Chloi Katrougkalou; Anita Kullen; Lei Cai; Lorenz Roth; Yongliang Zhang,SuperDARN,unverified,0,1
10.1029/2024gl111677,The High Latitude Ionospheric Response to the Major May 2024 Geomagnetic Storm: A Synoptic View,2024,Geophysical Research Letters,American Geophysical Union (AGU),Peer-reviewed journal article,David Russel Themens; Sean Elvidge; Anthony McCaffrey; Periyadan T. Jayachandran; Anthea Coster; Roger. H. Varney; Ivan Galkin; Lindsay V. Goodwin; Chris Watson; Sophie Maguire; Andrew J. Kavanagh; Shun-Rong Zhang; Larisa Goncharenko; Asti Bhatt; Gareth Dorrian; Keith Groves; Alan G. Wood; Ben Reid,CHAIN,unverified,0,1
10.1029/2024gl111793,In Situ Observational Evidence of the Polar Cap Arc at 1500 MLT (15MLT‐PCA) Associated With the Lobe Reconnection,2024,Geophysical Research Letters,American Geophysical Union (AGU),Peer-reviewed journal article,Huiting Feng; Desheng Han; Shangchun Teng; Huixuan Qiu; Su Zhou; Run Shi; Yongliang Zhang,SuperDARN,unverified,0,1
10.1029/2024gl112450,Multi‐Frequency SuperDARN HF Radar Observations of the Ionospheric Response to the October 2023 Annular Solar Eclipse,2024,Geophysical Research Letters,American Geophysical Union (AGU),Peer-reviewed journal article,Evan G. Thomas; S. G. Shepherd; Bharat S. R. Kunduri; David Russel Themens,SuperDARN,unverified,0,1
10.1029/2024gl112484,HF Radar Observations and Modeling of the Impact of the 8 April 2024 Total Solar Eclipse on the Ionosphere‐Thermosphere System,2024,Geophysical Research Letters,American Geophysical Union (AGU),Peer-reviewed journal article,Bharat S. R. Kunduri; Joseph Benjamin Harold Baker; J. M. Ruohoniemi; Evan G. Thomas; Joseph D. Huba; D. J. Emmons; David Russel Themens; Kevin T. Sterne; G. Farinas Perez; William. A. Bristow; S. G. Shepherd; J. M. Holmes; E. V. Dao; Alex Timothy Chartier; Gareth William Perry; Kuldeep Pandey,SuperDARN,unverified,0,1
10.1029/2024gl112730,Near‐Earth Reconnection Contributing to Recovery Phase of Geomagnetic Storm,2024,Geophysical Research Letters,American Geophysical Union (AGU),Peer-reviewed journal article,Terry Z. Liu; Vassilis Angelopoulos; Yukitoshi Nishimura; Yangyang Shen; Xueling Shi; Michael D. Hartinger,THEMIS ASI; TREx,unverified,0,2
10.1029/2024gl113857,Generation of Quasi‐Periodic Dayside Medium Scale Traveling Ionospheric Disturbances (MSTIDs) by Intermittent Lobe Reconnection,2025,Geophysical Research Letters,American Geophysical Union (AGU),Peer-reviewed journal article,Yating Xiong; Huixin Liu; Run Shi; Zanyang Xing; Sheng Lu; Qiang Zhang; Zhiwei Wang; Desheng Han,SuperDARN,unverified,0,1
10.1029/2024gl114040,Compression of Earth's Magnetopause Down to 5 <i>R</i><sub>E</sub> During the Superstorm on 10 May 2024,2025,Geophysical Research Letters,American Geophysical Union (AGU),Peer-reviewed journal article,W. D. Fu; H. S. Fu; W. Z. Zhang; Yiqun Yu; J. B. Cao,SuperDARN_CA; SuperDARN,unverified,0,2
10.1029/2024gl114160,Simultaneous Observation of Duskside and Dawnside Subauroral Polarization Streams During an Intense Magnetic Storm,2025,Geophysical Research Letters,American Geophysical Union (AGU),Peer-reviewed journal article,Bianlong Zhao; Jiaojiao Zhang; Qinghe Zhang; Wei Wang; Zanyang Xing; L. R. Lyons; Yukitoshi Nishimura; Kjellmar Oksavik; Xiangyu Wang; Hang Li; Yuzhang Ma; Yong Wang; Duan Zhang; Chi Wang; Xiang Deng; Ailan Lan; Jingye Yan; J. Michael Ruohoniemi; Nozomu Nishitani; Simon G. Shepherd; Tong Xu; Shuji Sun,SuperDARN,unverified,0,1
10.1029/2024gl114543,The Penetration Electric Fields During the 10 May 2024 Superstorm Observed by ISRs Over Sanya and Jicamarca,2025,Geophysical Research Letters,American Geophysical Union (AGU),Peer-reviewed journal article,Ruilong Zhang; Libo Liu; Xinan Yue; Jiaojiao Zhang; Ning Zhang; Yiding Chen; Huijun Le; Wenbo Li,SuperDARN,unverified,0,1
10.1029/2024ja032415,A New Method for Analyzing F‐Region Neutral Wind Response to Ion Convection in the Nightside Auroral Oval,2024,Journal of Geophysical Research: Space Physics,American Geophysical Union (AGU),Peer-reviewed journal article,Katherine Davidson; Ying Zou; Mark Conde; Asti Bhatt,THEMIS ASI,unverified,0,1
10.1029/2024ja032425,Revealing the EMIC Wave Frequency Differences in the Ionosphere via Coordinated Observations: A Case Study,2024,Journal of Geophysical Research: Space Physics,American Geophysical Union (AGU),Peer-reviewed journal article,Xin-Yan Ouyang; Chao Yue; Yong-Fu Wang; Jie Ren; Mu-Ping Yang; Ya-Lu Wang; Ying-Yan Wu; Xue-Min Zhang,CARISMA,unverified,0,1
10.1029/2024ja032426,Multi‐Instrument Analysis of the Formation and Segmentation of Tongue of Ionization Into Two Consecutive Polar Cap Patches,2024,Journal of Geophysical Research: Space Physics,American Geophysical Union (AGU),Peer-reviewed journal article,Yu-Zhang Ma; Qing-He Zhang; Si-Han Zhao; Larry R. Lyons; Kjellmar Oksavik; Zan-Yang Xing; Yong Wang; Marc R. Hairston; Jian-Jun Liu; Balan Nanan; Zhong-Xin Deng; Qiang Zhang,SuperDARN,unverified,0,1
10.1029/2024ja032482,Using RISR‐N to Resolve Variations in Dayside and Nightside Plasma Density Spatial‐Scales,2024,Journal of Geophysical Research: Space Physics,American Geophysical Union (AGU),Peer-reviewed journal article,Lindsay V. Goodwin; Magnus Ivarsen; Leslie Lamarche; Gareth William Perry; C. Negrea,RISR-C,unverified,0,1
10.1029/2024ja032485,Atmospheric and Ionospheric Responses to Orographic Gravity Waves Prior to the December 2022 Cold Air Outbreak,2024,Journal of Geophysical Research: Space Physics,American Geophysical Union (AGU),Peer-reviewed journal article,P. A. Inchin; Asti Bhatt; M. Bramberger; S. Chakraborty; Shantanab Debchoudhury; C. Heale,SuperDARN,unverified,0,1
10.1029/2024ja032544,Rapid Acceleration Bursts in the Van Allen Radiation Belt,2024,Journal of Geophysical Research: Space Physics,American Geophysical Union (AGU),Peer-reviewed journal article,Leon Olifer; S. K. Morley; Louis G. Ozeke; Ian. R. Mann; M. M. H. Kalliokoski; Michael G. Henderson; M. R. Carver; A. Hoover,AUTUMNX; CARISMA,unverified,0,2
10.1029/2024ja032552,Investigating the Hot Zone Developed Under Short‐Circuiting Conditions and the Coupled Magnetosphere‐Ionosphere (M‐I) System for the Subauroral Arc's Inner‐Magnetosphere Generation Environment,2024,Journal of Geophysical Research: Space Physics,American Geophysical Union (AGU),Peer-reviewed journal article,Ildiko Horvath; Brian C. Lovell,REGO,unverified,0,1
10.1029/2024ja032578,Observation of Quiet‐Time Mid‐Latitude Joule Heating and Comparisons With the TIEGCM Simulation,2024,Journal of Geophysical Research: Space Physics,American Geophysical Union (AGU),Peer-reviewed journal article,E. K. Day; Adrian Grocott; M.-T. Walach; James A. Wild; Gang Lu; J. M. Ruohoniemi; A. J. Coster,SuperDARN_CA; SuperDARN,unverified,0,2
10.1029/2024ja032592,Polarization and m $m$‐Number Characteristics of Mid‐Latitude Pc5 ULF Waves Observed by SuperDARN Radars,2024,Journal of Geophysical Research: Space Physics,American Geophysical Union (AGU),Peer-reviewed journal article,K. Morita; P. Ponomarenko; Nozomu Nishitani; T. Hori; S. G. Shepherd,SuperDARN_CA; SuperDARN; CARISMA,unverified,0,3
10.1029/2024ja032595,Association of High‐Latitude Geomagnetic Perturbations and Pi1 and Pi2 Pulsations With the Three Steps of Auroral Onset Arc Development at Substorm Onset,2024,Journal of Geophysical Research: Space Physics,American Geophysical Union (AGU),Peer-reviewed journal article,Madeeha Talha; Yukinaga Miyashita,THEMIS ASI; CARISMA,unverified,0,2
10.1029/2024ja032599,A Quantitative Analysis of the Uncertainties on Reconnection Electric Field Estimates Using Ionospheric Measurements,2024,Journal of Geophysical Research: Space Physics,American Geophysical Union (AGU),Peer-reviewed journal article,S. Gasparini; Spencer Mark Hatch; Jone Peter Reistad; Anders Ohma; Karl M. Laundal; S. J. Walker; M. Madelaire,SuperDARN_CA; SuperDARN,unverified,0,2
10.1029/2024ja032651,Observations of Localized Horizontal Geomagnetic Field Variations Associated With a Magnetospheric Fast Flow Burst During a Magnetotail Reconnection Event Detected by the THEMIS Spacecraft,2025,Journal of Geophysical Research: Space Physics,American Geophysical Union (AGU),Peer-reviewed journal article,Chigomezyo M. Ngwira; Yukitoshi Nishimura; James Michael Weygand; Mark J. Engebretson; Antti Pulkkinnen; Peter W. Schuck,THEMIS ASI,unverified,0,1
10.1029/2024ja032708,Estimation of Ionospheric Field‐Aligned Currents Using SuperDARN Radar and DMSP Observations,2024,Journal of Geophysical Research: Space Physics,American Geophysical Union (AGU),Peer-reviewed journal article,B. H. Qu; J. Y. Lu; Zhi-wei Wang; J. J. Liu; Ming Wang; J. Y. Li; H. Zhang,SuperDARN_CA; SuperDARN,unverified,0,2
10.1029/2024ja032793,"Multi‐Event Analysis of STEVE, SAR Arc, and Red/Green Arc at Subauroral Latitudes Using Data From Ground Optical and Radio Instruments and the Arase and Van Allen Probes Satellites",2025,Journal of Geophysical Research: Space Physics,American Geophysical Union (AGU),Peer-reviewed journal article,Rei Sugimura; Kazuo Shiokawa; Yuichi Otsuka; Shin-ichiro Oyama; Arto Oksanen; Martin Connors; Akira Kadokura; Igor Poddelsky; Nozomu Nishitani; Simon G. Shepherd; J. Michael Ruohoniemi; Charles Smith; Harlan Spence; Geoff Reeves; Herbert O. Funsten; Yoshizumi Miyoshi; Iku Shinohara; Yoshiya Kasahara; Fuminori Tsuchiya; Atsushi Kumamoto; Atsuki Shinbori; Kazushi Asamura; Shoichiro Yokota; Yoichi Kazama; C.-W. Jun; Shiang-Yu Wang; Sunny W. Y. Tam; Tzu-Fang Chang; Bo-Jhou Wang; Satoshi Kasahara; Kunihiro Keika; Tomoaki Hori; Ayako Matsuoka,SuperDARN,unverified,0,1
10.1029/2024ja032798,Differential Delay of Ordinary and Extraordinary Modes of Transionospheric Radio Waves,2024,Journal of Geophysical Research: Space Physics,American Geophysical Union (AGU),Peer-reviewed journal article,Kuldeep Pandey; E. Ceren Kalafatoglu Eyiguler; Robert G. Gillies; Donald W. Danskin; Daniel D. Billett; Andrew W. Yau; Glenn C. Hussey,SuperDARN_CA; SuperDARN,unverified,0,2
10.1029/2024ja032819,Effect of Polar Cap Patches on the High‐Latitude Upper Thermospheric Winds,2024,Journal of Geophysical Research: Space Physics,American Geophysical Union (AGU),Peer-reviewed journal article,Lei Cai; Anita Aikio; S. Oyama; Nickolay Ivchenko; Heikki Vanhamäki; I. Virtanen; Stephan Buchert; M. L. Mekuriaw; Y. Zhang,SuperDARN,unverified,0,1
10.1029/2024ja032864,The Morphology and Oscillations of Nightside Mid‐Latitude Ionospheric Trough at Designated Longitudes in the Northern Hemisphere,2024,Journal of Geophysical Research: Space Physics,American Geophysical Union (AGU),Peer-reviewed journal article,Xinlong Liu; Donghe Zhang; Anthea J. Coster; Zhonghua Xu; Xueling Shi; Shibaji Chakraborty,SuperDARN,unverified,0,1
10.1029/2024ja032884,A New Proton‐Hydrogen‐Electron Transport Model for Simulating Optical Emissions From Proton Aurora and Comparison With Ground Observations,2024,Journal of Geophysical Research: Space Physics,American Geophysical Union (AGU),Peer-reviewed journal article,Jun Liang; X. Fang; Emma Spanswick; Eric F. Donovan; D. Megan Gillies,REGO; THEMIS ASI; TREx,unverified,0,3
10.1029/2024ja032887,The Spatial Variation of Large‐ and Meso‐Scale Plasma Flow Vorticity Statistics in the High‐Latitude Ionosphere and Implications for Ionospheric Plasma Flow Models,2024,Journal of Geophysical Research: Space Physics,American Geophysical Union (AGU),Peer-reviewed journal article,Gareth Chisham; Mervyn. P. Freeman,SuperDARN,unverified,0,1
10.1029/2024ja032904,Auroral Bead Propagation: Explanation Based on the Conservation of Vorticity,2024,Journal of Geophysical Research: Space Physics,American Geophysical Union (AGU),Peer-reviewed journal article,Shinichi Ohtani; Tetsuo Motoba,THEMIS ASI,unverified,0,1
10.1029/2024ja032906,Nightside Detached Auroras Associated With Expanding Auroral Oval During the Main and Recovery Phases of a Magnetic Storm,2024,Journal of Geophysical Research: Space Physics,American Geophysical Union (AGU),Peer-reviewed journal article,Su Zhou; Xiaoli Luan; Zhijin Zhou; Zongxian Wu,CARISMA,unverified,0,1
10.1029/2024ja032917,Investigating the 17 March 2013 Geomagnetic Storm Impacts on the Wholly Coupled Solar Wind‐Magnetosphere‐Ionosphere‐Thermosphere System‐Of‐Systems,2024,Journal of Geophysical Research: Space Physics,American Geophysical Union (AGU),Peer-reviewed journal article,Ildiko Horvath; Brian C. Lovell,SuperDARN,unverified,0,1
10.1029/2024ja032924,"Obtaining Continental‐Scale, High‐Resolution 2‐D Ionospheric Flows and Application to Meso‐Scale Flow Science",2024,Journal of Geophysical Research: Space Physics,American Geophysical Union (AGU),Peer-reviewed journal article,Yukitoshi Nishimura; L. R. Lyons; Yue Deng; Cheng Sheng; William. A. Bristow; Eric F. Donovan; V. Angelopoulos; Nozomu Nishitani,THEMIS ASI; RISR-C; SuperDARN,unverified,0,3
10.1029/2024ja032927,Different Origin Field‐Aligned Currents and Their Relationship With Auroral Intensity,2024,Journal of Geophysical Research: Space Physics,American Geophysical Union (AGU),Peer-reviewed journal article,B. H. Qu; J. Y. Lu; Zhi-wei Wang; J. J. Liu; Ming Wang; J. Y. Li; H. Zhang,SuperDARN_CA; SuperDARN,unverified,0,2
10.1029/2024ja032936,Identifying Ionospheric Small‐Scale Currents: A Spatial Correlation Study Using Closely‐Spaced Pairs of Ground Magnetometers,2024,Journal of Geophysical Research: Space Physics,American Geophysical Union (AGU),Peer-reviewed journal article,Ari S. Gottesman; Mark B. Moldwin; Brett A. McCuen,CARISMA; AUTUMNX,unverified,0,2
10.1029/2024ja032941,Auroral and Magnetotail Dynamics During Quiet‐Time STEVE and SAID,2024,Journal of Geophysical Research: Space Physics,American Geophysical Union (AGU),Peer-reviewed journal article,Yukitoshi Nishimura; B. Gallardo-Lacourt; Eric F. Donovan; V. Angelopoulos; Nozomu Nishitani,AuroraMAX; REGO; SuperDARN_CA; SuperDARN,partially_verified,1,4
10.1029/2024ja033040,Higher‐Order Gravity Waves and Traveling Ionospheric Disturbances From the Polar Vortex Jet on 11–15 January 2016: Modeling With HIAMCM‐SAMI3 and Comparison With Observations in the Thermosphere and Ionosphere,2025,Journal of Geophysical Research: Space Physics,American Geophysical Union (AGU),Peer-reviewed journal article,Sharon L. Vadas; David Russel Themens; Joseph D. Huba; Erich Becker; Katrina Bossert; Larisa Goncharenko; Sophie J. Maguire; Cosme A. O. B. Figueiredo; Shuang Xu; V. Lynn Harvey; Nathaniel A. Frissell; Michael J. Molzen; Thomas J. Pisano; Grzegorz Nykiel,SuperDARN,unverified,0,1
10.1029/2024ja033056,Auroral Acceleration at the Northern Magnetic Pole During Sub‐Alfvénic Solar Wind Flow at Earth,2025,Journal of Geophysical Research: Space Physics,American Geophysical Union (AGU),Peer-reviewed journal article,J. E. Waters; L. Lamy; S. Milan; M.-T. Walach; E. Chané,SuperDARN_CA; SuperDARN,unverified,0,2
10.1029/2024ja033060,Deriving the Ionospheric Electric Field From the Bulk Motion of Radar Aurora in the E‐Region,2024,Journal of Geophysical Research: Space Physics,American Geophysical Union (AGU),Peer-reviewed journal article,Magnus Fagernes Ivarsen; Jean-Pierre St-Maurice; Devin Ray Huyghebaert; Megan D. Gillies; Frank Lind; Brian Pitzel; Glenn C. Hussey,TREx; ICEBEAR,partially_verified,1,2
10.1029/2024ja033082,Auroral Energy Deposition and Conductance During the 2013 St. Patrick's Day Storm: Meso‐Scale Contributions,2025,Journal of Geophysical Research: Space Physics,American Geophysical Union (AGU),Peer-reviewed journal article,Christine Gabrielse; Yukitoshi Nishimura; James H. Hecht; M. W. Chen; Stephen R. Kaeppler; D. Megan Gillies; Yue Deng; Emma Spanswick; Eric Donovan; J. Scott Evans; L. R. Lyons,THEMIS ASI,unverified,0,1
10.1029/2024ja033086,Investigating the Spatiotemporal Development of Substorm Expansion Phase Aurora: Successive Onsets or Poleward Boundary Intensifications?,2024,Journal of Geophysical Research: Space Physics,American Geophysical Union (AGU),Peer-reviewed journal article,Sneha Yadav; Larry R. Lyons; Yukitoshi Nishimura; Jiang Liu; Sheng Tian; Ying Zou; Eric F. Donovan,THEMIS ASI; AUTUMNX; CARISMA,unverified,0,3
10.1029/2024ja033125,(Un)Explained EMIC Waves: Understanding Quiet Time EMIC Wave Drivers,2025,Journal of Geophysical Research: Space Physics,American Geophysical Union (AGU),Peer-reviewed journal article,B. Remya; Alexa Jean Halford; S. J. Noh; Philip A. Fernandes; B. Grison; Dedong Wang; J. Himmelsbach; T. Esman; D. B. Graham; David G. Sibeck; Tero Raita; A. P. Dimri,CARISMA,unverified,0,1
10.1029/2024ja033136,Rapid Transport of Energetic Electrons to Low L $L$‐Shells: The Key Role of Electric Fields,2024,Journal of Geophysical Research: Space Physics,American Geophysical Union (AGU),Peer-reviewed journal article,Anton Artemyev; Yukitoshi Nishimura; Vassilis Angelopoulos; Xiao-Jia Zhang; Jacob Bortnik,SuperDARN,unverified,0,1
10.1029/2024ja033179,THEMIS Observations of Relativistic Electrons at the Nightside Transition Region During HILDCAA Events,2025,Journal of Geophysical Research: Space Physics,American Geophysical Union (AGU),Peer-reviewed journal article,Andrei Runov; V. Angelopoulos; Anton V. Artemyev; Joachim Birn; Mark J. Engebretson; James Michael Weygand; Zhonghua Xu,AUTUMNX,unverified,0,1
10.1029/2024ja033192,Total Electron Content Variations During an HSS/SIR‐Driven Geomagnetic Storm at High and Mid Latitudes,2024,Journal of Geophysical Research: Space Physics,American Geophysical Union (AGU),Peer-reviewed journal article,G. P. Geethakumari; A. T. Aikio; Lei Cai; Heikki Vanhamäki; I. I. Virtanen; A. Coster; A. Marchaudon; P.-L. Blelly; A. Maute; J. Norberg; S. Oyama; Y. Zhang; Bharat S. R. Kunduri,SuperDARN,unverified,0,1
10.1029/2024ja033226,The Curvature of TEC as a Proxy for Ionospheric Amplitude Scintillation,2024,Journal of Geophysical Research: Space Physics,American Geophysical Union (AGU),Peer-reviewed journal article,Karim Meziane; Abdelhaq M. Hamza; Periyadan T. Jayachandran,CHAIN,unverified,0,1
10.1029/2024ja033239,Investigation of the Fresnel Scale From Ionospheric Scintillation Spectra,2025,Journal of Geophysical Research: Space Physics,American Geophysical Union (AGU),Peer-reviewed journal article,Kaili Song; Karim Meziane; Abdelhaq M. Hamza; Periyadan T. Jayachandran,CHAIN,unverified,0,1
10.1029/2024ja033253,Reliability of Matching AMPERE Field‐Aligned Current Boundaries With SuperDARN Lower Latitude Ionospheric Convection Boundaries During Geomagnetic Storms,2025,Journal of Geophysical Research: Space Physics,American Geophysical Union (AGU),Peer-reviewed journal article,M.-T. Walach; Alexandra R. Fogg; J. C. Coxon; Adrian Grocott; S. E. Milan; H. K. Sangha; Kathryn A. McWilliams; Sarah K. Vines; Mark Lester; Brian J. Anderson,SuperDARN,unverified,0,1
10.1029/2024ja033303,Are Supersubstorms Substorms? Extreme Nightside Auroral Electrojet Activities During the May 2024 Geomagnetic Storm,2025,Journal of Geophysical Research: Space Physics,American Geophysical Union (AGU),Peer-reviewed journal article,Ying Zou; Shin Ohtani; Jesper W. Gjerloev; Brian J. Anderson; Colin L. Waters; Chih-Ping Wang; Jun Liang; Larry L. Lyons; Asti Bhatt,TREx,verified,1,1
10.1029/2024ja033345,"Subauroral TEC Enhancement, GNSS Scintillation, and Positioning Error During STEVE",2024,Journal of Geophysical Research: Space Physics,American Geophysical Union (AGU),Peer-reviewed journal article,R. H. Chen; Yukitoshi Nishimura; W. Liao; J. L. Semeter; Matthew David Zettergren; Eric F. Donovan; V. Angelopoulos,THEMIS ASI,unverified,0,1
10.1029/2024ja033349,A “Wave‐Like” Evolution of Polar Cap Patches Modulated by Enhanced Magnetopause Reconnection and Extended Magnetotail Reconnection,2024,Journal of Geophysical Research: Space Physics,American Geophysical Union (AGU),Peer-reviewed journal article,Duan Zhang; Q.-H. Zhang; Kjellmar Oksavik; B.-B. Tang; Y.-L. Zhang; M. Lockwood; John C. Foster; S.-R. Zhang; Larry R. Lyons; Z.-Y. Xing; Yong Wang; Y.-Z. Ma,SuperDARN,unverified,0,1
10.1029/2024ja033366,Effects of High‐Latitude Input on Neutral Wind Structure and Forcing During the 17 March 2013 Storm,2025,Journal of Geophysical Research: Space Physics,American Geophysical Union (AGU),Peer-reviewed journal article,Katherine Davidson; Gang Lu; Mark Conde,SuperDARN,unverified,0,1
10.1029/2024ja033392,Controlling Factors of the Local Time Extent of Magnetopause Reconnection: A Statistical Study,2025,Journal of Geophysical Research: Space Physics,American Geophysical Union (AGU),Peer-reviewed journal article,Krishna Khanal; Ying Zou; Xueling Shi; Gary Zank; J. Michael Ruohoniemi; Kathryn McWilliams,SuperDARN_CA; SuperDARN,unverified,0,2
10.1029/2024ja033452,Statistical Characterization of Joule Heating Associated With Ionospheric ULF Perturbations Using SuperDARN Data,2025,Journal of Geophysical Research: Space Physics,American Geophysical Union (AGU),Peer-reviewed journal article,Xueling Shi; Shibaji Chakraborty; Joseph Benjamin Harold Baker; Michael D. Hartinger; Wenbin Wang; J. Michael Ruohoniemi; Dong Lin; William Lotko; Kevin Sterne; Kathryn A. McWilliams,SuperDARN,unverified,0,1
10.1029/2024ja033468,Magnetosheath Control of the Cross Polar Cap Potential: Correcting for Measurement Uncertainty in Space Weather,2025,Journal of Geophysical Research: Space Physics,American Geophysical Union (AGU),Peer-reviewed journal article,C. O.'Brien; Brian M. Walsh; Evan G. Thomas,SuperDARN,unverified,0,1
10.1029/2024ja033476,Periodic Aurora Arcs Modulated by Localized ULF Waves: Ground‐Based and Spaceborne Observations,2026,Journal of Geophysical Research: Space Physics,American Geophysical Union (AGU),Peer-reviewed journal article,Xing-Xin Zhao; Q.-G. Zong; J. J. Liu; Chao Yue; X.-Z. Zhou; Y. X. Hao; B. C. Zhang; Z. J. Hu,REGO,unverified,0,1
10.1029/2024ja033547,Relationship Between Each FAC Component and Auroral Electron Precipitation During Substorms,2025,Journal of Geophysical Research: Space Physics,American Geophysical Union (AGU),Peer-reviewed journal article,B. H. Qu; J. Y. Lu; Zhi-wei Wang; J. J. Liu; Ming Wang; J. Y. Li; H. Zhang,SuperDARN_CA; SuperDARN,unverified,0,2
10.1029/2024ja033554,Investigation of the May 2024 Solar Storm Through EUHFORIA/Gorgon‐Space Simulations and Global SuperDARN Observations,2025,Journal of Geophysical Research: Space Physics,American Geophysical Union (AGU),Peer-reviewed journal article,Somaiyeh Sabri; Alireza Mahmoudian; Stefaan Poedts,SuperDARN,unverified,0,1
10.1029/2024ja033574,Midlatitude Neutral Wind Response During the Mother's Day Super‐Intense Geomagnetic Storm in 2024 Using Observations From the Chinese Meridian Project,2025,Journal of Geophysical Research: Space Physics,American Geophysical Union (AGU),Peer-reviewed journal article,Xin Wang; Ercha Aa; Yanhong Chen; Jiaojiao Zhang; Yajun Zhu; Lei Cai; Xian Lu; Bingxian Luo; Siqing Liu; Ming Li; Hua Shen; Tianjiao Yuan,SuperDARN,unverified,0,1
10.1029/2024ja033626,Low‐Cost Monitoring of Energetic Particle Precipitation: Weather Balloon‐Borne Timepix Measurements During the May 2024 Superstorm,2025,Journal of Geophysical Research: Space Physics,American Geophysical Union (AGU),Peer-reviewed journal article,Leon Olifer; P. Manavalan; D. Headrick; S. Palmers; B. Harbarenko; J. Cai; J. Fourie; O. Bauer; Ian. R. Mann,CARISMA; GO_RIO,unverified,0,2
10.1029/2024ja033631,Investigation of Thermospheric Horizontal and Vertical Neutral Winds via Tristatic Observations Over Alaska,2025,Journal of Geophysical Research: Space Physics,American Geophysical Union (AGU),Peer-reviewed journal article,M. J. Kim; Yukitoshi Nishimura; Yue Deng; Cheng Sheng; L. R. Lyons; M. G. Conde,THEMIS ASI,unverified,0,1
10.1029/2024ja033647,"Excitation of Storm‐Time Pc5 ULF Waves During the 22 July 2009 Storm: Comparison of GOES, Ground Observations, and GEMSIS Coupled Simulation",2025,Journal of Geophysical Research: Space Physics,American Geophysical Union (AGU),Peer-reviewed journal article,Tomotsugu Yamakawa; Kanako Seki; Yoshizumi Miyoshi; Aoi Nakamizo; Kazuhiro Yamamoto,CARISMA,unverified,0,1
10.1029/2024ja033691,"Ground Magnetic Response to an Extraordinary IMF
                    <i>B</i>
                    <sub>
                      <i>Y</i>
                    </sub>
                    Flip During the May 2024 Storm: Travel Time From the Magnetosheath to Dayside High Latitudes",2025,Journal of Geophysical Research: Space Physics,American Geophysical Union (AGU),Peer-reviewed journal article,S. Ohtani; Ying Zou; Viacheslav G. Merkin; Michael Wiltberger; K. H. Pham; Savvas Raptis; Matt Friel; Jesper W. Gjerloev,CARISMA,unverified,0,1
10.1029/2024jh000292,Automatic Detection and Classification of Aurora in THEMIS All‐Sky Images,2024,Journal of Geophysical Research: Machine Learning and Computation,American Geophysical Union (AGU),Peer-reviewed journal article,Jeremiah William Johnson; Doğacan Su Öztürk; Donald Hampton; Hyunju Kim Connor; Matthew Blandin; Amy Keesee,THEMIS ASI,unverified,0,1
10.1029/2024jh000298,Categorizing Characteristic Regions of High‐Latitude Scintillations Using a Combination of Isolation Forest and Neural Network Machine Learning Algorithms,2026,Journal of Geophysical Research: Machine Learning and Computation,American Geophysical Union (AGU),Peer-reviewed journal article,Chintan Thakrar; Nicolas Gachancipa; Kshitija Deshpande; Anna-Marie Bals; Larry Paxton,CHAIN,unverified,0,1
10.1029/2024jh000499,Classification of High‐Latitude Source Region‐Based Ionospheric Scintillation Signatures Using Machine Learning,2025,Journal of Geophysical Research: Machine Learning and Computation,American Geophysical Union (AGU),Peer-reviewed journal article,Marie Bals; Kshitija Bharat Deshpande; Shantanab Debchoudhury; Rayan Imam; Larry J. Paxton,CHAIN,unverified,0,1
10.1029/2024rs007951,Examining the Power Law Relationship Between Absorption and Frequency Using Spectral Riometer Data,2025,Radio Science,American Geophysical Union (AGU),Peer-reviewed journal article,Robyn A. D. Fiori; Antti Kero; Robert Gillies; Taylor G. Cameron; Christopher Cully; Reihaneh Ghaffari,CHAIN; ECHAIM,unverified,0,2
10.1029/2024rs007957,Multi‐Frequency SuperDARN Interferometer Calibration,2024,Radio Science,American Geophysical Union (AGU),Peer-reviewed journal article,Evan G. Thomas; S. G. Shepherd; Gareth Chisham,SuperDARN_CA; SuperDARN,unverified,0,2
10.1029/2024rs008084,Application of SuperDARN Interferometry for Improved Estimates of Doppler Velocity and Echo Geolocation,2025,Radio Science,American Geophysical Union (AGU),Peer-reviewed journal article,P. Ponomarenko; Mehdi Ghalamkarian Nejad; A. V. Koustov,RISR-C; SuperDARN_CA; SuperDARN,unverified,0,3
10.1029/2024sw003894,Using a Differential Magnetometer Technique to Measure Geomagnetically Induced Currents: An Augmented Approach,2024,Space Weather,American Geophysical Union (AGU),Peer-reviewed journal article,Hannah G. Parry; Ian. R. Mann; Andy Kale; David K. Milling; Colin Clark; Ryan Cui; Darcy Cordell; Martyn J. Unsworth,CARISMA,unverified,0,1
10.1029/2024sw003916,On the Use of SuperDARN Ground Backscatter Measurements for Ionospheric Propagation Model Validation,2024,Space Weather,American Geophysical Union (AGU),Peer-reviewed journal article,Joshua J. Ruck; David Russel Themens; Pasha Ponomarenko; Angeline Gail Burrell; Bharat Kunduri; J. Michael Ruohoniemi; Sean Elvidge,ECHAIM; CHAIN; SuperDARN,partially_verified,1,3
10.1029/2024sw003933,Data Assimilation of Ion Drift Measurements for Estimation of Ionospheric Plasma Drivers,2024,Space Weather,American Geophysical Union (AGU),Peer-reviewed journal article,Jiahui Hu; Sarah McDonald; Alex Chartier; Aurora López Rubio; Seebany Datta-Barua,SuperDARN_CA; SuperDARN,unverified,0,2
10.1029/2024sw003946,Time‐Lagged Effects of Ionospheric Response to Severe Geomagnetic Storms on GNSS Kinematic Precise Point Positioning,2024,Space Weather,American Geophysical Union (AGU),Peer-reviewed journal article,Zhe Yang; Y. T. Jade Morton,CHAIN,unverified,0,1
10.1029/2024sw003980,What Drove the GICs &gt;10 A During the 17 March 2013 Event at Mäntsälä? A Novel Framework for Distinguishing the Magnetospheric Sources,2024,Space Weather,American Geophysical Union (AGU),Peer-reviewed journal article,Bhagyashree Waghule; Delores J. Knipp; Jennifer L. Gannon; Daniel Billet; Sarah K. Vines; Jerry Goldstein,SuperDARN_CA; SuperDARN,unverified,0,2
10.1029/2024sw004023,Intercomparison of Model Determinations of Auroral Electrodynamic Parameters,2025,Space Weather,American Geophysical Union (AGU),Peer-reviewed journal article,Dibyendu Sur; Robert Robinson; Katherine Garcia-Sage,SuperDARN,unverified,0,1
10.1029/2024sw004046,Multi‐Scale Intense Geoelectric and Geomagnetic Field Perturbations Observed After an Interplanetary Magnetic Field Turning,2025,Space Weather,American Geophysical Union (AGU),Peer-reviewed journal article,Xueling Shi; Michael D. Hartinger; Ying Zou; E. Joshua Rigler; James Michael Weygand; Anna Kelbert; Greg M. Lucas; Joseph Benjamin Harold Baker; Vassilis Angelopoulos,THEMIS ASI; AUTUMNX,partially_verified,1,2
10.1029/2024sw004108,The Growth and Decay of Intense GNSS Amplitude and Phase Scintillation During Non‐Storm Conditions,2024,Space Weather,American Geophysical Union (AGU),Peer-reviewed journal article,Mahith Madhanakumar; Andres Spicher; Juha Vierinen; Kjellmar Oksavik; Anthea J. Coster; Devin Ray Huyghebaert; Carley J. Martin; Ingemar Häggström; Larry J. Paxton,SuperDARN,unverified,0,1
10.1029/2024sw004131,Development of the Chinese Dual Auroral Radar Network and Preliminary Results,2024,Space Weather,American Geophysical Union (AGU),Peer-reviewed journal article,Jiaojiao Zhang; Ailan Lan; Jingye Yan; Xiang Deng; Wei Wang; Hang Li; Lingchen Sun; Ying; Xiaochao Song; Chi Wang,SuperDARN,unverified,0,1
10.1029/2024sw004139,Modeling the Time‐Variability of the Ionospheric Electric Potential (TiVIE),2025,Space Weather,American Geophysical Union (AGU),Peer-reviewed journal article,M.-T. Walach; Adrian Grocott,SuperDARN,unverified,0,1
10.1029/2024sw004194,EclipseNB: A Network of Low‐Cost GNSS Receivers to Study the Ionosphere,2025,Space Weather,American Geophysical Union (AGU),Peer-reviewed journal article,Anton Kashcheyev; Bruno Nava; C. Watson; Periyadan T. Jayachandran; Richard B. Langley,CHAIN,unverified,0,1
10.1029/2024sw004245,Unveiling Ionospheric Response to the May 2024 Superstorm With Low‐Earth‐Orbit Satellite Observations,2025,Space Weather,American Geophysical Union (AGU),Peer-reviewed journal article,Irina Zakharenkova; Iurii Cherniak; John J. Braun; Jan-Peter Weiss; Qian Wu; Teresa VanHove; Douglas Hunt; Maggie Sleziak-Sallee,CHAIN,unverified,0,1
10.1029/2024sw004305,"Long‐Term Peak Geoelectric Field Behavior for Space Weather Hazard Assessment in Alberta, Canada Using Geomagnetic and Magnetotelluric Measurements",2025,Space Weather,American Geophysical Union (AGU),Peer-reviewed journal article,Darcy Cordell; Ian. R. Mann; Stavros Dimitrakoudis; Hannah Parry; Martyn J. Unsworth,CARISMA,unverified,0,1
10.1029/2025ea004537,Dataset of Quiet Space Weather Periods for Ionospheric Studies,2026,Earth and Space Science,American Geophysical Union (AGU),Peer-reviewed journal article,Šimon Mackovjak; Silvia Kostárová; Jaroslav Chum; Carsten Schmidt; Patrick Hannawald; Sabine Wüst; Lisa Küchelbacher; Vladimír Truhlík; Petra Koucká Knížová; Jaroslav Urbář; Lukáš Randuška; Filip Štempel; Ján Kubančák,CHAIN,unverified,0,1
10.1029/2025ea004673,"Strong Polar Ionospheric Electron Density Depletion Under Prolonged Northward IMF
                    <i>B</i>
                    <sub>
                      <i>z</i>
                    </sub>
                    Condition",2026,Earth and Space Science,American Geophysical Union (AGU),Peer-reviewed journal article,Tianyu Cao; Yifan Lu; Jing Liu; Shuhan Li,SuperDARN,unverified,0,1
10.1029/2025gl115265,The Impact of Adaptive High‐Latitude Coordinates,2025,Geophysical Research Letters,American Geophysical Union (AGU),Peer-reviewed journal article,Gareth Chisham; Angeline Gail Burrell; Kate A. Zawdie,SuperDARN_CA; SuperDARN,unverified,0,2
10.1029/2025gl116477,On the Spatial Relationship Between the Aurora and Relativistic Electron Precipitation During a Storm‐Time Substorm,2025,Geophysical Research Letters,American Geophysical Union (AGU),Peer-reviewed journal article,Mykhaylo Shumko; Anton Artemyev; Savvas Raptis; Ying Zou; Drew L. Turner; Aleksandr Y. Ukhorskiy; Christine Gabrielse; Grant K. Stephens; Ian James Cohen; Colin Wilkins; Ethan Tsai; S. Ohtani; B. Gallardo-Lacourt; Kareem Sorathia; V. Sergeev; Jesper W. Gjerloev; Eric Donovan; Emma Spanswick; V. Angelopoulos; Allison N. Jaynes,THEMIS ASI; TREx; SEC/OTHER,unverified,0,3
10.1029/2025gl116516,Streamer‐Like Red Line Diffuse Auroras Driven by Time Domain Structures Associated With Electron Injection and Braking Ion Flows,2025,Geophysical Research Letters,American Geophysical Union (AGU),Peer-reviewed journal article,Yangyang Shen; Xu Zhang; Jun Liang; Anton Artemyev; Vassilis Angelopoulos; Emma Spanswick; Larry Lyons; Yukitoshi Nishimura,REGO; THEMIS ASI; TREx; GO STORM MSP,partially_verified,1,4
10.1029/2025gl116865,The Substorms of 26 February 2008: A Data‐Mining Perspective,2025,Geophysical Research Letters,American Geophysical Union (AGU),Peer-reviewed journal article,Mikhail I. Sitnov; Grant K. Stephens; Tetsuo Motoba; Nikolai A. Tsyganenko,THEMIS ASI,unverified,0,1
10.1029/2025gl117032,Strong Westward Current Pulse at Auroral Latitudes Extending to Dawn‐Side Low‐Latitudes Due To Enhanced Density Within Kelvin‐Helmholtz Wave Vortex in Solar Wind,2025,Geophysical Research Letters,American Geophysical Union (AGU),Peer-reviewed journal article,B. Nilam; S. Tulasi Ram; Denny M. Oliveira; B. Remya; Kazuo Shiokawa; Deeksha Rai; David Sibeck; A. P. Dimri,SuperDARN_CA; SuperDARN,unverified,0,2
10.1029/2025gl117469,Direct Radiation Belt Injections and Their Auroral Counterparts,2025,Geophysical Research Letters,American Geophysical Union (AGU),Peer-reviewed journal article,K. A. Sorathia; Mykhaylo Shumko; Jun Liang; H. Arnold; G. Sinha; Viacheslav G. Merkin; A. Sciola; A. Michael; Dong Lin; S. Bao; Y. Pan; J. Garretson; D. Turner; Aleksandr Y. Ukhorskiy,REGO; THEMIS ASI,unverified,0,2
10.1029/2025gl117683,Extreme Magnetopause Deformation Induced by High‐Speed Jet From Foreshock Transient,2025,Geophysical Research Letters,American Geophysical Union (AGU),Peer-reviewed journal article,Hyangpyo Kim; Rumi Nakamura; Niklas Grimmich; Adriana Settino; Kyoung-Joo Hwang; Jaeheung Park; Zoltán Vörös; Cyril Simon Wedlund; Kathryn A. McWilliams,SuperDARN_CA; SuperDARN; CARISMA,unverified,0,3
10.1029/2025gl118589,On Energetic Electron Precipitation in Auroral Arcs,2025,Geophysical Research Letters,American Geophysical Union (AGU),Peer-reviewed journal article,Anton Artemyev; Yukitoshi Nishimura; Xiao-Jia Zhang; Vassilis Angelopoulos,REGO; THEMIS ASI; TREx,unverified,0,3
10.1029/2025gl118616,Plasma Conditions Govern the Reversible Transition Between STEVE and Picket Fence Emissions,2026,Geophysical Research Letters,American Geophysical Union (AGU),Peer-reviewed journal article,Jinghan Wang; Jing Liu; Jun Liang; Shuhan Li,REGO; THEMIS ASI; TREx; SEC/OTHER,partially_verified,1,4
10.1029/2025gl119179,Two‐Dimensional Motions of Diffuse Auroral Patches Under Upstream Dynamic Pressure Enhancements of the Bow Shock,2025,Geophysical Research Letters,American Geophysical Union (AGU),Peer-reviewed journal article,Xinyu Xu; Boyi Wang; Yukitoshi Nishimura; Yusuke Ebihara; Yuda Zhi; Yi Wang; Xueshang Feng,THEMIS ASI,unverified,0,1
10.1029/2025gl119267,Bridging the Gap Between the Earth's Ionosphere and Plasmasphere,2025,Geophysical Research Letters,American Geophysical Union (AGU),Peer-reviewed journal article,Artem Smirnov; Yuri Shprits; Hermann Lühr; Elena A. Kronberg; Jerry Goldstein; Yoshizumi Miyoshi; Fabricio Prol; Alessio Pignalberi; Natalia Buzulukova; Nicholas Pedatella; Bernhard Haas; Dedong Wang; Yoshiya Kasahara; Fuminori Tsuchiya; Shoya Matsuda; Atsuki Shinbori; Ayako Matsuoka,ECHAIM; CHAIN,unverified,0,2
10.1029/2025gl119529,Differences in Ultra‐Low‐Frequency Waves Associated With Dipolarization in the Near‐Earth Magnetotail Between Substorms and Pseudosubstorms,2026,Geophysical Research Letters,American Geophysical Union (AGU),Peer-reviewed journal article,Kanpatom Kasonsuwan; Yukinaga Miyashita; Suwicha Wannawichian,THEMIS ASI,unverified,0,1
10.1029/2025gl119629,Solar‐Wind Triggering of Substorm Onset During the May 2024 Superstorm: Coordinated Global Observations and Simulations,2026,Geophysical Research Letters,American Geophysical Union (AGU),Peer-reviewed journal article,Yong Ren; Minghui Zhu; Lei Dai; Walter Gonzalez; Shan Wang; Chi Wang; C. Philippe Escoubet; Jiaojiao Zhang; Qiugang Zong,SuperDARN,unverified,0,1
10.1029/2025gl119766,Resonant Vibrational Excitation and Overtone Vibrational Emissions of Nitric Oxide (NO) in Sub‐Auroral Ion Drift (SAID) Region: A Source of STEVE Continuum Emission,2026,Geophysical Research Letters,American Geophysical Union (AGU),Peer-reviewed journal article,Andrew W. Yau; Andrew David Howarth; William K. Peterson,REGO; THEMIS ASI,unverified,0,2
10.1029/2025gl119914,Dawn‐Side Anomaly in Sudden Geomagnetic Field Responses to Solar Wind Pressure Discontinuities During the 10 May and 10 October 2024 Geomagnetic Storms,2026,Geophysical Research Letters,American Geophysical Union (AGU),Peer-reviewed journal article,Deeksha Rai; S. Tulasi Ram; B. Nilam; Denny M. Oliveira; B. Remya; Anil Raghav; D. Chakrabarty; Abhishek Kumar; Shivam Parashar; Vipin K. Yadav; A. P. Dimri,SuperDARN_CA; SuperDARN,unverified,0,2
10.1029/2025gl120760,Observations of High‐Resolution Two‐Dimensional Ionospheric Flow Dynamics Associated With Poleward Boundary Intensifications,2026,Geophysical Research Letters,American Geophysical Union (AGU),Peer-reviewed journal article,Katherine Davidson; Yukitoshi Nishimura; Larry Lyons; Eric Donovan; Vassilis Angelopoulos; Nozomu Nishitani,THEMIS ASI; SuperDARN,unverified,0,2
10.1029/2025gl120891,Comparative Analysis of the Primary Drivers of Plasma Sheet Electron Precipitation,2026,Geophysical Research Letters,American Geophysical Union (AGU),Peer-reviewed journal article,Xiao-Jia Zhang; Anton Artemyev,REGO,unverified,0,1
10.1029/2025ja033709,On Detection of Super Equatorial Plasma Bubbles in the American Sector During the 10–11 October 2024 Geomagnetic Storm,2025,Journal of Geophysical Research: Space Physics,American Geophysical Union (AGU),Peer-reviewed journal article,Irina Zakharenkova; Iurii Cherniak; Andrzej Krankowski; Cesar E. Valladares; Cesar De La Jara Sanchez,CHAIN,unverified,0,1
10.1029/2025ja033755,Multi‐Point Satellites Observed Dawnside Subauroral Polarization Streams (SAPS) Developed on a Short Timescale Under Weak‐Storm and Non‐Storm Substorm Conditions,2025,Journal of Geophysical Research: Space Physics,American Geophysical Union (AGU),Peer-reviewed journal article,Ildiko Horvath; Brian C. Lovell,SuperDARN_CA; SuperDARN,unverified,0,2
10.1029/2025ja033767,Variations in the Thermosphere During the 2018 SSW Event at Beijing and Wuhan,2025,Journal of Geophysical Research: Space Physics,American Geophysical Union (AGU),Peer-reviewed journal article,Shaoyang Li; Zhipeng Ren; Tingting Yu; Guozhu Li; Xinan Yue; Libo Liu; Yong Wei; Xing Li,CHAIN,unverified,0,1
10.1029/2025ja033769,IMAGE Satellite and Ground‐Based Magnetometer Observations of Large Geomagnetic Disturbances and Rapid Variations in Ionospheric and Vertical Currents,2025,Journal of Geophysical Research: Space Physics,American Geophysical Union (AGU),Peer-reviewed journal article,Mark J. Engebretson; Stephen B. Mende; James Michael Weygand; Ethiopia H. Kebede; Jesus A. Ochoa; Sheng Tian; Erik S. Steinmetz; Mark B. Moldwin; Michael D. Hartinger; Chigomezyo M. Ngwira; Jesper W. Gjerloev,THEMIS ASI; CARISMA,unverified,0,2
10.1029/2025ja033770,Transition Between Substorm Auroral Onset and Expansion Phase Activity,2025,Journal of Geophysical Research: Space Physics,American Geophysical Union (AGU),Peer-reviewed journal article,Yukitoshi Nishimura; L. R. Lyons; Christine Gabrielse; Eric F. Donovan; V. Angelopoulos,THEMIS ASI,unverified,0,1
10.1029/2025ja033792,Magnetosheath Jet‐Triggered ULF Waves: Energy Deposition in the Ionosphere,2025,Journal of Geophysical Research: Space Physics,American Geophysical Union (AGU),Peer-reviewed journal article,E. Krämer; M. Hamrin; H. Gunell; Lisa Baddeley; Noora Partamies; Savvas Raptis; Katie Herlingshaw; Audrey Schillings,SuperDARN_CA; SuperDARN,unverified,0,2
10.1029/2025ja033814,The Propagation and Evolution of Polar Cap Patches During Auroral Substorm Activity,2025,Journal of Geophysical Research: Space Physics,American Geophysical Union (AGU),Peer-reviewed journal article,Jianjun Liu; Yaqi Jin; Xiangcai Chen; Zhiwei Wang; Fang He; Zejun Hu; Akira Sessai Yukimatu; William Bristow; Hongqiao Hu; Beichen Zhang,SuperDARN,unverified,0,1
10.1029/2025ja033818,Mesoscale Ionospheric Structures and Very Large Geomagnetic Disturbances at High Latitudes,2025,Journal of Geophysical Research: Space Physics,American Geophysical Union (AGU),Peer-reviewed journal article,Mark J. Engebretson; James Michael Weygand; Yukitoshi Nishimura; Mark B. Moldwin; Erik S. Steinmetz; Jesus A. Ochoa; Vyacheslav A. Pilipenko; Jesper Gjerloev,AUTUMNX; CARISMA,partially_verified,1,2
10.1029/2025ja033824,Solar Flare‐Induced Gradient Drift Instability Observed by SuperDARN HF Radars,2025,Journal of Geophysical Research: Space Physics,American Geophysical Union (AGU),Peer-reviewed journal article,S. Chakraborty; Nozomu Nishitani; X. Shi; P. Ponomarenko; J. M. Ruohoniemi; Joseph Benjamin Harold Baker; A. J. Coster; Ingemar Häggström,SuperDARN_CA; SuperDARN,unverified,0,2
10.1029/2025ja033860,Dawn‐Dusk Morphology of Auroral Arcs in Substorm Growth Phase,2025,Journal of Geophysical Research: Space Physics,American Geophysical Union (AGU),Peer-reviewed journal article,Zepeng Liu; San Lu; Yukitoshi Nishimura; Quanming Lu; Boyi Wang; Yuzhang Ma; Zhibo Zhang; Rongsheng Wang; Rajkumar Hajra; Sergey Apatenkov; E. Grigorenko; Anton V. Artemyev; V. Angelopoulos,THEMIS ASI; CARISMA,unverified,0,2
10.1029/2025ja033939,Reduction of High Latitude Ionospheric Electron Density by the Impact of Negative Solar Wind Pressure Pulse During the Geomagnetic Storm of 23 March 2023,2025,Journal of Geophysical Research: Space Physics,American Geophysical Union (AGU),Peer-reviewed journal article,Geetashree Kakoti; Mala S. Bagiya; Geeta Vichare; Kazuo Shiokawa; P. R. Shreedevi; Nozomu Nishitani; Yuichi Otsuka; Atsuki Shinbori; Michi Nishioka; Septi Perwitasari,SuperDARN,unverified,0,1
10.1029/2025ja033978,Medium Scale Traveling Ionospheric Disturbances Observed by the SuperDARN Radars Located in the Asian Mid‐Latitude,2025,Journal of Geophysical Research: Space Physics,American Geophysical Union (AGU),Peer-reviewed journal article,Hang Li; Jiaojiao Zhang; Wei Wang; Longchang Sun; Jiyao Xu; Xiang Deng; Ailan Lan; Jingye Yan; Nozomu Nishitani; Chi Wang,SuperDARN,unverified,0,1
10.1029/2025ja033987,Inner Magnetospheric and Geomagnetic Responses to Solar Wind Driving During Omega Band Events,2025,Journal of Geophysical Research: Space Physics,American Geophysical Union (AGU),Peer-reviewed journal article,Vivian Cribb; Tuija I. Pulkkinen; L. Kepko; B. Gallardo-Lacourt; Noora Partamies; M. Vokhmyanin; Sergey Apatenkov,THEMIS ASI,unverified,0,1
10.1029/2025ja033999,Intense Dynamic Optical Auroral Sub‐Structure as a Proxy for Ionospheric Density Irregularities,2025,Journal of Geophysical Research: Space Physics,American Geophysical Union (AGU),Peer-reviewed journal article,N. Brindley; Mahith Madhanakumar; Andres Spicher; Daniel Whiter; Kjellmar Oksavik; Yasunobu Ogawa,SuperDARN,unverified,0,1
10.1029/2025ja034033,A New Approach to Data‐Model Comparisons: Using MAGE and Lompe to Unravel Ionosphere‐Magnetosphere Electrodynamics,2025,Journal of Geophysical Research: Space Physics,American Geophysical Union (AGU),Peer-reviewed journal article,S. Gasparini; L. Kepko; K. A. Sorathia; A. Michael; Viacheslav G. Merkin; Karl M. Laundal; C. Norgren,SuperDARN,unverified,0,1
10.1029/2025ja034044,Periodic Density Structures Around the Plasmaspheric Plume Boundary and Their Association With ULF Waves,2025,Journal of Geophysical Research: Space Physics,American Geophysical Union (AGU),Peer-reviewed journal article,Ting-Yan Xiang; Jie Ren; Qiu-Gang Zong; Zi-Jian Feng; Xin-Yu Ai,CARISMA,unverified,0,1
10.1029/2025ja034161,Strong Substorm Development From Polar‐Cap Arc Laydown Along the Auroral Poleward Boundary,2025,Journal of Geophysical Research: Space Physics,American Geophysical Union (AGU),Peer-reviewed journal article,Larry R. Lyons; Yukitoshi Nishimura; Jiang Liu; Sneha Yadav; Ying Zou; William. A. Bristow; Eric Donovan; Nozomu Nishitani; Kazuo Shiokawa; Keisuke Hosokawa,THEMIS ASI; SuperDARN,unverified,0,2
10.1029/2025ja034186,Multi‐Instrument Observations of the Relationships Between Polar Cap Patches and Arcs for Changing IMF Bz Orientation,2025,Journal of Geophysical Research: Space Physics,American Geophysical Union (AGU),Peer-reviewed journal article,Duan Zhang; Jin Wang; Kjellmar Oksavik; Qing-He Zhang; Zan-Yang Xing; Xiang-Yu Wang; L. R. Lyons; Jiao-Jiao Zhang; Hui-Gen Yang; Yong Wang; Yu-Zhang Ma; Bian-Long Zhao; Sheng Lu; Zhi-Feng Xiu; Jia-Chen Zhao; Yan-Ju Sun,SuperDARN,unverified,0,1
10.1029/2025ja034211,Morphological Comparison of Standard Scintillation Indices at the Canadian Arctic During a Strong Geomagnetic Storm: A Case Study,2025,Journal of Geophysical Research: Space Physics,American Geophysical Union (AGU),Peer-reviewed journal article,Yong Wang; Periyadan T. Jayachandran; Q.-H. Zhang; Yao Chen; Z.-Y. Xing; Y.-Z. Ma; W. F. Nie; Bian-Long Zhao; J.-C. Sun; S.-R. Zhang; Simon Shepherd; S. Koustov,CHAIN; SuperDARN_CA; SuperDARN,unverified,0,3
10.1029/2025ja034234,A Long‐Term Study of the Variability of Polar Cap Patches Using Advanced Modular Incoherent Scatter Radars (AMISRs),2025,Journal of Geophysical Research: Space Physics,American Geophysical Union (AGU),Peer-reviewed journal article,Olusegun F. Jonah; Leslie Lamarche; Gareth Perry; Taylor Cameron,RISR-C,unverified,0,1
10.1029/2025ja034275,All‐Sky Imager and Geosynchronous Spacecraft Analysis of Nighttime Magnetic Perturbation Events Observed in Arctic Canada,2026,Journal of Geophysical Research: Space Physics,American Geophysical Union (AGU),Peer-reviewed journal article,James Michael Weygand; Mark J. Engebretson; Martin G. Connors; Juan V. Rodriguez,THEMIS ASI; AUTUMNX; CARISMA,partially_verified,1,3
10.1029/2025ja034301,A Time‐Dependent Model of the Vibrational Distribution of Nitrogen Molecules: New Rate Data Sets and Self‐Consistent Coupling With Auroral and Ionospheric Electrons,2025,Journal of Geophysical Research: Space Physics,American Geophysical Union (AGU),Peer-reviewed journal article,Jun Liang; J.-P. St-Maurice; Eric Donovan,TREx,unverified,0,1
10.1029/2025ja034326,Identifying Scales of the Ionospheric Structure Through Scintillation Events,2025,Journal of Geophysical Research: Space Physics,American Geophysical Union (AGU),Peer-reviewed journal article,Karim Meziane; Abdelhaq M. Hamza; Kaili Song; Periyadan T. Jayachandran,CHAIN,unverified,0,1
10.1029/2025ja034329,Multi‐Platform Observations of the Radial Penetration of Substorm Injected Electrons and Subsequent Slot‐Filling Event,2025,Journal of Geophysical Research: Space Physics,American Geophysical Union (AGU),Peer-reviewed journal article,Geoffrey D. Reeves; Jean-Francois Ripoll; Lauren W. Blum; Christopher M. Cully; Christopher A. Colpitts; Mélanie Cosmides; Sadie S. Elliot; Reihaneh Ghaffari; Ashley D. Greeley; Richard B. Horne; Keisuke Hosokawa; Allison N. Jaynes; Yoshi Kasahara; Satoshi Kasahara; Kunihiro Keika; Satoshi Kurita; David M. Malaspina; Adam T. Michael; Robyn M. Millan; Takefumi Mitani; Yoshizumi Miyoshi; Viviane Pierrard; Drew L. Turner; Hilde N. Nesse; Aleksandr Y. Ukhorskiy; Maria E. Usanova; Maria Voskresenskaya; Shoichiro Yokota,Single Beam Riometer; GO_RIO,unverified,0,2
10.1029/2025ja034342,"Omega Bands as a Source of Large d
                    <i>B</i>
                    /d
                    <i>t</i>
                    in the Dawn Sector",2025,Journal of Geophysical Research: Space Physics,American Geophysical Union (AGU),Peer-reviewed journal article,R. M. Hodnett; S. E. Milan; Satonori Nozawa; Tero Raita; Jesper W. Gjerloev; Sarah K. Vines; Larry J. Paxton,SuperDARN,unverified,0,1
10.1029/2025ja034386,Unusual Disturbed Thermospheric Wind Caused by Polar Convection at Mohe During 2025 New Year Storm,2026,Journal of Geophysical Research: Space Physics,American Geophysical Union (AGU),Peer-reviewed journal article,Wenbo Li; Libo Liu; Jiaojiao Zhang; Xiukuan Zhao; Jianfeng Dai; Ruilong Zhang; Yuyan Yang; Bowei Liu; Yiding Chen; Huijun Le,SuperDARN,unverified,0,1
10.1029/2025ja034402,The Evolution of a Polar Cap Patch Into a Blob in the Nightside Ionosphere: Direct Observations of Multiple Blob Formation Mechanisms Acting Simultaneously on the Same Plasma,2026,Journal of Geophysical Research: Space Physics,American Geophysical Union (AGU),Peer-reviewed journal article,Sophie J. Maguire; Alan G. Wood; David Russel Themens; E. M. Henley; S. E. Milan; Yasir Soobiah; Kjellmar Oksavik; Wojciech Jacek Miloch; J. C. Coxon; Magnar G. Johnsen,SuperDARN_CA; SuperDARN,unverified,0,2
10.1029/2025ja034434,Are Cusp‐Aligned Arcs the Equivalent of Auroral Streamers in a Closed Magnetosphere?,2025,Journal of Geophysical Research: Space Physics,American Geophysical Union (AGU),Peer-reviewed journal article,S. E. Milan; M. K. Mooney; Gemma E. Bower; G. Kennedy; X.-Y. Wang; B. Hubert; Marc R. Hairston; Larry J. Paxton,SuperDARN,unverified,0,1
10.1029/2025ja034479,Modeling of Finite Polar Cap Ionospheric Patches: Initialization From Data and F‐Region Evolution,2025,Journal of Geophysical Research: Space Physics,American Geophysical Union (AGU),Peer-reviewed journal article,Mark Redden; Leslie Lamarche; Matthew Zettergren,RISR-C,unverified,0,1
10.1029/2025ja034480,Connection of Equatorward‐Extending Auroral Streamers and Their Ground Magnetic Depressions to Radiation Belt Injections,2025,Journal of Geophysical Research: Space Physics,American Geophysical Union (AGU),Peer-reviewed journal article,Larry R. Lyons; Sneha Yadav; Hee-Jeong Kim; Sheng Tian; Jiang Liu; Yukitoshi Nishimura; Ying Zou; Vassilis Angelopoulos; Eric F. Donovan,THEMIS ASI,unverified,0,1
10.1029/2025ja034495,Ionosphere‐Thermosphere Coupling in the Northern Polar Region During the May 2024 Geomagnetic Superstorm,2026,Journal of Geophysical Research: Space Physics,American Geophysical Union (AGU),Peer-reviewed journal article,Lei Cai; Anita Aikio; G. P. Geethakumari; Heikki Vanhamäki; I. I. Virtanen; Shin-ichiro Oyama; Yongliang Zhang; Jiaojiao Zhang; Marc Hairston,SuperDARN,unverified,0,1
10.1029/2025ja034496,Analytical Model of a Toroidal Mode Field Line Resonance and Its Drift‐Resonant Interaction With Energetic Electrons,2025,Journal of Geophysical Research: Space Physics,American Geophysical Union (AGU),Peer-reviewed journal article,J. Liu; Robert Rankin; A. W. Degeling; Frances Fenrich,CARISMA,unverified,0,1
10.1029/2025ja034517,Analysis of Ionospheric Response to the May 2024 Geomagnetic Superstorm Using Commercial Radio Occultation Satellites and Ground‐Based Instruments,2025,Journal of Geophysical Research: Space Physics,American Geophysical Union (AGU),Peer-reviewed journal article,Hyeyeon Chang; Y. Jade Morton; Jonathan Brandmeyer; David Russel Themens,CHAIN,unverified,0,1
10.1029/2025ja034528,Evolution of the Magnetopause X‐Line Extent and Dayside Convection During IMF Southward Turning,2025,Journal of Geophysical Research: Space Physics,American Geophysical Union (AGU),Peer-reviewed journal article,W. Zhang; Yukitoshi Nishimura; Y. Chen; P. A. Cassak; G. Poh; Nozomu Nishitani,SuperDARN,unverified,0,1
10.1029/2025ja034547,Reconnection and Viscous Control of Dayside Field‐Aligned Currents for Northward Interplanetary Magnetic Field,2025,Journal of Geophysical Research: Space Physics,American Geophysical Union (AGU),Peer-reviewed journal article,S. E. Milan; M. K. Mooney; Gemma E. Bower; G. Kennedy; Brian J. Anderson; Sarah K. Vines; Marc R. Hairston,SuperDARN,unverified,0,1
10.1029/2025ja034553,Investigating Geomagnetic Disturbances in the Expansion Phase of Strong Substorms,2025,Journal of Geophysical Research: Space Physics,American Geophysical Union (AGU),Peer-reviewed journal article,Sanjay Kumar; Mark B. Moldwin; James Michael Weygand; Mark J. Engebretson,AUTUMNX; CARISMA,unverified,0,2
10.1029/2025ja034562,Role of Large‐Scale Traveling Ionospheric Disturbances in the Positive Storm Phase Observed by the Millstone Hill Radar and GNSS TEC Measurements,2026,Journal of Geophysical Research: Space Physics,American Geophysical Union (AGU),Peer-reviewed journal article,G. P. Geethakumari; A. T. Aikio; Lei Cai; Heikki Vanhamäki; I. I. Virtanen; A. Coster; A. Maute; A. Marchaudon; P.-L. Blelly,SuperDARN,unverified,0,1
10.1029/2025ja034565,Outer Radiation Belt Dynamics During the October 2012 Storm Revisited: Rapid Inward Radial Transport From a Dynamic Outer Boundary,2026,Journal of Geophysical Research: Space Physics,American Geophysical Union (AGU),Peer-reviewed journal article,Louis G. Ozeke; Ian. R. Mann; Leon Olifer; S. K. Morley; Harlan E. Spence,AUTUMNX; CARISMA,unverified,0,2
10.1029/2025ja034579,"Relations Between Auroral Streamers, Flows, and Growth Phase Arcs",2026,Journal of Geophysical Research: Space Physics,American Geophysical Union (AGU),Peer-reviewed journal article,Jiayi Zong; Yukitoshi Nishimura; Jian Yang; Larry Lyons; Eric Donovan; Vassilis Angelopoulos; Nozomu Nishitani,THEMIS ASI,unverified,0,1
10.1029/2025ja034648,Statistical Auroral Absorption Model Parameterized by AE Index,2026,Journal of Geophysical Research: Space Physics,American Geophysical Union (AGU),Peer-reviewed journal article,Robyn A. D. Fiori; Taylor G. Cameron; J. Issa; A. Hupé; L. Huang,Single Beam Riometer; GO_RIO,unverified,0,2
10.1029/2025ja034676,A Statistical Survey of F2 Layer Peak Properties in the Polar Cap Ionosphere Observed by RISR‐N,2026,Journal of Geophysical Research: Space Physics,American Geophysical Union (AGU),Peer-reviewed journal article,M. T. Lundquist; Roger. H. Varney,RISR-C; ECHAIM; CHAIN,unverified,0,3
10.1029/2025ja034720,Formation of Continuum Emission Structures Associated With the Aurora,2026,Journal of Geophysical Research: Space Physics,American Geophysical Union (AGU),Peer-reviewed journal article,Josh Houghton; Emma Spanswick; Jun Liang; B. Gallardo-Lacourt,REGO; TREx; SEC/OTHER,partially_verified,2,3
10.1029/2025ja034804,High‐Time‐Resolution Observations of Plasma Convection in the Nightside High‐Latitude Ionosphere,2026,Journal of Geophysical Research: Space Physics,American Geophysical Union (AGU),Peer-reviewed journal article,Yukitoshi Nishimura; L. R. Lyons; Daniel D. Billett; Pavlo V. Ponomarenko; R. A. Rohel; Vincent E. Ledvina; Drew Hamilton; Nozomu Nishitani; Asti Bhatt; Eric F. Donovan; V. Angelopoulos,SuperDARN_CA; SuperDARN,unverified,0,2
10.1029/2025ja034819,"“Caterpillar” ULF Waves in the Dusk Side Sub‐Auroral Region: Conjugate Observations With SuperDARN, Arase and Ground Magnetometers",2026,Journal of Geophysical Research: Space Physics,American Geophysical Union (AGU),Peer-reviewed journal article,Nozomu Nishitani; Keisuke Hosokawa; T. Hori; Mariko Teramoto; Pavlo V. Ponomarenko; Atsuki Shinbori; Yuki Obana; Akira Sessai Yukimatu; Glenn Hussey; Yoshizumi Miyoshi; Ayako Matsuoka; Atsushi Kumamoto; Fuminori Tsuchiya; Shoya Matsuda; Y. Kasahara; Satoko Nakamura; Iku Shinohara; Y. Zhang; Larry Paxton,SuperDARN_CA; SuperDARN,unverified,0,2
10.1029/2025ja034908,ULF Wave Modulation of Energetic Electron Precipitation Caused by the Self‐Limiting of Space Radiation: May 2024 Superstorm Observations,2026,Journal of Geophysical Research: Space Physics,American Geophysical Union (AGU),Peer-reviewed journal article,Leon Olifer; D. Zhou; M. Patel; Ian. R. Mann; M. K. Hudson; A. W. Degeling; C. O. Heinke; G. R. Sivakoff; Andy Kale; Satoshi Kasahara; Shoichiro Yokota; Kunihiro Keika; T. Hori; Takefumi Mitani; Takeshi Takashima; Y. Kasahara; Shoya Matsuda; Atsuki Shinbori; Ayako Matsuoka; Mariko Teramoto; Kazuhiro Yamamoto; Iku Shinohara; Yoshizumi Miyoshi,Single Beam Riometer; GO_RIO,unverified,0,2
10.1029/2025ja034935,Prediction of Arctic Ionospheric Scintillation Using Stacked Machine Learning,2026,Journal of Geophysical Research: Space Physics,American Geophysical Union (AGU),Peer-reviewed journal article,Yu-Hao Zhan; Zan-Yang Xing; Tong Xu; Qing-He Zhang; Yong Wang; Qiu-Ju Yang; Feng Qiao; Yu-Zhang Ma; Sheng Lu; Yu-Lin Fang,CHAIN,unverified,0,1
10.1029/2025ja034968,Joule Heating in the Northern Hemisphere During Geomagnetic Storms Driven by High‐Speed Streams and Coronal Mass Ejections,2026,Journal of Geophysical Research: Space Physics,American Geophysical Union (AGU),Peer-reviewed journal article,Heikki Vanhamäki; M. Pedersen; Anita Aikio; C. Waters; Jesper Gjerloev; Lei Cai; M. Myllymaa; Bharat Kunduri; Kevin Sterne; Sarah Vines; Brian Anderson,SuperDARN,unverified,0,1
10.1029/2025rs008436,Real Heights of SuperDARN F Region Echoes Inferred From Electron Density Measurements by the Rankin Inlet and RISR‐C Radars,2026,Radio Science,American Geophysical Union (AGU),Peer-reviewed journal article,Alexander V. Koustov; Mehdi Ghalamkarian Nejad; Hayden Fast; Pavlo V. Ponomarenko,RISR-C; SuperDARN_CA; SuperDARN,unverified,0,3
10.1029/2025sw004340,A Regional 3‐D Data Assimilation Model for the Ionospheric Electron Density at Middle‐to‐High Latitudes in the Northern Hemisphere,2025,Space Weather,American Geophysical Union (AGU),Peer-reviewed journal article,Ling-Xin Zhao; Qing-He Zhang; Xin-An Yue; Jian-Hui He; Yong Wang; Zan-Yang Xing; Xu Zhou; Yu-Zhang Ma; Periyadan T. Jayachandran; Kjellmar Oksavik; Larry Lyons; Tong Xu; Shu-Ji Sun,CHAIN; ECHAIM; SuperDARN,unverified,0,3
10.1029/2025sw004360,Ionospheric Scintillation Activity Over Canada in 2019–2023 and Its Potential Influence on Wide Area Augmentation System (WAAS) Navigation Services for Aviation,2025,Space Weather,American Geophysical Union (AGU),Peer-reviewed journal article,Lidia Nikitina; Robyn A. D. Fiori; K. Sievers; A. Rynard; Q. Ciardelli,CHAIN,unverified,0,1
10.1029/2025sw004411,Co‐Ordinated Observations of Multi‐Scale Irregularities Using ICEBEAR and GNSS During the May 2024 Superstorm,2025,Space Weather,American Geophysical Union (AGU),Peer-reviewed journal article,Mahith Madhanakumar; Andres Spicher; Devin Ray Huyghebaert; Anton Kashcheyev; Luca Spogli; Kjellmar Oksavik; Magnus Fagernes Ivarsen; Juha Vierinen; Glenn C. Hussey,ICEBEAR; CHAIN,unverified,0,2
10.1029/2025sw004435,Ionospheric Scintillation and Geomagnetic Disturbance Caused by Space Hurricanes,2025,Space Weather,American Geophysical Union (AGU),Peer-reviewed journal article,Sheng Lu; Zan-Yang Xing; Qing-He Zhang; Yong-Liang Zhang; Hui-Gen Yang; Kjellmar Oksavik; L. R. Lyons; Kazuo Shiokawa; Yong Wang; Yu-Zhang Ma; Xiang-Yu Wang; Tong Xu; Shu-Ji Sun; Duan Zhang,CHAIN,unverified,0,1
10.1029/2025sw004472,Thermospheric Density Disturbances During the 2015 St. Patrick's Day Geomagnetic Storm: Model–Observation Comparisons and Analysis of Intense Polar Density Spikes,2025,Space Weather,American Geophysical Union (AGU),Peer-reviewed journal article,E. J. Blanchfield; B. A. Carter; J. L. Currie; James Michael Weygand; G. N. Iles,AUTUMNX; CARISMA,unverified,0,2
10.1029/2025sw004488,Data Assimilation Into a Machine Learning‐Based Emulator of a Global MHD Simulation for Analyzing the Polar Ionosphere,2025,Space Weather,American Geophysical Union (AGU),Peer-reviewed journal article,Shin'ya Nakano; Sachin Alexander Reddy; Ryuho Kataoka; Aoi Nakamizo; Shigeru Fujita; Akira Sessai Yukimatu,SuperDARN_CA; SuperDARN,unverified,0,2
10.1029/2025sw004544,"The Influence of 3‐D Earth Conductivity, Geoelectric Field Polarization, and Power Grid Topology on GIC Risk",2025,Space Weather,American Geophysical Union (AGU),Peer-reviewed journal article,Hannah G. Parry; Darcy R. Cordell; Martyn J. Unsworth; Ryan MacMullin; Ian. R. Mann,CARISMA,unverified,0,1
10.1029/2025sw004547,Impacts of the May 2024 Extreme Geomagnetic Storm on Global High‐Accuracy GPS Positioning Solutions,2025,Space Weather,American Geophysical Union (AGU),Peer-reviewed journal article,Zhe Yang; Y. T. Jade Morton,CHAIN,unverified,0,1
10.1029/2025sw004701,Unusual SuperDARN Backscatter During the 11 May 2024 Geomagnetic Storm,2025,Space Weather,American Geophysical Union (AGU),Peer-reviewed journal article,Bharat S. R. Kunduri; Joseph Benjamin Harold Baker; J. M. Ruohoniemi; J.-P. St. Maurice; Yukitoshi Nishimura; Philip J. Erickson; John C. Foster; S. E. Milan; Kevin T. Sterne; Evan G. Thomas,SuperDARN,unverified,0,1
10.1029/2025sw004712,The Real‐Time Advanced Ionospheric Data Assimilation (AIDA) Model,2026,Space Weather,American Geophysical Union (AGU),Peer-reviewed journal article,Benjamin Reid; David Russel Themens; Sean Elvidge; Mohammad Afraz Ahmed; Warrick Ball; Mohammed Mainul Hoque,ECHAIM; CHAIN,unverified,0,2
10.1029/2025sw004727,Solar Activity Impacts on Ionospheric Scintillation and Precise Point Positioning Based on Multi‐Year GNSS and Scintillation Observations,2026,Space Weather,American Geophysical Union (AGU),Peer-reviewed journal article,Jincheng Li; Qi Liu; Xiaomin Luo; Manuel Hernández-Pajares; Enric Monte-Moreno; Guangxia Wang; Heng Yang; Chuanding Zhang; Li Yang; Yaoyao Liu,CHAIN,unverified,0,1
10.1029/2025sw004836,Global Energy Circulation During a Solar Wind Density Pulse,2026,Space Weather,American Geophysical Union (AGU),Peer-reviewed journal article,Tuija Pulkkinen; Matti Ala-Lahti; Austin Brenner; Gábor Tóth; Daniel Welling; Timothy Keebler,SuperDARN_CA; SuperDARN; CARISMA,unverified,0,3
10.1029/2025sw004891,Validation of Ionospheric Models at Mid‐ and High‐Latitudes: Climatological Performance of WACCM‐X (SD) and TIE‐GCM in foF2,2026,Space Weather,American Geophysical Union (AGU),Peer-reviewed journal article,Emma-Claire Gurney; David Russel Themens; Matthew K. Brown; Sean Elvidge,CHAIN; ECHAIM,unverified,0,2
10.1029/2026ja035056,GNSS‐TEC Driven E‐CHAIM for Enhanced PALSAR Ionospheric Tomography,2026,Journal of Geophysical Research: Space Physics,American Geophysical Union (AGU),Peer-reviewed journal article,Dun-Yong Zheng; Wen-Cheng Zhou; Li-Ming Wang; Yong Wang; Cheng Wang; Zhao-Hui Xiong,ECHAIM; CHAIN,unverified,0,2
10.1029/2026ja035059,The Day‐Side Magnetic Reconnection Rate and Cusp Ion Dispersion During the May 2024 Geomagnetic Storm,2026,Journal of Geophysical Research: Space Physics,American Geophysical Union (AGU),Peer-reviewed journal article,B. L. Burkholder; Ying Zou; L.-J. Chen; D. E. Da Silva; Katariina Nykyri; Xiao Ma; Ian DesJardin; Y.-M. Huang; J. Dorelli; N. Bessho; S. Merkin; Alex Chartier; Kareem Sorathia; Kevin Pham; S. G. Shepherd,SuperDARN,unverified,0,1
10.1029/2026ja035116,Superposed Epoch Analysis of Extreme Geomagnetic Disturbances at Auroral Zone Latitudes Over a Solar Cycle,2026,Journal of Geophysical Research: Space Physics,American Geophysical Union (AGU),Peer-reviewed journal article,Mark J. Engebretson; Giulia F. Mazza; Erik S. Steinmetz; Vyacheslav A. Pilipenko; Mark B. Moldwin; Martin G. Connors; Shin-ichi Ohtani; Jesper W. Gjerloev,AUTUMNX,unverified,0,1
10.1029/2026ja035174,Auroral Signatures of Ballooning Instability and Plasmoid Formation Processes in the Near‐Earth Magnetotail,2026,Journal of Geophysical Research: Space Physics,American Geophysical Union (AGU),Peer-reviewed journal article,Ping Zhu; Jun Liang; Jiaxing Liu; Sui Wan; Eric Donovan,REGO; THEMIS ASI,unverified,0,2
10.1029/2026ja035184,Ionosphere Response to the October 2024 G4 Geomagnetic Storm: Multi‐Instrument Observations and Physical Mechanism,2026,Journal of Geophysical Research: Space Physics,American Geophysical Union (AGU),Peer-reviewed journal article,Xiongqi Guan; Wang Li; Xiangzhou Meng; Xiujiang Pan; Xiaoqing Zuo; Dongsheng Zhao; Kefei Zhang,CHAIN,unverified,0,1
10.1029/91eo00238,A new era in magnetospheric research,1992,"Eos, Transactions American Geophysical Union",American Geophysical Union (AGU),Peer-reviewed journal article,S.-I. Akasofu; H. C. Stenbaek-Nielsen; T. J. Hallinan; Gordon Rostoker; Daniel N. Baker,CANOPUS,unverified,0,1
10.1029/91ja00796,"Observations of a detached, discrete arc in association with field line resonances",1991,Journal of Geophysical Research: Space Physics,American Geophysical Union (AGU),Peer-reviewed journal article,John C. Samson; Terry J. Hughes; Fokke Creutzberg; Don D. Wallis; R. A. Greenwald; J. M. Ruohoniemi,CANOPUS,unverified,0,1
10.1029/91ja03156,Substorm intensifications and field line resonances in the nightside magnetosphere,1992,Journal of Geophysical Research: Space Physics,American Geophysical Union (AGU),Peer-reviewed journal article,John C. Samson; Don D. Wallis; Terry J. Hughes; Fokke Creutzberg; J. M. Ruohoniemi; R. A. Greenwald,CANOPUS,unverified,0,1
10.1029/92ja00434,A class of high‐<i>m</i> pulsations and its auroral radar signature,1992,Journal of Geophysical Research: Space Physics,American Geophysical Union (AGU),Peer-reviewed journal article,I. F. Grant; Don R. McDiarmid; Allen G. McNamara,CANOPUS,unverified,0,1
10.1029/92ja01547,"Magnetic aspect angle effects in radar aurora at 48.5 MHz, corrected for refraction",1992,Journal of Geophysical Research: Space Physics,American Geophysical Union (AGU),Peer-reviewed journal article,G. Hall; D. R. Moorcroft,CANOPUS,unverified,0,1
10.1029/93ja02903,"Auroral latitude Pc 5 field line resonances: Quantized frequencies, spatial characteristics, and diurnal variation",1994,Journal of Geophysical Research: Space Physics,American Geophysical Union (AGU),Peer-reviewed journal article,C. W. S. Ziesolleck; Don R. McDiarmid,CANOPUS,unverified,0,1
10.1029/94ja02712,The temporal variation of the frequency of high latitude field line resonances,1995,Journal of Geophysical Research: Space Physics,American Geophysical Union (AGU),Peer-reviewed journal article,C. L. Waters; John C. Samson; Eric F. Donovan,CANOPUS,unverified,0,1
10.1029/95gl01317,Direct determination of large‐scale magnetospheric field‐aligned currents with SuperDARN,1995,Geophysical Research Letters,American Geophysical Union (AGU),Peer-reviewed journal article,George J. Sofko; Ray Greenwald; William Bristow,CANOPUS; SuperDARN_CA; SuperDARN,unverified,0,3
10.1029/95ja01301,Observations of convection vortices in the afternoon sector using the SuperDARN HF radars,1995,Journal of Geophysical Research: Space Physics,American Geophysical Union (AGU),Peer-reviewed journal article,William. A. Bristow; David G. Sibeck; C. Jacquey; R. A. Greenwald; George J. Sofko; Toshifumi Mukai; T. Yamamoto; S. Kokubun; Terry J. Hughes; W. Jeffrey Hughes; Mark J. Engebretson,CANOPUS,unverified,0,1
10.1029/96ja00613,Dynamical auroral morphology in relation to ionospheric plasma convection and geomagnetic activity: Signatures of magnetopause X line dynamics and flux transfer events,1996,Journal of Geophysical Research: Space Physics,American Geophysical Union (AGU),Peer-reviewed journal article,M. Øieroset; Hermann Lühr; Jøran Moen; Therese Moretto; Per Even Sandholt,CANOPUS,verified,1,1
10.1029/96ja01083,Variation of plasmatrough density derived from magnetospheric field line resonances,1996,Journal of Geophysical Research: Space Physics,American Geophysical Union (AGU),Peer-reviewed journal article,C. L. Waters; John C. Samson; Eric F. Donovan,CANOPUS,unverified,0,1
10.1029/96ja03351,Relationship of the SAPPHIRE‐North merged velocity and the plasma convection velocity derived from simultaneous SuperDARN radar measurements,1997,Journal of Geophysical Research: Space Physics,American Geophysical Union (AGU),Peer-reviewed journal article,,SuperDARN_CA; SuperDARN,unverified,0,2
10.1029/96ja03631,A comparison between Pc 3–4 pulsations observed by GOES 7 and the CANOPUS magnetometer array,1997,Journal of Geophysical Research: Space Physics,American Geophysical Union (AGU),Peer-reviewed journal article,C. W. S. Ziesolleck; Don R. McDiarmid; Q. Feng,CANOPUS,unverified,0,1
10.1029/97gl00542,"WIND, GEOTAIL, and GOES 9 observations of magnetic field dipolarization and bursty bulk flows in the near‐tail",1997,Geophysical Research Letters,American Geophysical Union (AGU),Peer-reviewed journal article,J. A. Slavin; D. H. Fairfield; R. P. Lepping; A. Szabo; M. J. Reiner; M. Kaiser; C. J. Owen; Tai Phan; R. Lin; S. Kokubun; Toshifumi Mukai; T. Yamamoto; Howard J. Singer; S. A. Romanov; J. Buechner; Toshihiko Iyemori; Gordon Rostoker,CANOPUS,unverified,0,1
10.1029/97gl00783,Observations of a current pulse in the near‐Earth plasma sheet associated with a substorm onset,1997,Geophysical Research Letters,American Geophysical Union (AGU),Peer-reviewed journal article,L. A. Frank; W. R. Paterson; S. Kokubun; T. Yamamoto; R. P. Lepping; K. W. Ogilvie,CANOPUS,unverified,0,1
10.1029/97gl53304,Mapping the outer LLBL with SuperDARN double‐peaked spectra,1997,Geophysical Research Letters,American Geophysical Union (AGU),Peer-reviewed journal article,Andreas Schiffler; George Sofko; Patrick T. Newell; Ray Greenwald,SuperDARN_CA; SuperDARN,unverified,0,2
10.1029/97ja00517,Super Dual Auroral Radar Network observations of meteor echoes,1997,Journal of Geophysical Research: Space Physics,American Geophysical Union (AGU),Peer-reviewed journal article,G. E. Hall; John W. MacDougall; D. R. Moorcroft; J.-P. St.-Maurice; Alan H. Manson; Chris E. Meek,SuperDARN_CA; SuperDARN,partially_verified,1,2
10.1029/97ja01985,"Two substorm intensifications compared: Onset, expansion, and global consequences",1998,Journal of Geophysical Research: Space Physics,American Geophysical Union (AGU),Peer-reviewed journal article,Tuija I. Pulkkinen; Daniel N. Baker; L. A. Frank; J. B. Sigwarth; H. J. Opgenoorth; Ray Greenwald; E. Friis-Christensen; Toshifumi Mukai; Rumi Nakamura; Howard Singer; G. D. Reeves; Mark Lester,SuperDARN_CA; SuperDARN,unverified,0,2
10.1029/97ja02043,Geotail observations of substorm onset in the inner magnetotail,1998,Journal of Geophysical Research: Space Physics,American Geophysical Union (AGU),Peer-reviewed journal article,D. H. Fairfield; Toshifumi Mukai; A. T. Y. Lui; Cynthia A. Cattell; G. D. Reeves; Tsugunobu Nagai; Gordon Rostoker; Howard J. Singer; M. L. Kaiser; S. Kokubun; A. J. Lazarus; R. P. Lepping; M. Nakamura; J. T. Steinberg; K. Tsuruda; D. J. Williams; T. Yamamoto,CANOPUS,unverified,0,1
10.1029/97ja02309,"Dayside ionospheric plasma convection, electric fields, and field‐aligned currents derived from the SuperDARN radar observations and predicted by the IZMEM model",1997,Journal of Geophysical Research: Space Physics,American Geophysical Union (AGU),Peer-reviewed journal article,A. V. Kustov; V. O. Papitashvili; George J. Sofko; Andreas Schiffler; Y. I. Feldstein; Liudmila I. Gromova; A. E. Levitin; B. A. Belov; R. A. Greenwald; M. J. Ruohoniemi,SuperDARN,unverified,0,1
10.1029/97ja02415,Flux rope structures in the magnetotail: Comparison between Wind/Geotail observations and global simulations,1998,Journal of Geophysical Research: Space Physics,American Geophysical Union (AGU),Peer-reviewed journal article,R. M. Winglee; S. Kokubun; R. P. Lin; R. P. Lepping,CANOPUS,unverified,0,1
10.1029/97ja02639,Coordinated observations demonstrating external substorm triggering,1997,Journal of Geophysical Research: Space Physics,American Geophysical Union (AGU),Peer-reviewed journal article,L. R. Lyons; G. T. Blanchard; John C. Samson; R. P. Lepping; T. Yamamoto; Therese Moretto,CANOPUS,unverified,0,1
10.1029/97ja02755,High‐latitude ionospheric perturbations and gravity waves: 1. Observational results,1998,Journal of Geophysical Research: Space Physics,American Geophysical Union (AGU),Peer-reviewed journal article,Chao-Song Huang; Dieter A. Andre; George J. Sofko,SuperDARN_CA,unverified,0,1
10.1029/97ja02756,High‐latitude ionospheric perturbations and gravity waves: 2. Numerical simulations,1998,Journal of Geophysical Research: Space Physics,American Geophysical Union (AGU),Peer-reviewed journal article,Chao-Song Huang; Dieter A. Andre; George J. Sofko,SuperDARN_CA; SuperDARN,unverified,0,2
10.1029/97ja02923,SuperDARN interferometry: Meteor echoes and electron densities from groundscatter,1998,Journal of Geophysical Research: Space Physics,American Geophysical Union (AGU),Peer-reviewed journal article,Dieter André; George J. Sofko; Kile Baker; John MacDougall,SuperDARN_CA,unverified,0,1
10.1029/97ja03176,Numerical simulations of midlatitude ionospheric perturbations produced by gravity waves,1998,Journal of Geophysical Research: Space Physics,American Geophysical Union (AGU),Peer-reviewed journal article,Chao-Song Huang; George J. Sofko; Michael C. Kelley,SuperDARN_CA,unverified,0,1
10.1029/97ja03457,Super Dual Auroral Radar Network observations of near‐noon plasma convection at small interplanetary magnetic field <i>B<sub>z</sub></i> and <i>B<sub>y</sub></i>,1998,Journal of Geophysical Research: Space Physics,American Geophysical Union (AGU),Peer-reviewed journal article,A. V. Kustov; W. B. Lyatsky; George J. Sofko,SuperDARN_CA,unverified,0,1
10.1029/97ja03595,"Solar‐wind‐driven pulsed magnetic reconnection at the dayside magnetopause, Pc5 compressional oscillations, and field line resonances",1998,Journal of Geophysical Research: Space Physics,American Geophysical Union (AGU),Peer-reviewed journal article,Paul Prikryl; R. A. Greenwald; George J. Sofko; J. P. Villain; C. W. S. Ziesolleck; E. Friis-Christensen,SuperDARN_CA; SuperDARN,unverified,0,2
10.1029/98gl00468,"Ionospheric response to magnetic forcing: Magnetic cloud passage of October 18–20, 1995",1998,Geophysical Research Letters,American Geophysical Union (AGU),Peer-reviewed journal article,C. Y. Huang; W. J. Burke; M. S. Gussenhoven; D. A. Hardy; L. C. Gentile,CANOPUS,unverified,0,1
10.1029/98gl00647,"Initial response and complex polar cap structures of the aurora in response to the January 10, 1997 magnetic cloud",1998,Geophysical Research Letters,American Geophysical Union (AGU),Peer-reviewed journal article,J. F. Spann; M. Brittnacher; R. Elsen; G. A. Germany; G. K. Parks,CANOPUS,unverified,0,1
10.1029/98gl01159,An overview of the impact of the January 10–11 1997 magnetic cloud on the magnetosphere via global MHD simulation,1998,Geophysical Research Letters,American Geophysical Union (AGU),Peer-reviewed journal article,C. C. Goodrich; J. G. Lyon; Michael Wiltberger; R. E. Lopez; K. Papadopoulos,CANOPUS,unverified,0,1
10.1029/98gl02212,The response of high‐latitude convection to a sudden southward IMF turning,1998,Geophysical Research Letters,American Geophysical Union (AGU),Peer-reviewed journal article,J. M. Ruohoniemi; R. A. Greenwald,SuperDARN,unverified,0,1
10.1029/98gl02801,On the origin of relativistic electrons in the magnetosphere associated with some geomagnetic storms,1998,Geophysical Research Letters,American Geophysical Union (AGU),Peer-reviewed journal article,Gordon Rostoker; Susan Skone; Daniel N. Baker,CANOPUS,unverified,0,1
10.1029/98gl50416,"Dispersive magnetosheath‐like ion injections in the evening sector on January 11, 1997",1998,Geophysical Research Letters,American Geophysical Union (AGU),Peer-reviewed journal article,Ingrid Sandahl; H. E. J. Koskinen; A. M. Mälkki; Tuija I. Pulkkinen; E. Yu. Budnik; A. O. Fedorov; L. A. Frank; J. B. Sigwarth,CANOPUS,unverified,0,1
10.1029/98ja00590,Pc5 field line resonance frequencies and structure observed by SuperDARN and CANOPUS,1998,Journal of Geophysical Research: Space Physics,American Geophysical Union (AGU),Peer-reviewed journal article,C. W. S. Ziesolleck; Frances R. Fenrich; John C. Samson; Don R. McDiarmid,CANOPUS,unverified,0,1
10.1029/98ja00618,SuperDARN‐detected plasma convection vortices and the global plasma convection,1998,Journal of Geophysical Research: Space Physics,American Geophysical Union (AGU),Peer-reviewed journal article,A. V. Kustov; D. R. Weimer,SuperDARN,unverified,0,1
10.1029/98ja00762,An overview of the early November 1993 geomagnetic storm,1998,Journal of Geophysical Research: Space Physics,American Geophysical Union (AGU),Peer-reviewed journal article,Delores J. Knipp; B. A. Emery; Mark Engebretson; X. Li; A. H. McAllister; Toshifumi Mukai; S. Kokubun; G. D. Reeves; D. Evans; Takahiro Obara; X. Pi; T. Rosenberg; Allan Weatherwax; M. G. McHarg; F. Chun; K. Mosely; M. Codrescu; L. Lanzerotti; Frederick J. Rich; J. Sharber; P. Wilkinson,CANOPUS,unverified,0,1
10.1029/98ja02297,Observations of solar wind directly driven auroral electrojets and gravity waves,1998,Journal of Geophysical Research: Space Physics,American Geophysical Union (AGU),Peer-reviewed journal article,Chao-Song Huang; Dieter A. Andre; George J. Sofko,CANOPUS; SuperDARN_CA,unverified,0,2
10.1029/98ja02661,"Earthward flow bursts in the inner magnetotail and their relation to auroral brightenings, AKR intensifications, geosynchronous particle injections and magnetic activity",1999,Journal of Geophysical Research: Space Physics,American Geophysical Union (AGU),Peer-reviewed journal article,D. H. Fairfield; Toshifumi Mukai; M. Brittnacher; G. D. Reeves; S. Kokubun; G. K. Parks; Tsugunobu Nagai; H. Matsumoto; K. Hashimoto; D. A. Gurnett; T. Yamamoto,CANOPUS,verified,1,1
10.1029/98ja02830,Finding gravity wave source positions using the Super Dual Auroral Radar Network,1999,Journal of Geophysical Research: Space Physics,American Geophysical Union (AGU),Peer-reviewed journal article,G. E. Hall; John W. MacDougall; J.-F. Cecile; D. R. Moorcroft; J. P. St.-Maurice,SuperDARN_CA; SuperDARN,partially_verified,1,2
10.1029/98rs01787,An <i>F</i> region height change produced by gravity waves,1998,Radio Science,American Geophysical Union (AGU),Peer-reviewed journal article,John W. MacDougall; G. E. Hall,SuperDARN_CA; SuperDARN,unverified,0,2
10.1029/gm104p0181,Magnetospheric-Ionospheric Activity During an Isolated Substorm: A Comparison Between Wind/Geotail/IMP 8/CANOPUS Observations and Modeling,2013,Geophysical Monograph Series,American Geophysical Union (AGU),Book chapter,R. M. Winglee; A. T. Y. Lui; R. P. Lin; R. P. Lepping; S. Kokubun; Gordon Rostoker; John C. Samson,CANOPUS,unverified,0,1
10.1029/ja093ia08p08651,Diurnal radio aurora variations at 50 Mhz measured by the bistatic auroral radar system radars,1988,Journal of Geophysical Research: Space Physics,American Geophysical Union (AGU),Peer-reviewed journal article,Dieter André; Allen G. McNamara; Don D. Wallis; Bruce A. McIntosh; Terry J. Hughes; George J. Sofko; James A. Koehler; Don R. McDiarmid; Paul Prikryl; Juergen Watermann,CANOPUS,unverified,0,1
10.1038/nature14515,Global-scale coherence modulation of radiation-belt electron loss from plasmaspheric hiss,2015,Nature,Springer Nature,Peer-reviewed journal article,A. W. Breneman; Alexa Halford; Robyn Millan; M. McCarthy; J. Fennell; J. Sample; Leslie Woodger; G. Hospodarsky; John R. Wygant; Cynthia A. Cattell; Jerry Goldstein; David Malaspina; C. A. Kletzing,CARISMA,unverified,0,1
10.1038/nature25505,Pulsating aurora from electron scattering by chorus waves,2018,Nature,Springer Nature,Peer-reviewed journal article,Satoshi Kasahara; Yoshizumi Miyoshi; Shoichiro Yokota; Takefumi Mitani; Y. Kasahara; Shoya Matsuda; Atsushi Kumamoto; Ayako Matsuoka; Yoichi Kazama; Harald U. Frey; V. Angelopoulos; Satoshi Kurita; Kunihiro Keika; Kanako Seki; Iku Shinohara,THEMIS ASI,unverified,0,1
10.1038/ncomms3795,Discovery of the action of a geophysical synchrotron in the Earth’s Van Allen radiation belts,2013,Nature Communications,Springer Nature,Peer-reviewed journal article,Ian. R. Mann; E.-A. Lee; Seth G. Claudepierre; J. F. Fennell; Alex Degeling; I. Jonathan Rae; Daniel N. Baker; G. D. Reeves; Harlan E. Spence; Louis G. Ozeke; Robert Rankin; David K. Milling; Andy Kale; Reinhard H. W. Friedel; Farideh Honary,CARISMA,unverified,0,1
10.1038/nphys2760,Unusual stable trapping of the ultrarelativistic electrons in the Van Allen radiation belts,2013,Nature Physics,Springer Nature,Peer-reviewed journal article,Yuri Y. Shprits; Dmitriy Subbotin; Alexander Drozdov; Maria E. Usanova; Adam Kellerman; Ksenia Orlova; Daniel N. Baker; Drew L. Turner; Kyung-Chan Kim,CARISMA,unverified,0,1
10.1038/nphys3799,Explaining the dynamics of the ultra-relativistic third Van Allen radiation belt,2016,Nature Physics,Springer Nature,Peer-reviewed journal article,Ian. R. Mann; Louis G. Ozeke; Kyle R. Murphy; Seth G. Claudepierre; Drew L. Turner; Daniel N. Baker; I. Jonathan Rae; Andy Kale; David K. Milling; A. J. Boyd; Harlan E. Spence; G. D. Reeves; Howard J. Singer; Stavros Dimitrakoudis; Ioannis A. Daglis; Farideh Honary,CARISMA,unverified,0,1
10.1038/nphys3879,Magnetotail energy dissipation during an auroral substorm,2016,Nature Physics,Springer Nature,Peer-reviewed journal article,Evgeny V. Panov; Wolfgang Baumjohann; Richard A. Wolf; Rumi Nakamura; V. Angelopoulos; James Michael Weygand; Marina V. Kubyshkina,THEMIS ASI; CARISMA,unverified,0,2
10.1038/nphys4351,Reply to 'The dynamics of Van Allen belts revisited',2018,Nature Physics,Springer Nature,Peer-reviewed journal article,Ian. R. Mann; Louis G. Ozeke; S. K. Morley; Kyle R. Murphy; Seth G. Claudepierre; Drew L. Turner; Daniel N. Baker; I. Jonathan Rae; Andy Kale; David K. Milling; A. J. Boyd; Harlan E. Spence; Howard J. Singer; Stavros Dimitrakoudis; Ioannis A. Daglis; Farideh Honary,CARISMA,unverified,0,1
10.1038/s41467-018-07086-0,A diagnosis of the plasma waves responsible for the explosive energy release of substorm onset,2018,Nature Communications,Springer Nature,Peer-reviewed journal article,Nadine M. E. Kalmoni; I. Jonathan Rae; Clare E. J. Watt; Kyle R. Murphy; Marilia Samara; Robert G. Michell; Guy Grubbs; Colin Forsyth,THEMIS ASI,unverified,0,1
10.1038/s41467-024-44992-y,Global-scale magnetosphere convection driven by dayside magnetic reconnection,2024,Nature Communications,Springer Nature,Peer-reviewed journal article,Lei Dai; Minghui Zhu; Yong Ren; Walter Gonzalez; Chi Wang; David Sibeck; Andrey Samsonov; Philippe Escoubet; Binbin Tang; Jiaojiao Zhang; Graziella Branduardi-Raymont,SuperDARN,unverified,0,1
10.1038/s41467-024-55081-5,Association of structured continuum emission with dynamic aurora,2024,Nature Communications,Springer Nature,Peer-reviewed journal article,Emma Spanswick; Jun Liang; Josh Houghton; Darren Chaddock; Eric Donovan; B. Gallardo-Lacourt; C. Keenan; J. Rosehart; Yukitoshi Nishimura; D. Hampton; M. Gillies,TREx; SEC/OTHER,partially_verified,1,2
10.1038/s41467-025-65580-8,Radio emissions reveal Alfvénic activity and electron acceleration prior to substorm onset,2025,Nature Communications,Springer Nature,Peer-reviewed journal article,S. Y. Wu; Daniel K. Whiter; L. Lamy; M. M. Wang; P. Zarka; C. M. Jackman; S. Y. Ye; J. E. Waters; Alexandra R. Fogg; Stephen B. Mende; N. Kaweeyanun; Yasumasa Kasaba; Satoshi Kurita; H. Kojima; Larry J. Paxton; Y. Kasahara; Yoshizumi Miyoshi; Atsuki Shinbori; Fuminori Tsuchiya,THEMIS ASI,unverified,0,1
10.1038/s41567-021-01203-5,Solar flare effects in the Earth’s magnetosphere,2021,Nature Physics,Springer Nature,Peer-reviewed journal article,Jing Liu; Wenbin Wang; Liying Qian; William Lotko; Alan G. Burns; Kevin Pham; Gang Lu; Stanley C. Solomon; Libo Liu; Weixing Wan; Brian J. Anderson; Anthea Coster; Frederick Wilder,SuperDARN_CA; SuperDARN,unverified,0,2
10.1038/s41598-020-79665-5,Active auroral arc powered by accelerated electrons from very high altitudes,2021,Scientific Reports,Springer Nature,Peer-reviewed journal article,Shun Imajo; Yoshizumi Miyoshi; Yoichi Kazama; Kazushi Asamura; Iku Shinohara; Kazuo Shiokawa; Yoshiya Kasahara; Yasumasa Kasaba; Ayako Matsuoka; Shiang-Yu Wang; Sunny W. Y. Tam; Tzu-Fang Chang; Bo-Jhou Wang; Vassilis Angelopoulos; Chae-Woo Jun; Masafumi Shoji; Satoko Nakamura; Masahiro Kitahara; Mariko Teramoto; Satoshi Kurita; Tomoaki Hori,THEMIS ASI,unverified,0,1
10.1038/s41598-022-20548-2,Localized mesospheric ozone destruction corresponding to isolated proton aurora coming from Earth’s radiation belt,2022,Scientific Reports,Springer Nature,Peer-reviewed journal article,Mitsunori Ozaki; Kazuo Shiokawa; Ryuho Kataoka; Martin Mlynczak; Larry Paxton; Martin Connors; Satoshi Yagitani; Shion Hashimoto; Yuichi Otsuka; Satoshi Nakahira; Ian Mann,CARISMA,unverified,0,1
10.1038/s41598-023-33603-3,Generation of equatorial plasma bubble after the 2022 Tonga volcanic eruption,2023,Scientific Reports,Springer Nature,Peer-reviewed journal article,Atsuki Shinbori; Takuya Sori; Yuichi Otsuka; Michi Nishioka; Septi Perwitasari; Takuo Tsuda; Atsushi Kumamoto; Fuminori Tsuchiya; Shoya Matsuda; Yoshiya Kasahara; Ayako Matsuoka; Satoko Nakamura; Yoshizumi Miyoshi; Iku Shinohara,CHAIN,unverified,0,1
10.1038/s41598-023-38777-4,Measuring small-scale plasma irregularities in the high-latitude E- and F-regions simultaneously,2023,Scientific Reports,Springer Nature,Peer-reviewed journal article,Magnus Fagernes Ivarsen; Jean-Pierre St-Maurice; Glenn Hussey; Andres Spicher; Yaqi Jin; Adam Lozinsky; Lindsay V. Goodwin; Draven Galeschuk; Jaeheung Park; Lasse Boy Novock Clausen,ICEBEAR,unverified,0,1
10.1038/s43247-023-00700-0,Unusual shrinkage and reshaping of Earth’s magnetosphere under a strong northward interplanetary magnetic field,2023,Communications Earth &amp; Environment,Springer Nature,Peer-reviewed journal article,Xiang-Yu Wang; Qing-He Zhang; Chi Wang; Yong-Liang Zhang; Bin-Bin Tang; Zan-Yang Xing; Kjellmar Oksavik; Larry R. Lyons; Michael Lockwood; Qiu-Gang Zong; Guo-Jun Li; Jing Liu; Yu-Zhang Ma; Yong Wang,SuperDARN,unverified,0,1
10.1051/e3sconf/20161202002,Polarisation properties of [SQUID]<sup>2</sup>horizontal components at the LSBB (<i>Laboratoire Souterrain à Bas Bruit</i>),2016,E3S Web of Conferences,EDP Sciences,Peer-reviewed journal article,Christian Kwisanga,CARISMA,unverified,0,1
10.1051/swsc/2011004,A global ionosphere scintillation propagation model for equatorial regions,2011,Journal of Space Weather and Space Climate,EDP Sciences,Peer-reviewed journal article,Yannick Béniguel; Pierrick Hamel,CHAIN,unverified,0,1
10.1051/swsc/2015009,Assimilation of real-time riometer measurements into models of 30 MHz polar cap absorption,2015,Journal of Space Weather and Space Climate,EDP Sciences,Peer-reviewed journal article,Neil Christopher Rogers; Farideh Honary,Single Beam Riometer; CANOPUS; GO_RIO,partially_verified,1,3
10.1051/swsc/2017022,GPS scintillations associated with cusp dynamics and polar cap patches,2017,Journal of Space Weather and Space Climate,EDP Sciences,Peer-reviewed journal article,Yaqi Jin; Jøran Idar Moen; Kjellmar Oksavik; Andres Spicher; Lasse Boy Novock Clausen; Wojciech Jacek Miloch,SuperDARN,unverified,0,1
10.1051/swsc/2018037,A statistical approach to estimate Global Navigation Satellite Systems (GNSS) receiver signal tracking performance in the presence of ionospheric scintillation,2018,Journal of Space Weather and Space Climate,EDP Sciences,Peer-reviewed journal article,Sreeja Vadakke Veettil; Marcio Aquino; Luca Spogli; Claudio Cesaroni,CHAIN,unverified,0,1
10.1051/swsc/2018040,Magnetospheric access for solar protons during the January 2005 SEP event,2018,Journal of Space Weather and Space Climate,EDP Sciences,Peer-reviewed journal article,Vladimir V. Kalegaev; Natalia A. Vlasova; Ilya S. Nazarkov; Sophia A. Melkova,SuperDARN,unverified,0,1
10.1051/swsc/2019001,GNSS-based analysis of high latitude ionospheric response on a sequence of geomagnetic storms performed with ROTI and a new relative STEC indicator,2019,Journal of Space Weather and Space Climate,EDP Sciences,Peer-reviewed journal article,Rafal Sieradzki; Jacek Paziewski,CHAIN,unverified,0,1
10.1051/swsc/2019021,Validating the performance of the Empirical Canadian High Arctic Ionospheric Model (E-CHAIM) with in situ observations from DMSP and CHAMP,2019,Journal of Space Weather and Space Climate,EDP Sciences,Peer-reviewed journal article,David Russel Themens; Periyadan T. Jayachandran; Anthony M. McCaffrey,ECHAIM; CHAIN,unverified,0,2
10.1051/swsc/2019028,Plasma patches inside the polar cap and auroral oval: the impact on the spaceborne GPS receiver,2019,Journal of Space Weather and Space Climate,EDP Sciences,Peer-reviewed journal article,Chao Xiong; Fan Yin; Xiaomin Luo; Yaqi Jin; Xin Wan,SuperDARN,unverified,0,1
10.1051/swsc/2020003,Current state and perspectives of Space Weather science in Italy,2020,Journal of Space Weather and Space Climate,EDP Sciences,Peer-reviewed journal article,Christina Plainaki; Marco Antonucci; Alessandro Bemporad; Francesco Berrilli; Bruna Bertucci; Marco Castronuovo; Paola De Michelis; Marco Giardino; Roberto Iuppa; Monica Laurenza; Federica Marcucci; Mauro Messerotti; Livio Narici; Barbara Negri; Francesco Nozzoli; Stefano Orsini; Vincenzo Romano; Enrico Cavallini; Gianluca Polenta; Alessandro Ippolito,SuperDARN,unverified,0,1
10.1051/swsc/2020011,Reproducible Software Environment: a tool enabling computational reproducibility in geospace sciences and facilitating collaboration,2020,Journal of Space Weather and Space Climate,EDP Sciences,Peer-reviewed journal article,Asti Bhatt; Todd Valentic; Ashton Reimer; Leslie Lamarche; Pablo Reyes; Russell Cosgrove,SuperDARN,unverified,0,1
10.1051/swsc/2021029,Statistics of large impulsive magnetic events in the auroral zone,2021,Journal of Space Weather and Space Climate,EDP Sciences,Peer-reviewed journal article,Kyle Reiter; Sébastien Guillon; Martin Connors; Brian Jackel,THEMIS ASI; AUTUMNX,unverified,0,2
10.1051/swsc/2021044,A new climatological electron density model for supporting space weather services,2022,Journal of Space Weather and Space Climate,EDP Sciences,Peer-reviewed journal article,Mohammed Mainul Hoque; Norbert Jakowski; Fabricio S. Prol,ECHAIM; CHAIN,unverified,0,2
10.1051/swsc/2022017,Occurrence rate and duration of space weather impacts on high-frequency radio communication used by aviation,2022,Journal of Space Weather and Space Climate,EDP Sciences,Peer-reviewed journal article,Robyn A. D. Fiori; Vickal V. Kumar; David H. Boteler; Michael B. Terkildsen,GO_RIO,unverified,0,1
10.1051/swsc/2022023,Observations and modeling of scintillation in the vicinity of a polar cap patch,2022,Journal of Space Weather and Space Climate,EDP Sciences,Peer-reviewed journal article,Leslie J. Lamarche; Kshitija Bharat Deshpande; Matthew David Zettergren,RISR-C; CHAIN; SuperDARN_CA; SuperDARN,unverified,0,4
10.1051/swsc/2022037,A statistical study of polar cap flow channels observed in both hemispheres using SuperDARN radars,2022,Journal of Space Weather and Space Climate,EDP Sciences,Peer-reviewed journal article,Katie Herlingshaw; Lisa Baddeley; Kjellmar Oksavik; Dag A. Lorentzen; Karl M. Laundal,SuperDARN_CA; SuperDARN,unverified,0,2
10.1051/swsc/2022038,Ionospheric plasma structuring in relation to auroral particle precipitation,2023,Journal of Space Weather and Space Climate,EDP Sciences,Peer-reviewed journal article,Florine Enengl; Daria Kotova; Yaqi Jin; Lasse Boy Novock Clausen; Wojciech Jacek Miloch,THEMIS ASI,unverified,0,1
10.1051/swsc/2025037,A Canadian perspective on the May 2024 space weather event,2025,Journal of Space Weather and Space Climate,EDP Sciences,Peer-reviewed journal article,Robyn A. D. Fiori; Ljubomir Nikolić; Lidia Nikitina; Taylor G. Cameron; Kyle Reiter; David H. Boteler; Nathan Olfert,CHAIN,unverified,0,1
10.1051/swsc/2025045,Scintillation in the Arctic during the May 2024 Mother’s Day storm,2025,Journal of Space Weather and Space Climate,EDP Sciences,Peer-reviewed journal article,Knut Stanley Jacobsen; Sarah Schultz Beeck; Petri Koskimaa; Liisa Juusola; Chris Watson; James Michael Weygand; Tibor Durgonics,CHAIN; SuperDARN_CA; SuperDARN; AUTUMNX; CARISMA,unverified,0,5
10.1051/swsc/2025059,LOFAR uniqueness under extreme ionospheric conditions: The May 2024 Mother’s Day superstorm,2026,Journal of Space Weather and Space Climate,EDP Sciences,Peer-reviewed journal article,Rebecca Ghidoni; Spogli Luca; Dorrian Gareth; Mevius Maaijke; Flisek Pawel; Beser Katarzyna; Forte Biagio; Grzesiak Marcin; Kotulak Kacper; Boyde Ben; Pozoga Mariusz; Matyjasiak Barbara; Przepiorka-Skup Dorota; Wood Alan; Themens David; Zucca Pietro; Šteinbergs Jānis; Kinsler Paul; Lu Tianchu; Cesaroni Claudio; Rothkaehl Hanna; Krankowski Andrzej; Alfonsi Lucilla; Maestri Tiziano,SuperDARN_CA; SuperDARN,unverified,0,2
10.10520/ejc-1f6590ef08,DOI only: 10.10520/ejc-1f6590ef08,,,,Unknown,,SuperDARN,unverified,0,1
10.1063/1.1355678,Ground-based observations and plasma instabilities in auroral substorms,2001,Physics of Plasmas,AIP Publishing,Peer-reviewed journal article,E. Friedrich; John C. Samson; Igor Voronkov,CANOPUS,unverified,0,1
10.1063/1.1647137,Multi-instrument observations of ULF wave-driven discrete auroral arcs propagating sunward and equatorward from the poleward boundary of the duskside auroral oval,2004,Physics of Plasmas,AIP Publishing,Peer-reviewed journal article,J. T. Mathews; Ian. R. Mann; I. Jonathan Rae; Jøran Moen,SuperDARN,unverified,0,1
10.1063/1.2778979,Investigating the turbulent structure of ionospheric plasma velocities on open and closed magnetic field lines,2007,AIP Conference Proceedings,AIP Publishing,Conference paper,Gary A. Abel; Mervyn. P. Freeman; Gareth Chisham; Nicholas W. Watkins,SuperDARN,unverified,0,1
10.1063/1.3169279,"The Outer Radiation Belt Injection, Transport, Acceleration and Loss Satellite (ORBITALS): A Proposed Canadian Small Satellite Mission for ILWS",2009,AIP Conference Proceedings,AIP Publishing,Conference paper,Ian. R. Mann; S. Beaudette; Louis G. Ozeke; T. M. Loto'aniu; Z. C. Dent; P. Harrison; J.-F. Thibault; D. McCabe; V. Wehrle; R. Fedosejevs; David Knudsen; David K. Milling; Andrew W. Yau; K. Balmain; Daniel N. Baker; B. Blake; J. Fennell; L. Kistler; X. Li; T. P. O.'Brien; John Wygant; Masfumi Hirahara; Yoshizumi Miyoshi; Naoki Terada; Toshifumi Mukai; Iku Shinohara,CANOPUS; SuperDARN_CA; SuperDARN; CARISMA,partially_verified,1,4
10.1063/1.4953899,Compression-amplified EMIC waves and their effects on relativistic electrons,2016,Physics of Plasmas,AIP Publishing,Peer-reviewed journal article,L.-Y. Li; J. Yu; J. B. Cao; Z. G. Yuan,CARISMA,unverified,0,1
10.1063/1.4992022,A small spacecraft for multipoint measurement of ionospheric plasma,2017,Review of Scientific Instruments,AIP Publishing,Peer-reviewed journal article,T. Maximillian Roberts; Kristina A. Lynch; R. E. Clayton; J. Weiss; D. L. Hampton,SuperDARN,unverified,0,1
10.1063/5.0028670/14224704/180006_1_online,DOI only: 10.1063/5.0028670/14224704/180006_1_online,,,,Unknown,,THEMIS ASI,unverified,0,1
10.1080/00396265.2025.2470514,Feasibility analysis of the Doppler index DI in ionospheric scintillation detection at High Arctic region of Canada,2026,Survey Review,Informa UK Limited,Peer-reviewed journal article,Yifei Pan; Xiaomin Luo,CHAIN,unverified,0,1
10.1086/664444,"Astronomical Sky Quality Near Eureka, in the Canadian High Arctic",2012,Publications of the Astronomical Society of the Pacific,IOP Publishing,Peer-reviewed journal article,Eric Steinbring; William Ward; James R. Drummond,DNT,unverified,0,1
10.1088/0256-307x/28/10/109401,The Wave-Like Auroral Structure around Auroral Expansion Onset,2011,Chinese Physics Letters,IOP Publishing,Peer-reviewed journal article,Chao-Ling Tang,THEMIS ASI,unverified,0,1
10.1088/1402-4896/ae34f1,Development of an ionospheric electron density assimilation model based on vertical sounding ionograms,2026,Physica Scripta,IOP Publishing,Peer-reviewed journal article,Longlong Niu; Chen Zhou; Zhongxin Deng; Jiang Wan; Wen Liu,CHAIN,unverified,0,1
10.1088/1757-899x/1047/1/012031,Similarities of the total electron content behavior during geomagnetic storms,2021,IOP Conference Series: Materials Science and Engineering,IOP Publishing,Peer-reviewed journal article,Olga Maltseva; Tatyana Nikitenko,CHAIN; ECHAIM,unverified,0,2
10.1093/acprof:oso/9780198705246.003.0005,The Role of Pc-5 ULF Waves in the Radiation Belts: Current Understanding and Open Questions,2016,"Waves, Particles, and Storms in Geospace",Oxford University Press,Book chapter,Scot R. Elkington; Theodore E. Sarris,CARISMA,unverified,0,1
10.1093/astrogeo/atx021,Auroral observations of the substorm instability,2017,Astronomy &amp; Geophysics,Oxford University Press (OUP),Peer-reviewed journal article,Nadine Kalmoni,THEMIS ASI,unverified,0,1
10.1093/nsr/nwaa083,Equatorial aurora: the aurora-like airglow in the negative magnetic anomaly,2020,National Science Review,Oxford University Press (OUP),Peer-reviewed journal article,Fei He; Yong Wei; Weixing Wan,REGO,unverified,0,1
10.1093/rasti/rzaf003,Generating electron density archives using mainland EISCAT data between 2001 and 2021 at 10 min and 1 h integration,2025,RAS Techniques and Instruments,Oxford University Press (OUP),Peer-reviewed journal article,Jade A. Reidy; Andrew J. Kavanagh; Ingemar Häggström; David Russel Themens; M. Wild,ECHAIM; CHAIN,unverified,0,2
10.1093/rasti/rzaf003/8010863,DOI only: 10.1093/rasti/rzaf003/8010863,,,,Unknown,,ECHAIM; CHAIN,unverified,0,2
10.1098/rsnr.2023.0088/116650,DOI only: 10.1098/rsnr.2023.0088/116650,,,,Unknown,,SuperDARN,unverified,0,1
10.1098/rspa.2010.0080,High-latitude ionospheric response to co-rotating interaction region- and coronal mass ejection-driven geomagnetic storms revealed by GPS tomography and ionosondes,2010,"Proceedings of the Royal Society A: Mathematical, Physical and Engineering Sciences",The Royal Society,Peer-reviewed journal article,Dimitry Pokhotelov; Periyadan T. Jayachandran; Cathryn N. Mitchell; Michael H. Denton,CHAIN,unverified,0,1
10.1103/3bzj-bsf8,Eastward transients in the dayside ionosphere. II. A parallel-plate capacitorlike effect,2025,Physical Review E,American Physical Society (APS),Peer-reviewed journal article,Magnus Fagernes Ivarsen; Jean-Pierre St-Maurice; Glenn C. Hussey; Kathryn McWilliams; Yaqi Jin; Devin Ray Huyghebaert; Yukinaga Miyashita; David Sibeck,ICEBEAR,unverified,0,1
10.1103/physrevd.104.075023,Earth as a transducer for dark-photon dark-matter detection,2021,Physical Review D,American Physical Society (APS),Peer-reviewed journal article,Michael A. Fedderke; Peter W. Graham; Derek F. Jackson Kimball; Saarik Kalia,CARISMA,unverified,0,1
10.1103/physreve.110.045207,Point-cloud clustering and tracking algorithm for radar interferometry,2024,Physical Review E,American Physical Society (APS),Peer-reviewed journal article,Magnus Fagernes Ivarsen; Jean-Pierre St-Maurice; Glenn C. Hussey; Devin Ray Huyghebaert; Megan D. Gillies,ICEBEAR,unverified,0,1
10.1103/physrevlett.117.215101,Relativistic Electrons Produced by Foreshock Disturbances Observed Upstream of Earth’s Bow Shock,2016,Physical Review Letters,American Physical Society (APS),Peer-reviewed journal article,L. B. Wilson; David G. Sibeck; Drew L. Turner; Adnane Osmane; D. Caprioli; V. Angelopoulos,CARISMA,unverified,0,1
10.1103/physrevlett.134.145201,Characteristic E-Region Plasma Signature of Magnetospheric Wave-Particle Interactions,2025,Physical Review Letters,American Physical Society (APS),Peer-reviewed journal article,Magnus Fagernes Ivarsen; Yukinaga Miyashita; Jean-Pierre St-Maurice; Glenn C. Hussey; Brian Pitzel; Draven Galeschuk; Saif Marei; Richard B. Horne; Yoshiya Kasahara; Shoya Matsuda; Satoshi Kasahara; Kunihiro Keika; Yoshizumi Miyoshi; Kazuhiro Yamamoto; Atsuki Shinbori; Devin Ray Huyghebaert; Ayako Matsuoka; Shoichiro Yokota; Fuminori Tsuchiya,ICEBEAR,unverified,0,1
10.1103/r6bv-pzlq,Eastward transients in the dayside ionosphere. I. Electrodynamics on closed field lines,2025,Physical Review E,American Physical Society (APS),Peer-reviewed journal article,Magnus Fagernes Ivarsen; Jean-Pierre St-Maurice; Glenn C. Hussey; Daniel Billet; Devin Ray Huyghebaert; Yaqi Jin; Yukinaga Miyashita; Satoshi Kasahara; Kaili Song; Periyadan T. Jayachandran; Shoichiro Yokota; Yoshizumi Miyoshi; Kazuhiro Yamamoto; Atsuki Shinbori; Yoshiya Kasahara; Iku Shinohara; Ayako Matsuoka,ICEBEAR; CHAIN; SuperDARN,partially_verified,1,3
10.1109/array.2013.6731908,AMISR the advanced modular incoherent scatter radar,2013,2013 IEEE International Symposium on Phased Array Systems and Technology,IEEE,Conference paper,Todd Valentic; John Buonocore; Michael Cousins; Craig Heinselman; John Jorgensen; John Kelly; Moyra Malone; Michael Nicolls; Anthony Van Eyken,RISR-C,unverified,0,1
10.1109/eucap.2012.6206308,Ionosphere scintillation modelling/satellite navigation impairments &amp;amp; radar observations,2012,2012 6th European Conference on Antennas and Propagation (EUCAP),IEEE,Conference paper,Y. Beniguel; Pierrick Hamel,CHAIN,unverified,0,1
10.1109/ftcs68006.2025.11405746,An Investigation of Trans-Mid-Latitude Trough HF Propagation Effects Using Ionospheric Model Reconstruction and Ray Tracing,2025,2025 International Conference on Frontiers Technology in Circuits and Systems (FTCS),IEEE,Conference paper,Junhong Lv; Changrong Ye; Zheyu Zhan; Haoyu Liu; Qingfeng Pei; Xv Li,ECHAIM; CHAIN,unverified,0,2
10.1109/globalsip45357.2019.8969128,A Multitaper Model for Quiet Voltage in Relative Ionospheric Opacity Meters,2019,2019 IEEE Global Conference on Signal and Information Processing (GlobalSIP),IEEE,Conference paper,Francois A. Marshall; David J. Thomson; Glen Takahara; Robyn A. Fiori,GO_RIO,unverified,0,1
10.1109/icmla52953.2021.00128,A Contrastive Learning Approach to Auroral Identification and Classification,2021,2021 20th IEEE International Conference on Machine Learning and Applications (ICMLA),IEEE,Conference paper,Jeremiah William Johnson; Swathi Hari; Donald Hampton; Hyunju Kim Connor; Amy Keesee,THEMIS ASI,unverified,0,1
10.1109/igarss47720.2021.9554140,Streamlining Experiment Projections For Resolute Bay Incoherent Scatter Radar (risr) To Facilitate Research Of Space Weather Driven Global Positioning System Scintillations,2021,2021 IEEE International Geoscience and Remote Sensing Symposium IGARSS,IEEE,Conference paper,Adam Hoxeng; Diana Loucks; William Wright; Christopher Oxendine,RISR-C,unverified,0,1
10.1109/isape62431.2024.10840886,Prediction of Northern Polar ionospheric scintillation Using the Random Forest and LSTM Machine Learning Methods,2024,"2024 14th International Symposium on Antennas, Propagation and EM Theory (ISAPE)",IEEE,Conference paper,Yu-Hao Zhan; Zan-Yang Xing; Tong Xu; Qing-He Zhang; Feng Oiao; Yong Wang,CHAIN,unverified,0,1
10.1109/itnt52450.2021.9649062,Method for detecting geomagnetic disturbances based on the wavelet model of geomagnetic field variations,2021,2021 International Conference on Information Technology and Nanotechnology (ITNT),IEEE,Conference paper,Oksana Mandrikova; Anastasia Rodomanskay,CARISMA,unverified,0,1
10.1109/jrfid.2022.3163913,Creating a Database to Identify High-Latitude Scintillation Signatures With Unsupervised Machine Learning,2022,IEEE Journal of Radio Frequency Identification,IEEE,Peer-reviewed journal article,Anna-Marie Bals; Chintan Thakrar; Kshitija Bharat Deshpande,CHAIN; SuperDARN,unverified,0,2
10.1109/jstars.2026.3680048,A Global Ionospheric Modeling Method Integrating Multisource Data With Consideration of Spatial Distribution and Data Volume,2026,IEEE Journal of Selected Topics in Applied Earth Observations and Remote Sensing,IEEE,Peer-reviewed journal article,Rong Wang; Yibin Yao; Liang Zhang; Leran Fu; Peng Chen; Fucai Tang; Jian Kong; Binyi Huang,CHAIN,unverified,0,1
10.1109/lgrs.2019.2928172,Improved Frequency Monitoring System for Sky-Wave Over-the-Horizon Radar in Canada,2020,IEEE Geoscience and Remote Sensing Letters,IEEE,Peer-reviewed journal article,Thayananthan Thayaparan; Justin Marchioni; Alison Kelsall; Ryan Riddolls,ECHAIM; CHAIN,unverified,0,2
10.1109/lgrs.2020.3045926,Simulation of the Effect of Convecting Patches of Enhanced Electron Density on HF Over-the-Horizon Radars (OTHRs) in the Polar Regions,2021,IEEE Geoscience and Remote Sensing Letters,IEEE,Peer-reviewed journal article,Thayananthan Thayaparan; E. Michael Warrington; Alan J. Stocker; David R. Siddle,CHAIN; ECHAIM,unverified,0,2
10.1109/lgrs.2021.3115668,On the Dependence of Amplitude and Phase Scintillation Indices on Magnetic Field Aligned Angle: A Statistical Investigation at High Latitudes,2022,IEEE Geoscience and Remote Sensing Letters,IEEE,Peer-reviewed journal article,Mahith Madhanakumar; Anton Kashcheyev; Periyadan T. Jayachandran,CHAIN,unverified,0,1
10.1109/lgrs.2024.3412799,Ionospheric Electron Density Reconstruction Based on Space-Borne SAR in Alaska Regions,2024,IEEE Geoscience and Remote Sensing Letters,IEEE,Peer-reviewed journal article,Cheng Wang; Li-Ming Wang; Hai-Sheng Zhao; Peng Xiao; Liang Chen; Le Cao,ECHAIM; CHAIN,unverified,0,2
10.1109/lgrs.2025.3528179,Real-Time Worldwide Monitoring of Ionospheric Scintillation Using Geodetic Detrending,2025,IEEE Geoscience and Remote Sensing Letters,IEEE,Peer-reviewed journal article,Yu Yin; Guillermo González-Casado; José Miguel Juan; Cristhian C. Timote; Jorge García-Mateos; Raul Orús-Pérez; Angela Aragon-Angel; Adria Rovira-Garcia,CHAIN,unverified,0,1
10.1109/lgrs.2025.3576665,Modeling the Impact of Sporadic-E on Over-the-Horizon Radar (OTHR) in the Polar Region,2025,IEEE Geoscience and Remote Sensing Letters,IEEE,Peer-reviewed journal article,Thayananthan Thayaparan; Marana Chiu; David Russel Themens,ECHAIM; CHAIN,unverified,0,2
10.1109/lgrs.2025.3608704,Large-Scale Traveling Ionospheric Disturbances Over North America and Europe During the May 2024 Extreme Geomagnetic Storm,2025,IEEE Geoscience and Remote Sensing Letters,IEEE,Peer-reviewed journal article,Long Tang; Hong Zhang; Yumei Li; Fan Xu; Fang Zou,CHAIN,unverified,0,1
10.1109/lsp.2022.3158592,Maximum Likelihood Algorithm for Time-Delay Based Multistatic Target Localization,2022,IEEE Signal Processing Letters,IEEE,Peer-reviewed journal article,Kuntal Panwar; Prabhu Babu; Petre Stoica,ICEBEAR,unverified,0,1
10.1109/maes.2011.6065656,SuperDARN ionospheric space weather,2011,IEEE Aerospace and Electronic Systems Magazine,IEEE,Peer-reviewed journal article,Joseph Benjamin Harold Baker; J. Michael Ruohoniemi; Alvaro J. Ribeiro; Lasse Boy Novock Clausen; Raymond A. Greenwald; Nathaniel A. Frissell; Kevin A. Sterne,SuperDARN,unverified,0,1
10.1109/maes.2025.3535436,Emerging Trends in Radar: Long-Range Surveillance in North Polar Region,2025,IEEE Aerospace and Electronic Systems Magazine,IEEE,Peer-reviewed journal article,Thayananthan Thayaparan; David Russel Themens,ECHAIM; CHAIN,unverified,0,2
10.1109/metroaerospace.2019.8869555,Radars for Probing the Terrestrial Ionosphere: an Overview of Old and New Techniques,2019,2019 IEEE 5th International Workshop on Metrology for AeroSpace (MetroAeroSpace),IEEE,Conference paper,Umberto Sciacca; Enrico Zuccheretti,SuperDARN,unverified,0,1
10.1109/mpe.2016.2591760,A Colorful Blackout: The Havoc Caused by Auroral Electrojet Generated Magnetic Field Variations in 1989,2016,IEEE Power and Energy Magazine,IEEE,Peer-reviewed journal article,Sebastien Guillon; Patrick Toner; Louis Gibson; David Boteler,SuperDARN_CA; SuperDARN,unverified,0,2
10.1109/piers55526.2022.9792594,Multi-instrumental View of the Auroral Oval,2022,2022 Photonics &amp; Electromagnetics Research Symposium (PIERS),IEEE,Conference paper,Yu. Yaysukevich; Elvira Astafyeva; Alexey Oinats; Artem Vesnin; Anna Yasyukevich; A. Vasiliev; A. Garashchenko; D. Sidorov,CHAIN; SuperDARN,unverified,0,2
10.1109/plans61210.2025.11028390,Ionospheric Observations of May 2024 Geomagnetic Superstorm Using Space- and Ground-based GNSS Receivers,2025,"2025 IEEE/ION Position, Location and Navigation Symposium (PLANS)",IEEE,Conference paper,Hyeyeon Chang; Yang Pan; Y. T. Jade Morton,CHAIN,unverified,0,1
10.1109/radar.2010.5494396,Monitoring ionospheric space weather with the Super Dual Auroral Radar Network (SuperDARN),2010,2010 IEEE Radar Conference,IEEE,Conference paper,Joseph Benjamin Harold Baker; J. Michael Ruohoniemi; Alvaro J. Ribeiro; Lasse Boy Novock Clausen; Raymond A. Greenwald; Nathaniel A. Frissell; Kevin A. Sterne,SuperDARN,unverified,0,1
10.1109/radar.2013.6652026,Improved impedance matching for SuperDARN TTFD antennas,2013,2013 International Conference on Radar,IEEE,Conference paper,Edhem Custovic; D. Elton; James Whittington; John Devlin; A. Console; B. Bienvenu; A. McDonald; H. Nguyen,SuperDARN,unverified,0,1
10.1109/radar54928.2023.10371117,Over-The-Horizon Radar Frequency Management System using the Assimilation Canadian High Arctic Ionospheric Model (A-CHAIM),2023,2023 IEEE International Radar Conference (RADAR),IEEE,Conference paper,Thayananthan Thayaparan; Hannah Villeneuve; Marana Chiu,ECHAIM; CHAIN,unverified,0,2
10.1109/rsemw.2019.8792766,Validation of Different Ionospheric Models by Norilsk Station Data,2019,2019 Radiation and Scattering of Electromagnetic Waves (RSEMW),IEEE,Conference paper,Olga Maltseva; Tatyana Nikitenko,ECHAIM; CHAIN,unverified,0,2
10.1109/taes.2025.3546178,Investigating the Impacts of a G4-Level Geomagnetic Storm on Airborne GNSS Performance Using Mass ADS-B Data in Southern Canada,2025,IEEE Transactions on Aerospace and Electronic Systems,IEEE,Peer-reviewed journal article,Yiming Wang; Kai Guo; Zhipeng Wang; Honglin Tang,AUTUMNX; CARISMA,unverified,0,2
10.1109/tgrs.2013.2295653,Effect of Grid Boundary Expansion to Include One Additional Data Source on Ionospheric Imaging Accuracy,2014,IEEE Transactions on Geoscience and Remote Sensing,IEEE,Peer-reviewed journal article,Robert Burston; Periyadan T. Jayachandran,CHAIN,unverified,0,1
10.1109/tgrs.2019.2909078,Effect of Anisotropy on Ionospheric Scintillations Observed by SAR,2019,IEEE Transactions on Geoscience and Remote Sensing,IEEE,Peer-reviewed journal article,Shradha Mohanty; Charles S. Carrano; Gulab Singh,SuperDARN,unverified,0,1
10.1109/tgrs.2021.3093555,Statistical Global Investigation of Pre-Earthquake Anomalous Geomagnetic Diurnal Variation Using Superposed Epoch Analysis,2022,IEEE Transactions on Geoscience and Remote Sensing,IEEE,Peer-reviewed journal article,Khairul Adib Yusof; Mardina Abdullah; Nurul Shazana Abdul Hamid; Suaidi Ahadi; Essam Ghamry,CARISMA,unverified,0,1
10.1109/tgrs.2021.3113778,Multifrequency Observation of High Latitude Scintillation: A Comparison With the Phase Screen Model,2022,IEEE Transactions on Geoscience and Remote Sensing,IEEE,Peer-reviewed journal article,Kaili Song; Karim Meziane; Anton Kashcheyev; Periyadan T. Jayachandran,CHAIN,unverified,0,1
10.1109/tgrs.2022.3193015,Frequency Management System (FMS) for Over-the-Horizon Radar (OTHR) Using a Near-Real-Time Ionospheric Model,2022,IEEE Transactions on Geoscience and Remote Sensing,IEEE,Peer-reviewed journal article,Thayananthan Thayaparan; Hannah Villeneuve; David Russel Themens; Benjamin Reid; Michael Warrington; Taylor Cameron; Robyn Fiori,CHAIN; ECHAIM,unverified,0,2
10.1109/tgrs.2023.3307901,BDS-3 B1I Signal Tracking Error Characteristic and Its Advantage in PPP Under Ionospheric Scintillation at Low Latitudes,2023,IEEE Transactions on Geoscience and Remote Sensing,IEEE,Peer-reviewed journal article,Xiaomin Luo; Houpu Li; Xiaopeng Gong; Zichun Xie; Yujie Li,CHAIN,unverified,0,1
10.1109/tgrs.2024.3367420,GPS-Based Ionospheric Tomography From the Combination of PolSAR and E-CHAIM,2024,IEEE Transactions on Geoscience and Remote Sensing,IEEE,Peer-reviewed journal article,Cheng Wang; Hai-Sheng Zhao; Li-Ming Wang; Le Cao; Zan-Yang Xing; Yuan-Yuan Zhang,ECHAIM; CHAIN,unverified,0,2
10.1109/tgrs.2025.3600357,Analysis of Global Ionospheric Responses to the May 2024 Super Geomagnetic Storm Using Multi-Instrument Observation,2025,IEEE Transactions on Geoscience and Remote Sensing,IEEE,Peer-reviewed journal article,Jiayu Hu; Shengfeng Gu; Yazhou Sun; Xiaomin Luo; Bo Wang; Bo Liu,CHAIN,unverified,0,1
10.1109/tgrs.2025.3635770,Improving the NeQuick Model in the Plasmasphere Through Radio Occultation and POD TEC Observations,2025,IEEE Transactions on Geoscience and Remote Sensing,IEEE,Peer-reviewed journal article,Alessio Pignalberi; Bruno Nava; Fabricio Prol; Haris Haralambous; David Russel Themens; Artem Smirnov; Michael Pezzopane; Pierdavide Coïsson,ECHAIM; CHAIN,unverified,0,2
10.1109/tps.2022.3157958,Characterization of Jason-3 Spacecraft Surface Charging in LEO Polar Regions From AMBER Observations,2022,IEEE Transactions on Plasma Science,IEEE,Peer-reviewed journal article,Florine Enengl; Mika K. G. Holmberg; Fabrice Cipriani; Jean-Andre Sauvaud; Denis Payan; Jean-Charles Mateo-Velez; Angelica Sicard; Benoit Lavraud,CARISMA,unverified,0,1
10.1109/ursigass.2011.6050969,Modelling of relative mode power received on RRI experiment on ePOP satellite mission,2011,2011 XXXth URSI General Assembly and Scientific Symposium,IEEE,Conference paper,Glenn C. Hussey; Robert G. Gillies; George J. Sofko; H. Gordon James,SuperDARN_CA; SuperDARN,unverified,0,2
10.1109/ursigass.2011.6051030,Comparative study of riometer absorption and GPS TEC during absorption events in the high latitude ionosphere,2011,2011 XXXth URSI General Assembly and Scientific Symposium,IEEE,Conference paper,C. Watson; Periyadan T. Jayachandran; Donald W. Danskin; John W. MacDougall,CHAIN,unverified,0,1
10.1109/ursigass.2011.6123722,GPS phase scintillation and HF radar backscatter occurrence in the high-latitude ionosphere,2011,2011 XXXth URSI General Assembly and Scientific Symposium,IEEE,Conference paper,Paul Prikryl; Periyadan T. Jayachandran; Sajan C. Mushini; Richard Chadwick,CHAIN,unverified,0,1
10.1109/ursigass.2014.6929716,D-region HF absorption models incorporating real-time riometer measurements,2014,2014 XXXIth URSI General Assembly and Scientific Symposium (URSI GASS),IEEE,Conference paper,Neil Rogers; Farideh Honary,CANOPUS,unverified,0,1
10.1109/ursigass.2014.6929726,On the relation between auroral &amp;#x201C;scintillation&amp;#x201D; and &amp;#x201C;phase without amplitude&amp;#x201D; scintillation: Initial investigations,2014,2014 XXXIth URSI General Assembly and Scientific Symposium (URSI GASS),IEEE,Conference paper,Sajan C. Mushini; Eric Donovan; Periyadan T. Jayachandran; Richard B. Langley; Paul Prikryl; Emma Spanswick,THEMIS ASI; CHAIN,unverified,0,2
10.1109/usnc-ursi.2015.7303561,Identification of the plasma instabilities responsible for mid-latitude decameter-scale ionospheric irregularities,2015,2015 USNC-URSI Radio Science Meeting (Joint with AP-S Symposium),IEEE,Conference paper,Wayne A. Scales; A. Eltrass; Philip J. Erickson; J. M. Ruohoniemi; Joseph Benjamin Harold Baker,SuperDARN,unverified,0,1
10.1109/wisee44079.2020.9262655,On the latitude-dependence of the GPS phase variation index in the polar region,2020,2020 IEEE International Conference on Wireless for Space and Extreme Environments (WiSEE),IEEE,Conference paper,Karim Meziane; Anton Kashcheyev; Periyadan T. Jayachandran; Abdelhaq M. Hamza,CHAIN,unverified,0,1
10.1109/wisee50203.2021.9613835,Probabilistic Short-wave Fadeout Detection in SuperDARN Time Series Observations,2021,2021 IEEE International Conference on Wireless for Space and Extreme Environments (WiSEE),IEEE,Conference paper,Shibaji Chakraborty; Joseph Benjamin Harold Baker; J. Michael Ruohoniemi,SuperDARN,unverified,0,1
10.1117/12.2690977.short,DOI only: 10.1117/12.2690977.short,,,,Unknown,,SuperDARN,unverified,0,1
10.1117/12.617801,Low-cost multi-band ground-based imaging of the aurora,2005,SPIE Proceedings,SPIE,Conference paper,Mikko T. Syrjasuo; Brian J. Jackel; Eric F. Donovan; Trond S. Trondsen; Mike Greffen,Rainbow; AGO,verified,2,2
10.1126/sciadv.aaq0030,New science in plain sight: Citizen scientists lead to the discovery of optical structure in the upper atmosphere,2018,Science Advances,AAAS,Peer-reviewed journal article,Elizabeth A. MacDonald; Eric Donovan; Yukitoshi Nishimura; Nathan A. Case; D. Megan Gillies; Bea Gallardo-Lacourt; William E. Archer; Emma L. Spanswick; Notanee Bourassa; Martin Connors; Matthew Heavner; Brian Jackel; Burcu Kosar; David J. Knudsen; Chris Ratzlaff; Ian Schofield,THEMIS ASI; FESO,unverified,0,2
10.1126/sciadv.adn5276,Exceptionally gigantic aurora in the polar cap on a day when the solar wind almost disappeared,2024,Science Advances,AAAS,Peer-reviewed journal article,Keisuke Hosokawa; Ryuho Kataoka; Takuo T. Tsuda; Yasunobu Ogawa; Satoshi Taguchi; Yongliang Zhang; Larry J. Paxton,THEMIS ASI,unverified,0,1
10.1126/science.1160495,Tail Reconnection Triggering Substorm Onset,2008,Science,AAAS,Peer-reviewed journal article,Vassilis Angelopoulos; James P. McFadden; Davin Larson; Charles W. Carlson; Stephen B. Mende; Harald Frey; Tai Phan; David G. Sibeck; Karl-Heinz Glassmeier; Uli Auster; Eric Donovan; Ian. R. Mann; I. Jonathan Rae; Christopher T. Russell; Andrei Runov; Xu-Zhi Zhou; Larry Kepko,THEMIS ASI,unverified,0,1
10.1126/science.1193186,Identifying the Driver of Pulsating Aurora,2010,Science,AAAS,Peer-reviewed journal article,Yukitoshi Nishimura; Jacob Bortnik; W. Li; R. M. Thorne; L. R. Lyons; V. Angelopoulos; Stephen B. Mende; John W. Bonnell; Olivier Le Contel; Christopher Cully; R. Ergun; Uli Auster,THEMIS ASI,unverified,0,1
10.1126/science.1231487,Direct Observations of the Evolution of Polar Cap Ionization Patches,2013,Science,AAAS,Peer-reviewed journal article,Qing-He Zhang; Bei-Chen Zhang; Michael Lockwood; Hong-Qiao Hu; Jøran Moen; J. Michael Ruohoniemi; Evan G. Thomas; Shun-Rong Zhang; Hui-Gen Yang; Rui-Yuan Liu; Kathryn A. McWilliams; Joseph Benjamin Harold Baker,SuperDARN,unverified,0,1
10.1126/science.ado9966,Carbonates identified by the Curiosity rover indicate a carbon cycle operated on ancient Mars,2025,Science,AAAS,Peer-reviewed journal article,Benjamin M. Tutolo; Elisabeth M. Hausrath; Edwin S. Kite; Elizabeth B. Rampe; Thomas F. Bristow; Robert T. Downs; Allan Treiman; Tanya S. Peretyazhko; Michael T. Thorpe; John P. Grotzinger; Amelie L. Roberts; P. Douglas Archer; David J. Des Marais; David F. Blake; David T. Vaniman; Shaunna M. Morrison; Steve Chipera; Robert M. Hazen; Richard V. Morris; Valerie M. Tu; Sarah L. Simpson; Aditi Pandey; Albert Yen; Stephen R. Larter; Patricia Craig; Nicholas Castle; Douglas W. Ming; Johannes M. Meusburger; Abigail A. Fraeman; David G. Burtt; Heather B. Franz; Brad Sutter; Joanna V. Clark; William Rapin; John C. Bridges; Matteo Loche; Patrick Gasda; Jens Frydenvang; Ashwin R. Vasavada,FESO,verified,1,1
10.1134/s0001433825700483,"An Electrical Storm during a Magnetic Storm on April 5, 2010",2024,"Izvestiya, Atmospheric and Oceanic Physics",Pleiades Publishing,Peer-reviewed journal article,V. A. Pilipenko; S. E. Smirnov; A. V. Frank-Kamenetsky; V. A. Martinez-Bedenko,SuperDARN,unverified,0,1
10.1134/s0002333718050125,Геомагнитный и ионосферный отклики на межпланетную ударную волну 17 марта 2015 г.,2018,Физика Земли,The Russian Academy of Sciences,Peer-reviewed journal article,В. А. Пилипенко,SuperDARN; CARISMA,unverified,0,2
10.1134/s001095251001003x,Effect of large and sharp changes of solar wind dynamic pressure on the earths’s magnetosphere: analysis of several events,2010,Cosmic Research,Pleiades Publishing,Peer-reviewed journal article,N. L. Borodkova,CARISMA,verified,1,1
10.1134/s0010952516010111,"Pulsating aurora and quasiperiodic VLF hiss in the auroral zone morning sector: The event of December 30, 2011",2016,Cosmic Research,Pleiades Publishing,Peer-reviewed journal article,B. V. Kozelov; J. Manninen; E. E. Titova,SuperDARN,unverified,0,1
10.1134/s0010952516010147,Effect of magnetic storms and substorms on GPS slips at high latitudes,2016,Cosmic Research,Pleiades Publishing,Peer-reviewed journal article,Victor I. Zakharov; Yu. V. Yasyukevich; M. A. Titova,CHAIN,unverified,0,1
10.1134/s0010952517060077,Large-scale irregularities of the winter polar topside ionosphere according to data from Swarm satellites,2017,Cosmic Research,Pleiades Publishing,Peer-reviewed journal article,Renata Yu. Lukianova; Sh. R. Bogoutdinov,SuperDARN,unverified,0,1
10.1134/s0010952519020072,Response of Ionospheric Total Electron Content to Convective Vortices,2019,Cosmic Research,Pleiades Publishing,Peer-reviewed journal article,V. E. Pronin; V. A. Pilipenko; Victor I. Zakharov; D. L. Murr; V. A. Martines-Bedenko,CARISMA,unverified,0,1
10.1134/s0010952522060090,Development of the Total Westward Auroral Electrojet Current Estimates during Intense Substorms,2022,Cosmic Research,Pleiades Publishing,Peer-reviewed journal article,A. A. Petrukovich; M. A. Evdokimova; S. V. Apatenkov,CARISMA,unverified,0,1
10.1134/s0016793211040050,"Generation of magnetic field Pc5 pulsations and particle fluxes during the recovery phase of a magnetic storm on October 31, 2003",2011,Geomagnetism and Aeronomy,Pleiades Publishing,Peer-reviewed journal article,Vladimir B. Belakhovsky; V. A. Pilipenko,GO_RIO,unverified,0,1
10.1134/s0016793212050064,Variations in the near-surface atmospheric electric field at high latitudes and ionospheric potential during geomagnetic perturbations,2012,Geomagnetism and Aeronomy,Pleiades Publishing,Peer-reviewed journal article,A. V. Frank-Kamenetskii; A. L. Kotikov; A. A. Kruglov; G. B. Burns; Natalia G. Kleimenova; Olga V. Kozyreva; M. Kubitski; A. Odzimek,SuperDARN,unverified,0,1
10.1134/s0016793214020121,Features of poleward expansion of the outer radiation belt during magnetospheric substorms,2014,Geomagnetism and Aeronomy,Pleiades Publishing,Peer-reviewed journal article,L. L. Lazutin,CARISMA,unverified,0,1
10.1134/s0016793215010107,"On the magnetic precursor of the Chilean earthquake of February 27, 2010",2015,Geomagnetism and Aeronomy,Pleiades Publishing,Peer-reviewed journal article,N. V. Romanova; V. A. Pilipenko; M. V. Stepanova,CARISMA; GO_RIO,unverified,0,2
10.1134/s0016793215010144,Spectral slope of high-latitude geomagnetic disturbances in the frequency range 1–5 mHz. Control parameters inside and outside the magnetosphere,2015,Geomagnetism and Aeronomy,Pleiades Publishing,Peer-reviewed journal article,N. V. Yagova,CARISMA,unverified,0,1
10.1134/s0016793215020103,On the physical nature of auroral breakup precursors as observed in an event on 5 March 2008,2015,Geomagnetism and Aeronomy,Pleiades Publishing,Peer-reviewed journal article,Ilya A. Kornilov; Tatyana A. Kornilova; I. V. Golovchanskaya,THEMIS ASI,unverified,0,1
10.1134/s001679321506002x,"Features of Pc5 pulsations in the geomagnetic field, auroral luminosity, and Riometer absorption",2016,Geomagnetism and Aeronomy,Pleiades Publishing,Peer-reviewed journal article,Vladimir B. Belakhovsky; V. A. Pilipenko; S. N. Samsonov; D. Lorentsen,Single Beam Riometer; GO_RIO,unverified,0,2
10.1134/s0016793216030051,"Daytime geomagnetic disturbances at high latitudes during a strong magnetic storm of June 21–23, 2015: The storm initial phase",2016,Geomagnetism and Aeronomy,Pleiades Publishing,Peer-reviewed journal article,Liudmila I. Gromova; Natalia G. Kleimenova; A. E. Levitin; S. V. Gromov; L. A. Dremukhina; N. R. Zelinskii,SuperDARN,unverified,0,1
10.1134/s0016793216060037,Response of the night aurora to a negative sudden impulse,2016,Geomagnetism and Aeronomy,Pleiades Publishing,Peer-reviewed journal article,Vladimir B. Belakhovsky; V. G. Vorobjev,CARISMA; GO_RIO,unverified,0,2
10.1134/s0016793219030125,"Hertz Range Pulsations during Recovery Phase of the Magnetic Storm on September 7–8, 2017, and Relation between their Dynamics and Changes in the Parameters of the Interplanetary Medium",2019,Geomagnetism and Aeronomy,Pleiades Publishing,Peer-reviewed journal article,Vladimir V. Safargaleev; P. E. Tereshchenko,CARISMA,unverified,0,1
10.1134/s0016793220050035,Identification of Vortex Currents in the Ionosphere and Estimation of Their Parameters Based on Ground Magnetic Data,2020,Geomagnetism and Aeronomy,Pleiades Publishing,Peer-reviewed journal article,V. E. Chinkin; A. A. Soloviev; V. A. Pilipenko,CARISMA,unverified,0,1
10.1134/s0016793223600832,"Scenario for the Formation of Vortexlike Structures in a Presubstorm Arc, Taking into Account Changes in the Arc Height during Its Evolution",2024,Geomagnetism and Aeronomy,Pleiades Publishing,Peer-reviewed journal article,Vladimir V. Safargaleev; T. I. Sergienko; A. L. Kotikov; A. V. Safargaleev,SuperDARN,unverified,0,1
10.1134/s001679401903012x,Пульсации герцового диапазона на фазе восстановления магнитной бури 7–8.09.2017 г. и связь их динамики с изменениями параметров межпланетной среды,2019,Геомагнетизм и аэрономия,Pleiades Publishing,Peer-reviewed journal article,В. В. Сафаргалеев,CARISMA,unverified,0,1
10.1134/s1062873825715338,Contribution of Poloidal Pc4 Pulsations to the Acceleration of Electrons to Relativistic Energies in the Outer Radiation Belt,2026,Bulletin of the Russian Academy of Sciences: Physics,Pleiades Publishing,Peer-reviewed journal article,Vladimir B. Belakhovsky; V. A. Pilipenko,CARISMA,unverified,0,1
10.1134/s1069351318050129,"Geomagnetic and Ionospheric Responses to the Interplanetary Shock Wave of March 17, 2015",2018,"Izvestiya, Physics of the Solid Earth",Pleiades Publishing,Peer-reviewed journal article,V. A. Pilipenko; M. Bravo; N. V. Romanova; Olga V. Kozyreva; S. N. Samsonov; Ya. A. Sakharov,SuperDARN; CARISMA,unverified,0,2
10.1139/p06-090,Using colour in auroral imaging,2007,Canadian Journal of Physics,Canadian Science Publishing,Peer-reviewed journal article,Noora Partamies; Mikko Syrjäsuo; Eric Donovan,Rainbow; AGO,partially_verified,1,2
10.1139/p95-029,The SAPPHIRE auroral radar system,1995,Canadian Journal of Physics,Canadian Science Publishing,Peer-reviewed journal article,James A. Koehler; George J. Sofko; Dieter André; M. Maguire; R. Osterried; M. McKibben; J. Mu; Donald Danskin; A. Ortlepp,SuperDARN_CA; SuperDARN,unverified,0,2
10.1142/9789812838209_0018,TOWARD A NEW ERA OF CANADIAN GROUND-BASED RESEARCH OF GEOSPACE SCIENCE,2010,Advances in Geosciences - A 6-Volume Set,World Scientific Publishing Co. Pte. Ltd.,Book chapter,William Liu; John Manuel; Richard Giroux,THEMIS ASI; SuperDARN_CA; SuperDARN,unverified,0,3
10.1145/3009939.3009954,Slicing the Aurora,2016,Proceedings of the 2016 ACM Companion on Interactive Surfaces and Spaces,ACM,Conference paper,Sebastian Lay; Jo Vermeulen; Charles Perin; Eric Donovan; Raimund Dachselt; Sheelagh Carpendale,AuroraMAX,verified,1,1
10.1145/3357767.3357768,Choice of a model of the ionosphere to use in high latitudes,2019,Proceedings of the Eighth International Conference on Telecommunications and Remote Sensing,ACM,Conference paper,Olga Maltseva,CHAIN; ECHAIM,unverified,0,2
10.1145/3430116.3430117,Role of Space Weather in Determining the State of the Ionosphere,2020,Proceedings of the 9th International Conference on Telecommunications and Remote Sensing,ACM,Conference paper,Olga Maltseva,CHAIN; ECHAIM,unverified,0,2
10.1145/986278.986289,Workshop report,2004,ACM SIGIR Forum,ACM,Peer-reviewed journal article,Shu-Ching Chen; Mei-Ling Shyu,THEMIS ASI,unverified,0,1
10.1155/2011/207514,Effects of Abrupt Variations of Solar Wind Dynamic Pressure on the High-Latitude Ionosphere,2011,International Journal of Geophysics,Wiley,Peer-reviewed journal article,Igino Coco; Ermanno Amata; Maria Federica Marcucci; Danila Ambrosino; Simon G. Shepherd,SuperDARN,unverified,0,1
10.11728/cjss2021.02.261,Impact of Geomagnetic Storms on Ionosphere Variability and Precise Point Positioning Application in High Latitudes of the Northern Hemisphereormalsize,2021,Chinese Journal of Space Science,"National Space Science Center, Chinese Academy of Sciences",Peer-reviewed journal article,Ge Wang; Ningbo Wang; Zishen Li; Kai Zhou; Ang Liu,CHAIN,unverified,0,1
10.11728/cjss2023.04.2022-0028,Comparison of Characteristics of F-region Irregularities Scattering Occurrence Rate Based on the Observation of the Jiamusi Radar and Hokkaido East Radar,2023,Chinese Journal of Space Science,"National Space Science Center, Chinese Academy of Sciences",Peer-reviewed journal article,Wei Wang; Jiaojiao Zhang; Chi Wang; Xiang Deng; Ailan Lan; Jingye Yan,SuperDARN,unverified,0,1
10.11728/cjss2024.05.2023-0136,Application of Deep Clustering Algorithm in Target Echo Classification of SuperDARN Radar,2024,Chinese Journal of Space Science,"National Space Science Center, Chinese Academy of Sciences",Peer-reviewed journal article,Xing Kong; Erxiao Liu; Fengju Chen; Lei Qiao,SuperDARN,unverified,0,1
10.11728/cjss2025.02.2024-0057,Preliminary Analysis of Observation Data by High Frequency Radars of the CN-DARN,2025,Chinese Journal of Space Science,"National Space Science Center, Chinese Academy of Sciences",Peer-reviewed journal article,Hang Li; Jiaojiao Zhang; Wei Wang; Xiang Deng; Ailan Lan; Runzhi Zhang; Jingye Yan; Chi Wang,SuperDARN,unverified,0,1
10.1177/00207020211048424,Sensing the Arctic: Situational awareness and the future of northern security,2021,International Journal: Canada's Journal of Global Policy Analysis,SAGE Publications,Peer-reviewed journal article,Benjamin T. Johnson,CHAIN,unverified,0,1
10.1186/1880-5981-66-62,High-latitude GPS phase scintillation and cycle slips during high-speed solar wind streams and interplanetary coronal mass ejections: a superposed epoch analysis,2014,"Earth, Planets and Space",Springer Nature,Peer-reviewed journal article,Paul Prikryl; Periyadan T. Jayachandran; Sajan C. Mushini; Ian G. Richardson,CHAIN,unverified,0,1
10.1186/bf03352020,Initial studies of high latitude magnetic field data during different magnetospheric conditions,2007,"Earth, Planets and Space",Springer Nature,Peer-reviewed journal article,D. O. Cersosimo; J. A. Wanliss,CANOPUS,unverified,0,1
10.1186/s40562-016-0044-5,Relation of the auroral substorm to the substorm current wedge,2016,Geoscience Letters,Springer Nature,Peer-reviewed journal article,Robert L. McPherron; Xiangning Chu,THEMIS ASI,unverified,0,1
10.1186/s40562-016-0057-0,Impact and mitigation of space weather effects on GNSS receiver performance,2016,Geoscience Letters,Springer Nature,Peer-reviewed journal article,Veettil Sreeja,CHAIN,unverified,0,1
10.1186/s40562-017-0075-6,Auroral streamer and its role in driving wave-like pre-onset aurora,2017,Geoscience Letters,Springer Nature,Peer-reviewed journal article,Zhonghua Yao; Z. Y. Pu; I. Jonathan Rae; A. Radioti; Marina V. Kubyshkina,THEMIS ASI,unverified,0,1
10.1186/s40562-017-0089-0,Using ultra-low frequency waves and their characteristics to diagnose key physics of substorm onset,2017,Geoscience Letters,Springer Nature,Peer-reviewed journal article,I. Jonathan Rae; Kyle R. Murphy; Clare E. J. Watt; Ian. R. Mann; Zhonghua Yao; Nadine M. E. Kalmoni; Colin Forsyth; David K. Milling,THEMIS ASI; CANOPUS; CARISMA,partially_verified,1,3
10.1186/s40623-015-0291-2,Simultaneous ground-based optical and SuperDARN observations of the shock aurora at MLT noon,2015,"Earth, Planets and Space",Springer Nature,Peer-reviewed journal article,Jianjun Liu; Hongqiao Hu; Desheng Han; Huigen Yang; Mark Lester,THEMIS ASI; SuperDARN,unverified,0,2
10.1186/s40623-015-0302-3,Observations of field-aligned ionospheric irregularities during quiet and disturbed conditions with EKB radar: first results,2015,"Earth, Planets and Space",Springer Nature,Peer-reviewed journal article,Oleg I. Berngardt; Nina A. Zolotukhina; Alexey V. Oinats,SuperDARN,unverified,0,1
10.1186/s40623-015-0310-3,Application of ground scatter returns for calibration of HF interferometry data,2015,"Earth, Planets and Space",Springer Nature,Peer-reviewed journal article,Pavlo Ponomarenko; Nozomu Nishitani; Alexey V. Oinats; Taishi Tsuya; Jean-Pierre St.-Maurice,SuperDARN,unverified,0,1
10.1186/s40623-015-0315-y,Inverting magnetic meridian data using nonlinear optimization,2015,"Earth, Planets and Space",Springer Nature,Peer-reviewed journal article,Martin Connors; Gordon Rostoker,AUTUMNX; CARISMA,partially_verified,1,2
10.1186/s40623-015-0334-8,Relationship between wave-like auroral arcs and Pi2 disturbances in plasma sheet prior to substorm onset,2015,"Earth, Planets and Space",Springer Nature,Peer-reviewed journal article,Tzu-Fang Chang; Chio-Zong Cheng,THEMIS ASI,unverified,0,1
10.1186/s40623-015-0354-4,"The AUTUMNX magnetometer meridian chain in Québec, Canada",2016,"Earth, Planets and Space",Springer Nature,Peer-reviewed journal article,Martin Connors; Ian Schofield; Kyle Reiter; Peter J. Chi; Kathryn M. Rowe; Christopher T. Russell,AUTUMNX,verified,1,1
10.1186/s40623-015-0360-6,IMF-By dependence of transient ionospheric flow perturbation associated with sudden impulses: SuperDARN observations,2015,"Earth, Planets and Space",Springer Nature,Peer-reviewed journal article,Tomoaki Hori; Atsuki Shinbori; Shigeru Fujita; Nozomu Nishitani,SuperDARN,unverified,0,1
10.1186/s40623-015-0363-3,"The February 24, 2010 substorm: a refined view involving a pseudobreakup/expansive phase/poleward boundary intensification sequence",2015,"Earth, Planets and Space",Springer Nature,Peer-reviewed journal article,Martin Connors; Christopher T. Russell; Xiangning Chu; Robert L. McPherron,THEMIS ASI; CANOPUS,unverified,0,2
10.1186/s40623-016-0390-8,Statistical characteristics of medium-scale traveling ionospheric disturbances revealed from the Hokkaido East and Ekaterinburg HF radar data,2016,"Earth, Planets and Space",Springer Nature,Peer-reviewed journal article,Alexey V. Oinats; Nozomu Nishitani; Pavlo Ponomarenko; Oleg I. Berngardt; Konstantin G. Ratovsky,SuperDARN,unverified,0,1
10.1186/s40623-016-0476-3,Observations of high-latitude geomagnetic field fluctuations during St. Patrick’s Day storm: Swarm and SuperDARN measurements,2016,"Earth, Planets and Space",Springer Nature,Peer-reviewed journal article,Paola De Michelis; Giuseppe Consolini; Roberta Tozzi; Maria Federica Marcucci,SuperDARN,unverified,0,1
10.1186/s40623-016-0506-1,High-latitude ionospheric irregularities: differences between ground- and space-based GPS measurements during the 2015 St. Patrick’s Day storm,2016,"Earth, Planets and Space",Springer Nature,Peer-reviewed journal article,Iurii Cherniak; Irina Zakharenkova,SuperDARN,unverified,0,1
10.1186/s40623-016-0524-z,Analysis of close conjunctions between dayside polar cap airglow patches and flow channels by all-sky imager and DMSP,2016,"Earth, Planets and Space",Springer Nature,Peer-reviewed journal article,Boyi Wang; Yukitoshi Nishimura; Larry R. Lyons; Ying Zou; Herbert C. Carlson; Harald U. Frey; Stephen B. Mende,THEMIS ASI,unverified,0,1
10.1186/s40623-017-0652-0,New advantages of the combined GPS and GLONASS observations for high-latitude ionospheric irregularities monitoring: case study of June 2015 geomagnetic storm,2017,"Earth, Planets and Space",Springer Nature,Peer-reviewed journal article,Iurii Cherniak; Irina Zakharenkova,CHAIN,unverified,0,1
10.1186/s40623-017-0688-1,Morphologies of omega band auroras,2017,"Earth, Planets and Space",Springer Nature,Peer-reviewed journal article,Natsuo Sato; Akira Sessai Yukimatu; Yoshimasa Tanaka; Tomoaki Hori,THEMIS ASI,unverified,0,1
10.1186/s40623-017-0696-1,"Geomagnetic and ionospheric response to the interplanetary shock on January 24, 2012",2017,"Earth, Planets and Space",Springer Nature,Peer-reviewed journal article,Vladimir B. Belakhovsky; V. A. Pilipenko; Ya. A. Sakharov; D. L. Lorentzen; S. N. Samsonov,CARISMA,unverified,0,1
10.1186/s40623-017-0707-2,Near-Earth plasma sheet boundary dynamics during substorm dipolarization,2017,"Earth, Planets and Space",Springer Nature,Peer-reviewed journal article,Rumi Nakamura; Tsugunobu Nagai; Joachim Birn; Victor A. Sergeev; Olivier Le Contel; Ali Varsani; Wolfgang Baumjohann; Takuma Nakamura; Sergey Apatenkov; Anton Artemyev; Robert E. Ergun; Stephen A. Fuselier; Daniel J. Gershman; Barbara J. Giles; Yuri V. Khotyaintsev; Per-Arne Lindqvist; Werner Magnes; Barry Mauk; Christopher T. Russell; Howard J. Singer; Julia Stawarz; Robert J. Strangeway; Brian Anderson; Ken R. Bromund; David Fischer; Laurence Kepko; Guan Le; Ferdinand Plaschke; James A. Slavin; Ian Cohen; Allison Jaynes; Drew L. Turner,CARISMA,unverified,0,1
10.1186/s40623-018-0843-3,Simultaneous observation of auroral substorm onset in Polar satellite global images and ground-based all-sky images,2018,"Earth, Planets and Space",Springer Nature,Peer-reviewed journal article,Akimasa Ieda; Kirsti Kauristie; Yukitoshi Nishimura; Yukinaga Miyashita; Harald U. Frey; Liisa Juusola; Daniel Whiter; Masahito Nosé; Matthew O. Fillingim; Farideh Honary; Neil Christopher Rogers; Yoshizumi Miyoshi; Tsubasa Miura; Takahiro Kawashima; Shinobu Machida,THEMIS ASI,unverified,0,1
10.1186/s40623-018-0857-x,Stormtime substorm onsets: occurrence and flow channel triggering,2018,"Earth, Planets and Space",Springer Nature,Peer-reviewed journal article,Larry R. Lyons; Ying Zou; Yukitoshi Nishimura; Bea Gallardo-Lacourt; Vassilis Angelopulos; Eric F. Donovan,THEMIS ASI,verified,1,1
10.1186/s40623-018-0899-0,Proton auroras during the transitional stage of substorm onset,2018,"Earth, Planets and Space",Springer Nature,Peer-reviewed journal article,Jun Liang; Eric Donovan; Deborah Gillies; Emma Spanswick; Martin Connors,THEMIS ASI; FESO; Rainbow; AGO,partially_verified,2,4
10.1186/s40623-018-0933-2,"Ground geomagnetic field and GIC response to March 17, 2015, storm",2018,"Earth, Planets and Space",Springer Nature,Peer-reviewed journal article,Olga V. Kozyreva; Vyacheslav A. Pilipenko; Vladimir B. Belakhovsky; Yaroslav A. Sakharov,CARISMA,unverified,0,1
10.1186/s40623-018-0962-x,"A new five-wavelength photometer operated in Tromsø (69.6°N, 19.2°E)",2018,"Earth, Planets and Space",Springer Nature,Peer-reviewed journal article,Satonori Nozawa; Tetsuya Kawabata; Keisuke Hosokawa; Yasunobu Ogawa; Takuo Tsuda; Akira Mizuno; Ryoichi Fujii; Chris Hall,REGO,unverified,0,1
10.1186/s40623-019-1072-0,"Thermospheric wind variations observed by a Fabry–Perot interferometer at Tromsø, Norway, at substorm onsets",2019,"Earth, Planets and Space",Springer Nature,Peer-reviewed journal article,Heqiucen Xu; Kazuo Shiokawa; Shin-ichiro Oyama; Yuichi Otsuka,SuperDARN,unverified,0,1
10.1186/s40623-019-1092-9,Occurrence of F region echoes for the polar cap SuperDARN radars,2019,"Earth, Planets and Space",Springer Nature,Peer-reviewed journal article,Alexander V. Koustov; Sydney Ullrich; Pavlo V. Ponomarenko; Nozomu Nishitani; Federica M. Marcucci; William. A. Bristow,RISR-C; SuperDARN_CA; SuperDARN,partially_verified,1,3
10.1186/s40623-019-1093-8,High-latitude thermospheric wind study using a Fabry–Perot interferometer at Tromsø in Norway: averages and variations during quiet times,2019,"Earth, Planets and Space",Springer Nature,Peer-reviewed journal article,Heqiucen Xu; Kazuo Shiokawa; Shin-ichiro Oyama; Satonori Nozawa,SuperDARN,unverified,0,1
10.1186/s40623-020-01168-4,A framework for estimating spherical vector fields using localized basis functions and its application to SuperDARN data processing,2020,"Earth, Planets and Space",Springer Nature,Peer-reviewed journal article,S. Nakano; T. Hori; Kanako Seki; Nozomu Nishitani,SuperDARN_CA; SuperDARN,unverified,0,2
10.1186/s40623-020-01170-w,Comparison of SuperDARN peak electron density estimates based on elevation angle measurements to ionosonde and incoherent scatter radar measurements,2020,"Earth, Planets and Space",Springer Nature,Peer-reviewed journal article,Alexander V. Koustov; Sydney Ullrich; Pavlo V. Ponomarenko; Robert G. Gillies; David Russel Themens; Nozomu Nishitani,RISR-C; CHAIN; ECHAIM; SuperDARN_CA; SuperDARN,unverified,0,5
10.1186/s40623-020-01196-0,Penetration electric fields observed at middle and low latitudes during the 22 June 2015 geomagnetic storm,2020,"Earth, Planets and Space",Springer Nature,Peer-reviewed journal article,Kumiko K. Hashimoto; Takashi Kikuchi; Ichiro Tomizawa; Keisuke Hosokawa; Jaroslav Chum; Dalia Buresova; Masahito Nose; Kiyokazu Koga,SuperDARN,unverified,0,1
10.1186/s40623-020-01234-x,Relative contributions of large-scale and wedgelet currents in the substorm current wedge,2020,"Earth, Planets and Space",Springer Nature,Peer-reviewed journal article,Yukitoshi Nishimura; L. R. Lyons; Christine Gabrielse; James Michael Weygand; Eric F. Donovan; V. Angelopoulos,THEMIS ASI,unverified,0,1
10.1186/s40623-021-01376-6,"Model-based reproduction and validation of the total spectra of a solar flare and their impact on the global environment at the X9.3 event of September 6, 2017",2021,"Earth, Planets and Space",Springer Nature,Peer-reviewed journal article,Kyoko Watanabe; Hidekatsu Jin; Shohei Nishimoto; Shinsuke Imada; Toshiki Kawai; Tomoko Kawate; Yuichi Otsuka; Atsuki Shinbori; Takuya Tsugawa; Michi Nishioka,CHAIN,unverified,0,1
10.1186/s40623-022-01665-8,Electromagnetic conjugacy of ionospheric disturbances after the 2022 Hunga Tonga-Hunga Ha’apai volcanic eruption as seen in GNSS-TEC and SuperDARN Hokkaido pair of radars observations,2022,"Earth, Planets and Space",Springer Nature,Peer-reviewed journal article,Atsuki Shinbori; Yuichi Otsuka; Takuya Sori; Michi Nishioka; Septi Perwitasari; Takuo Tsuda; Nozomu Nishitani,CHAIN; SuperDARN,unverified,0,2
10.1186/s40623-022-01668-5,"The swarm Langmuir probe ion drift, density and effective mass (SLIDEM) product",2022,"Earth, Planets and Space",Springer Nature,Peer-reviewed journal article,Ivan P. Pakhotin; Johnathan K. Burchill; Matthias Förster; L. Lomidze,RISR-C,unverified,0,1
10.1186/s40623-022-01682-7,"Geomagnetic conjugacy of plasma bubbles extending to mid-latitudes during a geomagnetic storm on March 1, 2013",2022,"Earth, Planets and Space",Springer Nature,Peer-reviewed journal article,Takuya Sori; Yuichi Otsuka; Atsuki Shinbori; Michi Nishioka; Septi Perwitasari,CHAIN,unverified,0,1
10.1186/s40623-023-01867-8,How variable are Birkeland currents?,2023,"Earth, Planets and Space",Springer Nature,Peer-reviewed journal article,Johnathan K. Burchill,THEMIS ASI,unverified,0,1
10.1186/s40623-023-01876-7,On new two-dimensional UHF radar observations of equatorial spread F at the Jicamarca Radio Observatory,2023,"Earth, Planets and Space",Springer Nature,Peer-reviewed journal article,F. S. Rodrigues; M. A. Milla; D. Scipion; J. M. Apaza; K. M. Kuyeng; J. Sousasantos; A. A. Massoud; C. Padin,RISR-C,unverified,0,1
10.1186/s40623-023-01930-4,New aspects of the upper atmospheric disturbances caused by the explosive eruption of the 2022 Hunga Tonga–Hunga Ha’apai volcano,2023,"Earth, Planets and Space",Springer Nature,Peer-reviewed journal article,Atsuki Shinbori; Yuichi Otsuka; Takuya Sori; Michi Nishioka; Perwitasari Septi; Takuo Tsuda; Nozomu Nishitani; Atsushi Kumamoto; Fuminori Tsuchiya; Shoya Matsuda; Yoshiya Kasahara; Ayako Matsuoka; Satoko Nakamura; Yoshizumi Miyoshi; Iku Shinohara,CHAIN,unverified,0,1
10.1186/s40623-024-01995-9,Post-midnight purple arc and patches appeared on the high latitude part of the auroral oval: Dawnside counterpart of STEVE?,2024,"Earth, Planets and Space",Springer Nature,Peer-reviewed journal article,Sota Nanjo; Gabriel Arne Hofstra; Kazuo Shiokawa; Atsuki Shinbori; Satonori Nozawa; Keisuke Hosokawa,THEMIS ASI,unverified,0,1
10.1186/s40623-024-02101-9,Relation between magnetopause position and reconnection rate under quasi-steady solar wind dynamic pressure,2024,"Earth, Planets and Space",Springer Nature,Peer-reviewed journal article,Hyangpyo Kim; Hyunju Kim Connor; Ying Zou; Jaeheung Park; Rumi Nakamura; Kathryn McWilliams,SuperDARN_CA; SuperDARN,unverified,0,2
10.1186/s40623-025-02264-z,Suppression of ion heating in the cusp during plasma flow burst,2025,"Earth, Planets and Space",Springer Nature,Peer-reviewed journal article,Satoshi Taguchi; Tomokazu Oigawa; Yunosuke Nagafusa; Hiroyuki Shinagawa; Keisuke Hosokawa; Yasunobu Ogawa; Haruto Koike,SuperDARN,unverified,0,1
10.1186/s40623-025-02285-8,Are there ballooning-interchange heads in the midtail?,2025,"Earth, Planets and Space",Springer Nature,Peer-reviewed journal article,Evgeny V. Panov; Marina V. Kubyshkina; Victor A. Sergeev; Elena E. Grigorenko; Andrey Yu. Malykhin; Rumi Nakamura; Wolfgang Baumjohann; Larry J. Paxton,THEMIS ASI,unverified,0,1
10.1186/s40645-019-0270-5,Review of the accomplishments of mid-latitude Super Dual Auroral Radar Network (SuperDARN) HF radars,2019,Progress in Earth and Planetary Science,Springer Nature,Peer-reviewed journal article,Nozomu Nishitani; John Michael Ruohoniemi; Mark Lester; Joseph Benjamin Harold Baker; Alexandre Vasilyevich Koustov; Simon G. Shepherd; Gareth Chisham; Tomoaki Hori; Evan G. Thomas; Roman A. Makarevich; Aurélie Marchaudon; Pavlo Ponomarenko; James A. Wild; Stephen E. Milan; William. A. Bristow; John Devlin; Ethan Miller; Raymond A. Greenwald; Tadahiko Ogawa; Takashi Kikuchi,SuperDARN,unverified,0,1
10.1186/s40645-023-00585-9,Space and atmospheric physics on Svalbard: a case for continued incoherent scatter radar measurements under the cusp and in the polar cap boundary region,2023,Progress in Earth and Planetary Science,Springer Nature,Peer-reviewed journal article,Lisa Baddeley; Dag Lorentzen; Stein Haaland; Erkka Heino; Ingrid Mann; Wojciech Miloch; Kjellmar Oksavik; Noora Partamies; Andres Spicher; Juha Vierinen,RISR-C; SuperDARN,unverified,0,2
10.11947/j.agcs.2021.20200454,Extracting an ionospheric phase scintillation index based on 1 Hz GNSS observations and its verification in the Arctic region,2021,DOAJ (DOAJ: Directory of Open Access Journals),,Unknown,Zhao Dongsheng; Li Wang; Li Chendong; Tang Xu; Zhang Kefei,CHAIN,unverified,0,1
10.11947/j.agcs.2024.20230323,DOI only: 10.11947/j.agcs.2024.20230323,,,,Unknown,,CHAIN,unverified,0,1
10.1201/9781315368474-9,Coupling between the Geomagnetic Tail and the Inner Magnetosphere,2016,Space Weather Fundamentals,CRC Press,Book chapter,Eric Donovan,THEMIS ASI,unverified,0,1
10.12737/20999,Correspondence between the ULF wave power spatial distribution and auroral oval boundaries,2016,Solar-Terrestrial Physics,Infra-M Academic Publishing House,Peer-reviewed journal article,Ольга Козырева; Olga Kozyreva; Vyacheslav Pilipenko; Mark Engebretson; Dmitriy Klimushkin; Pavel Mager,CARISMA,unverified,0,1
10.12737/24271,Narrow-band emission with 0.5 to 3.5 Hz varying frequency in the background of the main phase of the 17 March 2013 magnetic storm,2017,Solar-Terrestrial Physics,Infra-M Academic Publishing House,Peer-reviewed journal article,Александр Потапов; Alexander Potapov; Boris Dovbnya; Dmitry Baishev; Tatyana Polyushkina; Ravil Rakhmatulin,CARISMA,unverified,0,1
10.12737/stp-34201705,Features of the impact of the solar wind diamagnetic structure on Earth’s magnetosphere,2017,Solar-Terrestrial Physics,Infra-M Academic Publishing House,Peer-reviewed journal article,Владимир Пархомов; Vladimir Parhomov; Natalia Borodkova; Viktor Eselevich; Maxim Eselevich; Aleksey Dmitriev; Vitaliy Chilikin,CARISMA; GO_RIO,unverified,0,2
10.12737/stp-43201808,Magnetospheric response of two types in PSc geomagnetic pulsations to interaction with interplanetary shock waves,2018,Solar-Terrestrial Physics,Infra-M Academic Publishing House,Peer-reviewed journal article,Владимир Пархомов; Vladimir Parhomov; Natalia Borodkova; Aleksandr Yahnin; Raita Tero; Battuulai Tsegmed; Sergey Khomutov; Aleksandr Pashinin; Vitaliy Chilikin; Aleksey Mochalov,CARISMA,unverified,0,1
10.12737/stp-44201809,SibNet — Siberian Global Navigation Satellite System Network: Current state,2018,Solar-Terrestrial Physics,Infra-M Academic Publishing House,Peer-reviewed journal article,Юрий Ясюкевич; Yury Yasyukevich; Artem Vesnin; Natalia Perevalova,CHAIN,unverified,0,1
10.12737/stp-52201913,Diagnostics of auroral oval boundaries on the basis of the magnetogram inversion technique,2019,Solar-Terrestrial Physics,Infra-M Academic Publishing House,Peer-reviewed journal article,Сергей Лунюшкин; Sergey Lunyushkin; Yury Penskikh,SuperDARN,unverified,0,1
10.12737/stp-54201905,DIAMAGNETIC PLASMOIDS AS PART OF DIAMAGNETIC STRUCTURES OF THE SLOW SOLAR WIND AND THEIR IMPACT ON EARTH’S MAGNETOSPHERE,2019,Solar-Terrestrial Physics,Infra-M Academic Publishing House,Peer-reviewed journal article,Vladimir Parhomov; Viktor Eselevich; Maxim Eselevich; Aleksey Dmitriev; Tatyana Vedernikova,CARISMA,unverified,0,1
10.12737/stp-72202106,Geomagnetic method for automatic diagnostics of auroral oval boundaries in two hemispheres of Earth,2021,Solar-Terrestrial Physics,Infra-M Academic Publishing House,Peer-reviewed journal article,Yury Penskikh; Sergey Lunyushkin; Vyacheslav Kapustin,SuperDARN,unverified,0,1
10.12737/stp-73202102,Magnetospheric response to the interaction with the sporadic solar wind diamagnetic structure,2021,Solar-Terrestrial Physics,Infra-M Academic Publishing House,Peer-reviewed journal article,Vladimir Parhomov; Viktor Eselevich; Maxim Eselevich; Alexei Dmitriev; Alla Suvorova; Sergey Khomutov; Battuulai Tsegmed; Raita Tero,CARISMA,unverified,0,1
10.12737/stp-82202206,Correspondence of a global isolated substorm to the McPherron statistical model,2022,Solar-Terrestrial Physics,Infra-M Academic Publishing House,Peer-reviewed journal article,Vladimir Parhomov; Viktor Eselevich; Maxim Eselevich; Battuulai Tsegmed; Sergey Khomutov; Raita Tero; Georgiy Popov; Aleksey Mochalov; Sergey Pilgaev; Ravil Rakhmatulin,CARISMA,unverified,0,1
10.12737/stp-82202207,Synchronous globally observable ultrashort-period pulses,2022,Solar-Terrestrial Physics,Infra-M Academic Publishing House,Peer-reviewed journal article,Roman Marchuk; Alexander Potapov; Vladimir Mishin,CARISMA,unverified,0,1
10.12737/szf-103202413,Comparison of modeling of the polar cap absorption effect with observations at the AARI ground-based network,2024,Solnechno-Zemnaya Fizika,Infra-M Academic Publishing House,Peer-reviewed journal article,Alexei Dmitriev; Svetlana Dolgacheva; Oleg Troshichev; Maria Pulinets,CHAIN,unverified,0,1
10.12737/szf-62202006,ISTP SB RAS decameter radars,2020,Solnechno-Zemnaya Fizika,Infra-M Academic Publishing House,Peer-reviewed journal article,Oleg Berngardt; Vladimir Kurkin; Dmitriy Kushnarev; Konstantin Grkovich; Roman Fedorov; Andrey Orlov; Vitaliy Harchenko,SuperDARN,unverified,0,1
10.12737/szf-72202104,Space weather: risk factors for Global Navigation Satellite Systems,2021,Solnechno-Zemnaya Fizika,Infra-M Academic Publishing House,Peer-reviewed journal article,Vladislav Demyanov; Yury Yasyukevich,CHAIN,unverified,0,1
10.1364/osac.387944,Improvements to the sensitivity and sampling capabilities of Doppler Michelson Interferometers,2021,OSA Continuum,Optica Publishing Group,Peer-reviewed journal article,Samuel K. Kristoffersen; J. A. Langille; William Edmund Ward,DNT,unverified,0,1
10.13679/j.jdyj.20200058,DOI only: 10.13679/j.jdyj.20200058,,,,Unknown,,SuperDARN,unverified,0,1
10.13679/j.jdyj.20240059,DOI only: 10.13679/j.jdyj.20240059,,,,Unknown,,SuperDARN,unverified,0,1
10.14430/arctic4321,The Polar Environment Atmospheric Research Laboratory (PEARL): Sounding the Atmosphere at 80º North,2013,Arctic,The Arctic Institute of North America,Peer-reviewed journal article,Pierre F. Fogal; Lisa M. LeBlanc; James R. Drummond,CHAIN,unverified,0,1
10.1515/jogs-2020-0123,ROTI maps of Greenland using kriging,2021,Journal of Geodetic Science,Walter de Gruyter GmbH,Peer-reviewed journal article,Sarah Schultz Beeck; A. B. O. Jensen,CHAIN,unverified,0,1
10.17159/sajs.2015/20130391,An investigation of the nature of a Pc5 pulsation event using SuperDARN and magnetometer data,2015,South African Journal of Science,Academy of Science of South Africa,Peer-reviewed journal article,Zolile Mtumela; Judy A. E. Stephenson; Anthony D. M. Walker,SuperDARN_CA; SuperDARN; CARISMA,unverified,0,3
10.17576/geo-2021-1704-25,Statistical significance of geomagnetic diurnal variation  anomalies prior to worldwide earthquakes,2021,Malaysian Journal of Society and Space,Penerbit Universiti Kebangsaan Malaysia (UKM Press),Peer-reviewed journal article,"Department of Physics, Faculty of Science, Universiti Putra Malaysia, Malaysia; Khairul Adib Yusof; Mardina Abdullah; Space Science Center, Institute of Climate Change, Universiti Kebangsaan Malaysia, Malaysia; Nurul Shazana Abdul Hamid; Suaidi Ahadi; Department of Geophysics, Indonesian Agency for Meteorology, Climatology and Geophysics, Jakarta, Indonesia; Essam Ghamry; International Center for Space Weather Science and Education, Kyushu University, Fukuoka 819-0395, Japan",CARISMA,unverified,0,1
10.20517/ir.2026.04,Modeling and prediction of the ionosphere with deep learning: a review,2026,Intelligence &amp; Robotics,OAE Publishing Inc.,Peer-reviewed journal article,Yang Liu; Kunlin Yang; Lingfeng Sun; Jinling Wang; Artem Smirnov; Chao Xiong,CHAIN,unverified,0,1
10.21203/rs.3.rs-249808/v1,"Long-Term Characteristics of Midlatitude Mesosphere Summer Echoes (MSE) Observed with a VHF Radar at Wakkanai, Japan (45.4ºN)",2021,,Research Square Platform LLC,Preprint,Tadahiko Ogawa; Hidehiko Suzuki; Nozomu Nishitani; Yasuhiro Murayama; Seiji Kawamura,SuperDARN,unverified,0,1
10.21203/rs.3.rs-4001720/v1,Periodic oscillations in the high-latitude ionosphere driven by ultralow frequency waves: simultaneous measurements using SuperDARN radars and GNSS-TEC technique,2024,,Springer Nature,Preprint,Atsuki Shinbori; Keisuke Hosokawa; Tomoaki Hori; Mariko Teramoto; Pavlo V. Ponomarenko; Yuki Obana; Nozomu Nishitani; Akira Sessai Yukimatu; Yuichi Otsuka; Michi Nishioka; Septi Perwitasari; Atsushi Kumamoto; Fuminori Tsuchiya; Shoya Matsuda; Yoshiya Kasahara; Ayako Matsuoka; Yoshizumi Miyoshi; Iku Shinohara,CHAIN; SuperDARN_CA; SuperDARN,unverified,0,3
10.21203/rs.3.rs-73470/v1,Ground-Space Observations of Pc5 Poleward Moving Auroral Arc Pulsations and Field-Line Resonances in the Post-Midnight Sector: THEMIS Observations,2020,,Springer Nature,Preprint,Natsuo Sato; Akira Sessai Yukimatu; Yoshimasa Tanaka; Tomoaki Tomoaki; Akira Kadokura,SuperDARN_CA; SuperDARN,partially_verified,1,2
10.21236/ada581050,High-Resolution Structural Monitoring of Ionospheric Absorption Events,2013,,Defense Technical Information Center,Report,Lee J. Rickard,GO_RIO,verified,1,1
10.21236/ada619895,Quantification of Transient Changes of Thermospheric Neutral Density,2014,,Defense Technical Information Center,Report,Arthur D. Richmond; L. Qian; Yue Deng,SuperDARN,unverified,0,1
10.2139/ssrn.3980601,Characterization of High Latitude Radio Wave Propagation Over Canada,2021,SSRN Electronic Journal,Elsevier,Peer-reviewed journal article,Taylor Cameron; Robyn Fiori; Mike Warrington; Alan Stocker; Thayananthan Thayaparan; Donald Danskin,CHAIN; ECHAIM; GO_RIO,unverified,0,3
10.2139/ssrn.5260832,Planetary Feature of the Ionospheric Current Activity During 10-11 October 2024 Extremely Strong Magnetic Storm,2025,,Elsevier,Preprint,Liudmila I. Gromova; Natalia G. Kleimenova; S. V. Gromov; L. M. Malysheva,SuperDARN,unverified,0,1
10.21455/gpb2024.3-5,ЭЛЕКТРИЧЕСКИЙ ШТОРМ ВО ВРЕМЯ МАГНИТНОЙ БУРИ 05.04.2010 г.,2024,Гeoфизические Процессы И Биосфера,Schmidt Institute of Physics of the Earth of the Russian Academy of Sciences (IPE RAS),Peer-reviewed journal article,,SuperDARN,unverified,0,1
10.2205/2017es000606,Time-spatial correspondence between Pi2 wave power and ultra-violet aurora bursts,2017,Russian Journal of Earth Sciences,Geophysical Center of the Russian Academy of Sciences,Peer-reviewed journal article,V. A. Martines-Bedenko; V. A. Pilipenko; Mark J. Engebretson; Mark B. Moldwin,CARISMA,unverified,0,1
10.22541/au.172538611.11685607/v1,Modelling the Time-Variability of the Ionospheric Electric Field (TiVIE),2024,,Wiley,Preprint,Maria-Theresia Walach; Adrian Grocott,SuperDARN,unverified,0,1
10.22541/essoar.15004067/v1,Non-Symmetric Signal Strength of Geomagnetic Gradient Tensors: A Passive Array-Scale Observable for Lithospheric Imaging,2026,,Wiley,Preprint,Seokhoon Oh; Sohyeon Park,CARISMA,unverified,0,1
10.22541/essoar.167457986.67713201/v1,A Schumann Resonance-based Quantity for Characterizing Day-to-day Changes in Global Lightning Activity,2023,,Wiley,Preprint,Tamas Bozoki; Gabriella Sátori; Earle Williams; Anirban Guha; Yakun Liu; Peter Steinbach; Adônis Ferreira Raiol Leal; Mike Atkinson; Ciaran D. Beggan; Elizabeth DiGangi; Alexander V. Koloskov; Andrzej Kulak; Jeff Lapierre; David K. Milling; Janusz Mlynarczyk; Anne Neska; Alexander S. Potapov; Tero Raita; Rahul Rawat; Ryan K. Said; Ashwini Kumar Sinha; Yuri M. Yampolski,CARISMA,unverified,0,1
10.22541/essoar.168167343.38787272/v1,Monochromatic Pc5 Modulations of the Ionospheric Velocities and TEC and GOES-16 Magnetic Field Associated with Repeated Solar Wind Dynamic Pressure Enhancement,2023,,Wiley,Preprint,Ram Singh; Young-Sook Lee; Yong Ha Kim,CARISMA,unverified,0,1
10.22541/essoar.168394730.08937615/v1,Localized Magnetic Substorm Forecasting using Machine Learning,2023,,Wiley,Preprint,Pascal Sado; Lasse Boy Novock Clausen; Wojciech Jacek Miloch; Hannes Nickisch,THEMIS ASI,unverified,0,1
10.22541/essoar.169592562.26589310/v1,Wind comparisons between meteor radar and Doppler shifts in airglow emissions using field widened Michelson interferometers,2023,,Wiley,Preprint,William Edmund Ward; Samuel K. Kristoffersen; Chris Meek,DNT,unverified,0,1
10.22541/essoar.169754997.72363092/v1,Characterization of Magnetic Flux Contents for Flux Transfer Events and its Implications for Flux Rope Formation at the Earth's Magnetopause,2023,,Wiley,Preprint,Shuo Wang; Ying Zou; Qiang Hu; Xueling Shi; Hiroshi Hasegawa,SuperDARN,unverified,0,1
10.22541/essoar.170000383.35959868/v1,Full field-of-view imaging and multistatic operations for SuperDARN Borealis radars,2023,,Wiley,Preprint,Remington Rohel; Pavlo V. Ponomarenko; Kathryn A. McWilliams,SuperDARN_CA; SuperDARN,unverified,0,2
10.22541/essoar.173193289.92032475/v1,Simultaneous Observation of a Localized dB/dt Event and Magnetospheric Fast Flow Burst During a Magnetotail Reconnection Event Detected by the THEMIS Spacecraft,2024,,Wiley,Preprint,Chigomezyo M. Ngwira; Yukitoshi (Toshi) Nishimura; James Michael Weygand; Mark J. Engebretson; Antti Pulkkinnen; Peter Schuck,THEMIS ASI,unverified,0,1
10.22541/essoar.173457195.57947448/v1,Similarity Search for Auroral Phenomena in THEMIS All-Sky Images via Self-Supervised Learning,2024,,Wiley,Preprint,Jeremiah William Johnson; Dogacan Su Öztürk; Hyunju Kim Connor; Donald Hampton; Amy Keesee,THEMIS ASI,unverified,0,1
10.22541/essoar.173758159.97705592/v1,Multi-point satellites observed the development of dawnside Sub-Auroral Polarization Streams (SAPS) on a short timescale in a fast-time voltage generator under weak-storm and non-storm substorm conditions,2025,,Wiley,Preprint,Ildiko Horvath; Brian C. Lovell,SuperDARN_CA; SuperDARN,unverified,0,2
10.22541/essoar.174278862.26832316/v1,Dynamic Evolution of Large-scale Ionospheric Convection Observed by SuperDARN during the 10-11 May 2024 Super Geomagnetic Storm,2025,,Wiley,Preprint,Jiaojiao Zhang; Hang Li; Xiangyu Wang; Wei Wang; Xiang Deng; Chi Wang; Qing-He Zhang; Ailan Lan; Jingye Yan; John Michael Ruohoniemi; Nozomu Nishitani; SuPing Duan; Erxiao Liu,SuperDARN,unverified,0,1
10.22541/essoar.174309488.82327011/v1,An Observation of Medium-scale Traveling Ionospheric Disturbances by Mid-latitude SuperDARN Radars in Asia,2025,,Wiley,Preprint,Hang Li; Jiaojiao Zhang; Wei Wang; Longchang Sun; Jiyao Xu; Chi Wang; Xiang Deng; Ailan Lan; Jingye Yan; Nozomu Nishitani,SuperDARN,unverified,0,1
10.22541/essoar.174309724.41608145/v1,Inner Magnetospheric and Ionospheric Responses to Solar Wind Driving During Omega Band Events,2025,,Wiley,Preprint,Vivian Cribb; Tuija I. Pulkkinen; Larry Kepko; Bea Gallardo-Lacourt; Noora Partamies; Mikhail Vladimirovich Vokhmyanin; Sergey Apatenkov,THEMIS ASI,unverified,0,1
10.22541/essoar.174490580.03970112/v1,What is the relationship between the aurora and relativistic electron precipitation during a storm-time substorm?,2025,,Wiley,Preprint,Mykhaylo Shumko; Anton V. Artemyev; Savvas Raptis; Ying Zou; Drew L. Turner; Aleksandr Y. Ukhorskiy; Christine Gabrielse; Grant K. Stephens; Ian James Cohen; Colin Wilkins; Ethan Tsai; Shinichi Ohtani; Bea Gallardo-Lacourt; Kareem Sorathia; Victor A. Sergeev; Jesper W. Gjerloev; Eric F. Donovan; Emma Spanswick; Vassilis Angelopoulos; Allison N. Jaynes,Single Beam Riometer; GO_RIO; SEC/OTHER; REGO; THEMIS ASI; TREx,partially_verified,1,6
10.22541/essoar.174671920.05811371/v1,The 26 February 2008 substorms: Data-mining picture,2025,,Wiley,Preprint,Mikhail I. Sitnov; Grant K. Stephens; Tetsuo Motoba; Nikolai A. Tsyganenko,THEMIS ASI,unverified,0,1
10.22541/essoar.175519305.56642292/v1,Occurrence of red-green low latitude aurora during large geomagnetic storms: Two case studies,2025,,Wiley,Preprint,V. Manu; Kazuo Shiokawa; Qing-He Zhang; Jijin K. Raj; Nanan Balan; P. R. Shreedevi; Duan Zhang,THEMIS ASI,unverified,0,1
10.22541/essoar.176469820.00662945/v1,Method for Determination of High-Latitude Ionospheric Plasma Conditions Leading to GPS Scintillation using a Novel Poker Flat Incoherent Scatter Radar Mode,2025,,Wiley,Preprint,Jason Derr; Diana C. Loucks; Jacob P. Willis; Roger. H. Varney; Donald L. Hampton; Nicholas D. Deschenes,SuperDARN,unverified,0,1
10.22541/essoar.176548375.56377611/v1,Ionosphere-Thermosphere Responses to the March 2023 Geomagnetic Storm Using Observations and TIEGCM Simulations Driven by Data Assimilated Aurora and Electric Fields,2025,,Wiley,Preprint,Prakash Poudel; Xian Lu,SuperDARN,unverified,0,1
10.22541/essoar.176804982.24955600/v1,A Unified Vector Electromagnetic Framework for Ionospheric Scintillation and Polarization Effects in GNSS,2026,,Wiley,Preprint,Sarah Schultz Beeck; Tibor Durgonics,CHAIN,unverified,0,1
10.22541/essoar.176859091.14190820/v1,Introduction to TREx-ATM V2.0: A versatile model of auroral transport and its effects in the ionosphere,2026,,Wiley,Preprint,Jun Liang; Eric Donovan; Emma Spanswick; Christine Gabrielse; Darren Chaddock; Josh Houghton,THEMIS ASI; TREx,partially_verified,1,2
10.22541/essoar.177275276.64793803/v1,Statistical Survey of Cosmic Noise Absorption in Conjunction with Plasma Wave Measurements,2026,,Wiley,Preprint,Reihaneh Ghaffari; Christopher M. Cully; Emma Spanswick; Robyn A. D. Fiori,THEMIS ASI; GO_RIO; SEC/OTHER,unverified,0,3
10.22541/essoar.177307361.15752554/v1,White paper on FITACF3,2026,,Wiley,Preprint,Pavlo V. Ponomarenko; Emma Bland; K. Kotyk,SuperDARN,unverified,0,1
10.2312/gfz.2.3.2020.001,VERA: VERtical coupling in Earth’s Atmosphere at mid and high latitudes. Final Report,2020,Publication Database GFZ (GFZ German Research Centre for Geosciences),GFZ Helmholtz Centre for Geosciences,Unknown,Yosuke Yamazaki; Claudia Stolle; Tarique Adnan Siddiqui; Jan Lastovicka; Zbysek Mosna; Michal Kozubek; William Ward; David Themens; Samuel Kristoffersen,DNT,unverified,0,1
10.23919/irs.2019.8768141,Frequency Monitoring System for Over-The-Horizon Radar (OTHR) using The Empirical Canadian High Arctic Ionospheric Model (E-CHAIM),2019,2019 20th International Radar Symposium (IRS),IEEE,Conference paper,Thayananthan Thayaparan; Alison Kelsall; Justin Marchioni; Ryan Riddolls,ECHAIM; CHAIN,unverified,0,2
10.23919/irs48640.2020.9253862,Effect of Frequency Monitoring System for Over-The-Horizon Radar due to the presence of patches and arcs within the polar cap ionosphere,2020,2020 21st International Radar Symposium (IRS),IEEE,Conference paper,Thayananthan Thayaparan; Michael Warrington; Alan Stocker; David Siddle,ECHAIM; CHAIN,unverified,0,2
10.23919/piers.2018.8597604,Tool for Creating Maps of GNSS Total Electron Content Variations,2018,2018 Progress in Electromagnetics Research Symposium (PIERS-Toyama),IEEE,Conference paper,Yu. V. Yasyukevich; Ilya V. Zhivetiev; Alexander V. Kiselev; Ilya K. Edemskiy; S. V. Syrovatsky; A. S. Shabalin; Artem M. Vesnin,CHAIN,unverified,0,1
10.23919/ursigass.2017.8105040,Multi-constellation GNSS scintillation at mid-latitudes,2017,2017 XXXIInd General Assembly and Scientific Symposium of the International Union of Radio Science (URSI GASS),IEEE,Conference paper,Marc H. Jean; James P. Conroy; Wayne A. Scales,SuperDARN,unverified,0,1
10.23919/ursigass.2017.8105114,Analysis of the ionospheric scintillations during 20–21 January 2016 from SANAE by means of the DemoGRAPE scintillation receivers,2017,2017 XXXIInd General Assembly and Scientific Symposium of the International Union of Radio Science (URSI GASS),IEEE,Conference paper,Pierre J. Cilliers; Lucilla Alfonsi; Luca Spogli; Giorgiana De Franceschi; Vincenzo Romano; I. Hunstad; N. Linty; O. Teizo; F. Dovis; J. Ward; Claudio Cesaroni; Judy A. E. Stephenson,SuperDARN,unverified,0,1
10.23919/ursigass.2017.8105119,Satellite-beacon lonospheric-scintillation global model of the upper atmosphere (SIGMA): Enhancements and GPS signal propagation modeling,2017,2017 XXXIInd General Assembly and Scientific Symposium of the International Union of Radio Science (URSI GASS),IEEE,Conference paper,James P. Conroy; Kshitija Deshpande,CHAIN,unverified,0,1
10.23919/ursigass.2017.8105153,Receiver bias estimation and validation of e-POP GAP-O ionospheric radio occultation measurements,2017,2017 XXXIInd General Assembly and Scientific Symposium of the International Union of Radio Science (URSI GASS),IEEE,Conference paper,C. Watson; Richard B. Langley; David Russel Themens; Andrew W. Yau; Andrew Howarth; Periyadan T. Jayachandran,CHAIN,unverified,0,1
10.23919/ursigass51995.2021.9560256,Cosmic Noise Absorption Characteristics during the Impulse-Induced Supersubstorm of 21st January 2005,2021,2021 XXXIVth General Assembly and Scientific Symposium of the International Union of Radio Science (URSI GASS),IEEE,Conference paper,Shipra Sinha; Geeta Vichare; Ashwini Kumar Sinha; Rahul Rawat; Gopi Seemala; Sneha Gokani; Harald U. Frey; Antti Kero,GO_RIO,unverified,0,1
10.23919/ursigass51995.2021.9560337,NeQuick topside formulation over Nicosia,2021,2021 XXXIVth General Assembly and Scientific Symposium of the International Union of Radio Science (URSI GASS),IEEE,Conference paper,Haris Haralambous; Arun Kumar Singh,ECHAIM; CHAIN,unverified,0,2
10.23919/ursigass51995.2021.9560488,Resolving F-region irregularity spectra using novel incoherent scatter radar methods,2021,2021 XXXIVth General Assembly and Scientific Symposium of the International Union of Radio Science (URSI GASS),IEEE,Conference paper,Lindsay V. Goodwin; Gareth William Perry,RISR-C,unverified,0,1
10.23919/ursigass57860.2023.10265445,Pan-Arctic GNSS INfrastructure for Atmospheric science: state of the art of the PAGINA project,2023,2023 XXXVth General Assembly and Scientific Symposium of the International Union of Radio Science (URSI GASS),IEEE,Conference paper,Vincenzo Romano; Claudio Cesaroni; Periyadan T. Jayachandran; Kirsti Kauristie; S. Mainella; Carlo Marcocci; Emanuele Pica; Luca Spogli,CHAIN,unverified,0,1
10.23919/ursigass57860.2023.10265644,"Modelling the Ionospheric Alfvén Resonator Harmonic Frequency Separation at Eskdalemuir, UK",2023,2023 XXXVth General Assembly and Scientific Symposium of the International Union of Radio Science (URSI GASS),IEEE,Conference paper,R. M. Hodnett; T. K. Yeoman; Ciaran D. Beggan; Darren M. Wright,ECHAIM; CHAIN,unverified,0,2
10.23919/ursirsb.2020.9240099,ULF modulation of energetic electron precipitation observed by VLF/LF radio propagation,2020,URSI Radio Science Bulletin,IEEE,Peer-reviewed journal article,Takuya Miyashita; Hiroyo Ohya; Fuminori Tsuchiya; Asuka Hirai; Mitsunori Ozaki; Kazuo Shiokawa; Yoshizumi Miyoshi; Nozomu Nishitani; Mariko Teramoto; Martin Connors; Simon G. Shepherd; Yoshiya Kasahara; Atsushi Kumamoto; Masafumi Shoji; Iku Shinohara; Hiroyuki Nakata; Toshiaki Takano,AUTUMNX; CARISMA,partially_verified,1,2
10.25171/instgeoph_pas_publs-2019-015,SuperDARN Radars – Introduction,2019,"Publications of the Institute of Geophysics, Polish Academy of Sciences; Geophysical Data Bases, Processing and Instrumentation",Institute of Geophysics Polish Academy of Sciences,Peer-reviewed journal article,,SuperDARN,unverified,0,1
10.25545/eeyiew,"ERWIN/Meteor Radar 2017/2018 winter observations from Eureka, Nu.",2023,UNB Dataverse,,Dataset,William Ward; Samuel Kristoffersen; Chris Meek,DNT,unverified,0,1
10.26464/epp2017005,Correlations between plasmapause evolutions and auroral signatures during substorms observed by Chang’e-3 EUV Camera,2017,Earth and Planetary Physics,Earth and Planetary Physics,Peer-reviewed journal article,"XiaoXin Zhang; ,Key Laboratory of Space Weather, National Center for Space Weather, China Meteorological Administration, Beijing 100081, China; Fei He; Bo Chen; Chao Shen; HuaNing Wang; ,Key Laboratory of Earth and Planetary Physics, Institute of Geology and Geophysics, Chinese Academy of Sciences, Beijing 100029, China; ,College of Earth Sciences, University of Chinese Academy of Sciences, Beijing 100049, China; ,Changchun Institute of Optics, Fine Mechanics and Physics, Chinese Academy of Sciences, Changchun 130033, China; ,School of Natural Sciences and Humanity, Harbin Institute of Technology Shenzhen Graduate School, Shenzhen 518005, China; ,National Astronomical Observatories, Chinese Academy of Sciences, Beijing 100012, China",THEMIS ASI,unverified,0,1
10.26464/epp2021031,Characteristics of magnetic dipolarizations in the vicinity of the substorm onset region observed by THEMIS,2021,Earth and Planetary Physics,Earth and Planetary Physics,Peer-reviewed journal article,"SuPing Duan; State Key Lab of Space Weather, National Space Science Center, Chinese Sciences Academy, Beijing 100190, China; Chi Wang; Weining William Liu; ZhaoHai He; University of Chinese Academy of Sciences, Beijing 100049, China",THEMIS ASI,unverified,0,1
10.26464/epp2021051,Non-storm erosion of MeV electron outer radiation belt down to &lt;em&gt;L&lt;/em&gt;* &amp;lt; 4.0 associated with successive enhancements of solar wind density,2021,Earth and Planetary Physics,Earth and Planetary Physics,Peer-reviewed journal article,"Ying Xiong; School of Earth and Space Science, Peking University, Beijing 100871, China; Lun Xie; SuiYan Fu; BinBin Ni; Zuyin Pu; Department of Earth and Space Sciences, Southern University of Science and Technology, Shenzhen 518055, China; Department of Space Physics, School of Electronic Information, Wuhan University, Wuhan 430072, China",CARISMA,unverified,0,1
10.26464/epp2023055,Ground-based and additional science support for SMILE,2024,Earth and Planetary Physics,Earth and Planetary Physics,Peer-reviewed journal article,"Jennifer Alyson Carter; Planetary Sciences Group, School of Physics and Astronomy, University of Leicester, University Road, Leicester, LE1 7RH, UK; Malcolm Dunlop; Colin Forsyth; Kjellmar Oksavik; E. Donovon; A. Kavanagh; S. E. Milan; Tima Sergienko; Robert C. Fear; David G. Sibeck; Martin Connors; T. Yeoman; Xiyan Tan; Matthew G. G. T. Taylor; Kathryn McWilliams; Jesper Gjerloev; Robin Barnes; D. D. Billet; Gareth Chisham; Andrew Dimmock; Mervyn. P. Freeman; D.-S. Han; Michael D. Hartinger; S.-Y. W. Hsieh; Z.-J. Hu; Matthew K. James; Liisa Juusola; Kirsti Kauristie; Elena A. Kronberg; Mark Lester; John Manuel; Jürgen Matzka; Ian McCrea; Yoshizumi Miyoshi; Jonathan Rae; L. Ren; Fred Sigernes; Emma Spanswick; Kevin Sterne; A. Steuwer; Tianran Sun; M.-T. Walach; Brian Walsh; C. Wang; James Weygand; J. Wild; Jingye Yan; J. Zhang; Q.-H. Zhang; Rutherford Appleton Laboratory Space, Science Technology Facilities Council, Oxfordshire, UK; School of Space and Environment, Beihang University, Beijing 100191, China; Key Laboratory of Space Environment Monitoring and Information Processing, Ministry of Industry and Information Technology, Beijing 100017, China; Department of Space and Climate Physics, UCL, Mullard Space Science Laboratory, Holmbury St. Mary, Dorking, Surrey, RH5 6NT, UK; Birkeland Centre for Space Science, Department of Physics and Technology., University of Bergen, Bergen, Norway; Department of Physics and Astronomy, University of Calgary, 2500 University Drive, Calgary, Alberta, Canada T2N 1N4; British Antarctic Survey, Cambridge, UK; Swedish Institute of Space Physics, Kiruna, Sweden; West Highfield Campus, University of Southampton, University Road, SO17 1BJ, UK; Goddard Space Flight Center, NASA, Greenbelt, Maryland, USA; Athabasca University, Athabasca, Canada; ESTEC, European Space Agency, Netherlands; University of Saskatchewan, Saskatoon, Canada; The Johns Hopkins University Applied Physics Laboratory, Laurel, Maryland, USA; Swedish Institude of Space Physics, Uppsala, SE 75121, Sweden; Tongji University, Shanghai 200092, China; Center for Space Plasma Physics, Space Science Institute, 4765 Walnut Street Suite B, Boulder, Colorado, 80301, USA; Polar Research Institute of China, Shanghai 200136, China; Finnish Meteorological Institute (FMI), Finland; Department of Earth and Environmental Sciences (Geophysics), Ludwig Maximilian University of Munich (LMU) Munich, Theresienstr. 41, Munich, D-80333, Germany; Canadian Space Agency, Montreal, Canada; GFZ German Research Centre for Geosciences, Potsdam, Germany; Nagoya University, Institute for Space Earth Environment Research, Center for Integrated Data Science, Nagoya, Aichi, JP 464-8601; Northumbria University, Newcastle upon Tyne, Tyne and Wear, UK NE1 8ST; National Space Science Center, Chinese Academy Sciences, Beijing 100190, China; Arctic Geophysics, University Centre in Svalbard, Longyearbyen, Norway; Sweden Eiscat; Space and Planetary Physics Group, Physics Department, Lancaster University, Lancaster, LA1 4YB, UK; Center for Space Physics, Boston University, Boston, MA, USA; Earth, Planetary, and Space Sciences, University of California, Los Angeles, USA; Shandong Provincial Key Laboratory of Optical Astronomy and Solar-Terrestrial Environment, Institute of Space Sciences, Shandong University, Weihai Shandong 264209, China",THEMIS ASI; TREx; RISR-C,unverified,0,3
10.26464/epp2023063,Converting TREx-RGB green-channel data to 557.7 nm auroral intensity: Methodology and initial results,2024,Earth and Planetary Physics,Earth and Planetary Physics,Peer-reviewed journal article,"Jun Liang; University of Calgary, Calgary, T2N 1N4, Canada; D. Megan Gillies; Emma Spanswick; Eric F. Donovan",REGO; Single Beam Riometer; THEMIS ASI; TREx RGB; TREx Spectrograph; TREx; GO_RIO,partially_verified,1,7
10.26464/epp2025075,Statistical study of auroral variability under different solar wind conditions based on classification using deep learning techniques,2025,Earth and Planetary Physics,Earth and Planetary Physics,Peer-reviewed journal article,"Shang ZhiYuan; Key Laboratory of Earth and Planetary Physics, Institute of Geology and Geophysics, Chinese Academy of Sciences, Beijing 100029, China; Yao ZhongHua; Liu Jian; Xu LinLi; Xu Yan; Zhang BinZheng; Guo RuiLong; Yu Yuan; Wei Yong; College of Earth and Planetary Sciences, University of Chinese Academy of Sciences, Beijing 100029, China; Weihai Institute for Interdisciplinary Research, Shandong University, Weihai Shandong 264200, China; SDU-ANU Joint Science College, Shandong University, Weihai Shandong 264200, China; School of Nuclear Science and Technology, University of Science and Technology of China, Hefei 230000, China; Anhui Province Key Laboratory of Big Data Analysis and Application, School of Computer Science and Technology, University of Science and Technology of China, Hefei 230000, China; Anhui Province Key Laboratory of Big Data Analysis and Application, School of Computer Science and Technology, State Key Laboratory of Cognitive Intelligence, Hefei 230000, China; Department of Earth Sciences, The University of Hong Kong, Hong Kong SAR 999077, China; Laboratory of Optical Astronomy and Solar-Terrestrial Environment, Institute of Space Sciences, School of Space Science and Physics, Shandong University, Weihai Shandong 264200, China",THEMIS ASI,unverified,0,1
10.26464/epp2026033,"Data-driven simulation of storm-enhanced density and tongue of ionization during the May 10–11, 2024, superstorm",2026,Earth and Planetary Physics,Earth and Planetary Physics,Peer-reviewed journal article,"Niu XiangYu; Shandong Provincial Key Laboratory of Optical Astronomy and Solar-Terrestrial Environment, School of Space Science and Physics, Institute of Space Sciences, Shandong University, Weihai Shandong 264209, China; Liu Jing; Zhang JiaoJiao; Wu HaoNan; Liu JianJun; Jin YaQi; Li ShuHan; Key Laboratory of Solar Activity and Space Weather, National Space Science Center, Chinese Academy of Sciences, Beijing 100190, China; Siziwang Observatory of Space Weather, National Space Science Center, Chinese Academy of Sciences, Ulanqab, Inner Mongolia 011800, China; High Altitude Observatory, National Science Foundation (NSF) National Center for Atmospheric Research, Boulder, CO 80301, USA; Center for Space Physics and Astronomy, Polar Research Institute of China, Shanghai 201209, China; Department of Physics, University of Oslo, Oslo 0851, Norway",THEMIS ASI; SuperDARN,unverified,0,2
10.26907/1562-5419-2023-26-6-992-1005,Open Archives of Ground-Based Ionospheric Radiosounding Data by Shortwave Signals,2024,Russian Digital Libraries Journal,Kazan Federal University,Peer-reviewed journal article,Andrey Olegovich Schiriy; Alina Alexandrovna Pisarenko,CHAIN,unverified,0,1
10.29003/m4329.0514-7468.2020_46_4/391-405,"DISTURBANCES OF THE ATMOSPHERIC ELECTRIC FIELD DURING THE MAGNETIC STORM ON APRIL 5, 2010",2024,Life Of The Earth,LLC MAKS Press,Peer-reviewed journal article,Vyacheslav Pilipenko; Alexandr Frank-Kamenetsky; Sergey Smirnov,SuperDARN,unverified,0,1
10.29252/jgit.5.1.39,Introduction of Spherical Slepian Spectral Combination and Its Investigation on Global and Regional Ionospheric Models,2017,Journal of Geospatial Information Technology,CMV Verlag,Peer-reviewed journal article,Hossein Etemadfard; K.N.Toosi University of Technology; Masoud Mashhadi Hossainali,CHAIN,unverified,0,1
10.3133/ofr20181043,On the feasibility of real-time mapping of the geoelectric field across North America,2018,Open-File Report,US Geological Survey,Unknown,Jeffrey J. Love; E. Joshua Rigler; Anna Kelbert; Carol A. Finn; Paul A. Bedrosian; Christopher C. Balch,AUTUMNX,verified,1,1
10.31401/sungeo.2018.01.13,Substorm observations by THEMIS D and ground-based observations by MAIN camera system in Apatity - a case study,2018,,"Balkan, Black sea and Caspian sea Regional Network for Space Weather Studies",Report,Veneta Guineva; Irina Despirak; Rolf Werner,THEMIS ASI,unverified,0,1
10.31401/sungeo.2018.01.14,Geomagnetic Storms and Substorms as Space Weather I nfluence on  Atmospheric Electric Field Variations,2018,,"Balkan, Black Sea and Caspian Sea Regional Network on Space Weather Studies",Report,Natalia G. Kleimenova; A. Odzimek; S. Michnowski; M. Kubicki,SuperDARN,unverified,0,1
10.31401/sungeo.2019.01.05,Response of the High-latitude Daytime Magnetic Bays to the IMF By: Case study,2019,,"Balkan, Black sea and Caspian sea Regional Network for Space Weather Studies",Report,Liudmila I. Gromova; S. V. Gromov; Natalia G. Kleimenova; L. A. Dremukhina,SuperDARN,unverified,0,1
10.31401/sungeo.2019.01.10,Training on GNSS and Space Weather in Africa in the framework of the North-South scientific network GIRGEA,2019,,"Balkan, Black sea and Caspian sea Regional Network for Space Weather Studies",Report,Christine Amory-Mazaudier; Rolland Fleury; Frederic Masson; Sharafat Gadimova; Emran Anas,CHAIN,unverified,0,1
10.32045/pg-2019-007,DOI only: 10.32045/pg-2019-007,,,,Unknown,,SuperDARN,unverified,0,1
10.32045/pg-2019-008,DOI only: 10.32045/pg-2019-008,,,,Unknown,,SuperDARN,unverified,0,1
10.32045/pg-2019-009,DOI only: 10.32045/pg-2019-009,,,,Unknown,,SuperDARN,unverified,0,1
10.33012/2016.13432,A Comparative Study of Ionospheric Irregularity Drift Velocity using a GNSS Receiver Array and SuperDARN at High Latitude,2016,The International Technical Meeting of the The Institute of Navigation,Institute of Navigation,Conference paper,Jun Wang; Yu (Jade) Morton; Jeffery Spaleta; William Bristow,SuperDARN,unverified,0,1
10.33012/2017.15076,GNSS-Based Auroral Space Weather Products,2017,ION Pacific PNT,Institute of Navigation,Conference paper,Susan Skone; Emma Spanswick; S. Mushini; Maryam Najmafshar,THEMIS ASI; CHAIN,unverified,0,2
10.33012/2017.15134,Monitoring Space Weather with GNSS Networks: Expanding GNSS networks into Northern Alaska and Northwestern Canada,2017,"ION GNSS+, The International Technical Meeting of the Satellite Division of The Institute of Navigation",Institute of Navigation,Conference paper,Anthea J. Coster; Susan Skone; Donald Hampton; Eric Donovan,RISR-C,unverified,0,1
10.33012/2018.15920,New Cyberinfrastructure for GNSS Ionospheric Scintillation and Total Electron Content Parameters,2018,"ION GNSS+, The International Technical Meeting of the Satellite Division of The Institute of Navigation",Institute of Navigation,Conference paper,Anthea Coster; Susan Skone; Donald Hampton; Eric Donovan; Allan Weatherwax,TREx; RISR-C,unverified,0,2
10.33012/2022.18342,Investigating Possible Causes of the Nighttime Ionospheric Localized Enhancement (NILE) via Data Assimilation,2022,"ION GNSS+, The International Technical Meeting of the Satellite Division of The Institute of Navigation",Institute of Navigation,Conference paper,Jiahui Hu; Sarah E. McDonald; Aurora López Rubio; Alex Chartier; Gary S. Bust; Seebany Datta-Barua,SuperDARN,unverified,0,1
10.33012/2022.18354,Temporal and Spatial Distribution of Phase Scintillation and GNSS Positioning Errors in Northern Canada During the 2017 September Geomagnetic Storms,2022,"ION GNSS+, The International Technical Meeting of the Satellite Division of The Institute of Navigation",Institute of Navigation,Conference paper,Kai Guo; Zhipeng Wang; Yanbo Zhu; Kun Fang; Zhiqiang Dan; Hongxia Wang,CARISMA,unverified,0,1
10.33012/2025.20345,Analysis of GNSS Radio Occultation Scintillation Events Observed by Low Earth Orbiting PlanetiQ and Spire Global Satellites During the May 2024 Geomagnetic Storm,2025,"ION GNSS+, The International Technical Meeting of the Satellite Division of The Institute of Navigation",Institute of Navigation,Conference paper,Hyeyeon Chang; Jade Morton; Jonathan Brandmeyer,CHAIN,unverified,0,1
10.33012/2026.20540,Weighted Dilution of Precision Estimation for GNSS Positioning Under Ionospheric Scintillation in the Canadian Arctic,2026,The International Technical Meeting of the The Institute of Navigation,Institute of Navigation,Conference paper,Sophie LeGresley; Richard B. Langley,CHAIN,unverified,0,1
10.33275/10.33275/1727-7485.1.2023.705,On the performance of CARISMA-Akademik Vernadsky station Schumann resonance monitoring,2023,Ukrainian Antarctic Journal,"State Institution National Antarctic Scientific Center, Ministry of Education and Science of Ukraine",Peer-reviewed journal article,"University of New Brunswick, Fredericton, New Brunswick, E3B5A3, Canada; Oleksander Koloskov; State Institution National Antarctic Scientific Center, Ministry of Education and Science of Ukraine, Kyiv, 01601, Ukraine; Institute of Radio Astronomy of the National Academy of Sciences of Ukraine, Kharkiv, 61002, Ukraine; Periyadan T. Jayachandran; Yu. Yampolski",CARISMA,unverified,0,1
10.3389/feart.2024.1432434,Habitat quality assessment on the Qinghai-Tibet plateau across vegetation ecoregions using InVEST and Geodetector models,2024,Frontiers in Earth Science,Frontiers Media,Peer-reviewed journal article,Farui Jiang; Chonghao Liu; Jianan Zhao; Baode Jiang; Fengyan Fan,REGO,unverified,0,1
10.3389/fphy.2021.744298,"Estimating Precipitating Energy Flux, Average Energy, and Hall Auroral Conductance From THEMIS All-Sky-Imagers With Focus on Mesoscales",2021,Frontiers in Physics,Frontiers Media,Peer-reviewed journal article,Christine Gabrielse; Toshi Nishimura; Margaret Chen; James H. Hecht; Stephen R. Kaeppler; D. Megan Gillies; Ashton S. Reimer; Larry R. Lyons; Yue Deng; Eric Donovan; J. Scott Evans,THEMIS ASI; TREx,unverified,0,2
10.3389/fphy.2022.977286,Dipolarization-induced energetic electron precipitation during continuously active periods and isolated substorms,2022,Frontiers in Physics,Frontiers Media,Peer-reviewed journal article,M. A. Shukhtina; Victor A. Sergeev; D. D. Rogov,GO_RIO,unverified,0,1
10.3389/fphy.2022.997229,Observations of ion upflow and 630.0 nm emission during pulsating aurora,2022,Frontiers in Physics,Frontiers Media,Peer-reviewed journal article,Niharika H. Godbole; Marc R. Lessard; David R. Kenward; Bruce A. Fritz; Roger. H. Varney; Robert G. Michell; Don Hampton,REGO,unverified,0,1
10.3389/fphy.2023.1174209,Hemispheric symmetry and asymmetry of poleward moving radar auroral forms (PMRAFs) and associated polar cap patches during a geomagnetic storm,2023,Frontiers in Physics,Frontiers Media,Peer-reviewed journal article,Ying Zou; Li-Jen Chen; Brian M. Walsh; Brandon Burkholder; Yuzhang Ma; William. A. Bristow; Larry R. Lyons; Jiang Liu; Sheng Tian; Sneha Yadav; Antea J. Coster; Kathryn A. McWilliams,SuperDARN_CA; SuperDARN,unverified,0,2
10.3389/fspas.2018.00026,"The Behaviors of Ionospheric Scintillations Around Different Types of Nightside Auroral Boundaries Seen at the Chinese Yellow River Station, Svalbard",2018,Frontiers in Astronomy and Space Sciences,Frontiers Media,Peer-reviewed journal article,Shishir Priyadarshi; Qing-He Zhang; Yuzhang Ma; Zanyang Xing; Ze-Jun Hu; Guozhu Li,THEMIS ASI; SuperDARN,unverified,0,2
10.3389/fspas.2021.728531,"Links of the Plasmapause With Other Boundary Layers of the Magnetosphere: Ionospheric Convection, Radiation Belt Boundaries, Auroral Oval",2021,Frontiers in Astronomy and Space Sciences,Frontiers Media,Peer-reviewed journal article,Viviane Pierrard; E. Botek; J.-F. Ripoll; S. A. Thaller; Mark B. Moldwin; Michael Ruohoniemi; G. Reeves,SuperDARN,unverified,0,1
10.3389/fspas.2021.737946,Two-Dimensional Structure of Flow Channels and Associated Upward Field-Aligned Currents: Model and Observations,2021,Frontiers in Astronomy and Space Sciences,Frontiers Media,Peer-reviewed journal article,Larry. R. Lyons; Yukitoshi Nishimura; Chih-Ping Wang; Jiang Liu; William. A. Bristow,THEMIS ASI; SuperDARN,unverified,0,2
10.3389/fspas.2021.738507,Direct Connection Between Auroral Oval Streamers/Flow Channels and Equatorward Traveling Ionospheric Disturbances,2021,Frontiers in Astronomy and Space Sciences,Frontiers Media,Peer-reviewed journal article,Larry R. Lyons; Yukitoshi Nishimura; Shunrong Zhang; Anthea Coster; Jiang Liu; William. A. Bristow; Ashton S. Reimer; Roger. H. Varney; Don L. Hampton,THEMIS ASI; SuperDARN; CARISMA,unverified,0,3
10.3389/fspas.2021.746459,"Mesoscale Features in the Global Geospace Response to the March 12, 2012 Storm",2021,Frontiers in Astronomy and Space Sciences,Frontiers Media,Peer-reviewed journal article,Mayowa Adewuyi; Amy M. Keesee; Yukitoshi Nishimura; Christine Gabrielse; Roxanne M. Katus,THEMIS ASI,unverified,0,1
10.3389/fspas.2021.792653,Potential Association Between the Low-Energy Plasma Structure and the Patchy Pulsating Aurora,2021,Frontiers in Astronomy and Space Sciences,Frontiers Media,Peer-reviewed journal article,Jun Liang; Yukitoshi Nishimura; Eric Donovan; Bing Yang; V. Angelopoulos,REGO,unverified,0,1
10.3389/fspas.2022.1005061,GMAG: An open-source python package for ground-based magnetometers,2022,Frontiers in Astronomy and Space Sciences,Frontiers Media,Peer-reviewed journal article,Kyle R. Murphy; I. Jonathan Rae; Alexa Jean Halford; Mark Engebretson; Christopher T. Russell; Jürgen Matzka; Magnar G. Johnsen; David K. Milling; Ian. R. Mann; Andy Kale; Zhonghua Xu; Martin Connors; Vassilis Angelopoulos; Peter Chi; Eija Tanskanen,AUTUMNX; CARISMA,unverified,0,2
10.3389/fspas.2022.1009450,"AuroraX, PyAuroraX, and aurora-asi-lib: A user-friendly auroral all-sky imager analysis framework",2022,Frontiers in Astronomy and Space Sciences,Frontiers Media,Peer-reviewed journal article,Mykhaylo Shumko; Darren Chaddock; B. Gallardo-Lacourt; Eric Donovan; Emma L. Spanswick; Alexa Jean Halford; I. Thompson; Kyle R. Murphy,REGO; THEMIS ASI,unverified,0,2
10.3389/fspas.2022.1022690,pyDARN: A Python software for visualizing SuperDARN radar data,2022,Frontiers in Astronomy and Space Sciences,Frontiers Media,Peer-reviewed journal article,Xueling Shi; Marina Schmidt; Carley J. Martin; Daniel D. Billett; Emma Bland; Francis H. Tholley; Nathaniel A. Frissell; Krishna Khanal; Shane Coyle; Shibaji Chakraborty; Marci Detwiller; Bharat Kunduri; Kathryn McWilliams,THEMIS ASI; SuperDARN_CA; SuperDARN,partially_verified,1,3
10.3389/fspas.2022.1040092,On the green isolated proton auroras during Canada thanksgiving geomagnetic storm,2022,Frontiers in Astronomy and Space Sciences,Frontiers Media,Peer-reviewed journal article,Jun Liang; Deborah Gillies; Eric Donovan; Hannah Parry; I. Mann; Martin Connors; Emma Spanswick,REGO; THEMIS ASI; TREx Spectrograph; TREx; FESO; CARISMA,unverified,0,6
10.3389/fspas.2022.1059039,What produces and what controls the spatial-temporal structuring of the magnetospheric chorus waves that create the pulsating aurora: An unsolved problem in need of new measurements,2022,Frontiers in Astronomy and Space Sciences,Frontiers Media,Peer-reviewed journal article,Joseph E. Borovsky; Noora Partamies,REGO,unverified,0,1
10.3389/fspas.2022.1062358,The future of auroral E-region plasma turbulence research,2022,Frontiers in Astronomy and Space Sciences,Frontiers Media,Peer-reviewed journal article,Devin Huyghebaert; Daniel Billett; Alex Chartier; Jorge L. Chau; Glenn C. Hussey; David L. Hysell; Magnus Fagernes Ivarsen; Rafael L. A. Mesquita; Enrique Rojas; Juha Vierinen; Matthew Young,ICEBEAR,unverified,0,1
10.3389/fspas.2022.742246,Association of Mesoscale Auroral Structures and Breakups With Energetic Particle Injections at Geosynchronous Orbit,2022,Frontiers in Astronomy and Space Sciences,Frontiers Media,Peer-reviewed journal article,Michael G. Henderson,THEMIS ASI,unverified,0,1
10.3389/fspas.2022.886948,On the Estimation of Resonance Widths of Field Line Resonances Using Ground Magnetometer Data,2022,Frontiers in Astronomy and Space Sciences,Frontiers Media,Peer-reviewed journal article,L. J. Warden; C. L. Waters; M. D. Sciffer; Massimo Vellante,CARISMA,unverified,0,1
10.3389/fspas.2022.908571,Magnetosphere-Ionosphere Coupling: Implications of Non-Equilibrium Conditions,2022,Frontiers in Astronomy and Space Sciences,Frontiers Media,Peer-reviewed journal article,Mike Lockwood; Stan W. H. Cowley,SuperDARN,unverified,0,1
10.3389/fspas.2022.916739,Low- and Mid-Latitude Ionospheric Response to the 2013 St. Patrick’s Day Geomagnetic Storm in the American Sector: Global Ionosphere Thermosphere Model Simulation,2022,Frontiers in Astronomy and Space Sciences,Frontiers Media,Peer-reviewed journal article,Qingyu Zhu; Gang Lu; Yue Deng,SuperDARN; CARISMA,unverified,0,2
10.3389/fspas.2022.975123,Proton aurora and relativistic electron microbursts scattered by electromagnetic ion cyclotron waves,2022,Frontiers in Astronomy and Space Sciences,Frontiers Media,Peer-reviewed journal article,Mykhaylo Shumko; Bea Gallardo-Lacourt; Alexa Jean Halford; Lauren W. Blum; Jun Liang; Yoshizumi Miyoshi; Keisuke Hosokawa; Eric Donovan; Ian. R. Mann; Kyle Murphy; Emma L. Spanswick; J. Bernard Blake; Mark D. Looper; D. Megan Gillies,THEMIS ASI; GO STORM MSP; CARISMA,unverified,0,3
10.3389/fspas.2022.978371,Spatial extent of the energetic electron precipitation region during substorms,2022,Frontiers in Astronomy and Space Sciences,Frontiers Media,Peer-reviewed journal article,Emma Bland; Tamás Bozóki; Noora Partamies,SuperDARN_CA; SuperDARN; GO_RIO,unverified,0,3
10.3389/fspas.2023.1087974,Unsolved problems in Strong Thermal Emission Velocity Enhancement (STEVE) and the picket fence,2023,Frontiers in Astronomy and Space Sciences,Frontiers Media,Peer-reviewed journal article,Yukitoshi Nishimura; Alan Dyer; Lauri Kangas; Eric Donovan; Vassilis Angelopoulos,THEMIS ASI; TREx,unverified,0,2
10.3389/fspas.2023.1091340,Ground-based infrastructure for monitoring and characterizing intermediate-scale ionospheric irregularities at mid-latitudes,2023,Frontiers in Astronomy and Space Sciences,Frontiers Media,Peer-reviewed journal article,Sebastijan Mrak; Anthea J. Coster; Keith Groves; Romina Nikoukar,ICEBEAR,unverified,0,1
10.3389/fspas.2023.1118758,The evolving paradigm of the subauroral geospace,2023,Frontiers in Astronomy and Space Sciences,Frontiers Media,Peer-reviewed journal article,Evgeny V. Mishin,THEMIS ASI,unverified,0,1
10.3389/fspas.2023.1138616,Quantifying the global solar wind-magnetosphere interaction with the Solar-Terrestrial Observer for the Response of the Magnetosphere (STORM) mission concept,2023,Frontiers in Astronomy and Space Sciences,Frontiers Media,Peer-reviewed journal article,David G. Sibeck; Kyle R. Murphy; F. Scott Porter; Hyunju Kim Connor; Brian M. Walsh; Kip D. Kuntz; Eftyhia Zesta; Phil Valek; Charles L. Baker; Jerry Goldstein; Harald Frey; Syau-Yun Hsieh; Pontus C. Brandt; Roman Gomez; Gina A. DiBraccio; Shingo Kameda; Vivek Dwivedi; Michael E. Purucker; Michael Shoemaker; Steven M. Petrinec; Homayon Aryan; Ravindra T. Desai; Michael G. Henderson; Gonzalo Cucho-Padin; W. Douglas Cramer,THEMIS ASI,unverified,0,1
10.3389/fspas.2023.1196231,Occurrence of heavy precipitation influenced by solar wind high-speed streams through vertical atmospheric coupling,2023,Frontiers in Astronomy and Space Sciences,Frontiers Media,Peer-reviewed journal article,Paul Prikryl; Vojto Rušin,SuperDARN,unverified,0,1
10.3389/fspas.2023.1278794,cavsiopy: a Python package to calculate and visualize spacecraft instrument orientation,2023,Frontiers in Astronomy and Space Sciences,Frontiers Media,Peer-reviewed journal article,E. Ceren Kalafatoglu Eyiguler; Warren Holley; Andrew David Howarth; Donald W. Danskin; Kuldeep Pandey; Carley J. Martin; Robert G. Gillies; Andrew W. Yau; Glenn C. Hussey,ICEBEAR,verified,1,1
10.3389/fspas.2023.1309870,Space weather with an arc’s ∼2 h trip across the nightside polar cap,2024,Frontiers in Astronomy and Space Sciences,Frontiers Media,Peer-reviewed journal article,Larry R. Lyons; Yukitoshi Nishimura; Jiang Liu; Sneha Yadav; Ying Zou; William. A. Bristow; Eric Donovan; Nozomu Nishitani,THEMIS ASI; SuperDARN,partially_verified,1,2
10.3389/fspas.2024.1309136,To what degree does a high-energy aurora destroy F-region irregularities?,2024,Frontiers in Astronomy and Space Sciences,Frontiers Media,Peer-reviewed journal article,Magnus Fagernes Ivarsen; Jean-Pierre St-Maurice; Yaqi Jin; Jaeheung Park; Lisa M. Buschmann; Lasse Boy Novock Clausen,ICEBEAR,unverified,0,1
10.3389/fspas.2024.1343286,Interferometry of ionospheric E-region irregularities based on Kunming VHF radars,2024,Frontiers in Astronomy and Space Sciences,Frontiers Media,Peer-reviewed journal article,Bo Chen; Yihao Xu; Chen Zhou; Yuqiang Zhang; Yi Liu; Tong Xu; Bin Xu; Jian Feng; Ting Lan; Haiyin Qing; Zhongxin Deng; Xiang Wang; Xinmiao Zhang,ICEBEAR,unverified,0,1
10.3389/fspas.2024.1372099,Evolution of a long-duration transpolar arc during very quiet period,2024,Frontiers in Astronomy and Space Sciences,Frontiers Media,Peer-reviewed journal article,Fei He; Xiao-Xin Zhang; Jiawei Li; Zhonghua Yao; Zhaojin Rong; Yong Wei,THEMIS ASI,unverified,0,1
10.3389/fspas.2024.1422164,Exploring the relationship between STEVE and SAID during three events observed by SuperDARN,2024,Frontiers in Astronomy and Space Sciences,Frontiers Media,Peer-reviewed journal article,Eduardo Perez Macho; William Bristow; B. Gallardo-Lacourt; S. G. Shepherd; J. M. Ruohoniemi; E. Correia,THEMIS ASI,unverified,0,1
10.3389/fspas.2024.1426267,Dependence of daytime thermospheric winds on IMF By as measured from south pole,2024,Frontiers in Astronomy and Space Sciences,Frontiers Media,Peer-reviewed journal article,Ying Zou; Cheng Sheng; Mark Conde; Xueling Shi; William. A. Bristow; Yen-Jung Joanne Wu,SuperDARN,unverified,0,1
10.3389/fspas.2024.1430099,Crucial future observations and directions for unveiling magnetopause dynamics and their geospace impacts,2024,Frontiers in Astronomy and Space Sciences,Frontiers Media,Peer-reviewed journal article,Martin O. Archer; Xueling Shi; Maria-Theresia Walach; Michael D. Hartinger; D. Megan Gillies; Simone Di Matteo; Frances Staples; Katariina Nykyri,REGO; THEMIS ASI,unverified,0,2
10.3389/fspas.2024.1507824,Observations of three-dimensional ionospheric plasma properties in a space hurricane,2024,Frontiers in Astronomy and Space Sciences,Frontiers Media,Peer-reviewed journal article,Sheng Lu; Zan-Yang Xing; Qing-He Zhang; Yongliang Zhang; Kjellmar Oksavik; L. R. Lyons; Michael Lockwood; Yu-Zhang Ma; Xiang-Yu Wang; Nanan Balan; Hui-Gen Yang; Yong Wang; Zhong-Xin Deng; Tong Xu; Shu-Ji Sun,SuperDARN,unverified,0,1
10.3389/fspas.2025.1561439,Spatio-temporal evolution of pulsating aurora observed using a ground-based imagers,2025,Frontiers in Astronomy and Space Sciences,Frontiers Media,Peer-reviewed journal article,Megha Pandya; Ankush Bhaskar; Marilia Samara; Robert Michell; Emma Mirizio; Suk-Bin Kang; Lauren W. Blum,THEMIS ASI; SuperDARN_CA; SuperDARN; CARISMA,unverified,0,4
10.3389/fspas.2025.1564311,The statistical correlations of rate of change of TEC index (ROTI) on the standard scintillation indices over the Canadian Arctic,2025,Frontiers in Astronomy and Space Sciences,Frontiers Media,Peer-reviewed journal article,Yong Wang; Periyadan T. Jayachandran; Fei-Fei Wang; Q.-H. Zhang; Shu-Ji Sun; Tong Xu; Zan-Yang Xing; Yu-Zhang Ma; J. M. Ruohoniemi; S. G. Shepherd,CHAIN; SuperDARN,unverified,0,2
10.3389/fspas.2025.1601296,Characterization of F-region neutral wind response times and its controlling factors during substorms,2025,Frontiers in Astronomy and Space Sciences,Frontiers Media,Peer-reviewed journal article,Katherine Davidson; Ying Zou; Leslie Lamarche; Asti Bhatt; Mark Conde,THEMIS ASI; RISR-C,unverified,0,2
10.3389/fspas.2025.1652705,Evaluating the geomagnetic response to the May 2024 super storm – observations and interpretations,2025,Frontiers in Astronomy and Space Sciences,Frontiers Media,Peer-reviewed journal article,Chigomezyo M. Ngwira; Yukitoshi Nishimura; James Michael Weygand; Lois J. Landwer; Daniel C. Bush; John C. Foster; Philip J. Erickson,THEMIS ASI,unverified,0,1
10.3389/fspas.2025.1679345,Magnetospheric and ionospheric vortices response to positive solar wind dynamic pressure pulse,2025,Frontiers in Astronomy and Space Sciences,Frontiers Media,Peer-reviewed journal article,Huayu Zhao; Huigen Yang; Xinming Chen; Zanyang Xing; Zejun Hu; Dehong Huang; Bin Li; Beichen Zhang; Jianjun Liu,CARISMA,verified,1,1
10.3390/app151810129,Improving the Quality of Magnetograms Using Data from Several Magnetic Observatories,2025,Applied Sciences,MDPI,Peer-reviewed journal article,Ivan Vassilyev; Zhassulan Mendakulov; Beibit Zhumabayev; Igor Kozin; Oleg Beloslyudtsev; Samal Dossaibekova,CARISMA,unverified,0,1
10.3390/app9183871,Synthetic Aperture Radar Interferometry (InSAR) Ionospheric Correction Based on Faraday Rotation: Two Case Studies,2019,Applied Sciences,MDPI,Peer-reviewed journal article,Wu Zhu; Hyung-Sup Jung; Jing-Yuan Chen,SuperDARN,unverified,0,1
10.3390/atmos12050573,Fluctuation of Lower Ionosphere Associated with Energetic Electron Precipitations during a Substorm,2021,Atmosphere,MDPI,Peer-reviewed journal article,Tongxing Fu; Zhixu Wu; Peng Hu; Xin Zhang,GO_RIO,unverified,0,1
10.3390/atmos12050646,Electric Field Multifractal Features in the High-Latitude Ionosphere: CSES-01 Observations,2021,Atmosphere,MDPI,Peer-reviewed journal article,Giuseppe Consolini; Virgilio Quattrociocchi; Giulia D.'Angelo; Tommaso Alberti; Mirko Piersanti; Maria Federica Marcucci; Paola De Michelis,SuperDARN,unverified,0,1
10.3390/atmos13030396,"Mid-Latitude Detection of High Schmidt-Number Turbulent Echoes, and Comparison to PMSE and Geomagnetic Variations",2022,Atmosphere,MDPI,Peer-reviewed journal article,Wayne K. Hocking; Victoria L. Pinnegar,DNT,unverified,0,1
10.3390/atmos14010045,Atmospheric Effects of Magnetosheath Jets,2022,Atmosphere,MDPI,Peer-reviewed journal article,Alexei V. Dmitriev; Alla V. Suvorova,CARISMA,unverified,0,1
10.3390/atmos14020335,Spatiotemporal Evolution and Drivers of the Four Ionospheric Storms over the American Sector during the August 2018 Geomagnetic Storm,2023,Atmosphere,MDPI,Peer-reviewed journal article,Changzhi Zhai; Yutian Chen; Xiaoyun Cheng; Xunzhe Yin,SuperDARN,unverified,0,1
10.3390/atmos14040714,Study on the Hemispheric Asymmetry of Thermospheric Density Based on In-Situ Measurements from APOD Satellite,2023,Atmosphere,MDPI,Peer-reviewed journal article,Jiangzhao Ai; Yongping Li; Xianguo Zhang; Chao Xiao; Guangming Chen; Xiaoliang Zheng; Zhiliang Zhang,SuperDARN,unverified,0,1
10.3390/atmos15020188,ION-FAST as the NIRFI’s Ionospheric Diagnostic Platform,2024,Atmosphere,MDPI,Peer-reviewed journal article,Sergey P. Moiseev; Alexei V. Shindin; Kseniya K. Grekhneva; Viktoriya A. Pavlova; Nikita S. Timukin,CHAIN,unverified,0,1
10.3390/atmos15111333,SuperDARN Radar Wind Observations of Eastward-Propagating Planetary Waves,2024,Atmosphere,MDPI,Peer-reviewed journal article,Tina Mirzaamin; Yvan J. Orsolini; Patrick J. Espy; Christian T. Rhodes,SuperDARN_CA; SuperDARN,unverified,0,2
10.3390/atmos15121462,Magnetosphere–Ionosphere Conjugate Harang Discontinuity and Sub-Auroral Polarization Streams (SAPS) Phenomena Observed by Multipoint Satellites,2024,Atmosphere,MDPI,Peer-reviewed journal article,Ildiko Horvath; Brian C. Lovell,REGO; THEMIS ASI; SuperDARN_CA; SuperDARN,unverified,0,4
10.3390/atmos16050595,Harang Discontinuity Observed by Multi-Instrument Satellites in the Topside Ionosphere During Substorms,2025,Atmosphere,MDPI,Peer-reviewed journal article,Ildiko Horvath; Brian C. Lovell,THEMIS ASI; SuperDARN_CA; SuperDARN,unverified,0,3
10.3390/atmos16070862,Amplified Westward SAPS Flows near Magnetic Midnight in the Vicinity of the Harang Region,2025,Atmosphere,MDPI,Peer-reviewed journal article,Ildiko Horvath; Brian C. Lovell,SuperDARN_CA; SuperDARN,unverified,0,2
10.3390/atmos16091076,Amplified Eastward SAPS Flows Observed in the Topside Ionosphere near Magnetic Midnight,2025,Atmosphere,MDPI,Peer-reviewed journal article,Ildiko Horvath; Brian C. Lovell,SuperDARN_CA; SuperDARN,unverified,0,2
10.3390/atmos17040341,Quiet-Time Rapid Subauroral Plasma Flows at High Northern Magnetic Latitudes in the Dusk Sector,2026,Atmosphere,MDPI,Peer-reviewed journal article,Ildiko Horvath; Brian C. Lovell,SuperDARN_CA; SuperDARN,unverified,0,2
10.3390/electronics11244236,Zhongshan HF Radar Elevation Calibration Based on Ground Backscatter Echoes,2022,Electronics,MDPI,Peer-reviewed journal article,Weijie Jiang; Erxiao Liu; Xing Kong; Shengsheng Shi; Jianjun Liu,SuperDARN,unverified,0,1
10.3390/plasma8020024,Ionospheric Electron Density and Temperature Profiles Using Ionosonde-like Data and Machine Learning,2025,Plasma,MDPI,Peer-reviewed journal article,Jean De Dieu Nibigira; Richard Marchand,CHAIN,unverified,0,1
10.3390/rs12101579,Small-Scale Ionospheric Irregularities of Auroral Origin at Mid-latitudes during the 22 June 2015 Magnetic Storm and Their Effect on GPS Positioning,2020,Remote Sensing,MDPI,Peer-reviewed journal article,Yury Yasyukevich; Roman Vasilyev; Konstantin Ratovsky; Artem Setov; Maria Globa; Semen Syrovatskii; Anna Yasyukevich; Alexander Kiselev; Artem Vesnin,CHAIN; SuperDARN,unverified,0,2
10.3390/rs13071324,A Case Study of Polar Cap Sporadic-E Layer Associated with TEC Variations,2021,Remote Sensing,MDPI,Peer-reviewed journal article,Yong Wang; Periyadan T. Jayachandran; David Russel Themens; Anthony M. McCaffrey; Qing-He Zhang; Shiva David; Richard Chadwick,RISR-C; CHAIN,unverified,0,2
10.3390/rs13101915,Global Positioning System (GPS) Scintillation Associated with a Polar Cap Patch,2021,Remote Sensing,MDPI,Peer-reviewed journal article,Jayachandran P. Thayyil; Anthony M. McCaffrey; Yong Wang; David Russel Themens; Christopher Watson; Benjamin Reid; Qinghe Zhang; Zanyang Xing,CHAIN; SuperDARN,unverified,0,2
10.3390/rs13132493,Investigation of the Physical Processes Involved in GNSS Amplitude Scintillations at High Latitude: A Case Study,2021,Remote Sensing,MDPI,Peer-reviewed journal article,Giulia D.'Angelo; Mirko Piersanti; Alessio Pignalberi; Igino Coco; Paola De Michelis; Roberta Tozzi; Michael Pezzopane; Lucilla Alfonsi; Pierre Cilliers; Pietro Ubertini,SuperDARN,unverified,0,1
10.3390/rs14030547,The Prototype of a Fast Vertical Ionosonde Based on Modern Software-Defined Radio Devices,2022,Remote Sensing,MDPI,Peer-reviewed journal article,Alexei V. Shindin; Sergey P. Moiseev; Fedor I. Vybornov; Kseniya K. Grechneva; Viktoriya A. Pavlova; Vladimir R. Khashev,CHAIN,unverified,0,1
10.3390/rs14081936,On Turbulent Features of E × B Plasma Motion in the Auroral Topside Ionosphere: Some Results from CSES-01 Satellite,2022,Remote Sensing,MDPI,Peer-reviewed journal article,Giuseppe Consolini; Virgilio Quattrociocchi; Simone Benella; Paola De Michelis; Tommaso Alberti; Mirko Piersanti; Maria Federica Marcucci,SuperDARN,unverified,0,1
10.3390/rs14174255,Validating Ionospheric Scintillation Indices Extracted from 30s-Sampling-Interval GNSS Geodetic Receivers with Long-Term Ground and In-Situ Observations in High-Latitude Regions,2022,Remote Sensing,MDPI,Peer-reviewed journal article,Dongsheng Zhao; Qianxin Wang; Wang Li; Shuangshuang Shi; Yiming Quan; Craig M. Hancock; Gethin Wyn Roberts; Kefei Zhang; Yu Chen; Xin Liu; Zemin Hao; Shuanglei Cui; Xueli Zhang; Xing Wang,CHAIN,unverified,0,1
10.3390/rs14184655,Determining Ionospheric Drift and Anisotropy of Irregularities from LOFAR Core Measurements: Testing Hypotheses behind Estimation,2022,Remote Sensing,MDPI,Peer-reviewed journal article,Marcin Grzesiak; Mariusz Pożoga; Barbara Matyjasiak; Dorota Przepiórka; Katarzyna Beser; Lukasz Tomasik; Hanna Rothkaehl; Helena Ciechowska,SuperDARN,unverified,0,1
10.3390/rs14246340,Longitudinal Evolution of Storm-Enhanced Densities: A Case Study,2022,Remote Sensing,MDPI,Peer-reviewed journal article,Bo Li; Huijun Le; Wenbo Li; Yiding Chen; Libo Liu,SuperDARN,unverified,0,1
10.3390/rs15071846,Validation of Swarm Langmuir Probes by Incoherent Scatter Radars at High Latitudes,2023,Remote Sensing,MDPI,Peer-reviewed journal article,Hayden Fast; Alexander Koustov; Robert Gillies,RISR-C,unverified,0,1
10.3390/rs15102549,Spatial Development of Strong Storm-Induced Ionospheric Perturbations during 25–27 August 2018,2023,Remote Sensing,MDPI,Peer-reviewed journal article,Wang Li; Dongsheng Zhao; Jiandi Feng; Xuequn Wu; Zhen Zhang,SuperDARN,unverified,0,1
10.3390/rs15184550,Unveiling the Core Patterns of High-Latitude Electron Density Distribution at Swarm Altitude,2023,Remote Sensing,MDPI,Peer-reviewed journal article,Giulia Lovati; Paola De Michelis; Tommaso Alberti; Giuseppe Consolini,SuperDARN,unverified,0,1
10.3390/rs15235512,Effects of Strong Geomagnetic Storms on the Ionosphere and Degradation of Precise Point Positioning Accuracy during the 25th Solar Cycle Rising Phase: A Case Study,2023,Remote Sensing,MDPI,Peer-reviewed journal article,Yifan Wang; Yunbin Yuan; Min Li; Ting Zhang; Hao Geng; Guofang Wang; Gang Wen,CHAIN,unverified,0,1
10.3390/rs17010124,"Deep Learning Applications in Ionospheric Modeling: Progress, Challenges, and Opportunities",2025,Remote Sensing,MDPI,Peer-reviewed journal article,Renzhong Zhang; Haorui Li; Yunxiao Shen; Jiayi Yang; Wang Li; Dongsheng Zhao; Andong Hu,CHAIN,unverified,0,1
10.3390/rs17173073,Estimating Ionospheric Phase Scintillation Indices in the Polar Region from 1 Hz GNSS Observations Using Machine Learning,2025,Remote Sensing,MDPI,Peer-reviewed journal article,Zhuojun Han; Ruimin Jin; Longjiang Chen; Weimin Zhen; Huaiyun Peng; Huiyun Yang; Mingyue Gu; Xiang Cui; Guangwang Ji,CHAIN,unverified,0,1
10.3390/rs18030402,Automatic Identification and Segmentation of Diffuse Aurora from Untrimmed All-Sky Auroral Videos,2026,Remote Sensing,MDPI,Peer-reviewed journal article,Qian Wang; Peiqi Hao; Han Pan,THEMIS ASI,unverified,0,1
10.3390/s17050994,Scalability Issues for Remote Sensing Infrastructure: A Case Study,2017,Sensors,MDPI,Peer-reviewed journal article,Yang Liu; Sean Picard; Carey Williamson,AuroraMAX,verified,1,1
10.3390/s21227749,Ground-Based GNSS and Satellite Observations of Auroral Ionospheric Irregularities during Geomagnetic Disturbances in August 2018,2021,Sensors,MDPI,Peer-reviewed journal article,Irina Zakharenkova; Iurii Cherniak; Andrzej Krankowski,CHAIN,unverified,0,1
10.3390/universe8020091,Simultaneous Action of X- and O-Mode HF Pump Waves on the High-Latitude Upper (F-Region) Ionosphere at EISCAT,2022,Universe,MDPI,Peer-reviewed journal article,Nataly Blagoveshchenskaya; Tatiana Borisova; Alexey Kalishin; Ivan Egorov; Tim Yeoman; Ingemar Haggstrom,SuperDARN,unverified,0,1
10.3390/universe9060250,Poleward-Moving Black Aurora Associated with Impulse-Excited Field-Line Resonances in the Dawnside Sector: THEMIS and Ground Observations,2023,Universe,MDPI,Peer-reviewed journal article,Huayu Zhao; Ying Liu; Qiugang Zong; Huigen Yang; Zejun Hu; Xuzhi Zhou; Jicheng Sun,THEMIS ASI; CARISMA,unverified,0,2
10.3724/sp.j.1085.2013.00001,The Super Dual Auroral Radar Network (SuperDARN): An overview of its development and science,2013,Advances In Polar Science,China Science Publishing & Media Ltd.,Peer-reviewed journal article,,SuperDARN,unverified,0,1
10.37591/.v7i2.1218,DOI only: 10.37591/.v7i2.1218,,,,Unknown,,CHAIN,unverified,0,1
10.3847/1538-4357/ac2dfc,Comparative Study of Electric Currents and Energetic Particle Fluxes in a Solar Flare and Earth Magnetospheric Substorm,2021,The Astrophysical Journal,American Astronomical Society,Peer-reviewed journal article,Anton Artemyev; Ivan Zimovets; Ivan Sharykin; Yukitoshi Nishimura; Cooper Downs; James Weygand; Robyn Fiori; Xiao-Jia Zhang; Andrei Runov; Marco Velli; Vassilis Angelopoulos; Olga Panasenco; Christopher T. Russell; Yoshizumi Miyoshi; Satoshi Kasahara; Ayako Matsuoka; Shoichiro Yokota; Kunihiro Keika; Tomoaki Hori; Yoichi Kazama; Shiang-Yu Wang; Iku Shinohara; Yasunobu Ogawa,CARISMA; GO_RIO,unverified,0,2
10.3847/1538-4357/ac6f56,Extreme Solar Flare-driven Short-wave Fadeout Observed by SuperDARN ZHO Radar,2022,The Astrophysical Journal,American Astronomical Society,Peer-reviewed journal article,X. J. Liu; Zhi-wei Wang; J. Y. Lu; J. J. Liu; Hong-Qiao Hu; J. Liu; Z. J. Hu; Ming Wang; K. Zhao,SuperDARN_CA; SuperDARN,unverified,0,2
10.3847/25c2cfeb.1c52de67,Polar Cap Science: Plasma Structuring,2023,Bulletin of the AAS,American Astronomical Society,Peer-reviewed journal article,Leslie Lamarche; Lindsay Goodwin; Romina Nikoukar; Matthew Zettergren; Gareth Perry; Shasha Zou,RISR-C,unverified,0,1
10.3847/25c2cfeb.8762c917,Ground-based assets to support the GDC mission,2023,Bulletin of the AAS,American Astronomical Society,Peer-reviewed journal article,Lindsay Goodwin; Bea Gallardo-Lacourt; Asti Bhatt; Thomas Y. Chen; Gareth Perry; Carlos Martinis; Larisa Goncharenko; Roger. H. Varney,THEMIS ASI,unverified,0,1
10.3847/25c2cfeb.adf9fc59,Revitalization and Continuation of Polar Cap Science from the Resolute Bay Observatory,2023,Bulletin of the AAS,American Astronomical Society,Peer-reviewed journal article,Roger. H. Varney; Asti Bhatt; Michael Greffen; Leslie Lamarche; Gareth William Perry; Lindsay Goodwin; Larry R. Lyons,RISR-C,unverified,0,1
10.3847/25c2cfeb.b18cb918,The Significance of Magnetospheric Precipitation for the Coupling of Magnetosphere-Ionosphere-Thermosphere Systems: Effects on Ionospheric Conductance,2023,Bulletin of the AAS,American Astronomical Society,Peer-reviewed journal article,Dogacan Ozturk; Dong Lin; Christine Gabrielse; Margaret Chen; Maxime Grandin; Nithin Sivadas; Robert Robinson; Katherine Garcia-Sage; Peter Damiano; Lauren Blum; Yiqun Yu; Jiang Liu; Roger Varney; Theodoros Sarris; Weijia Zhan; Sarah Vines; Allison Jaynes; Yu Lin; Aaron Ridley; Stephen R. Kaeppler,THEMIS ASI,unverified,0,1
10.3847/25c2cfeb.be32d93d,The Significance of Magnetospheric Precipitation for the Coupling of Magnetosphere-Ionosphere-Thermosphere Systems: Sources and Properties,2023,Bulletin of the AAS,American Astronomical Society,Peer-reviewed journal article,Dogacan Ozturk; Dong Lin; Christine Gabrielse; Margaret Chen; Maxime Grandin; Nithin Sivadas; Robert Robinson; Katherine Garcia-Sage; Peter Damiano; Lauren Blum; Yiqun Yu; Jiang Liu; Roger Varney; Theodoros Sarris; Weijia Zhan; Sarah Vines; Allison Jaynes; Yu Lin; Aaron Ridley; Stephen R. Kaeppler,THEMIS ASI,unverified,0,1
10.3847/25c2cfeb.d43edfbf,Continued Multi-Instrument Studies at the Poker Flat Research Range,2023,Bulletin of the AAS,American Astronomical Society,Peer-reviewed journal article,Roger. H. Varney; Asti Bhatt; Michael Greffen; Leslie Lamarche; Gareth William Perry; Lindsay Goodwin; Larry R. Lyons,RISR-C,unverified,0,1
10.3934/geosci.2021004,The temporal and spatial development of dB/dt for substorms,2021,AIMS Geosciences,American Institute of Mathematical Sciences (AIMS),Peer-reviewed journal article,"James Michael Weygand; Department of Earth, Planetary, and Space Sciences, University of California Los Angeles, Los Angeles, CA, USA",AUTUMNX,unverified,0,1
10.3997/2214-4609-pdb.217.438,Ulf Pulsations In The Pc5 Range Near The Magnetospheric Equatorial Plane And Their Ground Signatures,2001,7th International Congress of the Brazilian Geophysical Society,European Association of Geoscientists & Engineers,Conference paper,José M. Da Costa; Gordon Rostoker; Frances R. Fenrich; John C. Samson,CANOPUS,unverified,0,1
10.4095/331444,"Implementing a piecewise ionospheric absorption model, Ontario",2023,,Natural Resources Canada/CMSS/Information Management,Report,Taylor G. Cameron,ECHAIM; CHAIN,unverified,0,2
10.4095/332078,Near real-time processing of NRCan riometer data,2023,,Natural Resources Canada/CMSS/Information Management,Report,Robyn A. D. Fiori; Kyle Reiter; Draven Galeschuk; T. Ghosal; Nathan Olfert,GO_RIO,unverified,0,1
10.4236/oalib.1102493,Impulse Bursts of Geomagnetic Pulsations as the Ground Signature of Contact of Interplanetary Irregularity with the Dayside Magnetopause,2016,OALib,"Scientific Research Publishing, Inc.",Peer-reviewed journal article,V. A. Parkhomov; B. A. Dovbnya; N. L. Borodkova; Alexei V. Dmitriev; V. V. Safargaleyev; A. Y. Pashinin,CARISMA,unverified,0,1
10.4401/ag-6219,Probabilistic forecasting of ionospheric scintillation and GNSS receiver signal tracking performance at high latitudes,2013,Annals of Geophysics,"Instituto Nazionale di Geofisica e Vulcanologia, INGV",Peer-reviewed journal article,Paul Prikryl; Veettil Sreeja; Marcio Aquino; Periyadan T. Jayachandran,CHAIN,unverified,0,1
10.4401/ag-6227,An interhemispheric comparison of GPS phase scintillation with auroral emission observed at the South Pole and from the DMSP satellite,2013,Annals of Geophysics,"Instituto Nazionale di Geofisica e Vulcanologia, INGV",Peer-reviewed journal article,Paul Prikryl; Yongliang Zhang; Yusuke Ebihara; Reza Ghoddousi-Fard; Periyadan T. Jayachandran; Joe Kinrade; Cathryn N. Mitchell; Allan T. Weatherwax; Gary Bust; Pierre J. Cilliers; Luca Spogli; Lucilla Alfonsi; Vincenzo Romano; Baiqi Ning; Guozhu Li; Martin J. Jarvis; Donald W. Danskin; Emma Spanswick; Eric Donovan; Mike Terkildsen,CHAIN,unverified,0,1
10.4401/ag-6244,eSWua: a tool to manage and access GNSS ionospheric data from mid-to-high latitudes,2013,Annals of Geophysics,"Instituto Nazionale di Geofisica e Vulcanologia, INGV",Peer-reviewed journal article,Vincenzo Romano; Silvia Pau; Michael Pezzopane; Luca Spogli; Enrico Zuccheretti; Marcio Aquino; Craig M. Hancock,CHAIN,unverified,0,1
10.4401/ag-7780,The response of high latitude ionosphere to the 2015 June 22 storm,2019,Annals of Geophysics,"Instituto Nazionale di Geofisica e Vulcanologia, INGV",Peer-reviewed journal article,Giulia D.'Angelo; Mirko Piersanti; Lucilla Alfonsi; Luca Spogli; Igino Coco; Guozhu Li; Ning Baiqi,CHAIN; SuperDARN,unverified,0,2
10.4401/ag-9289,Unusual vertical oscillations in sodium density and the formation of sporadic sodium layer over the Zhongshan station,2025,Annals of Geophysics,"Instituto Nazionale di Geofisica e Vulcanologia, INGV",Peer-reviewed journal article,Alicreance Hiyadutuje; Xiangcai Chen; John Bosco Habarulema; Michael J. Kosch; Judy A. E. Stephenson; Tshimangadzo Merline Matamba; Wentao Huang; Chao Ban,SuperDARN,unverified,0,1
10.46620/21-0065,Coordinate Registration of Super Dual Auroral Radar Network (SuperDARN) Radar Backscatter Using Three-Dimensional (3D) Ray Tracing,2021,URSI Radio Science Letters,International Union of Radio Science (URSI),Peer-reviewed journal article,,SuperDARN_CA; SuperDARN,unverified,0,2
10.46620/22-0001,ARTIST Ionogram Autoscaling Confidence Scores: Best Practices,2022,URSI Radio Science Letters,International Union of Radio Science (URSI),Peer-reviewed journal article,,CHAIN,unverified,0,1
10.46620/ursiaprasc25/yzrb4189,"Radio-based Sensing of Turbulent, Ionospheric Flow: A Four-dimensional View",2025,Proceedings of the 7th URSI Asia-Pacific RadioScience Conference - AP-RASC 2025,URSI - International Union of Radio Science,Conference paper,Magnus Ivarsen; Kaili Song; Periyadan T. Jayachandran; Brian Pitzel; Saif Marei; Jean-Pierre St-Maurice; Glenn Hussey,ICEBEAR; CHAIN,unverified,0,2
10.46620/ursigass.2023.1905.lvfz8691,Online Determination of GNSS Differential Code Biases using Rao-Blackwellized Particle Filtering,2023,Proceedings of the XXXVth URSI General Assembly and Scientific Symposium - GASS 2023,URSI - International Union of Radio Science,Conference paper,Benjamin Reid,CHAIN; ECHAIM,unverified,0,2
10.47774/phag.01.01.2020-4,"Investigation of the ionosphere over Antarctica under quiet space weather conditions: results of vertical sounding of the ionosphere September 14–24, 2020",2020,Physics Of Atmosphere And Geospace,Institute of Ionosphere NAS and MES of Ukraine,Peer-reviewed journal article,Maryna Shulha; Oleksandr Bogomaz; Taras Zhivolup; Oleksander Koloskov; Andrey Zalizovski; Volodymyr Lisachenko; Dmytro Kotov,CHAIN,unverified,0,1
10.48550/arxiv.1910.03085,Correlation of Auroral Dynamics and GNSS Scintillation with an Autoencoder,2019,arXiv (Cornell University),Cornell University,Preprint,Kara Lamb; Garima Malhotra; Athanasios Vlontzos; Edward Wagstaff; Atılım Günes Baydin; Anahita Bhiwandiwalla; Yarin Gal; Alfredo Kalaitzis; Anthony Reina; Asti Bhatt,THEMIS ASI,unverified,0,1
10.48550/arxiv.2205.10882,Moon and background removal algorithm for all-sky imager,2022,arXiv (Cornell University),Cornell University,Preprint,Sheng Tian,THEMIS ASI,unverified,0,1
10.48550/arxiv.2507.11755,Kinetic renormalization of auroral turbulence,2025,ArXiv.org,,Preprint,Magnus Fagernes Ivarsen; Kaili Song; Luca Spogli; Jean-Pierre St-Maurice; Brian Pitzel; Saif Marei; Devin Ray Huyghebaert; Satoshi Kasahara; Kunihiro Keika; Yoshizumi Miyoshi; Tomo Hori; David Russel Themens; Yoichi Kazama; Shiang-Yu Wang; Ayako Matsuoka; Iku Shinohara; Atsuki Shinbori; Kazuhiro Yamamoto; Takefumi Mitani; Shoichiro Yokota; Periyadan T. Jayachandran; Glenn C. Hussey,ICEBEAR; CHAIN; ECHAIM,unverified,0,3
10.48550/arxiv.2605.31046,Predictive radar tracking reveals &gt;500 mV/m electric-field transients during the May 2024 superstorm,2026,arXiv (Cornell University),Cornell University,Preprint,Magnus Fagernes Ivarsen; Saif Marei; Jordan Cho; Glenn C. Hussey,ICEBEAR,verified,1,1
10.5047/eps.2013.10.003,Magnetospheric ULF wave studies in the frame of Swarm mission: a time-frequency analysis tool for automated detection of pulsations in magnetic and electric field observations,2013,"Earth, Planets and Space",Springer Nature,Peer-reviewed journal article,Georgios Balasis; Ioannis A. Daglis; Marina Georgiou; Constantinos Papadimitriou; Roger Haagmans,CARISMA,unverified,0,1
10.5140/jass.2022.39.4.145,"Energetic Electron and Proton Interactions with Pc5 Ultra Low Frequency (ULF) Waves
            during the Great Geomagnetic Storm of 15–16 July 2000",2022,Journal of Astronomy and Space Sciences,The Korean Space Science Society,Peer-reviewed journal article,Eunah Lee; Ian. R. Mann; Louis G. Ozeke,CARISMA,unverified,0,1
10.5140/jass.2024.41.3.171,"Observational Overview of the May 2024 G5-Level Geomagnetic Storm:
                    From Solar Eruptions to Terrestrial Consequences",2024,Journal of Astronomy and Space Sciences,The Korean Space Science Society,Peer-reviewed journal article,Young-Sil Kwak; Jeong-Heon Kim; Sujin Kim; Yukinaga Miyashita; Taeyong Yang; Sung-Hong Park; Eun-Kyung Lim; Jongil Jung; Hosik Kam; Jaewook Lee; Hwanhee Lee; Ji-Hyun Yoo; Haein Lee; Ryun-Young Kwon; Jungjoon Seough; Uk-Won Nam; Woo Kyoung Lee; Junseok Hong; Jongdae Sohn; Jaeyoung Kwak; Hannah Kwak; Rok-Soon Kim; Yeon-Han Kim; Kyung-Suk Cho; Jaeheung Park; Jaejin Lee; Hoang Ngoc Huy Nguyen; Madeeha Talha,SuperDARN,unverified,0,1
10.5140/jass.2025.42.2.39,"Classification of Ionograms Obtained from Vertical Incidence Pulsed
                    Ionospheric Radar (VIPIR)/Dynasonde Ionospheric Radar at Jang Bogo Station,
                    Antarctica",2025,Journal of Astronomy and Space Sciences,The Korean Space Science Society,Peer-reviewed journal article,Junho Back; Geonhwa Jee; Hyuck-Jin Kwon; Khan-Hyuk Kim; Changsup Lee; Young-Bae Ham; Nikolay Zabotin,RISR-C,unverified,0,1
10.5194/acp-15-4997-2015,Observations of planetary waves in the mesosphere-lower thermosphere during stratospheric warming events,2015,Atmospheric Chemistry and Physics,Copernicus Publications,Peer-reviewed journal article,Nora H. Stray; Yvan J. Orsolini; Patrick J. Espy; Varavut Limpasuvan; Robert E. Hibbins,SuperDARN,unverified,0,1
10.5194/amt-14-6917-2021,"Deriving column-integrated thermospheric temperature  with the N
                    <sub>2</sub>
                    Lyman–Birge–Hopfield (2,0) band",2021,Atmospheric Measurement Techniques,Copernicus Publications,Peer-reviewed journal article,Clayton Cantrall; Tomoko Matsuo,SuperDARN,unverified,0,1
10.5194/amt-17-3995-2024,Wind comparisons between meteor radar and Doppler shifts in airglow emissions using field-widened Michelson interferometers,2024,Atmospheric Measurement Techniques,Copernicus Publications,Peer-reviewed journal article,Samuel K. Kristoffersen; William Edmund Ward; Chris E. Meek,DNT,unverified,0,1
10.5194/angeo-19-1367-2001,"Coordinated ground-based, low altitude satellite and Cluster observations on global and local scales during a transient post-noon sector excursion of the magnetospheric cusp",2001,Annales Geophysicae,Copernicus Publications,Peer-reviewed journal article,H. J. Opgenoorth; M. Lockwood; D. Alcaydé; Eric Donovan; Mark J. Engebretson; A. P. Van Eyken; Kirsti Kauristie; Mark Lester; Jøran Moen; J. Waterman; H. Alleyne; M. André; Malcolm W. Dunlop; N. Cornilleau-Wehrlin; Arnaud Masson; A. Fazerkerley; H. Rème; R. André; Olaf Amm; A. Balogh; R. Behlke; P.-L. Blelly; H. Boholm; E. Borälv; J. M. Bosqued; Stephan Buchert; M. Candidi; Jean-Claude Cerisier; Christopher Cully; W. F. Denig; Paul Eglitis; R. A. Greenwald; B. Jackal; J. D. Kelly; I. Krauklis; Gang Lu; Ian. R. Mann; Maria Federica Marcucci; I. W. McCrea; M. Maksimovic; Stefano Massetti; P. M. E. Décréau; David K. Milling; Stefano Orsini; F. Pitout; G. Provan; J. M. Ruohoniemi; John C. Samson; J. J. Schott; F. Sedgemore-Schulthess; R. Stamper; P. Stauning; A. Strømme; M. Taylor; A. Vaivads; J. P. Villain; Igor Voronkov; James A. Wild; M. Wild,SuperDARN,unverified,0,1
10.5194/angeo-19-1589-2001,"Coordinated Cluster, ground-based instrumentation and low-altitude satellite observations of transient poleward-moving events in the ionosphere and in the tail lobe",2001,Annales Geophysicae,Copernicus Publications,Peer-reviewed journal article,M. Lockwood; Hermann Opgenoorth; A. P. Van Eyken; Andrew Fazakerley; J.-M. Bosqued; W. Denig; James A. Wild; Christopher Cully; Ray Greenwald; Gang Lu; Olaf Amm; Harald Frey; A. Strømme; Paul Prikryl; M. A. Hapgood; M. N. Wild; R. Stamper; M. Taylor; Ian McCrea; Kirsti Kauristie; Tuija Pulkkinen; F. Pitout; A. Balogh; Malcolm Dunlop; H. Rème; R. Behlke; T. Hansen; G. Provan; Paul Eglitis; S. K. Morley; D. Alcaydé; P.-L. Blelly; Jøran Moen; Eric Donovan; Mark Engebretson; Mark Lester; Juergen Watermann; Maria Federica Marcucci,SuperDARN,unverified,0,1
10.5194/angeo-19-1683-2001,Ground-based and satellite observations of high-latitude auroral activity in the dusk sector of the auroral oval,2001,Annales Geophysicae,Copernicus Publications,Peer-reviewed journal article,Kirsti Kauristie; Tuija I. Pulkkinen; Olaf Amm; Ari Viljanen; Mikko Syrjäsuo; P. Janhunen; Stefano Massetti; Stefano Orsini; M. Candidi; Juergen Watermann; Eric Donovan; Paul Prikryl; Ian. R. Mann; Paul Eglitis; Charles Smith; W. F. Denig; H. J. Opgenoorth; M. Lockwood; Malcolm Dunlop; A. Vaivads; M. André,CANOPUS,unverified,0,1
10.5194/angeo-19-707-2001,The dayside ultraviolet aurora and convection responses to a southward turning of the interplanetary magnetic field,2001,Annales Geophysicae,Copernicus Publications,Peer-reviewed journal article,Kathryn A. McWilliams; T. K. Yeoman; J. B. Sigwarth; L. A. Frank; M. Brittnacher,SuperDARN,unverified,0,1
10.5194/angeo-19-749-2001,SuperDARN convection and Sondrestrom plasma drift,2001,Annales Geophysicae,Copernicus Publications,Peer-reviewed journal article,L. Xu; A. V. Koustov; Jeffrey Thayer; M. A. McCready,SuperDARN,unverified,0,1
10.5194/angeo-20-1023-2002,Determining characteristics of HF communications links using SuperDARN,2002,Annales Geophysicae,Copernicus Publications,Peer-reviewed journal article,J. M. Hughes; William. A. Bristow; R. A. Greenwald; R. J. Barnes,SuperDARN_CA; SuperDARN,unverified,0,2
10.5194/angeo-20-1213-2002,Statistical characteristics of Doppler spectral width as observed by the conjugate SuperDARN radars,2002,Annales Geophysicae,Copernicus Publications,Peer-reviewed journal article,Keisuke Hosokawa; E. E. Woodfield; Mark Lester; S. E. Milan; Natsuo Sato; Akira Sessai Yukimatu; Toshihiko Iyemori,SuperDARN,unverified,0,1
10.5194/angeo-20-13-2002,Assessing the contamination of SuperDARN global convection maps by non-F-region backscatter,2002,Annales Geophysicae,Copernicus Publications,Peer-reviewed journal article,Gareth Chisham; Mike Pinnock,SuperDARN,unverified,0,1
10.5194/angeo-20-1321-2002,Substorm related changes in precipitation in the dayside auroral zone – a multi instrument case study,2002,Annales Geophysicae,Copernicus Publications,Peer-reviewed journal article,Andrew J. Kavanagh; Farideh Honary; I. W. McCrea; Eric Donovan; E. E. Woodfield; J. Manninen; P. C. Anderson,CANOPUS,unverified,0,1
10.5194/angeo-20-1385-2002,On the factors controlling occurrence of F-region coherent echoes,2002,Annales Geophysicae,Copernicus Publications,Peer-reviewed journal article,Donald W. Danskin; A. V. Koustov; Tadahiko Ogawa; Nozomu Nishitani; Satonori Nozawa; S. E. Milan; Mark Lester; D. Andre,SuperDARN_CA; SuperDARN,unverified,0,2
10.5194/angeo-20-1559-2002,Origin of some anisotropic tailward flows in the plasma sheet,2002,Annales Geophysicae,Copernicus Publications,Peer-reviewed journal article,J. A. Wanliss; R. D. Sydora; Gordon Rostoker; Robert Rankin,CANOPUS,verified,1,1
10.5194/angeo-20-1577-2002,Excitation of twin-vortex flow in the nightside high-latitude ionosphere during an isolated substorm,2002,Annales Geophysicae,Copernicus Publications,Peer-reviewed journal article,Adrian Grocott; S. W. H. Cowley; J. B. Sigwarth; J. F. Watermann; T. K. Yeoman,SuperDARN,unverified,0,1
10.5194/angeo-20-161-2002,Ionospheric cusp flows pulsed by solar wind Alfvén waves,2002,Annales Geophysicae,Copernicus Publications,Peer-reviewed journal article,Paul Prikryl; G. Provan; Kathryn A. McWilliams; T. K. Yeoman,SuperDARN,unverified,0,1
10.5194/angeo-20-1617-2002,Signatures of the midnight open-closed magnetic field line boundary during balanced dayside and nightside reconnection,2002,Annales Geophysicae,Copernicus Publications,Peer-reviewed journal article,M. L. Parkinson; P. L. Dyson; Mike Pinnock; John C. Devlin; Marc R. Hairston; Endawoke Yizengaw; P. J. Wilkinson,SuperDARN,unverified,0,1
10.5194/angeo-20-1769-2002,A Statistical study of the Doppler spectral width of high-latitude ionospheric F-region echoes recorded with SuperDARN coherent HF radars,2002,Annales Geophysicae,Copernicus Publications,Peer-reviewed journal article,J.-P. Villain; R. André; Mike Pinnock; R. A. Greenwald; C. Hanuise,SuperDARN,unverified,0,1
10.5194/angeo-20-1783-2002,Influence of magnetospheric processes on winter HF radar spectra characteristics,2002,Annales Geophysicae,Copernicus Publications,Peer-reviewed journal article,R. André; Mike Pinnock; J.-P. Villain; C. Hanuise,SuperDARN,unverified,0,1
10.5194/angeo-20-1899-2002,SuperDARN E-region backscatter boundary in the dusk-midnight sector – tracer of equatorward boundary of the auroral oval,2002,Annales Geophysicae,Copernicus Publications,Peer-reviewed journal article,Periyadan T. Jayachandran; Eric F. Donovan; John W. MacDougall; D. R. Moorcroft; J.-P. St. Maurice; Paul Prikryl,SuperDARN_CA; SuperDARN,unverified,0,2
10.5194/angeo-20-1905-2002,A multi-instrument approach to mapping the global dayside merging rate,2002,Annales Geophysicae,Copernicus Publications,Peer-reviewed journal article,G. Provan; T. K. Yeoman; Mark Lester; S. E. Milan,SuperDARN_CA,unverified,0,1
10.5194/angeo-20-191-2002,An assessment of the &amp;quot;map-potential&amp;quot; and &amp;quot;beam-swinging&amp;quot; techniques for measuring the ionospheric convection pattern using data from the SuperDARN radars,2002,Annales Geophysicae,Copernicus Publications,Peer-reviewed journal article,G. Provan; T. K. Yeoman; S. E. Milan; J. M. Ruohoniemi; Robin Barnes,SuperDARN,unverified,0,1
10.5194/angeo-20-1921-2002,"An inter-hemispheric, statistical study of nightside spectral width distributions from coherent HF scatter radars",2002,Annales Geophysicae,Copernicus Publications,Peer-reviewed journal article,E. E. Woodfield; Keisuke Hosokawa; S. E. Milan; Natsuo Sato; Mark Lester,SuperDARN,unverified,0,1
10.5194/angeo-20-29-2002,An unusual geometry of the ionospheric signature of the cusp: implications for magnetopause merging sites,2002,Annales Geophysicae,Copernicus Publications,Peer-reviewed journal article,Gareth Chisham; Mike Pinnock; I. J. Coleman; Marc R. Hairston; Anthony D. M. Walker,SuperDARN,unverified,0,1
10.5194/angeo-20-405-2002,Coordinated ground-based and Cluster observations of large amplitude global magnetospheric oscillations during a fast solar wind speed interval,2002,Annales Geophysicae,Copernicus Publications,Peer-reviewed journal article,Ian. R. Mann; Igor Voronkov; Malcolm Dunlop; Eric Donovan; T. K. Yeoman; David K. Milling; J. Wild; Kirsti Kauristie; Olaf Amm; S. D. Bale; A. Balogh; Ari Viljanen; H. J. Opgenoorth,SuperDARN_CA; SuperDARN,unverified,0,2
10.5194/angeo-2018-116,Characteristic study of double substorm onsets in response to IMF variations,2018,,Copernicus Publications,Preprint,Ching-Chang Cheng; Christopher T. Russell; Ian. R. Mann; Eric Donovan; Wolfgang Baumjohann,CARISMA,unverified,0,1
10.5194/angeo-2019-162,Inferring the source regions of pulsating auroras,2020,,Copernicus Publications,Preprint,Eric Grono; Eric Donovan,THEMIS ASI,unverified,0,1
10.5194/angeo-2023-24,Three-dimensional ionospheric conductivity associated with pulsating auroral patches: Reconstruction from ground-based optical observations,2023,,Copernicus Publications,Preprint,Mizuki Fukizawa; Yoshimasa Tanaka; Yasunobu Ogawa; Keisuke Hosokawa; Tero Raita,SuperDARN,unverified,0,1
10.5194/angeo-21-1467-2003,The location and rate of dayside reconnection during an interval of southward interplanetary magnetic field,2003,Annales Geophysicae,Copernicus Publications,Peer-reviewed journal article,Mike Pinnock; Gareth Chisham; I. J. Coleman; Mervyn. P. Freeman; Marc Hairston; J.-P. Villain,SuperDARN,unverified,0,1
10.5194/angeo-21-1531-2003,Transient production of F-region irregularities associated with TCV passage,2003,Annales Geophysicae,Copernicus Publications,Peer-reviewed journal article,Ryuho Kataoka; H. Fukunishi; Keisuke Hosokawa; H. Fujiwara; Akira Sessai Yukimatu; Natsuo Sato; Y.-K. Tung,SuperDARN_CA,unverified,0,1
10.5194/angeo-21-1553-2003,Interhemispheric comparison of spectral width boundary as observed by SuperDARN radars,2003,Annales Geophysicae,Copernicus Publications,Peer-reviewed journal article,Keisuke Hosokawa; E. E. Woodfield; Mark Lester; S. E. Milan; Natsuo Sato; Akira Sessai Yukimatu; Toshihiko Iyemori,CANOPUS; SuperDARN,unverified,0,2
10.5194/angeo-21-1839-2003,Turbulence characteristics inside ionospheric small-scale expanding structures observed with SuperDARN HF radars,2003,Annales Geophysicae,Copernicus Publications,Peer-reviewed journal article,R. André; C. Hanuise; J.-P. Villain; V. Krasnoselskikh,SuperDARN,unverified,0,1
10.5194/angeo-21-493-2003,Ps 6 disturbances: relation to substorms and the auroral oval,2003,Annales Geophysicae,Copernicus Publications,Peer-reviewed journal article,Martin Connors; Gordon Rostoker; George Sofko; Robert L. McPherron; Michael G. Henderson,CANOPUS; SuperDARN_CA; SuperDARN,partially_verified,1,3
10.5194/angeo-21-983-2003,A technique for accurately determining the cusp-region polar cap boundary using SuperDARN HF radar measurements,2003,Annales Geophysicae,Copernicus Publications,Peer-reviewed journal article,Gareth Chisham; Mervyn. P. Freeman,SuperDARN,unverified,0,1
10.5194/angeo-22-1103-2004,Diurnal auroral occurrence statistics obtained via machine vision,2004,Annales Geophysicae,Copernicus Publications,Peer-reviewed journal article,M. T. Syrjäsuo; Eric F. Donovan,CANOPUS,unverified,0,1
10.5194/angeo-22-1149-2004,Velocity shear-related ion upflow in the low-altitude ionosphere,2004,Annales Geophysicae,Copernicus Publications,Peer-reviewed journal article,H. Liu; Gang Lu,SuperDARN,unverified,0,1
10.5194/angeo-22-1187-2004,An investigation of latitudinal transitions in the SuperDARN Doppler spectral width parameter at different magnetic local times,2004,Annales Geophysicae,Copernicus Publications,Peer-reviewed journal article,Gareth Chisham; Mervyn. P. Freeman,SuperDARN,unverified,0,1
10.5194/angeo-22-159-2004,Origin of the SuperDARN broad Doppler spectra:simultaneous observation with Oersted satellite magnetometer,2004,Annales Geophysicae,Copernicus Publications,Peer-reviewed journal article,Keisuke Hosokawa; S. Yamashita; P. Stauning; Natsuo Sato; Akira Sessai Yukimatu; Toshihiko Iyemori,SuperDARN,unverified,0,1
10.5194/angeo-22-1705-2004,High-latitude propagation studies using a meridional chain of LF/MF/HF receivers,2004,Annales Geophysicae,Copernicus Publications,Peer-reviewed journal article,James LaBelle,CANOPUS,unverified,0,1
10.5194/angeo-22-2023-2004,Ionospheric propagation effects on spectral widths measured by SuperDARN HF radars,2004,Annales Geophysicae,Copernicus Publications,Peer-reviewed journal article,X. Vallières; J.-P. Villain; C. Hanuise; R. André,SuperDARN,unverified,0,1
10.5194/angeo-22-2181-2004,Simultaneous observations of magnetopause flux transfer events and of their associated signatures at ionospheric altitudes,2004,Annales Geophysicae,Copernicus Publications,Peer-reviewed journal article,Kathryn A. McWilliams; George J. Sofko; T. K. Yeoman; S. E. Milan; David G. Sibeck; Tsugunobu Nagai; Toshifumi Mukai; I. J. Coleman; T. Hori; Frederick J. Rich,SuperDARN_CA; SuperDARN,unverified,0,2
10.5194/angeo-22-2997-2004,A possible origin of dayside Pc1 magnetic pulsations observed at high latitudes,2004,Annales Geophysicae,Copernicus Publications,Peer-reviewed journal article,V. Safargaleev; A. Serebryanskaya; Alexander Koustov; Mark Lester; E. Pchelkina; A. Vasilyev,SuperDARN,unverified,0,1
10.5194/angeo-22-3625-2004,The location of the open-closed magnetic field line boundary in the dawn sector auroral ionosphere,2004,Annales Geophysicae,Copernicus Publications,Peer-reviewed journal article,James A. Wild; S. E. Milan; C. J. Owen; J. M. Bosqued; Mark Lester; Darren M. Wright; Harald Frey; Charles W. Carlson; A. N. Fazakerley; H. Rème,SuperDARN_CA; SuperDARN,unverified,0,2
10.5194/angeo-22-4077-2004,Studies of medium scale travelling ionospheric disturbances using TIGER SuperDARN radar sea echo observations,2004,Annales Geophysicae,Copernicus Publications,Peer-reviewed journal article,L.-S. He; P. L. Dyson; M. L. Parkinson; Weixing Wan,SuperDARN,unverified,0,1
10.5194/angeo-22-4217-2004,A joint Cluster and ground-based instruments study of two magnetospheric substorm events on 1 September 2002,2004,Annales Geophysicae,Copernicus Publications,Peer-reviewed journal article,N. C. Draper; Mark Lester; James A. Wild; S. E. Milan; G. Provan; Adrian Grocott; S. W. H. Cowley; Yulia Bogdanova; J. P. Dewhurst; A. N. Fazakerley; J. A. Davies; J.-M. Bosqued,SuperDARN_CA; SuperDARN,unverified,0,2
10.5194/angeo-22-4243-2004,Measuring the dayside reconnection rate during an interval of due northward interplanetary magnetic field,2004,Annales Geophysicae,Copernicus Publications,Peer-reviewed journal article,Gareth Chisham; Mervyn. P. Freeman; I. J. Coleman; Mike Pinnock; Marc R. Hairston; Mark Lester; George Sofko,SuperDARN,unverified,0,1
10.5194/angeo-23-1207-2005,Pulsed flows observed during an interval of prolonged northward IMF,2005,Annales Geophysicae,Copernicus Publications,Peer-reviewed journal article,G. Provan; Mark Lester; Adrian Grocott; S. W. H. Cowley,SuperDARN_CA; SuperDARN,unverified,0,2
10.5194/angeo-23-1227-2005,Orientation of the cross-field anisotropy of small-scale ionospheric irregularities and direction of plasma convection,2005,Annales Geophysicae,Copernicus Publications,Peer-reviewed journal article,E. D. Tereshchenko; N. Yu. Romanova; A. V. Koustov,SuperDARN,unverified,0,1
10.5194/angeo-23-1371-2005,Interhemispheric asymmetries in the occurrence of magnetically conjugate sub-auroral polarisation streams,2005,Annales Geophysicae,Copernicus Publications,Peer-reviewed journal article,M. L. Parkinson; Mike Pinnock; James A. Wild; Mark Lester; T. K. Yeoman; S. E. Milan; H. Ye; John C. Devlin; Harald U. Frey; Takashi Kikuchi,SuperDARN,unverified,0,1
10.5194/angeo-23-1533-2005,Pc5 modulation of high energy electron precipitation: particle interaction regions and scattering efficiency,2005,Annales Geophysicae,Copernicus Publications,Peer-reviewed journal article,Emma Spanswick; Eric Donovan; Greg Baker,Single Beam Riometer; CANOPUS; GO_RIO,partially_verified,2,3
10.5194/angeo-23-2051-2005,"Assessment of ionospheric Joule heating by GUMICS-4 MHD simulation, AMIE, and satellite-based statistics: towards a synthesis",2005,Annales Geophysicae,Copernicus Publications,Peer-reviewed journal article,Minna Palmroth; P. Janhunen; Tuija I. Pulkkinen; A. Aksnes; Gang Lu; Nikolai Østgaard; Juergen Watermann; G. D. Reeves; G. A. Germany,SuperDARN,unverified,0,1
10.5194/angeo-23-2129-2005,"Coordinated studies of the geospace environment using Cluster, satellite and ground-based data: an interim review",2005,Annales Geophysicae,Copernicus Publications,Peer-reviewed journal article,Olaf Amm; Eric F. Donovan; Harald Frey; Mark Lester; Rumi Nakamura; James A. Wild; Anita Aikio; Malcolm Dunlop; Kirsti Kauristie; A. Marchaudon; I. W. McCrea; H.-J. Opgenoorth; A. Strømme,THEMIS ASI,unverified,0,1
10.5194/angeo-23-2479-2005,Comparison of DMSP cross-track ion drifts and SuperDARN line-of-sight velocities,2005,Annales Geophysicae,Copernicus Publications,Peer-reviewed journal article,R. A. Drayton; A. V. Koustov; Marc R. Hairston; J.-P. Villain,SuperDARN,unverified,0,1
10.5194/angeo-23-2599-2005,The accuracy of using the spectral width boundary measured in off-meridional SuperDARN HF radar beams as a proxy for the open-closed field line boundary,2005,Annales Geophysicae,Copernicus Publications,Peer-reviewed journal article,Gareth Chisham; Mervyn. P. Freeman; T. Sotirelis; R. A. Greenwald,SuperDARN,unverified,0,1
10.5194/angeo-23-3599-2005,Substorm dynamics revealed by ground observations of two-dimensional auroral structures on 9 October 2000,2005,Annales Geophysicae,Copernicus Publications,Peer-reviewed journal article,Jun Liang; Eric F. Donovan; George J. Sofko; Trond Trondsen,CANOPUS; SuperDARN_CA; SuperDARN,unverified,0,3
10.5194/angeo-23-3667-2005,Cluster magnetotail observations of a tailward-travelling plasmoid at substorm expansion phase onset and field aligned currents in the plasma sheet boundary layer,2005,Annales Geophysicae,Copernicus Publications,Peer-reviewed journal article,N. C. Draper; Mark Lester; S. W. H. Cowley; James A. Wild; S. E. Milan; G. Provan; Adrian Grocott; A. N. Fazakerley; A. Lahiff; J. A. Davies; J.-M. Bosqued; J. P. Dewhurst; Rumi Nakamura; C. J. Owen; J. Waterman; Michael G. Henderson; Howard J. Singer; Eric Donovan,CANOPUS; SuperDARN_CA; SuperDARN,partially_verified,1,3
10.5194/angeo-23-509-2005,On the motion of dayside auroras caused by a solar wind pressure pulse,2005,Annales Geophysicae,Copernicus Publications,Peer-reviewed journal article,A. Kozlovsky; V. Safargaleev; Nikolai Østgaard; T. Turunen; Alexander Koustov; J. Jussila; A. Roldugin,SuperDARN,unverified,0,1
10.5194/angeo-23-733-2005,A statistical comparison of SuperDARN spectral width boundaries and DMSP particle precipitation boundaries in the morning sector ionosphere,2005,Annales Geophysicae,Copernicus Publications,Peer-reviewed journal article,Gareth Chisham; Mervyn. P. Freeman; T. Sotirelis; R. A. Greenwald; Mark Lester; J.-P. Villain,SuperDARN,unverified,0,1
10.5194/angeo-23-831-2005,Statistical and superposed epoch study of dipolarization events using data from Wind perigee passes,2005,Annales Geophysicae,Copernicus Publications,Peer-reviewed journal article,K. Sigsbee; J. A. Slavin; R. P. Lepping; A. Szabo; M. Øieroset; M. L. Kaiser; M. J. Reiner; Howard J. Singer,CANOPUS,unverified,0,1
10.5194/angeo-23-997-2005,Correlation between ground-based observations of substorm signatures and magnetotail dynamics,2005,Annales Geophysicae,Copernicus Publications,Peer-reviewed journal article,E. Borälv; H. J. Opgenoorth; Kirsti Kauristie; Mark Lester; J.-M. Bosqued; J. P. Dewhurst; C. J. Owen; Malcolm Dunlop; J. A. Slavin; Andrew Fazakerley; C. Perry,SuperDARN,unverified,0,1
10.5194/angeo-24-115-2006,"Spectral width of SuperDARN echoes: measurement, use and physical interpretation",2006,Annales Geophysicae,Copernicus Publications,Peer-reviewed journal article,Pavlo V. Ponomarenko; C. L. Waters,SuperDARN,unverified,0,1
10.5194/angeo-24-1591-2006,Observations of high-velocity SAPS-like flows with the King Salmon SuperDARN radar,2006,Annales Geophysicae,Copernicus Publications,Peer-reviewed journal article,A. V. Koustov; R. A. Drayton; Roman A. Makarevich; Kathryn A. McWilliams; J.-P. St-Maurice; Takashi Kikuchi; Harald U. Frey,SuperDARN,unverified,0,1
10.5194/angeo-24-2209-2006,Meso-scale aurora within the expansion phase bulge,2006,Annales Geophysicae,Copernicus Publications,Peer-reviewed journal article,Noora Partamies; Kirsti Kauristie; Eric Donovan; Emma Spanswick; Kan Liou,CANOPUS,unverified,0,1
10.5194/angeo-24-2227-2006,Dayside flow bursts and high-latitude reconnection when the IMF is strongly  northward,2006,Annales Geophysicae,Copernicus Publications,Peer-reviewed journal article,Hongqiao Hu; T. K. Yeoman; Mark Lester; Ruiyuan Liu; H. Yang; Adrian Grocott,SuperDARN_CA; SuperDARN,unverified,0,2
10.5194/angeo-24-2981-2006,Comparison of the magnetic equivalent convection direction and ionospheric convection observed by the SuperDARN radars,2006,Annales Geophysicae,Copernicus Publications,Peer-reviewed journal article,L. V. Benkevitch; A. V. Koustov; Jun Liang; J. F. Watermann,SuperDARN,unverified,0,1
10.5194/angeo-24-3115-2006,The auroral and ionospheric flow signatures of dual lobe  reconnection,2006,Annales Geophysicae,Copernicus Publications,Peer-reviewed journal article,S. M. Imber; S. E. Milan; B. Hubert,SuperDARN,unverified,0,1
10.5194/angeo-24-3421-2006,Dayside aurorae and  polar arcs  under south-east IMF orientation,2006,Annales Geophysicae,Copernicus Publications,Peer-reviewed journal article,Per Even Sandholt; M. Dyrland; Charles J. Farrugia,SuperDARN,unverified,0,1
10.5194/angeo-24-689-2006,Dynamical critical scaling of electric field fluctuations in the greater cusp and magnetotail implied by HF radar observations of F-region Doppler velocity,2006,Annales Geophysicae,Copernicus Publications,Peer-reviewed journal article,M. L. Parkinson,SuperDARN,unverified,0,1
10.5194/angeo-25-1199-2007,Energetic electron precipitation during sawtooth injections,2007,Annales Geophysicae,Copernicus Publications,Peer-reviewed journal article,Andrew J. Kavanagh; Gang Lu; Eric F. Donovan; G. D. Reeves; Farideh Honary; J. Manninen; T. J. Immel,CANOPUS,unverified,0,1
10.5194/angeo-25-1709-2007,Multi-scale observations of magnetotail flux transport during IMF-northward non-substorm intervals,2007,Annales Geophysicae,Copernicus Publications,Peer-reviewed journal article,Adrian Grocott; T. K. Yeoman; S. E. Milan; Olaf Amm; Harald U. Frey; Liisa Juusola; Rumi Nakamura; C. J. Owen; H. Rème; T. Takada,SuperDARN,unverified,0,1
10.5194/angeo-25-1767-2007,The quasi-two-day wave studied using the Northern Hemisphere SuperDARN HF radars,2007,Annales Geophysicae,Copernicus Publications,Peer-reviewed journal article,S. B. Malinga; J. M. Ruohoniemi,SuperDARN_CA; SuperDARN,unverified,0,2
10.5194/angeo-25-2053-2007,The driving mechanisms of particle precipitation during the moderate geomagnetic storm of 7 January 2005,2007,Annales Geophysicae,Copernicus Publications,Peer-reviewed journal article,N. Longden; Farideh Honary; Andrew J. Kavanagh; J. Manninen,CARISMA; GO_RIO,unverified,0,2
10.5194/angeo-25-2529-2007,Energy deposition in the ionosphere through a global field line resonance,2007,Annales Geophysicae,Copernicus Publications,Peer-reviewed journal article,I. Jonathan Rae; Clare E. J. Watt; Frances R. Fenrich; Ian. R. Mann; Louis G. Ozeke; Andy Kale,SuperDARN_CA; SuperDARN,unverified,0,2
10.5194/angeo-25-59-2007,"An auroral westward flow channel (AWFC) and its relationship to field-aligned current, ring current, and plasmapause location determined using multiple spacecraft observations",2007,Annales Geophysicae,Copernicus Publications,Peer-reviewed journal article,M. L. Parkinson; James A. Wild; C. L. Waters; Mark Lester; E. A. Lucek; P. M. E. Décréau,SuperDARN,unverified,0,1
10.5194/angeo-26-1415-2008,Global observations of electromagnetic and particle energy flux for an event during northern winter with southward interplanetary magnetic field,2008,Annales Geophysicae,Copernicus Publications,Peer-reviewed journal article,Haje Korth; Brian J. Anderson; J. M. Ruohoniemi; Harald U. Frey; C. L. Waters; T. J. Immel; D. L. Green,SuperDARN,unverified,0,1
10.5194/angeo-26-1517-2008,Effects of mixed scatter on SuperDARN convection maps,2008,Annales Geophysicae,Copernicus Publications,Peer-reviewed journal article,Pavlo V. Ponomarenko; C. L. Waters; Frederick W. Menk,SuperDARN,unverified,0,1
10.5194/angeo-26-1725-2008,"VHF scintillations, orientation of the anisotropy of F-region irregularities and direction of plasma convection in the polar cap",2008,Annales Geophysicae,Copernicus Publications,Peer-reviewed journal article,E. D. Tereshchenko; N. Yu. Romanova; A. V. Koustov,SuperDARN,unverified,0,1
10.5194/angeo-26-185-2008,Multi-instrument observations of a large scale Pc4 pulsation,2008,Annales Geophysicae,Copernicus Publications,Peer-reviewed journal article,Lasse Boy Novock Clausen; T. K. Yeoman; R. Behlke; E. A. Lucek,CARISMA,unverified,0,1
10.5194/angeo-26-2159-2008,The role of external triggers in flow shear arcs in the dayside aurora,2008,Annales Geophysicae,Copernicus Publications,Peer-reviewed journal article,Per Even Sandholt; Charles J. Farrugia,SuperDARN,unverified,0,1
10.5194/angeo-26-2711-2008,Rankin Inlet PolarDARN radar observations of duskward moving Sun-aligned optical forms,2008,Annales Geophysicae,Copernicus Publications,Peer-reviewed journal article,Alexander Koustov; Keisuke Hosokawa; Nozomu Nishitani; Tadahiko Ogawa; Kazuo Shiokawa,SuperDARN_CA; SuperDARN,unverified,0,2
10.5194/angeo-26-2937-2008,The effects of an interplanetary shock on the high-latitude ionospheric convection during an IMF &amp;lt;I&amp;gt;B&amp;lt;sub&amp;gt;y&amp;lt;/sub&amp;gt;&amp;lt;/I&amp;gt;-dominated period,2008,Annales Geophysicae,Copernicus Publications,Peer-reviewed journal article,Igino Coco; Ermanno Amata; Maria Federica Marcucci; Danila Ambrosino; J.-P. Villain; C. Hanuise,SuperDARN,unverified,0,1
10.5194/angeo-26-3477-2008,Statistical analysis of ground based magnetic field measurements with the field line resonance detector,2008,Annales Geophysicae,Copernicus Publications,Peer-reviewed journal article,Ferdinand Plaschke; K.-H. Glassmeier; O. D. Constantinescu; Ian. R. Mann; David K. Milling; U. Motschmann; I. Jonathan Rae,CARISMA,unverified,0,1
10.5194/angeo-26-823-2008,Mapping ionospheric backscatter measured by the SuperDARN HF radars – Part 1: A new empirical virtual height model,2008,Annales Geophysicae,Copernicus Publications,Peer-reviewed journal article,Gareth Chisham; T. K. Yeoman; George J. Sofko,SuperDARN_CA; SuperDARN,unverified,0,2
10.5194/angeo-27-1139-2009,Modelling the tongue-of-ionisation using CTIP with SuperDARN electric potential input: verification by radiotomography,2009,Annales Geophysicae,Copernicus Publications,Peer-reviewed journal article,S. E. Pryse; E. L. Whittick; A. D. Aylward; H. R. Middleton; D. S. Brown; Mark Lester; J. A. Secan,SuperDARN,unverified,0,1
10.5194/angeo-27-1153-2009,"Arctic tidal characteristics at Eureka (80° N, 86° W) and Svalbard (78° N, 16° E) for 2006/07: seasonal and longitudinal variations, migrating and non-migrating tides",2009,Annales Geophysicae,Copernicus Publications,Peer-reviewed journal article,Alan H. Manson; Chris E. Meek; T. Chshyolkova; X. Xu; T. Aso; James R. Drummond; C. M. Hall; Wayne K. Hocking; Ch. Jacobi; Masaki Tsutsumi; William Edmund Ward,DNT,unverified,0,1
10.5194/angeo-27-1489-2009,Observation of an inner magnetosphere electric field associated with a BBF-like flow and PBIs,2009,Annales Geophysicae,Copernicus Publications,Peer-reviewed journal article,T. Johansson; John W. Bonnell; Christopher Cully; Eric Donovan; Joachim Raeder; S. Eriksson; Laila Andersson; Robert E. Ergun; V. Angelopoulos; J. McFadden; K.-H. Glassmeier; I. Mann,THEMIS ASI,unverified,0,1
10.5194/angeo-27-1717-2009,Studies of magnetotail dynamics and energy evolution during substorms using MHD simulations,2009,Annales Geophysicae,Copernicus Publications,Peer-reviewed journal article,S. Brogl; R. E. Lopez; Michael Wiltberger; H. K. Rassoul,CARISMA,unverified,0,1
10.5194/angeo-27-1831-2009,"THEMIS observation of a substorm event on 04:35,  22 February 2008",2009,Annales Geophysicae,Copernicus Publications,Peer-reviewed journal article,J. Liu; V. Angelopoulos; Harald Frey; J. McFadden; Davin Larson; K. Glassmeier; Stephen Mende; Christopher T. Russell; I. Jonathan Rae; Kyle R. Murphy; Sergey Apatenkov,THEMIS ASI; CARISMA,unverified,0,2
10.5194/angeo-27-1935-2009,Longitudinal development of a substorm brightening arc,2009,Annales Geophysicae,Copernicus Publications,Peer-reviewed journal article,Kazuo Shiokawa; Akimasa Ieda; A. Nakajima; Kaori Sakaguchi; Reiko Nomura; T. Aslaksen; M. Greffen; Emma Spanswick; Eric Donovan; Stephen B. Mende; J. McFadden; K.-H. Glassmeier; V. Angelopoulos; Yukinaga Miyashita,THEMIS ASI,unverified,0,1
10.5194/angeo-27-2019-2009,Global observations of substorm injection region evolution: 27 August 2001,2009,Annales Geophysicae,Copernicus Publications,Peer-reviewed journal article,Emma Spanswick; Eric Donovan; W. Liu; Jun Liang; J. Bernard Blake; G. Reeves; Reiner Friedel; Brian Jackel; Christopher Cully; Allan Weatherwax,GO_RIO,unverified,0,1
10.5194/angeo-27-2191-2009,In-situ observation of ULF wave activities associated with substorm expansion phase onset and current disruption,2009,Annales Geophysicae,Copernicus Publications,Peer-reviewed journal article,Jun Liang; Weining William Liu; Eric F. Donovan; Emma Spanswick,THEMIS ASI,unverified,0,1
10.5194/angeo-27-2399-2009,Joint observations of a traveling ionospheric disturbance with the Paratunka OMTI camera and the Hokkaido HF radar,2009,Annales Geophysicae,Copernicus Publications,Peer-reviewed journal article,Alexander Koustov; Nozomu Nishitani; Pavlo V. Ponomarenko; Kazuo Shiokawa; S. Suzuki; B. M. Shevtsov; John W. MacDougall,SuperDARN,unverified,0,1
10.5194/angeo-27-2423-2009,Different responses of northern and southern high latitude ionospheric convection to IMF rotations: a case study based on SuperDARN observations,2009,Annales Geophysicae,Copernicus Publications,Peer-reviewed journal article,Danila Ambrosino; Ermanno Amata; Maria Federica Marcucci; Igino Coco; William Bristow; P. Dyson,SuperDARN_CA; SuperDARN,unverified,0,2
10.5194/angeo-27-31-2009,The influence of solar wind on extratropical cyclones – Part 2: A link mediated by auroral atmospheric gravity waves?,2009,Annales Geophysicae,Copernicus Publications,Peer-reviewed journal article,Paul Prikryl; Donald B. Muldrew; George J. Sofko,SuperDARN_CA; SuperDARN,unverified,0,2
10.5194/angeo-27-3287-2009,Characterization of ultra low frequency (ULF) pulsations and the investigation of their possible source,2009,Annales Geophysicae,Copernicus Publications,Peer-reviewed journal article,S. H. Mthembu; S. B. Malinga; Anthony D. M. Walker; L. Magnus,SuperDARN,unverified,0,1
10.5194/angeo-27-357-2009,"First simultaneous measurements of waves generated at the bow shock in the solar wind, the magnetosphere and on the ground",2009,Annales Geophysicae,Copernicus Publications,Peer-reviewed journal article,Lasse Boy Novock Clausen; T. K. Yeoman; Robert C. Fear; R. Behlke; E. A. Lucek; Mark J. Engebretson,CARISMA,unverified,0,1
10.5194/angeo-27-3755-2009,On the SuperDARN cross polar cap potential saturation effect,2009,Annales Geophysicae,Copernicus Publications,Peer-reviewed journal article,A. V. Koustov; G. Ya. Khachikjan; Roman A. Makarevich; C. Bryant,SuperDARN,unverified,0,1
10.5194/angeo-27-4207-2009,Refractive index effects on the scatter volume location and Doppler velocity estimates of ionospheric HF backscatter echoes,2009,Annales Geophysicae,Copernicus Publications,Peer-reviewed journal article,Pavlo V. Ponomarenko; J.-P. St-Maurice; C. L. Waters; Robert G. Gillies; A. V. Koustov,SuperDARN_CA; SuperDARN,unverified,0,2
10.5194/angeo-27-4317-2009,THEMIS ground-space observations during the development of auroral spirals,2009,Annales Geophysicae,Copernicus Publications,Peer-reviewed journal article,Andreas Keiling; V. Angelopoulos; James Michael Weygand; Olaf Amm; Emma Spanswick; Eric Donovan; Stephen Mende; J. McFadden; Davin Larson; K.-H. Glassmeier; H. U. Auster,THEMIS ASI,unverified,0,1
10.5194/angeo-27-623-2009,Fine structures and dynamics in auroral initial brightening at substorm onsets,2009,Annales Geophysicae,Copernicus Publications,Peer-reviewed journal article,Kaori Sakaguchi; Kazuo Shiokawa; Akimasa Ieda; Reiko Nomura; A. Nakajima; M. Greffen; Eric Donovan; Ian. R. Mann; H. Kim; Marc Lessard,CARISMA,unverified,0,1
10.5194/angeo-27-725-2009,Cluster and Double Star multipoint observations of a plasma bubble,2009,Annales Geophysicae,Copernicus Publications,Peer-reviewed journal article,Andrew P. Walsh; A. N. Fazakerley; A. D. Lahiff; Martin Volwerk; Adrian Grocott; Malcolm W. Dunlop; A. T. Y. Lui; Lynn M. Kistler; Mark Lester; C. Mouikis; Zuyin Pu; Chao Shen; J. Shi; Matthew G. G. T. Taylor; E. Lucek; T. L. Zhang; Iannis Dandouras,SuperDARN,unverified,0,1
10.5194/angeo-28-1023-2010,Polar cap convection/precipitation states during Earth passage of two ICMEs at solar minimum,2010,Annales Geophysicae,Copernicus Publications,Peer-reviewed journal article,Per Even Sandholt; Y. Andalsvik; Charles J. Farrugia,SuperDARN,unverified,0,1
10.5194/angeo-28-1307-2010,"GPS TEC, scintillation and cycle slips observed at high latitudes during solar minimum",2010,Annales Geophysicae,Copernicus Publications,Peer-reviewed journal article,Paul Prikryl; Periyadan T. Jayachandran; Sajan C. Mushini; Dimitry Pokhotelov; John W. MacDougall; Eric Donovan; Emma Spanswick; J.-P. St.-Maurice,CHAIN; SuperDARN_CA; SuperDARN,unverified,0,3
10.5194/angeo-28-1761-2010,Spatial distribution of spectral parameters of high latitude geomagnetic disturbances in the Pc5/Pi3 frequency range,2010,Annales Geophysicae,Copernicus Publications,Peer-reviewed journal article,N. V. Yagova; V. A. Pilipenko; L. N. Baransky; Mark J. Engebretson,CARISMA,unverified,0,1
10.5194/angeo-28-1945-2010,Effects of a solar wind dynamic pressure increase in the magnetosphere and in the ionosphere,2010,Annales Geophysicae,Copernicus Publications,Peer-reviewed journal article,Liisa Juusola; K. Andréeová; Olaf Amm; Kirsti Kauristie; S. E. Milan; Minna Palmroth; Noora Partamies,CARISMA,unverified,0,1
10.5194/angeo-28-861-2010,Relative O- and X-mode transmitted power from SuperDARN as it relates to the RRI instrument on ePOP,2010,Annales Geophysicae,Copernicus Publications,Peer-reviewed journal article,Robert G. Gillies; Glenn C. Hussey; George J. Sofko; H. Gordon James,SuperDARN_CA; SuperDARN,unverified,0,2
10.5194/angeo-29-1927-2011,"Characteristics of Arctic winds at CANDAC-PEARL (80° N, 86° W) and Svalbard (78° N, 16° E) for 2006–2009: radar observations and comparisons with the model CMAM-DAS",2011,Annales Geophysicae,Copernicus Publications,Peer-reviewed journal article,Alan H. Manson; Chris E. Meek; X. Xu; T. Aso; James R. Drummond; C. M. Hall; Wayne K. Hocking; Masaki Tsutsumi; William Edmund Ward,DNT,unverified,0,1
10.5194/angeo-29-1939-2011,"Characteristics of Arctic tides at CANDAC-PEARL (80° N, 86° W) and Svalbard (78° N, 16° E) for 2006–2009: radar observations and comparisons with the model CMAM-DAS",2011,Annales Geophysicae,Copernicus Publications,Peer-reviewed journal article,Alan H. Manson; Chris E. Meek; X. Xu; T. Aso; James R. Drummond; C. M. Hall; Wayne K. Hocking; Masaki Tsutsumi; William Edmund Ward,DNT,unverified,0,1
10.5194/angeo-29-2031-2011,Substorms during different storm phases,2011,Annales Geophysicae,Copernicus Publications,Peer-reviewed journal article,Noora Partamies; Liisa Juusola; Eija Tanskanen; Kirsti Kauristie; James Michael Weygand; Yasunobu Ogawa,CARISMA,unverified,0,1
10.5194/angeo-29-2045-2011,Brightening of onset arc precedes the dipolarization onset: THEMIS observations of two events on 1 March 2008,2011,Annales Geophysicae,Copernicus Publications,Peer-reviewed journal article,J. R. Kan; H. Li; C. Wang; Harald U. Frey; Marina V. Kubyshkina; Andrei Runov; C. J. Xiao; L. H. Lyu; W. Sun,THEMIS ASI,unverified,0,1
10.5194/angeo-29-2287-2011,Interhemispheric comparison of GPS phase scintillation at high latitudes during the magnetic-cloud-induced geomagnetic storm of 5–7 April 2010,2011,Annales Geophysicae,Copernicus Publications,Peer-reviewed journal article,Paul Prikryl; Luca Spogli; Periyadan T. Jayachandran; Joe Kinrade; Cathryn N. Mitchell; Baiqi Ning; G. Li; Pierre J. Cilliers; Mike Terkildsen; Donald W. Danskin; Emma Spanswick; Eric Donovan; Allan T. Weatherwax; William. A. Bristow; Lucilla Alfonsi; Giorgiana De Franceschi; Vincenzo Romano; Chigomezyo M. Ngwira; B. D. L. Opperman,CHAIN,unverified,0,1
10.5194/angeo-29-299-2011,EISCAT-Cluster observations of quiet-time near-Earth magnetotail fast flows and their signatures in the ionosphere,2011,Annales Geophysicae,Copernicus Publications,Peer-reviewed journal article,Timo Pitkänen; A. T. Aikio; Olaf Amm; Kirsti Kauristie; H. Nilsson; K. U. Kaila,SuperDARN,unverified,0,1
10.5194/angeo-29-367-2011,Localized electron density enhancements in the high-altitude polar ionosphere and their relationships with storm-enhanced density (SED) plumes and polar tongues of ionization (TOI),2011,Annales Geophysicae,Copernicus Publications,Peer-reviewed journal article,Y. Kitanoya; T. Abe; Andrew W. Yau; T. Hori; Nozomu Nishitani,SuperDARN_CA; SuperDARN,unverified,0,2
10.5194/angeo-29-377-2011,Climatology of GPS phase scintillation and HF radar backscatter for the high-latitude ionosphere under solar minimum conditions,2011,Annales Geophysicae,Copernicus Publications,Peer-reviewed journal article,Paul Prikryl; Periyadan T. Jayachandran; Sajan C. Mushini; Richard Chadwick,CHAIN; SuperDARN_CA; SuperDARN,unverified,0,3
10.5194/angeo-29-493-2011,The dependence of Pi2 waveforms on periodic velocity enhancements within bursty bulk flows,2011,Annales Geophysicae,Copernicus Publications,Peer-reviewed journal article,Kyle R. Murphy; I. Jonathan Rae; Ian. R. Mann; Andrew P. Walsh; David K. Milling; Andy Kale,CARISMA,unverified,0,1
10.5194/angeo-29-591-2011,THEMIS observations of double-onset substorms and their association with IMF variations,2011,Annales Geophysicae,Copernicus Publications,Peer-reviewed journal article,C.-C. Cheng; Christopher T. Russell; V. Angelopoulos; Ian. R. Mann; K.-H. Glassmeier; Wolfgang Baumjohann,CARISMA,unverified,0,1
10.5194/angeo-30-1769-2012,An adjusted location model for SuperDARN backscatter echoes,2012,Annales Geophysicae,Copernicus Publications,Peer-reviewed journal article,E. X. Liu; Hong-Qiao Hu; Rui-Yuan Liu; Z. S. Wu; Mark Lester,SuperDARN,unverified,0,1
10.5194/angeo-30-235-2012,Velocity of E-region HF echoes under strongly-driven electrojet conditions,2012,Annales Geophysicae,Copernicus Publications,Peer-reviewed journal article,J. D. Gorin; A. V. Koustov; Roman A. Makarevich; J.-P. St. -Maurice; Satonori Nozawa,SuperDARN,unverified,0,1
10.5194/angeo-30-33-2012,Supermagnetosonic subsolar magnetosheath jets and their effects: from the solar wind to the ionospheric convection,2012,Annales Geophysicae,Copernicus Publications,Peer-reviewed journal article,Heli Hietala; Noora Partamies; T. V. Laitinen; Lasse Boy Novock Clausen; G. Facskó; A. Vaivads; H. E. J. Koskinen; Iannis Dandouras; H. Rème; E. A. Lucek,CARISMA,unverified,0,1
10.5194/angeo-30-441-2012,Signatures of moving polar cap arcs in the F-region PolarDARN echoes,2012,Annales Geophysicae,Copernicus Publications,Peer-reviewed journal article,A. V. Koustov; Keisuke Hosokawa; Nozomu Nishitani; Kazuo Shiokawa; H. Liu,SuperDARN_CA; SuperDARN,unverified,0,2
10.5194/angeo-30-537-2012,A plasma flow vortex in the magnetotail and its related ionospheric signatures,2012,Annales Geophysicae,Copernicus Publications,Peer-reviewed journal article,Chao-Ling Tang,THEMIS ASI,unverified,0,1
10.5194/angeo-30-667-2012,External triggering of substorms identified using modern optical versus geosynchronous particle data,2012,Annales Geophysicae,Copernicus Publications,Peer-reviewed journal article,B. Gallardo-Lacourt; Yukitoshi Nishimura; L. R. Lyons; Eric Donovan,THEMIS ASI,unverified,0,1
10.5194/angeo-30-911-2012,Behavior of substorm auroral arcs and Pi2 waves: implication for the kinetic ballooning instability,2012,Annales Geophysicae,Copernicus Publications,Peer-reviewed journal article,T. F. Chang; Chio-Zong Cheng; C.-Y. Chiang; A. B. Chen,THEMIS ASI,unverified,0,1
10.5194/angeo-31-1077-2013,Quasi-parallel electron beams and their possible application in inferring the auroral arc's root in the magnetosphere,2013,Annales Geophysicae,Copernicus Publications,Peer-reviewed journal article,Jun Liang; F. Jiang; Eric Donovan; Emma Spanswick; V. Angelopoulos; R. Strangeway,THEMIS ASI,unverified,0,1
10.5194/angeo-31-1267-2013,"Eureka, 80° N, SKiYMET meteor radar temperatures compared with Aura MLS values",2013,Annales Geophysicae,Copernicus Publications,Peer-reviewed journal article,Chris E. Meek; Alan H. Manson; Wayne K. Hocking; James R. Drummond,DNT,unverified,0,1
10.5194/angeo-31-1993-2013,Mapping of the quasi-periodic oscillations at the flank magnetopause into the ionosphere,2013,Annales Geophysicae,Copernicus Publications,Peer-reviewed journal article,E. R. Dougal; Katariina Nykyri; T. W. Moore,SuperDARN,unverified,0,1
10.5194/angeo-31-805-2013,GPS phase scintillation and proxy index at high latitudes during a moderate geomagnetic storm,2013,Annales Geophysicae,Copernicus Publications,Peer-reviewed journal article,Paul Prikryl; Reza Ghoddousi-Fard; Bharat S. R. Kunduri; Evan G. Thomas; A. J. Coster; Periyadan T. Jayachandran; Emma Spanswick; Donald W. Danskin,CHAIN; SuperDARN_CA; SuperDARN,partially_verified,1,3
10.5194/angeo-32-1011-2014,Pre-onset auroral signatures and subsequent development of substorm auroras: a development of ionospheric loop currents  at the onset latitudes,2014,Annales Geophysicae,Copernicus Publications,Peer-reviewed journal article,O. Saka; Kanji Hayashi; M. Thomsen,CARISMA,unverified,0,1
10.5194/angeo-32-147-2014,Variations in the occurrence of SuperDARN F region echoes,2014,Annales Geophysicae,Copernicus Publications,Peer-reviewed journal article,M. Ghezelbash; Robyn A. D. Fiori; A. V. Koustov,SuperDARN_CA; SuperDARN,unverified,0,2
10.5194/angeo-32-99-2014,Statistical visualization of the Earth's magnetotail and the implied mechanism of substorm triggering based on superposed-epoch analysis of THEMIS data,2014,Annales Geophysicae,Copernicus Publications,Peer-reviewed journal article,Shinobu Machida; Yukinaga Miyashita; Akimasa Ieda; Masahito Nosé; V. Angelopoulos; James P. McFadden,THEMIS ASI,unverified,0,1
10.5194/angeo-33-1037-2015,Magnetohydrodynamic modeling of three Van Allen Probes storms in 2012 and  2013,2015,Annales Geophysicae,Copernicus Publications,Peer-reviewed journal article,J. Paral; M. K. Hudson; B. T. Kress; M. J. Wiltberger; John R. Wygant; Howard J. Singer,CARISMA,unverified,0,1
10.5194/angeo-33-1173-2015,Combined effects of concurrent Pc5 and chorus waves on relativistic electron dynamics,2015,Annales Geophysicae,Copernicus Publications,Peer-reviewed journal article,C. Katsavrias; Ioannis A. Daglis; W. Li; Stavros Dimitrakoudis; Marina Georgiou; Drew L. Turner; Constantinos Papadimitriou,CARISMA,unverified,0,1
10.5194/angeo-33-1237-2015,Multi-satellite study of the excitation of Pc3 and Pc4-5 ULF waves and their penetration across the plasmapause during the 2003 Halloween superstorm,2015,Annales Geophysicae,Copernicus Publications,Peer-reviewed journal article,Georgios Balasis; Ioannis A. Daglis; Ian. R. Mann; Constantinos Papadimitriou; Eftyhia Zesta; Marina Georgiou; Roger Haagmans; K. Tsinganos,CARISMA,unverified,0,1
10.5194/angeo-33-245-2015,Azimuthal velocity shear within an Earthward fast flow – further evidence for magnetotail untwisting?,2015,Annales Geophysicae,Copernicus Publications,Peer-reviewed journal article,Timo Pitkänen; M. Hamrin; P. Norqvist; T. Karlsson; H. Nilsson; Anita Kullen; S. M. Imber; S. E. Milan,SuperDARN,unverified,0,1
10.5194/angeo-33-505-2015,A quantitative study of magnetospheric magnetic field line deformation by a two-loop substorm current wedge,2015,Annales Geophysicae,Copernicus Publications,Peer-reviewed journal article,A. V. Nikolaev; Victor A. Sergeev; Nikolai A. Tsyganenko; Marina V. Kubyshkina; Hermann Opgenoorth; Howard Singer; V. Angelopoulos,THEMIS ASI,unverified,0,1
10.5194/angeo-33-525-2015,Direct observations of blob deformation during a substorm,2015,Annales Geophysicae,Copernicus Publications,Peer-reviewed journal article,T. Ishida; Yasunobu Ogawa; Akira Kadokura; Keisuke Hosokawa; Yuichi Otsuka,SuperDARN,unverified,0,1
10.5194/angeo-33-531-2015,Climatology of GPS phase scintillation at northern high latitudes for the period from 2008 to 2013,2015,Annales Geophysicae,Copernicus Publications,Peer-reviewed journal article,Paul Prikryl; Periyadan T. Jayachandran; Richard Chadwick; T. D. Kelly,CHAIN,unverified,0,1
10.5194/angeo-33-637-2015,GPS phase scintillation at high latitudes during geomagnetic storms of 7–17 March 2012 – Part 1: The North American sector,2015,Annales Geophysicae,Copernicus Publications,Peer-reviewed journal article,Paul Prikryl; Reza Ghoddousi-Fard; Evan G. Thomas; J. M. Ruohoniemi; S. G. Shepherd; Periyadan T. Jayachandran; Donald W. Danskin; Emma Spanswick; Y. Zhang; Y. Jiao; Y. T. Morton,THEMIS ASI; CHAIN; SuperDARN,unverified,0,3
10.5194/angeo-33-657-2015,GPS phase scintillation at high latitudes during geomagnetic storms of 7–17 March 2012 – Part 2: Interhemispheric comparison,2015,Annales Geophysicae,Copernicus Publications,Peer-reviewed journal article,Paul Prikryl; Reza Ghoddousi-Fard; Luca Spogli; Cathryn N. Mitchell; G. Li; Baiqi Ning; Pierre J. Cilliers; Veettil Sreeja; Marcio Aquino; Mike Terkildsen; Periyadan T. Jayachandran; Y. Jiao; Y. T. Morton; J. M. Ruohoniemi; Evan G. Thomas; Y. Zhang; Allan T. Weatherwax; Lucilla Alfonsi; Giorgiana De Franceschi; Vincenzo Romano,CHAIN; SuperDARN,unverified,0,2
10.5194/angeo-34-227-2016,Seasonal and solar cycle variations in the ionospheric convection reversal  boundary location inferred from monthly SuperDARN data sets,2016,Annales Geophysicae,Copernicus Publications,Peer-reviewed journal article,Alexander V. Koustov; Robyn A. D. Fiori,SuperDARN,unverified,0,1
10.5194/angeo-34-379-2016,Equivalent currents associated with morning-sector geomagnetic Pc5  pulsations during auroral substorms,2016,Annales Geophysicae,Copernicus Publications,Peer-reviewed journal article,Kirsti Kauristie; M. V. Uspensky; Natalia G. Kleimenova; Olga V. Kozyreva; M. M. J. L. Van De Kamp; S. V. Dubyagin; Stefano Massetti,THEMIS ASI; CARISMA,unverified,0,2
10.5194/angeo-34-857-2016,"Large-scale coordinated observations of Pc5 pulsation
events",2016,Annales Geophysicae,Copernicus Publications,Peer-reviewed journal article,Zolile Mtumela; Anthony D. M. Walker; Judy A. E. Stephenson; Michael J. Kosch,SuperDARN_CA; SuperDARN; CARISMA,unverified,0,3
10.5194/angeo-34-943-2016,"Evidence for transient, local ion foreshocks caused by dayside magnetopause reconnection",2016,Annales Geophysicae,Copernicus Publications,Peer-reviewed journal article,Yann Pfau-Kempf; Heli Hietala; Steve E. Milan; Liisa Juusola; Sanni Hoilijoki; Urs Ganse; Sebastian Von Alfthan; Minna Palmroth,SuperDARN,unverified,0,1
10.5194/angeo-35-1113-2017,Ionospheric F-region response to the 26 September 2011 geomagnetic storm in the Antarctica American and Australian sectors,2017,Annales Geophysicae,Copernicus Publications,Peer-reviewed journal article,Emilia Correia; Luca Spogli; Lucilla Alfonsi; Claudio Cesaroni; Adriana M. Gulisano; Evan G. Thomas; Ray F. Hidalgo Ramirez; Alexandre A. Rodel,SuperDARN,unverified,0,1
10.5194/angeo-35-217-2017,A statistical study of the motion of pulsating aurora patches: using the THEMIS All-Sky Imager,2017,Annales Geophysicae,Copernicus Publications,Peer-reviewed journal article,Bing Yang; Eric Donovan; Jun Liang; Emma Spanswick,THEMIS ASI,verified,1,1
10.5194/angeo-35-365-2017,Non-triggered auroral substorms and long-period (1–4 mHz) geomagnetic and auroral luminosity pulsations in the polar cap,2017,Annales Geophysicae,Copernicus Publications,Peer-reviewed journal article,Nadezda Yagova; Natalia Nosikova; Lisa Baddeley; Olga Kozyreva; Dag A. Lorentzen; Vyacheslav Pilipenko; Magnar G. Johnsen,THEMIS ASI,unverified,0,1
10.5194/angeo-35-505-2017,Magnetic reconnection during steady magnetospheric convection and other magnetospheric modes,2017,Annales Geophysicae,Copernicus Publications,Peer-reviewed journal article,Benoit Hubert; Jean-Claude Gérard; Steve E. Milan; Stanley W. H. Cowley,SuperDARN; CARISMA,unverified,0,2
10.5194/angeo-35-777-2017,Tracking patchy pulsating aurora through all-sky images,2017,Annales Geophysicae,Copernicus Publications,Peer-reviewed journal article,Eric Grono; Eric Donovan; Kyle R. Murphy,THEMIS ASI,unverified,0,1
10.5194/angeo-36-1419-2018,Revisiting substorm events with preonset aurora,2018,Annales Geophysicae,Copernicus Publications,Peer-reviewed journal article,Yukinaga Miyashita; Akimasa Ieda,THEMIS ASI; SuperDARN,unverified,0,2
10.5194/angeo-36-1577-2018,The asymmetric geospace as displayed during the geomagnetic storm on 17 August 2001,2018,Annales Geophysicae,Copernicus Publications,Peer-reviewed journal article,Nikolai Østgaard; Jone Peter Reistad; Paul Tenfjord; Karl M. Laundal; Theresa Rexer; Stein E. Haaland; Kristian Snekvik; Michael Hesse; Stephen E. Milan; Anders Ohma,SuperDARN,unverified,0,1
10.5194/angeo-36-1657-2018,Validation of Clyde River SuperDARN radar velocity measurements with the RISR-C incoherent scatter radar,2018,Annales Geophysicae,Copernicus Publications,Peer-reviewed journal article,Alexander Koustov; Robert Gillies; Peter Bankole,RISR-C; SuperDARN_CA; SuperDARN,unverified,0,3
10.5194/angeo-36-71-2018,Unexpected Southern Hemisphere ionospheric response to geomagnetic storm of 15 August 2015,2018,Annales Geophysicae,Copernicus Publications,Peer-reviewed journal article,Ilya Edemskiy; Jan Lastovicka; Dalia Buresova; John Bosco Habarulema; Ivan Nepomnyashchikh,SuperDARN,unverified,0,1
10.5194/angeo-36-891-2018,Differentiating diffuse auroras based on phenomenology,2018,Annales Geophysicae,Copernicus Publications,Peer-reviewed journal article,Eric Grono; Eric Donovan,THEMIS ASI,unverified,0,1
10.5194/angeo-37-215-2019,Local time extent of magnetopause reconnection using space–ground coordination,2019,Annales Geophysicae,Copernicus Publications,Peer-reviewed journal article,Ying Zou; Brian M. Walsh; Yukitoshi Nishimura; Vassilis Angelopoulos; J. Michael Ruohoniemi; Kathryn A. McWilliams; Nozomu Nishitani,SuperDARN_CA; SuperDARN,unverified,0,2
10.5194/angeo-37-347-2019,Multiscale estimation of the field-aligned current density,2019,Annales Geophysicae,Copernicus Publications,Peer-reviewed journal article,Costel Bunescu; Joachim Vogt; Octav Marghitu; Adrian Blagau,THEMIS ASI,unverified,0,1
10.5194/angeo-37-791-2019,Hybrid-Vlasov modelling of nightside auroral proton precipitation during southward interplanetary magnetic field conditions,2019,Annales Geophysicae,Copernicus Publications,Peer-reviewed journal article,Maxime Grandin; Markus Battarbee; Adnane Osmane; Urs Ganse; Yann Pfau-Kempf; Lucile Turc; Thiago Brito; Tuomas Koskela; Maxime Dubart; Minna Palmroth,THEMIS ASI,unverified,0,1
10.5194/angeo-38-1-2020,Surveying pulsating auroras,2020,Annales Geophysicae,Copernicus Publications,Peer-reviewed journal article,Eric Grono; Eric Donovan,THEMIS ASI; AGO,partially_verified,1,2
10.5194/angeo-38-1257-2020,Migrating tide climatologies measured by a high-latitude array of SuperDARN HF radars,2020,Annales Geophysicae,Copernicus Publications,Peer-reviewed journal article,Willem E. Van Caspel; Patrick J. Espy; Robert E. Hibbins; John P. McCormack,SuperDARN,unverified,0,1
10.5194/angeo-38-191-2020,Swarm field-aligned currents during a severe magnetic storm of September 2017,2020,Annales Geophysicae,Copernicus Publications,Peer-reviewed journal article,Renata Lukianova,SuperDARN,unverified,0,1
10.5194/angeo-38-575-2020,Plasma density gradients at the edge of polar ionospheric holes: the absence of phase scintillation,2020,Annales Geophysicae,Copernicus Publications,Peer-reviewed journal article,Luke A. Jenner; Alan G. Wood; Gareth D. Dorrian; Kjellmar Oksavik; Timothy K. Yeoman; Alexandra R. Fogg; Anthea J. Coster,SuperDARN,unverified,0,1
10.5194/angeo-38-845-2020,"Horizontal electric fields from flow of auroral O
                    <sup>+</sup>
                    (
                    <sup>2</sup>
                    P) ions at sub-second temporal resolution",2020,Annales Geophysicae,Copernicus Publications,Peer-reviewed journal article,Sam Tuttle; Betty Lanchester; Björn Gustavsson; Daniel Whiter; Nickolay Ivchenko; Robert Fear; Mark Lester,SuperDARN,unverified,0,1
10.5194/angeo-38-901-2020,Polar substorm on 7 December 2015: preonset phenomena and features of auroral breakup,2020,Annales Geophysicae,Copernicus Publications,Peer-reviewed journal article,Vladimir V. Safargaleev; Alexander E. Kozlovsky; Valery M. Mitrofanov,SuperDARN,unverified,0,1
10.5194/angeo-39-1037-2021,Dynamics of variable dusk–dawn flow associated  with magnetotail current sheet flapping,2021,Annales Geophysicae,Copernicus Publications,Peer-reviewed journal article,James H. Lane; Adrian Grocott; Nathan A. Case; Maria-Theresia Walach,SuperDARN,unverified,0,1
10.5194/angeo-39-135-2021,D-region impact area of energetic electron precipitation during pulsating aurora,2021,Annales Geophysicae,Copernicus Publications,Peer-reviewed journal article,Emma Bland; Fasil Tesema; Noora Partamies,SuperDARN,unverified,0,1
10.5194/angeo-39-277-2021,Characteristics of fragmented aurora-like emissions (FAEs) observed on Svalbard,2021,Annales Geophysicae,Copernicus Publications,Peer-reviewed journal article,Joshua Dreyer; Noora Partamies; Daniel Whiter; Pål G. Ellingsen; Lisa Baddeley; Stephan C. Buchert,SuperDARN,unverified,0,1
10.5194/angeo-39-687-2021,Influence of different types of ionospheric disturbances on GPS signals at polar latitudes,2021,Annales Geophysicae,Copernicus Publications,Peer-reviewed journal article,Vladimir B. Belakhovsky; Yaqi Jin; Wojciech Jacek Miloch,SuperDARN,unverified,0,1
10.5194/angeo-39-769-2021,"Heavy rainfall, floods, and flash floods influenced by high-speed solar wind coupling to the magnetosphere–ionosphere–atmosphere system",2021,Annales Geophysicae,Copernicus Publications,Peer-reviewed journal article,Paul Prikryl; Vojto Rušin; Emil A. Prikryl; Pavel Šťastný; Maroš Turňa; Martina Zeleňáková,SuperDARN; CARISMA,partially_verified,1,2
10.5194/angeo-40-299-2022,Ionospheric plasma flows associated with the formation of the distorted nightside end of a transpolar arc,2022,Annales Geophysicae,Copernicus Publications,Peer-reviewed journal article,Motoharu Nowada; Adrian Grocott; Quan-Qi Shi,SuperDARN,unverified,0,1
10.5194/angeo-40-531-2022,Multiple conjugate observations of magnetospheric fast flow bursts using THEMIS observations,2022,Annales Geophysicae,Copernicus Publications,Peer-reviewed journal article,Homayon Aryan; Jacob Bortnik; Jinxing Li; James Michael Weygand; Xiangning Chu; Vassilis Angelopoulos,THEMIS ASI,unverified,0,1
10.5194/angeo-40-571-2022,Mid-latitude neutral wind responses to  sub-auroral polarization streams,2022,Annales Geophysicae,Copernicus Publications,Peer-reviewed journal article,Daniel D. Billett; Kathryn A. McWilliams; Robert B. Kerr; Jonathan J. Makela; Alex Timothy Chartier; J. Michael Ruohoniemi; Sudha Kapali; Mike A. Migliozzi; Juanita Riccobono,SuperDARN_CA; SuperDARN,unverified,0,2
10.5194/angeo-40-619-2022,Multi-instrument observations of polar cap patches and  traveling ionospheric disturbances generated by solar wind  Alfvén waves coupling to the dayside magnetosphere,2022,Annales Geophysicae,Copernicus Publications,Peer-reviewed journal article,Paul Prikryl; Robert G. Gillies; David Russel Themens; James Michael Weygand; Evan G. Thomas; Shibaji Chakraborty,RISR-C; CHAIN; ECHAIM; SuperDARN_CA; SuperDARN; AUTUMNX; CARISMA,partially_verified,1,7
10.5194/angeo-40-641-2022,Impulse-driven oscillations of the near-Earth's magnetosphere,2022,Annales Geophysicae,Copernicus Publications,Peer-reviewed journal article,Hiroatsu Sato; Hans Pécseli; Jan Trulsen; Per Even Sandholt; Charles Farrugia,CARISMA,unverified,0,1
10.5194/angeo-41-483-2023,Three principal components describe the spatiotemporal development of mesoscale ionospheric equivalent currents around substorm onsets,2023,Annales Geophysicae,Copernicus Publications,Peer-reviewed journal article,Liisa Juusola; Ari Viljanen; Noora Partamies; Heikki Vanhamäki; Mirjam Kellinsalmi; Simon Walker,THEMIS ASI,unverified,0,1
10.5194/angeo-42-1-2024,High-time-resolution analysis of meridional tides in the upper mesosphere and lower thermosphere at mid-latitudes measured by the Falkland Islands SuperDARN radar,2024,Annales Geophysicae,Copernicus Publications,Peer-reviewed journal article,Gareth Chisham; Andrew J. Kavanagh; Neil Cobbett; Paul Breen; Tim Barnes,SuperDARN,unverified,0,1
10.5194/angeo-43-511-2025,Observations of traveling ionospheric disturbances driven by gravity waves from sources in the upper and lower atmosphere,2025,Annales Geophysicae,Copernicus Publications,Peer-reviewed journal article,Paul Prikryl; David Russel Themens; Jaroslav Chum; Shibaji Chakraborty; Robert G. Gillies; James Michael Weygand,CHAIN; ECHAIM; SuperDARN_CA; SuperDARN; AUTUMNX; CARISMA,unverified,0,6
10.5194/angeo-44-353-2026,High-latitude MSTIDs over the EISCAT-3D site: solar activity and seasonal dependency,2026,Annales Geophysicae,Copernicus Publications,Peer-reviewed journal article,Rahul Rathi; Adrian Grocott; Tim K. Yeoman; Mark Lester,SuperDARN,unverified,0,1
10.5194/angeo-44-85-2026,Plasma density estimation from ionograms and geophysical parameters with deep learning,2026,Annales Geophysicae,Copernicus Publications,Peer-reviewed journal article,Kian Sartipzadeh; Andreas Kvammen; Björn Gustavsson; Njål Gulbrandsen; Magnar G. Johnsen; Devin Huyghebaert; Juha Vierinen,ECHAIM; CHAIN,unverified,0,2
10.5194/egusphere-2025-4315,Storm-time Energy Budget in the High Latitude Lower Thermosphere-Ionosphere: Quantification of Energy Exchange and Comparison of Different Drivers in TIE-GCM,2025,,Copernicus Publications,Preprint,Stelios Tourgaidis; Dimitrios Baloukidis; Theodoros Sarris; Stephan Buchert; Panagiotis Pirnaris; Konstantinos Papadakis,SuperDARN,unverified,0,1
10.5194/egusphere-2025-5220,High-latitude observations of ULF wave driven ion upflow,2025,,Copernicus Publications,Preprint,Charlotte M. Van Hazendonk; Lisa J. Baddeley; Karl M. Laundal; Noora Partamies,SuperDARN,unverified,0,1
10.5194/egusphere-2025-5317,"GHOST aurora – continuum emission produced by hot N
                  <sub>2</sub>",2025,,Copernicus Publications,Preprint,Rowan Dayton-Oxland; Fiona Ball; Daniel Whiter; Srimoyee Samaddar; Noora Partamies; Mathieu Barthelemy; Katie Herlingshaw; Eero Karvinen,SuperDARN,unverified,0,1
10.5194/egusphere-2026-1634,The SuperDARN Meteor Wind Product: A 31-year archive with modeled altitude contributions and validation,2026,,Copernicus Publications,Preprint,Alex Timothy Chartier; Ryan Poffenbarger; Rafael Mesquita; Diego Janches; Jorge Chau; Toralf Renkwitz; Ralph Latteck; William Bristow,SuperDARN,unverified,0,1
10.5194/egusphere-2026-2344,The composite radar-GNSS spectrum of auroral plasma turbulence,2026,,Copernicus Publications,Preprint,Magnus Fagernes Ivarsen; Kaili Song; Luca Spogli; Jean-Pierre St-Maurice; Devin Ray Huyghebaert; Brian Pitzel; Saif Marei; Yangyang Shen; Satoshi Kasahara; Kunihiro Keika; Yoshizumi Miyoshi; Tomo Hori; Atsuki Shinbori; Kazuhiro Yamamoto; David Russel Themens; Periyadan T. Jayachandran; Yoichi Kazama; Shiang-Yu Wang; Ayako Matsuoka; Iku Shinohara; Takefumi Mitani; Takeshi Takashima; Shoichiro Yokota; Yoshiya Kasahara; Glenn Hussey,ICEBEAR; CHAIN,unverified,0,2
10.5194/egusphere-2026-2345,The direct hand of the magnetosphere in controlling small-scale auroral plasma turbulence: Introducing the renormalization group,2026,,Copernicus Publications,Preprint,Magnus Fagernes Ivarsen; Glenn C. Hussey; Yoshizumi Miyoshi; David Russel Themens; Atsuki Shinbori; Shoichiro Yokota,ICEBEAR,unverified,0,1
10.5194/egusphere-egu2020-11558,ICEBEAR: Recent Results from a Bistatic Coded Continuous-Wave E-region Coherent Scatter Radar,2020,,Copernicus Publications,Preprint,Devin Huyghebaert; Adam Lozinsky; Glenn Hussey; Kathryn McWilliams; Draven Galeschuk; Jean-Pierre St. Maurice; Miguel Urco; Jorge Chau; Juha Vierinen,ICEBEAR,unverified,0,1
10.5194/egusphere-egu2020-12999,Characterizing Ionospheric Disturbances for Space Weather Hazard Mitigation,2020,,Copernicus Publications,Preprint,Susan Skone; Maryam Najmafshar; Gary Bust,GO_RIO,unverified,0,1
10.5194/egusphere-egu21-5554,Comparisons Between E-region Coherent Scatter and Swarm-E Fast Auroral Imager Measurements,2021,,Copernicus Publications,Preprint,Devin Huyghebaert; Kathryn McWilliams; Glenn Hussey; Andrew Howarth; Stephanie Erion; Paige Rutledge,ICEBEAR,unverified,0,1
10.5194/egusphere-egu21-6775,"Polar cap patches, GPS TEC variations, and atmospheric gravity waves",2021,,Copernicus Publications,Preprint,Paul Prikryl; Robert G. Gillies; David Russel Themens; Bharat S. R. Kunduri; Roger Varney; James Michael Weygand,RISR-C,unverified,0,1
10.5194/egusphere-egu22-4262,Multi-instrument observations of polar cap patches and traveling ionospheric disturbances during geomagnetic storms,2022,,Copernicus Publications,Preprint,Paul Prikryl; Robert G. Gillies; Shibaji Chakraborty; David Russel Themens; Evan G. Thomas; James Michael Weygand,RISR-C,unverified,0,1
10.5194/egusphere-egu22-9999,Long-term Trends and Occurrence Distributions of Geomagnetic Fluctuations as Revealed by 35 Years of CARISMA Observations at 5s Cadence,2022,,Copernicus Publications,Preprint,Stavros Dimitrakoudis; Ian. R. Mann; Andy Kale; David K. Milling,CARISMA,unverified,0,1
10.5194/egusphere-egu23-10103,The highly advanced ICEBEAR-3D E-region coherent imaging radar,2023,,Copernicus Publications,Preprint,Glenn Hussey; Adam Lozinsky; Brian Pitzel; Magnus Ivarsen; Draven Galsechuk; Devin Huyghebaert; Kathryn McWilliams; Jean-Pierre St. Maurice,ICEBEAR,unverified,0,1
10.5194/egusphere-egu23-9724,A new algorithm to separate meteor trail echoes from ionospheric radar scatter,2023,,Copernicus Publications,Preprint,Magnus Ivarsen; Glenn Hussey; Jean-Pierre St-Maurice; Adam Lozinsky; Draven Galeschuk; Brian Pitzel; Kathryn McWilliams,ICEBEAR,unverified,0,1
10.5194/egusphere-egu25-11520,Exploring the Link Between Cosmic Noise Absorption Events and Whistler-Mode Waves,2025,,Copernicus Publications,Preprint,Reihaneh Ghaffari; Christopher Cully; Emma Spanswick; Robyn Fiori; Robert Gillies,GO_RIO,unverified,0,1
10.5194/egusphere-egu25-1313,The Fast Borealis Ionosphere: New observations and insights from mapping the polar ionosphere every four seconds,2025,,Copernicus Publications,Preprint,Daniel Billett; Remington Rohel; Carley Martin; Kathryn McWilliams; Karl Laundal,SuperDARN_CA; SuperDARN,unverified,0,2
10.5194/egusphere-egu26-10201,Auroral proper motion and the dynamics of auroral shear boundaries,2026,,Copernicus Publications,Preprint,Jens Christian Hessen; Spencer Mark Hatch; Daniel Billett,SuperDARN_CA; SuperDARN,partially_verified,1,2
10.5194/egusphere-egu26-2850,The wigglyness of the large-scale ionospheric convection,2026,,Copernicus Publications,Preprint,Daniel Billett; Ian Mann; Remington Rohel; Glenn Hussey,SuperDARN_CA; SuperDARN,unverified,0,2
10.5194/egusphere-egu26-5346,Substorm Expansion Embedded in a Global Cycle of Field-Aligned Currents and Auroral Electrojets,2026,,Copernicus Publications,Preprint,Lei Dai; Tonghui Wang; C. Philippe Escoubet; Walter Gonzalez; Yong Ren; Minghui Zhu; Shan Wang; Chi Wang; Xu Wang; Kailai Wang; Jinjuan Liu,SuperDARN,unverified,0,1
10.5194/egusphere-egu26-8193,Phase Calibration of the ICEBEAR Radar Using Three Independent Methods,2026,,Copernicus Publications,Preprint,Brian Pitzel; Glenn Hussey; Saif Marei; Remington Rohel; Draven Galeschuk; Devin Huyghebaert,ICEBEAR,unverified,0,1
10.5194/egusphere-egu26-8262,SuperDARN Antenna Calibration using Air Traffic Data,2026,,Copernicus Publications,Preprint,Glenn Hussey; Remington Rohel; Brian Pitzel; Pasha Ponomarenko,SuperDARN_CA; SuperDARN,unverified,0,2
10.5194/essd-15-1403-2023,Crowdsourced Doppler measurements of time standard stations demonstrating ionospheric variability,2023,Earth System Science Data,Copernicus Publications,Peer-reviewed journal article,Kristina Collins; John Gibbons; Nathaniel Frissell; Aidan Montare; David Kazdan; Darren Kalmbach; David Swartz; Robert Benedict; Veronica Romanek; Rachel Boedicker; William Liles; William Engelke; David G. McGaw; James Farmer; Gary Mikitin; Joseph Hobart; George Kavanagh; Shibaji Chakraborty,SuperDARN,unverified,0,1
10.5194/essd-17-5833-2025,Monitoring the Earth's deformation  with the SPOTGINS series,2025,Earth System Science Data,Copernicus Publications,Peer-reviewed journal article,Alvaro Santamaría-Gómez; Jean-Paul Boy; Florent Feriol; Médéric Gravelle; Sylvain Loyer; Samuel Nahmani; Joëlle Nicolas; José Luis García Pallero; Aurélie Panetier; Arnaud Pollet; Pierre Sakic; Guy Wöppelmann,CHAIN,unverified,0,1
10.5194/gc-7-297-2024,The Gannon Storm: citizen science observations during the geomagnetic superstorm of 10 May 2024,2024,Geoscience Communication,Copernicus Publications,Peer-reviewed journal article,Maxime Grandin; Emma Bruus; Vincent E. Ledvina; Noora Partamies; Mathieu Barthelemy; Carlos Martinis; Rowan Dayton-Oxland; Bea Gallardo-Lacourt; Yukitoshi Nishimura; Katie Herlingshaw; Neethal Thomas; Eero Karvinen; Donna Lach; Marjan Spijkers; Calle Bergstrand,THEMIS ASI,unverified,0,1
10.5194/gi-15-127-2026,Improving the Magic constant – data-based calibration of phased array radars,2026,"Geoscientific Instrumentation, Methods and Data Systems",Copernicus Publications,Peer-reviewed journal article,Theresa Rexer; Björn Gustavsson; Juha Vierinen; Andres Spicher; Devin Ray Huyghebaert; Andreas Kvammen; Robert Gillies; Asti Bhatt,RISR-C,unverified,0,1
10.5194/gi-2015-44,Automatic Georeferencing of Astronaut Auroral Photography,2016,,Copernicus Publications,Preprint,Maik Riechert; Andrew P. Walsh; Alexander Gerst; Matthew G. G. T. Taylor,THEMIS ASI,unverified,0,1
10.5194/gi-3-71-2014,Auroral spectral estimation with wide-band color mosaic CCDs,2014,"Geoscientific Instrumentation, Methods and Data Systems",Copernicus Publications,Peer-reviewed journal article,Brian J. Jackel; Craig Unick; M. T. Syrjäsuo; Noora Partamies; James A. Wild; E. E. Woodfield; I. McWhirter; Elizabeth Kendall; Emma Spanswick,THEMIS ASI; Rainbow; AGO,partially_verified,1,3
10.5194/gi-5-493-2016,Auroral meridian scanning photometer calibration using Jupiter,2016,"Geoscientific Instrumentation, Methods and Data Systems",Copernicus Publications,Peer-reviewed journal article,Brian J. Jackel; Craig Unick; Fokke Creutzberg; Greg Baker; Eric Davis; Eric F. Donovan; Martin Connors; Cody Wilson; Jarrett Little; M. Greffen; Neil McGuffin,GO STORM MSP,unverified,0,1
10.5194/gi-6-377-2017,The effect of winding and core support material on the thermal gain dependence of a fluxgate magnetometer sensor,2017,"Geoscientific Instrumentation, Methods and Data Systems",Copernicus Publications,Peer-reviewed journal article,David M. Miles; Ian. R. Mann; Andy Kale; David K. Milling; Barry B. Narod; John R. Bennest; David Barona; Martyn J. Unsworth,CARISMA,unverified,0,1
10.5194/gid-3-31-2013,A radiation hardened digital fluxgate magnetometer for space applications,2013,,Copernicus Publications,Preprint,David M. Miles; John R. Bennest; Ian. R. Mann; D. K. Millling,CANOPUS,unverified,0,1
10.5194/hgss-4-1-2013,The Chatanika and Sondrestrom Radars – a brief history,2013,History of Geo- and Space Sciences,Copernicus Publications,Peer-reviewed journal article,M. A. McCready; C. J. Heinselman,RISR-C,unverified,0,1
10.5194/npg-14-799-2007,Investigating turbulent structure of ionospheric plasma velocity using the Halley SuperDARN radar,2007,Nonlinear Processes in Geophysics,Copernicus Publications,Peer-reviewed journal article,Gary A. Abel; Mervyn. P. Freeman; Gareth Chisham; Nicholas W. Watkins,SuperDARN,unverified,0,1
10.5194/polf-90-13-2022,60 years of the Antarctic Treaty – history and celebration in radio waves,2022,Polarforschung,Copernicus Publications,Peer-reviewed journal article,Volker Strecke,SuperDARN,unverified,0,1
10.5194/tc-14-1875-2020,Global Positioning System interferometric reflectometry (GPS-IR) measurements of ground surface elevation changes in  permafrost areas in northern Canada,2020,The Cryosphere,Copernicus Publications,Peer-reviewed journal article,Jiahua Zhang; Lin Liu; Yufeng Hu,CHAIN,unverified,0,1
10.51981/2588-0039.2022.45.003,MAGNETIC STORM ON 20 APRIL 2020: SPATIAL DEVELOPMENT OF THE SUBSTORM IN THE MAIN PHASE,2022,Physics of Auroral Phenomena,Polar Geophysical Institute,Peer-reviewed journal article,Liudmila I. Gromova; Natalia G. Kleimenova; I. V. Despirak; S. V. Gromov; A. A. Lubchich; L. M. Malysheva,SuperDARN,unverified,0,1
10.5206/eixu2154,Partage et réutilisation des données de recherche au Canada : pratiques et politiques,2023,La gestion des données de recherche dans le contexte canadien: un guide pour la pratique et l'apprentissage,"Western University, Western Libraries",Book chapter,Meghan Goodchild; Shahira Khair; Amber Leahey; Kaitlin Newson; Lee Wilson,SuperDARN_CA; SuperDARN,unverified,0,2
10.5206/xmmt2180,Research Data Sharing and Reuse in Canada: Practice and Policy,2023,Research Data Management in the Canadian Context: A Guide for Practitioners and Learners,"Western University, Western Libraries",Book chapter,Meghan Goodchild; Shahira Khair; Amber Leahey; Kaitlin Newson; Lee Wilson,SuperDARN_CA; SuperDARN,unverified,0,2
10.54252/2304-7380_2021_32_3,FOUNDATIONS OF THE PERSPECTIVE METHODOLOGY OF COMPLEX STUDIES OF THE INFLUENCE OF AURORAL CHARACTERISTICS OF THE POLAR IONOSPHERE ON THE CONDITIONS OF PROPAGATION OF TRANSPOLAR SIGNALS. REVIEW OF FOREIGN EXPERIMENTS AND RESULTS OF SOME MODELS,2021,Heliogeophysical Research,Federal State Budgetary Institution &quot;Fedorov Institute of Applied Geophysics&quot;,Peer-reviewed journal article,A. K. Kuzmin; A. M. Merslyi; O. V. Nikiforov; A. A. Petrukovich; A. M. Sadovsky; A. A. Pozin; Yu.A. Shchukin; Y. N. Potanin,CHAIN,unverified,0,1
10.54696/isc_49741450,ULTRA-SHORT-PERIOD GEOMAGNETIC FIELD PULSES,2022,Science Present and Future: Research Landscape in the 21st century. Материалы научно-практической конференции с международным участием,"Федеральное государственное бюджетное учреждение науки ""Иркутский научный центр Сибирского отделения Российской академии наук""",Conference paper,Roman A. Marchuk; Alexander S. Potapov; Vladimir V. Mishin,CARISMA,unverified,0,1
10.5564/pmas.v64i02.3648,Magnetospheric response on impact of solar wind diamagnetic structures borne by eruptive prominence,2024,Proceedings of the Mongolian Academy of Sciences,Mongolian Journals Online,Peer-reviewed journal article,Parkhomov Vladimir Alexandrovich; Eselevich Victor Grigorieivich; Eselevich Maksim Victorovich; Tsegmed Battuulai,CARISMA,verified,1,1
10.5636/jgg.48.629,Anisotropy Reversals in the Distant Magnetotail and Their Association with Magnetospheric Substorms,1996,Journal of geomagnetism and geoelectricity,"Society of Geomagnetism and Earth, Planetary and Space Sciences",Peer-reviewed journal article,V. Angelopoulos; A. T. Y. Lui; R. W. McEntire; D. J. Williams; S. P. Christon; M. Nakamura; H. Kusaka; Toshifumi Mukai; S. Kokubun; T. Yamamoto; G. D. Reeves; E. Friis-Christensen; W. Jeffrey Hughes,CANOPUS,unverified,0,1
10.5772/58781,Using Ordinary Kriging for the Creation of Scintillation Maps,2014,Mitigation of Ionospheric Threats to GNSS: an Appraisal of the Scientific and Technological Outputs of the TRANSMIT Project,InTech,Book chapter,Peter Kieft; Marcio Aquino; Alan Dodson,CHAIN,unverified,0,1
10.5772/intechopen.90078,GNSS High-Rate Data and the Efficiency of Ionospheric Scintillation Indices,2020,Satellites Missions and Technologies for Geosciences,IntechOpen,Book chapter,Vladislav V. Demyanov; Maria A. Sergeeva; Anna S. Yasyukevich,CHAIN,unverified,0,1
10.6038/cjg2022p0255,DOI only: 10.6038/cjg2022p0255,,,,Unknown,,SuperDARN,unverified,0,1
10.6038/cjg2022q0069,DOI only: 10.6038/cjg2022q0069,,,,Unknown,,CHAIN,unverified,0,1
10.6084/m9.figshare.11199716,Data for 'Characteristics of small-scale gravity waves in the Arctic winter mesosphere',2019,Figshare,Figshare (United Kingdom),Dataset,Jing Li,DNT,verified,1,1
10.64861/mnwf8270,Ionospheric Interaction Based Detection of Sub-centimeter Space Debris,2023,AMOS 2023 Technical Papers,AMOS Conference,Conference paper,Ian DesJardin; Christine Hartzell,CHAIN,unverified,0,1
10.7868/s0016794015010101,О магнитном предвестнике чилийского землетрясения 27 февраля 2010 г.,2015,Геомагнетизм и аэрономия,Akademizdatcenter Nauka,Peer-reviewed journal article,Н. В. Романова,CARISMA,unverified,0,1
10.7868/s0016794016030056,Дневные геомагнитные возмущения в высоких широтах во время сильной магнитной бури 21–23 июня 2015 года: начальная фаза бури,2016,Геомагнетизм и аэрономия,Akademizdatcenter Nauka,Peer-reviewed journal article,Л. И. Громова,SuperDARN,unverified,0,1
10.7868/s0023420616010143,Влияние магнитных бурь и суббурь на сбои навигационной системы GPS в высоких широтах,2016,Космические исследования,Akademizdatcenter Nauka,Peer-reviewed journal article,В. И. Захаров,CHAIN,unverified,0,1
