paper_id,author_id,author_order
P00001,A00001,1
P00001,A00002,2
P00001,A00003,3
P00001,A00004,4
P00002,A00002,1
P00002,A00005,2
P00002,A00006,3
P00002,A00007,4
P00002,A00001,5
P00003,A00008,1
P00003,A00009,2
P00003,A00010,3
P00003,A00011,4
P00003,A00012,5
P00003,A00013,6
P00003,A00014,7
P00003,A00015,8
P00003,A00016,9
P00003,A00017,10
P00003,A00018,11
P00003,A00019,12
P00003,A00020,13
P00003,A00021,14
P00003,A00022,15
P00003,A00023,16
P00003,A00024,17
P00003,A00025,18
P00004,A00026,1
P00004,A00027,2
P00004,A00028,3
P00004,A00029,4
P00004,A00030,5
P00005,A00031,1
P00005,A00032,2
P00006,A00033,1
P00006,A00034,2
P00006,A00035,3
P00006,A00036,4
P00006,A00037,5
P00006,A00038,6
P00007,A00039,1
P00007,A00040,2
P00007,A00041,3
P00007,A00010,4
P00007,A00042,5
P00007,A00043,6
P00007,A00044,7
P00008,A00045,1
P00008,A00046,2
P00008,A00047,3
P00008,A00048,4
P00009,A00049,1
P00009,A00050,2
P00010,A00051,1
P00010,A00052,2
P00010,A00053,3
P00010,A00054,4
P00011,A00055,1
P00011,A00056,2
P00011,A00057,3
P00011,A00058,4
P00011,A00059,5
P00011,A00060,6
P00011,A00061,7
P00011,A00062,8
P00012,A00063,1
P00012,A00064,2
P00012,A00065,3
P00012,A00066,4
P00012,A00067,5
P00012,A00068,6
P00012,A00022,7
P00012,A00069,8
P00012,A00070,9
P00013,A00071,1
P00013,A00072,2
P00013,A00073,3
P00013,A00074,4
P00013,A00075,5
P00013,A00076,6
P00013,A00077,7
P00013,A00078,8
P00013,A00079,9
P00013,A00080,10
P00014,A00049,1
P00014,A00081,2
P00014,A00050,3
P00014,A00015,4
P00015,A00082,1
P00015,A00083,2
P00015,A00084,3
P00015,A00085,4
P00015,A00086,5
P00015,A00087,6
P00015,A00088,7
P00015,A00089,8
P00015,A00090,9
P00016,A00091,1
P00016,A00092,2
P00016,A00093,3
P00016,A00094,4
P00016,A00095,5
P00016,A00096,6
P00017,A00097,1
P00017,A00098,2
P00017,A00099,3
P00018,A00100,1
P00018,A00101,2
P00018,A00102,3
P00018,A00065,4
P00018,A00103,5
P00018,A00019,6
P00018,A00104,7
P00019,A00093,1
P00019,A00091,2
P00019,A00092,3
P00019,A00105,4
P00019,A00096,5
P00020,A00106,1
P00020,A00107,2
P00020,A00108,3
P00020,A00109,4
P00020,A00110,5
P00020,A00111,6
P00020,A00112,7
P00020,A00113,8
P00021,A00114,1
P00021,A00115,2
P00021,A00116,3
P00021,A00117,4
P00021,A00118,5
P00021,A00119,6
P00021,A00120,7
P00021,A00121,8
P00021,A00122,9
P00022,A00123,1
P00022,A00124,2
P00022,A00125,3
P00022,A00126,4
P00022,A00127,5
P00022,A00128,6
P00022,A00129,7
P00023,A00130,1
P00023,A00131,2
P00023,A00132,3
P00023,A00133,4
P00023,A00134,5
P00023,A00135,6
P00024,A00136,1
P00024,A00137,2
P00024,A00138,3
P00024,A00139,4
P00024,A00140,5
P00024,A00141,6
P00025,A00086,1
P00025,A00142,2
P00025,A00143,3
P00025,A00144,4
P00025,A00145,5
P00025,A00009,6
P00025,A00146,7
P00025,A00147,8
P00025,A00148,9
P00025,A00149,10
P00025,A00150,11
P00025,A00151,12
P00025,A00152,13
P00025,A00153,14
P00025,A00154,15
P00025,A00155,16
P00025,A00156,17
P00025,A00157,18
P00025,A00158,19
P00025,A00159,20
P00026,A00160,1
P00026,A00161,2
P00026,A00162,3
P00026,A00039,4
P00026,A00003,5
P00027,A00163,1
P00027,A00164,2
P00027,A00165,3
P00027,A00166,4
P00028,A00167,1
P00028,A00016,2
P00028,A00014,3
P00028,A00168,4
P00029,A00169,1
P00029,A00170,2
P00029,A00002,3
P00029,A00171,4
P00029,A00005,5
P00029,A00172,6
P00030,A00173,1
P00030,A00174,2
P00030,A00175,3
P00030,A00176,4
P00031,A00177,1
P00031,A00178,2
P00031,A00179,3
P00031,A00180,4
P00031,A00010,5
P00032,A00181,1
P00032,A00182,2
P00032,A00183,3
P00032,A00184,4
P00032,A00185,5
P00032,A00186,6
P00032,A00187,7
P00032,A00188,8
P00032,A00189,9
P00033,A00190,1
P00033,A00191,2
P00033,A00192,3
P00033,A00080,4
P00033,A00193,5
P00033,A00194,6
P00034,A00195,1
P00034,A00011,2
P00034,A00008,3
P00034,A00196,4
P00035,A00013,1
P00035,A00016,2
P00035,A00010,3
P00035,A00197,4
P00035,A00084,5
P00035,A00198,6
P00035,A00199,7
P00035,A00200,8
P00035,A00201,9
P00035,A00202,10
P00036,A00203,1
P00036,A00164,2
P00036,A00166,3
P00036,A00204,4
P00036,A00125,5
P00036,A00145,6
P00037,A00205,1
P00037,A00206,2
P00037,A00207,3
P00037,A00208,4
P00037,A00209,5
P00038,A00210,1
P00038,A00165,2
P00038,A00211,3
P00038,A00212,4
P00039,A00213,1
P00039,A00214,2
P00039,A00215,3
P00039,A00216,4
P00040,A00217,1
P00040,A00018,2
P00040,A00015,3
P00040,A00218,4
P00040,A00219,5
P00040,A00220,6
P00040,A00221,7
P00041,A00222,1
P00041,A00018,2
P00041,A00002,3
P00041,A00223,4
P00041,A00224,5
P00041,A00225,6
P00041,A00226,7
P00041,A00227,8
P00041,A00015,9
P00042,A00228,1
P00042,A00010,2
P00042,A00039,3
P00043,A00229,1
P00043,A00230,2
P00043,A00231,3
P00043,A00232,4
P00043,A00233,5
P00044,A00234,1
P00044,A00125,2
P00044,A00045,3
P00044,A00235,4
P00044,A00145,5
P00044,A00156,6
P00044,A00087,7
P00044,A00236,8
P00045,A00237,1
P00045,A00171,2
P00045,A00238,3
P00046,A00239,1
P00046,A00213,2
P00047,A00240,1
P00047,A00241,2
P00048,A00242,1
P00048,A00243,2
P00048,A00244,3
P00049,A00234,1
P00049,A00045,2
P00049,A00145,3
P00049,A00125,4
P00050,A00245,1
P00050,A00246,2
P00050,A00225,3
P00050,A00247,4
P00051,A00248,1
P00051,A00249,2
P00051,A00250,3
P00051,A00251,4
P00051,A00252,5
P00051,A00253,6
P00051,A00003,7
P00051,A00048,8
P00051,A00030,9
P00052,A00254,1
P00052,A00255,2
P00052,A00256,3
P00052,A00044,4
P00052,A00257,5
P00052,A00258,6
P00052,A00259,7
P00052,A00260,8
P00052,A00212,9
P00052,A00261,10
P00053,A00034,1
P00053,A00262,2
P00053,A00263,3
P00053,A00264,4
P00053,A00265,5
P00053,A00035,6
P00053,A00266,7
P00054,A00267,1
P00054,A00268,2
P00055,A00213,1
P00055,A00214,2
P00056,A00269,1
P00056,A00002,2
P00056,A00270,3
P00056,A00271,4
P00056,A00272,5
P00056,A00258,6
P00057,A00241,1
P00057,A00042,2
P00057,A00240,3
P00057,A00043,4
P00057,A00251,5
P00057,A00030,6
P00057,A00273,7
P00057,A00185,8
P00057,A00274,9
P00058,A00275,1
P00058,A00015,2
P00059,A00276,1
P00059,A00277,2
P00059,A00278,3
P00060,A00279,1
P00060,A00280,2
P00060,A00281,3
P00060,A00282,4
P00060,A00283,5
P00061,A00284,1
P00062,A00285,1
P00062,A00177,2
P00062,A00286,3
P00062,A00287,4
P00062,A00288,5
P00063,A00242,1
P00063,A00244,2
P00064,A00289,1
P00064,A00290,2
P00064,A00291,3
P00065,A00016,1
P00065,A00292,2
P00065,A00293,3
P00065,A00294,4
P00065,A00295,5
P00066,A00296,1
P00066,A00083,2
P00066,A00297,3
P00066,A00298,4
P00066,A00299,5
P00066,A00300,6
P00066,A00301,7
P00066,A00302,8
P00066,A00303,9
P00066,A00304,10
P00066,A00305,11
P00066,A00306,12
P00066,A00307,13
P00066,A00308,14
P00066,A00309,15
P00066,A00310,16
P00066,A00311,17
P00066,A00105,18
P00066,A00312,19
P00066,A00090,20
P00066,A00144,21
P00066,A00211,22
P00066,A00313,23
P00066,A00314,24
P00066,A00249,25
P00066,A00315,26
P00067,A00010,1
P00067,A00119,2
P00067,A00122,3
P00067,A00121,4
P00067,A00316,5
P00067,A00317,6
P00068,A00318,1
P00068,A00177,2
P00068,A00319,3
P00069,A00320,1
P00070,A00321,1
P00070,A00322,2
P00070,A00323,3
P00070,A00324,4
P00070,A00325,5
P00071,A00320,1
P00071,A00326,2
P00071,A00327,3
P00072,A00328,1
P00072,A00172,2
P00072,A00092,3
P00072,A00170,4
P00072,A00091,5
P00073,A00329,1
P00073,A00002,2
P00073,A00330,3
P00074,A00119,1
P00074,A00331,2
P00074,A00121,3
P00074,A00010,4
P00074,A00122,5
P00074,A00332,6
P00074,A00333,7
P00075,A00334,1
P00075,A00335,2
P00075,A00092,3
P00075,A00094,4
P00075,A00336,5
P00075,A00337,6
P00075,A00338,7
P00075,A00339,8
P00075,A00340,9
P00076,A00172,1
P00076,A00170,2
P00077,A00341,1
P00077,A00342,2
P00077,A00343,3
P00077,A00344,4
P00078,A00345,1
P00078,A00346,2
P00078,A00347,3
P00078,A00348,4
P00078,A00010,5
P00078,A00349,6
P00078,A00350,7
P00079,A00351,1
P00079,A00218,2
P00079,A00352,3
P00079,A00353,4
P00079,A00354,5
P00079,A00355,6
P00080,A00083,1
P00080,A00356,2
P00080,A00357,3
P00080,A00358,4
P00080,A00359,5
P00080,A00360,6
P00080,A00361,7
P00080,A00302,8
P00080,A00362,9
P00080,A00363,10
P00080,A00364,11
P00080,A00365,12
P00080,A00308,13
P00080,A00309,14
P00080,A00310,15
P00080,A00366,16
P00080,A00150,17
P00080,A00367,18
P00080,A00086,19
P00080,A00089,20
P00080,A00368,21
P00080,A00369,22
P00080,A00090,23
P00080,A00370,24
P00080,A00371,25
P00080,A00211,26
P00080,A00144,27
P00080,A00372,28
P00080,A00373,29
P00080,A00374,30
P00080,A00314,31
P00080,A00313,32
P00080,A00159,33
P00081,A00375,1
P00081,A00376,2
P00081,A00377,3
P00081,A00378,4
P00081,A00201,5
P00081,A00379,6
P00081,A00380,7
P00081,A00009,8
P00082,A00381,1
P00082,A00382,2
P00082,A00015,3
P00082,A00084,4
P00082,A00002,5
P00082,A00129,6
P00082,A00269,7
P00083,A00128,1
P00083,A00383,2
P00083,A00384,3
P00083,A00385,4
P00083,A00386,5
P00083,A00387,6
P00083,A00388,7
P00084,A00389,1
P00084,A00390,2
P00084,A00391,3
P00084,A00003,4
P00084,A00392,5
P00084,A00393,6
P00084,A00394,7
P00084,A00395,8
P00084,A00396,9
P00084,A00397,10
P00084,A00398,11
P00084,A00399,12
P00084,A00400,13
P00084,A00401,14
P00084,A00402,15
P00085,A00403,1
P00086,A00404,1
P00086,A00371,2
P00086,A00083,3
P00086,A00299,4
P00086,A00359,5
P00086,A00304,6
P00086,A00405,7
P00086,A00084,8
P00086,A00300,9
P00086,A00148,10
P00086,A00082,11
P00086,A00406,12
P00086,A00372,13
P00086,A00314,14
P00086,A00090,15
P00086,A00089,16
P00086,A00086,17
P00086,A00407,18
P00087,A00045,1
P00087,A00125,2
P00087,A00234,3
P00087,A00087,4
P00087,A00152,5
P00087,A00082,6
P00087,A00084,7
P00087,A00083,8
P00087,A00140,9
P00088,A00046,1
P00088,A00408,2
P00088,A00048,3
P00089,A00013,1
P00089,A00010,2
P00089,A00016,3
P00090,A00204,1
P00090,A00203,2
P00090,A00164,3
P00090,A00409,4
P00090,A00410,5
P00090,A00089,6
P00090,A00411,7
P00090,A00150,8
P00091,A00412,1
P00091,A00413,2
P00091,A00414,3
P00091,A00415,4
P00091,A00416,5
P00092,A00417,1
P00093,A00418,1
P00093,A00419,2
P00093,A00420,3
P00093,A00421,4
P00093,A00422,5
P00093,A00423,6
P00093,A00424,7
P00093,A00425,8
P00093,A00426,9
P00093,A00427,10
P00093,A00428,11
P00093,A00429,12
P00093,A00430,13
P00093,A00431,14
P00093,A00432,15
P00093,A00433,16
P00093,A00434,17
P00093,A00435,18
P00093,A00436,19
P00093,A00437,20
P00093,A00438,21
P00094,A00439,1
P00094,A00440,2
P00094,A00441,3
P00094,A00442,4
P00094,A00443,5
P00094,A00444,6
P00094,A00411,7
P00094,A00445,8
P00094,A00446,9
P00094,A00405,10
P00094,A00199,11
P00094,A00357,12
P00094,A00447,13
P00094,A00358,14
P00094,A00366,15
P00094,A00448,16
P00094,A00203,17
P00094,A00449,18
P00095,A00008,1
P00095,A00016,2
P00095,A00023,3
P00096,A00016,1
P00096,A00450,2
P00096,A00292,3
P00096,A00293,4
P00096,A00451,5
P00096,A00294,6
P00096,A00060,7
P00096,A00295,8
P00097,A00452,1
P00097,A00094,2
P00097,A00169,3
P00098,A00453,1
P00098,A00122,2
P00098,A00010,3
P00098,A00342,4
P00099,A00454,1
P00099,A00164,2
P00099,A00203,3
P00099,A00169,4
P00099,A00083,5
P00099,A00361,6
P00099,A00455,7
P00099,A00304,8
P00099,A00372,9
P00100,A00049,1
P00100,A00081,2
P00100,A00050,3
P00100,A00015,4
P00100,A00456,5
P00101,A00457,1
P00101,A00458,2
P00102,A00246,1
P00102,A00245,2
P00102,A00247,3
P00102,A00225,4
P00102,A00459,5
P00102,A00460,6
P00103,A00461,1
P00103,A00010,2
P00103,A00462,3
P00103,A00463,4
P00103,A00450,5
P00103,A00039,6
P00103,A00027,7
P00104,A00039,1
P00104,A00010,2
P00104,A00042,3
P00104,A00043,4
P00104,A00464,5
P00105,A00465,1
P00105,A00466,2
P00105,A00467,3
P00105,A00016,4
P00105,A00468,5
P00105,A00295,6
P00105,A00469,7
P00105,A00470,8
P00105,A00471,9
P00106,A00213,1
P00106,A00121,2
P00106,A00472,3
P00106,A00473,4
P00106,A00331,5
P00106,A00214,6
P00106,A00048,7
P00106,A00028,8
P00107,A00474,1
P00107,A00475,2
P00107,A00317,3
P00108,A00476,1
P00108,A00477,2
P00109,A00001,1
P00109,A00002,2
P00110,A00251,1
P00110,A00248,2
P00110,A00249,3
P00110,A00478,4
P00110,A00479,5
P00110,A00003,6
P00110,A00480,7
P00111,A00481,1
P00111,A00330,2
P00111,A00482,3
P00111,A00483,4
P00112,A00484,1
P00112,A00065,2
P00112,A00101,3
P00112,A00103,4
P00112,A00485,5
P00113,A00486,1
P00113,A00065,2
P00113,A00487,3
P00113,A00488,4
P00113,A00070,5
P00113,A00489,6
P00113,A00490,7
P00113,A00491,8
P00113,A00022,9
P00113,A00492,10
P00113,A00493,11
P00113,A00494,12
P00114,A00495,1
P00114,A00496,2
P00114,A00217,3
P00115,A00248,1
P00115,A00249,2
P00115,A00251,3
P00115,A00252,4
P00115,A00253,5
P00115,A00497,6
P00115,A00003,7
P00116,A00498,1
P00116,A00499,2
P00116,A00500,3
P00116,A00501,4
P00116,A00502,5
P00116,A00503,6
P00116,A00504,7
P00116,A00505,8
P00117,A00086,1
P00117,A00144,2
P00117,A00045,3
P00117,A00145,4
P00117,A00235,5
P00117,A00140,6
P00117,A00152,7
P00117,A00506,8
P00117,A00087,9
P00117,A00142,10
P00117,A00507,11
P00117,A00083,12
P00117,A00089,13
P00117,A00082,14
P00117,A00084,15
P00117,A00508,16
P00117,A00357,17
P00117,A00358,18
P00117,A00455,19
P00117,A00365,20
P00117,A00509,21
P00117,A00510,22
P00117,A00485,23
P00117,A00376,24
P00117,A00203,25
P00118,A00511,1
P00118,A00512,2
P00118,A00075,3
P00118,A00513,4
P00118,A00514,5
P00118,A00122,6
P00118,A00515,7
P00118,A00516,8
P00118,A00517,9
P00118,A00518,10
P00119,A00444,1
P00119,A00455,2
P00119,A00519,3
P00119,A00164,4
P00119,A00204,5
P00119,A00520,6
P00119,A00203,7
P00120,A00255,1
P00120,A00105,2
P00120,A00521,3
P00121,A00522,1
P00122,A00014,1
P00122,A00523,2
P00122,A00524,3
P00123,A00525,1
P00123,A00526,2
P00123,A00472,3
P00123,A00527,4
P00123,A00415,5
P00123,A00528,6
P00124,A00009,1
P00125,A00529,1
P00125,A00119,2
P00125,A00530,3
P00125,A00531,4
P00125,A00526,5
P00125,A00253,6
P00126,A00411,1
P00126,A00358,2
P00126,A00359,3
P00126,A00357,4
P00126,A00082,5
P00126,A00367,6
P00126,A00366,7
P00126,A00532,8
P00126,A00533,9
P00126,A00365,10
P00126,A00086,11
P00126,A00164,12
P00126,A00203,13
P00126,A00089,14
P00126,A00534,15
P00126,A00535,16
P00126,A00536,17
P00127,A00537,1
P00127,A00538,2
P00127,A00539,3
P00127,A00540,4
P00127,A00080,5
P00127,A00541,6
P00128,A00049,1
P00128,A00050,2
P00128,A00081,3
P00128,A00542,4
P00128,A00272,5
P00129,A00543,1
P00129,A00544,2
P00129,A00545,3
P00129,A00546,4
P00129,A00024,5
P00129,A00290,6
P00130,A00547,1
P00130,A00042,2
P00131,A00548,1
P00131,A00549,2
P00131,A00550,3
P00131,A00036,4
P00131,A00551,5
P00131,A00552,6
P00131,A00553,7
P00131,A00554,8
P00131,A00307,9
P00131,A00555,10
P00131,A00556,11
P00131,A00557,12
P00131,A00558,13
P00131,A00559,14
P00131,A00460,15
P00131,A00560,16
P00131,A00561,17
P00131,A00562,18
P00131,A00563,19
P00131,A00564,20
P00131,A00565,21
P00131,A00566,22
P00131,A00567,23
P00131,A00201,24
P00131,A00568,25
P00131,A00569,26
P00132,A00570,1
P00132,A00571,2
P00132,A00572,3
P00132,A00016,4
P00132,A00573,5
P00132,A00574,6
P00133,A00575,1
P00133,A00576,2
P00134,A00577,1
P00134,A00578,2
P00134,A00579,3
P00134,A00580,4
P00135,A00082,1
P00135,A00581,2
P00135,A00084,3
P00135,A00083,4
P00135,A00089,5
P00135,A00086,6
P00135,A00087,7
P00135,A00507,8
P00135,A00582,9
P00136,A00164,1
P00136,A00204,2
P00136,A00203,3
P00136,A00583,4
P00136,A00410,5
P00136,A00169,6
P00136,A00409,7
P00136,A00584,8
P00136,A00585,9
P00136,A00586,10
P00136,A00163,11
P00136,A00587,12
P00136,A00588,13
P00136,A00083,14
P00136,A00455,15
P00136,A00089,16
P00136,A00589,17
P00136,A00372,18
P00137,A00581,1
P00137,A00082,2
P00137,A00083,3
P00137,A00590,4
P00137,A00086,5
P00137,A00087,6
P00137,A00507,7
P00137,A00089,8
P00137,A00591,9
P00137,A00592,10
P00137,A00593,11
P00137,A00140,12
P00138,A00594,1
P00138,A00301,2
P00138,A00595,3
P00139,A00102,1
P00139,A00101,2
P00139,A00019,3
P00139,A00103,4
P00139,A00065,5
P00139,A00596,6
P00140,A00377,1
P00140,A00597,2
P00140,A00598,3
P00140,A00599,4
P00140,A00600,5
P00140,A00601,6
P00141,A00576,1
P00141,A00602,2
P00141,A00603,3
P00141,A00575,4
P00141,A00043,5
P00141,A00604,6
P00141,A00605,7
P00141,A00164,8
P00141,A00606,9
P00141,A00607,10
P00141,A00608,11
P00141,A00609,12
P00141,A00372,13
P00141,A00610,14
P00142,A00611,1
P00142,A00612,2
P00142,A00177,3
P00143,A00613,1
P00143,A00614,2
P00143,A00615,3
P00143,A00306,4
P00144,A00616,1
P00144,A00617,2
P00145,A00618,1
P00145,A00619,2
P00145,A00058,3
P00145,A00620,4
P00145,A00621,5
P00145,A00622,6
P00145,A00101,7
P00145,A00065,8
P00145,A00022,9
P00145,A00009,10
P00145,A00623,11
P00146,A00624,1
P00146,A00473,2
P00146,A00625,3
P00146,A00122,4
P00147,A00626,1
P00147,A00627,2
P00148,A00628,1
P00148,A00629,2
P00148,A00630,3
P00148,A00631,4
P00148,A00632,5
P00148,A00633,6
P00148,A00634,7
P00148,A00635,8
P00148,A00636,9
P00148,A00637,10
P00148,A00638,11
P00149,A00639,1
P00149,A00213,2
P00150,A00510,1
P00150,A00485,2
P00150,A00086,3
P00151,A00156,1
P00151,A00640,2
P00151,A00641,3
P00151,A00642,4
P00151,A00643,5
P00151,A00644,6
P00151,A00164,7
P00151,A00204,8
P00151,A00169,9
P00151,A00645,10
P00151,A00646,11
P00151,A00647,12
P00151,A00648,13
P00152,A00649,1
P00152,A00547,2
P00152,A00317,3
P00152,A00650,4
P00152,A00651,5
P00153,A00652,1
P00153,A00275,2
P00153,A00025,3
P00153,A00653,4
P00154,A00654,1
P00154,A00105,2
P00154,A00655,3
P00154,A00047,4
P00155,A00656,1
P00156,A00657,1
P00156,A00617,2
P00156,A00658,3
P00156,A00659,4
P00157,A00531,1
P00157,A00119,2
P00157,A00252,3
P00157,A00249,4
P00157,A00253,5
P00157,A00526,6
P00157,A00660,7
P00157,A00177,8
P00157,A00661,9
P00158,A00662,1
P00158,A00663,2
P00158,A00075,3
P00158,A00664,4
P00158,A00665,5
P00158,A00564,6
P00158,A00010,7
P00158,A00666,8
P00158,A00667,9
P00159,A00668,1
P00159,A00140,2
P00160,A00255,1
P00160,A00044,2
P00160,A00669,3
P00160,A00670,4
P00160,A00671,5
P00160,A00672,6
P00160,A00212,7
P00160,A00126,8
P00160,A00006,9
P00161,A00546,1
P00161,A00544,2
P00161,A00545,3
P00161,A00543,4
P00161,A00522,5
P00161,A00673,6
P00162,A00674,1
P00162,A00675,2
P00162,A00676,3
P00163,A00677,1
P00163,A00678,2
P00164,A00102,1
P00164,A00101,2
P00164,A00019,3
P00164,A00103,4
P00164,A00065,5
P00164,A00596,6
P00164,A00006,7
P00165,A00679,1
P00165,A00680,2
P00165,A00616,3
P00166,A00681,1
P00166,A00040,2
P00166,A00041,3
P00166,A00060,4
P00166,A00456,5
P00166,A00682,6
P00167,A00404,1
P00167,A00145,2
P00167,A00083,3
P00167,A00086,4
P00167,A00299,5
P00167,A00455,6
P00167,A00371,7
P00167,A00372,8
P00168,A00295,1
P00168,A00293,2
P00168,A00016,3
P00168,A00294,4
P00168,A00683,5
P00168,A00292,6
P00168,A00684,7
P00169,A00510,1
P00169,A00485,2
P00169,A00685,3
P00169,A00686,4
P00169,A00687,5
P00169,A00507,6
P00169,A00086,7
P00169,A00164,8
P00169,A00688,9
P00169,A00689,10
P00170,A00544,1
P00170,A00545,2
P00170,A00024,3
P00170,A00543,4
P00170,A00546,5
P00171,A00145,1
P00171,A00086,2
P00171,A00144,3
P00171,A00045,4
P00171,A00690,5
P00171,A00691,6
P00171,A00692,7
P00171,A00087,8
P00171,A00363,9
P00171,A00693,10
P00172,A00694,1
P00172,A00083,2
P00172,A00695,3
P00172,A00455,4
P00172,A00696,5
P00172,A00299,6
P00172,A00297,7
P00172,A00090,8
P00173,A00156,1
P00173,A00065,2
P00173,A00641,3
P00173,A00697,4
P00173,A00640,5
P00173,A00485,6
P00174,A00586,1
P00174,A00203,2
P00174,A00164,3
P00174,A00409,4
P00174,A00587,5
P00175,A00698,1
P00175,A00699,2
P00176,A00064,1
P00176,A00065,2
P00176,A00066,3
P00176,A00067,4
P00176,A00068,5
P00176,A00022,6
P00176,A00070,7
P00177,A00100,1
P00177,A00104,2
P00177,A00700,3
P00178,A00701,1
P00178,A00177,2
P00178,A00702,3
P00178,A00403,4
P00179,A00703,1
P00179,A00704,2
P00179,A00705,3
P00179,A00020,4
P00179,A00706,5
P00179,A00707,6
P00179,A00708,7
P00179,A00709,8
P00179,A00710,9
P00179,A00711,10
P00179,A00712,11
P00180,A00462,1
P00180,A00463,2
P00180,A00450,3
P00181,A00713,1
P00181,A00714,2
P00181,A00023,3
P00181,A00014,4
P00181,A00701,5
P00181,A00715,6
P00181,A00716,7
P00182,A00045,1
P00182,A00234,2
P00182,A00125,3
P00182,A00145,4
P00183,A00717,1
P00183,A00621,2
P00183,A00065,3
P00183,A00619,4
P00183,A00718,5
P00183,A00719,6
P00183,A00720,7
P00184,A00045,1
P00184,A00234,2
P00184,A00125,3
P00185,A00643,1
P00185,A00704,2
P00185,A00156,3
P00185,A00641,4
P00185,A00721,5
P00186,A00484,1
P00186,A00101,2
P00186,A00329,3
P00186,A00485,4
P00186,A00531,5
P00186,A00661,6
P00186,A00641,7
P00187,A00485,1
P00187,A00685,2
P00187,A00687,3
P00187,A00510,4
P00187,A00686,5
P00187,A00722,6
P00187,A00507,7
P00187,A00145,8
P00187,A00086,9
P00187,A00082,10
P00187,A00299,11
P00187,A00455,12
P00187,A00083,13
P00187,A00486,14
P00188,A00654,1
P00188,A00045,2
P00188,A00086,3
P00188,A00145,4
P00188,A00723,5
P00188,A00144,6
P00188,A00151,7
P00188,A00364,8
P00189,A00724,1
P00189,A00725,2
P00189,A00726,3
P00189,A00727,4
P00189,A00728,5
P00189,A00729,6
P00189,A00730,7
P00189,A00731,8
P00189,A00732,9
P00189,A00733,10
P00189,A00734,11
P00190,A00013,1
P00190,A00735,2
P00190,A00043,3
P00190,A00010,4
P00190,A00736,5
P00190,A00016,6
P00191,A00583,1
P00191,A00164,2
P00191,A00203,3
P00192,A00253,1
P00192,A00526,2
P00192,A00252,3
P00192,A00249,4
P00192,A00737,5
P00192,A00119,6
P00193,A00738,1
P00193,A00739,2
P00193,A00740,3
P00194,A00578,1
P00194,A00741,2
P00194,A00742,3
P00194,A00577,4
P00194,A00743,5
P00194,A00009,6
P00194,A00744,7
P00195,A00579,1
P00195,A00578,2
P00195,A00246,3
P00196,A00119,1
P00196,A00745,2
P00196,A00531,3
P00196,A00249,4
P00196,A00252,5
P00196,A00253,6
P00197,A00064,1
P00197,A00531,2
P00197,A00065,3
P00197,A00621,4
P00197,A00070,5
P00197,A00022,6
P00197,A00067,7
P00197,A00068,8
P00198,A00203,1
P00198,A00164,2
P00198,A00411,3
P00198,A00409,4
P00198,A00204,5
P00198,A00410,6
P00198,A00084,7
P00198,A00746,8
P00198,A00089,9
P00198,A00747,10
P00198,A00748,11
P00198,A00749,12
P00198,A00082,13
P00198,A00372,14
P00198,A00125,15
P00199,A00750,1
P00199,A00751,2
P00199,A00074,3
P00199,A00752,4
P00199,A00183,5
P00200,A00753,1
P00200,A00361,2
P00200,A00363,3
P00200,A00086,4
P00200,A00371,5
P00200,A00754,6
P00200,A00755,7
P00200,A00756,8
P00200,A00083,9
P00200,A00299,10
P00200,A00455,11
P00200,A00090,12
P00201,A00216,1
P00202,A00757,1
P00202,A00758,2
P00202,A00759,3
P00202,A00760,4
P00203,A00761,1
P00203,A00547,2
P00203,A00317,3
P00204,A00762,1
P00204,A00763,2
P00204,A00764,3
P00204,A00765,4
P00205,A00766,1
P00205,A00081,2
P00205,A00767,3
P00205,A00049,4
P00205,A00015,5
P00205,A00542,6
P00205,A00017,7
P00205,A00768,8
P00206,A00177,1
P00206,A00318,2
P00206,A00403,3
P00206,A00769,4
P00207,A00770,1
P00207,A00771,2
P00207,A00772,3
P00207,A00773,4
P00207,A00774,5
P00207,A00775,6
P00207,A00776,7
P00207,A00777,8
P00207,A00778,9
P00207,A00779,10
P00207,A00780,11
P00207,A00781,12
P00207,A00342,13
P00207,A00782,14
P00207,A00783,15
P00207,A00784,16
P00208,A00785,1
P00208,A00247,2
P00208,A00268,3
P00208,A00786,4
P00208,A00787,5
P00208,A00016,6
P00208,A00788,7
P00209,A00789,1
P00209,A00790,2
P00209,A00791,3
P00209,A00792,4
P00209,A00793,5
P00210,A00169,1
P00210,A00170,2
P00210,A00002,3
P00210,A00794,4
P00210,A00795,5
P00210,A00317,6
P00211,A00796,1
P00211,A00797,2
P00211,A00798,3
P00211,A00799,4
P00211,A00800,5
P00211,A00801,6
P00211,A00802,7
P00211,A00803,8
P00211,A00541,9
P00212,A00804,1
P00212,A00805,2
P00212,A00806,3
P00212,A00807,4
P00212,A00372,5
P00212,A00127,6
P00212,A00749,7
P00213,A00808,1
P00213,A00809,2
P00213,A00810,3
P00214,A00811,1
P00214,A00308,2
P00214,A00812,3
P00214,A00813,4
P00214,A00814,5
P00214,A00815,6
P00214,A00816,7
P00214,A00083,8
P00214,A00224,9
P00214,A00817,10
P00214,A00594,11
P00214,A00818,12
P00214,A00455,13
P00214,A00696,14
P00214,A00299,15
P00214,A00300,16
P00214,A00297,17
P00214,A00301,18
P00214,A00306,19
P00214,A00312,20
P00214,A00105,21
P00214,A00090,22
P00214,A00819,23
P00215,A00820,1
P00215,A00821,2
P00215,A00466,3
P00215,A00041,4
P00216,A00329,1
P00216,A00822,2
P00216,A00002,3
P00216,A00713,4
P00216,A00177,5
P00217,A00065,1
P00217,A00485,2
P00217,A00823,3
P00217,A00103,4
P00217,A00822,5
P00217,A00023,6
P00217,A00824,7
P00218,A00031,1
P00219,A00631,1
P00219,A00825,2
P00219,A00826,3
P00219,A00630,4
P00219,A00827,5
P00219,A00634,6
P00219,A00636,7
P00219,A00828,8
P00219,A00242,9
P00219,A00624,10
P00219,A00829,11
P00219,A00830,12
P00220,A00409,1
P00220,A00203,2
P00220,A00831,3
P00220,A00832,4
P00220,A00204,5
P00220,A00747,6
P00220,A00833,7
P00220,A00084,8
P00220,A00411,9
P00220,A00089,10
P00221,A00411,1
P00221,A00358,2
P00221,A00359,3
P00221,A00357,4
P00221,A00082,5
P00221,A00367,6
P00221,A00366,7
P00221,A00532,8
P00221,A00533,9
P00221,A00365,10
P00221,A00086,11
P00221,A00831,12
P00221,A00203,13
P00221,A00089,14
P00221,A00534,15
P00221,A00535,16
P00221,A00536,17
P00222,A00834,1
P00222,A00835,2
P00222,A00836,3
P00223,A00837,1
P00223,A00496,2
P00223,A00217,3
P00224,A00838,1
P00224,A00839,2
P00225,A00840,1
P00225,A00841,2
P00225,A00075,3
P00225,A00564,4
P00225,A00842,5
P00225,A00379,6
P00226,A00843,1
P00226,A00010,2
P00226,A00379,3
P00226,A00844,4
P00226,A00845,5
P00226,A00846,6
P00227,A00847,1
P00227,A00848,2
P00227,A00849,3
P00227,A00850,4
P00227,A00851,5
P00227,A00852,6
P00227,A00853,7
P00227,A00854,8
P00227,A00855,9
P00228,A00008,1
P00228,A00011,2
P00228,A00195,3
P00228,A00012,4
P00228,A00840,5
P00228,A00015,6
P00228,A00023,7
P00229,A00255,1
P00229,A00856,2
P00229,A00857,3
P00229,A00670,4
P00229,A00858,5
P00229,A00672,6
P00229,A00859,7
P00229,A00860,8
P00229,A00861,9
P00230,A00296,1
P00230,A00083,2
P00230,A00694,3
P00230,A00862,4
P00230,A00863,5
P00230,A00306,6
P00230,A00299,7
P00230,A00297,8
P00230,A00041,9
P00230,A00303,10
P00230,A00304,11
P00231,A00864,1
P00231,A00312,2
P00231,A00865,3
P00232,A00115,1
P00232,A00119,2
P00232,A00526,3
P00232,A00251,4
P00233,A00042,1
P00233,A00547,2
P00233,A00010,3
P00233,A00016,4
P00234,A00772,1
P00234,A00571,2
P00235,A00866,1
P00235,A00867,2
P00235,A00868,3
P00235,A00869,4
P00235,A00870,5
P00235,A00871,6
P00235,A00872,7
P00235,A00873,8
P00235,A00874,9
P00235,A00875,10
P00235,A00876,11
P00235,A00877,12
P00235,A00878,13
P00236,A00879,1
P00236,A00880,2
P00237,A00741,1
P00237,A00578,2
P00237,A00577,3
P00237,A00881,4
P00237,A00742,5
P00238,A00249,1
P00238,A00119,2
P00238,A00248,3
P00238,A00250,4
P00238,A00252,5
P00238,A00253,6
P00238,A00003,7
P00238,A00882,8
P00238,A00104,9
P00238,A00883,10
P00238,A00490,11
P00238,A00493,12
P00239,A00164,1
P00239,A00884,2
P00239,A00583,3
P00239,A00165,4
P00239,A00166,5
P00239,A00885,6
P00239,A00886,7
P00239,A00887,8
P00239,A00888,9
P00239,A00889,10
P00239,A00723,11
P00239,A00204,12
P00239,A00890,13
P00239,A00891,14
P00239,A00892,15
P00239,A00893,16
P00239,A00894,17
P00239,A00608,18
P00239,A00211,19
P00239,A00895,20
P00239,A00896,21
P00239,A00882,22
P00239,A00104,23
P00239,A00883,24
P00239,A00490,25
P00239,A00493,26
P00240,A00897,1
P00240,A00898,2
P00241,A00508,1
P00241,A00083,2
P00241,A00899,3
P00241,A00197,4
P00241,A00145,5
P00241,A00086,6
P00241,A00150,7
P00241,A00299,8
P00241,A00359,9
P00241,A00455,10
P00241,A00304,11
P00242,A00369,1
P00242,A00083,2
P00242,A00367,3
P00242,A00299,4
P00242,A00359,5
P00242,A00900,6
P00242,A00150,7
P00242,A00089,8
P00242,A00203,9
P00242,A00409,10
P00242,A00374,11
P00243,A00534,1
P00243,A00083,2
P00243,A00901,3
P00243,A00373,4
P00243,A00151,5
P00243,A00358,6
P00243,A00359,7
P00243,A00455,8
P00243,A00365,9
P00244,A00902,1
P00244,A00312,2
P00244,A00083,3
P00244,A00090,4
P00244,A00364,5
P00244,A00696,6
P00244,A00539,7
P00245,A00177,1
P00245,A00716,2
P00245,A00023,3
P00245,A00528,4
P00245,A00641,5
P00245,A00221,6
P00245,A00903,7
P00245,A00904,8
P00246,A00698,1
P00246,A00905,2
P00246,A00665,3
P00246,A00177,4
P00247,A00203,1
P00247,A00164,2
P00247,A00409,3
P00247,A00204,4
P00247,A00584,5
P00247,A00411,6
P00247,A00084,7
P00247,A00410,8
P00247,A00747,9
P00247,A00082,10
P00247,A00089,11
P00248,A00906,1
P00248,A00083,2
P00248,A00534,3
P00248,A00084,4
P00248,A00299,5
P00248,A00907,6
P00248,A00455,7
P00248,A00150,8
P00248,A00089,9
P00248,A00374,10
P00248,A00409,11
P00248,A00203,12
P00249,A00642,1
P00249,A00617,2
P00249,A00908,3
P00249,A00659,4
P00250,A00409,1
P00250,A00203,2
P00250,A00164,3
P00250,A00204,4
P00250,A00747,5
P00250,A00833,6
P00250,A00084,7
P00250,A00411,8
P00250,A00089,9
P00251,A00909,1
P00251,A00910,2
P00251,A00040,3
P00251,A00841,4
P00251,A00911,5
P00251,A00122,6
P00251,A00912,7
P00252,A00913,1
P00252,A00914,2
P00253,A00713,1
P00253,A00714,2
P00253,A00023,3
P00253,A00168,4
P00253,A00664,5
P00254,A00915,1
P00254,A00916,2
P00255,A00917,1
P00255,A00918,2
P00255,A00663,3
P00256,A00242,1
P00256,A00919,2
P00256,A00920,3
P00256,A00244,4
P00257,A00921,1
P00257,A00294,2
P00257,A00293,3
P00257,A00122,4
P00257,A00010,5
P00257,A00016,6
P00258,A00656,1
P00258,A00047,2
P00258,A00048,3
P00258,A00408,4
P00258,A00046,5
P00258,A00309,6
P00258,A00922,7
P00259,A00923,1
P00259,A00924,2
P00260,A00925,1
P00260,A00926,2
P00260,A00927,3
P00260,A00928,4
P00260,A00929,5
P00261,A00930,1
P00261,A00931,2
P00261,A00865,3
P00261,A00932,4
P00261,A00933,5
P00261,A00934,6
P00261,A00935,7
P00262,A00936,1
P00262,A00937,2
P00262,A00938,3
P00262,A00939,4
P00263,A00940,1
P00263,A00916,2
P00263,A00015,3
P00264,A00941,1
P00264,A00942,2
P00265,A00832,1
P00265,A00203,2
P00265,A00379,3
P00265,A00409,4
P00265,A00164,5
P00265,A00747,6
P00265,A00943,7
P00265,A00944,8
P00265,A00372,9
P00265,A00125,10
P00265,A00795,11
P00266,A00454,1
P00266,A00164,2
P00266,A00169,3
P00266,A00203,4
P00266,A00945,5
P00266,A00946,6
P00266,A00947,7
P00266,A00455,8
P00266,A00948,9
P00266,A00949,10
P00266,A00188,11
P00266,A00950,12
P00266,A00951,13
P00267,A00481,1
P00267,A00952,2
P00267,A00953,3
P00267,A00164,4
P00267,A00954,5
P00267,A00749,6
P00268,A00472,1
P00268,A00115,2
P00268,A00771,3
P00268,A00955,4
P00269,A00956,1
P00269,A00957,2
P00269,A00958,3
P00269,A00959,4
P00269,A00960,5
P00269,A00961,6
P00269,A00962,7
P00269,A00963,8
P00270,A00964,1
P00270,A00965,2
P00270,A00966,3
P00270,A00967,4
P00270,A00451,5
P00270,A00009,6
P00271,A00065,1
P00271,A00968,2
P00271,A00485,3
P00271,A00823,4
P00271,A00101,5
P00271,A00103,6
P00271,A00221,7
P00272,A00969,1
P00272,A00970,2
P00272,A00971,3
P00272,A00420,4
P00272,A00972,5
P00273,A00267,1
P00273,A00786,2
P00273,A00973,3
P00274,A00198,1
P00274,A00974,2
P00274,A00197,3
P00274,A00386,4
P00274,A00010,5
P00274,A00975,6
P00274,A00976,7
P00275,A00584,1
P00275,A00164,2
P00275,A00203,3
P00276,A00977,1
P00276,A00213,2
P00276,A00978,3
P00277,A00979,1
P00277,A00980,2
P00277,A00981,3
P00277,A00145,4
P00277,A00982,5
P00277,A00330,6
P00277,A00983,7
P00277,A00509,8
P00277,A00164,9
P00278,A00984,1
P00278,A00782,2
P00279,A00985,1
P00279,A00986,2
P00279,A00987,3
P00279,A00988,4
P00279,A00403,5
P00279,A00989,6
P00279,A00990,7
P00279,A00991,8
P00279,A00992,9
P00279,A00993,10
P00279,A00017,11
P00280,A00191,1
P00280,A00190,2
P00280,A00994,3
P00280,A00777,4
P00280,A00995,5
P00281,A00996,1
P00281,A00997,2
P00281,A00998,3
P00281,A00999,4
P00281,A00846,5
P00281,A01000,6
P00281,A01001,7
P00281,A01002,8
P00281,A01003,9
P00281,A01004,10
P00281,A01005,11
P00281,A01006,12
P00281,A01007,13
P00282,A01008,1
P00282,A00156,2
P00282,A00642,3
P00282,A00643,4
P00282,A00641,5
P00282,A00086,6
P00282,A00145,7
P00282,A00716,8
P00283,A00329,1
P00283,A01009,2
P00283,A00714,3
P00283,A00177,4
P00284,A01010,1
P00284,A00403,2
P00285,A00643,1
P00285,A00156,2
P00285,A00704,3
P00285,A00721,4
P00286,A00071,1
P00286,A00072,2
P00286,A00408,3
P00286,A00077,4
P00286,A00043,5
P00286,A00074,6
P00287,A01011,1
P00287,A00656,2
P00287,A00029,3
P00288,A01012,1
P00288,A01013,2
P00288,A01014,3
P00288,A01015,4
P00289,A00064,1
P00289,A00065,2
P00289,A00531,3
P00289,A00070,4
P00289,A00022,5
P00290,A00047,1
P00290,A00126,2
P00290,A00105,3
P00290,A01016,4
P00291,A01017,1
P00291,A01018,2
P00291,A01019,3
P00291,A01020,4
P00292,A00016,1
P00292,A01021,2
P00292,A01022,3
P00293,A01023,1
P00293,A00023,2
P00293,A01024,3
P00293,A00014,4
P00293,A01025,5
P00293,A01026,6
P00293,A00714,7
P00293,A00221,8
P00294,A01027,1
P00294,A01028,2
P00294,A01029,3
P00294,A01030,4
P00295,A01031,1
P00295,A00101,2
P00295,A00103,3
P00295,A00823,4
P00295,A00968,5
P00295,A00065,6
P00295,A00209,7
P00296,A00041,1
P00296,A00042,2
P00296,A00122,3
P00296,A00016,4
P00297,A01032,1
P00297,A01033,2
P00297,A01034,3
P00297,A01035,4
P00297,A00633,5
P00298,A00328,1
P00298,A00158,2
P00298,A01036,3
P00298,A00203,4
P00298,A01037,5
P00299,A01038,1
P00299,A01039,2
P00299,A00086,3
P00300,A00255,1
P00300,A01040,2
P00300,A00105,3
P00300,A00003,4
P00300,A01041,5
P00300,A00521,6
P00300,A01042,7
P00301,A00699,1
P00301,A00403,2
P00302,A00218,1
P00302,A01043,2
P00302,A01044,3
P00302,A00009,4
P00303,A00008,1
P00303,A00011,2
P00304,A00403,1
P00305,A01045,1
P00305,A01046,2
P00305,A01047,3
P00305,A01048,4
P00305,A01049,5
P00306,A00203,1
P00306,A00747,2
P00306,A00164,3
P00306,A00409,4
P00306,A01050,5
P00306,A01036,6
P00306,A00083,7
P00307,A01051,1
P00307,A01052,2
P00308,A00019,1
P00308,A00102,2
P00308,A01053,3
P00308,A00100,4
P00308,A00487,5
P00308,A01054,6
P00308,A00101,7
P00309,A00738,1
P00309,A01055,2
P00309,A00454,3
P00309,A00164,4
P00309,A00892,5
P00309,A00169,6
P00310,A00064,1
P00310,A00065,2
P00310,A00531,3
P00310,A01056,4
P00310,A00084,5
P00310,A01057,6
P00310,A00070,7
P00310,A00022,8
P00311,A00119,1
P00311,A01058,2
P00311,A00473,3
P00311,A00010,4
P00311,A00122,5
P00311,A00331,6
P00311,A00121,7
P00311,A00332,8
P00312,A00119,1
P00312,A00526,2
P00313,A00481,1
P00313,A00330,2
P00313,A01059,3
P00314,A01060,1
P00314,A00081,2
P00314,A00083,3
P00314,A00359,4
P00314,A00300,5
P00314,A00534,6
P00314,A00365,7
P00315,A00575,1
P00315,A01061,2
P00315,A00576,3
P00316,A00837,1
P00316,A00496,2
P00316,A00217,3
P00317,A00240,1
P00317,A01061,2
P00317,A00241,3
P00318,A01062,1
P00318,A00083,2
P00318,A00534,3
P00318,A00089,4
P00318,A00367,5
P00318,A00364,6
P00318,A00948,7
P00318,A01063,8
P00319,A01064,1
P00319,A00081,2
P00319,A01065,3
P00319,A01060,4
P00319,A00083,5
P00319,A00082,6
P00319,A00361,7
P00319,A00359,8
P00319,A00365,9
P00319,A00487,10
P00319,A00101,11
P00319,A00065,12
P00319,A00153,13
P00319,A01066,14
P00319,A01067,15
P00320,A01068,1
P00320,A01069,2
P00320,A01070,3
P00321,A00713,1
P00321,A00714,2
P00321,A00023,3
P00321,A01071,4
P00322,A00165,1
P00322,A00372,2
P00322,A00002,3
P00322,A00083,4
P00322,A00164,5
P00322,A01055,6
P00322,A00361,7
P00323,A00065,1
P00323,A00822,2
P00323,A00023,3
P00323,A00485,4
P00323,A00823,5
P00323,A00103,6
P00324,A01064,1
P00324,A00081,2
P00324,A01065,3
P00324,A00083,4
P00324,A00082,5
P00325,A01072,1
P00325,A01073,2
P00325,A00987,3
P00325,A00993,4
P00325,A01074,5
P00326,A00579,1
P00326,A00578,2
P00327,A00687,1
P00327,A00485,2
P00327,A01075,3
P00327,A00199,4
P00327,A01076,5
P00327,A00446,6
P00327,A00202,7
P00327,A00358,8
P00327,A00357,9
P00327,A00379,10
P00327,A00201,11
P00327,A00846,12
P00327,A01077,13
P00327,A01078,14
P00327,A01079,15
P00327,A01080,16
P00328,A01081,1
P00328,A00782,2
P00328,A01082,3
P00328,A00748,4
P00329,A00925,1
P00329,A00977,2
P00329,A01083,3
P00330,A00701,1
P00330,A01084,2
P00330,A00177,3
P00330,A01085,4
P00330,A00015,5
P00331,A00216,1
P00331,A00048,2
P00331,A01086,3
P00331,A00170,4
P00331,A00129,5
P00331,A00781,6
P00331,A00494,7
P00332,A01087,1
P00332,A01088,2
P00332,A00777,3
P00332,A01089,4
P00332,A01090,5
P00332,A00090,6
P00332,A00080,7
P00333,A01091,1
P00333,A01092,2
P00333,A01093,3
P00333,A01094,4
P00334,A01095,1
P00334,A01096,2
P00334,A00275,3
P00334,A01097,4
P00334,A01098,5
P00335,A00013,1
P00335,A00010,2
P00335,A00016,3
P00335,A00022,4
P00335,A00070,5
P00335,A00376,6
P00336,A01099,1
P00336,A01100,2
P00336,A01101,3
P00336,A01102,4
P00337,A00249,1
P00337,A01103,2
P00337,A00248,3
P00337,A00252,4
P00337,A01104,5
P00337,A01105,6
P00337,A01106,7
P00337,A01107,8
P00337,A00661,9
P00337,A01108,10
P00337,A01109,11
P00337,A00003,12
P00338,A01110,1
P00338,A01111,2
P00338,A01112,3
P00338,A01113,4
P00338,A00083,5
P00338,A01114,6
P00338,A01115,7
P00338,A01116,8
P00338,A01117,9
P00338,A01118,10
P00338,A00303,11
P00338,A00307,12
P00338,A00312,13
P00338,A00369,14
P00338,A00299,15
P00338,A00297,16
P00338,A00306,17
P00338,A00090,18
P00338,A00224,19
P00338,A01119,20
P00338,A01120,21
P00338,A01121,22
P00338,A01122,23
P00338,A01123,24
P00338,A01124,25
P00338,A01125,26
P00338,A00574,27
P00338,A01126,28
P00339,A01127,1
P00339,A00317,2
P00339,A00761,3
P00339,A00060,4
P00340,A00700,1
P00340,A00104,2
P00340,A00486,3
P00340,A01128,4
P00340,A01129,5
P00340,A01130,6
P00340,A00100,7
P00340,A01131,8
P00340,A00490,9
P00340,A00406,10
P00340,A01132,11
P00340,A00314,12
P00340,A01133,13
P00340,A00127,14
P00340,A00086,15
P00341,A00389,1
P00341,A00390,2
P00341,A01134,3
P00341,A00394,4
P00341,A00391,5
P00341,A00003,6
P00341,A00392,7
P00341,A00395,8
P00341,A00396,9
P00341,A00397,10
P00341,A00398,11
P00341,A00399,12
P00341,A00400,13
P00341,A00401,14
P00341,A01135,15
P00341,A00402,16
P00342,A01136,1
P00342,A00015,2
P00342,A00217,3
P00342,A01137,4
P00342,A01138,5
P00342,A00018,6
P00343,A01139,1
P00343,A01140,2
P00343,A01141,3
P00343,A01142,4
P00343,A01143,5
P00343,A01144,6
P00344,A00461,1
P00344,A00010,2
P00344,A00462,3
P00344,A00463,4
P00344,A00450,5
P00344,A00039,6
P00345,A01145,1
P00345,A01146,2
P00345,A01147,3
P00345,A01148,4
P00345,A01149,5
P00345,A01150,6
P00346,A01151,1
P00347,A00899,1
P00347,A00197,2
P00347,A01152,3
P00347,A00083,4
P00347,A01153,5
P00347,A00748,6
P00347,A01090,7
P00347,A00090,8
P00348,A00785,1
P00348,A00786,2
P00348,A00016,3
P00348,A00787,4
P00348,A01154,5
P00348,A00292,6
P00349,A00705,1
P00349,A01155,2
P00349,A00707,3
P00349,A00708,4
P00349,A01156,5
P00349,A01157,6
P00349,A00704,7
P00350,A01158,1
P00350,A00358,2
P00350,A00371,3
P00350,A00083,4
P00350,A00359,5
P00350,A00519,6
P00351,A00892,1
P00351,A01159,2
P00351,A00831,3
P00352,A00628,1
P00352,A00629,2
P00352,A00631,3
P00352,A00632,4
P00352,A00633,5
P00352,A00634,6
P00352,A00635,7
P00352,A00637,8
P00352,A00638,9
P00353,A00825,1
P00353,A00826,2
P00353,A00631,3
P00353,A00632,4
P00353,A00827,5
P00353,A00634,6
P00353,A00829,7
P00353,A00624,8
P00353,A00830,9
P00354,A01008,1
P00354,A00156,2
P00354,A00642,3
P00354,A00645,4
P00355,A01160,1
P00356,A00245,1
P00356,A00246,2
P00356,A01161,3
P00356,A00247,4
P00357,A00511,1
P00357,A00075,2
P00357,A01162,3
P00357,A01163,4
P00357,A01164,5
P00357,A01165,6
P00357,A00122,7
P00357,A00665,8
P00357,A00663,9
P00357,A01166,10
P00357,A01167,11
P00357,A01168,12
P00357,A01169,13
P00358,A00817,1
P00358,A01170,2
P00358,A01171,3
P00358,A00497,4
P00358,A01172,5
P00358,A01173,6
P00359,A01174,1
P00359,A01175,2
P00359,A01176,3
P00359,A00074,4
P00359,A00516,5
P00359,A01177,6
P00359,A01178,7
P00359,A00022,8
P00359,A00070,9
P00359,A00102,10
P00360,A00409,1
P00360,A00164,2
P00360,A00203,3
P00360,A00204,4
P00361,A00466,1
P00361,A01179,2
P00361,A00177,3
P00361,A00289,4
P00361,A00470,5
P00362,A00534,1
P00362,A00083,2
P00362,A01180,3
P00362,A00373,4
P00362,A00199,5
P00362,A01064,6
P00362,A00084,7
P00362,A00358,8
P00362,A00359,9
P00362,A00151,10
P00362,A00455,11
P00362,A00365,12
P00362,A00140,13
P00362,A00089,14
P00362,A00372,15
P00363,A01181,1
P00363,A00320,2
P00363,A00327,3
P00363,A01182,4
P00364,A01183,1
P00364,A01184,2
P00365,A00042,1
P00365,A00010,2
P00365,A01161,3
P00365,A00463,4
P00365,A00122,5
P00365,A00016,6
P00366,A00346,1
P00366,A01185,2
P00366,A00348,3
P00366,A00345,4
P00366,A00347,5
P00367,A00543,1
P00367,A00544,2
P00367,A00545,3
P00367,A00546,4
P00367,A01186,5
P00368,A01187,1
P00368,A01188,2
P00368,A01189,3
P00368,A01190,4
P00368,A01191,5
P00368,A01192,6
P00368,A01193,7
P00369,A00026,1
P00369,A00222,2
P00370,A01194,1
P00370,A01083,2
P00370,A01195,3
P00370,A01196,4
P00370,A00183,5
P00371,A00045,1
P00371,A01197,2
P00371,A00145,3
P00371,A01198,4
P00371,A00125,5
P00371,A00654,6
P00371,A01199,7
P00371,A00083,8
P00372,A01200,1
P00372,A00199,2
P00372,A00795,3
P00372,A01201,4
P00372,A00446,5
P00372,A01202,6
P00372,A01203,7
P00372,A01204,8
P00372,A00943,9
P00372,A00350,10
P00372,A01205,11
P00372,A00083,12
P00372,A00455,13
P00372,A00358,14
P00372,A00359,15
P00373,A01194,1
P00373,A01119,2
P00373,A01195,3
P00374,A00031,1
P00374,A01206,2
P00374,A01207,3
P00375,A01138,1
P00375,A00015,2
P00375,A00217,3
P00375,A01208,4
P00375,A00009,5
P00376,A01209,1
P00376,A00217,2
P00376,A00015,3
P00376,A01137,4
P00376,A00169,5
P00376,A00203,6
P00376,A00404,7
P00376,A00218,8
P00376,A00018,9
P00376,A01210,10
P00377,A00199,1
P00377,A00446,2
P00377,A01211,3
P00377,A01212,4
P00377,A00083,5
P00377,A00943,6
P00377,A00405,7
P00377,A01064,8
P00377,A00534,9
P00377,A00089,10
P00377,A00899,11
P00377,A00197,12
P00377,A00589,13
P00377,A00151,14
P00377,A00367,15
P00377,A00359,16
P00377,A00299,17
P00378,A01103,1
P00378,A00249,2
P00378,A00191,3
P00378,A01213,4
P00379,A01214,1
P00380,A01215,1
P00380,A00782,2
P00381,A01197,1
P00381,A01216,2
P00381,A00045,3
P00381,A00411,4
P00381,A01217,5
P00381,A01218,6
P00381,A01219,7
P00381,A01220,8
P00381,A01078,9
P00381,A01221,10
P00382,A01220,1
P00382,A00411,2
P00382,A00749,3
P00382,A00533,4
P00382,A01064,5
P00383,A01222,1
P00383,A00014,2
P00383,A01009,3
P00383,A00010,4
P00384,A01223,1
P00384,A00156,2
P00384,A00145,3
P00384,A00125,4
P00384,A00647,5
P00385,A00643,1
P00385,A00156,2
P00385,A00704,3
P00385,A00641,4
P00385,A00721,5
P00386,A00156,1
P00386,A01223,2
P00386,A00203,3
P00386,A00641,4
P00386,A00647,5
P00386,A00645,6
P00386,A01224,7
P00386,A01008,8
P00386,A01225,9
P00386,A00485,10
P00387,A00713,1
P00387,A00714,2
P00387,A00023,3
P00387,A00329,4
P00387,A00014,5
P00388,A01158,1
P00388,A00371,2
P00388,A00083,3
P00388,A01226,4
P00388,A00534,5
P00389,A01008,1
P00389,A01155,2
P00389,A00156,3
P00389,A01227,4
P00389,A00704,5
P00389,A01228,6
P00389,A01229,7
P00389,A01230,8
P00389,A01231,9
P00389,A00647,10
P00389,A00145,11
P00389,A00086,12
P00389,A01232,13
P00389,A00012,14
P00389,A00705,15
P00389,A00707,16
P00389,A00708,17
P00389,A01233,18
P00389,A01234,19
P00390,A00837,1
P00390,A00496,2
P00390,A00217,3
P00390,A01235,4
P00391,A00537,1
P00391,A01236,2
P00391,A00665,3
P00391,A00519,4
P00391,A00075,5
P00391,A01237,6
P00391,A01238,7
P00391,A00379,8
P00391,A00307,9
P00391,A01239,10
P00391,A00549,11
P00391,A01240,12
P00391,A00566,13
P00391,A01241,14
P00391,A00518,15
P00391,A01114,16
P00391,A00547,17
P00391,A01177,18
P00391,A00041,19
P00391,A01242,20
P00392,A01243,1
P00392,A01244,2
P00392,A00086,3
P00392,A00145,4
P00392,A01245,5
P00392,A00083,6
P00392,A00358,7
P00392,A00357,8
P00392,A01246,9
P00392,A00150,10
P00392,A01247,11
P00392,A01248,12
P00392,A00956,13
P00392,A01249,14
P00393,A01250,1
P00393,A01251,2
P00393,A01252,3
P00394,A01052,1
P00394,A01253,2
P00394,A01254,3
P00395,A01255,1
P00395,A01256,2
P00395,A01257,3
P00395,A00145,4
P00395,A00086,5
P00396,A01258,1
P00396,A01259,2
P00396,A00890,3
P00396,A00487,4
P00396,A00101,5
P00397,A00635,1
P00397,A01260,2
P00398,A00003,1
P00398,A00312,2
P00398,A00083,3
P00399,A01261,1
P00399,A00566,2
P00399,A01262,3
P00399,A01110,4
P00399,A01263,5
P00399,A00840,6
P00399,A00845,7
P00399,A01126,8
P00400,A00376,1
P00400,A00378,2
P00400,A00086,3
P00400,A00843,4
P00400,A00013,5
P00400,A00009,6
P00400,A00379,7
P00400,A01126,8
P00400,A01264,9
P00400,A01265,10
P00400,A01131,11
P00400,A00065,12
P00400,A00300,13
P00400,A00358,14
P00400,A00364,15
P00400,A00083,16
P00400,A01266,17
P00401,A01267,1
P00401,A01268,2
P00402,A00091,1
P00402,A00047,2
P00402,A00092,3
P00402,A00105,4
P00402,A01269,5
P00403,A00329,1
P00403,A00177,2
P00403,A00716,3
P00403,A01270,4
P00404,A00045,1
P00404,A00145,2
P00404,A01271,3
P00404,A00125,4
P00404,A00456,5
P00404,A00234,6
P00405,A01272,1
P00405,A01273,2
P00405,A01274,3
P00406,A00804,1
P00406,A00533,2
P00406,A00411,3
P00406,A00151,4
P00406,A01064,5
P00406,A00372,6
P00406,A00089,7
P00407,A01275,1
P00407,A01276,2
P00407,A01277,3
P00407,A01278,4
P00408,A01279,1
P00408,A01280,2
P00408,A01281,3
P00408,A01282,4
P00408,A01283,5
P00408,A01284,6
P00408,A01285,7
P00408,A01286,8
P00408,A01287,9
P00408,A00140,10
P00408,A01288,11
P00408,A01289,12
P00408,A01290,13
P00408,A01291,14
P00408,A01292,15
P00408,A01293,16
P00408,A01294,17
P00408,A01295,18
P00408,A01296,19
P00408,A01297,20
P00409,A01298,1
P00409,A00945,2
P00409,A00170,3
P00409,A01299,4
P00409,A01300,5
P00410,A01301,1
P00410,A00954,2
P00410,A01077,3
P00410,A01302,4
P00411,A00511,1
P00411,A01165,2
P00411,A01162,3
P00411,A00075,4
P00411,A00666,5
P00411,A00246,6
P00411,A01163,7
P00411,A01164,8
P00411,A01166,9
P00411,A01303,10
P00411,A00663,11
P00411,A00122,12
P00412,A00409,1
P00412,A00203,2
P00412,A00164,3
P00412,A00204,4
P00413,A00203,1
P00413,A00409,2
P00413,A00747,3
P00413,A00164,4
P00414,A01304,1
P00414,A01305,2
P00414,A01306,3
P00414,A01307,4
P00414,A01308,5
P00414,A01309,6
P00415,A01310,1
P00415,A01311,2
P00416,A00510,1
P00416,A00485,2
P00416,A00086,3
P00416,A00687,4
P00416,A01312,5
P00416,A00142,6
P00416,A00444,7
P00417,A00770,1
P00417,A00603,2
P00417,A01313,3
P00417,A00777,4
P00417,A01314,5
P00418,A01053,1
P00418,A00019,2
P00418,A01054,3
P00418,A01315,4
P00419,A01316,1
P00419,A01317,2
P00419,A00433,3
P00419,A00083,4
P00419,A00174,5
P00419,A01318,6
P00419,A01319,7
P00420,A00081,1
P00420,A01064,2
P00420,A01320,3
P00420,A00086,4
P00420,A00083,5
P00420,A00153,6
P00420,A01066,7
P00420,A01067,8
P00420,A00015,9
P00420,A00101,10
P00421,A00101,1
P00421,A00103,2
P00421,A00823,3
P00421,A00065,4
P00421,A01321,5
P00422,A01322,1
P00422,A01323,2
P00422,A01324,3
P00422,A01013,4
P00422,A01325,5
P00422,A01232,6
P00423,A00459,1
P00423,A00041,2
P00423,A01326,3
P00423,A00250,4
P00423,A00681,5
P00424,A01327,1
P00424,A01328,2
P00424,A01329,3
P00424,A01330,4
P00424,A01331,5
P00424,A01332,6
P00425,A01333,1
P00425,A00002,2
P00426,A01334,1
P00426,A00176,2
P00426,A01335,3
P00426,A01336,4
P00427,A00225,1
P00427,A01337,2
P00427,A01338,3
P00427,A00247,4
P00427,A00122,5
P00428,A01045,1
P00428,A01339,2
P00428,A00315,3
P00428,A01340,4
P00428,A01341,5
P00428,A01342,6
P00428,A01343,7
P00428,A01344,8
P00428,A00015,9
P00428,A01345,10
P00428,A01346,11
P00429,A00508,1
P00429,A00804,2
P00430,A00369,1
P00430,A00083,2
P00430,A01198,3
P00430,A00299,4
P00430,A00455,5
P00430,A00089,6
P00431,A00403,1
P00431,A00905,2
P00431,A00768,3
P00431,A01307,4
P00431,A00081,5
P00431,A01347,6
P00432,A01159,1
P00432,A00831,2
P00432,A00892,3
P00433,A00049,1
P00433,A00081,2
P00433,A00050,3
P00433,A01242,4
P00433,A01348,5
P00433,A00015,6
P00434,A01226,1
P00434,A00315,2
P00434,A00105,3
P00434,A01158,4
P00434,A00781,5
P00435,A01349,1
P00435,A01350,2
P00435,A01351,3
P00435,A01352,4
P00435,A00083,5
P00435,A01353,6
P00435,A00696,7
P00435,A00301,8
P00435,A00297,9
P00436,A01354,1
P00436,A01355,2
P00436,A00750,3
P00436,A01356,4
P00437,A01357,1
P00437,A00083,2
P00437,A01198,3
P00437,A00086,4
P00437,A01358,5
P00437,A00534,6
P00437,A01359,7
P00437,A00299,8
P00437,A00199,9
P00438,A00976,1
P00438,A00198,2
P00438,A01360,3
P00438,A00386,4
P00438,A00899,5
P00438,A00621,6
P00439,A00486,1
P00439,A00488,2
P00439,A01133,3
P00439,A01361,4
P00439,A00685,5
P00439,A00101,6
P00439,A00491,7
P00439,A00492,8
P00439,A00490,9
P00440,A00217,1
P00440,A00353,2
P00440,A01136,3
P00440,A01137,4
P00440,A00351,5
P00440,A01209,6
P00440,A01362,7
P00441,A00369,1
P00441,A00906,2
P00441,A00083,3
P00441,A01209,4
P00441,A00081,5
P00441,A00358,6
P00441,A00151,7
P00441,A00364,8
P00442,A01363,1
P00442,A01364,2
P00442,A01365,3
P00442,A01366,4
P00442,A01367,5
P00442,A01368,6
P00442,A01131,7
P00442,A01369,8
P00443,A01370,1
P00443,A01371,2
P00443,A01372,3
P00443,A01373,4
P00444,A01374,1
P00444,A01375,2
P00444,A01376,3
P00444,A01377,4
P00444,A01378,5
P00444,A01379,6
P00444,A01380,7
P00444,A01381,8
P00444,A01382,9
P00444,A01383,10
P00444,A01384,11
P00444,A01385,12
P00444,A01386,13
P00444,A01387,14
P00444,A01388,15
P00444,A01389,16
P00444,A01390,17
P00444,A01391,18
P00445,A00409,1
P00445,A00203,2
P00445,A00164,3
P00445,A00832,4
P00445,A00204,5
P00445,A00410,6
P00446,A01392,1
P00446,A00183,2
P00446,A01393,3
P00446,A01394,4
P00447,A00837,1
P00447,A00496,2
P00447,A00217,3
P00447,A01395,4
P00447,A00221,5
P00448,A01396,1
P00448,A00772,2
P00448,A01397,3
P00448,A00773,4
P00448,A01398,5
P00449,A00905,1
P00449,A00698,2
P00450,A00925,1
P00450,A01399,2
P00450,A00977,3
P00450,A01400,4
P00450,A01401,5
P00451,A01402,1
P00451,A00089,2
P00451,A00083,3
P00451,A00164,4
P00451,A00455,5
P00451,A00446,6
P00452,A01403,1
P00452,A01052,2
P00452,A01404,3
P00452,A01311,4
P00453,A01405,1
P00453,A01406,2
P00453,A01407,3
P00453,A01408,4
P00454,A01198,1
P00454,A01357,2
P00454,A01409,3
P00454,A00083,4
P00454,A00694,5
P00454,A00105,6
P00454,A00819,7
P00454,A00696,8
P00454,A00539,9
P00455,A01410,1
P00455,A00191,2
P00455,A00249,3
P00455,A01411,4
P00456,A01412,1
P00456,A00328,2
P00456,A00092,3
P00456,A01413,4
P00456,A00338,5
P00456,A00212,6
P00457,A01414,1
P00457,A01415,2
P00457,A01416,3
P00457,A01417,4
P00458,A01298,1
P00458,A00170,2
P00458,A00945,3
P00458,A01418,4
P00458,A01300,5
P00459,A00242,1
P00459,A00463,2
P00459,A00010,3
P00459,A00015,4
P00460,A00013,1
P00460,A00010,2
P00460,A00228,3
P00460,A00009,4
P00460,A00016,5
P00461,A00713,1
P00461,A00714,2
P00461,A00023,3
P00461,A00014,4
P00462,A01419,1
P00462,A01064,2
P00462,A00081,3
P00462,A00125,4
P00463,A01136,1
P00463,A00015,2
P00463,A00217,3
P00463,A01137,4
P00463,A00018,5
P00463,A00009,6
P00464,A01420,1
P00464,A01175,2
P00464,A01421,3
P00464,A01422,4
P00464,A00009,5
P00465,A01423,1
P00465,A01161,2
P00465,A00015,3
P00465,A01424,4
P00465,A00042,5
P00465,A01425,6
P00465,A00463,7
P00465,A01426,8
P00466,A01427,1
P00466,A01428,2
P00466,A00704,3
P00466,A01429,4
P00467,A01430,1
P00467,A01035,2
P00467,A00633,3
P00468,A01431,1
P00468,A01432,2
P00468,A01433,3
P00468,A01434,4
P00469,A01435,1
P00469,A00084,2
P00469,A01436,3
P00469,A00197,4
P00469,A00198,5
P00469,A00199,6
P00469,A01437,7
P00469,A00899,8
P00470,A01438,1
P00470,A01439,2
P00470,A01440,3
P00470,A01441,4
P00470,A01442,5
P00470,A00344,6
P00470,A01443,7
P00470,A01444,8
P00471,A00699,1
P00471,A00403,2
P00471,A01445,3
P00471,A01446,4
P00472,A00979,1
P00472,A00980,2
P00472,A00203,3
P00472,A01447,4
P00472,A01448,5
P00472,A01449,6
P00472,A01450,7
P00472,A00330,8
P00473,A00003,1
P00474,A01451,1
P00475,A00899,1
P00475,A00197,2
P00475,A00083,3
P00475,A00010,4
P00475,A00013,5
P00475,A01090,6
P00475,A01452,7
P00476,A00980,1
P00476,A00979,2
P00476,A00123,3
P00476,A00747,4
P00476,A01450,5
P00476,A01453,6
P00477,A01370,1
P00477,A01454,2
P00478,A01455,1
P00478,A01456,2
P00478,A01457,3
P00478,A00730,4
P00478,A01458,5
P00478,A01459,6
P00478,A01460,7
P00478,A01461,8
P00478,A01462,9
P00478,A00970,10
P00478,A01463,11
P00478,A01464,12
P00478,A01465,13
P00478,A01466,14
P00478,A01467,15
P00478,A01468,16
P00478,A01469,17
P00478,A01470,18
P00478,A01471,19
P00478,A01472,20
P00479,A00388,1
P00479,A01473,2
P00480,A00081,1
P00480,A01064,2
P00480,A01060,3
P00480,A00534,4
P00480,A00083,5
P00480,A00086,6
P00480,A00019,7
P00481,A00796,1
P00481,A01474,2
P00481,A01475,3
P00481,A00799,4
P00481,A01476,5
P00482,A01477,1
P00482,A01478,2
P00482,A01479,3
P00482,A01480,4
P00482,A01481,5
P00483,A01158,1
P00483,A01358,2
P00483,A00045,3
P00483,A00371,4
P00483,A01226,5
P00483,A00086,6
P00483,A00083,7
P00483,A00534,8
P00484,A01482,1
P00484,A00502,2
P00484,A00499,3
P00484,A01483,4
P00484,A01484,5
P00484,A01485,6
P00484,A01486,7
P00485,A01487,1
P00485,A01116,2
P00485,A00795,3
P00485,A00199,4
P00485,A01200,5
P00485,A00446,6
P00485,A00364,7
P00485,A00943,8
P00485,A01220,9
P00485,A01488,10
P00485,A00730,11
P00485,A01489,12
P00485,A01490,13
P00485,A01211,14
P00486,A00786,1
P00486,A00785,2
P00486,A01491,3
P00486,A00225,4
P00486,A01492,5
P00486,A01493,6
P00487,A01197,1
P00487,A00045,2
P00487,A01494,3
P00487,A00411,4
P00487,A01495,5
P00487,A01496,6
P00487,A00145,7
P00487,A00125,8
P00487,A01497,9
P00488,A01498,1
P00488,A01499,2
P00488,A01500,3
P00488,A00594,4
P00488,A01501,5
P00488,A00489,6
P00488,A01502,7
P00488,A01503,8
P00488,A01504,9
P00488,A01505,10
P00488,A01506,11
P00488,A00549,12
P00488,A00170,13
P00488,A00538,14
P00488,A01507,15
P00488,A01508,16
P00488,A00350,17
P00488,A01509,18
P00488,A01510,19
P00488,A01511,20
P00488,A01512,21
P00488,A01513,22
P00489,A00408,1
P00489,A01514,2
P00489,A00594,3
P00489,A00048,4
P00489,A01199,5
P00489,A00083,6
P00490,A00687,1
P00490,A00249,2
P00490,A00248,3
P00490,A00251,4
P00490,A01515,5
P00490,A00083,6
P00490,A00811,7
P00490,A01353,8
P00490,A00301,9
P00490,A01516,10
P00490,A00105,11
P00491,A00487,1
P00491,A01517,2
P00491,A00526,3
P00491,A00527,4
P00491,A01518,5
P00491,A01519,6
P00491,A01520,7
P00491,A00080,8
P00491,A01521,9
P00491,A01170,10
P00492,A01522,1
P00492,A01523,2
P00492,A01524,3
P00493,A00167,1
P00493,A01525,2
P00493,A00016,3
P00493,A01526,4
P00494,A01064,1
P00494,A00081,2
P00494,A00019,3
P00494,A00083,4
P00494,A00086,5
P00494,A00150,6
P00494,A00954,7
P00494,A01527,8
P00495,A00103,1
P00495,A00101,2
P00495,A00968,3
P00495,A00485,4
P00496,A01528,1
P00496,A01529,2
P00496,A01530,3
P00496,A01353,4
P00496,A00297,5
P00496,A00455,6
P00496,A00083,7
P00497,A01222,1
P00497,A00716,2
P00497,A00014,3
P00497,A00682,4
P00498,A01226,1
P00498,A00315,2
P00498,A00105,3
P00498,A01158,4
P00498,A00404,5
P00499,A00156,1
P00499,A00065,2
P00499,A00485,3
P00499,A00823,4
P00499,A01223,5
P00499,A00642,6
P00499,A00641,7
P00499,A01008,8
P00499,A00645,9
P00499,A01224,10
P00500,A00203,1
P00500,A00164,2
P00500,A00409,3
P00500,A00583,4
P00500,A00204,5
P00500,A01531,6
P00500,A01055,7
P00500,A00127,8
P00501,A01532,1
P00501,A00698,2
P00501,A00768,3
P00502,A00234,1
P00502,A00045,2
P00502,A00125,3
P00502,A00145,4
P00503,A01533,1
P00503,A00197,2
P00503,A01534,3
P00503,A01535,4
P00503,A01536,5
P00503,A01537,6
P00503,A01538,7
P00503,A01539,8
P00503,A00944,9
P00503,A01540,10
P00503,A01541,11
P00503,A01542,12
P00503,A01543,13
P00503,A01544,14
P00503,A00371,15
P00503,A00532,16
P00503,A01545,17
P00503,A01546,18
P00503,A00832,19
P00503,A00376,20
P00504,A01094,1
P00504,A01547,2
P00504,A01548,3
P00504,A01549,4
P00505,A00642,1
P00505,A00156,2
P00505,A00640,3
P00505,A00641,4
P00505,A00643,5
P00506,A00225,1
P00506,A00246,2
P00506,A00122,3
P00506,A01550,4
P00506,A01551,5
P00507,A01552,1
P00507,A01077,2
P00507,A01553,3
P00507,A00899,4
P00507,A01554,5
P00507,A01555,6
P00507,A01064,7
P00507,A00411,8
P00507,A00086,9
P00508,A01556,1
P00508,A01557,2
P00508,A01088,3
P00508,A00688,4
P00508,A01558,5
P00508,A01559,6
P00508,A01560,7
P00508,A01561,8
P00508,A01562,9
P00508,A00771,10
P00509,A00403,1
P00509,A00177,2
P00509,A00699,3
P00510,A01563,1
P00510,A01564,2
P00511,A00843,1
P00511,A00010,2
P00512,A00510,1
P00512,A01527,2
P00512,A00103,3
P00512,A01565,4
P00512,A01566,5
P00513,A00123,1
P00513,A00127,2
P00513,A00125,3
P00513,A01567,4
P00513,A00721,5
P00514,A01424,1
P00514,A01161,2
P00514,A00015,3
P00514,A00018,4
P00514,A01425,5
P00514,A00916,6
P00514,A01426,7
P00514,A00031,8
P00514,A01568,9
P00514,A01569,10
P00514,A01570,11
P00515,A01357,1
P00515,A01064,2
P00515,A01198,3
P00515,A00083,4
P00515,A00199,5
P00515,A01359,6
P00516,A00237,1
P00516,A01571,2
P00516,A00249,3
P00516,A01572,4
P00516,A01573,5
P00516,A01574,6
P00516,A00083,7
P00516,A01575,8
P00516,A01576,9
P00516,A00526,10
P00516,A00487,11
P00516,A01577,12
P00516,A01578,13
P00516,A00080,14
P00516,A01579,15
P00517,A01122,1
P00517,A01110,2
P00517,A01117,3
P00517,A00083,4
P00517,A01198,5
P00517,A01580,6
P00517,A01581,7
P00517,A01347,8
P00517,A01118,9
P00517,A01123,10
P00517,A01124,11
P00517,A01112,12
P00517,A00369,13
P00517,A01528,14
P00517,A01582,15
P00517,A01116,16
P00517,A01583,17
P00517,A01584,18
P00517,A01585,19
P00518,A01586,1
P00518,A01587,2
P00518,A00319,3
P00518,A01588,4
P00519,A01244,1
P00519,A01243,2
P00519,A00081,3
P00519,A01060,4
P00519,A00083,5
P00519,A00086,6
P00519,A01247,7
P00519,A01248,8
P00520,A00392,1
P00520,A00003,2
P00520,A00312,3
P00521,A01589,1
P00521,A00031,2
P00522,A01590,1
P00522,A01591,2
P00522,A01592,3
P00523,A01076,1
P00523,A01593,2
P00523,A01218,3
P00523,A01594,4
P00523,A00104,5
P00523,A00411,6
P00524,A01103,1
P00524,A00249,2
P00524,A00248,3
P00524,A00252,4
P00524,A00003,5
P00525,A00409,1
P00525,A00164,2
P00525,A00203,3
P00525,A00483,4
P00525,A00382,5
P00525,A00204,6
P00525,A00372,7
P00525,A00381,8
P00526,A01064,1
P00526,A00081,2
P00526,A00019,3
P00526,A00083,4
P00526,A00125,5
P00526,A00082,6
P00526,A01595,7
P00527,A00010,1
P00527,A01596,2
P00527,A00039,3
P00528,A01597,1
P00528,A00177,2
P00528,A00156,3
P00528,A00101,4
P00529,A00701,1
P00529,A01084,2
P00529,A00177,3
P00530,A00177,1
P00530,A00065,2
P00530,A00101,3
P00530,A00485,4
P00530,A01598,5
P00531,A00782,1
P00531,A01599,2
P00531,A01600,3
P00532,A01601,1
P00532,A01602,2
P00532,A01603,3
P00532,A00716,4
P00532,A00065,5
P00532,A01271,6
P00532,A00507,7
P00532,A00485,8
P00532,A01067,9
P00533,A01604,1
P00533,A00467,2
P00533,A00469,3
P00533,A01605,4
P00533,A00472,5
P00533,A00497,6
P00533,A01172,7
P00534,A00915,1
P00534,A00916,2
P00535,A00915,1
P00535,A00916,2
P00536,A01606,1
P00536,A01607,2
P00536,A01608,3
P00536,A01609,4
P00537,A01610,1
P00537,A01611,2
P00537,A01612,3
P00537,A01613,4
P00537,A01601,5
P00537,A01614,6
P00537,A01615,7
P00537,A01616,8
P00537,A01617,9
P00537,A01618,10
P00538,A01619,1
P00538,A01620,2
P00538,A01621,3
P00538,A01622,4
P00538,A00083,5
P00538,A00357,6
P00538,A00589,7
P00539,A01061,1
P00539,A00240,2
P00539,A00241,3
P00540,A01623,1
P00540,A01624,2
P00540,A01625,3
P00540,A01626,4
P00540,A01627,5
P00540,A00998,6
P00540,A00009,7
P00540,A01628,8
P00540,A01629,9
P00541,A00016,1
P00541,A01630,2
P00541,A01022,3
P00541,A01631,4
P00542,A01632,1
P00542,A00092,2
P00542,A00001,3
P00543,A01633,1
P00543,A00976,2
P00543,A01634,3
P00543,A01137,4
P00543,A01635,5
P00543,A01498,6
P00543,A01636,7
P00543,A00846,8
P00543,A00201,9
P00543,A01637,10
P00544,A01638,1
P00544,A01639,2
P00544,A01640,3
P00544,A00543,4
P00545,A00203,1
P00545,A00747,2
P00545,A00409,3
P00545,A00084,4
P00545,A00583,5
P00545,A00204,6
P00545,A00164,7
P00546,A00060,1
P00546,A00787,2
P00546,A00016,3
P00546,A00055,4
P00547,A00222,1
P00548,A01641,1
P00548,A01642,2
P00548,A00411,3
P00548,A01494,4
P00549,A01643,1
P00549,A00170,2
P00549,A01644,3
P00549,A01645,4
P00549,A00083,5
P00550,A01646,1
P00550,A01647,2
P00550,A01648,3
P00550,A01649,4
P00550,A01650,5
P00550,A00113,6
P00550,A01651,7
P00551,A01008,1
P00551,A00156,2
P00551,A00642,3
P00551,A01652,4
P00552,A01244,1
P00552,A01243,2
P00552,A01245,3
P00552,A01099,4
P00552,A00049,5
P00552,A01158,6
P00552,A00015,7
P00552,A00150,8
P00553,A00257,1
P00553,A01653,2
P00553,A01654,3
P00553,A01655,4
P00553,A00171,5
P00553,A01656,6
P00553,A01657,7
P00553,A01658,8
P00553,A01659,9
P00554,A00583,1
P00554,A00164,2
P00554,A00409,3
P00554,A00203,4
P00554,A00204,5
P00554,A01055,6
P00554,A01531,7
P00554,A00372,8
P00555,A00016,1
P00555,A00168,2
P00555,A00748,3
P00555,A01256,4
P00555,A00782,5
P00555,A00688,6
P00556,A01329,1
P00556,A01330,2
P00556,A01328,3
P00556,A01660,4
P00556,A00383,5
P00556,A00384,6
P00556,A01661,7
P00556,A01662,8
P00557,A01663,1
P00557,A00177,2
P00557,A00403,3
P00557,A01664,4
P00557,A00619,5
P00558,A00510,1
P00558,A00104,2
P00558,A00145,3
P00558,A00086,4
P00558,A00164,5
P00558,A00480,6
P00558,A00485,7
P00558,A00140,8
P00558,A01665,9
P00559,A01666,1
P00559,A01667,2
P00559,A01668,3
P00559,A01669,4
P00559,A01670,5
P00559,A01671,6
P00559,A01672,7
P00559,A01673,8
P00560,A01136,1
P00560,A00015,2
P00560,A00329,3
P00560,A01137,4
P00560,A00217,5
P00560,A00018,6
P00560,A00218,7
P00560,A01138,8
P00561,A01674,1
P00561,A01675,2
P00562,A01676,1
P00562,A00329,2
P00562,A01677,3
P00563,A01678,1
P00563,A01679,2
P00563,A00170,3
P00563,A01680,4
P00564,A01136,1
P00564,A00329,2
P00564,A00015,3
P00564,A00217,4
P00564,A01137,5
P00564,A00018,6
P00564,A01138,7
P00565,A00008,1
P00565,A00011,2
P00566,A01008,1
P00566,A01669,2
P00566,A00102,3
P00566,A01681,4
P00566,A00156,5
P00566,A01227,6
P00566,A00704,7
P00566,A01232,8
P00566,A01682,9
P00566,A01230,10
P00566,A01155,11
P00566,A00705,12
P00566,A00708,13
P00566,A01228,14
P00566,A01683,15
P00566,A01684,16
P00566,A00647,17
P00566,A00145,18
P00566,A00086,19
P00566,A01231,20
P00567,A00012,1
P00567,A01685,2
P00568,A00081,1
P00568,A01347,2
P00568,A01580,3
P00568,A01686,4
P00568,A01687,5
P00568,A01688,6
P00568,A01320,7
P00568,A00766,8
P00568,A00083,9
P00568,A00105,10
P00569,A01689,1
P00569,A00830,2
P00569,A01690,3
P00569,A00827,4
P00570,A00042,1
P00570,A00119,2
P00570,A00529,3
P00570,A00122,4
P00570,A00010,5
P00570,A00463,6
P00570,A00121,7
P00570,A00473,8
P00571,A01218,1
P00571,A01644,2
P00571,A01199,3
P00571,A00594,4
P00571,A01691,5
P00571,A00083,6
P00571,A01347,7
P00571,A01692,8
P00571,A00301,9
P00571,A00309,10
P00572,A00203,1
P00572,A00409,2
P00572,A01693,3
P00572,A00747,4
P00572,A00164,5
P00573,A00980,1
P00573,A00123,2
P00573,A00979,3
P00573,A01694,4
P00574,A01695,1
P00574,A01271,2
P00574,A01696,3
P00575,A01697,1
P00575,A00156,2
P00575,A00640,3
P00575,A00641,4
P00575,A01271,5
P00576,A01698,1
P00576,A01699,2
P00576,A01700,3
P00576,A01701,4
P00576,A01702,5
P00576,A01703,6
P00576,A00086,7
P00576,A01704,8
P00577,A01705,1
P00577,A00217,2
P00577,A00015,3
P00577,A01137,4
P00577,A01569,5
P00577,A01706,6
P00577,A01707,7
P00578,A00164,1
P00578,A00163,2
P00578,A01708,3
P00578,A01709,4
P00578,A01710,5
P00578,A00203,6
P00578,A00892,7
P00578,A00126,8
P00578,A01711,9
P00578,A00583,10
P00578,A00158,11
P00578,A00204,12
P00578,A00410,13
P00578,A01712,14
P00578,A00127,15
P00579,A00081,1
P00579,A01064,2
P00579,A00086,3
P00579,A00083,4
P00580,A01713,1
P00580,A01714,2
P00580,A01715,3
P00580,A01716,4
P00581,A01717,1
P00581,A01718,2
P00581,A01719,3
P00581,A01720,4
P00581,A01721,5
P00581,A01722,6
P00582,A01065,1
P00582,A00749,2
P00582,A01271,3
P00582,A01013,4
P00582,A01723,5
P00582,A01724,6
P00582,A01245,7
P00582,A00125,8
P00583,A01446,1
P00583,A01725,2
P00583,A01138,3
P00583,A01726,4
P00583,A01010,5
P00583,A01445,6
P00584,A01666,1
P00584,A01727,2
P00584,A01728,3
P00585,A00629,1
P00585,A00628,2
P00585,A00635,3
P00585,A00633,4
P00586,A01095,1
P00586,A01096,2
P00586,A01097,3
P00586,A01729,4
P00587,A00389,1
P00587,A00003,2
P00587,A00392,3
P00587,A01134,4
P00587,A00390,5
P00587,A00401,6
P00587,A00394,7
P00587,A00391,8
P00587,A00395,9
P00587,A00396,10
P00587,A01730,11
P00587,A00398,12
P00587,A00399,13
P00587,A00397,14
P00587,A01731,15
P00587,A00402,16
P00587,A01732,17
P00588,A01076,1
P00588,A00804,2
P00588,A01733,3
P00588,A00104,4
P00589,A01681,1
P00589,A01008,2
P00589,A01734,3
P00590,A01008,1
P00590,A01681,2
P00590,A01735,3
P00590,A01705,4
P00590,A01569,5
P00590,A00156,6
P00590,A00145,7
P00590,A00647,8
P00591,A01227,1
P00591,A00704,2
P00591,A01736,3
P00591,A00102,4
P00591,A01232,5
P00591,A01737,6
P00592,A01738,1
P00592,A01739,2
P00592,A01740,3
P00592,A01741,4
P00593,A00782,1
P00593,A01742,2
P00593,A00170,3
P00594,A01743,1
P00594,A01744,2
P00594,A01745,3
P00594,A01746,4
P00595,A01201,1
P00595,A00446,2
P00595,A00199,3
P00595,A00197,4
P00595,A01747,5
P00595,A00455,6
P00595,A00899,7
P00595,A00083,8
P00595,A01212,9
P00595,A00373,10
P00596,A01748,1
P00596,A01749,2
P00596,A01750,3
P00597,A00119,1
P00597,A00010,2
P00597,A00122,3
P00597,A00331,4
P00597,A00121,5
P00597,A00332,6
P00598,A01751,1
P00598,A01752,2
P00598,A01753,3
P00599,A00105,1
P00599,A00047,2
P00599,A00408,3
P00599,A01754,4
P00599,A01755,5
P00599,A00507,6
P00600,A01756,1
P00600,A01757,2
P00600,A01537,3
P00600,A00899,4
P00600,A00016,5
P00601,A01758,1
P00601,A01759,2
P00601,A01760,3
P00601,A01761,4
P00601,A01762,5
P00602,A01763,1
P00602,A01764,2
P00602,A01765,3
P00603,A00915,1
P00603,A01766,2
P00603,A01767,3
P00604,A00103,1
P00604,A00101,2
P00604,A01768,3
P00604,A01769,4
P00605,A00210,1
P00605,A00211,2
P00605,A00144,3
P00605,A01770,4
P00605,A00049,5
P00605,A00362,6
P00606,A01771,1
P00606,A01772,2
P00607,A01403,1
P00607,A01052,2
P00607,A01773,3
P00607,A01774,4
P00608,A00777,1
P00608,A00016,2
P00608,A00225,3
P00608,A00947,4
P00608,A01775,5
P00608,A01337,6
P00608,A01776,7
P00608,A00782,8
P00608,A01777,9
P00608,A00770,10
P00608,A00549,11
P00608,A01778,12
P00608,A01424,13
P00608,A01443,14
P00608,A01779,15
P00609,A01780,1
P00609,A01421,2
P00609,A01781,3
P00609,A01782,4
P00609,A01175,5
P00609,A01783,6
P00609,A01784,7
P00609,A01785,8
P00609,A00317,9
P00610,A01065,1
P00610,A01013,2
P00610,A00749,3
P00610,A01271,4
P00610,A01723,5
P00610,A01705,6
P00610,A00353,7
P00611,A00045,1
P00611,A00105,2
P00611,A00047,3
P00611,A00083,4
P00612,A00804,1
P00612,A01786,2
P00612,A00411,3
P00612,A00533,4
P00612,A00372,5
P00613,A01726,1
P00613,A01446,2
P00613,A01725,3
P00613,A01787,4
P00613,A01010,5
P00613,A01445,6
P00614,A00249,1
P00614,A01788,2
P00614,A00252,3
P00614,A00058,4
P00614,A00118,5
P00614,A00531,6
P00614,A00003,7
P00615,A01133,1
P00615,A00804,2
P00616,A01789,1
P00616,A01790,2
P00616,A01791,3
P00617,A01792,1
P00617,A01793,2
P00617,A00042,3
P00617,A01794,4
P00617,A00254,5
P00617,A00315,6
P00617,A00272,7
P00617,A01795,8
P00618,A01138,1
P00618,A00715,2
P00618,A01136,3
P00618,A00015,4
P00618,A00217,5
P00618,A01796,6
P00618,A00009,7
P00619,A01797,1
P00619,A00083,2
P00619,A01798,3
P00619,A01786,4
P00619,A00585,5
P00619,A00164,6
P00619,A01594,7
P00619,A01799,8
P00620,A01800,1
P00620,A01801,2
P00620,A01802,3
P00620,A01803,4
P00621,A01804,1
P00621,A01805,2
P00621,A01806,3
P00622,A01807,1
P00622,A01675,2
P00623,A01404,1
P00623,A01675,2
P00624,A01808,1
P00624,A00119,2
P00624,A01809,3
P00624,A01810,4
P00624,A01017,5
P00625,A01811,1
P00625,A01812,2
P00625,A00034,3
P00625,A01813,4
P00625,A01814,5
P00625,A01815,6
P00626,A00701,1
P00626,A01084,2
P00626,A00723,3
P00626,A01816,4
P00626,A00177,5
P00626,A00915,6
P00626,A01817,7
P00627,A01818,1
P00627,A01819,2
P00627,A01820,3
P00627,A01821,4
P00627,A01822,5
P00628,A01008,1
P00628,A01823,2
P00628,A01156,3
P00628,A00156,4
P00629,A01824,1
P00629,A01825,2
P00629,A01826,3
P00630,A00045,1
P00630,A01827,2
P00630,A00086,3
P00630,A00145,4
P00630,A00083,5
P00630,A00368,6
P00631,A01064,1
P00631,A00081,2
P00631,A00019,3
P00631,A00083,4
P00631,A00125,5
P00631,A00082,6
P00631,A00954,7
P00631,A01527,8
P00632,A01828,1
P00632,A00126,2
P00632,A00740,3
P00632,A01829,4
P00632,A01830,5
P00632,A01831,6
P00632,A01832,7
P00632,A01833,8
P00632,A01834,9
P00632,A01835,10
P00632,A00739,11
P00632,A01709,12
P00632,A01016,13
P00632,A01656,14
P00632,A00171,15
P00632,A01665,16
P00632,A01836,17
P00632,A00216,18
P00632,A01837,19
P00632,A01838,20
P00632,A01839,21
P00632,A00273,22
P00632,A01840,23
P00632,A01841,24
P00632,A01842,25
P00632,A00211,26
P00632,A01843,27
P00632,A00170,28
P00632,A01844,29
P00632,A01845,30
P00632,A01846,31
P00632,A01847,32
P00632,A01848,33
P00632,A01849,34
P00632,A01850,35
P00632,A00006,36
P00632,A01199,37
P00633,A01851,1
P00633,A01852,2
P00634,A01853,1
P00634,A01854,2
P00634,A00864,3
P00634,A01855,4
P00635,A01856,1
P00635,A01857,2
P00635,A01858,3
P00635,A01859,4
P00635,A01860,5
P00636,A01861,1
P00636,A01463,2
P00636,A01862,3
P00636,A00253,4
P00636,A00624,5
P00636,A01863,6
P00636,A01864,7
P00636,A01865,8
P00636,A00473,9
P00636,A00121,10
P00637,A00228,1
P00637,A00010,2
P00637,A00009,3
P00638,A00864,1
P00638,A00777,2
P00638,A00627,3
P00638,A00312,4
P00638,A00170,5
P00638,A00415,6
P00638,A01866,7
P00638,A00171,8
P00638,A01867,9
P00638,A01868,10
P00638,A01571,11
P00638,A00080,12
P00638,A01869,13
P00638,A01870,14
P00638,A01871,15
P00639,A01044,1
P00639,A00218,2
P00639,A00705,3
P00639,A01872,4
P00639,A01873,5
P00639,A01155,6
P00640,A01837,1
P00640,A01874,2
P00640,A01875,3
P00640,A01876,4
P00640,A01877,5
P00640,A01878,6
P00640,A01879,7
P00641,A01643,1
P00641,A01880,2
P00641,A00170,3
P00641,A01644,4
P00642,A01881,1
P00642,A00837,2
P00642,A00669,3
P00642,A01882,4
P00642,A01161,5
P00642,A00404,6
P00643,A01786,1
P00643,A00083,2
P00643,A00749,3
P00643,A00804,4
P00643,A01137,5
P00644,A01883,1
P00644,A01884,2
P00644,A01885,3
P00644,A01228,4
P00644,A01886,5
P00644,A01887,6
P00644,A01888,7
P00644,A01889,8
P00645,A00145,1
P00645,A00086,2
P00645,A00144,3
P00645,A01890,4
P00645,A01891,5
P00645,A01892,6
P00645,A00087,7
P00645,A00148,8
P00645,A00367,9
P00646,A01064,1
P00646,A00081,2
P00646,A00485,3
P00646,A00083,4
P00646,A00125,5
P00646,A00082,6
P00647,A00915,1
P00647,A01766,2
P00647,A01767,3
P00648,A01597,1
P00648,A00177,2
P00649,A01893,1
P00649,A01894,2
P00649,A01895,3
P00649,A01896,4
P00649,A01897,5
P00650,A00409,1
P00650,A00164,2
P00650,A00203,3
P00650,A00483,4
P00650,A00084,5
P00650,A00410,6
P00650,A00372,7
P00650,A00382,8
P00650,A00381,9
P00651,A00251,1
P00651,A01898,2
P00651,A01899,3
P00651,A00497,4
P00651,A01172,5
P00651,A01900,6
P00651,A01901,7
P00651,A01902,8
P00651,A00249,9
P00651,A01170,10
P00651,A00489,11
P00651,A01519,12
P00651,A01903,13
P00651,A01904,14
P00651,A01905,15
P00651,A01906,16
P00651,A01907,17
P00651,A01908,18
P00651,A01909,19
P00651,A01910,20
P00651,A01911,21
P00651,A01912,22
P00651,A01913,23
P00651,A01914,24
P00651,A01106,25
P00651,A00472,26
P00651,A01915,27
P00651,A00076,28
P00651,A00487,29
P00651,A01916,30
P00651,A01917,31
P00651,A01918,32
P00652,A00228,1
P00652,A00010,2
P00652,A00009,3
P00653,A00782,1
P00653,A01919,2
P00653,A01920,3
P00653,A00080,4
P00654,A00620,1
P00654,A00804,2
P00654,A01921,3
P00654,A00865,4
P00654,A00204,5
P00655,A00164,1
P00655,A00409,2
P00655,A00583,3
P00655,A00203,4
P00655,A00204,5
P00655,A01922,6
P00655,A01923,7
P00656,A01924,1
P00656,A00055,2
P00656,A00060,3
P00656,A00787,4
P00656,A00016,5
P00657,A01925,1
P00657,A00488,2
P00657,A01165,3
P00657,A01164,4
P00657,A01163,5
P00658,A01926,1
P00658,A00002,2
P00659,A00010,1
P00659,A00013,2
P00659,A01138,3
P00659,A00009,4
P00659,A00016,5
P00659,A00011,6
P00659,A00008,7
P00660,A01451,1
P00660,A01553,2
P00660,A01554,3
P00661,A00583,1
P00661,A00831,2
P00661,A00409,3
P00661,A00203,4
P00661,A01531,5
P00662,A01708,1
P00662,A00164,2
P00662,A00804,3
P00662,A01709,4
P00662,A01838,5
P00662,A00690,6
P00662,A01927,7
P00662,A01928,8
P00662,A01711,9
P00662,A00126,10
P00662,A00892,11
P00662,A01929,12
P00662,A01712,13
P00662,A01930,14
P00662,A00189,15
P00662,A01931,16
P00662,A01932,17
P00662,A00609,18
P00662,A01933,19
P00663,A01934,1
P00663,A01935,2
P00664,A00081,1
P00664,A01064,2
P00664,A01936,3
P00664,A01419,4
P00664,A00086,5
P00664,A00150,6
P00664,A00083,7
P00664,A00015,8
P00664,A01937,9
P00665,A01938,1
P00665,A01939,2
P00665,A01940,3
P00665,A01234,4
P00666,A01941,1
P00666,A01675,2
P00667,A01942,1
P00667,A01943,2
P00667,A00641,3
P00668,A01666,1
P00668,A01727,2
P00668,A01724,3
P00669,A01896,1
P00669,A01944,2
P00670,A01945,1
P00670,A00979,2
P00670,A00980,3
P00670,A01946,4
P00670,A01449,5
P00670,A00982,6
P00670,A01947,7
P00670,A00145,8
P00670,A01948,9
P00671,A01934,1
P00671,A01935,2
P00671,A01949,3
P00671,A01950,4
P00672,A01222,1
P00672,A01951,2
P00672,A00125,3
P00672,A01952,4
P00672,A01953,5
P00672,A01954,6
P00672,A01955,7
P00673,A01697,1
P00673,A00156,2
P00673,A01271,3
P00673,A00641,4
P00674,A00409,1
P00674,A00164,2
P00674,A00583,3
P00675,A01414,1
P00675,A01956,2
P00675,A01330,3
P00676,A00583,1
P00676,A00164,2
P00676,A00409,3
P00676,A00203,4
P00676,A00204,5
P00677,A01957,1
P00677,A01958,2
P00677,A01959,3
P00678,A01960,1
P00678,A01961,2
P00678,A01962,3
P00678,A01963,4
P00678,A00621,5
P00679,A01964,1
P00679,A00164,2
P00679,A00446,3
P00680,A00485,1
P00680,A01965,2
P00680,A01321,3
P00680,A00510,4
P00680,A00621,5
P00680,A00086,6
P00680,A00145,7
P00680,A00140,8
P00680,A00823,9
P00680,A00718,10
P00680,A00619,11
P00680,A01937,12
P00681,A00409,1
P00681,A01693,2
P00681,A00747,3
P00681,A00203,4
P00681,A00164,5
P00681,A00084,6
P00682,A01966,1
P00682,A01967,2
P00682,A01968,3
P00682,A00213,4
P00683,A01969,1
P00683,A01970,2
P00683,A01971,3
P00683,A01972,4
P00683,A01973,5
P00683,A01974,6
P00683,A01975,7
P00683,A01976,8
P00683,A01977,9
P00683,A01978,10
P00683,A01979,11
P00683,A01980,12
P00683,A01453,13
P00683,A01981,14
P00683,A00179,15
P00683,A01982,16
P00683,A01983,17
P00683,A01984,18
P00683,A01985,19
P00683,A01986,20
P00683,A01987,21
P00683,A01988,22
P00683,A01989,23
P00683,A01990,24
P00683,A01991,25
P00684,A01992,1
P00684,A01993,2
P00684,A01994,3
P00684,A01995,4
P00685,A01996,1
P00685,A01997,2
P00685,A01998,3
P00685,A01999,4
P00685,A02000,5
P00686,A01209,1
P00686,A00217,2
P00686,A00015,3
P00686,A01323,4
P00686,A02001,5
P00686,A02002,6
P00686,A01210,7
P00686,A00012,8
P00687,A00794,1
P00687,A02003,2
P00687,A02004,3
P00688,A01797,1
P00688,A00083,2
P00688,A01798,3
P00688,A01594,4
P00688,A01197,5
P00688,A02005,6
P00688,A01199,7
P00688,A02006,8
P00688,A01930,9
P00688,A00126,10
P00688,A00585,11
P00688,A00164,12
P00688,A01708,13
P00688,A00690,14
P00688,A00892,15
P00688,A02007,16
P00688,A02008,17
P00688,A02009,18
P00688,A02010,19
P00688,A01948,20
P00689,A01064,1
P00689,A00081,2
P00689,A01271,3
P00689,A01150,4
P00689,A02011,5
P00689,A02012,6
P00689,A00012,7
P00689,A00125,8
P00689,A00145,9
P00689,A00083,10
P00689,A00082,11
P00690,A00698,1
P00690,A00031,2
P00691,A02013,1
P00691,A01064,2
P00691,A00081,3
P00691,A01065,4
P00691,A00083,5
P00691,A00086,6
P00691,A00014,7
P00691,A00015,8
P00691,A00101,9
P00692,A01122,1
P00692,A01110,2
P00692,A00200,3
P00692,A01117,4
P00692,A01111,5
P00692,A00369,6
P00692,A00083,7
P00692,A00203,8
P00692,A02014,9
P00692,A01358,10
P00692,A01530,11
P00692,A02015,12
P00692,A00517,13
P00692,A00944,14
P00692,A01200,15
P00693,A02014,1
P00693,A02016,2
P00693,A02017,3
P00693,A00045,4
P00693,A00125,5
P00693,A02018,6
P00693,A02019,7
P00694,A02020,1
P00694,A02021,2
P00694,A02022,3
P00694,A02023,4
P00694,A02024,5
P00694,A02025,6
P00694,A02026,7
P00694,A02027,8
P00694,A02028,9
P00694,A02029,10
P00695,A01064,1
P00695,A00081,2
P00695,A01419,3
P00695,A00218,4
P00695,A02030,5
P00695,A02031,6
P00695,A00125,7
P00695,A00083,8
P00695,A00485,9
P00695,A00015,10
P00695,A00101,11
P00695,A00014,12
P00695,A00009,13
P00696,A02032,1
P00696,A01446,2
P00696,A01138,3
P00696,A01445,4
P00697,A02033,1
P00697,A02034,2
P00697,A00524,3
P00697,A00411,4
P00697,A02035,5
P00697,A02036,6
P00697,A02037,7
P00697,A00140,8
P00697,A02038,9
P00697,A02039,10
P00697,A00197,11
P00698,A02040,1
P00698,A02041,2
P00698,A02042,3
P00698,A02043,4
P00698,A02044,5
P00698,A02045,6
P00698,A02046,7
P00699,A02047,1
P00699,A01951,2
P00699,A00125,3
P00699,A00145,4
P00700,A00454,1
P00700,A02048,2
P00700,A02049,3
P00700,A00164,4
P00700,A01799,5
P00700,A02050,6
P00700,A01797,7
P00700,A00204,8
P00700,A00410,9
P00700,A00892,10
P00700,A02051,11
P00700,A00126,12
P00700,A01711,13
P00700,A02010,14
P00700,A00896,15
P00701,A02052,1
P00701,A00156,2
P00702,A02053,1
P00702,A02054,2
P00702,A01737,3
P00702,A02055,4
P00703,A00140,1
P00703,A00524,2
P00703,A00382,3
P00703,A00381,4
P00703,A00089,5
P00703,A02033,6
P00704,A00177,1
P00704,A00329,2
P00704,A02056,3
P00704,A01697,4
P00704,A00156,5
P00705,A02057,1
P00705,A01495,2
P00705,A02058,3
P00705,A02059,4
P00705,A02060,5
P00705,A00983,6
P00706,A00210,1
P00707,A00695,1
P00707,A02061,2
P00707,A02062,3
P00707,A02063,4
P00707,A00212,5
P00707,A02064,6
P00707,A00083,7
P00707,A00538,8
P00707,A00010,9
P00707,A02065,10
P00707,A00271,11
P00707,A00270,12
P00708,A01064,1
P00708,A01594,2
P00708,A01798,3
P00708,A00081,4
P00708,A00125,5
P00708,A00083,6
P00708,A00082,7
P00709,A02066,1
P00709,A02067,2
P00709,A02068,3
P00710,A02069,1
P00710,A02070,2
P00710,A02071,3
P00710,A02072,4
P00710,A02073,5
P00711,A02074,1
P00712,A00203,1
P00712,A00409,2
P00712,A00747,3
P00712,A00746,4
P00712,A00158,5
P00712,A00164,6
P00712,A02075,7
P00712,A00084,8
P00712,A00328,9
P00712,A00944,10
P00713,A00403,1
P00713,A00031,2
P00714,A00065,1
P00714,A00064,2
P00714,A00485,3
P00714,A00823,4
P00714,A00621,5
P00714,A01066,6
P00715,A02076,1
P00715,A00191,2
P00715,A00190,3
P00715,A01267,4
P00715,A01600,5
P00715,A02077,6
P00715,A00050,7
P00716,A01244,1
P00716,A01243,2
P00717,A02078,1
P00717,A02079,2
P00717,A02080,3
P00718,A02081,1
P00718,A00218,2
P00718,A02082,3
P00718,A02030,4
P00718,A00708,5
P00719,A00485,1
P00719,A02083,2
P00719,A00685,3
P00719,A00104,4
P00719,A00686,5
P00719,A02084,6
P00719,A02085,7
P00719,A00486,8
P00719,A02086,9
P00719,A02087,10
P00719,A02088,11
P00719,A00100,12
P00719,A01130,13
P00719,A01288,14
P00719,A00140,15
P00720,A01008,1
P00720,A00156,2
P00720,A00642,3
P00720,A01652,4
P00721,A01403,1
P00721,A01774,2
P00722,A00177,1
P00722,A02089,2
P00722,A00526,3
P00722,A01926,4
P00723,A00942,1
P00723,A00941,2
P00724,A00944,1
P00724,A00379,2
P00724,A00203,3
P00724,A00747,4
P00724,A02090,5
P00724,A00376,6
P00724,A02091,7
P00724,A02092,8
P00724,A00200,9
P00724,A00362,10
P00724,A00950,11
P00724,A02093,12
P00724,A00086,13
P00724,A00084,14
P00724,A01057,15
P00724,A01452,16
P00724,A02094,17
P00725,A01438,1
P00725,A01439,2
P00725,A02095,3
P00725,A02096,4
P00725,A02097,5
P00725,A02098,6
P00725,A01704,7
P00725,A01440,8
P00725,A01442,9
P00725,A01453,10
P00725,A01444,11
P00726,A00409,1
P00726,A00164,2
P00726,A00203,3
P00726,A00832,4
P00726,A00084,5
P00727,A00198,1
P00727,A00010,2
P00727,A00009,3
P00727,A00013,4
P00727,A00228,5
P00728,A02099,1
P00728,A00644,2
P00728,A00156,3
P00729,A01772,1
P00729,A02100,2
P00729,A02101,3
P00729,A00521,4
P00729,A02102,5
P00730,A02103,1
P00730,A01271,2
P00730,A00716,3
P00730,A02104,4
P00730,A00015,5
P00731,A01138,1
P00731,A02105,2
P00731,A02106,3
P00731,A00015,4
P00731,A00217,5
P00731,A02107,6
P00731,A01707,7
P00731,A00018,8
P00732,A02105,1
P00732,A02106,2
P00732,A02107,3
P00732,A01138,4
P00732,A00015,5
P00732,A00217,6
P00732,A00018,7
P00732,A01707,8
P00733,A02013,1
P00733,A01064,2
P00733,A00081,3
P00733,A00015,4
P00733,A00086,5
P00733,A00083,6
P00733,A00014,7
P00733,A00101,8
P00734,A00452,1
P00734,A00170,2
P00734,A00092,3
P00735,A02108,1
P00735,A02109,2
P00735,A02110,3
P00735,A02111,4
P00736,A00026,1
P00736,A00222,2
P00737,A00508,1
P00737,A02112,2
P00737,A00449,3
P00737,A00197,4
P00737,A02113,5
P00737,A02114,6
P00737,A00367,7
P00737,A02115,8
P00737,A02091,9
P00737,A00199,10
P00737,A00469,11
P00737,A02116,12
P00737,A02117,13
P00738,A00583,1
P00738,A00831,2
P00738,A01797,3
P00738,A00409,4
P00738,A02118,5
P00738,A00203,6
P00738,A00204,7
P00739,A02119,1
P00739,A00509,2
P00739,A02120,3
P00739,A02121,4
P00740,A02032,1
P00740,A01446,2
P00740,A00330,3
P00740,A01445,4
P00741,A02105,1
P00741,A02107,2
P00742,A02122,1
P00742,A02123,2
P00742,A02124,3
P00742,A02125,4
P00743,A02126,1
P00743,A00104,2
P00743,A02127,3
P00743,A00411,4
P00743,A01078,5
P00743,A02128,6
P00743,A01129,7
P00744,A02129,1
P00744,A02130,2
P00744,A02131,3
P00744,A02132,4
P00744,A02133,5
P00744,A02134,6
P00745,A00045,1
P00745,A00105,2
P00745,A01514,3
P00745,A02135,4
P00745,A01827,5
P00745,A00083,6
P00746,A01065,1
P00746,A00749,2
P00746,A01013,3
P00746,A01271,4
P00746,A01723,5
P00746,A01705,6
P00746,A00353,7
P00747,A02136,1
P00747,A02137,2
P00747,A02138,3
P00747,A02139,4
P00747,A00811,5
P00747,A00594,6
P00747,A00083,7
P00747,A02140,8
P00747,A02141,9
P00748,A00642,1
P00748,A00086,2
P00748,A00156,3
P00748,A00640,4
P00748,A01008,5
P00748,A00145,6
P00749,A02142,1
P00749,A01021,2
P00749,A02143,3
P00750,A02144,1
P00750,A00002,2
P00751,A02145,1
P00751,A02146,2
P00751,A02147,3
P00751,A02148,4
P00751,A02149,5
P00752,A02150,1
P00752,A00101,2
P00752,A02151,3
P00752,A00103,4
P00752,A00485,5
P00752,A01527,6
P00752,A02152,7
P00752,A02153,8
P00752,A02154,9
P00753,A02155,1
P00753,A02156,2
P00753,A02157,3
P00753,A02158,4
P00754,A02159,1
P00754,A02160,2
P00754,A02161,3
P00754,A02162,4
P00754,A02163,5
P00754,A02164,6
P00754,A02165,7
P00754,A00448,8
P00755,A02056,1
P00755,A00177,2
P00755,A01697,3
P00755,A00156,4
P00756,A01789,1
P00756,A00928,2
P00756,A02166,3
P00757,A00517,1
P00757,A02167,2
P00757,A00083,3
P00757,A02168,4
P00757,A02169,5
P00757,A00922,6
P00757,A01242,7
P00757,A00315,8
P00757,A02170,9
P00757,A02171,10
P00757,A00552,11
P00757,A02172,12
P00757,A01528,13
P00757,A02173,14
P00757,A02174,15
P00758,A00164,1
P00758,A00454,2
P00758,A02090,3
P00758,A02050,4
P00758,A00204,5
P00758,A00410,6
P00758,A02010,7
P00758,A00896,8
P00758,A02175,9
P00758,A01453,10
P00759,A02176,1
P00759,A02177,2
P00759,A02178,3
P00759,A02179,4
P00759,A02180,5
P00760,A02181,1
P00760,A02182,2
P00760,A02183,3
P00760,A02184,4
P00761,A00198,1
P00761,A01635,2
P00761,A01792,3
P00761,A02185,4
P00761,A02186,5
P00761,A00386,6
P00761,A01634,7
P00761,A00010,8
P00761,A00975,9
P00761,A02187,10
P00761,A01152,11
P00762,A01419,1
P00762,A01064,2
P00762,A00081,3
P00762,A00125,4
P00762,A00015,5
P00762,A00101,6
P00762,A00014,7
P00763,A02188,1
P00763,A02189,2
P00763,A02190,3
P00763,A02191,4
P00763,A02192,5
P00764,A02193,1
P00764,A00101,2
P00765,A00700,1
P00765,A00104,2
P00765,A01128,3
P00765,A00022,4
P00765,A01131,5
P00765,A01129,6
P00765,A00486,7
P00765,A00448,8
P00766,A00730,1
P00766,A00830,2
P00766,A02194,3
P00767,A02195,1
P00767,A02124,2
P00767,A02125,3
P00768,A02196,1
P00768,A02197,2
P00768,A02198,3
P00768,A02199,4
P00768,A02200,5
P00768,A02201,6
P00768,A02202,7
P00768,A02203,8
P00768,A02204,9
P00768,A02205,10
P00768,A02206,11
P00768,A02207,12
P00768,A02208,13
P00768,A02209,14
P00768,A02210,15
P00768,A02211,16
P00768,A02212,17
P00768,A02213,18
P00768,A02214,19
P00768,A02215,20
P00768,A02216,21
P00768,A02217,22
P00768,A02218,23
P00768,A02219,24
P00768,A02220,25
P00768,A02221,26
P00768,A02222,27
P00768,A02223,28
P00768,A02224,29
P00768,A02225,30
P00768,A02226,31
P00768,A02227,32
P00768,A01650,33
P00768,A02228,34
P00768,A02229,35
P00768,A02230,36
P00768,A02231,37
P00768,A02232,38
P00768,A02233,39
P00769,A00013,1
P00769,A00010,2
P00770,A00988,1
P00770,A02234,2
P00770,A02235,3
P00770,A02236,4
P00770,A00403,5
P00770,A00086,6
P00770,A02237,7
P00771,A00191,1
P00771,A00994,2
P00771,A00466,3
P00771,A01411,4
P00771,A00040,5
P00772,A02238,1
P00772,A02239,2
P00772,A02240,3
P00772,A01190,4
P00772,A02241,5
P00772,A02242,6
P00772,A02243,7
P00773,A02244,1
P00773,A01156,2
P00773,A01157,3
P00774,A02056,1
P00774,A00701,2
P00774,A00177,3
P00775,A02245,1
P00775,A00979,2
P00775,A00980,3
P00775,A01447,4
P00775,A02246,5
P00775,A02247,6
P00775,A00831,7
P00775,A00204,8
P00775,A02248,9
P00776,A02086,1
P00776,A02088,2
P00776,A02249,3
P00776,A00485,4
P00776,A00104,5
P00776,A00100,6
P00776,A00685,7
P00776,A00102,8
P00776,A00140,9
P00776,A01288,10
P00776,A02250,11
P00776,A00823,12
P00776,A02085,13
P00776,A02251,14
P00777,A02252,1
P00777,A02253,2
P00777,A02254,3
P00778,A02255,1
P00778,A00338,2
P00778,A02065,3
P00778,A00463,4
P00778,A02256,5
P00778,A02257,6
P00778,A00379,7
P00779,A00618,1
P00779,A02258,2
P00779,A01463,3
P00779,A01862,4
P00779,A01864,5
P00779,A00070,6
P00779,A00065,7
P00780,A02259,1
P00780,A00831,2
P00780,A01758,3
P00780,A01761,4
P00780,A02260,5
P00780,A01759,6
P00781,A02261,1
P00782,A00899,1
P00782,A01553,2
P00782,A00084,3
P00782,A01948,4
P00782,A00083,5
P00782,A02262,6
P00782,A02263,7
P00782,A00013,8
P00782,A00197,9
P00783,A02264,1
P00783,A02265,2
P00783,A00025,3
P00784,A01719,1
P00784,A02266,2
P00784,A02267,3
P00784,A02268,4
P00784,A02269,5
P00785,A01201,1
P00785,A02270,2
P00785,A01747,3
P00785,A00199,4
P00785,A00446,5
P00786,A02271,1
P00786,A01951,2
P00786,A02272,3
P00786,A02273,4
P00786,A01677,5
P00787,A02274,1
P00787,A01675,2
P00788,A02275,1
P00788,A00012,2
P00789,A02276,1
P00789,A00101,2
P00789,A02277,3
P00789,A02278,4
P00789,A01025,5
P00790,A00191,1
P00790,A00994,2
P00790,A00777,3
P00790,A00466,4
P00790,A02279,5
P00791,A02280,1
P00791,A00127,2
P00792,A02281,1
P00792,A02282,2
P00792,A00050,3
P00792,A02283,4
P00792,A00170,5
P00792,A02284,6
P00792,A02285,7
P00793,A02286,1
P00793,A02287,2
P00793,A01602,3
P00793,A02288,4
P00793,A00009,5
P00794,A00081,1
P00794,A01064,2
P00794,A01936,3
P00794,A01271,4
P00794,A02289,5
P00794,A01150,6
P00794,A00012,7
P00794,A00015,8
P00794,A00101,9
P00794,A00125,10
P00794,A00083,11
P00795,A02290,1
P00795,A02115,2
P00795,A02291,3
P00795,A02091,4
P00795,A00469,5
P00795,A02292,6
P00795,A00228,7
P00795,A00010,8
P00796,A02293,1
P00796,A02294,2
P00796,A01413,3
P00796,A02295,4
P00796,A01838,5
P00796,A02296,6
P00796,A02297,7
P00796,A02298,8
P00796,A00170,9
P00796,A01931,10
P00796,A02299,11
P00796,A01687,12
P00796,A01709,13
P00797,A02300,1
P00797,A02301,2
P00797,A02302,3
P00797,A02303,4
P00797,A02304,5
P00797,A02305,6
P00797,A02306,7
P00797,A02307,8
P00797,A02308,9
P00797,A02309,10
P00798,A02122,1
P00798,A02124,2
P00798,A02310,3
P00798,A02125,4
P00799,A00988,1
P00799,A02234,2
P00799,A00403,3
P00799,A00145,4
P00799,A00086,5
P00799,A00691,6
P00800,A01008,1
P00800,A00156,2
P00800,A00645,3
P00800,A01224,4
P00801,A02284,1
P00801,A01759,2
P00801,A01798,3
P00801,A02259,4
P00801,A01760,5
P00801,A01797,6
P00801,A01761,7
P00802,A02311,1
P00803,A02312,1
P00803,A00156,2
P00803,A01697,3
P00803,A00647,4
P00804,A02313,1
P00804,A02314,2
P00804,A02315,3
P00804,A00596,4
P00804,A00930,5
P00804,A02316,6
P00804,A02317,7
P00804,A00454,8
P00804,A00126,9
P00805,A02318,1
P00805,A00770,2
P00805,A00223,3
P00805,A02319,4
P00805,A02320,5
P00805,A02321,6
P00805,A02322,7
P00805,A00740,8
P00805,A01829,9
P00805,A02323,10
P00805,A00048,11
P00805,A00189,12
P00805,A00126,13
P00805,A02324,14
P00805,A01828,15
P00805,A02325,16
P00806,A02326,1
P00806,A00780,2
P00806,A02327,3
P00806,A01569,4
P00806,A02001,5
P00806,A02328,6
P00806,A00771,7
P00807,A00511,1
P00807,A00666,2
P00807,A01706,3
P00807,A02329,4
P00807,A01165,5
P00807,A00663,6
P00807,A01044,7
P00807,A00009,8
P00807,A00015,9
P00808,A02330,1
P00808,A02331,2
P00808,A02332,3
P00809,A02333,1
P00809,A02334,2
P00809,A02266,3
P00809,A02335,4
P00809,A02336,5
P00810,A02337,1
P00810,A02338,2
P00810,A02339,3
P00811,A02340,1
P00811,A02341,2
P00811,A02342,3
P00811,A02343,4
P00811,A02344,5
P00812,A02345,1
P00812,A00403,2
P00813,A01245,1
P00813,A01064,2
P00813,A02346,3
P00813,A01419,4
P00813,A00125,5
P00813,A00150,6
P00813,A02347,7
P00813,A02348,8
P00813,A00014,9
P00813,A02349,10
P00813,A01271,11
P00814,A02350,1
P00814,A00621,2
P00814,A01131,3
P00814,A00976,4
P00814,A02351,5
P00814,A02352,6
P00814,A02353,7
P00814,A02354,8
P00814,A02355,9
P00814,A02356,10
P00814,A02357,11
P00814,A02152,12
P00815,A00403,1
P00815,A02345,2
P00815,A00988,3
P00816,A00979,1
P00816,A02246,2
P00816,A02245,3
P00816,A02358,4
P00816,A00980,5
P00816,A01453,6
P00816,A02359,7
P00816,A01256,8
P00816,A01947,9
P00816,A00204,10
P00817,A02360,1
P00817,A00092,2
P00817,A02361,3
P00818,A00251,1
P00818,A00058,2
P00818,A00205,3
P00818,A02362,4
P00818,A00114,5
P00818,A00115,6
P00818,A00472,7
P00818,A02363,8
P00818,A00691,9
P00818,A02364,10
P00818,A02365,11
P00818,A02366,12
P00818,A00179,13
P00818,A02367,14
P00819,A02368,1
P00819,A00750,2
P00819,A01779,3
P00819,A02369,4
P00819,A01161,5
P00819,A02370,6
P00819,A02371,7
P00820,A02372,1
P00820,A00714,2
P00821,A02373,1
P00821,A02374,2
P00821,A02375,3
P00821,A02376,4
P00822,A02377,1
P00822,A02378,2
P00822,A02379,3
P00822,A02380,4
P00822,A02381,5
P00822,A02382,6
P00822,A02383,7
P00823,A01068,1
P00823,A00158,2
P00823,A01069,3
P00824,A02384,1
P00824,A02385,2
P00824,A02386,3
P00824,A02387,4
P00824,A01557,5
P00824,A01611,6
P00824,A01562,7
P00825,A02121,1
P00825,A02388,2
P00825,A02389,3
P00825,A02390,4
P00825,A02391,5
P00826,A02392,1
P00826,A02393,2
P00826,A01886,3
P00826,A02394,4
P00826,A02395,5
P00826,A02396,6
P00826,A00221,7
P00826,A01705,8
P00827,A00620,1
P00827,A00804,2
P00827,A01948,3
P00827,A00089,4
P00828,A00002,1
P00828,A00222,2
P00828,A02397,3
P00828,A00258,4
P00829,A02298,1
P00829,A02398,2
P00829,A02399,3
P00829,A02400,4
P00829,A00894,5
P00829,A02401,6
P00829,A02402,7
P00829,A02403,8
P00829,A01933,9
P00829,A02404,10
P00829,A00807,11
P00829,A02405,12
P00829,A00189,13
P00830,A01008,1
P00830,A01681,2
P00830,A01705,3
P00830,A00015,4
P00830,A00916,5
P00830,A00156,6
P00830,A00647,7
P00830,A00145,8
P00830,A02094,9
P00830,A02406,10
P00830,A02407,11
P00831,A01008,1
P00831,A01681,2
P00831,A01155,3
P00831,A00704,4
P00831,A01229,5
P00831,A01228,6
P00831,A01230,7
P00831,A01823,8
P00831,A01156,9
P00831,A01231,10
P00831,A00156,11
P00831,A02406,12
P00831,A02407,13
P00831,A00015,14
P00831,A01705,15
P00831,A02094,16
P00831,A01232,17
P00831,A00705,18
P00831,A00707,19
P00831,A00708,20
P00832,A02099,1
P00832,A00644,2
P00832,A00156,3
P00833,A01681,1
P00833,A02408,2
P00834,A02409,1
P00834,A00272,2
P00834,A02410,3
P00834,A02411,4
P00834,A02412,5
P00834,A01150,6
P00834,A00031,7
P00834,A02413,8
P00835,A02414,1
P00835,A02415,2
P00835,A00916,3
P00835,A00353,4
P00835,A01209,5
P00835,A02116,6
P00836,A01739,1
P00836,A01740,2
P00836,A01738,3
P00836,A01741,4
P00837,A01321,1
P00837,A02416,2
P00837,A02417,3
P00837,A00101,4
P00838,A02418,1
P00838,A00371,2
P00839,A02419,1
P00839,A02420,2
P00839,A02421,3
P00839,A01708,4
P00839,A00831,5
P00839,A01553,6
P00839,A00411,7
P00839,A02422,8
P00839,A02423,9
P00839,A02424,10
P00840,A02425,1
P00840,A02426,2
P00840,A02427,3
P00840,A02428,4
P00840,A02429,5
P00840,A02430,6
P00841,A02431,1
P00841,A02432,2
P00841,A02433,3
P00841,A02372,4
P00841,A02434,5
P00841,A02435,6
P00841,A02272,7
P00841,A01137,8
P00841,A02436,9
P00841,A00014,10
P00842,A00140,1
P00842,A00746,2
P00843,A02437,1
P00843,A02438,2
P00844,A02439,1
P00844,A02440,2
P00844,A00822,3
P00844,A00091,4
P00845,A02441,1
P00845,A02442,2
P00845,A02443,3
P00845,A02444,4
P00845,A02239,5
P00845,A02241,6
P00845,A02445,7
P00845,A01569,8
P00845,A02446,9
P00846,A00119,1
P00846,A02447,2
P00847,A00510,1
P00847,A00485,2
P00847,A00104,3
P00847,A00140,4
P00848,A02448,1
P00848,A00156,2
P00848,A00372,3
P00848,A02449,4
P00848,A01947,5
P00849,A02450,1
P00849,A02451,2
P00849,A02452,3
P00849,A02453,4
P00850,A00620,1
P00850,A00804,2
P00850,A02454,3
P00850,A01687,4
P00850,A02455,5
P00850,A02456,6
P00850,A02457,7
P00850,A00125,8
P00850,A01933,9
P00850,A00189,10
P00850,A01931,11
P00850,A00690,12
P00851,A01419,1
P00851,A01064,2
P00851,A01245,3
P00851,A00485,4
P00851,A00125,5
P00851,A00353,6
P00851,A00014,7
P00851,A00101,8
P00852,A00177,1
P00852,A00701,2
P00852,A02458,3
P00853,A00045,1
P00853,A00105,2
P00853,A01347,3
P00853,A02459,4
P00853,A00047,5
P00853,A00497,6
P00853,A01171,7
P00853,A00478,8
P00853,A02262,9
P00854,A02460,1
P00854,A01055,2
P00854,A02461,3
P00854,A00583,4
P00854,A01531,5
P00854,A02462,6
P00855,A02033,1
P00855,A00524,2
P00855,A02463,3
P00855,A00411,4
P00855,A02035,5
P00855,A02464,6
P00855,A02039,7
P00855,A00140,8
P00856,A00915,1
P00856,A01766,2
P00856,A01767,3
P00857,A01705,1
P00857,A00065,2
P00857,A02465,3
P00857,A00217,4
P00857,A00015,5
P00857,A00064,6
P00857,A00485,7
P00857,A00823,8
P00857,A01569,9
P00857,A00716,10
P00857,A00014,11
P00858,A01758,1
P00858,A01759,2
P00858,A00164,3
P00858,A01761,4
P00858,A01243,5
P00858,A01760,6
P00858,A01762,7
P00858,A02285,8
P00859,A02466,1
P00859,A02467,2
P00859,A02468,3
P00859,A02469,4
P00859,A00126,5
P00859,A00892,6
P00859,A00690,7
P00859,A02008,8
P00860,A02470,1
P00860,A01805,2
P00860,A02471,3
P00860,A02089,4
P00860,A02472,5
P00860,A01137,6
P00860,A01951,7
P00860,A00014,8
P00860,A02030,9
P00861,A02473,1
P00861,A02398,2
P00861,A02399,3
P00861,A00361,4
P00861,A00807,5
P00861,A00585,6
P00861,A02359,7
P00861,A02474,8
P00861,A00691,9
P00861,A01359,10
P00861,A02365,11
P00861,A00211,12
P00862,A02388,1
P00862,A02390,2
P00862,A02277,3
P00863,A02122,1
P00863,A02475,2
P00863,A02124,3
P00863,A02310,4
P00863,A02125,5
P00864,A02476,1
P00864,A00217,2
P00864,A00015,3
P00864,A02477,4
P00864,A02478,5
P00864,A02479,6
P00864,A01209,7
P00864,A01705,8
P00865,A00031,1
P00865,A00348,2
P00865,A01206,3
P00865,A00345,4
P00866,A00620,1
P00866,A00865,2
P00866,A00125,3
P00866,A00083,4
P00867,A00409,1
P00867,A00164,2
P00867,A00532,3
P00868,A00620,1
P00868,A00865,2
P00868,A00382,3
P00868,A00381,4
P00868,A02480,5
P00868,A02456,6
P00868,A00485,7
P00868,A00140,8
P00868,A00189,9
P00868,A00126,10
P00869,A02481,1
P00869,A00782,2
P00869,A02482,3
P00870,A02483,1
P00870,A01592,2
P00870,A00928,3
P00871,A01044,1
P00871,A00065,2
P00871,A02484,3
P00871,A01137,4
P00872,A02356,1
P00872,A00009,2
P00873,A02485,1
P00873,A00056,2
P00873,A02486,3
P00874,A01419,1
P00874,A01064,2
P00874,A01245,3
P00874,A00125,4
P00874,A00485,5
P00874,A00353,6
P00874,A00014,7
P00874,A00101,8
P00875,A00010,1
P00875,A02487,2
P00875,A00270,3
P00875,A00271,4
P00876,A02488,1
P00876,A02489,2
P00876,A01333,3
P00876,A00002,4
P00877,A00481,1
P00877,A00483,2
P00877,A00482,3
P00877,A00330,4
P00877,A02490,5
P00877,A00485,6
P00877,A02491,7
P00877,A02492,8
P00878,A02493,1
P00878,A02494,2
P00878,A02495,3
P00878,A02496,4
P00878,A02497,5
P00879,A02498,1
P00879,A02499,2
P00879,A02500,3
P00880,A00225,1
P00880,A02501,2
P00880,A02502,3
P00880,A00292,4
P00880,A00246,5
P00881,A02081,1
P00881,A00218,2
P00881,A02000,3
P00881,A02503,4
P00881,A02504,5
P00882,A02505,1
P00882,A01626,2
P00882,A02506,3
P00882,A01625,4
P00882,A00009,5
P00883,A02507,1
P00883,A00403,2
P00884,A01602,1
P00884,A01601,2
P00884,A01271,3
P00884,A00614,4
P00884,A00716,5
P00884,A01603,6
P00884,A02508,7
P00884,A00065,8
P00884,A00485,9
P00884,A02289,10
P00885,A02509,1
P00885,A02510,2
P00885,A02511,3
P00885,A01666,4
P00886,A02512,1
P00886,A02513,2
P00886,A02514,3
P00886,A02515,4
P00886,A02516,5
P00886,A02517,6
P00887,A02518,1
P00887,A00203,2
P00887,A00747,3
P00887,A00409,4
P00887,A00944,5
P00887,A00200,6
P00888,A01965,1
P00888,A00485,2
P00888,A00823,3
P00888,A02519,4
P00888,A00619,5
P00888,A01321,6
P00888,A00009,7
P00888,A02520,8
P00889,A02521,1
P00889,A00485,2
P00889,A00104,3
P00889,A02086,4
P00889,A01288,5
P00889,A00140,6
P00890,A02522,1
P00890,A02523,2
P00890,A00101,3
P00891,A02089,1
P00891,A00177,2
P00891,A00101,3
P00892,A02524,1
P00892,A02525,2
P00892,A02526,3
P00892,A02527,4
P00892,A00055,5
P00892,A00060,6
P00892,A00787,7
P00892,A00016,8
P00892,A00015,9
P00893,A00611,1
P00893,A02528,2
P00893,A02529,3
P00894,A00255,1
P00894,A02530,2
P00894,A02531,3
P00894,A00040,4
P00895,A02532,1
P00895,A00317,2
P00895,A02366,3
P00895,A02533,4
P00896,A02534,1
P00896,A02535,2
P00896,A02536,3
P00896,A02537,4
P00896,A02538,5
P00896,A02539,6
P00896,A02540,7
P00897,A00010,1
P00898,A02541,1
P00898,A00002,2
P00898,A00005,3
P00899,A02542,1
P00899,A02543,2
P00899,A01693,3
P00899,A02544,4
P00899,A02081,5
P00899,A02472,6
P00899,A02272,7
P00899,A01137,8
P00899,A01951,9
P00899,A00014,10
P00899,A01044,11
P00900,A01222,1
P00900,A00723,2
P00900,A00145,3
P00900,A00086,4
P00900,A01816,5
P00900,A02545,6
P00901,A02546,1
P00901,A02547,2
P00901,A02548,3
P00901,A02549,4
P00901,A02550,5
P00901,A00080,6
P00902,A01685,1
P00902,A00012,2
P00902,A02551,3
P00903,A02552,1
P00904,A00588,1
P00904,A01693,2
P00904,A02553,3
P00904,A02554,4
P00904,A00409,5
P00904,A00164,6
P00904,A00890,7
P00905,A02555,1
P00905,A00485,2
P00905,A02556,3
P00905,A02557,4
P00905,A02558,5
P00905,A01960,6
P00905,A02559,7
P00905,A02560,8
P00906,A00412,1
P00906,A00338,2
P00906,A01413,3
P00906,A00170,4
P00907,A01697,1
P00907,A00156,2
P00907,A00640,3
P00908,A02561,1
P00908,A00617,2
P00908,A00640,3
P00908,A01271,4
P00909,A02562,1
P00909,A02563,2
P00909,A00010,3
P00909,A02487,4
P00909,A02091,5
P00910,A02561,1
P00910,A00617,2
P00910,A00640,3
P00911,A02564,1
P00911,A02565,2
P00911,A01414,3
P00911,A02566,4
P00911,A01443,5
P00912,A02567,1
P00912,A00812,2
P00912,A00460,3
P00912,A00003,4
P00912,A01357,5
P00912,A02568,6
P00912,A00538,7
P00912,A00126,8
P00912,A00212,9
P00912,A00083,10
P00912,A02569,11
P00913,A02570,1
P00913,A02571,2
P00913,A02572,3
P00914,A01489,1
P00914,A00086,2
P00914,A00045,3
P00914,A00015,4
P00914,A00145,5
P00915,A02573,1
P00915,A02510,2
P00915,A01230,3
P00916,A00748,1
P00916,A01777,2
P00916,A01933,3
P00916,A00189,4
P00916,A01256,5
P00916,A02007,6
P00916,A01711,7
P00916,A00609,8
P00916,A00372,9
P00916,A02574,10
P00916,A01495,11
P00916,A00126,12
P00916,A00892,13
P00916,A01687,14
P00916,A00218,15
P00916,A00164,16
P00916,A01453,17
P00916,A00485,18
P00917,A02575,1
P00917,A02576,2
P00917,A02577,3
P00918,A01746,1
P00918,A01743,2
P00918,A02578,3
P00918,A02579,4
P00918,A01776,5
P00919,A02580,1
P00919,A02581,2
P00919,A02582,3
P00920,A02583,1
P00920,A02584,2
P00920,A02585,3
P00920,A02586,4
P00921,A02587,1
P00921,A00511,2
P00921,A00156,3
P00921,A00666,4
P00921,A02329,5
P00921,A01044,6
P00921,A02588,7
P00921,A02589,8
P00921,A00009,9
P00922,A01678,1
P00922,A00170,2
P00922,A02590,3
P00922,A02591,4
P00922,A02592,5
P00922,A01679,6
P00922,A02593,7
P00922,A02594,8
P00922,A02595,9
P00922,A02596,10
P00922,A02597,11
P00922,A02598,12
P00922,A02599,13
P00922,A02600,14
P00923,A02507,1
P00923,A00403,2
P00924,A02601,1
P00924,A02602,2
P00925,A02603,1
P00925,A02604,2
P00925,A02605,3
P00925,A01035,4
P00926,A02606,1
P00926,A02607,2
P00926,A02288,3
P00926,A02608,4
P00926,A00381,5
P00927,A01438,1
P00927,A01439,2
P00927,A02097,3
P00927,A02095,4
P00927,A02096,5
P00927,A01440,6
P00927,A01442,7
P00927,A01453,8
P00927,A01444,9
P00928,A00648,1
P00928,A02609,2
P00928,A02610,3
P00928,A02611,4
P00929,A02612,1
P00929,A02613,2
P00930,A00409,1
P00930,A00164,2
P00930,A00203,3
P00930,A00532,4
P00930,A00747,5
P00931,A01993,1
P00931,A01994,2
P00931,A01992,3
P00931,A02614,4
P00932,A02615,1
P00932,A01064,2
P00932,A01245,3
P00932,A01419,4
P00932,A02616,5
P00932,A00084,6
P00932,A00082,7
P00933,A02078,1
P00933,A02079,2
P00934,A02345,1
P00934,A00403,2
P00935,A01804,1
P00935,A02617,2
P00935,A02618,3
P00935,A00506,4
P00935,A02619,5
P00935,A00125,6
P00935,A00140,7
P00935,A02620,8
P00935,A02621,9
P00935,A00507,10
P00935,A02622,11
P00936,A02623,1
P00936,A00177,2
P00936,A02624,3
P00936,A02625,4
P00936,A02626,5
P00937,A02448,1
P00937,A00156,2
P00937,A00641,3
P00938,A02627,1
P00938,A02628,2
P00938,A01950,3
P00938,A02629,4
P00938,A02630,5
P00938,A02631,6
P00939,A02419,1
P00939,A02420,2
P00939,A02421,3
P00939,A00158,4
P00939,A01553,5
P00939,A02632,6
P00939,A00690,7
P00939,A01933,8
P00939,A02633,9
P00940,A02634,1
P00940,A02635,2
P00940,A01197,3
P00940,A02636,4
P00940,A02378,5
P00940,A02637,6
P00940,A02638,7
P00940,A02639,8
P00940,A02640,9
P00941,A00899,1
P00941,A02641,2
P00942,A01598,1
P00942,A00922,2
P00942,A02642,3
P00942,A01117,4
P00942,A00092,5
P00942,A02643,6
P00942,A02644,7
P00942,A02645,8
P00942,A00740,9
P00942,A01829,10
P00942,A00189,11
P00943,A02358,1
P00943,A00980,2
P00943,A00979,3
P00943,A00748,4
P00943,A00164,5
P00943,A01256,6
P00943,A01453,7
P00943,A00204,8
P00944,A02646,1
P00944,A02403,2
P00944,A02647,3
P00944,A02648,4
P00944,A01931,5
P00944,A02010,6
P00945,A02649,1
P00945,A02650,2
P00946,A02534,1
P00946,A02651,2
P00946,A02537,3
P00946,A02652,4
P00946,A02653,5
P00946,A02538,6
P00947,A01487,1
P00947,A02654,2
P00947,A00517,3
P00947,A02655,4
P00947,A01619,5
P00947,A01116,6
P00947,A01117,7
P00948,A02656,1
P00948,A01798,2
P00948,A02005,3
P00948,A01199,4
P00948,A00083,5
P00948,A01594,6
P00948,A01691,7
P00948,A00189,8
P00948,A01931,9
P00948,A02299,10
P00948,A00892,11
P00948,A00126,12
P00948,A01711,13
P00948,A00690,14
P00948,A01709,15
P00949,A01194,1
P00949,A01195,2
P00949,A02657,3
P00950,A02277,1
P00950,A00101,2
P00950,A02276,3
P00950,A02658,4
P00951,A00133,1
P00951,A00134,2
P00952,A02333,1
P00952,A02334,2
P00952,A02266,3
P00952,A02335,4
P00952,A02336,5
P00952,A00505,6
P00953,A02659,1
P00953,A02660,2
P00953,A02661,3
P00953,A02662,4
P00953,A02663,5
P00953,A02664,6
P00953,A00010,7
P00953,A00218,8
P00953,A00084,9
P00953,A00013,10
P00954,A01784,1
P00954,A02665,2
P00954,A02666,3
P00954,A02667,4
P00954,A02668,5
P00954,A00045,6
P00954,A02669,7
P00954,A01781,8
P00954,A01044,9
P00954,A01783,10
P00954,A02670,11
P00954,A00353,12
P00954,A00009,13
P00954,A01705,14
P00954,A01421,15
P00954,A01536,16
P00954,A02671,17
P00954,A02672,18
P00955,A02673,1
P00955,A02674,2
P00955,A02675,3
P00956,A02676,1
P00956,A02677,2
P00956,A00977,3
P00956,A02678,4
P00956,A02679,5
P00956,A02680,6
P00956,A02681,7
P00956,A02682,8
P00956,A02683,9
P00957,A02684,1
P00957,A02685,2
P00958,A00412,1
P00958,A00338,2
P00958,A01413,3
P00958,A00170,4
P00958,A02686,5
P00959,A02687,1
P00959,A02466,2
P00959,A02468,3
P00959,A01004,4
P00959,A02688,5
P00959,A00126,6
P00959,A00211,7
P00960,A02689,1
P00960,A00922,2
P00960,A02642,3
P00960,A01117,4
P00960,A00092,5
P00960,A02690,6
P00960,A00656,7
P00960,A01828,8
P00960,A01829,9
P00960,A00740,10
P00960,A00126,11
P00961,A02360,1
P00961,A02691,2
P00961,A00092,3
P00962,A02521,1
P00962,A00485,2
P00962,A00104,3
P00962,A01076,4
P00962,A02086,5
P00962,A01288,6
P00962,A00140,7
P00962,A02010,8
P00962,A02692,9
P00962,A02693,10
P00962,A02694,11
P00963,A00452,1
P00963,A00092,2
P00963,A00170,3
P00964,A00016,1
P00964,A02695,2
P00964,A01021,3
P00964,A01022,4
P00965,A02696,1
P00965,A00092,2
P00965,A02697,3
P00966,A02698,1
P00966,A02699,2
P00966,A02700,3
P00966,A02701,4
P00966,A02702,5
P00966,A02703,6
P00966,A02704,7
P00966,A02705,8
P00966,A00968,9
P00966,A02706,10
P00967,A00701,1
P00967,A00647,2
P00968,A02707,1
P00968,A02121,2
P00968,A02389,3
P00968,A02388,4
P00968,A02391,5
P00969,A00164,1
P00969,A00583,2
P00969,A00409,3
P00969,A01708,4
P00969,A01797,5
P00969,A00892,6
P00969,A00203,7
P00969,A00410,8
P00969,A00204,9
P00969,A02708,10
P00969,A01711,11
P00969,A00126,12
P00969,A00372,13
P00969,A02259,14
P00969,A01759,15
P00969,A00127,16
P00970,A02709,1
P00970,A00249,2
P00970,A00251,3
P00970,A00115,4
P00970,A01910,5
P00970,A02710,6
P00970,A00472,7
P00970,A02711,8
P00970,A01103,9
P00970,A00248,10
P00970,A00252,11
P00970,A02712,12
P00970,A00392,13
P00970,A00003,14
P00970,A00273,15
P00971,A01215,1
P00971,A00782,2
P00971,A02713,3
P00971,A02714,4
P00972,A00713,1
P00972,A02715,2
P00972,A00145,3
P00972,A01066,4
P00972,A02716,5
P00972,A00507,6
P00972,A00723,7
P00972,A00140,8
P00972,A02717,9
P00972,A02718,10
P00972,A02719,11
P00972,A02720,12
P00972,A00716,13
P00972,A00086,14
P00973,A01440,1
P00973,A01438,2
P00973,A02721,3
P00973,A02096,4
P00973,A01442,5
P00973,A01704,6
P00973,A02095,7
P00974,A00699,1
P00974,A01724,2
P00974,A02722,3
P00974,A00899,4
P00974,A01638,5
P00974,A01794,6
P00974,A00749,7
P00974,A02723,8
P00974,A02724,9
P00975,A02725,1
P00976,A01008,1
P00976,A01681,2
P00976,A00899,3
P00976,A01152,4
P00976,A00140,5
P00976,A00647,6
P00976,A00156,7
P00976,A02726,8
P00976,A02727,9
P00976,A01705,10
P00976,A00015,11
P00976,A02728,12
P00976,A00218,13
P00976,A02094,14
P00976,A00145,15
P00976,A01156,16
P00976,A01823,17
P00977,A02729,1
P00977,A02730,2
P00977,A02731,3
P00977,A02732,4
P00978,A01137,1
P00978,A02030,2
P00978,A00065,3
P00978,A01996,4
P00979,A02448,1
P00979,A00156,2
P00979,A00372,3
P00979,A02449,4
P00979,A01947,5
P00980,A02448,1
P00980,A00156,2
P00980,A00641,3
P00981,A02733,1
P00981,A00015,2
P00981,A00217,3
P00981,A02125,4
P00981,A00014,5
P00982,A01045,1
P00982,A02734,2
P00982,A00750,3
P00982,A01344,4
P00983,A02735,1
P00983,A02736,2
P00983,A01766,3
P00984,A01957,1
P00984,A01958,2
P00985,A00620,1
P00985,A02737,2
P00986,A02032,1
P00986,A01446,2
P00987,A00012,1
P00987,A01150,2
P00987,A02738,3
P00988,A01823,1
P00989,A02280,1
P00989,A01977,2
P00989,A00127,3
P00989,A01450,4
P00989,A02739,5
P00989,A00647,6
P00990,A02740,1
P00990,A01116,2
P00990,A01125,3
P00990,A00092,4
P00990,A02645,5
P00991,A02722,1
P00991,A02741,2
P00991,A02742,3
P00991,A02611,4
P00992,A02743,1
P00992,A01529,2
P00992,A02744,3
P00992,A02587,4
P00992,A02745,5
P00992,A02746,6
P00992,A02747,7
P00992,A02748,8
P00992,A00015,9
P00992,A02749,10
P00992,A02750,11
P00992,A02751,12
P00992,A00185,13
P00992,A00312,14
P00992,A00122,15
P00993,A02105,1
P00993,A02107,2
P00993,A01707,3
P00993,A00015,4
P00993,A00217,5
P00994,A02752,1
P00994,A00985,2
P00994,A02753,3
P00994,A01526,4
P00994,A02754,5
P00994,A02755,6
P00995,A02756,1
P00995,A02757,2
P00996,A02264,1
P00996,A00025,2
P00996,A02265,3
P00996,A00985,4
P00997,A02758,1
P00998,A02150,1
P00998,A00101,2
P00998,A01064,3
P00998,A01527,4
P00999,A02759,1
P00999,A02760,2
P00999,A02761,3
P01000,A01419,1
P01000,A01064,2
P01000,A02272,3
P01000,A01951,4
P01000,A01245,5
P01000,A00485,6
P01000,A02762,7
P01000,A02289,8
P01000,A01271,9
P01000,A00353,10
P01000,A00014,11
P01000,A00101,12
P01001,A00935,1
P01001,A00485,2
P01001,A00164,3
P01001,A02315,4
P01001,A02763,5
P01001,A02764,6
P01001,A02765,7
P01001,A00140,8
P01002,A01751,1
P01003,A02766,1
P01003,A02654,2
P01003,A02655,3
P01003,A01487,4
P01003,A00517,5
P01003,A01242,6
P01003,A01122,7
P01003,A00922,8
P01003,A01117,9
P01003,A02767,10
P01003,A02768,11
P01003,A01110,12
P01004,A00942,1
P01005,A00786,1
P01005,A00785,2
P01005,A02769,3
P01005,A00787,4
P01005,A00016,5
P01005,A02770,6
P01006,A00994,1
P01006,A00191,2
P01006,A02771,3
P01006,A01411,4
P01006,A00466,5
P01007,A02772,1
P01007,A02543,2
P01007,A01025,3
P01008,A02312,1
P01008,A00156,2
P01009,A02606,1
P01009,A00016,2
P01009,A02121,3
P01009,A01021,4
P01010,A02773,1
P01010,A02774,2
P01010,A02775,3
P01010,A02153,4
P01010,A02776,5
P01010,A02777,6
P01011,A02739,1
P01011,A02778,2
P01011,A02779,3
P01011,A02780,4
P01011,A02781,5
P01011,A01859,6
P01011,A00127,7
P01011,A02280,8
P01011,A01084,9
P01011,A00647,10
P01012,A02782,1
P01012,A02783,2
P01012,A02784,3
P01013,A02785,1
P01013,A02786,2
P01013,A02787,3
P01013,A02587,4
P01013,A02788,5
P01014,A02789,1
P01014,A02790,2
P01014,A02791,3
P01014,A00545,4
P01015,A00045,1
P01015,A00086,2
P01015,A00087,3
P01015,A00145,4
P01015,A02792,5
P01016,A02793,1
P01016,A02461,2
P01016,A02794,3
P01016,A02795,4
P01016,A02796,5
P01016,A02797,6
P01016,A02039,7
P01016,A02798,8
P01017,A00177,1
P01017,A02799,2
P01017,A02800,3
P01018,A02372,1
P01018,A00714,2
P01018,A02801,3
P01019,A02142,1
P01019,A01021,2
P01019,A01022,3
P01020,A01751,1
P01020,A02627,2
P01021,A02735,1
P01021,A02736,2
P01021,A01766,3
P01021,A02802,4
P01022,A00065,1
P01022,A00064,2
P01022,A00621,3
P01023,A02803,1
P01023,A02288,2
P01023,A02287,3
P01023,A00009,4
P01024,A01784,1
P01024,A01044,2
P01024,A02666,3
P01024,A02669,4
P01024,A01781,5
P01024,A00014,6
P01024,A02665,7
P01024,A01783,8
P01024,A00353,9
P01024,A01705,10
P01024,A01536,11
P01024,A01421,12
P01024,A01178,13
P01024,A01175,14
P01024,A00009,15
P01025,A02804,1
P01025,A00485,2
P01025,A00140,3
P01025,A01288,4
P01025,A02805,5
P01025,A02806,6
P01026,A02807,1
P01026,A02808,2
P01026,A00821,3
P01026,A02186,4
P01026,A02809,5
P01027,A00686,1
P01027,A00485,2
P01027,A02574,3
P01027,A00102,4
P01027,A00104,5
P01027,A00510,6
P01027,A00823,7
P01027,A00140,8
P01028,A01805,1
P01028,A00087,2
P01029,A02810,1
P01029,A00532,2
P01029,A01797,3
P01029,A02811,4
P01029,A02812,5
P01029,A00083,6
P01030,A02813,1
P01030,A00126,2
P01030,A02814,3
P01030,A02815,4
P01030,A02816,5
P01030,A02648,6
P01030,A01931,7
P01030,A00189,8
P01030,A02817,9
P01030,A00216,10
P01030,A02818,11
P01031,A02081,1
P01031,A00218,2
P01031,A02000,3
P01031,A00220,4
P01031,A02504,5
P01032,A02819,1
P01032,A00701,2
P01033,A00092,1
P01033,A02820,2
P01033,A02696,3
P01033,A02587,4
P01033,A01530,5
P01033,A02821,6
P01034,A01751,1
P01034,A02627,2
P01034,A02628,3
P01035,A01697,1
P01035,A00156,2
P01036,A02822,1
P01036,A02823,2
P01036,A02824,3
P01036,A00545,4
P01036,A00544,5
P01036,A02825,6
P01037,A01209,1
P01037,A00217,2
P01037,A00015,3
P01037,A00018,4
P01037,A01323,5
P01037,A02001,6
P01037,A01210,7
P01038,A00101,1
P01038,A01527,2
P01038,A00070,3
P01038,A01626,4
P01038,A02826,5
P01039,A02827,1
P01040,A02828,1
P01040,A02829,2
P01040,A02574,3
P01040,A00485,4
P01040,A00806,5
P01040,A02830,6
P01040,A02831,7
P01040,A02832,8
P01040,A02833,9
P01041,A02277,1
P01041,A00101,2
P01041,A02276,3
P01041,A02388,4
P01041,A02658,5
P01042,A01064,1
P01042,A01099,2
P01042,A02834,3
P01042,A02835,4
P01042,A00125,5
P01042,A00081,6
P01042,A02270,7
P01042,A00083,8
P01042,A00082,9
P01043,A02836,1
P01043,A01951,2
P01043,A02272,3
P01043,A02837,4
P01043,A02838,5
P01043,A02449,6
P01043,A01693,7
P01043,A02800,8
P01043,A01271,9
P01044,A02839,1
P01044,A00922,2
P01044,A02642,3
P01044,A01086,4
P01044,A00092,5
P01045,A02840,1
P01045,A01486,2
P01045,A02841,3
P01045,A02842,4
P01045,A02843,5
P01045,A02844,6
P01045,A00502,7
P01045,A02845,8
P01045,A02846,9
P01046,A02144,1
P01046,A00002,2
P01046,A00330,3
P01046,A01333,4
P01046,A00012,5
P01047,A02388,1
P01047,A02301,2
P01047,A02847,3
P01048,A02433,1
P01048,A02848,2
P01048,A02030,3
P01048,A02668,4
P01049,A00140,1
P01049,A01288,2
P01049,A02849,3
P01049,A00954,4
P01049,A02850,5
P01049,A00089,6
P01050,A02851,1
P01050,A02006,2
P01050,A00273,3
P01050,A00216,4
P01050,A02852,5
P01050,A02853,6
P01051,A01824,1
P01051,A01825,2
P01052,A00199,1
P01052,A00373,2
P01052,A00446,3
P01052,A00444,4
P01052,A00405,5
P01052,A02854,6
P01052,A02855,7
P01052,A02856,8
P01052,A01507,9
P01052,A00089,10
P01052,A01077,11
P01052,A02857,12
P01052,A01301,13
P01052,A02858,14
P01052,A02859,15
P01052,A02860,16
P01052,A02861,17
P01052,A02862,18
P01052,A02863,19
P01052,A02864,20
P01052,A02865,21
P01052,A02866,22
P01052,A02867,23
P01052,A00604,24
P01052,A02868,25
P01052,A02869,26
P01052,A00382,27
P01052,A02870,28
P01052,A02871,29
P01052,A02872,30
P01052,A02747,31
P01052,A02873,32
P01052,A00892,33
P01052,A02874,34
P01052,A00756,35
P01052,A00372,36
P01052,A01302,37
P01052,A02875,38
P01052,A00068,39
P01052,A02876,40
P01052,A02877,41
P01052,A00492,42
P01053,A02360,1
P01053,A00092,2
P01053,A02878,3
P01054,A01643,1
P01054,A02320,2
P01054,A02318,3
P01054,A02879,4
P01054,A00170,5
P01054,A02325,6
P01054,A00595,7
P01055,A02255,1
P01055,A00338,2
P01055,A01413,3
P01055,A00463,4
P01055,A02880,5
P01055,A01828,6
P01055,A02708,7
P01055,A02065,8
P01055,A02256,9
P01055,A02881,10
P01055,A01412,11
P01056,A02882,1
P01056,A02574,2
P01056,A02831,3
P01056,A02313,4
P01057,A02883,1
P01057,A02884,2
P01058,A02885,1
P01058,A00086,2
P01058,A00140,3
P01058,A00087,4
P01059,A01477,1
P01059,A02886,2
P01059,A02887,3
P01059,A02888,4
P01059,A02889,5
P01059,A02890,6
P01060,A02312,1
P01060,A00156,2
P01060,A01697,3
P01061,A00008,1
P01062,A02891,1
P01063,A02464,1
P01063,A00203,2
P01063,A00656,3
P01063,A00409,4
P01063,A00200,5
P01063,A01110,6
P01063,A00944,7
P01063,A02892,8
P01063,A01530,9
P01063,A01200,10
P01063,A02518,11
P01064,A02893,1
P01064,A02894,2
P01064,A02895,3
P01065,A02896,1
P01066,A02271,1
P01066,A01951,2
P01066,A02272,3
P01066,A00087,4
P01066,A00086,5
P01066,A00140,6
P01066,A00198,7
P01067,A02897,1
P01067,A02898,2
P01068,A02899,1
P01068,A02419,2
P01068,A02421,3
P01068,A00158,4
P01068,A02900,5
P01068,A02901,6
P01068,A02632,7
P01068,A02422,8
P01069,A01638,1
P01069,A02902,2
P01069,A02903,3
P01069,A02904,4
P01069,A01534,5
P01069,A02905,6
P01069,A02906,7
P01069,A02907,8
P01069,A02790,9
P01069,A02908,10
P01069,A02909,11
P01069,A02910,12
P01069,A02911,13
P01069,A02912,14
P01069,A02913,15
P01069,A02914,16
P01069,A02915,17
P01069,A02916,18
P01069,A02917,19
P01069,A02918,20
P01069,A02919,21
P01069,A00545,22
P01069,A02920,23
P01069,A02921,24
P01069,A02922,25
P01069,A02923,26
P01069,A02924,27
P01069,A02925,28
P01069,A01155,29
P01069,A02926,30
P01069,A02927,31
P01069,A02928,32
P01069,A01639,33
P01069,A02929,34
P01069,A02930,35
P01069,A02931,36
P01069,A02932,37
P01070,A02665,1
P01070,A02933,2
P01070,A01070,3
P01070,A02740,4
P01070,A02934,5
P01070,A02935,6
P01070,A00158,7
P01070,A02039,8
P01070,A02936,9
P01070,A02937,10
P01071,A02938,1
P01071,A00821,2
P01071,A00466,3
P01071,A01567,4
P01071,A01443,5
P01072,A00403,1
P01073,A02939,1
P01073,A02053,2
P01073,A01737,3
P01073,A02940,4
P01074,A02941,1
P01074,A02942,2
P01074,A02943,3
P01074,A02944,4
P01074,A02945,5
P01074,A02946,6
P01074,A02947,7
P01074,A02948,8
P01074,A00133,9
P01074,A00134,10
P01074,A02949,11
P01074,A02950,12
P01074,A00098,13
P01075,A02951,1
P01075,A02952,2
P01075,A01272,3
P01076,A02951,1
P01076,A02953,2
P01076,A02954,3
P01076,A02952,4
P01077,A02951,1
P01077,A02952,2
P01077,A02955,3
P01077,A01272,4
P01078,A02956,1
P01078,A02951,2
P01078,A02952,3
P01079,A02099,1
P01079,A00644,2
P01079,A00156,3
P01080,A02957,1
P01080,A02958,2
P01080,A02000,3
P01080,A00218,4
P01080,A02030,5
P01080,A00167,6
P01081,A00916,1
P01082,A00058,1
P01082,A02959,2
P01082,A02366,3
P01082,A02533,4
P01082,A00251,5
P01082,A00255,6
P01082,A00179,7
P01082,A01443,8
P01082,A02960,9
P01082,A00205,10
P01083,A00292,1
P01083,A02502,2
P01083,A00255,3
P01083,A02961,4
P01083,A00782,5
P01083,A00225,6
P01083,A02432,7
P01083,A02094,8
P01084,A02962,1
P01084,A00617,2
P01084,A02963,3
P01084,A00908,4
P01085,A02964,1
P01085,A01675,2
P01085,A02965,3
P01086,A02512,1
P01086,A02514,2
P01086,A02513,3
P01086,A02517,4
P01087,A01811,1
P01087,A01812,2
P01087,A00793,3
P01087,A00034,4
P01087,A01814,5
P01088,A01602,1
P01088,A01071,2
P01088,A00713,3
P01088,A02837,4
P01088,A00714,5
P01088,A00014,6
P01088,A02966,7
P01088,A00890,8
P01089,A02414,1
P01089,A02967,2
P01089,A02968,3
P01089,A02969,4
P01089,A02970,5
P01089,A01035,6
P01089,A02800,7
P01090,A02971,1
P01090,A02794,2
P01091,A01215,1
P01091,A00782,2
P01091,A02972,3
P01091,A02973,4
P01091,A02713,5
P01092,A02345,1
P01092,A00403,2
P01093,A00156,1
P01093,A00644,2
P01093,A00065,3
P01093,A02099,4
P01093,A00485,5
P01094,A02962,1
P01094,A00617,2
P01094,A02963,3
P01094,A00908,4
P01095,A02433,1
P01095,A02030,2
P01095,A00218,3
P01095,A02470,4
P01095,A01137,5
P01095,A02974,6
P01096,A02116,1
P01096,A02975,2
P01096,A02976,3
P01096,A02977,4
P01096,A02978,5
P01096,A02979,6
P01096,A02980,7
P01096,A02981,8
P01096,A02982,9
P01096,A00960,10
P01096,A02983,11
P01097,A00384,1
P01097,A00782,2
P01097,A02673,3
P01097,A00748,4
P01098,A00485,1
P01098,A02984,2
P01098,A02985,3
P01098,A02986,4
P01098,A02987,5
P01098,A02086,6
P01098,A00718,7
P01098,A02988,8
P01098,A01527,9
P01098,A02350,10
P01098,A00823,11
P01098,A00104,12
P01098,A00100,13
P01098,A02989,14
P01098,A02990,15
P01098,A02416,16
P01098,A02126,17
P01098,A01321,18
P01098,A00101,19
P01098,A00493,20
P01098,A01130,21
P01098,A00481,22
P01098,A02991,23
P01098,A02992,24
P01098,A01075,25
P01098,A01131,26
P01098,A00065,27
P01098,A00621,28
P01098,A00140,29
P01098,A00353,30
P01098,A02359,31
P01098,A02993,32
P01098,A02994,33
P01098,A02995,34
P01098,A01453,35
P01098,A01977,36
P01098,A02996,37
P01098,A02997,38
P01098,A00386,39
P01098,A02998,40
P01098,A02153,41
P01098,A02999,42
P01098,A03000,43
P01098,A03001,44
P01098,A03002,45
P01098,A02777,46
P01098,A00522,47
P01098,A03003,48
P01099,A00344,1
P01099,A00341,2
P01099,A01443,3
P01099,A00128,4
P01100,A02275,1
P01100,A03004,2
P01101,A00843,1
P01101,A03005,2
P01101,A02065,3
P01101,A00010,4
P01102,A03006,1
P01102,A03007,2
P01102,A03008,3
P01102,A02189,4
P01102,A03009,5
P01102,A03010,6
P01102,A03011,7
P01102,A01227,8
P01102,A01682,9
P01103,A02255,1
P01103,A00338,2
P01103,A00170,3
P01103,A02593,4
P01104,A01222,1
P01104,A00723,2
P01104,A00086,3
P01104,A00087,4
P01104,A03012,5
P01104,A00145,6
P01105,A02013,1
P01105,A01064,2
P01105,A00081,3
P01105,A01029,4
P01105,A00015,5
P01105,A00125,6
P01105,A00083,7
P01105,A00101,8
P01106,A03013,1
P01106,A03014,2
P01106,A03015,3
P01106,A03016,4
P01106,A03017,5
P01106,A03018,6
P01106,A03019,7
P01106,A03020,8
P01106,A03021,9
P01106,A03022,10
P01106,A03023,11
P01107,A00979,1
P01107,A00980,2
P01107,A03024,3
P01107,A02399,4
P01107,A02473,5
P01107,A01449,6
P01107,A01447,7
P01107,A01947,8
P01107,A03025,9
P01108,A02106,1
P01108,A02107,2
P01108,A03026,3
P01108,A02526,4
P01108,A03027,5
P01108,A03028,6
P01108,A00015,7
P01109,A03029,1
P01109,A03030,2
P01109,A02430,3
P01109,A01046,4
P01109,A01047,5
P01109,A01045,6
P01110,A03031,1
P01110,A03032,2
P01111,A03033,1
P01111,A01155,2
P01111,A00705,3
P01111,A02907,4
P01111,A03034,5
P01111,A01705,6
P01111,A03035,7
P01111,A03036,8
P01112,A03037,1
P01112,A02584,2
P01112,A03038,3
P01113,A02649,1
P01113,A03039,2
P01113,A03040,3
P01113,A03041,4
P01113,A03042,5
P01113,A03043,6
P01113,A03044,7
P01114,A03045,1
P01114,A01057,2
P01114,A00950,3
P01114,A00010,4
P01115,A03046,1
P01115,A03047,2
P01116,A01419,1
P01116,A01064,2
P01116,A01245,3
P01116,A00485,4
P01117,A02740,1
P01117,A00922,2
P01117,A00251,3
P01117,A01125,4
P01117,A02645,5
P01117,A00092,6
P01117,A02135,7
P01117,A01828,8
P01117,A01656,9
P01117,A02325,10
P01117,A00189,11
P01118,A03048,1
P01119,A03049,1
P01119,A03050,2
P01119,A03051,3
P01119,A03052,4
P01120,A03053,1
P01120,A03054,2
P01120,A03055,3
P01121,A02624,1
P01121,A03056,2
P01122,A03057,1
P01122,A03058,2
P01122,A02477,3
P01122,A03059,4
P01122,A03060,5
P01122,A03061,6
P01122,A03062,7
P01123,A03063,1
P01123,A03064,2
P01123,A03065,3
P01124,A03066,1
P01124,A01595,2
P01124,A03067,3
P01124,A03068,4
P01124,A01452,5
P01124,A03069,6
P01124,A03070,7
P01125,A03071,1
P01125,A03072,2
P01125,A03073,3
P01126,A02728,1
P01126,A03074,2
P01126,A03075,3
P01126,A03076,4
P01126,A03077,5
P01126,A03078,6
P01126,A03057,7
P01126,A03079,8
P01126,A00640,9
P01127,A00013,1
P01127,A03080,2
P01127,A00376,3
P01128,A01786,1
P01128,A01065,2
P01128,A00804,3
P01128,A03081,4
P01128,A02262,5
P01128,A00807,6
P01128,A02009,7
P01128,A00361,8
P01129,A03082,1
P01129,A03083,2
P01129,A03084,3
P01129,A02652,4
P01129,A02000,5
P01129,A02151,6
P01129,A01997,7
P01130,A02360,1
P01130,A00092,2
P01130,A02878,3
P01131,A03085,1
P01131,A03086,2
P01131,A03087,3
P01131,A03088,4
P01132,A02938,1
P01132,A02959,2
P01132,A00255,3
P01132,A03089,4
P01132,A02531,5
P01132,A00466,6
P01132,A00251,7
P01133,A02962,1
P01133,A00156,2
P01134,A00255,1
P01134,A02531,2
P01134,A00331,3
P01134,A00040,4
P01134,A03090,5
P01134,A03091,6
P01134,A00259,7
P01134,A01443,8
P01135,A00091,1
P01135,A03092,2
P01135,A00105,3
P01135,A00047,4
P01136,A02740,1
P01136,A01116,2
P01136,A01125,3
P01136,A00092,4
P01136,A02645,5
P01136,A03093,6
P01136,A03094,7
P01137,A03095,1
P01137,A03096,2
P01137,A03097,3
P01137,A02264,4
P01138,A00511,1
P01138,A02589,2
P01138,A00156,3
P01138,A01044,4
P01138,A00666,5
P01138,A03098,6
P01138,A01706,7
P01138,A02329,8
P01138,A02587,9
P01138,A01697,10
P01138,A01165,11
P01138,A03099,12
P01139,A03100,1
P01139,A03101,2
P01139,A02793,3
P01139,A03102,4
P01139,A03103,5
P01140,A02992,1
P01140,A01128,2
P01140,A01064,3
P01140,A02416,4
P01140,A00019,5
P01140,A00487,6
P01140,A00102,7
P01140,A00101,8
P01141,A03104,1
P01141,A03105,2
P01141,A03106,3
P01141,A03107,4
P01142,A02507,1
P01142,A00403,2
P01143,A03108,1
P01143,A03109,2
P01144,A02689,1
P01144,A00922,2
P01144,A02642,3
P01144,A00092,4
P01144,A03110,5
P01144,A02839,6
P01144,A01117,7
P01144,A01828,8
P01144,A01829,9
P01144,A00126,10
P01145,A03111,1
P01145,A00935,2
P01145,A02763,3
P01145,A02765,4
P01145,A03112,5
P01145,A02967,6
P01145,A00101,7
P01145,A00487,8
P01145,A00009,9
P01145,A01933,10
P01146,A02789,1
P01146,A02790,2
P01146,A02791,3
P01146,A00545,4
P01147,A00177,1
P01147,A02089,2
P01147,A00329,3
P01148,A03113,1
P01148,A02234,2
P01148,A03114,3
P01148,A00988,4
P01148,A00454,5
P01148,A01440,6
P01148,A03115,7
P01149,A03116,1
P01149,A00485,2
P01149,A00140,3
P01149,A02086,4
P01149,A02995,5
P01149,A00069,6
P01149,A03117,7
P01150,A03118,1
P01150,A01256,2
P01150,A01255,3
P01150,A03119,4
P01150,A03120,5
P01150,A03121,6
P01150,A00748,7
P01150,A02030,8
P01150,A00218,9
P01150,A03122,10
P01150,A02288,11
P01151,A03081,1
P01151,A00217,2
P01151,A00015,3
P01151,A01786,4
P01151,A01209,5
P01151,A03123,6
P01152,A02962,1
P01152,A00156,2
P01153,A01735,1
P01153,A00217,2
P01153,A00015,3
P01153,A01705,4
P01153,A00916,5
P01153,A01796,6
P01154,A01804,1
P01154,A02617,2
P01155,A00731,1
P01155,A01951,2
P01155,A01222,3
P01155,A00125,4
P01155,A02272,5
P01156,A03124,1
P01156,A00010,2
P01156,A00016,3
P01156,A03125,4
P01156,A00221,5
P01157,A03126,1
P01157,A03127,2
P01157,A01133,3
P01157,A03128,4
P01157,A03129,5
P01157,A03130,6
P01157,A03131,7
P01158,A01693,1
P01158,A00164,2
P01158,A00410,3
P01158,A00204,4
P01158,A02553,5
P01158,A02554,6
P01158,A03132,7
P01158,A03133,8
P01159,A01697,1
P01159,A00156,2
P01159,A03134,3
P01159,A03135,4
P01160,A03136,1
P01160,A03137,2
P01160,A02239,3
P01160,A03138,4
P01160,A03139,5
P01160,A03140,6
P01160,A03141,7
P01160,A03142,8
P01160,A03143,9
P01160,A03144,10
P01161,A02359,1
P01161,A01243,2
P01162,A00351,1
P01162,A03145,2
P01162,A01138,3
P01163,A01069,1
P01163,A00158,2
P01163,A02934,3
P01164,A02696,1
P01164,A00092,2
P01165,A02069,1
P01165,A02070,2
P01165,A03146,3
P01165,A03147,4
P01165,A02071,5
P01165,A03148,6
P01165,A02072,7
P01166,A03149,1
P01166,A00086,2
P01166,A00409,3
P01167,A03150,1
P01167,A03151,2
P01167,A03152,3
P01168,A03153,1
P01168,A00010,2
P01168,A00843,3
P01168,A03124,4
P01168,A03154,5
P01168,A00220,6
P01168,A00039,7
P01169,A00583,1
P01169,A00164,2
P01169,A00409,3
P01169,A00532,4
P01169,A00892,5
P01170,A00203,1
P01170,A00409,2
P01170,A00747,3
P01170,A00164,4
P01170,A02464,5
P01170,A02518,6
P01170,A00944,7
P01170,A00204,8
P01171,A03155,1
P01171,A02182,2
P01172,A02575,1
P01172,A03156,2
P01172,A03157,3
P01172,A02576,4
P01173,A03158,1
P01173,A03159,2
P01173,A03160,3
P01173,A03161,4
P01173,A03134,5
P01173,A03162,6
P01173,A03163,7
P01173,A01668,8
P01173,A03164,9
P01173,A03165,10
P01173,A03166,11
P01174,A03167,1
