paper_id,author_id,author_order
P00001,A00001,1
P00002,A00002,1
P00002,A00003,2
P00002,A00004,3
P00002,A00005,4
P00002,A00006,5
P00002,A00007,6
P00003,A00008,1
P00003,A00009,2
P00003,A00010,3
P00003,A00011,4
P00003,A00012,5
P00004,A00013,1
P00004,A00014,2
P00004,A00015,3
P00005,A00016,1
P00005,A00017,2
P00005,A00018,3
P00006,A00019,1
P00006,A00020,2
P00006,A00021,3
P00007,A00014,1
P00007,A00022,2
P00007,A00023,3
P00007,A00024,4
P00008,A00025,1
P00008,A00026,2
P00008,A00027,3
P00009,A00028,1
P00009,A00029,2
P00010,A00030,1
P00010,A00031,2
P00010,A00032,3
P00010,A00033,4
P00011,A00034,1
P00011,A00035,2
P00011,A00008,3
P00012,A00023,1
P00012,A00025,2
P00012,A00026,3
P00013,A00036,1
P00013,A00037,2
P00013,A00038,3
P00014,A00039,1
P00014,A00032,2
P00014,A00040,3
P00014,A00041,4
P00015,A00042,1
P00015,A00043,2
P00015,A00044,3
P00015,A00045,4
P00015,A00046,5
P00016,A00041,1
P00016,A00047,2
P00016,A00048,3
P00016,A00039,4
P00017,A00049,1
P00017,A00050,2
P00017,A00008,3
P00018,A00023,1
P00018,A00051,2
P00018,A00026,3
P00018,A00025,4
P00018,A00052,5
P00019,A00053,1
P00019,A00054,2
P00019,A00055,3
P00020,A00049,1
P00020,A00050,2
P00020,A00008,3
P00021,A00056,1
P00021,A00008,2
P00021,A00049,3
P00021,A00009,4
P00021,A00057,5
P00022,A00008,1
P00023,A00058,1
P00023,A00059,2
P00023,A00008,3
P00023,A00060,4
P00024,A00061,1
P00024,A00062,2
P00024,A00063,3
P00025,A00014,1
P00025,A00064,2
P00025,A00065,3
P00025,A00022,4
P00025,A00049,5
P00026,A00066,1
P00026,A00067,2
P00027,A00023,1
P00027,A00051,2
P00027,A00009,3
P00027,A00008,4
P00027,A00057,5
P00028,A00025,1
P00028,A00026,2
P00028,A00068,3
P00028,A00069,4
P00028,A00070,5
P00028,A00051,6
P00028,A00023,7
P00028,A00065,8
P00028,A00071,9
P00029,A00072,1
P00029,A00073,2
P00029,A00074,3
P00030,A00066,1
P00030,A00067,2
P00030,A00063,3
P00030,A00075,4
P00031,A00066,1
P00031,A00076,2
P00031,A00063,3
P00032,A00077,1
P00032,A00078,2
P00032,A00079,3
P00032,A00080,4
P00033,A00078,1
P00033,A00079,2
P00033,A00081,3
P00033,A00080,4
P00033,A00082,5
P00034,A00062,1
P00034,A00063,2
P00034,A00061,3
P00034,A00083,4
P00035,A00084,1
P00035,A00085,2
P00035,A00072,3
P00036,A00086,1
P00036,A00087,2
P00037,A00088,1
P00037,A00089,2
P00037,A00004,3
P00037,A00005,4
P00037,A00052,5
P00037,A00090,6
P00037,A00091,7
P00037,A00002,8
P00037,A00003,9
P00037,A00092,10
P00037,A00093,11
P00038,A00094,1
P00039,A00095,1
P00039,A00067,2
P00039,A00076,3
P00039,A00063,4
P00040,A00096,1
P00040,A00097,2
P00040,A00098,3
P00040,A00099,4
P00041,A00049,1
P00041,A00100,2
P00041,A00101,3
P00041,A00026,4
P00041,A00025,5
P00041,A00102,6
P00042,A00066,1
P00042,A00103,2
P00042,A00067,3
P00042,A00104,4
P00043,A00105,1
P00043,A00106,2
P00043,A00107,3
P00044,A00062,1
P00044,A00063,2
P00044,A00066,3
P00045,A00108,1
P00045,A00109,2
P00045,A00110,3
P00045,A00111,4
P00045,A00112,5
P00045,A00113,6
P00046,A00086,1
P00046,A00007,2
P00047,A00114,1
P00047,A00115,2
P00047,A00116,3
P00048,A00088,1
P00048,A00089,2
P00048,A00005,3
P00048,A00004,4
P00048,A00117,5
P00048,A00090,6
P00048,A00118,7
P00049,A00119,1
P00049,A00120,2
P00050,A00121,1
P00050,A00122,2
P00050,A00123,3
P00050,A00124,4
P00051,A00125,1
P00051,A00126,2
P00051,A00127,3
P00051,A00128,4
P00052,A00129,1
P00052,A00004,2
P00052,A00102,3
P00052,A00005,4
P00053,A00130,1
P00054,A00131,1
P00054,A00132,2
P00054,A00133,3
P00054,A00134,4
P00055,A00030,1
P00055,A00135,2
P00056,A00136,1
P00056,A00137,2
P00056,A00138,3
P00056,A00139,4
P00056,A00140,5
P00056,A00141,6
P00056,A00142,7
P00056,A00067,8
P00056,A00143,9
P00056,A00083,10
P00056,A00063,11
P00056,A00144,12
P00056,A00145,13
P00056,A00146,14
P00056,A00066,15
P00057,A00147,1
P00057,A00148,2
P00057,A00149,3
P00057,A00150,4
P00058,A00151,1
P00058,A00114,2
P00059,A00152,1
P00059,A00153,2
P00060,A00154,1
P00060,A00155,2
P00060,A00156,3
P00060,A00157,4
P00060,A00158,5
P00060,A00159,6
P00060,A00160,7
P00061,A00161,1
P00061,A00162,2
P00061,A00163,3
P00061,A00164,4
P00061,A00165,5
P00062,A00166,1
P00062,A00167,2
P00062,A00168,3
P00062,A00169,4
P00062,A00141,5
P00062,A00170,6
P00062,A00144,7
P00062,A00171,8
P00063,A00172,1
P00063,A00173,2
P00064,A00174,1
P00064,A00175,2
P00065,A00176,1
P00065,A00177,2
P00065,A00026,3
P00065,A00025,4
P00065,A00178,5
P00065,A00179,6
P00065,A00180,7
P00065,A00181,8
P00066,A00182,1
P00066,A00183,2
P00066,A00184,3
P00066,A00185,4
P00066,A00186,5
P00066,A00187,6
P00066,A00188,7
P00067,A00096,1
P00067,A00189,2
P00067,A00190,3
P00067,A00191,4
P00067,A00192,5
P00067,A00097,6
P00068,A00030,1
P00068,A00193,2
P00068,A00033,3
P00068,A00194,4
P00068,A00195,5
P00068,A00196,6
P00069,A00177,1
P00069,A00025,2
P00069,A00026,3
P00069,A00197,4
P00069,A00052,5
P00070,A00193,1
P00070,A00033,2
P00070,A00030,3
P00070,A00194,4
P00070,A00198,5
P00070,A00196,6
P00071,A00199,1
P00071,A00200,2
P00071,A00201,3
P00071,A00202,4
P00071,A00004,5
P00072,A00203,1
P00072,A00204,2
P00072,A00205,3
P00072,A00123,4
P00072,A00206,5
P00072,A00207,6
P00072,A00208,7
P00072,A00209,8
P00073,A00210,1
P00073,A00211,2
P00073,A00212,3
P00073,A00213,4
P00073,A00214,5
P00073,A00215,6
P00074,A00156,1
P00074,A00154,2
P00075,A00216,1
P00075,A00217,2
P00076,A00216,1
P00076,A00217,2
P00077,A00114,1
P00077,A00218,2
P00077,A00118,3
P00077,A00091,4
P00077,A00003,5
P00077,A00002,6
P00077,A00219,7
P00077,A00090,8
P00077,A00220,9
P00078,A00221,1
P00078,A00222,2
P00078,A00223,3
P00078,A00224,4
P00078,A00225,5
P00078,A00226,6
P00078,A00227,7
P00078,A00228,8
P00078,A00229,9
P00078,A00179,10
P00078,A00230,11
P00078,A00231,12
P00078,A00022,13
P00078,A00013,14
P00078,A00232,15
P00078,A00233,16
P00078,A00234,17
P00078,A00235,18
P00079,A00004,1
P00079,A00236,2
P00079,A00237,3
P00080,A00238,1
P00080,A00239,2
P00080,A00240,3
P00080,A00241,4
P00080,A00008,5
P00080,A00009,6
P00080,A00242,7
P00080,A00051,8
P00081,A00243,1
P00081,A00244,2
P00081,A00245,3
P00081,A00246,4
P00081,A00247,5
P00081,A00248,6
P00082,A00189,1
P00082,A00249,2
P00083,A00250,1
P00083,A00251,2
P00083,A00030,3
P00084,A00252,1
P00084,A00253,2
P00084,A00254,3
P00084,A00255,4
P00085,A00149,1
P00085,A00148,2
P00085,A00256,3
P00085,A00257,4
P00086,A00258,1
P00086,A00259,2
P00086,A00260,3
P00086,A00261,4
P00086,A00262,5
P00087,A00263,1
P00087,A00072,2
P00087,A00212,3
P00088,A00062,1
P00088,A00063,2
P00088,A00264,3
P00088,A00170,4
P00088,A00067,5
P00088,A00265,6
P00089,A00266,1
P00089,A00267,2
P00090,A00268,1
P00090,A00269,2
P00090,A00270,3
P00091,A00271,1
P00091,A00272,2
P00092,A00273,1
P00092,A00274,2
P00092,A00275,3
P00093,A00032,1
P00093,A00276,2
P00093,A00277,3
P00093,A00278,4
P00093,A00279,5
P00093,A00039,6
P00093,A00280,7
P00094,A00281,1
P00094,A00153,2
P00094,A00156,3
P00095,A00282,1
P00095,A00283,2
P00095,A00284,3
P00095,A00285,4
P00096,A00153,1
P00096,A00286,2
P00096,A00287,3
P00096,A00039,4
P00097,A00288,1
P00097,A00289,2
P00098,A00290,1
P00098,A00291,2
P00099,A00292,1
P00099,A00293,2
P00099,A00294,3
P00100,A00148,1
P00100,A00256,2
P00100,A00149,3
P00100,A00257,4
P00101,A00295,1
P00101,A00296,2
P00101,A00297,3
P00101,A00033,4
P00101,A00193,5
P00101,A00298,6
P00101,A00299,7
P00101,A00300,8
P00101,A00030,9
P00101,A00301,10
P00101,A00198,11
P00101,A00302,12
P00102,A00282,1
P00102,A00283,2
P00102,A00284,3
P00102,A00285,4
P00103,A00303,1
P00103,A00167,2
P00103,A00138,3
P00103,A00304,4
P00103,A00305,5
P00103,A00141,6
P00103,A00306,7
P00103,A00307,8
P00103,A00308,9
P00103,A00067,10
P00103,A00075,11
P00103,A00076,12
P00103,A00309,13
P00103,A00144,14
P00103,A00145,15
P00104,A00310,1
P00104,A00311,2
P00104,A00075,3
P00104,A00063,4
P00104,A00312,5
P00104,A00313,6
P00104,A00314,7
P00104,A00315,8
P00105,A00316,1
P00105,A00317,2
P00105,A00318,3
P00105,A00319,4
P00105,A00271,5
P00106,A00264,1
P00106,A00144,2
P00107,A00320,1
P00107,A00321,2
P00107,A00039,3
P00107,A00287,4
P00107,A00153,5
P00108,A00322,1
P00108,A00323,2
P00108,A00324,3
P00108,A00325,4
P00109,A00326,1
P00109,A00203,2
P00109,A00291,3
P00110,A00151,1
P00110,A00327,2
P00110,A00328,3
P00110,A00329,4
P00110,A00330,5
P00110,A00331,6
P00110,A00332,7
P00110,A00333,8
P00110,A00334,9
P00110,A00335,10
P00111,A00336,1
P00111,A00003,2
P00111,A00337,3
P00112,A00338,1
P00112,A00339,2
P00112,A00340,3
P00112,A00341,4
P00112,A00342,5
P00112,A00156,6
P00112,A00343,7
P00112,A00153,8
P00112,A00344,9
P00112,A00345,10
P00112,A00346,11
P00112,A00347,12
P00112,A00348,13
P00112,A00349,14
P00112,A00350,15
P00112,A00351,16
P00112,A00352,17
P00112,A00353,18
P00112,A00354,19
P00112,A00355,20
P00112,A00356,21
P00112,A00357,22
P00113,A00315,1
P00113,A00358,2
P00113,A00359,3
P00113,A00311,4
P00113,A00360,5
P00113,A00361,6
P00113,A00173,7
P00113,A00063,8
P00113,A00170,9
P00113,A00362,10
P00113,A00087,11
P00113,A00363,12
P00113,A00364,13
P00113,A00365,14
P00114,A00366,1
P00114,A00007,2
P00114,A00367,3
P00115,A00368,1
P00115,A00369,2
P00115,A00283,3
P00115,A00370,4
P00115,A00371,5
P00115,A00372,6
P00116,A00373,1
P00116,A00374,2
P00116,A00306,3
P00117,A00177,1
P00117,A00375,2
P00117,A00004,3
P00117,A00201,4
P00117,A00376,5
P00117,A00377,6
P00117,A00378,7
P00117,A00379,8
P00117,A00221,9
P00117,A00380,10
P00118,A00381,1
P00118,A00382,2
P00118,A00383,3
P00118,A00384,4
P00119,A00369,1
P00119,A00283,2
P00119,A00385,3
P00119,A00368,4
P00120,A00286,1
P00120,A00156,2
P00120,A00386,3
P00120,A00153,4
P00120,A00387,5
P00120,A00039,6
P00121,A00388,1
P00121,A00033,2
P00121,A00030,3
P00122,A00177,1
P00122,A00026,2
P00122,A00025,3
P00122,A00176,4
P00123,A00389,1
P00123,A00390,2
P00124,A00391,1
P00124,A00179,2
P00124,A00392,3
P00124,A00393,4
P00125,A00264,1
P00125,A00394,2
P00125,A00395,3
P00125,A00265,4
P00125,A00396,5
P00126,A00397,1
P00126,A00398,2
P00126,A00399,3
P00126,A00400,4
P00127,A00401,1
P00127,A00402,2
P00127,A00403,3
P00127,A00087,4
P00127,A00404,5
P00127,A00405,6
P00128,A00406,1
P00128,A00225,2
P00128,A00395,3
P00128,A00226,4
P00128,A00264,5
P00129,A00282,1
P00129,A00285,2
P00129,A00283,3
P00129,A00284,4
P00130,A00368,1
P00130,A00369,2
P00130,A00283,3
P00131,A00201,1
P00131,A00231,2
P00131,A00407,3
P00131,A00236,4
P00132,A00408,1
P00133,A00409,1
P00133,A00410,2
P00133,A00411,3
P00133,A00412,4
P00133,A00413,5
P00134,A00414,1
P00134,A00415,2
P00134,A00416,3
P00134,A00417,4
P00134,A00418,5
P00134,A00419,6
P00134,A00420,7
P00134,A00421,8
P00134,A00039,9
P00135,A00408,1
P00136,A00422,1
P00136,A00423,2
P00137,A00424,1
P00137,A00425,2
P00137,A00426,3
P00138,A00381,1
P00138,A00025,2
P00138,A00026,3
P00139,A00427,1
P00139,A00428,2
P00139,A00312,3
P00139,A00063,4
P00139,A00429,5
P00140,A00180,1
P00140,A00221,2
P00141,A00430,1
P00142,A00431,1
P00142,A00067,2
P00143,A00432,1
P00143,A00433,2
P00144,A00434,1
P00145,A00435,1
P00145,A00436,2
P00145,A00007,3
P00145,A00437,4
P00145,A00438,5
P00145,A00439,6
P00146,A00440,1
P00146,A00169,2
P00146,A00441,3
P00146,A00171,4
P00146,A00170,5
P00147,A00440,1
P00147,A00169,2
P00147,A00441,3
P00147,A00171,4
P00147,A00170,5
P00148,A00442,1
P00148,A00443,2
P00148,A00444,3
P00149,A00153,1
P00149,A00287,2
P00149,A00039,3
P00150,A00160,1
P00150,A00445,2
P00150,A00156,3
P00150,A00154,4
P00151,A00446,1
P00151,A00447,2
P00151,A00448,3
P00151,A00449,4
P00151,A00450,5
P00151,A00451,6
P00151,A00452,7
P00151,A00453,8
P00151,A00454,9
P00151,A00455,10
P00151,A00221,11
P00151,A00456,12
P00151,A00026,13
P00151,A00392,14
P00151,A00067,15
P00152,A00457,1
P00152,A00458,2
P00152,A00459,3
P00153,A00408,1
P00154,A00460,1
P00154,A00461,2
P00154,A00462,3
P00154,A00463,4
P00154,A00464,5
P00154,A00430,6
P00154,A00008,7
P00154,A00465,8
P00154,A00240,9
P00155,A00225,1
P00156,A00466,1
P00156,A00391,2
P00156,A00467,3
P00156,A00468,4
P00157,A00443,1
P00157,A00369,2
P00157,A00469,3
P00157,A00470,4
P00157,A00471,5
P00158,A00472,1
P00158,A00314,2
P00158,A00473,3
P00158,A00456,4
P00159,A00474,1
P00159,A00475,2
P00159,A00476,3
P00159,A00477,4
P00159,A00478,5
P00160,A00479,1
P00160,A00480,2
P00160,A00481,3
P00160,A00482,4
P00160,A00483,5
P00160,A00484,6
P00160,A00485,7
P00160,A00486,8
P00160,A00487,9
P00160,A00488,10
P00160,A00489,11
P00160,A00490,12
P00160,A00491,13
P00160,A00492,14
P00160,A00260,15
P00160,A00493,16
P00160,A00494,17
P00160,A00495,18
P00160,A00496,19
P00160,A00497,20
P00160,A00498,21
P00160,A00499,22
P00160,A00500,23
P00160,A00501,24
P00160,A00502,25
P00160,A00503,26
P00160,A00504,27
P00160,A00505,28
P00160,A00506,29
P00160,A00507,30
P00160,A00508,31
P00160,A00509,32
P00160,A00510,33
P00160,A00511,34
P00160,A00512,35
P00160,A00513,36
P00160,A00514,37
P00160,A00515,38
P00160,A00516,39
P00160,A00517,40
P00160,A00518,41
P00161,A00519,1
P00161,A00520,2
P00161,A00004,3
P00162,A00521,1
P00162,A00520,2
P00162,A00004,3
P00163,A00522,1
P00163,A00523,2
P00163,A00524,3
P00164,A00525,1
P00164,A00526,2
P00164,A00527,3
P00164,A00528,4
P00164,A00417,5
P00164,A00529,6
P00165,A00530,1
P00165,A00531,2
P00165,A00532,3
P00165,A00533,4
P00165,A00080,5
P00165,A00534,6
P00166,A00258,1
P00166,A00259,2
P00166,A00261,3
P00166,A00262,4
P00166,A00535,5
P00166,A00260,6
P00166,A00536,7
P00166,A00537,8
P00166,A00538,9
P00166,A00539,10
P00167,A00540,1
P00167,A00541,2
P00167,A00542,3
P00168,A00408,1
P00168,A00543,2
P00168,A00544,3
P00169,A00336,1
P00169,A00545,2
P00169,A00218,3
P00169,A00003,4
P00170,A00368,1
P00170,A00283,2
P00170,A00369,3
P00170,A00371,4
P00171,A00546,1
P00171,A00547,2
P00171,A00548,3
P00171,A00549,4
P00172,A00381,1
P00172,A00367,2
P00172,A00383,3
P00173,A00088,1
P00173,A00221,2
P00173,A00004,3
P00173,A00178,4
P00173,A00336,5
P00173,A00141,6
P00174,A00177,1
P00174,A00550,2
P00175,A00089,1
P00175,A00004,2
P00175,A00551,3
P00175,A00552,4
P00176,A00553,1
P00176,A00168,2
P00176,A00264,3
P00176,A00554,4
P00176,A00225,5
P00176,A00221,6
P00176,A00231,7
P00176,A00468,8
P00176,A00456,9
P00176,A00555,10
P00177,A00556,1
P00177,A00557,2
P00177,A00558,3
P00177,A00559,4
P00177,A00560,5
P00177,A00561,6
P00177,A00562,7
P00177,A00563,8
P00178,A00223,1
P00178,A00441,2
P00178,A00169,3
P00178,A00564,4
P00178,A00565,5
P00178,A00014,6
P00178,A00067,7
P00179,A00271,1
P00180,A00566,1
P00180,A00225,2
P00180,A00395,3
P00180,A00567,4
P00180,A00265,5
P00181,A00568,1
P00181,A00569,2
P00181,A00570,3
P00181,A00571,4
P00181,A00572,5
P00181,A00219,6
P00182,A00265,1
P00182,A00067,2
P00182,A00406,3
P00182,A00264,4
P00183,A00573,1
P00183,A00086,2
P00184,A00210,1
P00184,A00212,2
P00184,A00211,3
P00185,A00574,1
P00185,A00575,2
P00185,A00576,3
P00185,A00577,4
P00186,A00166,1
P00186,A00168,2
P00186,A00578,3
P00186,A00305,4
P00186,A00141,5
P00186,A00221,6
P00186,A00579,7
P00186,A00067,8
P00186,A00167,9
P00186,A00075,10
P00186,A00170,11
P00186,A00203,12
P00186,A00144,13
P00186,A00171,14
P00187,A00580,1
P00187,A00581,2
P00187,A00582,3
P00187,A00583,4
P00188,A00062,1
P00188,A00584,2
P00189,A00585,1
P00189,A00221,2
P00189,A00180,3
P00190,A00153,1
P00191,A00586,1
P00191,A00587,2
P00191,A00588,3
P00191,A00589,4
P00192,A00434,1
P00192,A00004,2
P00192,A00590,3
P00193,A00434,1
P00193,A00591,2
P00193,A00592,3
P00193,A00590,4
P00193,A00004,5
P00193,A00593,6
P00193,A00554,7
P00193,A00594,8
P00194,A00595,1
P00194,A00087,2
P00194,A00596,3
P00194,A00597,4
P00194,A00598,5
P00194,A00599,6
P00194,A00362,7
P00194,A00314,8
P00194,A00600,9
P00194,A00601,10
P00194,A00602,11
P00194,A00603,12
P00194,A00604,13
P00194,A00605,14
P00194,A00606,15
P00195,A00394,1
P00195,A00264,2
P00196,A00408,1
P00196,A00607,2
P00197,A00608,1
P00198,A00609,1
P00198,A00610,2
P00198,A00584,3
P00198,A00063,4
P00199,A00391,1
P00199,A00144,2
P00199,A00611,3
P00200,A00612,1
P00200,A00613,2
P00200,A00614,3
P00200,A00615,4
P00200,A00616,5
P00201,A00617,1
P00201,A00618,2
P00201,A00390,3
P00202,A00408,1
P00202,A00607,2
P00202,A00619,3
P00202,A00620,4
P00203,A00435,1
P00203,A00436,2
P00203,A00621,3
P00203,A00007,4
P00203,A00117,5
P00204,A00408,1
P00204,A00543,2
P00204,A00622,3
P00205,A00521,1
P00205,A00004,2
P00205,A00623,3
P00205,A00624,4
P00205,A00625,5
P00206,A00626,1
P00206,A00627,2
P00206,A00628,3
P00206,A00629,4
P00206,A00630,5
P00206,A00631,6
P00206,A00632,7
P00207,A00633,1
P00207,A00114,2
P00207,A00634,3
P00207,A00635,4
P00208,A00636,1
P00208,A00637,2
P00208,A00638,3
P00208,A00639,4
P00208,A00640,5
P00208,A00641,6
P00208,A00642,7
P00208,A00643,8
P00208,A00644,9
P00209,A00645,1
P00209,A00177,2
P00209,A00026,3
P00209,A00646,4
P00209,A00051,5
P00209,A00291,6
P00210,A00619,1
P00210,A00607,2
P00210,A00408,3
P00211,A00585,1
P00211,A00647,2
P00211,A00648,3
P00211,A00114,4
P00212,A00610,1
P00212,A00063,2
P00212,A00649,3
P00212,A00650,4
P00212,A00651,5
P00212,A00170,6
P00212,A00652,7
P00213,A00653,1
P00213,A00654,2
P00213,A00655,3
P00213,A00180,4
P00213,A00656,5
P00214,A00088,1
P00214,A00436,2
P00214,A00657,3
P00214,A00290,4
P00214,A00004,5
P00214,A00221,6
P00215,A00193,1
P00215,A00030,2
P00215,A00033,3
P00215,A00295,4
P00216,A00658,1
P00216,A00651,2
P00216,A00652,3
P00216,A00218,4
P00217,A00659,1
P00217,A00660,2
P00217,A00661,3
P00217,A00662,4
P00217,A00663,5
P00217,A00664,6
P00217,A00665,7
P00217,A00666,8
P00217,A00667,9
P00217,A00668,10
P00217,A00669,11
P00217,A00670,12
P00217,A00671,13
P00217,A00672,14
P00217,A00673,15
P00217,A00674,16
P00217,A00675,17
P00217,A00676,18
P00217,A00677,19
P00217,A00678,20
P00217,A00679,21
P00217,A00087,22
P00217,A00314,23
P00217,A00680,24
P00217,A00681,25
P00217,A00682,26
P00217,A00683,27
P00217,A00404,28
P00217,A00684,29
P00218,A00088,1
P00218,A00436,2
P00218,A00657,3
P00218,A00290,4
P00218,A00004,5
P00218,A00221,6
P00219,A00685,1
P00220,A00369,1
P00220,A00433,2
P00221,A00369,1
P00221,A00283,2
P00221,A00368,3
P00221,A00385,4
P00222,A00056,1
P00222,A00383,2
P00222,A00384,3
P00222,A00051,4
P00223,A00686,1
P00223,A00687,2
P00224,A00149,1
P00224,A00148,2
P00224,A00256,3
P00224,A00688,4
P00224,A00689,5
P00224,A00150,6
P00224,A00690,7
P00225,A00406,1
P00225,A00067,2
P00225,A00221,3
P00225,A00014,4
P00226,A00691,1
P00226,A00624,2
P00226,A00692,3
P00226,A00091,4
P00226,A00693,5
P00226,A00694,6
P00227,A00695,1
P00227,A00696,2
P00227,A00697,3
P00227,A00698,4
P00228,A00153,1
P00228,A00699,2
P00228,A00700,3
P00228,A00701,4
P00228,A00702,5
P00229,A00391,1
P00229,A00392,2
P00229,A00229,3
P00229,A00466,4
P00229,A00179,5
P00229,A00393,6
P00229,A00703,7
P00230,A00645,1
P00230,A00026,2
P00230,A00177,3
P00230,A00051,4
P00230,A00704,5
P00230,A00705,6
P00231,A00706,1
P00231,A00707,2
P00231,A00708,3
P00232,A00709,1
P00232,A00439,2
P00232,A00089,3
P00232,A00438,4
P00232,A00004,5
P00232,A00710,6
P00233,A00609,1
P00233,A00584,2
P00234,A00711,1
P00234,A00264,2
P00234,A00712,3
P00235,A00713,1
P00235,A00168,2
P00235,A00406,3
P00235,A00264,4
P00235,A00554,5
P00235,A00712,6
P00235,A00714,7
P00235,A00715,8
P00235,A00716,9
P00235,A00717,10
P00235,A00718,11
P00235,A00719,12
P00235,A00720,13
P00236,A00383,1
P00236,A00367,2
P00236,A00721,3
P00237,A00722,1
P00238,A00369,1
P00238,A00433,2
P00239,A00723,1
P00240,A00264,1
P00240,A00265,2
P00240,A00724,3
P00240,A00712,4
P00240,A00406,5
P00241,A00584,1
P00241,A00062,2
P00242,A00725,1
P00242,A00264,2
P00243,A00391,1
P00243,A00144,2
P00243,A00611,3
P00244,A00726,1
P00244,A00727,2
P00244,A00728,3
P00244,A00177,4
P00244,A00729,5
P00244,A00231,6
P00245,A00585,1
P00245,A00180,2
P00246,A00730,1
P00246,A00731,2
P00247,A00521,1
P00247,A00004,2
P00247,A00732,3
P00247,A00520,4
P00247,A00180,5
P00247,A00221,6
P00247,A00555,7
P00248,A00148,1
P00248,A00256,2
P00248,A00733,3
P00248,A00150,4
P00249,A00734,1
P00250,A00395,1
P00250,A00735,2
P00250,A00394,3
P00250,A00265,4
P00250,A00736,5
P00250,A00264,6
P00250,A00567,7
P00250,A00067,8
P00250,A00478,9
P00250,A00584,10
P00250,A00737,11
P00250,A00738,12
P00251,A00177,1
P00251,A00645,2
P00251,A00004,3
P00251,A00739,4
P00252,A00740,1
P00252,A00741,2
P00252,A00742,3
P00253,A00743,1
P00253,A00315,2
P00253,A00173,3
P00253,A00744,4
P00253,A00068,5
P00253,A00170,6
P00253,A00584,7
P00253,A00311,8
P00253,A00360,9
P00253,A00745,10
P00254,A00746,1
P00254,A00747,2
P00254,A00584,3
P00254,A00170,4
P00254,A00748,5
P00254,A00749,6
P00255,A00750,1
P00255,A00144,2
P00255,A00751,3
P00255,A00173,4
P00255,A00752,5
P00255,A00753,6
P00255,A00754,7
P00255,A00755,8
P00255,A00756,9
P00256,A00114,1
P00257,A00757,1
P00257,A00437,2
P00257,A00436,3
P00257,A00007,4
P00258,A00062,1
P00258,A00144,2
P00258,A00441,3
P00258,A00227,4
P00259,A00758,1
P00259,A00759,2
P00259,A00231,3
P00260,A00406,1
P00260,A00554,2
P00260,A00234,3
P00260,A00760,4
P00260,A00468,5
P00261,A00521,1
P00261,A00623,2
P00261,A00004,3
P00261,A00624,4
P00261,A00625,5
P00262,A00761,1
P00262,A00762,2
P00262,A00723,3
P00262,A00218,4
P00263,A00763,1
P00264,A00764,1
P00264,A00765,2
P00264,A00030,3
P00264,A00766,4
P00264,A00767,5
P00265,A00609,1
P00265,A00584,2
P00266,A00609,1
P00266,A00584,2
P00267,A00768,1
P00267,A00769,2
P00267,A00770,3
P00267,A00771,4
P00267,A00772,5
P00267,A00773,6
P00267,A00774,7
P00267,A00775,8
P00267,A00776,9
P00267,A00777,10
P00267,A00778,11
P00268,A00388,1
P00268,A00033,2
P00268,A00030,3
P00269,A00779,1
P00269,A00780,2
P00269,A00781,3
P00269,A00782,4
P00270,A00153,1
P00270,A00699,2
P00270,A00700,3
P00270,A00701,4
P00270,A00702,5
P00271,A00239,1
P00271,A00284,2
P00271,A00783,3
P00272,A00239,1
P00272,A00783,2
P00272,A00284,3
P00273,A00062,1
P00273,A00144,2
P00273,A00441,3
P00274,A00784,1
P00274,A00785,2
P00274,A00692,3
P00274,A00375,4
P00274,A00786,5
P00275,A00787,1
P00275,A00788,2
P00275,A00789,3
P00276,A00787,1
P00276,A00788,2
P00276,A00789,3
P00277,A00519,1
P00277,A00026,2
P00277,A00177,3
P00277,A00433,4
P00277,A00790,5
P00277,A00704,6
P00277,A00375,7
P00278,A00791,1
P00278,A00792,2
P00278,A00569,3
P00278,A00570,4
P00278,A00793,5
P00278,A00093,6
P00279,A00703,1
P00279,A00467,2
P00279,A00167,3
P00279,A00794,4
P00279,A00229,5
P00279,A00067,6
P00280,A00795,1
P00280,A00796,2
P00280,A00797,3
P00280,A00798,4
P00280,A00799,5
P00280,A00800,6
P00280,A00801,7
P00280,A00802,8
P00280,A00803,9
P00281,A00727,1
P00281,A00004,2
P00282,A00394,1
P00282,A00265,2
P00282,A00395,3
P00282,A00804,4
P00282,A00264,5
P00282,A00226,6
P00282,A00067,7
P00282,A00168,8
P00282,A00567,9
P00282,A00736,10
P00282,A00805,11
P00283,A00806,1
P00283,A00807,2
P00283,A00692,3
P00283,A00808,4
P00283,A00624,5
P00284,A00286,1
P00284,A00153,2
P00284,A00039,3
P00284,A00809,4
P00285,A00521,1
P00285,A00810,2
P00285,A00008,3
P00285,A00430,4
P00286,A00391,1
P00286,A00811,2
P00286,A00812,3
P00286,A00179,4
P00287,A00004,1
P00287,A00521,2
P00288,A00813,1
P00289,A00691,1
P00289,A00814,2
P00289,A00815,3
P00290,A00816,1
P00290,A00817,2
P00290,A00325,3
P00290,A00815,4
P00290,A00818,5
P00290,A00819,6
P00291,A00820,1
P00291,A00821,2
P00291,A00135,3
P00291,A00030,4
P00292,A00822,1
P00292,A00271,2
P00292,A00319,3
P00292,A00318,4
P00293,A00157,1
P00293,A00154,2
P00293,A00159,3
P00293,A00160,4
P00294,A00157,1
P00294,A00154,2
P00294,A00155,3
P00294,A00160,4
P00295,A00822,1
P00295,A00823,2
P00295,A00824,3
P00295,A00271,4
P00295,A00825,5
P00295,A00826,6
P00295,A00827,7
P00295,A00319,8
P00295,A00318,9
P00296,A00264,1
P00296,A00828,2
P00296,A00829,3
P00296,A00225,4
P00297,A00830,1
P00297,A00831,2
P00297,A00832,3
P00297,A00833,4
P00297,A00834,5
P00298,A00835,1
P00298,A00836,2
P00298,A00323,3
P00298,A00837,4
P00298,A00838,5
P00298,A00839,6
P00298,A00608,7
P00299,A00383,1
P00299,A00381,2
P00299,A00384,3
P00299,A00382,4
P00300,A00167,1
P00300,A00840,2
P00300,A00841,3
P00300,A00842,4
P00300,A00656,5
P00300,A00843,6
P00300,A00844,7
P00300,A00845,8
P00300,A00846,9
P00300,A00847,10
P00300,A00848,11
P00300,A00849,12
P00300,A00850,13
P00300,A00851,14
P00300,A00852,15
P00300,A00853,16
P00300,A00725,17
P00300,A00712,18
P00300,A00608,19
P00300,A00322,20
P00300,A00854,21
P00300,A00855,22
P00300,A00023,23
P00300,A00856,24
P00300,A00857,25
P00300,A00858,26
P00300,A00859,27
P00300,A00860,28
P00300,A00861,29
P00300,A00862,30
P00300,A00863,31
P00300,A00654,32
P00300,A00864,33
P00300,A00865,34
P00300,A00866,35
P00300,A00067,36
P00300,A00068,37
P00300,A00867,38
P00301,A00167,1
P00301,A00841,2
P00301,A00656,3
P00301,A00840,4
P00301,A00844,5
P00301,A00852,6
P00301,A00725,7
P00301,A00846,8
P00301,A00861,9
P00301,A00845,10
P00301,A00608,11
P00301,A00862,12
P00301,A00855,13
P00301,A00023,14
P00301,A00849,15
P00301,A00850,16
P00301,A00851,17
P00301,A00853,18
P00301,A00868,19
P00301,A00322,20
P00301,A00854,21
P00301,A00856,22
P00301,A00857,23
P00301,A00843,24
P00301,A00858,25
P00301,A00859,26
P00301,A00860,27
P00301,A00712,28
P00301,A00847,29
P00301,A00863,30
P00301,A00654,31
P00301,A00864,32
P00301,A00842,33
P00301,A00865,34
P00301,A00866,35
P00301,A00067,36
P00301,A00068,37
P00301,A00867,38
P00302,A00325,1
P00302,A00167,2
P00302,A00654,3
P00302,A00865,4
P00302,A00869,5
P00302,A00656,6
P00302,A00322,7
P00302,A00067,8
P00302,A00842,9
P00302,A00870,10
P00302,A00871,11
P00302,A00872,12
P00302,A00873,13
P00302,A00874,14
P00302,A00875,15
P00302,A00876,16
P00302,A00858,17
P00302,A00391,18
P00302,A00608,19
P00302,A00857,20
P00302,A00859,21
P00302,A00877,22
P00302,A00878,23
P00302,A00816,24
P00302,A00879,25
P00302,A00880,26
P00302,A00881,27
P00302,A00882,28
P00302,A00846,29
P00302,A00883,30
P00302,A00847,31
P00302,A00221,32
P00302,A00884,33
P00302,A00885,34
P00302,A00886,35
P00302,A00845,36
P00302,A00584,37
P00302,A00867,38
P00302,A00848,39
P00302,A00887,40
P00302,A00888,41
P00302,A00889,42
P00302,A00170,43
P00302,A00890,44
P00302,A00856,45
P00302,A00712,46
P00302,A00180,47
P00302,A00390,48
P00302,A00891,49
P00302,A00892,50
P00302,A00851,51
P00302,A00819,52
P00302,A00855,53
P00302,A00853,54
P00302,A00893,55
P00302,A00178,56
P00302,A00617,57
P00302,A00725,58
P00302,A00894,59
P00303,A00895,1
P00303,A00896,2
P00304,A00170,1
P00304,A00584,2
P00304,A00610,3
P00305,A00897,1
P00305,A00898,2
P00305,A00899,3
P00305,A00900,4
P00305,A00901,5
P00305,A00902,6
P00305,A00903,7
P00306,A00904,1
P00307,A00618,1
P00307,A00218,2
P00307,A00761,3
P00307,A00114,4
P00308,A00725,1
P00308,A00168,2
P00308,A00265,3
P00308,A00905,4
P00308,A00067,5
P00308,A00406,6
P00308,A00712,7
P00308,A00264,8
P00308,A00857,9
P00308,A00873,10
P00308,A00906,11
P00308,A00720,12
P00309,A00907,1
P00309,A00908,2
P00310,A00394,1
P00310,A00264,2
P00310,A00909,3
P00310,A00910,4
P00310,A00911,5
P00310,A00912,6
P00310,A00913,7
P00311,A00914,1
P00311,A00915,2
P00311,A00916,3
P00311,A00917,4
P00311,A00918,5
P00311,A00919,6
P00311,A00920,7
P00311,A00921,8
P00311,A00881,9
P00311,A00093,10
P00311,A00815,11
P00311,A00088,12
P00311,A00922,13
P00311,A00817,14
P00311,A00923,15
P00311,A00883,16
P00311,A00325,17
P00311,A00167,18
P00311,A00924,19
P00311,A00893,20
P00311,A00872,21
P00312,A00618,1
P00312,A00218,2
P00312,A00761,3
P00313,A00711,1
P00313,A00406,2
P00313,A00264,3
P00313,A00448,4
P00313,A00449,5
P00313,A00925,6
P00314,A00926,1
P00314,A00007,2
P00315,A00521,1
P00315,A00004,2
P00315,A00732,3
P00315,A00436,4
P00315,A00221,5
P00315,A00180,6
P00315,A00178,7
P00315,A00554,8
P00315,A00093,9
P00315,A00375,10
P00315,A00624,11
P00316,A00927,1
P00316,A00680,2
P00316,A00928,3
P00316,A00929,4
P00316,A00930,5
P00316,A00931,6
P00316,A00932,7
P00316,A00933,8
P00316,A00934,9
P00317,A00935,1
P00317,A00936,2
P00317,A00937,3
P00317,A00938,4
P00317,A00939,5
P00317,A00940,6
P00317,A00941,7
P00318,A00942,1
P00318,A00943,2
P00318,A00944,3
P00318,A00945,4
P00318,A00946,5
P00318,A00947,6
P00318,A00948,7
P00319,A00949,1
P00319,A00584,2
P00320,A00872,1
P00320,A00859,2
P00320,A00950,3
P00320,A00893,4
P00320,A00951,5
P00320,A00952,6
P00320,A00953,7
P00320,A00846,8
P00320,A00954,9
P00320,A00955,10
P00320,A00956,11
P00320,A00874,12
P00320,A00957,13
P00320,A00887,14
P00320,A00958,15
P00320,A00857,16
P00320,A00843,17
P00320,A00959,18
P00320,A00960,19
P00320,A00961,20
P00320,A00840,21
P00321,A00962,1
P00321,A00963,2
P00321,A00964,3
P00321,A00965,4
P00322,A00723,1
P00322,A00817,2
P00322,A00762,3
P00322,A00966,4
P00322,A00090,5
P00322,A00220,6
P00322,A00967,7
P00323,A00905,1
P00323,A00168,2
P00323,A00968,3
P00323,A00554,4
P00323,A00969,5
P00323,A00091,6
P00323,A00624,7
P00323,A00970,8
P00323,A00971,9
P00323,A00972,10
P00323,A00973,11
P00323,A00171,12
P00323,A00974,13
P00323,A00975,14
P00323,A00976,15
P00323,A00786,16
P00324,A00144,1
P00324,A00441,2
P00325,A00406,1
P00325,A00067,2
P00325,A00755,3
P00325,A00760,4
P00326,A00609,1
P00326,A00584,2
P00327,A00977,1
P00327,A00978,2
P00327,A00979,3
P00327,A00295,4
P00327,A00193,5
P00327,A00030,6
P00328,A00980,1
P00328,A00596,2
P00328,A00981,3
P00329,A00982,1
P00329,A00983,2
P00329,A00984,3
P00329,A00985,4
P00329,A00403,5
P00329,A00170,6
P00329,A00986,7
P00329,A00987,8
P00329,A00988,9
P00330,A00989,1
P00330,A00990,2
P00330,A00991,3
P00330,A00992,4
P00330,A00762,5
P00330,A00917,6
P00330,A00993,7
P00330,A00994,8
P00330,A00988,9
P00331,A00433,1
P00331,A00369,2
P00332,A00995,1
P00332,A00610,2
P00333,A00996,1
P00333,A00403,2
P00333,A00997,3
P00333,A00998,4
P00333,A00311,5
P00333,A00401,6
P00333,A00999,7
P00333,A00310,8
P00333,A00597,9
P00333,A00402,10
P00333,A01000,11
P00334,A01001,1
P00335,A01002,1
P00335,A01003,2
P00335,A00229,3
P00335,A01004,4
P00335,A01005,5
P00335,A01006,6
P00336,A01007,1
P00336,A00651,2
P00336,A01008,3
P00336,A00652,4
P00336,A00218,5
P00337,A01009,1
P00337,A00180,2
P00337,A01010,3
P00338,A00369,1
P00338,A00433,2
P00339,A00566,1
P00339,A00395,2
P00339,A00067,3
P00339,A01011,4
P00339,A00804,5
P00340,A00739,1
P00340,A00732,2
P00340,A01012,3
P00340,A01013,4
P00341,A00210,1
P00341,A01014,2
P00341,A01015,3
P00342,A01016,1
P00342,A00264,2
P00342,A00448,3
P00342,A00449,4
P00342,A00925,5
P00343,A00608,1
P00344,A00406,1
P00344,A00554,2
P00344,A00223,3
P00344,A00221,4
P00344,A00231,5
P00344,A00178,6
P00344,A00456,7
P00345,A00062,1
P00345,A00144,2
P00345,A00441,3
P00346,A00713,1
P00346,A00168,2
P00346,A00711,3
P00346,A00067,4
P00346,A00264,5
P00346,A01017,6
P00346,A01018,7
P00346,A01019,8
P00346,A01020,9
P00346,A00719,10
P00346,A00720,11
P00347,A00433,1
P00347,A00790,2
P00347,A00026,3
P00347,A01021,4
P00347,A00732,5
P00348,A01016,1
P00348,A00264,2
P00348,A00168,3
P00349,A01022,1
P00349,A01023,2
P00349,A01024,3
P00349,A01025,4
P00349,A01026,5
P00349,A00076,6
P00350,A00030,1
P00350,A00193,2
P00350,A00033,3
P00350,A00295,4
P00351,A01027,1
P00351,A00086,2
P00351,A00291,3
P00351,A01028,4
P00351,A01029,5
P00352,A01030,1
P00352,A01031,2
P00352,A01032,3
P00353,A01033,1
P00353,A01034,2
P00354,A01035,1
P00354,A01036,2
P00355,A00468,1
P00355,A00391,2
P00355,A00224,3
P00355,A00221,4
P00355,A00179,5
P00356,A00066,1
P00356,A01037,2
P00356,A01038,3
P00357,A01039,1
P00357,A01040,2
P00357,A00234,3
P00357,A00235,4
P00357,A00224,5
P00357,A00593,6
P00357,A00231,7
P00357,A01041,8
P00358,A00608,1
P00358,A00869,2
P00358,A01042,3
P00358,A00972,4
P00358,A00836,5
P00358,A00068,6
P00359,A00712,1
P00359,A00264,2
P00359,A00406,3
P00359,A00180,4
P00359,A01043,5
P00360,A01044,1
P00360,A01045,2
P00360,A00406,3
P00360,A00234,4
P00360,A00554,5
P00361,A00543,1
P00361,A00224,2
P00361,A01046,3
P00361,A00555,4
P00361,A00233,5
P00362,A01047,1
P00362,A01048,2
P00363,A01049,1
P00363,A01050,2
P00363,A00915,3
P00363,A01051,4
P00363,A01052,5
P00363,A01053,6
P00363,A00974,7
P00364,A00543,1
P00364,A00224,2
P00365,A01054,1
P00365,A01055,2
P00365,A01056,3
P00365,A01057,4
P00365,A01058,5
P00366,A01059,1
P00366,A01060,2
P00366,A00041,3
P00366,A01061,4
P00367,A00369,1
P00367,A00433,2
P00367,A01062,3
P00367,A00007,4
P00367,A01063,5
P00367,A00023,6
P00368,A01064,1
P00368,A00704,2
P00368,A00441,3
P00368,A00998,4
P00368,A01065,5
P00368,A01066,6
P00369,A00922,1
P00369,A00761,2
P00369,A00924,3
P00369,A00815,4
P00369,A00264,5
P00369,A01067,6
P00369,A01068,7
P00369,A00914,8
P00369,A00916,9
P00369,A01069,10
P00369,A00857,11
P00369,A00917,12
P00369,A00325,13
P00370,A01070,1
P00370,A01071,2
P00370,A01072,3
P00370,A00755,4
P00370,A00026,5
P00370,A00652,6
P00370,A01073,7
P00370,A00126,8
P00370,A01074,9
P00371,A00434,1
P00371,A01075,2
P00371,A01076,3
P00371,A00591,4
P00371,A01077,5
P00372,A01078,1
P00372,A01079,2
P00372,A01080,3
P00373,A00651,1
P00373,A00596,2
P00373,A01081,3
P00373,A01082,4
P00374,A01083,1
P00374,A01084,2
P00374,A00221,3
P00374,A01085,4
P00375,A00151,1
P00375,A01086,2
P00375,A01087,3
P00375,A01088,4
P00375,A01089,5
P00375,A01090,6
P00376,A01091,1
P00376,A01092,2
P00376,A01093,3
P00376,A01094,4
P00377,A01095,1
P00377,A00168,2
P00377,A00448,3
P00377,A00786,4
P00377,A00264,5
P00378,A00634,1
P00379,A00281,1
P00379,A00153,2
P00379,A01096,3
P00379,A00156,4
P00379,A01097,5
P00379,A01098,6
P00379,A01099,7
P00380,A01100,1
P00380,A01101,2
P00380,A00218,3
P00380,A01102,4
P00381,A00288,1
P00381,A01103,2
P00381,A01104,3
P00382,A00519,1
P00382,A01105,2
P00382,A01106,3
P00382,A00026,4
P00382,A00449,5
P00382,A01107,6
P00383,A01108,1
P00383,A01105,2
P00383,A01109,3
P00383,A01110,4
P00383,A00367,5
P00383,A00311,6
P00383,A01111,7
P00383,A00180,8
P00383,A00454,9
P00384,A01112,1
P00384,A00144,2
P00384,A00441,3
P00385,A01113,1
P00385,A01114,2
P00385,A01115,3
P00385,A01116,4
P00386,A00391,1
P00386,A00224,2
P00386,A00468,3
P00386,A00179,4
P00387,A00675,1
P00387,A01117,2
P00387,A01118,3
P00387,A01119,4
P00387,A00846,5
P00387,A00845,6
P00388,A01003,1
P00388,A01002,2
P00388,A01005,3
P00388,A01120,4
P00388,A01121,5
P00388,A00229,6
P00388,A01004,7
P00388,A00648,8
P00388,A01122,9
P00388,A01123,10
P00388,A01006,11
P00389,A01124,1
P00389,A01125,2
P00389,A00728,3
P00389,A00428,4
P00389,A01126,5
P00389,A01127,6
P00390,A00088,1
P00390,A00712,2
P00390,A01016,3
P00390,A00264,4
P00391,A00543,1
P00391,A01046,2
P00391,A01036,3
P00391,A00224,4
P00391,A00554,5
P00392,A00822,1
P00392,A00271,2
P00392,A00319,3
P00392,A00318,4
P00393,A01128,1
P00393,A01129,2
P00393,A01130,3
P00393,A01131,4
P00393,A01132,5
P00393,A01133,6
P00394,A01134,1
P00394,A00742,2
P00394,A00740,3
P00394,A01135,4
P00394,A01136,5
P00394,A01137,6
P00395,A00068,1
P00395,A01138,2
P00395,A00793,3
P00395,A01139,4
P00395,A01140,5
P00396,A00151,1
P00397,A01141,1
P00397,A00732,2
P00397,A00004,3
P00397,A00089,4
P00397,A01040,5
P00398,A01142,1
P00398,A01143,2
P00398,A00554,3
P00398,A01144,4
P00398,A01145,5
P00398,A01146,6
P00398,A01147,7
P00398,A01148,8
P00398,A01149,9
P00399,A01150,1
P00399,A01151,2
P00399,A01152,3
P00400,A01153,1
P00400,A01154,2
P00400,A01155,3
P00400,A01156,4
P00401,A00151,1
P00401,A01157,2
P00402,A01158,1
P00402,A01159,2
P00402,A01160,3
P00402,A00554,4
P00403,A01161,1
P00403,A01162,2
P00403,A00709,3
P00403,A00005,4
P00404,A01163,1
P00404,A00222,2
P00404,A00144,3
P00404,A00223,4
P00404,A01164,5
P00405,A01009,1
P00405,A01165,2
P00405,A00762,3
P00405,A00691,4
P00406,A01166,1
P00406,A00403,2
P00406,A00260,3
P00406,A00996,4
P00407,A00586,1
P00407,A00588,2
P00407,A00224,3
P00407,A01167,4
P00407,A00555,5
P00407,A01168,6
P00407,A01169,7
P00408,A01170,1
P00409,A01171,1
P00409,A01172,2
P00410,A00366,1
P00410,A00007,2
P00410,A01105,3
P00410,A00367,4
P00411,A01045,1
P00411,A01044,2
P00411,A00554,3
P00411,A00406,4
P00411,A00234,5
P00411,A01033,6
P00411,A01173,7
P00412,A00229,1
P00412,A00467,2
P00412,A01174,3
P00412,A00067,4
P00412,A01175,5
P00413,A00369,1
P00413,A00433,2
P00413,A00007,3
P00413,A01062,4
P00413,A01176,5
P00413,A01063,6
P00414,A01177,1
P00414,A00645,2
P00414,A00732,3
P00414,A00026,4
P00414,A01178,5
P00415,A01179,1
P00415,A01180,2
P00415,A00848,3
P00415,A00815,4
P00415,A01044,5
P00415,A01181,6
P00415,A01182,7
P00416,A00757,1
P00416,A00762,2
P00416,A00436,3
P00416,A00007,4
P00416,A01183,5
P00416,A00088,6
P00417,A01184,1
P00417,A00264,2
P00417,A00265,3
P00417,A00406,4
P00417,A00805,5
P00418,A01185,1
P00419,A00482,1
P00419,A00480,2
P00419,A00502,3
P00419,A01186,4
P00419,A00479,5
P00419,A00483,6
P00419,A00518,7
P00419,A01187,8
P00419,A01188,9
P00419,A01189,10
P00419,A00484,11
P00419,A00507,12
P00419,A00260,13
P00419,A00505,14
P00419,A00499,15
P00419,A01190,16
P00420,A01191,1
P00420,A01192,2
P00420,A01193,3
P00421,A01194,1
P00421,A00452,2
P00421,A01195,3
P00421,A00992,4
P00421,A00455,5
P00421,A00901,6
P00421,A01196,7
P00421,A00873,8
P00421,A00034,9
P00421,A00865,10
P00421,A00454,11
P00421,A01197,12
P00421,A01065,13
P00421,A01198,14
P00421,A01199,15
P00421,A01200,16
P00422,A00691,1
P00422,A00815,2
P00422,A01201,3
P00422,A00305,4
P00422,A00203,5
P00422,A01202,6
P00423,A00650,1
P00423,A00169,2
P00423,A01203,3
P00423,A00170,4
P00424,A00383,1
P00424,A00384,2
P00424,A01204,3
P00424,A00381,4
P00424,A00025,5
P00425,A01205,1
P00425,A00762,2
P00425,A00723,3
P00426,A01206,1
P00426,A00584,2
P00426,A00610,3
P00426,A01207,4
P00426,A01208,5
P00426,A00649,6
P00426,A00949,7
P00427,A00151,1
P00427,A01209,2
P00427,A01210,3
P00428,A01211,1
P00428,A01212,2
P00428,A01213,3
P00429,A01214,1
P00429,A00608,2
P00429,A00322,3
P00429,A00323,4
P00429,A01215,5
P00430,A00543,1
P00430,A01036,2
P00431,A00573,1
P00431,A00086,2
P00431,A01216,3
P00431,A01217,4
P00432,A01218,1
P00432,A01000,2
P00432,A01219,3
P00433,A00030,1
P00433,A00193,2
P00433,A00295,3
P00433,A00388,4
P00433,A00033,5
P00433,A01220,6
P00433,A01221,7
P00433,A01222,8
P00433,A01223,9
P00434,A01224,1
P00434,A01225,2
P00434,A01226,3
P00434,A01227,4
P00434,A00408,5
P00435,A00322,1
P00435,A01228,2
P00435,A00608,3
P00435,A01229,4
P00435,A01230,5
P00435,A00865,6
P00435,A01176,7
P00436,A01231,1
P00436,A00468,2
P00436,A00391,3
P00437,A01232,1
P00437,A00869,2
P00437,A00784,3
P00437,A00704,4
P00437,A00403,5
P00437,A00928,6
P00438,A00566,1
P00438,A01233,2
P00438,A00395,3
P00438,A00067,4
P00438,A00804,5
P00438,A01234,6
P00439,A01235,1
P00439,A01236,2
P00439,A00222,3
P00440,A01237,1
P00440,A01238,2
P00440,A00138,3
P00440,A01239,4
P00440,A01240,5
P00440,A01241,6
P00440,A01242,7
P00440,A01243,8
P00440,A00067,9
P00440,A00755,10
P00440,A01244,11
P00440,A01245,12
P00440,A00857,13
P00440,A00858,14
P00441,A00913,1
P00441,A01246,2
P00441,A00264,3
P00441,A00034,4
P00441,A01247,5
P00441,A01248,6
P00441,A01249,7
P00441,A01250,8
P00441,A01251,9
P00441,A01252,10
P00441,A01253,11
P00441,A01254,12
P00441,A00879,13
P00441,A01255,14
P00441,A01256,15
P00441,A01257,16
P00441,A00738,17
P00441,A01258,18
P00441,A01259,19
P00442,A01084,1
P00442,A00004,2
P00442,A01260,3
P00442,A01261,4
P00442,A00896,5
P00442,A01262,6
P00443,A00585,1
P00443,A00180,2
P00443,A00221,3
P00444,A01007,1
P00444,A01263,2
P00445,A01007,1
P00445,A01264,2
P00445,A01263,3
P00446,A01265,1
P00446,A00144,2
P00446,A01266,3
P00446,A01267,4
P00446,A01268,5
P00446,A01269,6
P00446,A01136,7
P00446,A01073,8
P00447,A01270,1
P00447,A01271,2
P00447,A01272,3
P00447,A01273,4
P00448,A01274,1
P00448,A01275,2
P00448,A00584,3
P00448,A01276,4
P00448,A00455,5
P00448,A01277,6
P00448,A01278,7
P00448,A00170,8
P00448,A01279,9
P00449,A00443,1
P00449,A00433,2
P00449,A00444,3
P00449,A00471,4
P00449,A00369,5
P00450,A01280,1
P00450,A01281,2
P00450,A00086,3
P00450,A00171,4
P00451,A01198,1
P00451,A00737,2
P00451,A01065,3
P00451,A01282,4
P00451,A01283,5
P00452,A01284,1
P00452,A01285,2
P00452,A01286,3
P00452,A01287,4
P00452,A01288,5
P00453,A01289,1
P00453,A00566,2
P00453,A01290,3
P00453,A01291,4
P00453,A00067,5
P00454,A00762,1
P00454,A00723,2
P00454,A00761,3
P00454,A01292,4
P00454,A00118,5
P00454,A01293,6
P00455,A00610,1
P00455,A00264,2
P00455,A00394,3
P00455,A00067,4
P00455,A00805,5
P00456,A00023,1
P00456,A01294,2
P00456,A00008,3
P00457,A00391,1
P00457,A01295,2
P00458,A00167,1
P00458,A01296,2
P00458,A01065,3
P00458,A01297,4
P00458,A00863,5
P00458,A00406,6
P00458,A00067,7
P00459,A00649,1
P00459,A00610,2
P00459,A01298,3
P00459,A01299,4
P00459,A01207,5
P00459,A01300,6
P00459,A01208,7
P00459,A01301,8
P00459,A01302,9
P00459,A01303,10
P00459,A01304,11
P00459,A00584,12
P00459,A01305,13
P00460,A01306,1
P00460,A01307,2
P00460,A01308,3
P00461,A01045,1
P00461,A01044,2
P00461,A00554,3
P00461,A00406,4
P00461,A00234,5
P00461,A01033,6
P00461,A01173,7
P00462,A01176,1
P00462,A01063,2
P00462,A01309,3
P00462,A01310,4
P00462,A00456,5
P00463,A01311,1
P00463,A00138,2
P00463,A00665,3
P00464,A00443,1
P00464,A00444,2
P00464,A01312,3
P00464,A00469,4
P00464,A01313,5
P00464,A01314,6
P00464,A00832,7
P00465,A00521,1
P00465,A01315,2
P00465,A01316,3
P00465,A00004,4
P00465,A01317,5
P00465,A01318,6
P00466,A01319,1
P00466,A00842,2
P00466,A00139,3
P00466,A00138,4
P00466,A00067,5
P00466,A01238,6
P00466,A01320,7
P00466,A01321,8
P00466,A01195,9
P00467,A01322,1
P00467,A00596,2
P00467,A01323,3
P00467,A00311,4
P00467,A01324,5
P00467,A01325,6
P00467,A00170,7
P00467,A01326,8
P00467,A01327,9
P00467,A01074,10
P00467,A01328,11
P00468,A01329,1
P00468,A01330,2
P00468,A01331,3
P00468,A01332,4
P00468,A01333,5
P00468,A01334,6
P00469,A01335,1
P00469,A01336,2
P00469,A01337,3
P00469,A00417,4
P00470,A01009,1
P00470,A01338,2
P00470,A00180,3
P00470,A01339,4
P00470,A00218,5
P00471,A01165,1
P00471,A00762,2
P00471,A00218,3
P00472,A01340,1
P00472,A01341,2
P00472,A01151,3
P00473,A01265,1
P00473,A01268,2
P00473,A01342,3
P00473,A00741,4
P00473,A01269,5
P00473,A01343,6
P00473,A01136,7
P00474,A00390,1
P00474,A01344,2
P00474,A01102,3
P00475,A00450,1
P00475,A01345,2
P00475,A00451,3
P00475,A00447,4
P00475,A00067,5
P00475,A00843,6
P00475,A00725,7
P00475,A01311,8
P00475,A01346,9
P00475,A01347,10
P00475,A00403,11
P00475,A00550,12
P00475,A01348,13
P00475,A00857,14
P00475,A01349,15
P00475,A00858,16
P00476,A01350,1
P00476,A01351,2
P00476,A01352,3
P00476,A01353,4
P00477,A01354,1
P00477,A01355,2
P00477,A01356,3
P00477,A01357,4
P00478,A00151,1
P00478,A00114,2
P00478,A00231,3
P00478,A01358,4
P00478,A01359,5
P00479,A01360,1
P00479,A01361,2
P00479,A01362,3
P00479,A01363,4
P00480,A01048,1
P00481,A01340,1
P00481,A01364,2
P00482,A01365,1
P00482,A01366,2
P00482,A01367,3
P00483,A01161,1
P00483,A01368,2
P00483,A00709,3
P00483,A01369,4
P00484,A01370,1
P00484,A01371,2
P00484,A00366,3
P00485,A01372,1
P00485,A00915,2
P00485,A01373,3
P00485,A01374,4
P00485,A01375,5
P00485,A01376,6
P00486,A00138,1
P00486,A00265,2
P00486,A01311,3
P00486,A00905,4
P00486,A00067,5
P00486,A01038,6
P00486,A01238,7
P00486,A00712,8
P00486,A01319,9
P00486,A01237,10
P00486,A00066,11
P00487,A01377,1
P00488,A01198,1
P00488,A01065,2
P00488,A01378,3
P00488,A01379,4
P00489,A01380,1
P00489,A01381,2
P00489,A01382,3
P00490,A01383,1
P00490,A01384,2
P00490,A01385,3
P00490,A01386,4
P00490,A01387,5
P00491,A00369,1
P00491,A00433,2
P00491,A00086,3
P00491,A00180,4
P00491,A01176,5
P00491,A00007,6
P00491,A01062,7
P00492,A01083,1
P00492,A01084,2
P00492,A01388,3
P00492,A01389,4
P00493,A01083,1
P00493,A01084,2
P00494,A00573,1
P00494,A00086,2
P00494,A01216,3
P00494,A00325,4
P00495,A01390,1
P00495,A00151,2
P00496,A01391,1
P00497,A00151,1
P00497,A01392,2
P00497,A01393,3
P00497,A01394,4
P00497,A01395,5
P00497,A01396,6
P00497,A01397,7
P00497,A01398,8
P00498,A00224,1
P00498,A00543,2
P00498,A01046,3
P00498,A01036,4
P00498,A01399,5
P00498,A00468,6
P00499,A00927,1
P00499,A00680,2
P00499,A01045,3
P00499,A01400,4
P00499,A01033,5
P00499,A00234,6
P00499,A01401,7
P00500,A00391,1
P00500,A00179,2
P00500,A00468,3
P00500,A01402,4
P00501,A01403,1
P00501,A01404,2
P00502,A01405,1
P00502,A01048,2
P00502,A01406,3
P00503,A00406,1
P00503,A00067,2
P00503,A00168,3
P00503,A01407,4
P00503,A00925,5
P00503,A00221,6
P00503,A00014,7
P00503,A00468,8
P00504,A01408,1
P00504,A00554,2
P00504,A01409,3
P00504,A00406,4
P00504,A00712,5
P00504,A01095,6
P00504,A00168,7
P00504,A01410,8
P00504,A01411,9
P00504,A01412,10
P00504,A00265,11
P00504,A00844,12
P00505,A00062,1
P00505,A00169,2
P00505,A01292,3
P00506,A01161,1
P00506,A01413,2
P00506,A01414,3
P00507,A00543,1
P00507,A01036,2
P00508,A01289,1
P00508,A01415,2
P00508,A01416,3
P00508,A00566,4
P00508,A01291,5
P00508,A00755,6
P00508,A01417,7
P00509,A01418,1
P00509,A01419,2
P00509,A00154,3
P00510,A01420,1
P00510,A00056,2
P00510,A00383,3
P00510,A00367,4
P00511,A01421,1
P00511,A01422,2
P00511,A00430,3
P00512,A01423,1
P00512,A00221,2
P00512,A00180,3
P00512,A01424,4
P00512,A01425,5
P00512,A00762,6
P00512,A01426,7
P00512,A01427,8
P00512,A00857,9
P00513,A01428,1
P00513,A00762,2
P00513,A00220,3
P00514,A01429,1
P00514,A00896,2
P00515,A01430,1
P00515,A00004,2
P00515,A00762,3
P00515,A01431,4
P00515,A00221,5
P00516,A00402,1
P00516,A01432,2
P00516,A01433,3
P00516,A00403,4
P00516,A01434,5
P00516,A01435,6
P00516,A00310,7
P00516,A01436,8
P00516,A01437,9
P00516,A01200,10
P00516,A00311,11
P00517,A01438,1
P00517,A01026,2
P00517,A01439,3
P00517,A00076,4
P00517,A01440,5
P00518,A01026,1
P00518,A01441,2
P00518,A00076,3
P00519,A00446,1
P00519,A00902,2
P00519,A01442,3
P00519,A01198,4
P00519,A00221,5
P00519,A01063,6
P00520,A00919,1
P00520,A01443,2
P00520,A01444,3
P00520,A00674,4
P00520,A01445,5
P00520,A01446,6
P00521,A00151,1
P00521,A01089,2
P00521,A01447,3
P00521,A01088,4
P00521,A01086,5
P00521,A01087,6
P00521,A01090,7
P00522,A01448,1
P00522,A00762,2
P00523,A01265,1
P00523,A00062,2
P00523,A00144,3
P00523,A01269,4
P00523,A01268,5
P00524,A00067,1
P00524,A01449,2
P00524,A00138,3
P00524,A01450,4
P00524,A01243,5
P00524,A01451,6
P00524,A01038,7
P00524,A01238,8
P00524,A01452,9
P00524,A01453,10
P00524,A01454,11
P00524,A01455,12
P00524,A01456,13
P00524,A00066,14
P00524,A01457,15
P00525,A01458,1
P00525,A01459,2
P00525,A00842,3
P00526,A01460,1
P00526,A00393,2
P00526,A00221,3
P00526,A00026,4
P00527,A01461,1
P00527,A01462,2
P00528,A01463,1
P00528,A01464,2
P00528,A01465,3
P00528,A01466,4
P00529,A01467,1
P00529,A00965,2
P00529,A00963,3
P00529,A01468,4
P00529,A01469,5
P00529,A00962,6
P00529,A00964,7
P00530,A01470,1
P00530,A01471,2
P00530,A01472,3
P00530,A00067,4
P00531,A01473,1
P00531,A00075,2
P00531,A01474,3
P00531,A01475,4
P00531,A01476,5
P00531,A01477,6
P00531,A01478,7
P00531,A01479,8
P00531,A01480,9
P00531,A01481,10
P00531,A01482,11
P00532,A01483,1
P00532,A01484,2
P00532,A01485,3
P00532,A01486,4
P00532,A01487,5
P00532,A01488,6
P00532,A01489,7
P00532,A01490,8
P00532,A01491,9
P00533,A01141,1
P00533,A00805,2
P00533,A00848,3
P00533,A01492,4
P00534,A01461,1
P00535,A01493,1
P00535,A00469,2
P00536,A01494,1
P00536,A01495,2
P00536,A01496,3
P00536,A01497,4
P00537,A01498,1
P00537,A00433,2
P00537,A00432,3
P00538,A01461,1
P00538,A01462,2
P00538,A01499,3
P00539,A00965,1
P00539,A00963,2
P00539,A01467,3
P00539,A00962,4
P00539,A01500,5
P00539,A01501,6
P00539,A01502,7
P00539,A01503,8
P00539,A01504,9
P00539,A00964,10
P00540,A00407,1
P00540,A00180,2
P00540,A01505,3
P00541,A01506,1
P00541,A01507,2
P00541,A01508,3
P00541,A01509,4
P00541,A01510,5
P00541,A01511,6
P00541,A01512,7
P00542,A00543,1
P00542,A01036,2
P00542,A01046,3
P00542,A00224,4
P00542,A00555,5
P00542,A00554,6
P00542,A00231,7
P00543,A01141,1
P00543,A00805,2
P00543,A00732,3
P00543,A00176,4
P00544,A01513,1
P00544,A01514,2
P00544,A01515,3
P00544,A01516,4
P00544,A01517,5
P00545,A00709,1
P00545,A00383,2
P00545,A00384,3
P00545,A00382,4
P00545,A01518,5
P00546,A00949,1
P00546,A00584,2
P00547,A00610,1
P00547,A00584,2
P00547,A00650,3
P00547,A00651,4
P00547,A00649,5
P00547,A00170,6
P00548,A01311,1
P00548,A00264,2
P00548,A01519,3
P00548,A00168,4
P00548,A01065,5
P00548,A00858,6
P00548,A01255,7
P00549,A01520,1
P00549,A00922,2
P00549,A01521,3
P00549,A01522,4
P00550,A01523,1
P00550,A01524,2
P00550,A01172,3
P00551,A00895,1
P00551,A00221,2
P00551,A00585,3
P00551,A01083,4
P00552,A01430,1
P00552,A00004,2
P00552,A00762,3
P00553,A01045,1
P00553,A01525,2
P00553,A00819,3
P00553,A00234,4
P00553,A01033,5
P00553,A01173,6
P00554,A01431,1
P00554,A00004,2
P00554,A01526,3
P00554,A01527,4
P00554,A00555,5
P00555,A01460,1
P00555,A00467,2
P00555,A00608,3
P00555,A00067,4
P00555,A00737,5
P00555,A01175,6
P00556,A01528,1
P00556,A01529,2
P00557,A01530,1
P00557,A01531,2
P00557,A01532,3
P00557,A00990,4
P00558,A01533,1
P00558,A01534,2
P00558,A01358,3
P00558,A01535,4
P00559,A01468,1
P00559,A01467,2
P00559,A00965,3
P00559,A00963,4
P00559,A00962,5
P00559,A01500,6
P00559,A00964,7
P00560,A00732,1
P00560,A00004,2
P00560,A00089,3
P00560,A01536,4
P00560,A01177,5
P00561,A01016,1
P00561,A00004,2
P00561,A00264,3
P00561,A00406,4
P00561,A01537,5
P00561,A01538,6
P00561,A01539,7
P00561,A01046,8
P00561,A01540,9
P00561,A01318,10
P00562,A00909,1
P00562,A00389,2
P00562,A00067,3
P00562,A00711,4
P00562,A00447,5
P00563,A01541,1
P00563,A01542,2
P00563,A01543,3
P00563,A01544,4
P00563,A01545,5
P00563,A01546,6
P00564,A01136,1
P00564,A01547,2
P00564,A01548,3
P00564,A01343,4
P00564,A01549,5
P00565,A01344,1
P00565,A01550,2
P00565,A01551,3
P00565,A00086,4
P00566,A00712,1
P00566,A00067,2
P00566,A01198,3
P00566,A00406,4
P00567,A01552,1
P00567,A01289,2
P00567,A01417,3
P00567,A00755,4
P00567,A01553,5
P00568,A01554,1
P00568,A00588,2
P00568,A00586,3
P00568,A01555,4
P00569,A01556,1
P00569,A01557,2
P00569,A01558,3
P00569,A01559,4
P00570,A01065,1
P00570,A01198,2
P00570,A00597,3
P00570,A00086,4
P00571,A01083,1
P00571,A01084,2
P00571,A01388,3
P00572,A00450,1
P00572,A00842,2
P00572,A00451,3
P00572,A00067,4
P00572,A01345,5
P00572,A00447,6
P00572,A01348,7
P00572,A00550,8
P00572,A00403,9
P00572,A00857,10
P00573,A01560,1
P00573,A01561,2
P00573,A01562,3
P00573,A01563,4
P00573,A01564,5
P00573,A01565,6
P00573,A01566,7
P00573,A01567,8
P00573,A01568,9
P00573,A01569,10
P00574,A01409,1
P00574,A00406,2
P00574,A00973,3
P00574,A00879,4
P00574,A00554,5
P00574,A00828,6
P00574,A01570,7
P00574,A00648,8
P00574,A01412,9
P00574,A00858,10
P00575,A01571,1
P00575,A01572,2
P00575,A00239,3
P00575,A00284,4
P00576,A01573,1
P00576,A01574,2
P00576,A00805,3
P00576,A01575,4
P00576,A01576,5
P00576,A01044,6
P00576,A00848,7
P00577,A01269,1
P00577,A01268,2
P00577,A01265,3
P00577,A01577,4
P00578,A01578,1
P00578,A01579,2
P00578,A01580,3
P00578,A01581,4
P00578,A01582,5
P00578,A01583,6
P00578,A01584,7
P00578,A00030,8
P00578,A01585,9
P00578,A01586,10
P00579,A01587,1
P00579,A01588,2
P00579,A01589,3
P00579,A01590,4
P00579,A01591,5
P00579,A01087,6
P00579,A01592,7
P00580,A01460,1
P00580,A00467,2
P00580,A00844,3
P00580,A00873,4
P00580,A00725,5
P00580,A00889,6
P00580,A00274,7
P00580,A01593,8
P00580,A01445,9
P00581,A01039,1
P00581,A00554,2
P00581,A01594,3
P00581,A01040,4
P00581,A00234,5
P00581,A00235,6
P00581,A01033,7
P00581,A01318,8
P00582,A01218,1
P00582,A01000,2
P00582,A01595,3
P00582,A01596,4
P00583,A00062,1
P00583,A00169,2
P00583,A01597,3
P00583,A01598,4
P00583,A01292,5
P00583,A00221,6
P00583,A00067,7
P00584,A00543,1
P00584,A01036,2
P00584,A01292,3
P00584,A00221,4
P00584,A00554,5
P00584,A00468,6
P00585,A00151,1
P00585,A01599,2
P00585,A01447,3
P00585,A01088,4
P00586,A01600,1
P00586,A00264,2
P00586,A00394,3
P00586,A00406,4
P00586,A01601,5
P00586,A01602,6
P00587,A01418,1
P00587,A00153,2
P00587,A01603,3
P00587,A01604,4
P00587,A00039,5
P00587,A00387,6
P00588,A01605,1
P00588,A00360,2
P00588,A00313,3
P00588,A00311,4
P00589,A01408,1
P00589,A00554,2
P00589,A00168,3
P00589,A01409,4
P00589,A00406,5
P00589,A00712,6
P00589,A01095,7
P00589,A01412,8
P00589,A01606,9
P00589,A00265,10
P00589,A00844,11
P00589,A01411,12
P00589,A01607,13
P00589,A00973,14
P00589,A00870,15
P00589,A01359,16
P00589,A00974,17
P00589,A00815,18
P00590,A01608,1
P00590,A00732,2
P00590,A00555,3
P00590,A00468,4
P00591,A01609,1
P00591,A01610,2
P00591,A01611,3
P00591,A01612,4
P00591,A01613,5
P00591,A00260,6
P00591,A01009,7
P00591,A00865,8
P00592,A01292,1
P00592,A00180,2
P00592,A01085,3
P00592,A00407,4
P00592,A00221,5
P00592,A01614,6
P00592,A01505,7
P00593,A00916,1
P00593,A00762,2
P00593,A01570,3
P00593,A00554,4
P00593,A01607,5
P00593,A01409,6
P00593,A01615,7
P00593,A00924,8
P00593,A00914,9
P00593,A01460,10
P00593,A00848,11
P00593,A01616,12
P00593,A00855,13
P00594,A01141,1
P00594,A00805,2
P00595,A01617,1
P00595,A00467,2
P00596,A01618,1
P00596,A00782,2
P00596,A00780,3
P00596,A01619,4
P00597,A00996,1
P00597,A00403,2
P00597,A01105,3
P00597,A01000,4
P00597,A00869,5
P00597,A00584,6
P00598,A01620,1
P00598,A00008,2
P00598,A01621,3
P00598,A01622,4
P00599,A00180,1
P00599,A00221,2
P00600,A01623,1
P00600,A01624,2
P00600,A01625,3
P00600,A01626,4
P00600,A01627,5
P00601,A01265,1
P00601,A00144,2
P00601,A01269,3
P00601,A01268,4
P00602,A01628,1
P00602,A00740,2
P00602,A00741,3
P00602,A01629,4
P00603,A01630,1
P00603,A01258,2
P00603,A00867,3
P00603,A01631,4
P00603,A00178,5
P00603,A00179,6
P00603,A00881,7
P00604,A01038,1
P00604,A00066,2
P00604,A01632,3
P00604,A01238,4
P00604,A00008,5
P00604,A00745,6
P00604,A00404,7
P00604,A01633,8
P00604,A01540,9
P00604,A01634,10
P00605,A01635,1
P00605,A00469,2
P00606,A01636,1
P00606,A00264,2
P00606,A00725,3
P00606,A00394,4
P00606,A00168,5
P00606,A00857,6
P00607,A01521,1
P00607,A00762,2
P00607,A00922,3
P00607,A00545,4
P00607,A01637,5
P00607,A01067,6
P00607,A00554,7
P00607,A01638,8
P00607,A01409,9
P00607,A00974,10
P00607,A00858,11
P00607,A00857,12
P00608,A01639,1
P00608,A01640,2
P00608,A01641,3
P00608,A00975,4
P00609,A00468,1
P00609,A01258,2
P00609,A00467,3
P00610,A01045,1
P00610,A01040,2
P00610,A00566,3
P00610,A00554,4
P00610,A00234,5
P00610,A01033,6
P00611,A01611,1
P00611,A01610,2
P00611,A01609,3
P00611,A01613,4
P00611,A01612,5
P00612,A01642,1
P00612,A01197,2
P00612,A01643,3
P00612,A01194,4
P00612,A01644,5
P00612,A01196,6
P00613,A01645,1
P00613,A01646,2
P00613,A01647,3
P00613,A01648,4
P00613,A01649,5
P00614,A00369,1
P00614,A00086,2
P00614,A00433,3
P00614,A00007,4
P00614,A01176,5
P00614,A01063,6
P00614,A01062,7
P00615,A01009,1
P00615,A01650,2
P00615,A01651,3
P00615,A01198,4
P00616,A00360,1
P00616,A01605,2
P00616,A00311,3
P00616,A01652,4
P00616,A01653,5
P00616,A01110,6
P00616,A01198,7
P00617,A00995,1
P00617,A00610,2
P00618,A00652,1
P00618,A01654,2
P00618,A01434,3
P00618,A01655,4
P00618,A00584,5
P00619,A01656,1
P00619,A00264,2
P00619,A00394,3
P00620,A00949,1
P00620,A00584,2
P00621,A01483,1
P00622,A00586,1
P00622,A00224,2
P00622,A01409,3
P00622,A00554,4
P00622,A00264,5
P00622,A00406,6
P00622,A01266,7
P00622,A01167,8
P00622,A00930,9
P00622,A01271,10
P00623,A01311,1
P00623,A00264,2
P00623,A00406,3
P00623,A00168,4
P00624,A01431,1
P00624,A01657,2
P00624,A00004,3
P00624,A01101,4
P00624,A01658,5
P00624,A01659,6
P00624,A01660,7
P00625,A00228,1
P00625,A01661,2
P00625,A01662,3
P00625,A01663,4
P00625,A00930,5
P00625,A01003,6
P00625,A01664,7
P00625,A00924,8
P00625,A01424,9
P00625,A01665,10
P00626,A01666,1
P00626,A00433,2
P00627,A01667,1
P00627,A00723,2
P00627,A00762,3
P00627,A01668,4
P00627,A01669,5
P00628,A01670,1
P00628,A01671,2
P00628,A01672,3
P00628,A01673,4
P00629,A01101,1
P00629,A01657,2
P00629,A01550,3
P00629,A00922,4
P00629,A01674,5
P00629,A01521,6
P00629,A01102,7
P00629,A00762,8
P00630,A01675,1
P00630,A01676,2
P00630,A01677,3
P00630,A01678,4
P00631,A00151,1
P00631,A00918,2
P00631,A01392,3
P00631,A01679,4
P00632,A00712,1
P00632,A00554,2
P00632,A00168,3
P00632,A01095,4
P00632,A00406,5
P00632,A01613,6
P00632,A00905,7
P00633,A01407,1
P00633,A00842,2
P00633,A01680,3
P00633,A00221,4
P00633,A00406,5
P00633,A00067,6
P00633,A00883,7
P00633,A01085,8
P00634,A01568,1
P00634,A01681,2
P00634,A01202,3
P00634,A00815,4
P00634,A01682,5
P00634,A01683,6
P00634,A01684,7
P00634,A01685,8
P00634,A01686,9
P00634,A01687,10
P00634,A01688,11
P00634,A01101,12
P00634,A01689,13
P00634,A01690,14
P00634,A00231,15
P00634,A01691,16
P00634,A01692,17
P00635,A01693,1
P00635,A01694,2
P00636,A00030,1
P00636,A00135,2
P00636,A01695,3
P00637,A01696,1
P00637,A01697,2
P00637,A01698,3
P00637,A01680,4
P00637,A01699,5
P00637,A01700,6
P00637,A01701,7
P00637,A01702,8
P00637,A00865,9
P00638,A00963,1
P00638,A01469,2
P00638,A01703,3
P00638,A00965,4
P00638,A01704,5
P00638,A00962,6
P00638,A01705,7
P00638,A00964,8
P00639,A01706,1
P00639,A00180,2
P00639,A00407,3
P00639,A00236,4
P00639,A01505,5
P00639,A00555,6
P00640,A01707,1
P00640,A01460,2
P00640,A00973,3
P00640,A00873,4
P00640,A01065,5
P00640,A00725,6
P00640,A01412,7
P00640,A01255,8
P00640,A00265,9
P00640,A00406,10
P00641,A01195,1
P00641,A01708,2
P00641,A00310,3
P00641,A01709,4
P00641,A01110,5
P00641,A01710,6
P00641,A00873,7
P00641,A00858,8
P00641,A00221,9
P00641,A01065,10
P00641,A00075,11
P00641,A01711,12
P00641,A00857,13
P00641,A00737,14
P00642,A01712,1
P00642,A01713,2
P00642,A01714,3
P00642,A00151,4
P00642,A01715,5
P00643,A01716,1
P00643,A01717,2
P00643,A00732,3
P00644,A01690,1
P00644,A00815,2
P00644,A01718,3
P00645,A01719,1
P00645,A01720,2
P00645,A01721,3
P00645,A01722,4
P00645,A01723,5
P00646,A00985,1
P00646,A00596,2
P00646,A01081,3
P00646,A01326,4
P00646,A00311,5
P00647,A01724,1
P00647,A01725,2
P00647,A01726,3
P00647,A01727,4
P00647,A00404,5
P00647,A01728,6
P00647,A01176,7
P00647,A01309,8
P00647,A01175,9
P00647,A00981,10
P00647,A01291,11
P00647,A00067,12
P00647,A00026,13
P00647,A00392,14
P00648,A00469,1
P00648,A00369,2
P00649,A00712,1
P00649,A00554,2
P00649,A01095,3
P00649,A00168,4
P00650,A01729,1
P00650,A01730,2
P00650,A01731,3
P00650,A00264,4
P00650,A01248,5
P00650,A01249,6
P00650,A01732,7
P00651,A01733,1
P00651,A01734,2
P00651,A01735,3
P00652,A00023,1
P00652,A01736,2
P00652,A00026,3
P00652,A00180,4
P00653,A00982,1
P00653,A01175,2
P00653,A00983,3
P00653,A01737,4
P00653,A00987,5
P00653,A00403,6
P00653,A01738,7
P00653,A01739,8
P00654,A00243,1
P00654,A00244,2
P00654,A01740,3
P00654,A01741,4
P00655,A00913,1
P00655,A01246,2
P00655,A00264,3
P00655,A01256,4
P00655,A00452,5
P00655,A00034,6
P00655,A01742,7
P00655,A01254,8
P00655,A01002,9
P00656,A00436,1
P00656,A00284,2
P00657,A01430,1
P00657,A00762,2
P00657,A00004,3
P00657,A01691,4
P00658,A00543,1
P00658,A01036,2
P00658,A01292,3
P00658,A00221,4
P00659,A00295,1
P00660,A01743,1
P00660,A00922,2
P00660,A01520,3
P00661,A01744,1
P00661,A01745,2
P00661,A01746,3
P00662,A01747,1
P00662,A01748,2
P00662,A01749,3
P00662,A01750,4
P00662,A01726,5
P00662,A00665,6
P00662,A00664,7
P00663,A01751,1
P00663,A01726,2
P00664,A01228,1
P00664,A01229,2
P00664,A01019,3
P00664,A01519,4
P00664,A00608,5
P00664,A00854,6
P00664,A00597,7
P00664,A01198,8
P00664,A01255,9
P00664,A00745,10
P00664,A01006,11
P00664,A01434,12
P00664,A01752,13
P00665,A01753,1
P00665,A01754,2
P00665,A01755,3
P00665,A01756,4
P00665,A01757,5
P00665,A01331,6
P00666,A01758,1
P00666,A01759,2
P00666,A01760,3
P00666,A01761,4
P00666,A01762,5
P00666,A01763,6
P00666,A01764,7
P00666,A01765,8
P00666,A01766,9
P00666,A01767,10
P00666,A01768,11
P00667,A01769,1
P00667,A01770,2
P00667,A01181,3
P00667,A01771,4
P00668,A01428,1
P00668,A00762,2
P00669,A01772,1
P00669,A01773,2
P00669,A01555,3
P00669,A01774,4
P00670,A01775,1
P00670,A01776,2
P00670,A01777,3
P00670,A01778,4
P00670,A01779,5
P00671,A01176,1
P00671,A00180,2
P00672,A01780,1
P00672,A01781,2
P00672,A01782,3
P00672,A01783,4
P00672,A01784,5
P00672,A01785,6
P00672,A01786,7
P00672,A00234,8
P00672,A01787,9
P00673,A01788,1
P00673,A01789,2
P00673,A01790,3
P00673,A01791,4
P00674,A01792,1
P00675,A01793,1
P00675,A01794,2
P00675,A01795,3
P00676,A01796,1
P00676,A01797,2
P00676,A01798,3
P00676,A01799,4
P00677,A01800,1
P00677,A01801,2
P00677,A01802,3
P00678,A00998,1
P00678,A01803,2
P00678,A01651,3
P00678,A00865,4
P00678,A00862,5
P00678,A00745,6
P00679,A01804,1
P00679,A00805,2
P00679,A01573,3
P00679,A01805,4
P00679,A00836,5
P00680,A01806,1
P00681,A01807,1
P00681,A00651,2
P00681,A01082,3
P00681,A01808,4
P00681,A01085,5
P00682,A01177,1
P00682,A00732,2
P00682,A01430,3
P00682,A00786,4
P00683,A01433,1
P00683,A00722,2
P00683,A00584,3
P00683,A00596,4
P00683,A00068,5
P00683,A01432,6
P00683,A00909,7
P00683,A00404,8
P00683,A00403,9
P00683,A00857,10
P00683,A01809,11
P00683,A00858,12
P00684,A01810,1
P00684,A01811,2
P00684,A01812,3
P00684,A01813,4
P00684,A01814,5
P00684,A01815,6
P00684,A01816,7
P00684,A01817,8
P00684,A01010,9
P00684,A01686,10
P00684,A01818,11
P00684,A01819,12
P00684,A01820,13
P00685,A01821,1
P00685,A00039,2
P00686,A01613,1
P00686,A00406,2
P00686,A01095,3
P00686,A01611,4
P00686,A00168,5
P00686,A01822,6
P00687,A01142,1
P00687,A01823,2
P00687,A01143,3
P00688,A01824,1
P00688,A00264,2
P00688,A00554,3
P00688,A01825,4
P00688,A01826,5
P00688,A01095,6
P00689,A00586,1
P00690,A01827,1
P00690,A01828,2
P00691,A01829,1
P00691,A01830,2
P00691,A01831,3
P00691,A01832,4
P00691,A01833,5
P00691,A01834,6
P00692,A01407,1
P00692,A00221,2
P00692,A00180,3
P00692,A00579,4
P00692,A01835,5
P00692,A01708,6
P00692,A01836,7
P00692,A01085,8
P00693,A01600,1
P00693,A00264,2
P00693,A00395,3
P00693,A01656,4
P00693,A01837,5
P00693,A00394,6
P00693,A01838,7
P00693,A01839,8
P00694,A00406,1
P00694,A00725,2
P00694,A01613,3
P00694,A01840,4
P00694,A01841,5
P00694,A00879,6
P00694,A00786,7
P00694,A01434,8
P00695,A01238,1
P00695,A01237,2
P00695,A01613,3
P00695,A01842,4
P00695,A01843,5
P00695,A01241,6
P00695,A01844,7
P00695,A01845,8
P00696,A00607,1
P00696,A00922,2
P00697,A01846,1
P00697,A00427,2
P00697,A01847,3
P00697,A01848,4
P00698,A00284,1
P00698,A00239,2
P00698,A01048,3
P00699,A01849,1
P00699,A01850,2
P00699,A01851,3
P00699,A01852,4
P00699,A01420,5
P00699,A01853,6
P00699,A01854,7
P00699,A00477,8
P00700,A00432,1
P00700,A01855,2
P00700,A00381,3
P00700,A00023,4
P00701,A00383,1
P00701,A01856,2
P00701,A01857,3
P00701,A01858,4
P00701,A00384,5
P00702,A01859,1
P00702,A01063,2
P00702,A01176,3
P00702,A01505,4
P00702,A00579,5
P00702,A01110,6
P00703,A01431,1
P00703,A00004,2
P00703,A01526,3
P00703,A00591,4
P00703,A00555,5
P00703,A01657,6
P00704,A00389,1
P00704,A00651,2
P00704,A00260,3
P00704,A01860,4
P00705,A00156,1
P00705,A00153,2
P00705,A00281,3
P00705,A01861,4
P00705,A01096,5
P00705,A01098,6
P00705,A01099,7
P00706,A01862,1
P00707,A01863,1
P00707,A01460,2
P00707,A01240,3
P00707,A01239,4
P00707,A01864,5
P00707,A01237,6
P00707,A01245,7
P00707,A01255,8
P00707,A01243,9
P00707,A01238,10
P00708,A01865,1
P00708,A00914,2
P00708,A00815,3
P00708,A01690,4
P00708,A01706,5
P00709,A00167,1
P00709,A01296,2
P00709,A00863,3
P00709,A01297,4
P00709,A00406,5
P00709,A00554,6
P00709,A00930,7
P00710,A01866,1
P00711,A01867,1
P00711,A01045,2
P00711,A01868,3
P00711,A01869,4
P00711,A01870,5
P00711,A01436,6
P00711,A00234,7
P00711,A01417,8
P00712,A01871,1
P00712,A01045,2
P00712,A01869,3
P00712,A01870,4
P00712,A01872,5
P00712,A01873,6
P00712,A00234,7
P00712,A01033,8
P00713,A01874,1
P00713,A01875,2
P00713,A01876,3
P00714,A00732,1
P00714,A01608,2
P00714,A01877,3
P00714,A01016,4
P00714,A01878,5
P00714,A01271,6
P00714,A00930,7
P00715,A01407,1
P00715,A00180,2
P00715,A00221,3
P00715,A01708,4
P00715,A00842,5
P00715,A01680,6
P00715,A00264,7
P00715,A00067,8
P00716,A01597,1
P00716,A00224,2
P00716,A00762,3
P00717,A01879,1
P00717,A00026,2
P00718,A01880,1
P00718,A01265,2
P00718,A01269,3
P00718,A01268,4
P00719,A01655,1
P00719,A00584,2
P00719,A01207,3
P00719,A00610,4
P00719,A00949,5
P00720,A00433,1
P00720,A00369,2
P00721,A01430,1
P00721,A00004,2
P00721,A00930,3
P00722,A01881,1
P00722,A01882,2
P00722,A01883,3
P00722,A01884,4
P00723,A01444,1
P00723,A01885,2
P00723,A01886,3
P00723,A01887,4
P00724,A00658,1
P00724,A00922,2
P00724,A01743,3
P00724,A01888,4
P00724,A01655,5
P00724,A01067,6
P00725,A01889,1
P00725,A01207,2
P00725,A01890,3
P00725,A01891,4
P00725,A01025,5
P00725,A01892,6
P00725,A01218,7
P00725,A00596,8
P00725,A01893,9
P00725,A00312,10
P00725,A00805,11
P00726,A01894,1
P00726,A01895,2
P00726,A01896,3
P00726,A00848,4
P00726,A00067,5
P00727,A01897,1
P00727,A01898,2
P00727,A00151,3
P00727,A01899,4
P00727,A01900,5
P00728,A00651,1
P00728,A00610,2
P00728,A01752,3
P00728,A01901,4
P00728,A00389,5
P00729,A01902,1
P00729,A01903,2
P00729,A01890,3
P00729,A00596,4
P00729,A01904,5
P00729,A00872,6
P00729,A01905,7
P00729,A00857,8
P00730,A01237,1
P00730,A01238,2
P00730,A01243,3
P00730,A00138,4
P00730,A01239,5
P00730,A01240,6
P00730,A01241,7
P00730,A00067,8
P00730,A00857,9
P00730,A01842,10
P00730,A01245,11
P00730,A00858,12
P00731,A00913,1
P00731,A01246,2
P00731,A00264,3
P00731,A01256,4
P00731,A00452,5
P00731,A00034,6
P00731,A01742,7
P00731,A01254,8
P00731,A01002,9
P00732,A01035,1
P00732,A01036,2
P00732,A00543,3
P00733,A00794,1
P00733,A01346,2
P00734,A01007,1
P00734,A00651,2
P00735,A01906,1
P00735,A01907,2
P00735,A01908,3
P00735,A00260,4
P00735,A01909,5
P00736,A01910,1
P00737,A01359,1
P00737,A01911,2
P00737,A00815,3
P00737,A01752,4
P00737,A00171,5
P00737,A01912,6
P00737,A00974,7
P00737,A01358,8
P00737,A00931,9
P00737,A01379,10
P00737,A00448,11
P00737,A00449,12
P00738,A01913,1
P00738,A00406,2
P00738,A01613,3
P00739,A01560,1
P00739,A01563,2
P00739,A01568,3
P00740,A01026,1
P00740,A01914,2
P00740,A01915,3
P00740,A01916,4
P00740,A01917,5
P00740,A01918,6
P00740,A01025,7
P00740,A01919,8
P00740,A01920,9
P00740,A01921,10
P00740,A00742,11
P00740,A01922,12
P00740,A01923,13
P00740,A01924,14
P00740,A01925,15
P00740,A01926,16
P00740,A01927,17
P00740,A01928,18
P00740,A00076,19
P00740,A01929,20
P00740,A01930,21
P00740,A01931,22
P00740,A01932,23
P00740,A01344,24
P00740,A00145,25
P00740,A01933,26
P00740,A00008,27
P00740,A01934,28
P00740,A01935,29
P00740,A01936,30
P00740,A01937,31
P00740,A01938,32
P00740,A01939,33
P00740,A01940,34
P00740,A01119,35
P00741,A00815,1
P00741,A01941,2
P00741,A00115,3
P00741,A01570,4
P00741,A00918,5
P00741,A00761,6
P00741,A01691,7
P00741,A01942,8
P00741,A01943,9
P00741,A01944,10
P00741,A01669,11
P00741,A00151,12
P00742,A01945,1
P00742,A01946,2
P00742,A01947,3
P00742,A01948,4
P00742,A01949,5
P00742,A01950,6
P00742,A01951,7
P00743,A01952,1
P00743,A01000,2
P00743,A01953,3
P00743,A01954,4
P00744,A01955,1
P00744,A01874,2
P00745,A01956,1
P00745,A01957,2
P00746,A01958,1
P00746,A01959,2
P00746,A01960,3
P00746,A01961,4
P00746,A01962,5
P00747,A00543,1
P00747,A00554,2
P00747,A00406,3
P00747,A01036,4
P00747,A01084,5
P00747,A01095,6
P00747,A01016,7
P00747,A00180,8
P00747,A00264,9
P00747,A00588,10
P00747,A00221,11
P00747,A01271,12
P00747,A00224,13
P00747,A01164,14
P00747,A00234,15
P00747,A00004,16
P00747,A00468,17
P00747,A00233,18
P00748,A01963,1
P00748,A01964,2
P00748,A01965,3
P00748,A01966,4
P00748,A01967,5
P00749,A00895,1
P00749,A01968,2
P00750,A01969,1
P00750,A01970,2
P00750,A00168,3
P00750,A01971,4
P00750,A01972,5
P00750,A01973,6
P00750,A01974,7
P00750,A01975,8
P00750,A00067,9
P00750,A00406,10
P00750,A01976,11
P00750,A01977,12
P00750,A01978,13
P00751,A01979,1
P00751,A01980,2
P00752,A00586,1
P00752,A01409,2
P00752,A00651,3
P00752,A00554,4
P00752,A01841,5
P00752,A00889,6
P00753,A00383,1
P00753,A01858,2
P00753,A00354,3
P00753,A01856,4
P00753,A00469,5
P00754,A01981,1
P00754,A00066,2
P00754,A01982,3
P00754,A01238,4
P00754,A01983,5
P00754,A01984,6
P00755,A00231,1
P00755,A01985,2
P00755,A01431,3
P00755,A01986,4
P00755,A01987,5
P00755,A01663,6
P00756,A01430,1
P00756,A01988,2
P00756,A01805,3
P00756,A00086,4
P00757,A01124,1
P00757,A01609,2
P00757,A01839,3
P00758,A01989,1
P00758,A00998,2
P00759,A01990,1
P00760,A01431,1
P00760,A00004,2
P00760,A01526,3
P00760,A01527,4
P00760,A00555,5
P00761,A00033,1
P00761,A01991,2
P00761,A01992,3
P00762,A01993,1
P00762,A01871,2
P00762,A01045,3
P00762,A01869,4
P00762,A01870,5
P00762,A01872,6
P00762,A00234,7
P00762,A00235,8
P00762,A01033,9
P00763,A01994,1
P00763,A01995,2
P00763,A01996,3
P00763,A00315,4
P00763,A00873,5
P00763,A01322,6
P00763,A01553,7
P00763,A01997,8
P00763,A01998,9
P00763,A00311,10
P00764,A01989,1
P00764,A01009,2
P00764,A00998,3
P00764,A00180,4
P00765,A01999,1
P00765,A02000,2
P00766,A00931,1
P00766,A00597,2
P00766,A00930,3
P00766,A01944,4
P00766,A00815,5
P00766,A00115,6
P00766,A02001,7
P00766,A01713,8
P00766,A02002,9
P00767,A02003,1
P00767,A01344,2
P00767,A00741,3
P00767,A01551,4
P00767,A01048,5
P00767,A01446,6
P00768,A00023,1
P00768,A01294,2
P00768,A00008,3
P00769,A01628,1
P00769,A00741,2
P00769,A00740,3
P00770,A01325,1
P00770,A01324,2
P00770,A02004,3
P00770,A02005,4
P00770,A02006,5
P00770,A00311,6
P00770,A01279,7
P00770,A02007,8
P00770,A00086,9
P00771,A02008,1
P00771,A02009,2
P00771,A01194,3
P00771,A02010,4
P00771,A01106,5
P00771,A01434,6
P00771,A01197,7
P00771,A02011,8
P00771,A00608,9
P00771,A00862,10
P00771,A00034,11
P00771,A01196,12
P00771,A01742,13
P00771,A00961,14
P00772,A02012,1
P00772,A02013,2
P00772,A02014,3
P00773,A00741,1
P00773,A02003,2
P00773,A01344,3
P00773,A00865,4
P00773,A01446,5
P00774,A01609,1
P00774,A01610,2
P00774,A01611,3
P00774,A01805,4
P00774,A00086,5
P00774,A01613,6
P00774,A01612,7
P00774,A00260,8
P00775,A00573,1
P00775,A01711,2
P00775,A02015,3
P00776,A01179,1
P00776,A01010,2
P00776,A00762,3
P00776,A00171,4
P00776,A01180,5
P00776,A01181,6
P00776,A01379,7
P00777,A02016,1
P00777,A02017,2
P00777,A02018,3
P00777,A02019,4
P00777,A02020,5
P00777,A02021,6
P00777,A02022,7
P00777,A02023,8
P00777,A01179,9
P00777,A01690,10
P00778,A01521,1
P00778,A01637,2
P00778,A00545,3
P00778,A00922,4
P00778,A01743,5
P00778,A02024,6
P00779,A01521,1
P00779,A00408,2
P00779,A01637,3
P00779,A02025,4
P00779,A00715,5
P00780,A02026,1
P00780,A02027,2
P00780,A02028,3
P00780,A02029,4
P00780,A01516,5
P00780,A01517,6
P00780,A02030,7
P00780,A00282,8
P00781,A01088,1
P00781,A02031,2
P00781,A02032,3
P00781,A01089,4
P00781,A00151,5
P00781,A02033,6
P00782,A02034,1
P00782,A02035,2
P00782,A02036,3
P00783,A00815,1
P00783,A01691,2
P00783,A02037,3
P00783,A02038,4
P00783,A01690,5
P00783,A00554,6
P00783,A02039,7
P00783,A02040,8
P00783,A02041,9
P00783,A02042,10
P00783,A01941,11
P00783,A02043,12
P00783,A00918,13
P00783,A00231,14
P00783,A01202,15
P00783,A02044,16
P00783,A00757,17
P00783,A02045,18
P00783,A01101,19
P00783,A01017,20
P00784,A01612,1
P00784,A01611,2
P00784,A01610,3
P00784,A01613,4
P00784,A00260,5
P00785,A02046,1
P00785,A00922,2
P00785,A00658,3
P00785,A01655,4
P00786,A02047,1
P00786,A00264,2
P00786,A01016,3
P00786,A00828,4
P00787,A00401,1
P00787,A01081,2
P00788,A01690,1
P00788,A00815,2
P00788,A02048,3
P00788,A00034,4
P00789,A02049,1
P00789,A00584,2
P00789,A00651,3
P00789,A01207,4
P00789,A00610,5
P00789,A00949,6
P00790,A01939,1
P00790,A01026,2
P00790,A01439,3
P00790,A02050,4
P00791,A00732,1
P00791,A00051,2
P00791,A02051,3
P00791,A02052,4
P00791,A00406,5
P00792,A02053,1
P00792,A01425,2
P00792,A00274,3
P00792,A01427,4
P00792,A02054,5
P00792,A02055,6
P00792,A02056,7
P00792,A02057,8
P00792,A00988,9
P00793,A01035,1
P00793,A01036,2
P00793,A00543,3
P00793,A02058,4
P00794,A01035,1
P00794,A01036,2
P00794,A00543,3
P00794,A02058,4
P00795,A02059,1
P00795,A02060,2
P00795,A02061,3
P00796,A02062,1
P00796,A02063,2
P00797,A01963,1
P00797,A02064,2
P00797,A01964,3
P00797,A01966,4
P00798,A02065,1
P00798,A02066,2
P00799,A00649,1
P00799,A01276,2
P00799,A00736,3
P00799,A02067,4
P00799,A01279,5
P00799,A01302,6
P00799,A00610,7
P00799,A01299,8
P00800,A01855,1
P00800,A00381,2
P00800,A00432,3
P00800,A00026,4
P00800,A00051,5
P00801,A00651,1
P00801,A00264,2
P00801,A01008,3
P00801,A01073,4
P00801,A00394,5
P00802,A01806,1
P00802,A02068,2
P00803,A01095,1
P00803,A00264,2
P00803,A00406,3
P00803,A00916,4
P00803,A00930,5
P00803,A02069,6
P00803,A01607,7
P00803,A00973,8
P00803,A00858,9
P00803,A02070,10
P00804,A01521,1
P00804,A00922,2
P00804,A01655,3
P00804,A01067,4
P00804,A00762,5
P00804,A01690,6
P00805,A02071,1
P00805,A02072,2
P00805,A02073,3
P00805,A02074,4
P00805,A02075,5
P00805,A02076,6
P00805,A02077,7
P00805,A02078,8
P00805,A02079,9
P00806,A02080,1
P00806,A02081,2
P00806,A02082,3
P00806,A02083,4
P00806,A02084,5
P00806,A02085,6
P00806,A02086,7
P00806,A02087,8
P00807,A02065,1
P00807,A02088,2
P00807,A02089,3
P00807,A02090,4
P00807,A02091,5
P00808,A02092,1
P00808,A00658,2
P00808,A00992,3
P00808,A01200,4
P00809,A00369,1
P00809,A00433,2
P00809,A01178,3
P00809,A02093,4
P00810,A01423,1
P00810,A00221,2
P00810,A00180,3
P00810,A02094,4
P00810,A02095,5
P00810,A02096,6
P00810,A00555,7
P00811,A01913,1
P00811,A00406,2
P00811,A01613,3
P00812,A02097,1
P00812,A02098,2
P00812,A02099,3
P00812,A02100,4
P00812,A02101,5
P00813,A02102,1
P00813,A00762,2
P00813,A01430,3
P00813,A00761,4
P00813,A01690,5
P00813,A00757,6
P00813,A00115,7
P00813,A02103,8
P00814,A01211,1
P00814,A01213,2
P00814,A01212,3
P00814,A02104,4
P00814,A02105,5
P00815,A01431,1
P00815,A00004,2
P00815,A01657,3
P00815,A01101,4
P00815,A01659,5
P00815,A01660,6
P00815,A01658,7
P00816,A00985,1
P00816,A01207,2
P00816,A01218,3
P00817,A00552,1
P00817,A00369,2
P00818,A02003,1
P00818,A01344,2
P00818,A00584,3
P00818,A02106,4
P00818,A01551,5
P00819,A00794,1
P00819,A01346,2
P00820,A00722,1
P00820,A01433,2
P00820,A02107,3
P00820,A00597,4
P00820,A01175,5
P00820,A00987,6
P00820,A00858,7
P00820,A01250,8
P00820,A00873,9
P00820,A00954,10
P00820,A02093,11
P00821,A01676,1
P00821,A01675,2
P00821,A00541,3
P00822,A02108,1
P00822,A02109,2
P00822,A02110,3
P00823,A01988,1
P00823,A02111,2
P00823,A01805,3
P00823,A00086,4
P00824,A00433,1
P00824,A00369,2
P00825,A00965,1
P00825,A01467,2
P00825,A02112,3
P00825,A02113,4
P00825,A02114,5
P00825,A01021,6
P00825,A02115,7
P00825,A01501,8
P00825,A02116,9
P00825,A02117,10
P00825,A02118,11
P00825,A02119,12
P00825,A02120,13
P00825,A02121,14
P00826,A02122,1
P00826,A00842,2
P00826,A01407,3
P00826,A01680,4
P00827,A02123,1
P00828,A01806,1
P00829,A02124,1
P00829,A00154,2
P00829,A00699,3
P00829,A00350,4
P00829,A00355,5
P00830,A02125,1
P00830,A00444,2
P00830,A00443,3
P00831,A02126,1
P00831,A00360,2
P00831,A01725,3
P00831,A01324,4
P00831,A02114,5
P00831,A01289,6
P00831,A00260,7
P00831,A00086,8
P00831,A01110,9
P00832,A02127,1
P00832,A01214,2
P00832,A02128,3
P00832,A00323,4
P00832,A00971,5
P00832,A01085,6
P00832,A00819,7
P00832,A02129,8
P00832,A01200,9
P00832,A02130,10
P00833,A01836,1
P00833,A02131,2
P00833,A00448,3
P00833,A00449,4
P00834,A00369,1
P00834,A00433,2
P00835,A02132,1
P00835,A00368,2
P00835,A00371,3
P00835,A02030,4
P00835,A02133,5
P00835,A02134,6
P00835,A02135,7
P00835,A02136,8
P00836,A01919,1
P00836,A01344,2
P00836,A02003,3
P00836,A01551,4
P00836,A01026,5
P00837,A01467,1
P00837,A00965,2
P00837,A00963,3
P00837,A02137,4
P00837,A01469,5
P00837,A01468,6
P00837,A02138,7
P00837,A02139,8
P00837,A02114,9
P00837,A00360,10
P00837,A02140,11
P00837,A01501,12
P00837,A00964,13
P00838,A00151,1
P00838,A02141,2
P00839,A01346,1
P00839,A01311,2
P00839,A00794,3
P00839,A00168,4
P00839,A01324,5
P00839,A01110,6
P00839,A02142,7
P00839,A02054,8
P00839,A02143,9
P00840,A02144,1
P00840,A00180,2
P00841,A01958,1
P00841,A02145,2
P00841,A01621,3
P00842,A02146,1
P00842,A02147,2
P00842,A00408,3
P00842,A02148,4
P00842,A02149,5
P00842,A02150,6
P00843,A02151,1
P00844,A01865,1
P00844,A00918,2
P00844,A00815,3
P00845,A00286,1
P00845,A02152,2
P00845,A02153,3
P00845,A00153,4
P00845,A02154,5
P00845,A02155,6
P00845,A02156,7
P00845,A02157,8
P00845,A02158,9
P00845,A02159,10
P00845,A02160,11
P00845,A02161,12
P00845,A02162,13
P00845,A02163,14
P00845,A02164,15
P00845,A02165,16
P00845,A02166,17
P00845,A02167,18
P00845,A02168,19
P00845,A02169,20
P00845,A02170,21
P00845,A02171,22
P00845,A02172,23
P00845,A02173,24
P00845,A02174,25
P00845,A02175,26
P00845,A02176,27
P00845,A02177,28
P00845,A02178,29
P00845,A02179,30
P00845,A02180,31
P00845,A02181,32
P00845,A02182,33
P00845,A02183,34
P00845,A02184,35
P00845,A02185,36
P00845,A02186,37
P00846,A02080,1
P00846,A02081,2
P00846,A02187,3
P00846,A02188,4
P00846,A02083,5
P00846,A02189,6
P00846,A02087,7
P00847,A00739,1
P00847,A00732,2
P00847,A02190,3
P00847,A01608,4
P00847,A02191,5
P00848,A02192,1
P00848,A00151,2
P00849,A02193,1
P00849,A02194,2
P00849,A02195,3
P00849,A00151,4
P00850,A00443,1
P00850,A02196,2
P00850,A00444,3
P00850,A01300,4
P00850,A02197,5
P00850,A02198,6
P00850,A02199,7
P00850,A02200,8
P00850,A00471,9
P00850,A02201,10
P00850,A02202,11
P00851,A02203,1
P00851,A02204,2
P00851,A02205,3
P00851,A02206,4
P00851,A01273,5
P00851,A01175,6
P00851,A01279,7
P00851,A02007,8
P00851,A00762,9
P00851,A01180,10
P00851,A01690,11
P00852,A02207,1
P00852,A01650,2
P00852,A01009,3
P00853,A02208,1
P00853,A00179,2
P00853,A02209,3
P00854,A00151,1
P00854,A02141,2
P00855,A00264,1
P00855,A01656,2
P00855,A01837,3
P00855,A00395,4
P00855,A00394,5
P00856,A02210,1
P00856,A02211,2
P00856,A02212,3
P00856,A02213,4
P00857,A02214,1
P00857,A02215,2
P00857,A02216,3
P00857,A02217,4
P00857,A02218,5
P00858,A02219,1
P00859,A02220,1
P00859,A02221,2
P00859,A02222,3
P00859,A02223,4
P00860,A02224,1
P00860,A02225,2
P00860,A02226,3
P00860,A02227,4
P00860,A02228,5
P00860,A02229,6
P00861,A00982,1
P00861,A00597,2
P00861,A02230,3
P00861,A02231,4
P00861,A02232,5
P00861,A01256,6
P00861,A02233,7
P00861,A00987,8
P00861,A02234,9
P00861,A02235,10
P00861,A01482,11
P00861,A02236,12
P00861,A00862,13
P00861,A02237,14
P00861,A02238,15
P00861,A02239,16
P00861,A01257,17
P00861,A00865,18
P00861,A00403,19
P00861,A02002,20
P00861,A02038,21
P00861,A00992,22
P00861,A02240,23
P00861,A01126,24
P00861,A00360,25
P00861,A00997,26
P00862,A02241,1
P00862,A00732,2
P00862,A00026,3
P00863,A02242,1
P00863,A02243,2
P00863,A02244,3
P00863,A02245,4
P00863,A02246,5
P00863,A02247,6
P00864,A02248,1
P00864,A02249,2
P00864,A02250,3
P00864,A02251,4
P00864,A02252,5
P00864,A02253,6
P00864,A02254,7
P00864,A00417,8
P00865,A01265,1
P00866,A02106,1
P00866,A00949,2
P00866,A01344,3
P00866,A00584,4
P00866,A02003,5
P00867,A01007,1
P00867,A00651,2
P00867,A01264,3
P00868,A01552,1
P00868,A02255,2
P00868,A00755,3
P00868,A00406,4
P00868,A00067,5
P00868,A02256,6
P00868,A02257,7
P00869,A02016,1
P00869,A02017,2
P00869,A02258,3
P00869,A02259,4
P00869,A02260,5
P00869,A02261,6
P00869,A01179,7
P00869,A02262,8
P00869,A02263,9
P00869,A02264,10
P00869,A01264,11
P00870,A00949,1
P00870,A00584,2
P00871,A01958,1
P00871,A02145,2
P00871,A01621,3
P00871,A02265,4
P00871,A02266,5
P00872,A00867,1
P00872,A01630,2
P00872,A02267,3
P00872,A01258,4
P00872,A00406,5
P00872,A02268,6
P00872,A02269,7
P00873,A01801,1
P00873,A02270,2
P00873,A01800,3
P00873,A01802,4
P00874,A01800,1
P00874,A01801,2
P00874,A01802,3
P00875,A00597,1
P00875,A02271,2
P00875,A00648,3
P00875,A02272,4
P00875,A02273,5
P00875,A00473,6
P00875,A02274,7
P00875,A00987,8
P00875,A02275,9
P00875,A02276,10
P00875,A02277,11
P00875,A00718,12
P00875,A02237,13
P00875,A02238,14
P00875,A02239,15
P00875,A02278,16
P00875,A01941,17
P00875,A01570,18
P00875,A00815,19
P00875,A01713,20
P00875,A00735,21
P00875,A02279,22
P00875,A02002,23
P00875,A02280,24
P00875,A02281,25
P00875,A00992,26
P00875,A02038,27
P00875,A00974,28
P00875,A02282,29
P00875,A02283,30
P00875,A01126,31
P00875,A02240,32
P00875,A01017,33
P00876,A02284,1
P00876,A02237,2
P00876,A02285,3
P00876,A02286,4
P00876,A02287,5
P00876,A02288,6
P00876,A02289,7
P00876,A02290,8
P00876,A00597,9
P00876,A02291,10
P00876,A02292,11
P00876,A00846,12
P00876,A02235,13
P00876,A02277,14
P00876,A01019,15
P00876,A00737,16
P00876,A00738,17
P00876,A02230,18
P00877,A02293,1
P00877,A01409,2
P00877,A02294,3
P00877,A01044,4
P00877,A00858,5
P00877,A01412,6
P00877,A01196,7
P00877,A00554,8
P00878,A01181,1
P00878,A02295,2
P00878,A02296,3
P00878,A01771,4
P00878,A00914,5
P00878,A02297,6
P00878,A02298,7
P00879,A02299,1
P00879,A02300,2
P00879,A02301,3
P00879,A00260,4
P00879,A02302,5
P00879,A02303,6
P00879,A02304,7
P00879,A02305,8
P00879,A02306,9
P00879,A02307,10
P00879,A02308,11
P00879,A02309,12
P00879,A02310,13
P00879,A02311,14
P00879,A02312,15
P00880,A01877,1
P00881,A01533,1
P00881,A02281,2
P00881,A00597,3
P00881,A02232,4
P00881,A02273,5
P00881,A02235,6
P00881,A01768,7
P00881,A00930,8
P00881,A01256,9
P00881,A02041,10
P00881,A00931,11
P00881,A01273,12
P00881,A00974,13
P00881,A01126,14
P00881,A02002,15
P00881,A01713,16
P00881,A00815,17
P00881,A01818,18
P00882,A02313,1
P00882,A02314,2
P00882,A02315,3
P00882,A02316,4
P00883,A02317,1
P00883,A00148,2
P00883,A02318,3
P00883,A00256,4
P00883,A02319,5
P00883,A02320,6
P00883,A02321,7
P00884,A00151,1
P00884,A02192,2
P00884,A01088,3
P00884,A01447,4
P00885,A01430,1
P00885,A00762,2
P00885,A02102,3
P00885,A00115,4
P00885,A00918,5
P00885,A00931,6
P00885,A00930,7
P00885,A00597,8
P00885,A00151,9
P00886,A01988,1
P00886,A02111,2
P00886,A00086,3
P00887,A02322,1
P00887,A00755,2
P00887,A02255,3
P00887,A01072,4
P00887,A00401,5
P00887,A02323,6
P00887,A02324,7
P00888,A01095,1
P00888,A00406,2
P00888,A00264,3
P00889,A01067,1
P00889,A01521,2
P00889,A00922,3
P00889,A02325,4
P00889,A02024,5
P00889,A01713,6
P00889,A01943,7
P00889,A01941,8
P00890,A02326,1
P00890,A02028,2
P00890,A02027,3
P00890,A02327,4
P00890,A02328,5
P00890,A02329,6
P00891,A02330,1
P00891,A02331,2
P00891,A01172,3
P00891,A02332,4
P00891,A02333,5
P00891,A02334,6
P00891,A02335,7
P00891,A02336,8
P00892,A02337,1
P00892,A02338,2
P00892,A02339,3
P00892,A02340,4
P00892,A02341,5
P00892,A02342,6
P00892,A02343,7
P00892,A02344,8
P00892,A02345,9
P00893,A02346,1
P00893,A02347,2
P00894,A00519,1
P00894,A01787,2
P00894,A02348,3
P00894,A00231,4
P00895,A02349,1
P00895,A02350,2
P00895,A02351,3
P00895,A02352,4
P00896,A02353,1
P00897,A02354,1
P00897,A02355,2
P00897,A02356,3
P00897,A02357,4
P00897,A02358,5
P00897,A02359,6
P00897,A01943,7
P00897,A02360,8
P00897,A00715,9
P00897,A01768,10
P00897,A01607,11
P00897,A00648,12
P00897,A02361,13
P00897,A02272,14
P00897,A02278,15
P00897,A01686,16
P00897,A01521,17
P00897,A02362,18
P00898,A00543,1
P00898,A00264,2
P00898,A00004,3
P00899,A02363,1
P00899,A01551,2
P00899,A02049,3
P00900,A01895,1
P00900,A01894,2
P00900,A01896,3
P00900,A01492,4
P00901,A02364,1
P00901,A00067,2
P00901,A00406,3
P00901,A01065,4
P00902,A02365,1
P00902,A00597,2
P00902,A02366,3
P00902,A01519,4
P00902,A02232,5
P00902,A02230,6
P00902,A01253,7
P00902,A02234,8
P00902,A02367,9
P00903,A00982,1
P00903,A00597,2
P00903,A02230,3
P00903,A02232,4
P00903,A01256,5
P00903,A02240,6
P00903,A01126,7
P00903,A02239,8
P00903,A02234,9
P00903,A02235,10
P00903,A01482,11
P00903,A02038,12
P00903,A00992,13
P00904,A02368,1
P00904,A00922,2
P00904,A01521,3
P00904,A02049,4
P00904,A00597,5
P00904,A02274,6
P00904,A02369,7
P00904,A02235,8
P00904,A00974,9
P00905,A02112,1
P00905,A02370,2
P00905,A02121,3
P00905,A00965,4
P00905,A02113,5
P00905,A02371,6
P00905,A01467,7
P00905,A02118,8
P00905,A02372,9
P00905,A02373,10
P00906,A02102,1
P00906,A01430,2
P00906,A00762,3
P00906,A01691,4
P00906,A01718,5
P00906,A00231,6
P00906,A00115,7
P00906,A02374,8
P00906,A01941,9
P00906,A00930,10
P00906,A00597,11
P00907,A02375,1
P00907,A00067,2
P00907,A00168,3
P00907,A01253,4
P00907,A01412,5
P00907,A02376,6
P00907,A01065,7
P00907,A01311,8
P00907,A02255,9
P00907,A00958,10
P00907,A00858,11
P00907,A00406,12
P00907,A00068,13
P00908,A02377,1
P00908,A02378,2
P00909,A00987,1
P00909,A00573,2
P00910,A02281,1
P00910,A02379,2
P00910,A02380,3
P00910,A02381,4
P00910,A02382,5
P00911,A02239,1
P00911,A00597,2
P00911,A02383,3
P00911,A02384,4
P00911,A01257,5
P00911,A02385,6
P00912,A00369,1
P00912,A00755,2
P00912,A02323,3
P00912,A01417,4
P00912,A02255,5
P00912,A00433,6
P00912,A00086,7
P00912,A01176,8
P00913,A02386,1
P00913,A02387,2
P00913,A00805,3
P00914,A02388,1
P00914,A02389,2
P00914,A02390,3
P00915,A02391,1
P00915,A02392,2
P00916,A00389,1
P00916,A00651,2
P00917,A02393,1
P00917,A02394,2
P00918,A02395,1
P00918,A02136,2
P00918,A01516,3
P00918,A02396,4
P00918,A02134,5
P00919,A01324,1
P00919,A02126,2
P00919,A00360,3
P00919,A02397,4
P00919,A02398,5
P00919,A00260,6
P00919,A02399,7
P00920,A02400,1
P00920,A00597,2
P00920,A02365,3
P00920,A01533,4
P00920,A02277,5
P00920,A02235,6
P00920,A02232,7
P00920,A00737,8
P00920,A02230,9
P00921,A01786,1
P00921,A01264,2
P00921,A02401,3
P00921,A01263,4
P00922,A02402,1
P00922,A02403,2
P00922,A00322,3
P00922,A01864,4
P00922,A02404,5
P00923,A02402,1
P00923,A02405,2
P00923,A01065,3
P00923,A00608,4
P00923,A00322,5
P00923,A00836,6
P00923,A02406,7
P00924,A00543,1
P00924,A01036,2
P00924,A01035,3
P00924,A01597,4
P00924,A00224,5
P00924,A01046,6
P00924,A00406,7
P00924,A00554,8
P00924,A01084,9
P00924,A00221,10
P00924,A00004,11
P00924,A00468,12
P00925,A02407,1
P00925,A01660,2
P00925,A01423,3
P00926,A00568,1
P00926,A02408,2
P00926,A00570,3
P00926,A02409,4
P00926,A02410,5
P00926,A02411,6
P00926,A02412,7
P00926,A02413,8
P00926,A00086,9
P00926,A01110,10
P00926,A02414,11
P00927,A02415,1
P00927,A00865,2
P00927,A02416,3
P00927,A01805,4
P00928,A02417,1
P00928,A02418,2
P00928,A02419,3
P00928,A02420,4
P00928,A02421,5
P00928,A02422,6
P00929,A02423,1
P00929,A02424,2
P00929,A02425,3
P00929,A02426,4
P00929,A02427,5
P00929,A02428,6
P00929,A02429,7
P00929,A02430,8
P00929,A02431,9
P00930,A02126,1
P00930,A00360,2
P00930,A01324,3
P00930,A02114,4
P00930,A01289,5
P00930,A02432,6
P00930,A00260,7
P00931,A00815,1
P00931,A02038,2
P00931,A01430,3
P00931,A01690,4
P00931,A00761,5
P00931,A00151,6
P00931,A00918,7
P00931,A01718,8
P00931,A00115,9
P00931,A01691,10
P00931,A02433,11
P00931,A00597,12
P00931,A01713,13
P00931,A00931,14
P00931,A00930,15
P00931,A00993,16
P00931,A00648,17
P00931,A02272,18
P00931,A02369,19
P00931,A00718,20
P00931,A02434,21
P00931,A02435,22
P00931,A02436,23
P00931,A01409,24
P00931,A01521,25
P00932,A02437,1
P00932,A02438,2
P00932,A00873,3
P00932,A02439,4
P00932,A02440,5
P00932,A00067,6
P00932,A02441,7
P00932,A02442,8
P00932,A02443,9
P00932,A02444,10
P00933,A02039,1
P00933,A02445,2
P00933,A00865,3
P00933,A02446,4
P00933,A02447,5
P00933,A02448,6
P00933,A02449,7
P00934,A02359,1
P00934,A02369,2
P00934,A02450,3
P00934,A00922,4
P00934,A01067,5
P00934,A02451,6
P00934,A01521,7
P00935,A01214,1
P00935,A00865,2
P00935,A02452,3
P00936,A00237,1
P00937,A01016,1
P00937,A02453,2
P00937,A01358,3
P00938,A02454,1
P00939,A02455,1
P00939,A01291,2
P00939,A02323,3
P00939,A00750,4
P00939,A00579,5
P00939,A00729,6
P00940,A00554,1
P00941,A01943,1
P00941,A02272,2
P00941,A02273,3
P00941,A00648,4
P00941,A00931,5
P00941,A01570,6
P00941,A02278,7
P00941,A01537,8
P00941,A02456,9
P00941,A00718,10
P00941,A00815,11
P00941,A00922,12
P00941,A01521,13
P00941,A01713,14
P00941,A02457,15
P00941,A02458,16
P00941,A02459,17
P00942,A02460,1
P00942,A02461,2
P00942,A02462,3
P00942,A02463,4
P00942,A00468,5
P00942,A00179,6
P00943,A02233,1
P00943,A00987,2
P00943,A02464,3
P00943,A02465,4
P00943,A01711,5
P00943,A00573,6
P00943,A00597,7
P00943,A02466,8
P00944,A00725,1
P00944,A01311,2
P00945,A02467,1
P00945,A02468,2
P00945,A02469,3
P00945,A02470,4
P00945,A02471,5
P00945,A02472,6
P00946,A01242,1
P00946,A02473,2
P00946,A02474,3
P00946,A01238,4
P00946,A02475,5
P00946,A01239,6
P00946,A01243,7
P00946,A02476,8
P00946,A00862,9
P00946,A01863,10
P00946,A02477,11
P00946,A01445,12
P00946,A02478,13
P00946,A00875,14
P00946,A00841,15
P00946,A02479,16
P00946,A01245,17
P00946,A02480,18
P00946,A01240,19
P00946,A00856,20
P00946,A02481,21
P00946,A02482,22
P00946,A02483,23
P00946,A00858,24
P00946,A00565,25
P00946,A02484,26
P00947,A00913,1
P00947,A01246,2
P00947,A00310,3
P00947,A00264,4
P00947,A01251,5
P00947,A01742,6
P00948,A01142,1
P00948,A01143,2
P00949,A02485,1
P00949,A02486,2
P00949,A02487,3
P00949,A02488,4
P00949,A02489,5
P00949,A02490,6
P00950,A00931,1
P00950,A02491,2
P00950,A00930,3
P00950,A00597,4
P00950,A01713,5
P00950,A00815,6
P00950,A00115,7
P00950,A02433,8
P00950,A01282,9
P00951,A02492,1
P00951,A02493,2
P00951,A02494,3
P00951,A02495,4
P00952,A00573,1
P00952,A01711,2
P00952,A02496,3
P00952,A02497,4
P00952,A02498,5
P00953,A00597,1
P00954,A01282,1
P00954,A02499,2
P00954,A02500,3
P00954,A02501,4
P00954,A00403,5
P00954,A00597,6
P00954,A02502,7
P00954,A02503,8
P00954,A02504,9
P00954,A02505,10
P00954,A01000,11
P00955,A00922,1
P00955,A01067,2
P00955,A01521,3
P00955,A01743,4
P00955,A02024,5
P00955,A02049,6
P00955,A02325,7
P00955,A02506,8
P00955,A02507,9
P00955,A02508,10
P00955,A02046,11
P00955,A02509,12
P00955,A00090,13
P00955,A00597,14
P00955,A02369,15
P00955,A01713,16
P00955,A02510,17
P00955,A00974,18
P00956,A00738,1
P00956,A00737,2
P00956,A02230,3
P00956,A02384,4
P00956,A00960,5
P00956,A00597,6
P00956,A02369,7
P00956,A01020,8
P00957,A01713,1
P00957,A02511,2
P00957,A02512,3
P00957,A02513,4
P00957,A02514,5
P00957,A02515,6
P00957,A02516,7
P00957,A02517,8
P00957,A02518,9
P00958,A02491,1
P00958,A00931,2
P00958,A00597,3
P00958,A02519,4
P00958,A00815,5
P00958,A00115,6
P00958,A02433,7
P00958,A01713,8
P00958,A02516,9
P00958,A02512,10
P00958,A02520,11
P00958,A00151,12
P00959,A02521,1
P00959,A02522,2
P00959,A00597,3
P00959,A02523,4
P00959,A01069,5
P00959,A00738,6
P00959,A00573,7
P00959,A01198,8
P00959,A02230,9
P00959,A02239,10
P00959,A00737,11
P00959,A02234,12
P00959,A02235,13
P00959,A02237,14
P00959,A02284,15
P00960,A00573,1
P00960,A02233,2
P00960,A01711,3
P00961,A02279,1
P00961,A00597,2
P00961,A02524,3
P00961,A01257,4
P00961,A02525,5
P00961,A02232,6
P00961,A02277,7
P00961,A02235,8
P00962,A02522,1
P00962,A00597,2
P00963,A02526,1
P00963,A02384,2
P00963,A00738,3
P00963,A00737,4
P00963,A00846,5
P00963,A02284,6
P00963,A02237,7
P00963,A02235,8
P00963,A02277,9
P00963,A00597,10
P00963,A00403,11
P00964,A01143,1
P00964,A02527,2
P00964,A01347,3
P00964,A01142,4
P00964,A00168,5
P00964,A02528,6
P00964,A02529,7
P00964,A00922,8
P00964,A02530,9
P00964,A01248,10
P00964,A02531,11
P00964,A00975,12
P00964,A00974,13
P00964,A00786,14
P00965,A01836,1
P00965,A02131,2
P00965,A00448,3
P00965,A00449,4
P00965,A01708,5
P00966,A00996,1
P00966,A00403,2
P00967,A00469,1
P00967,A00284,2
P00968,A02532,1
P00968,A02533,2
P00969,A00835,1
P00970,A02534,1
P00970,A02535,2
P00970,A02536,3
P00971,A02537,1
P00971,A02538,2
P00971,A02539,3
P00972,A02540,1
P00972,A02541,2
P00972,A02542,3
P00972,A02543,4
P00973,A02544,1
P00973,A02545,2
P00973,A02546,3
P00973,A02547,4
P00973,A02548,5
P00973,A02549,6
P00973,A02550,7
P00973,A02457,8
P00973,A01943,9
P00974,A01724,1
P00974,A01727,2
P00974,A01726,3
P00974,A02551,4
P00974,A01176,5
P00974,A02552,6
P00974,A01725,7
P00974,A02553,8
P00974,A00403,9
P00974,A02554,10
P00974,A01322,11
P00974,A01065,12
P00974,A02555,13
P00974,A00404,14
P00974,A01728,15
P00974,A02556,16
P00975,A02557,1
P00975,A00406,2
P00975,A01598,3
P00975,A00169,4
P00975,A00062,5
P00975,A01613,6
P00976,A02558,1
P00977,A00406,1
P00977,A01311,2
P00977,A02375,3
P00977,A01913,4
P00977,A02557,5
P00977,A01613,6
P00978,A02559,1
P00978,A02560,2
P00978,A02561,3
P00978,A01270,4
P00978,A02562,5
P00978,A02563,6
P00978,A01039,7
P00978,A01045,8
P00978,A00234,9
P00978,A00554,10
P00978,A02564,11
P00979,A01416,1
P00979,A01417,2
P00979,A02565,3
P00979,A00067,4
P00980,A01952,1
P00980,A01000,2
P00981,A02566,1
P00981,A02567,2
P00981,A02568,3
P00981,A02569,4
P00981,A02522,5
P00981,A00597,6
P00981,A00737,7
P00981,A02570,8
P00982,A02215,1
P00982,A02571,2
P00982,A02572,3
P00982,A00597,4
P00982,A00846,5
P00982,A02384,6
P00982,A02284,7
P00982,A02237,8
P00983,A00438,1
P00983,A00439,2
P00983,A02573,3
P00983,A02574,4
P00983,A02575,5
P00983,A02576,6
P00983,A00710,7
P00983,A02577,8
P00983,A02578,9
P00983,A01034,10
P00983,A02579,11
P00984,A02580,1
P00984,A02581,2
P00985,A02582,1
P00985,A02583,2
P00985,A02584,3
P00985,A02585,4
P00986,A02586,1
P00986,A00369,2
P00987,A02435,1
P00987,A02436,2
P00987,A00815,3
P00988,A00757,1
P00988,A02587,2
P00988,A00436,3
P00988,A02588,4
P00988,A02589,5
P00988,A02590,6
P00988,A00922,7
P00988,A01067,8
P00988,A02049,9
P00988,A02591,10
P00988,A02592,11
P00988,A01536,12
P00988,A02593,13
P00989,A02092,1
P00989,A02038,2
P00989,A02003,3
P00989,A00992,4
P00989,A02594,5
P00989,A02275,6
P00989,A01344,7
P00989,A00597,8
P00989,A02384,9
P00989,A02277,10
P00989,A01020,11
P00990,A02595,1
P00990,A02144,2
P00990,A00233,3
P00990,A02596,4
P00991,A02597,1
P00991,A02598,2
P00991,A02599,3
P00991,A01773,4
P00991,A01555,5
P00991,A02600,6
P00991,A02190,7
P00991,A01380,8
P00991,A00311,9
P00992,A02601,1
P00992,A00394,2
P00992,A02602,3
P00992,A02376,4
P00992,A00395,5
P00992,A00264,6
P00993,A02415,1
P00993,A00865,2
P00993,A02416,3
P00993,A01805,4
P00994,A02603,1
P00994,A02604,2
P00994,A02605,3
P00994,A02606,4
P00995,A02607,1
P00995,A00284,2
P00995,A02608,3
P00995,A00239,4
P00996,A00931,1
P00996,A00930,2
P00996,A02232,3
P00996,A00648,4
P00996,A00597,5
P00996,A02369,6
P00996,A01537,7
P00996,A02609,8
P00997,A01491,1
P00997,A01552,2
P00997,A02114,3
P00997,A00360,4
P00997,A01289,5
P00997,A01291,6
P00997,A02610,7
P00997,A00732,8
P00997,A02611,9
P00998,A02612,1
P00998,A02613,2
P00998,A02614,3
P00998,A02615,4
P00998,A02616,5
P00998,A02617,6
P00998,A02618,7
P00998,A02619,8
P00999,A02620,1
P00999,A00848,2
P00999,A00873,3
P00999,A00265,4
P00999,A01707,5
P00999,A00856,6
P00999,A00406,7
P00999,A00167,8
P00999,A02621,9
P01000,A01431,1
P01000,A00004,2
P01001,A02192,1
P01001,A00151,2
P01002,A01214,1
P01002,A00323,2
P01002,A02405,3
P01002,A02622,4
P01002,A02623,5
P01002,A01215,6
P01002,A01200,7
P01002,A00171,8
P01002,A01752,9
P01003,A02463,1
P01003,A02461,2
P01003,A02462,3
P01003,A02460,4
P01003,A00237,5
P01003,A02624,6
P01004,A02625,1
P01004,A02626,2
P01004,A02627,3
P01004,A02628,4
P01004,A02629,5
P01005,A02630,1
P01005,A02008,2
P01005,A02522,3
P01005,A01197,4
P01005,A00738,5
P01005,A02234,6
P01005,A02230,7
P01006,A02631,1
P01006,A01039,2
P01006,A01271,3
P01006,A01040,4
P01006,A01045,5
P01006,A02632,6
P01006,A01752,7
P01007,A02633,1
P01007,A02015,2
P01007,A00573,3
P01007,A00872,4
P01007,A02634,5
P01007,A02056,6
P01008,A02038,1
P01008,A02092,2
P01008,A00992,3
P01008,A02594,4
P01008,A02275,5
P01008,A00597,6
P01008,A02384,7
P01008,A02277,8
P01009,A02635,1
P01009,A02608,2
P01010,A01874,1
P01011,A01533,1
P01011,A01690,2
P01011,A00597,3
P01011,A00815,4
P01011,A02232,5
P01011,A02369,6
P01011,A02281,7
P01011,A00974,8
P01012,A02636,1
P01012,A02637,2
P01012,A02638,3
P01012,A01645,4
P01012,A02639,5
P01012,A01647,6
P01013,A01009,1
P01013,A02640,2
P01013,A02641,3
P01013,A02642,4
P01013,A01650,5
P01013,A02643,6
P01013,A01697,7
P01013,A00597,8
P01013,A02230,9
P01013,A02232,10
P01013,A02365,11
P01013,A02644,12
P01014,A02645,1
P01014,A02646,2
P01014,A02365,3
P01014,A00597,4
P01014,A01019,5
P01015,A02647,1
P01015,A02648,2
P01015,A02649,3
P01015,A02650,4
P01015,A02651,5
P01015,A02652,6
P01015,A02653,7
P01015,A02654,8
P01015,A02655,9
P01015,A02656,10
P01015,A02657,11
P01015,A02658,12
P01015,A02659,13
P01016,A02435,1
P01016,A02436,2
P01016,A02660,3
P01016,A02661,4
P01016,A02662,5
P01016,A02433,6
P01016,A00815,7
P01016,A00922,8
P01016,A02663,9
P01016,A02664,10
P01017,A02461,1
P01017,A02462,2
P01017,A00468,3
P01017,A02460,4
P01017,A02463,5
P01018,A02665,1
P01018,A02666,2
P01018,A02667,3
P01019,A02668,1
P01020,A02571,1
P01020,A02572,2
P01020,A00597,3
P01020,A02215,4
P01020,A00573,5
P01020,A02669,6
P01020,A02238,7
P01020,A02237,8
P01020,A01020,9
P01020,A01482,10
P01021,A01690,1
P01021,A00815,2
P01021,A02038,3
P01021,A01430,4
P01021,A02670,5
P01021,A00818,6
P01021,A02048,7
P01021,A00115,8
P01021,A02276,9
P01021,A02609,10
P01022,A02365,1
P01022,A00597,2
P01022,A01228,3
P01022,A02369,4
P01022,A01020,5
P01022,A02232,6
P01022,A02230,7
P01022,A02002,8
P01023,A00757,1
P01023,A01045,2
P01023,A00436,3
P01023,A02671,4
P01023,A02587,5
P01023,A02436,6
P01024,A02508,1
P01024,A01521,2
P01024,A00922,3
P01024,A02325,4
P01024,A02509,5
P01025,A02672,1
P01025,A02673,2
P01026,A01871,1
P01026,A01045,2
P01026,A01869,3
P01026,A01870,4
P01026,A01872,5
P01026,A00234,6
P01026,A01033,7
P01027,A02270,1
P01027,A02674,2
P01027,A02675,3
P01027,A02676,4
P01027,A02677,5
P01028,A00927,1
P01028,A02204,2
P01028,A02203,3
P01029,A02678,1
P01029,A00732,2
P01029,A02679,3
P01029,A01877,4
P01030,A02680,1
P01030,A01470,2
P01030,A02681,3
P01030,A00224,4
P01030,A02682,5
P01030,A02683,6
P01030,A02684,7
P01030,A02685,8
P01030,A02686,9
P01030,A02687,10
P01030,A02688,11
P01031,A01598,1
P01031,A00169,2
P01031,A00062,3
P01032,A02689,1
P01032,A00709,2
P01032,A00004,3
P01032,A01016,4
P01032,A02678,5
P01032,A01073,6
P01032,A00437,7
P01033,A01430,1
P01033,A02102,2
P01033,A00762,3
P01033,A01690,4
P01034,A00406,1
P01034,A02690,2
P01034,A02557,3
P01034,A01613,4
P01035,A02691,1
P01035,A00997,2
P01035,A02692,3
P01035,A02693,4
P01036,A02694,1
P01036,A00597,2
P01036,A02365,3
P01036,A02695,4
P01036,A02008,5
P01036,A02525,6
P01037,A02696,1
P01037,A02562,2
P01037,A01045,3
P01037,A02560,4
P01037,A02697,5
P01037,A02698,6
P01037,A02699,7
P01038,A01430,1
P01038,A02102,2
P01038,A00762,3
P01039,A02589,1
P01039,A01470,2
P01039,A00757,3
P01039,A00436,4
P01039,A01912,5
P01040,A02700,1
P01040,A02701,2
P01041,A00471,1
P01041,A00443,2
P01041,A02702,3
P01041,A02703,4
P01041,A02704,5
P01041,A02705,6
P01041,A00444,7
P01041,A02706,8
P01041,A02196,9
P01041,A02707,10
P01041,A02201,11
P01041,A01314,12
P01041,A02708,13
P01041,A01312,14
P01041,A02709,15
P01041,A02200,16
P01041,A02710,17
P01041,A01504,18
P01041,A02711,19
P01041,A02712,20
P01042,A00295,1
P01042,A02713,2
P01042,A02714,3
P01042,A02715,4
P01043,A01125,1
P01043,A01039,2
P01043,A01007,3
P01043,A02436,4
P01043,A01491,5
P01043,A02611,6
P01043,A00436,7
P01044,A02716,1
P01044,A02717,2
P01045,A02436,1
P01045,A02660,2
P01045,A02662,3
P01045,A02435,4
P01045,A02661,5
P01045,A02718,6
P01045,A02433,7
P01045,A01690,8
P01045,A00815,9
P01045,A00931,10
P01045,A02232,11
P01045,A02369,12
P01045,A00597,13
P01045,A02719,14
P01046,A02415,1
P01046,A01430,2
P01046,A00815,3
P01046,A01690,4
P01046,A01684,5
P01046,A02038,6
P01046,A02043,7
P01046,A02277,8
P01047,A01195,1
P01047,A02720,2
P01047,A02721,3
P01047,A02722,4
P01047,A00738,5
P01047,A02234,6
P01047,A02284,7
P01047,A00597,8
P01047,A00573,9
P01047,A02723,10
P01047,A01711,11
P01047,A02237,12
P01047,A00737,13
P01048,A02724,1
P01048,A02369,2
P01048,A02522,3
P01048,A02235,4
P01048,A02450,5
P01048,A00597,6
P01048,A01482,7
P01049,A01095,1
P01049,A02601,2
P01049,A00168,3
P01049,A00406,4
P01049,A02725,5
P01049,A00264,6
P01050,A01743,1
P01050,A00922,2
P01050,A01521,3
P01051,A01289,1
P01051,A01291,2
P01051,A02114,3
P01051,A00360,4
P01051,A02726,5
P01051,A01552,6
P01052,A02727,1
P01052,A02728,2
P01052,A02729,3
P01052,A02730,4
P01053,A02731,1
P01053,A02594,2
P01053,A01194,3
P01054,A01894,1
P01054,A02732,2
P01054,A02733,3
P01054,A01896,4
P01054,A02734,5
P01054,A00554,6
P01054,A02735,7
P01055,A01871,1
P01055,A01491,2
P01055,A01045,3
P01055,A02562,4
P01055,A01033,5
P01055,A00234,6
P01055,A01870,7
P01055,A01872,8
P01056,A01521,1
P01056,A00922,2
P01056,A01943,3
P01056,A02325,4
P01056,A01067,5
P01056,A02024,6
P01056,A00930,7
P01056,A00114,8
P01056,A01713,9
P01056,A01637,10
P01056,A00692,11
P01056,A01715,12
P01056,A00931,13
P01056,A00974,14
P01056,A00762,15
P01057,A02736,1
P01057,A01711,2
P01057,A02737,3
P01057,A02237,4
P01057,A02238,5
P01057,A00597,6
P01057,A02384,7
P01057,A00738,8
P01057,A02723,9
P01057,A01195,10
P01057,A02738,11
P01057,A00573,12
P01057,A02739,13
P01057,A02740,14
P01057,A02369,15
P01057,A01019,16
P01058,A02741,1
P01058,A01009,2
P01058,A02742,3
P01058,A02743,4
P01058,A00931,5
P01059,A02744,1
P01059,A00992,2
P01059,A02745,3
P01059,A00846,4
P01059,A02275,5
P01059,A00597,6
P01059,A02230,7
P01059,A00982,8
P01059,A02277,9
P01059,A02235,10
P01060,A02738,1
P01060,A02274,2
P01060,A02276,3
P01060,A00815,4
P01060,A02281,5
P01060,A01195,6
P01060,A02746,7
P01060,A02747,8
P01060,A00597,9
P01060,A02232,10
P01060,A02369,11
P01060,A02002,12
P01061,A02093,1
P01062,A01711,1
P01062,A02736,2
P01062,A02737,3
P01062,A00597,4
P01062,A02384,5
P01062,A00738,6
P01062,A02723,7
P01062,A01195,8
P01062,A02738,9
P01062,A00573,10
P01062,A02748,11
P01062,A02740,12
P01062,A02237,13
P01062,A02238,14
P01062,A02369,15
P01062,A01019,16
P01063,A01198,1
P01063,A02519,2
P01063,A02494,3
P01063,A01065,4
P01063,A02491,5
P01063,A02749,6
P01063,A00933,7
P01063,A02750,8
P01063,A02751,9
P01063,A00866,10
P01063,A02752,11
P01063,A02753,12
P01063,A00928,13
P01063,A01066,14
P01064,A01573,1
P01064,A00725,2
P01064,A00805,3
P01065,A02754,1
P01065,A01519,2
P01065,A02755,3
P01065,A00597,4
P01065,A01019,5
P01065,A02269,6
P01065,A02552,7
P01065,A02233,8
P01065,A01200,9
P01065,A02235,10
P01065,A00738,11
P01065,A02230,12
P01065,A02002,13
P01066,A02756,1
P01066,A00805,2
P01067,A02370,1
P01067,A00248,2
P01067,A02757,3
P01067,A02758,4
P01067,A02759,5
P01068,A02642,1
P01068,A01009,2
P01068,A01651,3
P01068,A01989,4
P01068,A00180,5
P01068,A01182,6
P01068,A00588,7
P01068,A02760,8
P01069,A00469,1
P01069,A00243,2
P01069,A02761,3
P01069,A02112,4
P01069,A00965,5
P01069,A00284,6
P01070,A02762,1
P01070,A02672,2
P01070,A00805,3
P01070,A02763,4
P01071,A00732,1
P01071,A02241,2
P01071,A01877,3
P01071,A02764,4
P01072,A01280,1
P01072,A01066,2
P01072,A02765,3
P01072,A02766,4
P01072,A02767,5
P01072,A02768,6
P01072,A02769,7
P01072,A00869,8
P01072,A02770,9
P01072,A02771,10
P01072,A02772,11
P01072,A01198,12
P01072,A01065,13
P01072,A00784,14
P01072,A00933,15
P01072,A02750,16
P01073,A02581,1
P01073,A02773,2
P01073,A02774,3
P01074,A02642,1
P01074,A02775,2
P01074,A02776,3
P01074,A02777,4
P01075,A02049,1
P01075,A00584,2
P01075,A00651,3
P01075,A01473,4
P01075,A01474,5
P01075,A00805,6
P01076,A02775,1
P01076,A02642,2
P01076,A02777,3
P01076,A02776,4
P01076,A02778,5
P01077,A02003,1
P01077,A01344,2
P01077,A00584,3
P01077,A02106,4
P01077,A02594,5
P01078,A02779,1
P01078,A02780,2
P01078,A02781,3
P01078,A02782,4
P01078,A00974,5
P01078,A01180,6
P01078,A01715,7
P01079,A02783,1
P01079,A02784,2
P01079,A00999,3
P01079,A02785,4
P01079,A02786,5
P01079,A00401,6
P01079,A02787,7
P01079,A00589,8
P01079,A02611,9
P01079,A01653,10
P01079,A02788,11
P01079,A01176,12
P01079,A00595,13
P01079,A02789,14
P01079,A00311,15
P01080,A02736,1
P01080,A01711,2
P01080,A02737,3
P01080,A02237,4
P01080,A02238,5
P01080,A00597,6
P01080,A02384,7
P01080,A00738,8
P01080,A02723,9
P01080,A01195,10
P01080,A02738,11
P01080,A00573,12
P01080,A02739,13
P01080,A02740,14
P01080,A02369,15
P01080,A01019,16
P01081,A01676,1
P01081,A00541,2
P01081,A02790,3
P01082,A02284,1
P01082,A02237,2
P01082,A02791,3
P01082,A02285,4
P01082,A02792,5
P01082,A02793,6
P01082,A02794,7
P01082,A00597,8
P01082,A02524,9
P01082,A02292,10
P01082,A00573,11
P01082,A02795,12
P01082,A02369,13
P01082,A01020,14
P01082,A02232,15
P01082,A01256,16
P01082,A02230,17
P01082,A02233,18
P01082,A02236,19
P01082,A00403,20
P01082,A00865,21
P01082,A02002,22
P01082,A00362,23
P01083,A02796,1
P01083,A02797,2
P01083,A01124,3
P01083,A00608,4
P01084,A01007,1
P01084,A01878,2
P01084,A00651,3
P01084,A02689,4
P01084,A00732,5
P01085,A01045,1
P01085,A02436,2
P01085,A02798,3
P01085,A01040,4
P01085,A01878,5
P01085,A00004,6
P01085,A00520,7
P01086,A00895,1
P01087,A02574,1
P01087,A00348,2
P01087,A00340,3
P01087,A02573,4
P01087,A02799,5
P01087,A00710,6
P01087,A02578,7
P01087,A02800,8
P01087,A01676,9
P01087,A01416,10
P01087,A02801,11
P01087,A00153,12
P01088,A02325,1
P01088,A01521,2
P01088,A00408,3
P01088,A02802,4
P01088,A01067,5
P01088,A01637,6
P01088,A02803,7
P01088,A00930,8
P01088,A01943,9
P01088,A01713,10
P01089,A01943,1
P01089,A02272,2
P01089,A02273,3
P01089,A00648,4
P01089,A00931,5
P01089,A01570,6
P01089,A02278,7
P01089,A01537,8
P01089,A02456,9
P01089,A00718,10
P01089,A00815,11
P01089,A00408,12
P01089,A01521,13
P01089,A01713,14
P01089,A02457,15
P01089,A02458,16
P01089,A02459,17
P01090,A02804,1
P01090,A01660,2
P01090,A01423,3
P01091,A01431,1
P01091,A00004,2
P01092,A02805,1
P01092,A02806,2
P01092,A02807,3
P01092,A02808,4
P01093,A02809,1
P01093,A02810,2
P01093,A00893,3
P01093,A00872,4
P01093,A02376,5
P01093,A02473,6
P01093,A02811,7
P01093,A00973,8
P01094,A01460,1
P01094,A00467,2
P01094,A00873,3
P01094,A00856,4
P01094,A00844,5
P01094,A01412,6
P01095,A02812,1
P01095,A00406,2
P01095,A01412,3
P01095,A00906,4
P01095,A01840,5
P01095,A02813,6
P01096,A02814,1
P01096,A01780,2
P01096,A01781,3
P01096,A02815,4
P01096,A02816,5
P01096,A02817,6
P01096,A02818,7
P01096,A02819,8
P01096,A01787,9
P01097,A02820,1
P01097,A02821,2
P01097,A02822,3
P01097,A02823,4
P01097,A02824,5
P01097,A02825,6
P01097,A02826,7
P01097,A02827,8
P01097,A02828,9
P01098,A00543,1
P01098,A01036,2
P01098,A01035,3
P01098,A01084,4
P01098,A01460,5
P01098,A00180,6
P01098,A00004,7
P01099,A02829,1
P01099,A01724,2
P01099,A02070,3
P01099,A02552,4
P01099,A00597,5
P01099,A01065,6
P01099,A02384,7
P01099,A00738,8
P01099,A02230,9
P01099,A02277,10
P01099,A02235,11
P01099,A01482,12
P01099,A02002,13
P01100,A02724,1
P01100,A02234,2
P01100,A02235,3
P01100,A02450,4
P01100,A01482,5
P01100,A00597,6
P01100,A02522,7
P01100,A00738,8
P01101,A01773,1
P01101,A02830,2
P01102,A02724,1
P01102,A02234,2
P01102,A02235,3
P01102,A00597,4
P01102,A02450,5
P01102,A02831,6
P01102,A00720,7
P01102,A01482,8
P01102,A00738,9
P01102,A01519,10
P01103,A01214,1
P01103,A02832,2
P01103,A00635,3
P01103,A02622,4
P01103,A02833,5
P01103,A01215,6
P01103,A02834,7
P01103,A00145,8
P01103,A02835,9
P01104,A02836,1
P01104,A02837,2
P01104,A01365,3
P01104,A02838,4
P01105,A00982,1
P01105,A00597,2
P01105,A02365,3
P01105,A02839,4
P01105,A02840,5
P01105,A02236,6
P01105,A02232,7
P01105,A02230,8
P01105,A00608,9
P01105,A02234,10
P01105,A02235,11
P01106,A02546,1
P01106,A02544,2
P01106,A02841,3
P01106,A02842,4
P01106,A02843,5
P01106,A01943,6
P01106,A02457,7
P01107,A02754,1
P01107,A01519,2
P01107,A01019,3
P01107,A00597,4
P01107,A00996,5
P01107,A02277,6
P01107,A02240,7
P01107,A01482,8
P01107,A02235,9
P01107,A02844,10
P01107,A00171,11
P01107,A00311,12
P01107,A01841,13
P01107,A01840,14
P01107,A01253,15
P01108,A01311,1
P01108,A00725,2
P01108,A00406,3
P01108,A00264,4
P01109,A02845,1
P01109,A02354,2
P01109,A02359,3
P01109,A02355,4
P01109,A02356,5
P01109,A01943,6
P01109,A01768,7
P01109,A01607,8
P01109,A00648,9
P01109,A02361,10
P01109,A02272,11
P01110,A02633,1
P01110,A02015,2
P01110,A00573,3
P01110,A00872,4
P01110,A02057,5
P01110,A02056,6
P01110,A02634,7
P01111,A02765,1
P01111,A01246,2
P01112,A02846,1
P01112,A02847,2
P01112,A02848,3
P01112,A02849,4
P01112,A02850,5
P01112,A02851,6
P01112,A02852,7
P01112,A01759,8
P01112,A02853,9
P01113,A02732,1
P01113,A01894,2
P01113,A01896,3
P01113,A02854,4
P01113,A02733,5
P01114,A00088,1
P01114,A02855,2
P01114,A00004,3
P01115,A01431,1
P01115,A00004,2
P01116,A00360,1
P01116,A01552,2
P01116,A02126,3
P01116,A01725,4
P01116,A02114,5
P01116,A01289,6
P01116,A00260,7
P01116,A02856,8
P01116,A02204,9
P01116,A02857,10
P01116,A01539,11
P01116,A02858,12
P01117,A00922,1
P01117,A02859,2
P01117,A01743,3
P01117,A00658,4
P01117,A01655,5
P01117,A02860,6
P01117,A02861,7
P01117,A02862,8
P01117,A02863,9
P01117,A02864,10
P01117,A01684,11
P01117,A01067,12
P01117,A01560,13
P01117,A02865,14
P01117,A00990,15
P01117,A02866,16
P01117,A02867,17
P01117,A02531,18
P01117,A00992,19
P01117,A02868,20
P01117,A02869,21
P01117,A02856,22
P01117,A02204,23
P01117,A02857,24
P01117,A01539,25
P01117,A02858,26
P01118,A00993,1
P01118,A00597,2
P01118,A02870,3
P01118,A00916,4
P01118,A01690,5
P01118,A00815,6
P01118,A01941,7
P01118,A02232,8
P01118,A02273,9
P01118,A02369,10
P01118,A02235,11
P01119,A02279,1
P01119,A00597,2
P01119,A01570,3
P01119,A02232,4
P01119,A02273,5
P01119,A02871,6
P01119,A01941,7
P01119,A01713,8
P01119,A01521,9
P01119,A02325,10
P01119,A02283,11
P01120,A02548,1
P01120,A02544,2
P01120,A02872,3
P01120,A02873,4
P01120,A02546,5
P01120,A02874,6
P01121,A02457,1
P01121,A00597,2
P01121,A02875,3
P01121,A02282,4
P01121,A02043,5
P01121,A02272,6
P01121,A02273,7
P01121,A02369,8
P01121,A00718,9
P01122,A02876,1
P01122,A02522,2
P01122,A02877,3
P01122,A00597,4
P01122,A02450,5
P01123,A01166,1
P01123,A00403,2
P01123,A00597,3
P01123,A02002,4
P01123,A02277,5
P01123,A01020,6
P01123,A01019,7
P01124,A02450,1
P01124,A02234,2
P01124,A02724,3
P01124,A01020,4
P01124,A00597,5
P01124,A01019,6
P01124,A02831,7
P01124,A00720,8
P01124,A02230,9
P01124,A01482,10
P01124,A00738,11
P01124,A01519,12
P01124,A02878,13
P01125,A02879,1
P01125,A02523,2
P01125,A02521,3
P01125,A02522,4
P01125,A02880,5
P01125,A00597,6
P01125,A00738,7
P01125,A00869,8
P01125,A00712,9
P01125,A02230,10
P01125,A02831,11
P01126,A02881,1
P01126,A02882,2
P01126,A00597,3
P01126,A00931,4
P01126,A02277,5
P01126,A00815,6
P01126,A01713,7
P01126,A02883,8
P01127,A02694,1
P01127,A00597,2
P01127,A02365,3
P01127,A02695,4
P01127,A02884,5
P01127,A02885,6
P01127,A02525,7
P01127,A02008,8
P01127,A00738,9
P01127,A02230,10
P01127,A02234,11
P01128,A02886,1
P01128,A02887,2
P01128,A02888,3
P01128,A02889,4
P01128,A02890,5
P01129,A00732,1
P01129,A00437,2
P01129,A00004,3
P01129,A00729,4
P01129,A00436,5
P01129,A00555,6
P01129,A02891,7
P01129,A02892,8
P01130,A01521,1
P01130,A00922,2
P01130,A02325,3
P01130,A01067,4
P01130,A02506,5
P01130,A01943,6
P01130,A00930,7
P01130,A02024,8
P01130,A01637,9
P01130,A00931,10
P01130,A01713,11
P01131,A02893,1
P01131,A00597,2
P01131,A02457,3
P01131,A00930,4
P01131,A02232,5
P01131,A02723,6
P01131,A02369,7
P01131,A01941,8
P01131,A01713,9
P01131,A02283,10
P01131,A02325,11
P01131,A01521,12
P01132,A02236,1
P01132,A00597,2
P01132,A01065,3
P01132,A00865,4
P01132,A01028,5
P01132,A02369,6
P01132,A00738,7
P01132,A02230,8
P01132,A00737,9
P01133,A02894,1
P01133,A02895,2
P01133,A02896,3
P01133,A00597,4
P01133,A02365,5
P01133,A00362,6
P01133,A02277,7
P01133,A02235,8
P01133,A01019,9
P01134,A00239,1
P01134,A02897,2
P01134,A00284,3
P01135,A02588,1
P01135,A00284,2
P01135,A02898,3
P01135,A00239,4
P01136,A02899,1
P01136,A01555,2
P01136,A01773,3
P01136,A02598,4
P01137,A02900,1
P01137,A02901,2
P01137,A02902,3
P01138,A02325,1
P01138,A01521,2
P01138,A00922,3
P01138,A01067,4
P01138,A01637,5
P01138,A02803,6
P01138,A00930,7
P01138,A01943,8
P01138,A01713,9
P01139,A02903,1
P01139,A02904,2
P01139,A02905,3
P01139,A02906,4
P01139,A02907,5
P01139,A02908,6
P01140,A01617,1
P01140,A02909,2
P01140,A00322,3
P01140,A00467,4
P01140,A02910,5
P01140,A00067,6
P01140,A02911,7
P01141,A02580,1
P01141,A02581,2
P01142,A02689,1
P01142,A00709,2
P01142,A00004,3
P01142,A00828,4
P01142,A00265,5
P01143,A02912,1
P01143,A00585,2
P01144,A02913,1
P01144,A02914,2
P01144,A02915,3
P01144,A02916,4
P01144,A02917,5
P01145,A02918,1
P01145,A02919,2
P01145,A02920,3
P01145,A02695,4
P01146,A00406,1
P01146,A01311,2
P01146,A01613,3
P01147,A00722,1
P01147,A01805,2
P01147,A00086,3
P01147,A02111,4
P01147,A01988,5
P01147,A02238,6
P01147,A02008,7
P01148,A02694,1
P01148,A00597,2
P01148,A01228,3
P01148,A02365,4
P01149,A02582,1
P01149,A02584,2
P01149,A02921,3
P01149,A02922,4
P01149,A02585,5
P01149,A02583,6
P01149,A01824,7
P01149,A02923,8
P01150,A02924,1
P01150,A02925,2
P01151,A01235,1
P01151,A00222,2
P01152,A02926,1
P01152,A02927,2
P01152,A02928,3
P01152,A02929,4
P01152,A02930,5
P01153,A01228,1
P01153,A01800,2
P01153,A01801,3
P01153,A00597,4
P01153,A01229,5
P01153,A02240,6
P01153,A01519,7
P01153,A00738,8
P01153,A02230,9
P01154,A02931,1
P01154,A02932,2
P01154,A02933,3
P01154,A02934,4
P01155,A02935,1
P01155,A01513,2
P01155,A02136,3
P01155,A02936,4
P01156,A02937,1
P01156,A00585,2
P01156,A00180,3
P01157,A02938,1
P01157,A02939,2
P01157,A02940,3
P01158,A02941,1
P01158,A02942,2
P01158,A02943,3
P01159,A02944,1
P01159,A02945,2
P01159,A02946,3
P01159,A02743,4
P01159,A01697,5
P01160,A02802,1
P01160,A01521,2
P01160,A01412,3
P01160,A02325,4
P01160,A00922,5
P01160,A01637,6
P01160,A01866,7
P01160,A02947,8
P01160,A00974,9
P01160,A00762,10
P01160,A01474,11
P01161,A01786,1
P01161,A02948,2
P01161,A02949,3
P01161,A00922,4
P01161,A02511,5
P01161,A01715,6
P01162,A02950,1
P01162,A02951,2
P01162,A02952,3
P01162,A02953,4
P01163,A02954,1
P01163,A02955,2
P01164,A01531,1
P01164,A00815,2
P01164,A01691,3
P01164,A02956,4
P01164,A02957,5
P01165,A02958,1
P01165,A02584,2
P01165,A02582,3
P01165,A02585,4
P01166,A02959,1
P01166,A02960,2
P01166,A02961,3
P01166,A02962,4
P01166,A02963,5
P01166,A02964,6
P01166,A02965,7
P01166,A02966,8
P01167,A02967,1
P01167,A02968,2
P01167,A00953,3
P01167,A02969,4
P01167,A02970,5
P01167,A00554,6
P01168,A01431,1
P01168,A01657,2
P01168,A00004,3
P01168,A01101,4
P01168,A01658,5
P01168,A01659,6
P01169,A02971,1
P01169,A02264,2
P01169,A02972,3
P01169,A02973,4
P01169,A02974,5
P01169,A02975,6
P01169,A02976,7
P01169,A02977,8
P01170,A02978,1
P01170,A02979,2
P01170,A02980,3
P01170,A00865,4
P01170,A02038,5
P01171,A01045,1
P01171,A02981,2
P01171,A02436,3
P01171,A02798,4
P01171,A01039,5
P01171,A01040,6
P01171,A00555,7
P01172,A02982,1
P01172,A02983,2
P01172,A02984,3
P01172,A02985,4
P01172,A02986,5
P01172,A02987,6
P01173,A02988,1
P01173,A02989,2
P01173,A02776,3
P01173,A00756,4
P01173,A02990,5
P01174,A02603,1
P01174,A02991,2
P01174,A02992,3
P01174,A02993,4
P01174,A02606,5
P01175,A02069,1
P01175,A02994,2
P01175,A00916,3
P01175,A00914,4
P01175,A00406,5
P01175,A01052,6
P01175,A01865,7
P01176,A02995,1
P01176,A00369,2
P01176,A02996,3
P01177,A02695,1
P01177,A02997,2
P01177,A02998,3
P01177,A01082,4
P01177,A01808,5
P01177,A00722,6
P01177,A02999,7
P01178,A02016,1
P01178,A02017,2
P01178,A03000,3
P01178,A01690,4
P01178,A03001,5
P01178,A01264,6
P01178,A03002,7
P01178,A02434,8
P01178,A00922,9
P01179,A01009,1
P01179,A03003,2
P01179,A03004,3
P01179,A00597,4
P01179,A02741,5
P01179,A02273,6
P01179,A02232,7
P01179,A02457,8
P01179,A01941,9
P01179,A00719,10
P01180,A02386,1
P01180,A00062,2
P01180,A00169,3
P01180,A01598,4
P01180,A01292,5
P01181,A03005,1
P01181,A02895,2
P01181,A02894,3
P01181,A00597,4
P01181,A02277,5
P01181,A01200,6
P01182,A03006,1
P01182,A00784,2
P01183,A03007,1
P01183,A03008,2
P01183,A03009,3
P01184,A03010,1
P01184,A03011,2
P01184,A03012,3
P01184,A03013,4
P01184,A01877,5
P01184,A03014,6
P01184,A03015,7
P01184,A03016,8
P01184,A03017,9
P01184,A03018,10
P01184,A00588,11
P01185,A03019,1
P01185,A03020,2
P01185,A03021,3
P01185,A00869,4
P01185,A03022,5
P01186,A03023,1
P01186,A03024,2
P01186,A03025,3
P01186,A03026,4
P01186,A03027,5
P01187,A00088,1
P01187,A00757,2
P01187,A02588,3
P01187,A02589,4
P01187,A00436,5
P01187,A00815,6
P01187,A01690,7
P01187,A00437,8
P01188,A01007,1
P01188,A01183,2
P01188,A00709,3
P01188,A00732,4
P01189,A03028,1
P01189,A01877,2
P01190,A02589,1
P01190,A00757,2
P01190,A01470,3
P01190,A01912,4
P01191,A03029,1
P01191,A02608,2
P01192,A02741,1
P01192,A01715,2
P01192,A01009,3
P01192,A03003,4
P01192,A03030,5
P01192,A03031,6
P01192,A03032,7
P01192,A02742,8
P01192,A02719,9
P01192,A00931,10
P01192,A02743,11
P01193,A03003,1
P01193,A02887,2
P01193,A02571,3
P01193,A02572,4
P01193,A01009,5
P01193,A00597,6
P01193,A00931,7
P01193,A02274,8
P01193,A03033,9
P01193,A02276,10
P01193,A02275,11
P01193,A00718,12
P01194,A03034,1
P01194,A00722,2
P01194,A01309,3
P01195,A01871,1
P01195,A01045,2
P01195,A01491,3
P01195,A01033,4
P01195,A00234,5
P01196,A01805,1
P01196,A00171,2
P01196,A00865,3
P01196,A03035,4
P01197,A03036,1
P01197,A03037,2
P01197,A03038,3
P01197,A03039,4
P01198,A00264,1
P01198,A03040,2
P01198,A03041,3
P01199,A03042,1
P01199,A03043,2
P01199,A03044,3
P01199,A03045,4
P01199,A03046,5
P01200,A01431,1
P01200,A00004,2
P01200,A03047,3
P01200,A01016,4
P01200,A03048,5
P01200,A03049,6
P01200,A00709,7
P01200,A00555,8
P01201,A02612,1
P01201,A02613,2
P01201,A02614,3
P01201,A03050,4
P01201,A02615,5
P01201,A02617,6
P01201,A02618,7
P01201,A02619,8
P01202,A03051,1
P01203,A03052,1
P01203,A01991,2
P01203,A00033,3
P01203,A00417,4
P01203,A02576,5
P01204,A00033,1
P01204,A03053,2
P01204,A03052,3
P01205,A03054,1
P01205,A03055,2
P01205,A03056,3
P01205,A03057,4
P01206,A01423,1
P01206,A00591,2
P01206,A03058,3
P01206,A03059,4
P01206,A00434,5
P01206,A03060,6
P01206,A03061,7
P01207,A03062,1
P01207,A03063,2
P01207,A03064,3
P01207,A03065,4
P01207,A03066,5
P01207,A03067,6
P01207,A03068,7
P01207,A03069,8
P01207,A03070,9
P01207,A03071,10
P01207,A03072,11
P01207,A03073,12
P01207,A03074,13
P01207,A03075,14
P01207,A03076,15
P01207,A03077,16
P01207,A03078,17
P01207,A03079,18
P01207,A03080,19
P01207,A03081,20
P01207,A03082,21
P01207,A03083,22
P01207,A03084,23
P01207,A03085,24
P01207,A03086,25
P01207,A03087,26
P01207,A03088,27
P01207,A03089,28
P01207,A03090,29
P01207,A03091,30
P01207,A03092,31
P01207,A03093,32
P01207,A03094,33
P01207,A03095,34
P01207,A03096,35
P01207,A03097,36
P01207,A03098,37
P01207,A03099,38
P01207,A03100,39
P01207,A03101,40
P01207,A03102,41
P01207,A03103,42
P01207,A03104,43
P01207,A03105,44
P01207,A03106,45
P01207,A03107,46
P01207,A03108,47
P01207,A03109,48
P01207,A03110,49
P01207,A03111,50
P01207,A03112,51
P01207,A03113,52
P01207,A03114,53
P01207,A03115,54
P01207,A03116,55
P01207,A03117,56
P01207,A03118,57
P01207,A03119,58
P01207,A03120,59
P01207,A03121,60
P01207,A03122,61
P01207,A03123,62
P01207,A03124,63
P01207,A03125,64
P01207,A03126,65
P01207,A03127,66
P01207,A03128,67
P01208,A03129,1
P01208,A01519,2
P01208,A01019,3
P01208,A00597,4
P01208,A03130,5
P01208,A02269,6
P01208,A02755,7
P01208,A02070,8
P01208,A02234,9
P01208,A00738,10
P01208,A02230,11
P01209,A02779,1
P01209,A02043,2
P01209,A02354,3
P01209,A01943,4
P01209,A00974,5
P01209,A02511,6
P01209,A03131,7
P01209,A03003,8
P01209,A02781,9
P01209,A03132,10
P01209,A03133,11
P01210,A03134,1
P01210,A03135,2
P01210,A00815,3
P01211,A03136,1
P01211,A00472,2
P01211,A03137,3
P01212,A01214,1
P01212,A03138,2
P01212,A00865,3
P01212,A00260,4
P01212,A03139,5
P01212,A02452,6
P01212,A03140,7
P01213,A02673,1
P01213,A01877,2
P01214,A02094,1
P01214,A03141,2
P01214,A01522,3
P01214,A00554,4
P01215,A00543,1
P01215,A01036,2
P01216,A01877,1
P01217,A01521,1
P01217,A01637,2
P01217,A00922,3
P01217,A02325,4
P01217,A00218,5
P01217,A01657,6
P01217,A00597,7
P01218,A02582,1
P01218,A02584,2
P01218,A02585,3
P01219,A02582,1
P01219,A02585,2
P01220,A01181,1
P01220,A01769,2
P01220,A01770,3
P01220,A01839,4
P01221,A01271,1
P01221,A02631,2
P01221,A03142,3
P01221,A00927,4
P01221,A01540,5
P01221,A03143,6
P01221,A01039,7
P01222,A03144,1
P01222,A03145,2
P01222,A00931,3
P01222,A03146,4
P01222,A00934,5
P01222,A03147,6
P01223,A02731,1
P01223,A03148,2
P01223,A02368,3
P01223,A00922,4
P01223,A00990,5
P01223,A02049,6
P01224,A01871,1
P01224,A01045,2
P01224,A01491,3
P01224,A03149,4
P01224,A00930,5
P01224,A03150,6
P01224,A01033,7
P01224,A00234,8
P01225,A01552,1
P01225,A03151,2
P01225,A01417,3
P01225,A00406,4
P01225,A00067,5
P01225,A02255,6
P01225,A00755,7
P01225,A02256,8
P01226,A01786,1
P01226,A01264,2
P01226,A03152,3
P01227,A03129,1
P01227,A01519,2
P01227,A01019,3
P01227,A01228,4
P01227,A03130,5
P01227,A00597,6
P01227,A02755,7
P01227,A02269,8
P01227,A02070,9
P01227,A02234,10
P01227,A00738,11
P01227,A02230,12
P01228,A01142,1
P01228,A03153,2
P01228,A01143,3
P01229,A02804,1
P01229,A01660,2
P01229,A01423,3
P01230,A00794,1
P01230,A03153,2
P01230,A01346,3
P01231,A01706,1
P01232,A02881,1
P01232,A00597,2
P01232,A02457,3
P01232,A01713,4
P01232,A01570,5
P01232,A02277,6
P01232,A00719,7
P01232,A02882,8
P01233,A03003,1
P01233,A01009,2
P01233,A02741,3
P01233,A03004,4
P01233,A00597,5
P01233,A00931,6
P01233,A02274,7
P01233,A02273,8
P01233,A00718,9
P01233,A01540,10
P01233,A01039,11
P01233,A01045,12
P01233,A00231,13
P01233,A03154,14
P01233,A03155,15
P01234,A02689,1
P01234,A00709,2
P01234,A00004,3
P01234,A01563,4
P01235,A00658,1
P01235,A00974,2
P01235,A00651,3
P01235,A00597,4
P01235,A00922,5
P01235,A03148,6
P01235,A02274,7
P01236,A01045,1
P01236,A01878,2
P01236,A00004,3
P01236,A02436,4
P01236,A02798,5
P01236,A01040,6
P01237,A03003,1
P01237,A01009,2
P01237,A02741,3
P01237,A00597,4
P01237,A00931,5
P01238,A03156,1
P01238,A01009,2
P01238,A02642,3
P01238,A00597,4
P01238,A01198,5
P01239,A00930,1
P01239,A00916,2
P01239,A03157,3
P01239,A03158,4
P01239,A00714,5
P01239,A02069,6
P01239,A03159,7
P01239,A03160,8
P01239,A01607,9
P01239,A03161,10
P01239,A03031,11
P01239,A01617,12
P01239,A03162,13
P01239,A03163,14
P01239,A03032,15
P01239,A03030,16
P01240,A03164,1
P01240,A03165,2
P01240,A03166,3
P01240,A03167,4
P01240,A03168,5
P01240,A03169,6
P01240,A02584,7
P01240,A02923,8
P01241,A02678,1
P01241,A03170,2
P01241,A00732,3
P01241,A03171,4
P01241,A00180,5
P01242,A02093,1
P01242,A00086,2
P01242,A01105,3
P01242,A00584,4
P01242,A01379,5
P01242,A01198,6
P01242,A00448,7
P01243,A03172,1
P01243,A03173,2
P01243,A03174,3
P01244,A00550,1
P01244,A03175,2
P01244,A00869,3
P01244,A02763,4
P01244,A03176,5
P01244,A02002,6
P01244,A00311,7
P01245,A02415,1
P01245,A03177,2
P01245,A03178,3
P01245,A03179,4
P01245,A00086,5
P01246,A03180,1
P01246,A03181,2
P01246,A02144,3
P01246,A03182,4
P01246,A03183,5
P01247,A03004,1
P01247,A01201,2
P01247,A03003,3
P01247,A00597,4
P01247,A02273,5
P01247,A01256,6
P01247,A02043,7
P01247,A00718,8
P01248,A01009,1
P01248,A03003,2
P01248,A03184,3
P01248,A02741,4
P01248,A03185,5
P01248,A00597,6
P01248,A03155,7
P01248,A02742,8
P01248,A00719,9
P01249,A03003,1
P01249,A01201,2
P01249,A02741,3
P01249,A00597,4
P01249,A01941,5
P01250,A03186,1
P01250,A02481,2
P01250,A03187,3
P01250,A03188,4
P01250,A03189,5
P01250,A01653,6
P01251,A01095,1
P01251,A00406,2
P01251,A00264,3
P01251,A00234,4
P01251,A01033,5
P01251,A01409,6
P01252,A02695,1
P01252,A03190,2
P01253,A01992,1
P01253,A03191,2
P01253,A03192,3
P01253,A03193,4
P01253,A03194,5
P01254,A02124,1
P01254,A00153,2
P01255,A03195,1
P01255,A03196,2
P01255,A03197,3
P01255,A03198,4
P01255,A03199,5
P01255,A03200,6
P01256,A00360,1
P01256,A03201,2
P01256,A02126,3
P01256,A02114,4
P01256,A03202,5
P01256,A03203,6
P01256,A03204,7
P01256,A03205,8
P01256,A02611,9
P01256,A03206,10
P01256,A03207,11
P01256,A00260,12
P01257,A01430,1
P01257,A02980,2
P01257,A00815,3
P01257,A03208,4
P01257,A01690,5
P01257,A01691,6
P01257,A02043,7
P01257,A02237,8
P01257,A00718,9
P01257,A02273,10
P01258,A02092,1
P01258,A02038,2
P01258,A00992,3
P01258,A02003,4
P01258,A01061,5
P01258,A01344,6
P01258,A00597,7
P01258,A02384,8
P01258,A02234,9
P01259,A03209,1
P01259,A03210,2
P01259,A03211,3
P01259,A03212,4
P01259,A03213,5
P01259,A00597,6
P01259,A03214,7
P01259,A03215,8
P01259,A02277,9
P01259,A02232,10
P01259,A02230,11
P01259,A02236,12
P01259,A00862,13
P01259,A00403,14
P01259,A02002,15
P01259,A02524,16
P01259,A03216,17
P01259,A03158,18
P01259,A03217,19
P01259,A03189,20
P01259,A03188,21
P01259,A03187,22
P01259,A01742,23
P01259,A00958,24
P01260,A03218,1
P01261,A03219,1
P01261,A03220,2
P01261,A03221,3
P01261,A03222,4
P01261,A03223,5
P01261,A03224,6
P01261,A03225,7
P01261,A03226,8
P01261,A03227,9
P01261,A03228,10
P01262,A02705,1
P01262,A02196,2
P01262,A00963,3
P01262,A00964,4
P01262,A00965,5
P01263,A03229,1
P01263,A03230,2
P01263,A03231,3
P01263,A02567,4
P01263,A03232,5
P01263,A02522,6
P01264,A03233,1
P01264,A00805,2
P01264,A01573,3
P01264,A01575,4
P01265,A02203,1
P01265,A02204,2
P01265,A02719,3
P01265,A03234,4
P01265,A02206,5
P01265,A02205,6
P01265,A00927,7
P01265,A00292,8
P01265,A01539,9
P01265,A01273,10
P01265,A03235,11
P01265,A01126,12
P01265,A01706,13
P01265,A01180,14
P01265,A00815,15
P01266,A03236,1
P01266,A03237,2
P01266,A03238,3
P01266,A03239,4
P01266,A03240,5
P01266,A03241,6
P01267,A02872,1
P01267,A02544,2
P01267,A02548,3
P01267,A02550,4
P01267,A02546,5
P01267,A01943,6
P01267,A01711,7
P01267,A02873,8
P01268,A03242,1
P01268,A03243,2
P01269,A02299,1
P01269,A02300,2
P01269,A03244,3
P01269,A02304,4
P01269,A02301,5
P01269,A00260,6
P01269,A02302,7
P01269,A02305,8
P01269,A02306,9
P01269,A02307,10
P01269,A02308,11
P01269,A02309,12
P01269,A02310,13
P01269,A02311,14
P01269,A03245,15
P01269,A02312,16
P01270,A02237,1
P01270,A02285,2
P01270,A02284,3
P01270,A00597,4
P01270,A01020,5
P01270,A02384,6
P01270,A00573,7
P01270,A01711,8
P01270,A00738,9
P01271,A03246,1
P01271,A01711,2
P01271,A02736,3
P01271,A02233,4
P01271,A02237,5
P01271,A02238,6
P01271,A00597,7
P01271,A00738,8
P01271,A02723,9
P01271,A00573,10
P01271,A02510,11
P01271,A02369,12
P01271,A01019,13
P01271,A02739,14
P01271,A02740,15
P01272,A03058,1
P01272,A00180,2
P01272,A01423,3
P01272,A03059,4
P01272,A03247,5
P01272,A00221,6
P01273,A03248,1
P01273,A03249,2
P01273,A03250,3
P01273,A03251,4
P01273,A03252,5
P01274,A03253,1
P01274,A00360,2
P01274,A00738,3
P01274,A03156,4
P01275,A02845,1
P01275,A03254,2
P01275,A03255,3
P01275,A03256,4
P01276,A02557,1
P01276,A00406,2
P01276,A01598,3
P01276,A00169,4
P01276,A00062,5
P01276,A01613,6
P01277,A01913,1
P01277,A01434,2
P01277,A02235,3
P01277,A00597,4
P01278,A01027,1
P01278,A03257,2
P01278,A00086,3
P01278,A02415,4
P01279,A03258,1
P01279,A03259,2
P01279,A03260,3
P01279,A03261,4
P01279,A03262,5
P01279,A03263,6
P01280,A02116,1
P01280,A00965,2
P01280,A02112,3
P01280,A03264,4
P01280,A02121,5
P01280,A02118,6
P01281,A03208,1
P01281,A03265,2
P01281,A03266,3
P01281,A01943,4
P01281,A03267,5
P01281,A02273,6
P01282,A03268,1
P01282,A02574,2
P01282,A03269,3
P01283,A02870,1
P01283,A00916,2
P01283,A00917,3
P01283,A00597,4
P01283,A00623,5
P01283,A00692,6
P01283,A03176,7
P01283,A02002,8
P01284,A00474,1
P01284,A03270,2
P01284,A00264,3
P01284,A00478,4
P01284,A03271,5
P01284,A01656,6
P01285,A03272,1
P01285,A03273,2
P01285,A03274,3
P01285,A03275,4
P01285,A03276,5
P01285,A03277,6
P01285,A03278,7
P01285,A03279,8
P01285,A03280,9
P01285,A03281,10
P01285,A03282,11
P01285,A03283,12
P01285,A03284,13
P01285,A03285,14
P01285,A03286,15
P01286,A02584,1
P01286,A02582,2
P01286,A02921,3
P01286,A02922,4
P01286,A03287,5
P01286,A02923,6
P01287,A03288,1
P01287,A03289,2
P01287,A03290,3
P01287,A03291,4
P01288,A03292,1
P01288,A03293,2
P01288,A03294,3
P01288,A03291,4
P01289,A03295,1
P01289,A03234,2
P01289,A03003,3
P01289,A01540,4
P01289,A02070,5
P01289,A02719,6
P01289,A00597,7
P01289,A00931,8
P01289,A02043,9
P01290,A02681,1
P01290,A03296,2
P01290,A02683,3
P01290,A02684,4
P01290,A03297,5
P01290,A03298,6
P01290,A01470,7
P01291,A03299,1
P01291,A01647,2
P01291,A03300,3
P01291,A00930,4
P01291,A03301,5
P01291,A02457,6
P01291,A03302,7
P01291,A03303,8
P01291,A01749,9
P01292,A03304,1
P01292,A01519,2
P01292,A03129,3
P01292,A03305,4
P01293,A02513,1
P01293,A02272,2
P01293,A02281,3
P01293,A00597,4
P01293,A02273,5
P01293,A02450,6
P01294,A00990,1
P01294,A03306,2
P01294,A00408,3
P01295,A00438,1
P01295,A00439,2
P01295,A02574,3
P01295,A02575,4
P01295,A02576,5
P01295,A00710,6
P01295,A02577,7
P01295,A01034,8
P01295,A02579,9
P01296,A00348,1
P01296,A00340,2
P01296,A02574,3
P01296,A02575,4
P01296,A02799,5
P01296,A00710,6
P01296,A02801,7
P01296,A01416,8
P01296,A00153,9
P01297,A02405,1
P01297,A02404,2
P01297,A03307,3
P01297,A03308,4
P01297,A00597,5
P01298,A00088,1
P01298,A00757,2
P01298,A02588,3
P01298,A02591,4
P01299,A03309,1
P01300,A01952,1
P01300,A03310,2
P01300,A03311,3
P01300,A01113,4
P01300,A00998,5
P01300,A03312,6
P01300,A03313,7
P01301,A02437,1
P01301,A00873,2
P01301,A03314,3
P01301,A03315,4
P01301,A03316,5
P01301,A03317,6
P01301,A00067,7
P01301,A01707,8
P01301,A00848,9
P01301,A03318,10
P01301,A03319,11
P01301,A03320,12
P01301,A03321,13
P01302,A02292,1
P01302,A03322,2
P01302,A02006,3
P01302,A02432,4
P01302,A03030,5
P01302,A00737,6
P01303,A03323,1
P01303,A00597,2
P01303,A02365,3
P01303,A03324,4
P01303,A02384,5
P01303,A00738,6
P01303,A02230,7
P01303,A01020,8
P01304,A02958,1
P01304,A02583,2
P01304,A02582,3
P01304,A03325,4
P01305,A01552,1
P01305,A02880,2
P01305,A00360,3
P01305,A02114,4
P01306,A03326,1
P01306,A03169,2
P01306,A03327,3
P01306,A00315,4
P01306,A02442,5
P01306,A03328,6
P01306,A03329,7
P01306,A00234,8
P01306,A01033,9
P01306,A02631,10
P01307,A02325,1
P01307,A00922,2
P01307,A01521,3
P01307,A01067,4
P01308,A01124,1
P01308,A03330,2
P01308,A00732,3
P01308,A02208,4
P01308,A01839,5
P01309,A03331,1
P01309,A03332,2
P01309,A03333,3
P01309,A03334,4
P01309,A03335,5
P01309,A03336,6
P01309,A03337,7
P01309,A03338,8
P01309,A03339,9
P01310,A02457,1
P01310,A00597,2
P01310,A03340,3
P01310,A02282,4
P01310,A01607,5
P01310,A03003,6
P01310,A00930,7
P01310,A02272,8
P01310,A02273,9
P01310,A02043,10
P01310,A02369,11
P01310,A00718,12
P01310,A00151,13
P01310,A01713,14
P01310,A00974,15
P01311,A03341,1
P01311,A03342,2
P01311,A03343,3
P01311,A03344,4
P01311,A03345,5
P01311,A03346,6
P01311,A03347,7
P01312,A03348,1
P01312,A03349,2
P01312,A03350,3
P01313,A03351,1
P01313,A03352,2
P01313,A03353,3
P01313,A03354,4
P01314,A01630,1
P01314,A03355,2
P01314,A01258,3
P01314,A00867,4
P01314,A02267,5
P01315,A00151,1
P01315,A01088,2
P01315,A01089,3
P01316,A03356,1
P01316,A01283,2
P01316,A01215,3
P01316,A01214,4
P01316,A03357,5
P01317,A02460,1
P01317,A02461,2
P01317,A02462,3
P01317,A02463,4
P01317,A01075,5
P01318,A03358,1
P01318,A02797,2
P01318,A00916,3
P01318,A00914,4
P01318,A02421,5
P01318,A03359,6
P01319,A03360,1
P01319,A02011,2
P01319,A03361,3
P01319,A03362,4
P01320,A00722,1
P01321,A03363,1
P01321,A00965,2
P01321,A03364,3
P01321,A02112,4
P01321,A02118,5
P01321,A03365,6
P01321,A02113,7
P01322,A03156,1
P01322,A02215,2
P01322,A02571,3
P01322,A02572,4
P01322,A01009,5
P01322,A00597,6
P01322,A01198,7
P01322,A02384,8
P01322,A02284,9
P01322,A00846,10
P01322,A02275,11
P01322,A01020,12
P01323,A03366,1
P01323,A03367,2
P01323,A03368,3
P01323,A03369,4
P01324,A03370,1
P01324,A03371,2
P01324,A02760,3
P01324,A03372,4
P01324,A03373,5
P01324,A03374,6
P01324,A01266,7
P01324,A00221,8
P01324,A00790,9
P01324,A03375,10
P01325,A03264,1
P01325,A00965,2
P01325,A02371,3
P01325,A02112,4
P01325,A02116,5
P01325,A02118,6
P01325,A02113,7
P01326,A03376,1
P01326,A03377,2
P01326,A03378,3
P01326,A03379,4
P01326,A03380,5
P01326,A03381,6
P01327,A01430,1
P01327,A03208,2
P01327,A01690,3
P01327,A02894,4
P01327,A00762,5
P01327,A02415,6
P01327,A02572,7
P01327,A00597,8
P01328,A03382,1
P01328,A01607,2
P01328,A01474,3
P01328,A03383,4
P01328,A00715,5
P01328,A02917,6
P01328,A03384,7
P01328,A03385,8
P01328,A01866,9
P01328,A02269,10
P01328,A03386,11
P01328,A00597,12
P01328,A02369,13
P01328,A02272,14
P01328,A02273,15
P01329,A00895,1
P01329,A03387,2
P01329,A01388,3
P01330,A03247,1
P01330,A00180,2
P01330,A01423,3
P01330,A03388,4
P01330,A00554,5
P01331,A03060,1
P01331,A01423,2
P01331,A00180,3
P01331,A03059,4
P01331,A02049,5
P01331,A01521,6
P01331,A01533,7
P01331,A02094,8
P01331,A00221,9
P01331,A03389,10
P01332,A01607,1
P01332,A00715,2
P01332,A03390,3
P01332,A03130,4
P01332,A00597,5
P01332,A01866,6
P01332,A01768,7
P01332,A03003,8
P01332,A02457,9
P01332,A01713,10
P01332,A02870,11
P01332,A00916,12
P01332,A02510,13
P01332,A02043,14
P01332,A01570,15
P01332,A02273,16
P01332,A02232,17
P01333,A03201,1
P01333,A00360,2
P01333,A03019,3
P01333,A03391,4
P01334,A03392,1
P01334,A00784,2
P01335,A03393,1
P01335,A02629,2
P01335,A03394,3
P01335,A03395,4
P01336,A03208,1
P01336,A03396,2
P01336,A01430,3
P01336,A01943,4
P01336,A03397,5
P01336,A03398,6
P01336,A03399,7
P01336,A03266,8
P01336,A03033,9
P01336,A03400,10
P01337,A03266,1
P01337,A01943,2
P01337,A01715,3
P01337,A02456,4
P01337,A03003,5
P01338,A03401,1
P01338,A01016,2
P01338,A01183,3
P01338,A00406,4
P01339,A03402,1
P01339,A01172,2
P01340,A03403,1
P01340,A00757,2
P01340,A01690,3
P01340,A00762,4
P01340,A01536,5
P01341,A02589,1
P01341,A00757,2
P01341,A01470,3
P01341,A00436,4
P01341,A01912,5
P01342,A00757,1
P01342,A03403,2
P01342,A01521,3
P01342,A00436,4
P01342,A01536,5
P01342,A02591,6
P01342,A03404,7
P01342,A00088,8
P01342,A03405,9
P01342,A02436,10
P01343,A03406,1
P01343,A03407,2
P01343,A03408,3
P01343,A03409,4
P01343,A03410,5
P01343,A03411,6
P01343,A03412,7
P01343,A03413,8
P01343,A03414,9
P01343,A03415,10
P01343,A03416,11
P01344,A03417,1
P01344,A03418,2
P01345,A02689,1
P01345,A00709,2
P01345,A00004,3
P01345,A01007,4
P01345,A01016,5
P01346,A02513,1
P01346,A02281,2
P01346,A00597,3
P01346,A03419,4
P01346,A02457,5
P01347,A00088,1
P01347,A03296,2
P01347,A00757,3
P01347,A03420,4
P01347,A01470,5
P01347,A02598,6
P01347,A02897,7
P01347,A03421,8
P01347,A03422,9
P01347,A01536,10
P01347,A01690,11
P01347,A00815,12
P01347,A00934,13
P01347,A01084,14
P01347,A02681,15
P01347,A02683,16
P01347,A02684,17
P01347,A03423,18
P01347,A02536,19
P01348,A02804,1
P01348,A01660,2
P01348,A01423,3
P01348,A00407,4
P01349,A01283,1
P01349,A03424,2
P01349,A03356,3
P01349,A02477,4
P01349,A03425,5
P01349,A01219,6
P01350,A02755,1
P01350,A03426,2
P01350,A01707,3
P01350,A02450,4
P01350,A00873,5
P01350,A02521,6
P01350,A03427,7
P01350,A01412,8
P01350,A00862,9
P01350,A02720,10
P01350,A02473,11
P01350,A03129,12
P01350,A02482,13
P01350,A03428,14
P01350,A02444,15
P01350,A00131,16
P01350,A00725,17
P01350,A03328,18
P01350,A00608,19
P01350,A01219,20
P01351,A03429,1
P01351,A03430,2
P01351,A03431,3
P01351,A03432,4
P01351,A03433,5
P01351,A01686,6
P01351,A03434,7
P01351,A01684,8
P01351,A03435,9
P01352,A00691,1
P01352,A03184,2
P01352,A00815,3
P01352,A01690,4
P01352,A03436,5
P01352,A00597,6
P01352,A02272,7
P01352,A00648,8
P01352,A03437,9
P01352,A01941,10
P01352,A01013,11
P01352,A02743,12
P01352,A02959,13
P01352,A03438,14
P01353,A03439,1
P01353,A03440,2
P01353,A03441,3
P01353,A03442,4
P01354,A03443,1
P01354,A03444,2
P01354,A03445,3
P01355,A02415,1
P01355,A01434,2
P01355,A03446,3
P01355,A00086,4
P01355,A03447,5
P01355,A01082,6
P01355,A01808,7
P01356,A03448,1
P01356,A03449,2
P01356,A03450,3
P01356,A01690,4
P01356,A00815,5
P01357,A00260,1
P01357,A00403,2
P01357,A00597,3
P01358,A03451,1
P01358,A03452,2
P01358,A02521,3
P01358,A00597,4
P01358,A03453,5
P01358,A03454,6
P01358,A01724,7
P01358,A02552,8
P01358,A02232,9
P01358,A02230,10
P01359,A03455,1
P01359,A02482,2
P01359,A03456,3
P01359,A02525,4
P01359,A01253,5
P01359,A01460,6
P01359,A01840,7
P01359,A00958,8
P01360,A03457,1
P01360,A03458,2
P01360,A03459,3
P01360,A03460,4
P01360,A03461,5
P01360,A03462,6
P01361,A01409,1
P01361,A01044,2
P01361,A00815,3
P01361,A02812,4
P01361,A01095,5
P01361,A00554,6
P01361,A01412,7
P01361,A00958,8
P01361,A00956,9
P01361,A01349,10
P01361,A00292,11
P01361,A01045,12
P01361,A01256,13
P01361,A02272,14
P01361,A02277,15
P01361,A00597,16
P01361,A03463,17
P01362,A03464,1
P01362,A00434,2
P01362,A03465,3
P01362,A00591,4
P01363,A02548,1
P01363,A03466,2
P01363,A02872,3
P01363,A03467,4
P01363,A02843,5
P01363,A02841,6
P01364,A02003,1
P01364,A01805,2
P01364,A01344,3
P01364,A00865,4
P01364,A00390,5
P01365,A00709,1
P01365,A02689,2
P01365,A00004,3
P01365,A01563,4
P01366,A03468,1
P01366,A02196,2
P01366,A00443,3
P01367,A02571,1
P01367,A02572,2
P01367,A02215,3
P01367,A03156,4
P01367,A00597,5
P01368,A01007,1
P01368,A00732,2
P01368,A00437,3
P01368,A03469,4
P01369,A01430,1
P01369,A01690,2
P01369,A02742,3
P01369,A00762,4
P01369,A00896,5
P01369,A02102,6
P01370,A03156,1
P01370,A02215,2
P01370,A02571,3
P01370,A02572,4
P01370,A03470,5
P01370,A01009,6
P01370,A00597,7
P01370,A01198,8
P01370,A02384,9
P01370,A02284,10
P01370,A00846,11
P01370,A02275,12
P01370,A01020,13
P01371,A03471,1
P01371,A03456,2
P01371,A02111,3
P01371,A03455,4
P01371,A03472,5
P01372,A02779,1
P01372,A02456,2
P01372,A01943,3
P01372,A02043,4
P01372,A03003,5
P01372,A00974,6
P01372,A01713,7
P01373,A03004,1
P01373,A01009,2
P01373,A03003,3
P01373,A00597,4
P01373,A00815,5
P01373,A01690,6
P01373,A01430,7
P01373,A02273,8
P01373,A01256,9
P01373,A00718,10
P01374,A03473,1
P01374,A03474,2
P01374,A03475,3
P01374,A03476,4
P01375,A03477,1
P01375,A03478,2
P01375,A03479,3
P01375,A03480,4
P01375,A03481,5
P01375,A03482,6
P01375,A03483,7
P01375,A03484,8
P01375,A03485,9
P01375,A00151,10
P01375,A03486,11
P01375,A03487,12
P01375,A03488,13
P01375,A03489,14
P01375,A03490,15
P01375,A03491,16
P01375,A03492,17
P01375,A03493,18
P01375,A03494,19
P01375,A03495,20
P01376,A03496,1
P01376,A03497,2
P01376,A00584,3
P01376,A03498,4
P01376,A03499,5
P01377,A00573,1
P01377,A00597,2
P01377,A01020,3
P01377,A02384,4
P01377,A02284,5
P01378,A03500,1
P01378,A00597,2
P01378,A02365,3
P01378,A03324,4
P01378,A02232,5
P01378,A02230,6
P01378,A02384,7
P01378,A01020,8
P01379,A02437,1
P01379,A03317,2
P01379,A03314,3
P01379,A00873,4
P01379,A00167,5
P01379,A00842,6
P01379,A03315,7
P01379,A03316,8
P01379,A03318,9
P01379,A03501,10
P01379,A00848,11
P01379,A00067,12
P01380,A03324,1
P01380,A00597,2
P01380,A01228,3
P01380,A02365,4
P01381,A02325,1
P01381,A01521,2
P01381,A00922,3
P01381,A01067,4
P01382,A01521,1
P01382,A02325,2
P01382,A01637,3
P01382,A00922,4
P01383,A03502,1
P01383,A01324,2
P01383,A03322,3
P01383,A02065,4
P01383,A00597,5
P01383,A03503,6
P01384,A03504,1
P01384,A01214,2
P01384,A03138,3
P01384,A03505,4
P01384,A00322,5
P01384,A02297,6
P01385,A02435,1
P01385,A02436,2
P01385,A00815,3
P01385,A02662,4
P01385,A03506,5
P01385,A01691,6
P01385,A02359,7
P01386,A02810,1
P01386,A00573,2
P01386,A00893,3
P01386,A00872,4
P01386,A00973,5
P01387,A03142,1
P01387,A01271,2
P01387,A03143,3
P01387,A00443,4
P01388,A03507,1
P01388,A03508,2
P01388,A03509,3
P01388,A00597,4
P01388,A01026,5
P01388,A03510,6
P01388,A03511,7
P01389,A01009,1
P01389,A03003,2
P01389,A03185,3
P01389,A00815,4
P01389,A00597,5
P01389,A00231,6
P01389,A03154,7
P01389,A03155,8
P01389,A00180,9
P01389,A01039,10
P01390,A03512,1
P01390,A03513,2
P01390,A03514,3
P01390,A03515,4
P01390,A01607,5
P01390,A03516,6
P01390,A03517,7
P01390,A01568,8
P01390,A03518,9
P01390,A03519,10
P01390,A01686,11
P01391,A03520,1
P01391,A03521,2
P01391,A03522,3
P01391,A03523,4
P01391,A03524,5
P01391,A03525,6
P01391,A03526,7
P01391,A03527,8
P01391,A03528,9
P01391,A03529,10
P01391,A03530,11
P01391,A03531,12
P01391,A03532,13
P01392,A01039,1
P01392,A01040,2
P01392,A02798,3
P01392,A01045,4
P01392,A02668,5
P01393,A03533,1
P01393,A03534,2
P01393,A03535,3
P01393,A03536,4
P01393,A03537,5
P01394,A03538,1
P01394,A03539,2
P01394,A03540,3
P01394,A03541,4
P01394,A03542,5
P01394,A03543,6
P01394,A03544,7
P01394,A03545,8
P01394,A03546,9
P01394,A03547,10
P01395,A00722,1
P01396,A03003,1
P01396,A01009,2
P01396,A00597,3
P01396,A01271,4
P01396,A02741,5
P01396,A00931,6
P01397,A01008,1
P01397,A00651,2
P01398,A03548,1
P01398,A02050,2
P01398,A03549,3
P01398,A03550,4
P01399,A03551,1
P01399,A03552,2
P01399,A03553,3
P01399,A03554,4
P01399,A03555,5
P01399,A03556,6
P01399,A03557,7
P01399,A03558,8
P01400,A01407,1
P01400,A02880,2
P01400,A03559,3
P01400,A01680,4
P01400,A00067,5
P01401,A02279,1
P01401,A00597,2
P01401,A02894,3
P01401,A02232,4
P01401,A02369,5
P01401,A01713,6
P01402,A00722,1
P01403,A01877,1
P01403,A02762,2
P01403,A02760,3
P01403,A01266,4
P01403,A01009,5
P01403,A03156,6
P01404,A03560,1
P01404,A03561,2
P01404,A03562,3
P01404,A03563,4
P01404,A03564,5
P01404,A03565,6
P01404,A03566,7
P01405,A03567,1
P01405,A03568,2
P01405,A03569,3
P01405,A03570,4
P01405,A03571,5
P01405,A03572,6
P01405,A03573,7
P01406,A03574,1
P01406,A03575,2
P01406,A03576,3
P01406,A01009,4
P01406,A02669,5
P01406,A03577,6
P01406,A03578,7
P01406,A02572,8
P01406,A03579,9
P01406,A03580,10
P01407,A00239,1
P01407,A00284,2
P01408,A03581,1
P01408,A03582,2
P01408,A03263,3
P01408,A03583,4
P01408,A02707,5
P01408,A03584,6
P01408,A00896,7
P01408,A03585,8
P01408,A01697,9
P01408,A01260,10
P01409,A00552,1
P01409,A00443,2
P01409,A03586,3
P01409,A03587,4
P01409,A01314,5
P01409,A00369,6
P01409,A03588,7
P01410,A03367,1
P01410,A03366,2
P01410,A03589,3
P01410,A02270,4
P01411,A03306,1
P01411,A00408,2
P01411,A00990,3
P01412,A01989,1
P01412,A01009,2
P01412,A00998,3
P01412,A01219,4
P01412,A03590,5
P01412,A00180,6
P01413,A03419,1
P01413,A00997,2
P01413,A00865,3
P01413,A02513,4
P01413,A01198,5
P01414,A02553,1
P01414,A03591,2
P01414,A00402,3
P01414,A03592,4
P01414,A00597,5
P01414,A00738,6
P01414,A01020,7
P01414,A02233,8
P01414,A02230,9
P01415,A03593,1
P01415,A03594,2
P01415,A02667,3
P01416,A03595,1
P01416,A00368,2
P01416,A00371,3
P01416,A02030,4
P01416,A03596,5
P01417,A02895,1
P01417,A00597,2
P01417,A02894,3
P01417,A00815,4
P01417,A03324,5
P01417,A02457,6
P01417,A03597,7
P01417,A02232,8
P01417,A01607,9
P01418,A00931,1
P01418,A00930,2
P01418,A00597,3
P01418,A03003,4
P01419,A01865,1
P01419,A02069,2
P01419,A03598,3
P01419,A00914,4
P01419,A02870,5
P01419,A02562,6
P01420,A01423,1
P01420,A00591,2
P01420,A03058,3
P01420,A03059,4
P01420,A00434,5
P01420,A03060,6
P01420,A03061,7
P01421,A02279,1
P01421,A02893,2
P01421,A00597,3
P01421,A03060,4
P01421,A01009,5
P01421,A02272,6
P01421,A02043,7
P01421,A02277,8
P01422,A03599,1
P01422,A03600,2
P01422,A03601,3
P01422,A03602,4
P01422,A03603,5
P01422,A03604,6
P01422,A03605,7
P01422,A03606,8
P01423,A03607,1
P01423,A03608,2
P01423,A03609,3
P01423,A03610,4
P01423,A03611,5
P01423,A03612,6
P01423,A03613,7
P01423,A03614,8
P01423,A03615,9
P01423,A03616,10
P01424,A02901,1
P01424,A03617,2
P01424,A02900,3
P01424,A03618,4
P01424,A03619,5
P01424,A03620,6
P01424,A00292,7
P01424,A03621,8
P01425,A03622,1
P01425,A02806,2
P01425,A00417,3
P01425,A03623,4
P01426,A00722,1
P01426,A01532,2
P01426,A03550,3
P01426,A03624,4
P01426,A03625,5
P01426,A03626,6
P01427,A02325,1
P01427,A01521,2
P01427,A00922,3
P01427,A02802,4
P01427,A01067,5
P01427,A02024,6
P01428,A02804,1
P01428,A01660,2
P01428,A01423,3
P01428,A03627,4
P01428,A00555,5
P01429,A02762,1
P01429,A02672,2
P01430,A02900,1
P01430,A02901,2
P01430,A02902,3
P01431,A03466,1
P01431,A01532,2
P01431,A03550,3
P01431,A03624,4
P01431,A03625,5
P01431,A03626,6
P01432,A02881,1
P01433,A02876,1
P01433,A02522,2
P01433,A03628,3
P01433,A00597,4
P01433,A03629,5
P01434,A03630,1
P01434,A01713,2
P01434,A00597,3
P01434,A00922,4
P01434,A02369,5
P01434,A00715,6
P01435,A01642,1
P01435,A03631,2
P01435,A01643,3
P01435,A03324,4
P01435,A02092,5
P01435,A01644,6
P01435,A02630,7
P01435,A01197,8
P01436,A03632,1
P01436,A03633,2
P01436,A03634,3
P01436,A03635,4
P01437,A02894,1
P01437,A02895,2
P01437,A02896,3
P01437,A00597,4
P01437,A02365,5
P01437,A00865,6
P01437,A00362,7
P01437,A01020,8
P01437,A01019,9
P01438,A02521,1
P01438,A03636,2
P01438,A03637,3
P01438,A01840,4
P01438,A02369,5
P01438,A03638,6
P01438,A03639,7
P01438,A02724,8
P01438,A00725,9
P01439,A03640,1
P01439,A03641,2
P01440,A03642,1
P01440,A03019,2
P01440,A00360,3
P01440,A01496,4
P01441,A03643,1
P01441,A02106,2
P01441,A01344,3
P01441,A03644,4
P01441,A00909,5
P01441,A01200,6
P01442,A01859,1
P01442,A03645,2
P01442,A03646,3
P01442,A02566,4
P01442,A03647,5
P01442,A01106,6
P01442,A00403,7
P01442,A00597,8
P01442,A02277,9
P01442,A00738,10
P01442,A02230,11
P01443,A03648,1
P01443,A00963,2
P01443,A03649,3
P01443,A03650,4
P01443,A03651,5
P01443,A03652,6
P01444,A03653,1
P01444,A02026,2
P01444,A02027,3
P01444,A03654,4
P01444,A03655,5
P01444,A03656,6
P01445,A03657,1
P01445,A03658,2
P01445,A02726,3
P01445,A02066,4
P01446,A03595,1
P01446,A00368,2
P01446,A03596,3
P01446,A00371,4
P01446,A02030,5
P01447,A00987,1
P01447,A03659,2
P01447,A03660,3
P01448,A03332,1
P01448,A03661,2
P01448,A03334,3
P01448,A03662,4
P01448,A03663,5
P01448,A03664,6
P01448,A03665,7
P01448,A03666,8
P01448,A03667,9
P01448,A03668,10
P01448,A03333,11
P01448,A03331,12
P01448,A03336,13
P01448,A03338,14
P01448,A03337,15
P01448,A03669,16
P01448,A03339,17
P01449,A01676,1
P01449,A00169,2
P01449,A00406,3
P01449,A00180,4
P01450,A02134,1
P01450,A03670,2
P01450,A03671,3
P01451,A02881,1
P01452,A01095,1
P01452,A00406,2
P01452,A01913,3
P01452,A00554,4
P01452,A00264,5
P01453,A02689,1
P01453,A00709,2
P01453,A00004,3
P01453,A01016,4
P01454,A03672,1
P01454,A03003,2
P01454,A01009,3
P01454,A00762,4
P01455,A03058,1
P01455,A00180,2
P01455,A01423,3
P01455,A03059,4
P01455,A00221,5
P01455,A00554,6
P01456,A03673,1
P01456,A03169,2
P01456,A03674,3
P01456,A03675,4
P01456,A00554,5
P01457,A03676,1
P01457,A02765,2
P01457,A02571,3
P01457,A03156,4
P01458,A03677,1
P01458,A01708,2
P01458,A00180,3
P01458,A02602,4
P01458,A01311,5
P01458,A03678,6
P01458,A00169,7
P01458,A01061,8
P01459,A03679,1
P01459,A00552,2
P01460,A03680,1
P01460,A00417,2
P01460,A02576,3
P01461,A00993,1
P01461,A00815,2
P01461,A03681,3
P01461,A03682,4
P01462,A03683,1
P01462,A03165,2
P01462,A03684,3
P01462,A03168,4
P01463,A03685,1
P01463,A03686,2
P01463,A03687,3
P01463,A03688,4
P01464,A00714,1
P01464,A00930,2
P01464,A03157,3
P01464,A00916,4
P01464,A02069,5
P01464,A01607,6
P01464,A03689,7
P01464,A02870,8
P01465,A03690,1
P01465,A03691,2
P01465,A03692,3
P01465,A03693,4
P01466,A03694,1
P01466,A03695,2
P01466,A01402,3
P01466,A03696,4
P01466,A03697,5
P01466,A03698,6
P01467,A02673,1
P01467,A01877,2
P01467,A01167,3
P01467,A03699,4
P01468,A03700,1
P01468,A03701,2
P01468,A03702,3
P01468,A03703,4
P01468,A03704,5
P01468,A03705,6
P01468,A03706,7
P01468,A03707,8
P01468,A03708,9
P01469,A02016,1
P01469,A02017,2
P01469,A01521,3
P01469,A03709,4
P01469,A03710,5
P01469,A02260,6
P01469,A03711,7
P01469,A01264,8
P01470,A00260,1
P01471,A03712,1
P01472,A03713,1
P01472,A03714,2
P01472,A03715,3
P01473,A02870,1
P01473,A00916,2
P01473,A00597,3
P01473,A00406,4
P01473,A01095,5
P01473,A03176,6
P01473,A03716,7
P01474,A03717,1
P01474,A03718,2
P01474,A03719,3
P01474,A00934,4
P01474,A03720,5
P01475,A03721,1
P01475,A00154,2
P01475,A03722,3
P01475,A02124,4
P01475,A03723,5
P01475,A03724,6
P01475,A03725,7
P01475,A03726,8
P01475,A00699,9
P01475,A02989,10
P01475,A00350,11
P01475,A00345,12
P01475,A00354,13
P01475,A03727,14
P01475,A03728,15
P01475,A03729,16
P01475,A03730,17
P01475,A03731,18
P01475,A00355,19
P01475,A03732,20
P01476,A03733,1
P01476,A03734,2
P01476,A01772,3
P01476,A02040,4
P01476,A03735,5
P01476,A03736,6
P01476,A03737,7
P01477,A02017,1
P01477,A02016,2
P01477,A01179,3
P01477,A01637,4
P01477,A03711,5
P01477,A02023,6
P01478,A03721,1
P01478,A00154,2
P01478,A03722,3
P01478,A02124,4
P01478,A03723,5
P01478,A03724,6
P01478,A03725,7
P01478,A03726,8
P01478,A00699,9
P01478,A02989,10
P01478,A00350,11
P01478,A00345,12
P01478,A00354,13
P01478,A03727,14
P01478,A03728,15
P01478,A03729,16
P01478,A03730,17
P01478,A03731,18
P01478,A00355,19
P01478,A03732,20
P01479,A02298,1
P01479,A03738,2
P01480,A01009,1
P01480,A03003,2
P01480,A03004,3
P01480,A02457,4
P01480,A00597,5
P01480,A00815,6
P01480,A01271,7
P01481,A02847,1
P01481,A03739,2
P01481,A01175,3
P01481,A02107,4
P01481,A03740,5
P01481,A01423,6
P01481,A03741,7
P01481,A03742,8
P01481,A01273,9
P01481,A01323,10
P01481,A03743,11
P01482,A03019,1
P01482,A03021,2
P01482,A01124,3
P01482,A01496,4
P01482,A00322,5
P01483,A03744,1
P01483,A03745,2
P01483,A02598,3
P01483,A03746,4
P01483,A03747,5
P01484,A03748,1
P01484,A03749,2
P01484,A03750,3
P01484,A03751,4
P01484,A03752,5
P01484,A03753,6
P01484,A03754,7
P01484,A03755,8
P01485,A03756,1
P01485,A03757,2
P01485,A03758,3
P01485,A03759,4
P01485,A03760,5
P01485,A03761,6
P01485,A03762,7
P01485,A03763,8
P01486,A03764,1
P01486,A03765,2
P01486,A03766,3
P01486,A03767,4
P01486,A03768,5
P01487,A02513,1
P01487,A03324,2
P01487,A01430,3
P01487,A02281,4
P01487,A03419,5
P01487,A00815,6
P01487,A00597,7
P01487,A02457,8
P01488,A02694,1
P01488,A02513,2
P01488,A00597,3
P01488,A02365,4
P01488,A02111,5
P01488,A02641,6
P01488,A00997,7
P01488,A02008,8
P01489,A03769,1
P01489,A03770,2
P01490,A03617,1
P01490,A03771,2
P01491,A03772,1
P01491,A03773,2
P01491,A01474,3
P01491,A01607,4
P01491,A03382,5
P01491,A00715,6
P01491,A02277,7
P01491,A01866,8
P01491,A03266,9
P01491,A03774,10
P01491,A02124,11
P01491,A03775,12
P01491,A03776,13
P01491,A03390,14
P01492,A03208,1
P01492,A01430,2
P01492,A02888,3
P01492,A01943,4
P01492,A02889,5
P01492,A03777,6
P01492,A01690,7
P01492,A00762,8
P01492,A03778,9
P01493,A00893,1
P01493,A03779,2
P01493,A01069,3
P01493,A00573,4
P01493,A03780,5
P01493,A02552,6
P01493,A03781,7
P01493,A02811,8
P01493,A03782,9
P01493,A02810,10
P01493,A03783,11
P01493,A02473,12
P01493,A00584,13
P01493,A01519,14
P01493,A03784,15
P01493,A02878,16
P01493,A02269,17
P01493,A03785,18
P01493,A03786,19
P01493,A03636,20
P01493,A02555,21
P01493,A03787,22
P01494,A02111,1
P01494,A02669,2
P01494,A00573,3
P01494,A00086,4
P01494,A02572,5
P01494,A00597,6
P01495,A03788,1
P01495,A00893,2
P01495,A01905,3
P01495,A03789,4
P01495,A03360,5
P01495,A02269,6
P01495,A03790,7
P01495,A00872,8
P01495,A00573,9
P01495,A03791,10
P01495,A03785,11
P01495,A03792,12
P01495,A03793,13
P01496,A02662,1
P01496,A00360,2
P01496,A02126,3
P01496,A01324,4
P01496,A03253,5
P01496,A00597,6
P01496,A02284,7
P01496,A00738,8
P01496,A02233,9
P01496,A02644,10
P01496,A00865,11
P01497,A00722,1
P01497,A02008,2
P01497,A03300,3
P01497,A00873,4
P01498,A02694,1
P01498,A00597,2
P01498,A02365,3
P01498,A02279,4
P01498,A02513,5
P01499,A02016,1
P01499,A02017,2
P01499,A03794,3
P01499,A02368,4
P01499,A02023,5
P01499,A02022,6
P01499,A02972,7
P01500,A01228,1
P01500,A03795,2
P01500,A03796,3
P01500,A01724,4
P01500,A00597,5
P01500,A02557,6
P01500,A01519,7
P01500,A02093,8
P01501,A02292,1
P01501,A02233,2
P01501,A03797,3
P01501,A00597,4
P01502,A03798,1
P01502,A03799,2
P01502,A01690,3
P01502,A00815,4
P01503,A03800,1
P01503,A02200,2
P01504,A02224,1
P01504,A02227,2
P01504,A03801,3
P01504,A02226,4
P01504,A03802,5
P01504,A02228,6
P01505,A03398,1
P01505,A03396,2
P01505,A02887,3
P01505,A01818,4
P01505,A03003,5
P01505,A01943,6
P01505,A03803,7
P01506,A03804,1
P01506,A03805,2
P01506,A01207,3
P01506,A00971,4
P01506,A03806,5
P01506,A03807,6
P01507,A01540,1
P01507,A03808,2
P01507,A01291,3
P01507,A00750,4
P01507,A03809,5
P01507,A03810,6
P01507,A03811,7
P01507,A00311,8
P01507,A03812,9
P01507,A03322,10
P01508,A03813,1
P01508,A00984,2
P01508,A03814,3
P01508,A03815,4
P01508,A03816,5
P01508,A03817,6
P01508,A03818,7
P01508,A03819,8
P01508,A03820,9
P01508,A03821,10
P01509,A03822,1
P01509,A03003,2
P01509,A01009,3
P01509,A00815,4
P01510,A03823,1
P01510,A03824,2
P01510,A03825,3
P01511,A02047,1
P01511,A03826,2
P01511,A00264,3
P01511,A03827,4
P01512,A03003,1
P01512,A01009,2
P01512,A01271,3
P01512,A00597,4
P01512,A00815,5
P01512,A01941,6
P01512,A02511,7
P01512,A03828,8
P01513,A02522,1
P01513,A03829,2
P01513,A03830,3
P01513,A00597,4
P01513,A03831,5
P01513,A00738,6
P01514,A00723,1
P01514,A03832,2
P01514,A00974,3
P01515,A01040,1
P01515,A01039,2
P01515,A02981,3
P01515,A02436,4
P01516,A03833,1
P01516,A03834,2
P01516,A03835,3
P01516,A03398,4
P01517,A02630,1
P01517,A02522,2
P01517,A01643,3
P01517,A00738,4
P01517,A02230,5
P01517,A02369,6
P01517,A00597,7
P01518,A03401,1
P01518,A00437,2
P01518,A01016,3
P01518,A03836,4
P01519,A03419,1
P01519,A00997,2
P01519,A00865,3
P01519,A02513,4
P01519,A01533,5
P01520,A03837,1
P01520,A03838,2
P01520,A03839,3
P01520,A03840,4
P01521,A03841,1
P01521,A03842,2
P01522,A03843,1
P01523,A00757,1
P01523,A01045,2
P01523,A02436,3
P01523,A02798,4
P01523,A03403,5
P01523,A02588,6
P01523,A00436,7
P01523,A00088,8
P01523,A02591,9
P01523,A03404,10
P01524,A01521,1
P01524,A00922,2
P01524,A02325,3
P01524,A01743,4
P01524,A01067,5
P01524,A01888,6
P01524,A03148,7
P01524,A01180,8
P01525,A03844,1
P01525,A02672,2
P01525,A02760,3
P01526,A02102,1
P01526,A01430,2
P01526,A00762,3
P01526,A01690,4
P01527,A03845,1
P01527,A00916,2
P01527,A03846,3
P01527,A03847,4
P01527,A03848,5
P01527,A03849,6
P01527,A03850,7
P01527,A03851,8
P01527,A02947,9
P01527,A03852,10
P01527,A03513,11
P01527,A03853,12
P01527,A03854,13
P01527,A03855,14
P01527,A02281,15
P01527,A01537,16
P01527,A03856,17
P01527,A03857,18
P01527,A02802,19
P01527,A01409,20
P01528,A02588,1
P01528,A00757,2
P01528,A02587,3
P01528,A00436,4
P01528,A02589,5
P01529,A03858,1
P01529,A03859,2
P01529,A01534,3
P01529,A02870,4
P01529,A02841,5
P01529,A03860,6
P01529,A03003,7
P01529,A01943,8
P01529,A00815,9
P01530,A03861,1
P01530,A01138,2
P01530,A03175,3
P01530,A02663,4
P01530,A03862,5
P01530,A03863,6
P01530,A03864,7
P01530,A03865,8
P01530,A01500,9
P01530,A01066,10
P01531,A03866,1
P01531,A03867,2
P01531,A02669,3
P01531,A03318,4
P01531,A03868,5
P01531,A03869,6
P01532,A03870,1
P01533,A01877,1
P01533,A00732,2
P01533,A02673,3
P01534,A03871,1
P01534,A03872,2
P01534,A03873,3
P01534,A03874,4
P01535,A03875,1
P01535,A03876,2
P01536,A02812,1
P01536,A00406,2
P01537,A02435,1
P01537,A03828,2
P01537,A01040,3
P01537,A03877,4
P01537,A03878,5
P01538,A01179,1
P01538,A01180,2
P01538,A00762,3
P01538,A03879,4
P01538,A01912,5
P01539,A03129,1
P01539,A01519,2
P01539,A01019,3
P01539,A03880,4
P01539,A03881,5
P01539,A01228,6
P01539,A03130,7
P01539,A00597,8
P01539,A02234,9
P01539,A00738,10
P01539,A02230,11
P01540,A03246,1
P01540,A01711,2
P01540,A02739,3
P01540,A03882,4
P01540,A02736,5
P01540,A00597,6
P01540,A02233,7
P01540,A00738,8
P01540,A00573,9
P01540,A02570,10
P01540,A02234,11
P01540,A02723,12
P01540,A01019,13
P01540,A02740,14
P01541,A02602,1
P01541,A01708,2
P01541,A00180,3
P01541,A00221,4
P01541,A03678,5
P01541,A00585,6
P01541,A01061,7
P01541,A00895,8
P01541,A01433,9
P01541,A03883,10
P01541,A03884,11
P01542,A00872,1
P01542,A00573,2
P01543,A03885,1
P01543,A02522,2
P01543,A02365,3
P01543,A03886,4
P01544,A03887,1
P01544,A03888,2
P01544,A03889,3
P01544,A03890,4
P01544,A03891,5
P01544,A03892,6
P01544,A03893,7
P01545,A02895,1
P01545,A03003,2
P01545,A02894,3
P01545,A00597,4
P01545,A01607,5
P01545,A03597,6
P01546,A03894,1
P01546,A02525,2
P01546,A02009,3
P01546,A00597,4
P01546,A02894,5
P01546,A02641,6
P01546,A01803,7
P01546,A03156,8
P01546,A03895,9
P01546,A03896,10
P01546,A03302,11
P01546,A03897,12
P01546,A02279,13
P01546,A02630,14
P01546,A02566,15
P01546,A03773,16
P01546,A03898,17
P01546,A03899,18
P01546,A03900,19
P01547,A03901,1
P01547,A03902,2
P01547,A03903,3
P01547,A03904,4
P01548,A03905,1
P01548,A03906,2
P01548,A03907,3
P01548,A01582,4
P01548,A03908,5
P01548,A02807,6
P01548,A03909,7
P01548,A01365,8
P01549,A03184,1
P01549,A00691,2
P01549,A01009,3
P01549,A03004,4
P01549,A00597,5
P01549,A00815,6
P01549,A01013,7
P01549,A02743,8
P01550,A02302,1
P01550,A00260,2
P01550,A00403,3
P01551,A03910,1
P01551,A01865,2
P01552,A01650,1
P01552,A00595,2
P01552,A03911,3
P01552,A03912,4
P01553,A03913,1
P01553,A00895,2
P01554,A03266,1
P01554,A01943,2
P01554,A01715,3
P01554,A03003,4
P01554,A03914,5
P01554,A02354,6
P01554,A01534,7
P01554,A03150,8
P01554,A03716,9
P01555,A03915,1
P01555,A03916,2
P01555,A01943,3
P01556,A03129,1
P01556,A01228,2
P01556,A03917,3
P01556,A03918,4
P01556,A01519,5
P01556,A01019,6
P01556,A00597,7
P01556,A02235,8
P01556,A00738,9
P01557,A03919,1
P01557,A03920,2
P01557,A03921,3
P01558,A02641,1
P01558,A01009,2
P01558,A02694,3
P01558,A00597,4
P01558,A00865,5
P01558,A02230,6
P01558,A01256,7
P01558,A01020,8
P01559,A03897,1
P01559,A02525,2
P01559,A03382,3
P01559,A03186,4
P01559,A03896,5
P01559,A03302,6
P01559,A01474,7
P01559,A00597,8
P01559,A00738,9
P01559,A02277,10
P01560,A02625,1
P01560,A02627,2
P01561,A03835,1
P01561,A03922,2
P01561,A03398,3
P01561,A02887,4
P01561,A02204,5
P01561,A01943,6
P01562,A03837,1
P01562,A03838,2
P01562,A03923,3
P01562,A03840,4
P01562,A03924,5
P01563,A02847,1
P01563,A03925,2
P01563,A01759,3
P01563,A03926,4
P01564,A03201,1
P01564,A00360,2
P01564,A02126,3
P01564,A02114,4
P01564,A00260,5
P01565,A03927,1
P01565,A03928,2
P01565,A03929,3
P01565,A03930,4
P01565,A03931,5
P01565,A03932,6
P01566,A00993,1
P01566,A00815,2
P01566,A03681,3
P01566,A03682,4
P01567,A03306,1
P01567,A00408,2
P01567,A00990,3
P01568,A03933,1
P01568,A03934,2
P01568,A03935,3
P01568,A03936,4
P01569,A03937,1
P01569,A03938,2
P01569,A03939,3
P01569,A03940,4
P01569,A03941,5
P01569,A03942,6
P01569,A03943,7
P01569,A03944,8
P01569,A00564,9
P01570,A03945,1
P01570,A03148,2
P01570,A03946,3
P01570,A03133,4
P01570,A02384,5
P01571,A03947,1
P01571,A03578,2
P01571,A02641,3
P01571,A00597,4
P01572,A02325,1
P01572,A00922,2
P01572,A01521,3
P01572,A01263,4
P01572,A03948,5
P01572,A01067,6
P01572,A00974,7
P01572,A03949,8
P01573,A03003,1
P01573,A01009,2
P01573,A01271,3
P01573,A00597,4
P01573,A00762,5
P01573,A00931,6
P01573,A01759,7
P01574,A00406,1
P01574,A03950,2
P01574,A01613,3
P01575,A03951,1
P01575,A01519,2
P01575,A03952,3
P01575,A03953,4
P01575,A03954,5
P01575,A03129,6
P01575,A03955,7
P01575,A03956,8
P01575,A01019,9
P01575,A02369,10
P01575,A00738,11
P01576,A03957,1
P01576,A03958,2
P01576,A03959,3
P01576,A03960,4
P01576,A02221,5
P01576,A03961,6
P01576,A03962,7
P01577,A03963,1
P01577,A00732,2
P01577,A00757,3
P01577,A01039,4
P01578,A02678,1
P01578,A03170,2
P01578,A00732,3
P01579,A03964,1
P01580,A03965,1
P01580,A02903,2
P01580,A02905,3
P01580,A02904,4
P01580,A02906,5
P01581,A00732,1
P01581,A01045,2
P01581,A01039,3
P01581,A02436,4
P01581,A03966,5
P01582,A03967,1
P01582,A03968,2
P01582,A03969,3
P01583,A03151,1
P01583,A01552,2
P01583,A03970,3
P01583,A00755,4
P01583,A02255,5
P01583,A00406,6
P01583,A00067,7
P01584,A03971,1
P01584,A03972,2
P01584,A03973,3
P01584,A03974,4
P01584,A03975,5
P01584,A00649,6
P01584,A03035,7
P01585,A03976,1
P01585,A03977,2
P01585,A03978,3
P01586,A03979,1
P01586,A02206,2
P01586,A03969,3
P01586,A03033,4
P01586,A01943,5
P01587,A03583,1
P01587,A03980,2
P01587,A03981,3
P01587,A00437,4
P01587,A01045,5
P01587,A02742,6
P01587,A02433,7
P01587,A02436,8
P01587,A03155,9
P01588,A03982,1
P01588,A03983,2
P01588,A02421,3
P01588,A02420,4
P01588,A02323,5
P01588,A02432,6
P01588,A03030,7
P01589,A03984,1
P01589,A02664,2
P01589,A03985,3
P01589,A03986,4
P01589,A02094,5
P01590,A03987,1
P01590,A03594,2
P01590,A03988,3
P01590,A03989,4
P01591,A03990,1
P01591,A03991,2
P01591,A03992,3
P01591,A01787,4
P01591,A01782,5
P01592,A01650,1
P01592,A03993,2
P01592,A00595,3
P01592,A03994,4
P01593,A02912,1
P01593,A00585,2
P01594,A03582,1
P01594,A03995,2
P01594,A03996,3
P01594,A03997,4
P01594,A03583,5
P01594,A03998,6
P01594,A02707,7
P01594,A03584,8
P01594,A03999,9
P01594,A04000,10
P01595,A03593,1
P01595,A03594,2
P01595,A04001,3
P01596,A04002,1
P01596,A04003,2
P01596,A04004,3
P01596,A04005,4
P01596,A00597,5
P01596,A00648,6
P01596,A02510,7
P01597,A03153,1
P01597,A00794,2
P01597,A01346,3
P01598,A04006,1
P01598,A01825,2
P01598,A02923,3
P01598,A01824,4
P01598,A03287,5
P01598,A00924,6
P01598,A00554,7
P01598,A01410,8
P01598,A04007,9
P01599,A00264,1
P01599,A04008,2
P01599,A03041,3
P01599,A04009,4
P01600,A04010,1
P01600,A01344,2
P01600,A00389,3
P01601,A04011,1
P01601,A04012,2
P01601,A04013,3
P01601,A04014,4
P01602,A04015,1
P01602,A04016,2
P01602,A00597,3
P01602,A00722,4
P01602,A03946,5
P01602,A00930,6
P01602,A00924,7
P01602,A02235,8
P01602,A02272,9
P01602,A02273,10
P01603,A04017,1
P01603,A04018,2
P01604,A01521,1
P01604,A01637,2
P01604,A02325,3
P01604,A00930,4
P01604,A01743,5
P01604,A01067,6
P01604,A00922,7
P01605,A02400,1
P01605,A00597,2
P01605,A02365,3
P01605,A03830,4
P01606,A04019,1
P01606,A04020,2
P01607,A04021,1
P01607,A04022,2
P01607,A04023,3
P01607,A04024,4
P01607,A01686,5
P01607,A04025,6
P01607,A02280,7
P01608,A00039,1
P01608,A04026,2
P01608,A01821,3
P01608,A04027,4
P01608,A04028,5
P01608,A00032,6
P01608,A04029,7
P01608,A04030,8
P01608,A04031,9
P01608,A01603,10
P01608,A00321,11
P01608,A04032,12
P01608,A04033,13
P01608,A00287,14
P01608,A04034,15
P01608,A00153,16
P01609,A04035,1
P01609,A03204,2
P01609,A04036,3
P01609,A00597,4
P01609,A00573,5
P01609,A02284,6
P01609,A02005,7
P01610,A04037,1
P01610,A02886,2
P01610,A01943,3
P01610,A02888,4
P01611,A04038,1
P01611,A00584,2
P01611,A02215,3
P01611,A04039,4
P01611,A00597,5
P01612,A01865,1
P01612,A04040,2
P01612,A04041,3
P01612,A00918,4
P01612,A00815,5
P01612,A00151,6
P01612,A04042,7
P01613,A00088,1
P01613,A00757,2
P01613,A02588,3
P01613,A03803,4
P01614,A03184,1
P01614,A00691,2
P01614,A03436,3
P01614,A03947,4
P01614,A01989,5
P01614,A02513,6
P01614,A00180,7
P01614,A01941,8
P01615,A00685,1
P01615,A04043,2
P01616,A00971,1
P01616,A04044,2
P01616,A04045,3
P01616,A04046,4
P01616,A01207,5
P01616,A04047,6
P01616,A04048,7
P01616,A04049,8
P01616,A03806,9
P01617,A01743,1
P01617,A00922,2
P01617,A02325,3
P01617,A01521,4
P01617,A01067,5
P01617,A03148,6
P01617,A01888,7
P01617,A00974,8
P01618,A01738,1
P01618,A04050,2
P01618,A02702,3
P01618,A01065,4
P01618,A04051,5
P01619,A00264,1
P01619,A00828,2
P01619,A00692,3
P01619,A03449,4
P01619,A00784,5
P01619,A02663,6
P01620,A04052,1
P01620,A04053,2
P01620,A04054,3
P01620,A04055,4
P01621,A04056,1
P01621,A04057,2
P01622,A03442,1
P01622,A04058,2
P01622,A04059,3
P01623,A04060,1
P01623,A00732,2
P01623,A01877,3
P01623,A04061,4
P01623,A02560,5
P01624,A02435,1
P01624,A02204,2
P01624,A01690,3
P01624,A00815,4
P01624,A00922,5
P01624,A02399,6
P01624,A02436,7
P01624,A00151,8
P01624,A04062,9
P01625,A04063,1
P01625,A04064,2
P01625,A04065,3
P01625,A04066,4
P01625,A04067,5
P01625,A04068,6
P01625,A04069,7
P01625,A04070,8
P01626,A03058,1
P01626,A00180,2
P01626,A01007,3
P01626,A03059,4
P01626,A01423,5
P01626,A00221,6
P01626,A02094,7
P01626,A03247,8
P01627,A04071,1
P01627,A04072,2
P01627,A04073,3
P01627,A04074,4
P01628,A04075,1
P01628,A04076,2
P01628,A04077,3
P01628,A03166,4
P01628,A03169,5
P01629,A04078,1
P01629,A02369,2
P01629,A02724,3
P01630,A04079,1
P01630,A01007,2
P01630,A00117,3
P01631,A04080,1
P01631,A04081,2
P01631,A00584,3
P01631,A04082,4
P01632,A04080,1
P01632,A04081,2
P01632,A00584,3
P01632,A04082,4
P01633,A03058,1
P01633,A01007,2
P01633,A00180,3
P01633,A01423,4
P01633,A03059,5
P01633,A00221,6
P01633,A03247,7
P01634,A00543,1
P01634,A01036,2
P01635,A04083,1
P01635,A04084,2
P01635,A04085,3
P01635,A04086,4
P01635,A04087,5
P01635,A04088,6
P01635,A04089,7
P01635,A04090,8
P01635,A04091,9
P01635,A04092,10
P01635,A04093,11
P01635,A04094,12
P01635,A04095,13
P01635,A04096,14
P01635,A04097,15
P01635,A04098,16
P01636,A04099,1
P01636,A00030,2
P01636,A00193,3
P01636,A02244,4
P01636,A02245,5
P01636,A04100,6
P01637,A04101,1
P01637,A04102,2
P01637,A04103,3
P01638,A02358,1
P01638,A02354,2
P01638,A00815,3
P01639,A00550,1
P01640,A00088,1
P01640,A04066,2
P01640,A02631,3
P01640,A04104,4
P01640,A00757,5
P01640,A03420,6
P01640,A01470,7
P01640,A00934,8
P01640,A04105,9
P01640,A03421,10
P01640,A03296,11
P01640,A02681,12
P01640,A02684,13
P01640,A02598,14
P01640,A02597,15
P01640,A04106,16
P01640,A01536,17
P01640,A01690,18
P01640,A00815,19
P01640,A03422,20
P01641,A03641,1
P01641,A02991,2
P01641,A04107,3
P01641,A04108,4
P01642,A03325,1
P01642,A04109,2
P01643,A01009,1
P01643,A03156,2
P01643,A02641,3
P01643,A04110,4
P01643,A03576,5
P01643,A02374,6
P01643,A03185,7
P01643,A02642,8
P01643,A00597,9
P01643,A00865,10
P01644,A00997,1
P01644,A02691,2
P01644,A04111,3
P01644,A04112,4
P01645,A03004,1
P01645,A01430,2
P01645,A01690,3
P01645,A01201,4
P01645,A01943,5
P01646,A02063,1
P01646,A04113,2
P01646,A04114,3
P01646,A04115,4
P01646,A04116,5
P01646,A04117,6
P01646,A04118,7
P01647,A04119,1
P01647,A00153,2
P01647,A00276,3
P01647,A02799,4
P01648,A04120,1
P01648,A04121,2
P01648,A04122,3
P01648,A04123,4
P01649,A01311,1
P01649,A01552,2
P01649,A04124,3
P01649,A00067,4
P01649,A00406,5
P01649,A00169,6
P01649,A00755,7
P01649,A01417,8
P01650,A03398,1
P01650,A02215,2
P01650,A02572,3
P01650,A00573,4
P01650,A03470,5
P01650,A00597,6
P01650,A03156,7
P01650,A03246,8
P01650,A02233,9
P01650,A02238,10
P01651,A04125,1
P01651,A04126,2
P01651,A04127,3
P01651,A03840,4
P01652,A04128,1
P01652,A04129,2
P01652,A04130,3
P01652,A04131,4
P01652,A04132,5
P01652,A04133,6
P01653,A01521,1
P01653,A02325,2
P01653,A04134,3
P01653,A01637,4
P01653,A00922,5
P01654,A04135,1
P01654,A02632,2
P01654,A04136,3
P01654,A04137,4
P01654,A02782,5
P01654,A04138,6
P01654,A04139,7
P01655,A02017,1
P01655,A01179,2
P01655,A02016,3
P01655,A04140,4
P01656,A04141,1
P01656,A02742,2
P01656,A04142,3
P01657,A04143,1
P01657,A04144,2
P01657,A04145,3
P01657,A04146,4
P01657,A04147,5
P01657,A04148,6
P01657,A04149,7
P01657,A04150,8
P01657,A04151,9
P01657,A04152,10
P01657,A04153,11
P01657,A02051,12
P01658,A03894,1
P01658,A00597,2
P01658,A02525,3
P01658,A02009,4
P01658,A02894,5
P01658,A02279,6
P01658,A04154,7
P01658,A04155,8
P01658,A03897,9
P01658,A03382,10
P01658,A04156,11
P01658,A02443,12
P01658,A04157,13
P01659,A04158,1
P01659,A04159,2
P01659,A01883,3
P01659,A04160,4
P01659,A04161,5
P01659,A01414,6
P01660,A04162,1
P01660,A03003,2
P01660,A03436,3
P01660,A01943,4
P01660,A00762,5
P01660,A04163,6
P01660,A04164,7
P01660,A02274,8
P01661,A04165,1
P01661,A04166,2
P01662,A01693,1
P01662,A01694,2
P01663,A04167,1
P01663,A04168,2
P01663,A03133,3
P01663,A04169,4
P01663,A04170,5
P01663,A04171,6
P01663,A04172,7
P01664,A03270,1
P01664,A00474,2
P01664,A03271,3
P01664,A00478,4
P01665,A04173,1
P01665,A00917,2
P01665,A04174,3
P01665,A00916,4
P01666,A04175,1
P01667,A04176,1
P01667,A04177,2
P01667,A04178,3
P01667,A04179,4
P01668,A04180,1
P01668,A04181,2
P01668,A04182,3
P01668,A04183,4
P01669,A03620,1
P01669,A04184,2
P01669,A04185,3
P01670,A04186,1
P01670,A00757,2
P01670,A02587,3
P01670,A00436,4
P01670,A02742,5
P01671,A02546,1
P01671,A02843,2
P01671,A02544,3
P01671,A04187,4
P01671,A02841,5
P01672,A03466,1
P01672,A02873,2
P01672,A04188,3
P01672,A02549,4
P01672,A02550,5
P01672,A04187,6
P01672,A00815,7
P01672,A02548,8
P01673,A04189,1
P01673,A04190,2
P01673,A04191,3
P01673,A03169,4
P01673,A01522,5
P01673,A00591,6
P01673,A04192,7
P01673,A04193,8
P01673,A03329,9
P01673,A03674,10
P01673,A01016,11
P01673,A01423,12
P01674,A04192,1
P01674,A01423,2
P01674,A00180,3
P01674,A03059,4
P01674,A03883,5
P01674,A01315,6
P01674,A04194,7
P01675,A00922,1
P01675,A02046,2
P01675,A04195,3
P01675,A01277,4
P01675,A04196,5
P01675,A01521,6
P01675,A00990,7
P01675,A00171,8
P01675,A01535,9
P01675,A01743,10
P01675,A01101,11
P01675,A01067,12
P01675,A02024,13
P01675,A04197,14
P01675,A01180,15
P01676,A01009,1
P01676,A03003,2
P01676,A00815,3
P01676,A00597,4
P01677,A04198,1
P01677,A00066,2
P01677,A04199,3
P01677,A03040,4
P01678,A04200,1
P01678,A04201,2
P01678,A01552,3
P01678,A04202,4
P01678,A04203,5
P01678,A04204,6
P01679,A02580,1
P01679,A02581,2
P01680,A02741,1
P01680,A01715,2
P01680,A02742,3
P01680,A01659,4
P01680,A04205,5
P01680,A01168,6
P01680,A03436,7
P01680,A00762,8
P01681,A02365,1
P01681,A00597,2
P01681,A02400,3
P01681,A02694,4
P01681,A04206,5
P01681,A02724,6
P01682,A03699,1
P01682,A04207,2
P01682,A03247,3
P01682,A04208,4
P01682,A03028,5
P01682,A01167,6
P01683,A04209,1
P01683,A02587,2
P01683,A04210,3
P01683,A04211,4
P01684,A04212,1
P01684,A04162,2
P01684,A04213,3
P01684,A03004,4
P01684,A01201,5
P01684,A01943,6
P01684,A01538,7
P01684,A04214,8
P01685,A02016,1
P01685,A02260,2
P01685,A02017,3
P01685,A03709,4
P01685,A01912,5
P01685,A04215,6
P01685,A00655,7
P01685,A03794,8
P01685,A02023,9
P01685,A02972,10
P01686,A04216,1
P01686,A04217,2
P01687,A04063,1
P01687,A04218,2
P01687,A04219,3
P01688,A00439,1
P01688,A00438,2
P01688,A02577,3
P01688,A02576,4
P01689,A00390,1
P01689,A01344,2
P01689,A00617,3
P01690,A02299,1
P01690,A00260,2
P01690,A02302,3
P01690,A03244,4
P01690,A02300,5
P01690,A02311,6
P01690,A02304,7
P01690,A02301,8
P01690,A02305,9
P01690,A02306,10
P01690,A04220,11
P01690,A02308,12
P01690,A02309,13
P01690,A02307,14
P01690,A04221,15
P01690,A02312,16
P01690,A04222,17
P01691,A03830,1
P01691,A04223,2
P01691,A02522,3
P01691,A00597,4
P01692,A04224,1
P01692,A04225,2
P01692,A04226,3
P01692,A04227,4
P01692,A04228,5
P01693,A04229,1
P01693,A04230,2
P01693,A04231,3
P01693,A00357,4
P01693,A04232,5
P01693,A04233,6
P01694,A03253,1
P01694,A00360,2
P01694,A00738,3
P01694,A03322,4
P01695,A02663,1
P01695,A04234,2
P01695,A03175,3
P01695,A03677,4
P01695,A03023,5
P01695,A04235,6
P01695,A00550,7
P01696,A04236,1
P01696,A04237,2
P01696,A04238,3
P01696,A04239,4
P01696,A03734,5
P01696,A02807,6
P01697,A04104,1
P01697,A00088,2
P01697,A04240,3
P01698,A00088,1
P01698,A04104,2
P01698,A04241,3
P01698,A04192,4
P01698,A03883,5
P01698,A00757,6
P01698,A01690,7
P01698,A01536,8
P01699,A03420,1
P01699,A01470,2
P01699,A04242,3
P01699,A02631,4
P01699,A00934,5
P01699,A04243,6
P01700,A00784,1
P01700,A00401,2
P01700,A00584,3
P01701,A03003,1
P01701,A01009,2
P01701,A03004,3
P01701,A00597,4
P01701,A00762,5
P01701,A00931,6
P01701,A02274,7
P01701,A00718,8
P01702,A04208,1
P01702,A03373,2
P01702,A04207,3
P01702,A04244,4
P01702,A03374,5
P01702,A04245,6
P01702,A04246,7
P01702,A02728,8
P01703,A04247,1
P01703,A02458,2
P01703,A01943,3
P01703,A04163,4
P01703,A04248,5
P01703,A01570,6
P01704,A03306,1
P01704,A00408,2
P01704,A00990,3
P01705,A03042,1
P01705,A04249,2
P01705,A04250,3
P01705,A04251,4
P01706,A04252,1
P01707,A03383,1
P01707,A00715,2
P01707,A01607,3
P01707,A00916,4
P01707,A03301,5
P01707,A02369,6
P01707,A02870,7
P01707,A00597,8
P01707,A03130,9
P01707,A02282,10
P01708,A01706,1
P01708,A04253,2
P01708,A02923,3
P01709,A00322,1
P01709,A00176,2
P01709,A01769,3
P01709,A01770,4
P01709,A03796,5
P01709,A04254,6
P01710,A03671,1
P01710,A04255,2
P01711,A02623,1
P01711,A00711,2
P01711,A01065,3
P01712,A01650,1
P01712,A04256,2
P01712,A04257,3
P01712,A04258,4
P01712,A04259,5
P01712,A04260,6
P01712,A03830,7
P01712,A04261,8
P01712,A04262,9
P01713,A03648,1
P01713,A04263,2
P01713,A04264,3
P01713,A04265,4
P01713,A03264,5
P01713,A00963,6
P01713,A03658,7
P01713,A04266,8
P01713,A03810,9
P01713,A02726,10
P01713,A03651,11
P01713,A03652,12
P01714,A04267,1
P01714,A02665,2
P01714,A04268,3
P01715,A04269,1
P01715,A04270,2
P01716,A00865,1
P01716,A01805,2
P01716,A02111,3
P01716,A04271,4
P01716,A01028,5
P01716,A02433,6
P01717,A04272,1
P01717,A03637,2
P01717,A03849,3
P01717,A02870,4
P01717,A00264,5
P01718,A04273,1
P01718,A04274,2
P01718,A04275,3
P01719,A04099,1
P01719,A00030,2
P01719,A02244,3
P01719,A04276,4
P01720,A04277,1
P01721,A02912,1
P01721,A04278,2
P01721,A03991,3
P01722,A01040,1
P01722,A01039,2
P01722,A04279,3
P01722,A04280,4
P01723,A02092,1
P01723,A00992,2
P01723,A02038,3
P01723,A04281,4
P01723,A01989,5
P01723,A02275,6
P01724,A00821,1
P01724,A00153,2
P01725,A04282,1
P01725,A04283,2
P01725,A04284,3
P01725,A04172,4
P01725,A04285,5
P01726,A04286,1
P01726,A04287,2
P01727,A00869,1
P01727,A00264,2
P01727,A01407,3
P01727,A04288,4
P01727,A04289,5
P01727,A02880,6
P01727,A04290,7
P01727,A00784,8
P01727,A01232,9
P01727,A01280,10
P01727,A02473,11
P01727,A04291,12
P01727,A02602,13
P01727,A01838,14
P01727,A04235,15
P01728,A04292,1
P01728,A03674,2
P01728,A04190,3
P01728,A04293,4
P01728,A03169,5
P01728,A04193,6
P01728,A04189,7
P01728,A04077,8
P01728,A00805,9
P01729,A02741,1
P01729,A01659,2
P01729,A01715,3
P01729,A02742,4
P01729,A04205,5
P01729,A04192,6
P01729,A00591,7
P01730,A01703,1
P01730,A04294,2
P01730,A01469,3
P01730,A00963,4
P01730,A04295,5
P01731,A01430,1
P01731,A00865,2
P01731,A01805,3
P01731,A00597,4
P01732,A02779,1
P01732,A04296,2
P01732,A01943,3
P01732,A02456,4
P01732,A00974,5
P01733,A02741,1
P01733,A03436,2
P01733,A03003,3
P01734,A04208,1
P01734,A03699,2
P01734,A04207,3
P01734,A04297,4
P01734,A03028,5
P01734,A01167,6
P01735,A00360,1
P01735,A04298,2
P01735,A02114,3
P01735,A02561,4
P01735,A01415,5
P01735,A01491,6
P01735,A00260,7
P01736,A04299,1
P01736,A04300,2
P01736,A00567,3
P01737,A01706,1
P01737,A02779,2
P01738,A01952,1
P01738,A00998,2
P01738,A04301,3
P01738,A03310,4
P01738,A01989,5
P01738,A01113,6
P01738,A03311,7
P01738,A04302,8
P01738,A00681,9
P01738,A04303,10
P01739,A04304,1
P01739,A04305,2
P01739,A01311,3
P01739,A00839,4
P01739,A02127,5
P01739,A00997,6
P01739,A04306,7
P01739,A04307,8
P01740,A03247,1
P01740,A01073,2
P01740,A03058,3
P01740,A00180,4
P01740,A01423,5
P01740,A03464,6
P01740,A00554,7
P01741,A03914,1
P01741,A00597,2
P01741,A02571,3
P01741,A04296,4
P01741,A02507,5
P01741,A00922,6
P01741,A02887,7
P01741,A03265,8
P01742,A02299,1
P01742,A02311,2
P01742,A02300,3
P01742,A03244,4
P01742,A02301,5
P01742,A04308,6
P01742,A04309,7
P01742,A02307,8
P01742,A04220,9
P01742,A02308,10
P01742,A02309,11
P01742,A02306,12
P01742,A02305,13
P01742,A04310,14
P01742,A04311,15
P01742,A02304,16
P01742,A00260,17
P01742,A02302,18
P01742,A04312,19
P01743,A00723,1
P01743,A04313,2
P01743,A02402,3
P01744,A03383,1
P01744,A03301,2
P01744,A01607,3
P01744,A00715,4
P01744,A01943,5
P01744,A02282,6
P01744,A04314,7
P01745,A03448,1
P01745,A03449,2
P01745,A03450,3
P01745,A01690,4
P01745,A00815,5
P01745,A04315,6
P01746,A04316,1
P01746,A04317,2
P01746,A04318,3
P01747,A04319,1
P01747,A01552,2
P01747,A04320,3
P01747,A04321,4
P01747,A03036,5
P01748,A01849,1
P01748,A01851,2
P01748,A00066,3
P01748,A01852,4
P01748,A04153,5
P01748,A04322,6
P01749,A04323,1
P01749,A00573,2
P01749,A04324,3
P01749,A04325,4
P01750,A02678,1
P01750,A03170,2
P01750,A01684,3
P01750,A01681,4
P01750,A00732,5
P01750,A02912,6
P01750,A04326,7
P01751,A04327,1
P01752,A02363,1
P01752,A01344,2
P01752,A00584,3
P01753,A00088,1
P01753,A04328,2
P01753,A03297,3
P01753,A00757,4
P01754,A03881,1
P01754,A03130,2
P01754,A01519,3
P01754,A04329,4
P01755,A04330,1
P01755,A04331,2
P01755,A04332,3
P01756,A04315,1
P01756,A03449,2
P01756,A00655,3
P01756,A00815,4
P01756,A00658,5
P01756,A03450,6
P01757,A03547,1
P01757,A04333,2
P01757,A04334,3
P01757,A04335,4
P01757,A04336,5
P01757,A04337,6
P01757,A04338,7
P01758,A01430,1
P01758,A04339,2
P01758,A00815,3
P01758,A01690,4
P01758,A00597,5
P01758,A00735,6
P01759,A03142,1
P01759,A01271,2
P01760,A04340,1
P01760,A04341,2
P01760,A04036,3
P01760,A04342,4
P01761,A04343,1
P01761,A04344,2
P01761,A04345,3
P01761,A04346,4
P01762,A04347,1
P01762,A02608,2
P01762,A04348,3
P01762,A04349,4
P01763,A04350,1
P01763,A04351,2
P01763,A04352,3
P01763,A04353,4
P01763,A04354,5
P01764,A03003,1
P01764,A01009,2
P01764,A01271,3
P01764,A00597,4
P01764,A00762,5
P01764,A00931,6
P01764,A02511,7
P01764,A03828,8
P01765,A04355,1
P01765,A04356,2
P01765,A04357,3
P01765,A04358,4
P01765,A04359,5
P01766,A04360,1
P01766,A00171,2
P01766,A01194,3
P01766,A00455,4
P01766,A04361,5
P01766,A01917,6
P01766,A04362,7
P01766,A04363,8
P01766,A04364,9
P01766,A04365,10
P01766,A02594,11
P01766,A01277,12
P01766,A03035,13
P01766,A04047,14
P01766,A01207,15
P01766,A04062,16
P01766,A04366,17
P01766,A02093,18
P01766,A00736,19
P01766,A03580,20
P01766,A04367,21
P01766,A02142,22
P01766,A04368,23
P01766,A04369,24
P01766,A04370,25
P01766,A00992,26
P01766,A04371,27
P01766,A00584,28
P01766,A04372,29
P01766,A04373,30
P01766,A04374,31
P01766,A04375,32
P01766,A04376,33
P01766,A04377,34
P01766,A04378,35
P01766,A01752,36
P01766,A02572,37
P01767,A04360,1
P01767,A00171,2
P01767,A01194,3
P01767,A00455,4
P01767,A04361,5
P01767,A01917,6
P01767,A04362,7
P01767,A04363,8
P01767,A04364,9
P01767,A04365,10
P01767,A02594,11
P01767,A01277,12
P01767,A03035,13
P01767,A04047,14
P01767,A01207,15
P01767,A04062,16
P01767,A04366,17
P01767,A02093,18
P01767,A00736,19
P01767,A03580,20
P01767,A04367,21
P01767,A02142,22
P01767,A04368,23
P01767,A04369,24
P01767,A04370,25
P01767,A00992,26
P01767,A04371,27
P01767,A00584,28
P01767,A04372,29
P01767,A04373,30
P01767,A04374,31
P01767,A04375,32
P01767,A04376,33
P01767,A04377,34
P01767,A04378,35
P01767,A01752,36
P01767,A02572,37
P01768,A04379,1
P01768,A03762,2
P01768,A03757,3
P01768,A03758,4
P01768,A03761,5
P01768,A04380,6
P01768,A03763,7
P01768,A04381,8
P01768,A04382,9
P01769,A04383,1
P01769,A04384,2
P01769,A04385,3
P01769,A04386,4
P01770,A04387,1
P01770,A01650,2
P01770,A04259,3
P01770,A04256,4
P01770,A04257,5
P01770,A04258,6
P01770,A04262,7
P01770,A03830,8
P01771,A04388,1
P01771,A04389,2
P01771,A04390,3
P01771,A04391,4
P01771,A04392,5
P01772,A04393,1
P01772,A04394,2
P01772,A04395,3
P01772,A04396,4
P01772,A04397,5
P01772,A04398,6
P01772,A04399,7
P01773,A04400,1
P01773,A04401,2
P01773,A00996,3
P01773,A04402,4
P01774,A04403,1
P01774,A04404,2
P01774,A04405,3
P01774,A04406,4
P01774,A03975,5
P01774,A04407,6
P01775,A04408,1
P01775,A00567,2
P01775,A04300,3
P01775,A04409,4
P01775,A04299,5
P01776,A04410,1
P01776,A00350,2
P01776,A04411,3
P01776,A01289,4
P01776,A01416,5
P01776,A04412,6
P01776,A04413,7
P01776,A04414,8
P01776,A01417,9
P01776,A00755,10
P01777,A01232,1
P01777,A00869,2
P01777,A04415,3
P01777,A01064,4
P01777,A01280,5
P01777,A04290,6
P01777,A01200,7
P01777,A04291,8
P01778,A04416,1
P01778,A04417,2
P01779,A01913,1
P01779,A00406,2
P01779,A00554,3
P01780,A00996,1
P01780,A00869,2
P01780,A01000,3
P01780,A00403,4
P01780,A00584,5
P01780,A00579,6
P01780,A04418,7
P01780,A01207,8
P01780,A04419,9
P01780,A04420,10
P01780,A01081,11
P01780,A00311,12
P01780,A04421,13
P01780,A04422,14
P01780,A04423,15
P01781,A01522,1
P01781,A02094,2
P01781,A02681,3
P01781,A04424,4
P01781,A04425,5
P01781,A03296,6
P01782,A04426,1
P01782,A04427,2
P01782,A01038,3
P01783,A04212,1
P01783,A04428,2
P01783,A03436,3
P01783,A01943,4
P01784,A00153,1
P01784,A04429,2
P01784,A04430,3
P01784,A00195,4
P01784,A04431,5
P01784,A00287,6
P01784,A00039,7
P01785,A04432,1
P01785,A04433,2
P01785,A04434,3
P01786,A02630,1
P01786,A02522,2
P01786,A02008,3
P01786,A04223,4
P01786,A04206,5
P01786,A02602,6
P01787,A04038,1
P01787,A04435,2
P01787,A00584,3
P01787,A02215,4
P01788,A03307,1
P01788,A02804,2
P01788,A02405,3
P01788,A04436,4
P01788,A01708,5
P01788,A01533,6
P01789,A04296,1
P01789,A00597,2
P01789,A01715,3
P01789,A02779,4
P01789,A03059,5
P01790,A04437,1
P01790,A02600,2
P01790,A01555,3
P01790,A02598,4
P01790,A01773,5
P01790,A02599,6
P01790,A04285,7
P01790,A04438,8
P01791,A04439,1
P01791,A04440,2
P01791,A04441,3
P01791,A04442,4
P01791,A04443,5
P01791,A04444,6
P01792,A02832,1
P01792,A04445,2
P01792,A00865,3
P01792,A00992,4
P01792,A00145,5
P01792,A00674,6
P01792,A02834,7
P01792,A01845,8
P01793,A03156,1
P01793,A02215,2
P01793,A02571,3
P01793,A02572,4
P01793,A02669,5
P01793,A01009,6
P01793,A00597,7
P01793,A02323,8
P01793,A02233,9
P01793,A02284,10
P01793,A01020,11
P01794,A04446,1
P01794,A02418,2
P01795,A01690,1
P01795,A00815,2
P01795,A02038,3
P01795,A04447,4
P01795,A04448,5
P01795,A04449,6
P01795,A00115,7
P01795,A02041,8
P01795,A01570,9
P01796,A03003,1
P01796,A01009,2
P01796,A02436,3
P01796,A00597,4
P01796,A00762,5
P01796,A00931,6
P01797,A03963,1
P01797,A00732,2
P01798,A04450,1
P01798,A04451,2
P01798,A04452,3
P01798,A04453,4
P01798,A04454,5
P01799,A03003,1
P01799,A01009,2
P01799,A03004,3
P01799,A00597,4
P01799,A00762,5
P01799,A00931,6
P01799,A02274,7
P01799,A00718,8
P01800,A03653,1
P01800,A02026,2
P01800,A02027,3
P01800,A03654,4
P01800,A03656,5
P01801,A02325,1
P01801,A00922,2
P01801,A01521,3
P01801,A01263,4
P01801,A00930,5
P01801,A02024,6
P01801,A00974,7
P01801,A03948,8
P01801,A03949,9
P01802,A04455,1
P01802,A02124,2
P01802,A04456,3
P01802,A00153,4
P01802,A01414,5
P01803,A00988,1
P01803,A00970,2
P01803,A04457,3
P01803,A04458,4
P01803,A02054,5
P01803,A04459,6
P01803,A04460,7
P01803,A04461,8
P01803,A04462,9
P01803,A04463,10
P01803,A04464,11
P01803,A04465,12
P01803,A04466,13
P01803,A04467,14
P01803,A04468,15
P01803,A02399,16
P01803,A04469,17
P01803,A04470,18
P01803,A04471,19
P01803,A04472,20
P01803,A04473,21
P01803,A04474,22
P01803,A04475,23
P01803,A04476,24
P01803,A04477,25
P01803,A04478,26
P01803,A04479,27
P01803,A04406,28
P01803,A04480,29
P01803,A04481,30
P01803,A02129,31
P01803,A02572,32
P01803,A04482,33
P01804,A00988,1
P01804,A00970,2
P01804,A04457,3
P01804,A04458,4
P01804,A02054,5
P01804,A04459,6
P01804,A04460,7
P01804,A04461,8
P01804,A04462,9
P01804,A04463,10
P01804,A04464,11
P01804,A04465,12
P01804,A04466,13
P01804,A04467,14
P01804,A04468,15
P01804,A02399,16
P01804,A04469,17
P01804,A04470,18
P01804,A04471,19
P01804,A04472,20
P01804,A04473,21
P01804,A04474,22
P01804,A04475,23
P01804,A04476,24
P01804,A04477,25
P01804,A04478,26
P01804,A04479,27
P01804,A04406,28
P01804,A04480,29
P01804,A04481,30
P01804,A02129,31
P01804,A02572,32
P01804,A04482,33
P01805,A00983,1
P01805,A02233,2
P01805,A03820,3
P01805,A01711,4
P01805,A00987,5
P01805,A01069,6
P01805,A04483,7
P01805,A04484,8
P01805,A02466,9
P01805,A04485,10
P01805,A04486,11
P01805,A04487,12
P01805,A04488,13
P01805,A02519,14
P01805,A04489,15
P01805,A04490,16
P01805,A04491,17
P01805,A04492,18
P01805,A04493,19
P01805,A04494,20
P01805,A04495,21
P01805,A04496,22
P01805,A04497,23
P01805,A04498,24
P01805,A04499,25
P01805,A01602,26
P01805,A01194,27
P01805,A00992,28
P01805,A02398,29
P01805,A01105,30
P01805,A02292,31
P01805,A02002,32
P01805,A00865,33
P01805,A00573,34
P01805,A01904,35
P01805,A01402,36
P01805,A03815,37
P01805,A04500,38
P01805,A03246,39
P01806,A00983,1
P01806,A02233,2
P01806,A03820,3
P01806,A01711,4
P01806,A00987,5
P01806,A01069,6
P01806,A04483,7
P01806,A04484,8
P01806,A02466,9
P01806,A04485,10
P01806,A04486,11
P01806,A04487,12
P01806,A04488,13
P01806,A02519,14
P01806,A04489,15
P01806,A04490,16
P01806,A04491,17
P01806,A04492,18
P01806,A04493,19
P01806,A04494,20
P01806,A04495,21
P01806,A04496,22
P01806,A04497,23
P01806,A04498,24
P01806,A04499,25
P01806,A01602,26
P01806,A01194,27
P01806,A00992,28
P01806,A02398,29
P01806,A01105,30
P01806,A02292,31
P01806,A02002,32
P01806,A00865,33
P01806,A00573,34
P01806,A01904,35
P01806,A01402,36
P01806,A03815,37
P01806,A04500,38
P01806,A03246,39
P01807,A01324,1
P01807,A04501,2
P01807,A04502,3
P01807,A02432,4
P01807,A03030,5
P01807,A04503,6
P01807,A04504,7
P01807,A04505,8
P01807,A00360,9
P01807,A03322,10
P01807,A02552,11
P01807,A03810,12
P01807,A04506,13
P01807,A04507,14
P01807,A02829,15
P01807,A04508,16
P01807,A01327,17
P01807,A04509,18
P01807,A04510,19
P01807,A04511,20
P01807,A00676,21
P01807,A04512,22
P01807,A04513,23
P01807,A04514,24
P01807,A03204,25
P01807,A02323,26
P01807,A04036,27
P01807,A01322,28
P01807,A01540,29
P01807,A01724,30
P01807,A02324,31
P01807,A04515,32
P01808,A04516,1
P01808,A03310,2
P01808,A04517,3
P01809,A01913,1
P01809,A00406,2
P01809,A00554,3
P01810,A02571,1
P01810,A02215,2
P01810,A03156,3
P01810,A02572,4
P01810,A00597,5
P01811,A01270,1
P01811,A02779,2
P01811,A04518,3
P01811,A00595,4
P01811,A01067,5
P01812,A00922,1
P01812,A02325,2
P01812,A01743,3
P01812,A01521,4
P01812,A01067,5
P01812,A04519,6
P01812,A04520,7
P01813,A04521,1
P01813,A01726,2
P01813,A03317,3
P01813,A03316,4
P01813,A03315,5
P01814,A02876,1
P01814,A02522,2
P01814,A00597,3
P01814,A04522,4
P01815,A02881,1
P01815,A02883,2
P01815,A02548,3
P01815,A03894,4
P01816,A02443,1
P01816,A04303,2
P01816,A00597,3
P01816,A02008,4
P01816,A02694,5
P01816,A04523,6
P01816,A04524,7
P01816,A03772,8
P01816,A02839,9
P01816,A02009,10
P01816,A02525,11
P01816,A00997,12
P01816,A02513,13
P01816,A04525,14
P01816,A02630,15
P01816,A03894,16
P01817,A03383,1
P01817,A04526,2
P01817,A00715,3
P01817,A01607,4
P01817,A00597,5
P01818,A00406,1
P01818,A01095,2
P01818,A03247,3
P01818,A00554,4
P01818,A00264,5
P01818,A01036,6
P01818,A00543,7
P01819,A04527,1
P01819,A04528,2
P01820,A01743,1
P01820,A00408,2
P01820,A02325,3
P01820,A01521,4
P01820,A01888,5
P01821,A04529,1
P01821,A04530,2
P01821,A01113,3
P01821,A04531,4
P01821,A01952,5
P01821,A00937,6
P01822,A04195,1
P01822,A00922,2
P01822,A02779,3
P01822,A01277,4
P01822,A03580,5
P01822,A02670,6
P01822,A00912,7
P01822,A04532,8
P01822,A01535,9
P01822,A00171,10
P01822,A00990,11
P01822,A04533,12
P01822,A04197,13
P01822,A01359,14
P01822,A00988,15
P01822,A00970,16
P01822,A04534,17
P01822,A00975,18
P01822,A00994,19
P01823,A04535,1
P01823,A04536,2
P01824,A04537,1
P01824,A02583,2
P01824,A03325,3
P01824,A02584,4
P01825,A01009,1
P01825,A03003,2
P01825,A03822,3
P01825,A03672,4
P01825,A00815,5
P01825,A01941,6
P01825,A00597,7
P01825,A00180,8
P01825,A01663,9
P01826,A04538,1
P01826,A01268,2
P01826,A04539,3
P01826,A04540,4
P01826,A03370,5
P01826,A04541,6
P01827,A04542,1
P01827,A04543,2
P01827,A04544,3
P01828,A04545,1
P01828,A04546,2
P01828,A04547,3
P01828,A04548,4
P01829,A04549,1
P01829,A04550,2
P01829,A00436,3
P01830,A04551,1
P01830,A03946,2
P01830,A04552,3
P01830,A03945,4
P01830,A03914,5
P01830,A00455,6
P01831,A04063,1
P01831,A04218,2
P01831,A01168,3
P01832,A03654,1
P01832,A04553,2
P01833,A04554,1
P01833,A02016,2
P01833,A02017,3
P01833,A04555,4
P01833,A02260,5
P01833,A03001,6
P01833,A03794,7
P01833,A01690,8
P01833,A00655,9
P01834,A04556,1
P01834,A04557,2
P01834,A04558,3
P01834,A02436,4
P01834,A04559,5
P01834,A04560,6
P01834,A04561,7
P01835,A04535,1
P01835,A04536,2
P01835,A04357,3
P01835,A04562,4
P01836,A04563,1
P01836,A03181,2
P01836,A04564,3
P01837,A03401,1
P01837,A04565,2
P01837,A00762,3
P01837,A02972,4
P01837,A04566,5
P01837,A04567,6
P01837,A04568,7
P01838,A00260,1
P01838,A00403,2
P01838,A04569,3
P01839,A04186,1
P01839,A00757,2
P01839,A02742,3
P01839,A00436,4
P01840,A02325,1
P01840,A00922,2
P01840,A01743,3
P01841,A03175,1
P01841,A02663,2
P01841,A04570,3
P01841,A04571,4
P01841,A04572,5
P01841,A04573,6
P01841,A01500,7
P01841,A04159,8
P01841,A04574,9
P01841,A03863,10
P01841,A03864,11
P01841,A04306,12
P01842,A04575,1
P01842,A04576,2
P01842,A04577,3
P01843,A01769,1
P01843,A04578,2
P01843,A04579,3
P01844,A04580,1
P01844,A04581,2
P01844,A04001,3
P01845,A01743,1
P01845,A00922,2
P01845,A02325,3
P01845,A01521,4
P01845,A01067,5
P01846,A04582,1
P01846,A04583,2
P01846,A04584,3
P01847,A04585,1
P01847,A00922,2
P01847,A00715,3
P01848,A03325,1
P01848,A04586,2
P01848,A04587,3
P01849,A02436,1
P01849,A04588,2
P01849,A02668,3
P01849,A02435,4
P01849,A02562,5
P01849,A00815,6
P01849,A01690,7
P01849,A00151,8
P01849,A02798,9
P01849,A02697,10
P01849,A02560,11
P01849,A01663,12
P01850,A00723,1
P01850,A04589,2
P01850,A01448,3
P01850,A01865,4
P01850,A01409,5
P01850,A01044,6
P01850,A03018,7
P01850,A02959,8
P01850,A01690,9
P01851,A00622,1
P01851,A01101,2
P01852,A01322,1
P01852,A01553,2
P01852,A04590,3
P01852,A04591,4
P01852,A00170,5
P01852,A00063,6
P01852,A01200,7
P01852,A04592,8
P01852,A04593,9
P01853,A02325,1
P01853,A04134,2
P01853,A01637,3
P01853,A01521,4
P01853,A00922,5
P01853,A00930,6
P01854,A04594,1
P01854,A04595,2
P01854,A04596,3
P01854,A00369,4
P01855,A04597,1
P01855,A04598,2
P01855,A04599,3
P01855,A04600,4
P01856,A04601,1
P01856,A01178,2
P01856,A00369,3
P01857,A04602,1
P01857,A04603,2
P01857,A04604,3
P01857,A04605,4
P01857,A04606,5
P01858,A01647,1
P01858,A03300,2
P01858,A02009,3
P01859,A03060,1
P01859,A01423,2
P01859,A00180,3
P01859,A03144,4
P01859,A04607,5
P01859,A04608,6
P01859,A03389,7
P01859,A01084,8
P01860,A04609,1
P01860,A02254,2
P01860,A04610,3
P01860,A04611,4
P01860,A04612,5
P01860,A04613,6
P01861,A04614,1
P01861,A02598,2
P01861,A01773,3
P01861,A02599,4
P01861,A02830,5
P01861,A02597,6
P01862,A01473,1
P01862,A04615,2
P01862,A04616,3
P01863,A03914,1
P01863,A00597,2
P01863,A02571,3
P01863,A02887,4
P01863,A03208,5
P01863,A04617,6
P01863,A02572,7
P01863,A00863,8
P01863,A01359,9
P01863,A00171,10
P01863,A02507,11
P01863,A00922,12
P01863,A04195,13
P01863,A02670,14
P01863,A00990,15
P01863,A04618,16
P01863,A04619,17
P01863,A04620,18
P01863,A04621,19
P01863,A00655,20
P01864,A04622,1
P01864,A04623,2
P01864,A02872,3
P01864,A02548,4
P01864,A04624,5
P01864,A04625,6
P01864,A04626,7
P01864,A04627,8
P01864,A02023,9
P01864,A02874,10
P01865,A04628,1
P01865,A02544,2
P01865,A02549,3
P01865,A02873,4
P01865,A02546,5
P01865,A02841,6
P01866,A03003,1
P01866,A01009,2
P01866,A02742,3
P01866,A03263,4
P01866,A04629,5
P01866,A04630,6
P01866,A01084,7
P01866,A00762,8
P01866,A01690,9
P01866,A00597,10
P01866,A00931,11
P01867,A04631,1
P01867,A03003,2
P01867,A01009,3
P01867,A02741,4
P01867,A00597,5
P01867,A00815,6
P01867,A01016,7
P01867,A00180,8
P01867,A01039,9
P01868,A04350,1
P01868,A04351,2
P01868,A04352,3
P01868,A04353,4
P01868,A04632,5
P01868,A04354,6
P01869,A04633,1
P01869,A04634,2
P01869,A04635,3
P01869,A04636,4
P01870,A03894,1
P01870,A02525,2
P01870,A00973,3
P01870,A02009,4
P01870,A04154,5
P01870,A02279,6
P01870,A00597,7
P01870,A01521,8
P01870,A04162,9
P01870,A03324,10
P01870,A01643,11
P01870,A03211,12
P01870,A02443,13
P01870,A02947,14
P01870,A03382,15
P01871,A04162,1
P01871,A04212,2
P01871,A01201,3
P01871,A01430,4
P01871,A00762,5
P01871,A04428,6
P01871,A04637,7
P01872,A03003,1
P01872,A01009,2
P01872,A03672,3
P01872,A02094,4
P01872,A04638,5
P01872,A04639,6
P01872,A00762,7
P01872,A00597,8
P01872,A02436,9
P01872,A00180,10
P01872,A01039,11
P01872,A01016,12
P01872,A00554,13
P01873,A02780,1
P01873,A04640,2
P01873,A04641,3
P01873,A04642,4
P01874,A04643,1
P01874,A03699,2
P01874,A03247,3
P01874,A01167,4
P01875,A03209,1
P01875,A04644,2
P01875,A01358,3
P01875,A01943,4
P01875,A03210,5
P01875,A04645,6
P01875,A04646,7
P01875,A00151,8
P01875,A04647,9
P01875,A04648,10
P01875,A00916,11
P01876,A04649,1
P01876,A04650,2
P01876,A04651,3
P01876,A04652,4
P01876,A04653,5
P01876,A04654,6
P01876,A04655,7
P01877,A04656,1
P01877,A04657,2
P01877,A04658,3
P01878,A04659,1
P01878,A04660,2
P01878,A04661,3
P01878,A04662,4
P01879,A04663,1
P01879,A04565,2
P01879,A00762,3
P01879,A01690,4
P01880,A02368,1
P01880,A04664,2
P01880,A04665,3
P01880,A00922,4
P01880,A03265,5
P01880,A04666,6
P01880,A03914,7
P01880,A01067,8
P01880,A02024,9
P01880,A00990,10
P01880,A04667,11
P01880,A00171,12
P01880,A01535,13
P01880,A04621,14
P01880,A02869,15
P01881,A04668,1
P01881,A00757,2
P01882,A04669,1
P01882,A00281,2
P01882,A01861,3
P01882,A01096,4
P01882,A00153,5
P01882,A01097,6
P01882,A04670,7
P01883,A00151,1
P01883,A01358,2
P01883,A03948,3
P01883,A03949,4
P01883,A01713,5
P01883,A03209,6
P01884,A04671,1
P01884,A03019,2
P01884,A04672,3
P01884,A04673,4
P01884,A04674,5
P01885,A04675,1
P01885,A04676,2
P01885,A04677,3
P01885,A04678,4
P01885,A03132,5
P01885,A01943,6
P01886,A02886,1
P01886,A02890,2
P01886,A04679,3
P01886,A02888,4
P01886,A02889,5
P01887,A00732,1
P01887,A01007,2
P01887,A04680,3
P01887,A04186,4
P01887,A00757,5
P01888,A04681,1
P01888,A02544,2
P01888,A02841,3
P01888,A02546,4
P01889,A02602,1
P01889,A02234,2
P01890,A02092,1
P01891,A02523,1
P01891,A00169,2
P01891,A01250,3
P01891,A01255,4
P01891,A01018,5
P01891,A01425,6
P01891,A02722,7
P01891,A01019,8
P01891,A04682,9
P01891,A00737,10
P01891,A04683,11
P01891,A04684,12
P01891,A00449,13
P01891,A02552,14
P01891,A00720,15
P01891,A00314,16
P01891,A04685,17
P01891,A00404,18
P01891,A01107,19
P01891,A01742,20
P01892,A03003,1
P01892,A02887,2
P01892,A02571,3
P01892,A01009,4
P01892,A00762,5
P01892,A00597,6
P01892,A00931,7
P01893,A04686,1
P01893,A00992,2
P01893,A04687,3
P01893,A04688,4
P01893,A04689,5
P01893,A03830,6
P01893,A02669,7
P01893,A02215,8
P01893,A01194,9
P01893,A04368,10
P01893,A00455,11
P01893,A03814,12
P01894,A04306,1
P01894,A04690,2
P01894,A04691,3
P01895,A04692,1
P01895,A04693,2
P01895,A04694,3
P01895,A04695,4
P01895,A04696,5
P01896,A03399,1
P01896,A01943,2
P01896,A03208,3
P01896,A02888,4
P01896,A02889,5
P01897,A04697,1
P01897,A04698,2
P01898,A04699,1
P01898,A04700,2
P01898,A04701,3
P01898,A04702,4
P01899,A01521,1
P01899,A02325,2
P01899,A01637,3
P01899,A00114,4
P01899,A01101,5
P01899,A00922,6
P01899,A04703,7
P01899,A00930,8
P01899,A02106,9
P01899,A02947,10
P01900,A01877,1
P01900,A00895,2
P01901,A04704,1
P01901,A04705,2
P01901,A04706,3
P01901,A04707,4
P01901,A04708,5
P01901,A04709,6
P01901,A04710,7
P01901,A04711,8
P01901,A04712,9
P01901,A04713,10
P01902,A04714,1
P01902,A04715,2
P01902,A04716,3
P01902,A04717,4
P01902,A04718,5
P01902,A04719,6
P01902,A04720,7
P01902,A04721,8
P01903,A04211,1
P01903,A04722,2
P01903,A04209,3
P01903,A02587,4
P01904,A03184,1
P01904,A00691,2
P01905,A04723,1
P01905,A03046,2
P01905,A03043,3
P01906,A04724,1
P01906,A04725,2
P01906,A04726,3
P01906,A04727,4
P01906,A04728,5
P01907,A04724,1
P01907,A04725,2
P01907,A04726,3
P01907,A04727,4
P01907,A04728,5
P01908,A04729,1
P01908,A04730,2
P01908,A04067,3
P01908,A04731,4
P01909,A04732,1
P01909,A02094,2
P01909,A04733,3
P01909,A04638,4
P01909,A02684,5
P01910,A04734,1
P01910,A04735,2
P01910,A04736,3
P01911,A02436,1
P01911,A04737,2
P01911,A02660,3
P01911,A02204,4
P01911,A02661,5
P01911,A04738,6
P01911,A04739,7
P01911,A02719,8
P01911,A04740,9
P01911,A04741,10
P01911,A04742,11
P01911,A00927,12
P01911,A02205,13
P01911,A03486,14
P01911,A00151,15
P01912,A02059,1
P01912,A04743,2
P01912,A04744,3
P01913,A04745,1
P01914,A00088,1
P01914,A00757,2
P01914,A02588,3
P01914,A03803,4
P01915,A00732,1
P01915,A04746,2
P01915,A01291,3
P01915,A04747,4
P01916,A04748,1
P01916,A02760,2
P01916,A04749,3
P01916,A03370,4
P01916,A04245,5
P01917,A01905,1
P01917,A00959,2
P01917,A00573,3
P01917,A02015,4
P01917,A00872,5
P01918,A02947,1
P01918,A01412,2
P01918,A01521,3
P01918,A01637,4
P01918,A04750,5
P01918,A01409,6
P01918,A03159,7
P01918,A04751,8
P01918,A00973,9
P01918,A02275,10
P01918,A04752,11
P01918,A01123,12
P01918,A00815,13
P01918,A00930,14
P01918,A03150,15
P01918,A03716,16
P01918,A02107,17
P01919,A04753,1
P01919,A04754,2
P01919,A04755,3
P01920,A04623,1
P01920,A04756,2
P01920,A04627,3
P01920,A04624,4
P01920,A04757,5
P01920,A04758,6
P01920,A02548,7
P01920,A04622,8
P01920,A02872,9
P01920,A02023,10
P01920,A04759,11
P01921,A02325,1
P01921,A00922,2
P01921,A01521,3
P01921,A02802,4
P01921,A00930,5
P01922,A02069,1
P01922,A00406,2
P01922,A00554,3
P01922,A01095,4
P01922,A01913,5
P01923,A04601,1
P01923,A02590,2
P01923,A00757,3
P01924,A04760,1
P01924,A04761,2
P01924,A04762,3
P01924,A04763,4
P01924,A00180,5
P01924,A01708,6
P01924,A00221,7
P01924,A04764,8
P01925,A03247,1
P01925,A04760,2
P01925,A04765,3
P01925,A00180,4
P01925,A01423,5
P01925,A04766,6
P01925,A04194,7
P01925,A00221,8
P01926,A04760,1
P01926,A04765,2
P01926,A04766,3
P01926,A03247,4
P01926,A00180,5
P01926,A01423,6
P01926,A00221,7
P01926,A04194,8
P01927,A04767,1
P01927,A04768,2
P01927,A04769,3
P01927,A03915,4
P01927,A03214,5
P01927,A04770,6
P01928,A04631,1
P01928,A03003,2
P01928,A01009,3
P01928,A00180,4
P01928,A00815,5
P01928,A00597,6
P01928,A01016,7
P01928,A01039,8
P01929,A02663,1
P01929,A04771,2
P01929,A04570,3
P01929,A01927,4
P01929,A03511,5
P01929,A04772,6
P01929,A01500,7
P01929,A04773,8
P01930,A03875,1
P01930,A04774,2
P01930,A03876,3
P01931,A04775,1
P01931,A00285,2
P01931,A00282,3
P01932,A02363,1
P01932,A00584,2
P01932,A01344,3
P01933,A04776,1
P01933,A04777,2
P01933,A04778,3
P01933,A02269,4
P01934,A04779,1
P01934,A04780,2
P01934,A04781,3
P01934,A04782,4
P01935,A01063,1
P01935,A01836,2
P01936,A00794,1
P01936,A01346,2
P01936,A00883,3
P01937,A02695,1
P01937,A03577,2
P01937,A02920,3
P01937,A03151,4
P01937,A04044,5
P01937,A01436,6
P01937,A04783,7
P01937,A00595,8
P01938,A04784,1
P01938,A04785,2
P01938,A04786,3
P01938,A04787,4
P01938,A04788,5
P01938,A04789,6
P01938,A04790,7
P01938,A04791,8
P01939,A04792,1
P01939,A04793,2
P01939,A04794,3
P01939,A04795,4
P01939,A04796,5
P01940,A04797,1
P01940,A04106,2
P01941,A01743,1
P01941,A00408,2
P01941,A03914,3
P01941,A02325,4
P01941,A04798,5
P01941,A01521,6
P01941,A01067,7
P01942,A04799,1
P01942,A04800,2
P01942,A04801,3
P01942,A04802,4
P01943,A03019,1
P01943,A03021,2
P01943,A00705,3
P01943,A01496,4
P01943,A00866,5
P01944,A02917,1
P01944,A04803,2
P01944,A04804,3
P01945,A04643,1
P01945,A03699,2
P01945,A01264,3
P01945,A01167,4
P01946,A04805,1
P01946,A04806,2
P01946,A04807,3
P01946,A04808,4
P01946,A04809,5
P01946,A04810,6
P01946,A04811,7
P01947,A04760,1
P01947,A04766,2
P01948,A04812,1
P01948,A04813,2
P01948,A04814,3
P01948,A04815,4
P01949,A03979,1
P01949,A02204,2
P01949,A03969,3
P01949,A01943,4
P01949,A03033,5
P01949,A04816,6
P01949,A02206,7
P01950,A04037,1
P01950,A01943,2
P01951,A01045,1
P01951,A02798,2
P01951,A02562,3
P01951,A02981,4
P01952,A04817,1
P01952,A04818,2
P01952,A04819,3
P01952,A04820,4
P01952,A04821,5
P01952,A04822,6
P01953,A04823,1
P01953,A02879,2
P01954,A01430,1
P01954,A00865,2
P01954,A02669,3
P01954,A04156,4
P01954,A04339,5
P01954,A00597,6
P01955,A03830,1
P01955,A00597,2
P01955,A00863,3
P01955,A02093,4
P01955,A00171,5
P01955,A02571,6
P01955,A01194,7
P01955,A04824,8
P01955,A04825,9
P01955,A04360,10
P01955,A04363,11
P01955,A00455,12
P01955,A04826,13
P01956,A04827,1
P01956,A04828,2
P01956,A04829,3
P01956,A04830,4
P01956,A04831,5
P01956,A04832,6
P01957,A02741,1
P01957,A01715,2
P01957,A01659,3
P01957,A02742,4
P01957,A04205,5
P01957,A04192,6
P01957,A00591,7
P01958,A03694,1
P01958,A03696,2
P01958,A03697,3
P01958,A01402,4
P01958,A02284,5
P01958,A00573,6
P01958,A00597,7
P01958,A03695,8
P01958,A03698,9
P01959,A04037,1
P01959,A01943,2
P01960,A02588,1
P01960,A00815,2
P01960,A00757,3
P01960,A02587,4
P01960,A00088,5
P01960,A01690,6
P01961,A03399,1
P01961,A01943,2
P01962,A04833,1
P01962,A04834,2
P01962,A04835,3
P01962,A04836,4
P01962,A02333,5
P01962,A04837,6
P01962,A04838,7
P01963,A04839,1
P01963,A04840,2
P01963,A04841,3
P01963,A01990,4
P01963,A04842,5
P01964,A04843,1
P01964,A04844,2
P01964,A03593,3
P01964,A04355,4
P01964,A04359,5
P01964,A02667,6
P01964,A04845,7
P01964,A02059,8
P01965,A03129,1
P01965,A01019,2
P01965,A01519,3
P01965,A01229,4
P01965,A02234,5
P01965,A00597,6
P01965,A03130,7
P01965,A01228,8
P01966,A04846,1
P01966,A04847,2
P01966,A01861,3
P01966,A04848,4
P01966,A00154,5
P01966,A04849,6
P01966,A04850,7
P01967,A04851,1
P01967,A04852,2
P01967,A04853,3
P01967,A04854,4
P01967,A03003,5
P01967,A03914,6
P01967,A01943,7
P01968,A04033,1
P01968,A00153,2
P01968,A04855,3
P01968,A01604,4
P01968,A04856,5
P01968,A00286,6
P01969,A04857,1
P01969,A02114,2
P01969,A02726,3
P01969,A04858,4
P01969,A01289,5
P01969,A00360,6
P01970,A04211,1
P01970,A04722,2
P01970,A04859,3
P01970,A04240,4
P01970,A04860,5
P01971,A04861,1
P01971,A04862,2
P01971,A04863,3
P01971,A04864,4
P01972,A04865,1
P01972,A04866,2
P01972,A04867,3
P01972,A04868,4
P01973,A04164,1
P01973,A03210,2
P01973,A04804,3
P01973,A01943,4
P01973,A03845,5
P01973,A03214,6
P01973,A03209,7
P01973,A03211,8
P01973,A03158,9
P01973,A03216,10
P01973,A02916,11
P01974,A04869,1
P01974,A04870,2
P01974,A04871,3
P01974,A04872,4
P01974,A04873,5
P01974,A04874,6
P01974,A04875,7
P01974,A04876,8
P01975,A01105,1
P01975,A04764,2
P01975,A01194,3
P01975,A04363,4
P01975,A00988,5
P01975,A04620,6
P01975,A00171,7
P01975,A04667,8
P01975,A04360,9
P01975,A03575,10
P01975,A00983,11
P01976,A04877,1
P01976,A04878,2
P01976,A04879,3
P01976,A04880,4
P01976,A04881,5
P01976,A02008,6
P01976,A04882,7
P01976,A04016,8
P01976,A04883,9
P01976,A04884,10
P01976,A00988,11
P01976,A00970,12
P01976,A04467,13
P01976,A04360,14
P01976,A00171,15
P01976,A04047,16
P01976,A00455,17
P01976,A01194,18
P01977,A04885,1
P01977,A04886,2
P01977,A04887,3
P01977,A04888,4
P01977,A04889,5
P01978,A02398,1
P01979,A04890,1
P01979,A04891,2
P01979,A04892,3
P01980,A04893,1
P01980,A04894,2
P01980,A04895,3
P01980,A04896,4
P01980,A04897,5
P01980,A04898,6
P01980,A04899,7
P01980,A01686,8
P01981,A04748,1
P01981,A02760,2
P01981,A04749,3
P01981,A03370,4
P01981,A04245,5
P01982,A04680,1
P01982,A00732,2
P01982,A04186,3
P01982,A00757,4
P01983,A02443,1
P01983,A04900,2
P01983,A00597,3
P01983,A04901,4
P01983,A04902,5
P01983,A02008,6
P01983,A01219,7
P01983,A00997,8
P01983,A04903,9
P01983,A04904,10
P01983,A01239,11
P01983,A04905,12
P01983,A02630,13
P01983,A04906,14
P01983,A04907,15
P01984,A03839,1
P01984,A03838,2
P01984,A04908,3
P01984,A00237,4
P01985,A00922,1
P01985,A02368,2
P01985,A04750,3
P01985,A04666,4
P01985,A01067,5
P01985,A02024,6
P01985,A04621,7
P01985,A02869,8
P01985,A04909,9
P01985,A02023,10
P01986,A04748,1
P01986,A02760,2
P01986,A04749,3
P01986,A04540,4
P01986,A03370,5
P01987,A04910,1
P01987,A04911,2
P01987,A04912,3
P01987,A04913,4
P01987,A04914,5
P01988,A04915,1
P01988,A03874,2
P01988,A01161,3
P01988,A04916,4
P01989,A02400,1
P01989,A00597,2
P01989,A02365,3
P01989,A03830,4
P01990,A02069,1
P01990,A04917,2
P01990,A04304,3
P01990,A00919,4
P01990,A04173,5
P01990,A00914,6
P01990,A04918,7
P01990,A00406,8
P01990,A01052,9
P01990,A00835,10
P01990,A00917,11
P01991,A03672,1
P01991,A03003,2
P01991,A01009,3
P01991,A00762,4
P01991,A00180,5
P01991,A01039,6
P01991,A01016,7
P01992,A04677,1
P01992,A02719,2
P01992,A02660,3
P01992,A03132,4
P01992,A00597,5
P01992,A02272,6
P01993,A04919,1
P01993,A04920,2
P01994,A04166,1
P01994,A04165,2
P01995,A04921,1
P01995,A04922,2
P01995,A04923,3
P01995,A04924,4
P01995,A04925,5
P01996,A04926,1
P01996,A04927,2
P01996,A04928,3
P01996,A04929,4
P01996,A04930,5
P01996,A01534,6
P01996,A03860,7
P01997,A04931,1
P01997,A01039,2
P01998,A04932,1
P01998,A02436,2
P01998,A00151,3
P01998,A03486,4
P01998,A04933,5
P01998,A04934,6
P01999,A02203,1
P01999,A02204,2
P01999,A03234,3
P01999,A00234,4
P01999,A00292,5
P01999,A02206,6
P01999,A02719,7
P01999,A01686,8
P02000,A04935,1
P02000,A04936,2
P02000,A04937,3
P02000,A01926,4
P02000,A01038,5
P02000,A04938,6
P02000,A04939,7
P02000,A00842,8
P02000,A04940,9
P02000,A04941,10
P02000,A04942,11
P02001,A02124,1
P02001,A00153,2
P02001,A04943,3
P02002,A04944,1
P02002,A04814,2
P02002,A04815,3
P02003,A03917,1
P02003,A03918,2
P02003,A03003,3
P02004,A01836,1
P02004,A02131,2
P02005,A04433,1
P02005,A03881,2
P02005,A04945,3
P02005,A01402,4
P02005,A02384,5
P02005,A02284,6
P02005,A00573,7
P02005,A00597,8
P02006,A04946,1
P02006,A03830,2
P02006,A02521,3
P02006,A03637,4
P02006,A03636,5
P02007,A04947,1
P02007,A00992,2
P02007,A04948,3
P02007,A04949,4
P02007,A04950,5
P02007,A04951,6
P02007,A04952,7
P02007,A04303,8
P02007,A04953,9
P02007,A04954,10
P02007,A00983,11
P02007,A02233,12
P02008,A04955,1
P02008,A03158,2
P02008,A04163,3
P02008,A03216,4
P02008,A04164,5
P02008,A04956,6
P02008,A04957,7
P02009,A03013,1
P02009,A04958,2
P02009,A04959,3
P02009,A04960,4
P02009,A01877,5
P02009,A00815,6
P02009,A01538,7
P02010,A03019,1
P02010,A03021,2
P02010,A01124,3
P02010,A01496,4
P02010,A00322,5
P02011,A04961,1
P02011,A03648,2
P02011,A04263,3
P02011,A02112,4
P02011,A03264,5
P02011,A04962,6
P02011,A02062,7
P02012,A04963,1
P02012,A04964,2
P02012,A04965,3
P02012,A04966,4
P02013,A04680,1
P02013,A02678,2
P02013,A00732,3
P02014,A04967,1
P02014,A03255,2
P02014,A04968,3
P02014,A03516,4
P02014,A03969,5
P02014,A03033,6
P02014,A01943,7
P02015,A03360,1
P02015,A02011,2
P02015,A00573,3
P02015,A01905,4
P02015,A00893,5
P02015,A00597,6
P02015,A02008,7
P02015,A03940,8
P02015,A03941,9
P02015,A00872,10
P02015,A02744,11
P02015,A03362,12
P02015,A03789,13
P02015,A03788,14
P02015,A04969,15
P02016,A04970,1
P02016,A03325,2
P02016,A02584,3
P02017,A04971,1
P02017,A02016,2
P02017,A02017,3
P02017,A03709,4
P02017,A04972,5
P02017,A04973,6
P02017,A00408,7
P02017,A01067,8
P02017,A04974,9
P02018,A04740,1
P02018,A04742,2
P02018,A04975,3
P02018,A02436,4
P02018,A02204,5
P02018,A00927,6
P02018,A02660,7
P02018,A02631,8
P02018,A00151,9
P02018,A03486,10
P02018,A04976,11
P02018,A02798,12
P02018,A04739,13
P02018,A02890,14
P02019,A03894,1
P02019,A02279,2
P02019,A00973,3
P02019,A02375,4
P02019,A00909,5
P02019,A02525,6
P02019,A03360,7
P02019,A03324,8
P02019,A02443,9
P02019,A03382,10
P02019,A03898,11
P02019,A04154,12
P02020,A03466,1
P02021,A02779,1
P02021,A04296,2
P02021,A01943,3
P02021,A02354,4
P02022,A04977,1
P02022,A00408,2
P02022,A04978,3
P02022,A04979,4
P02022,A04980,5
P02022,A03625,6
P02023,A04981,1
P02024,A02870,1
P02024,A01534,2
P02024,A00930,3
P02024,A00655,4
P02024,A00597,5
P02024,A04982,6
P02024,A04983,7
P02024,A01095,8
P02024,A00916,9
P02025,A04984,1
P02025,A04985,2
P02025,A00233,3
P02026,A04104,1
P02026,A04986,2
P02026,A03794,3
P02026,A00088,4
P02026,A04240,5
P02027,A03383,1
P02027,A04892,2
P02027,A03301,3
P02027,A01607,4
P02027,A00715,5
P02028,A04987,1
P02028,A01039,2
P02028,A04988,3
P02028,A04989,4
P02028,A03048,5
P02029,A04990,1
P02029,A04991,2
P02029,A04992,3
P02029,A04993,4
P02030,A04994,1
P02030,A01180,2
P02031,A04995,1
P02031,A04996,2
P02031,A00998,3
P02031,A04997,4
P02031,A00584,5
P02031,A04998,6
P02031,A04999,7
P02032,A05000,1
P02032,A05001,2
P02032,A03980,3
P02032,A05002,4
P02032,A00554,5
P02033,A04071,1
P02033,A04073,2
P02033,A04072,3
P02034,A01009,1
P02034,A03003,2
P02034,A03822,3
P02034,A02742,4
P02034,A05003,5
P02034,A03263,6
P02034,A01084,7
P02034,A00180,8
P02034,A01039,9
P02034,A00762,10
P02034,A00597,11
P02035,A03358,1
P02035,A05004,2
P02035,A05005,3
P02035,A03159,4
P02035,A02421,5
P02035,A05006,6
P02035,A01913,7
P02035,A00406,8
P02036,A05007,1
P02036,A05008,2
P02036,A03644,3
P02036,A05009,4
P02036,A03580,5
P02036,A05010,6
P02036,A05011,7
P02036,A05012,8
P02036,A00584,9
P02036,A00970,10
P02036,A04467,11
P02036,A03576,12
P02036,A01277,13
P02037,A04812,1
P02037,A04814,2
P02037,A05013,3
P02037,A04815,4
P02038,A04104,1
P02038,A00088,2
P02038,A04240,3
P02039,A05014,1
P02039,A05015,2
P02040,A03013,1
P02040,A04958,2
P02040,A01877,3
P02040,A01690,4
P02040,A00815,5
P02040,A00818,6
P02041,A03156,1
P02041,A02215,2
P02041,A02571,3
P02041,A02111,4
P02041,A02572,5
P02041,A00597,6
P02041,A02284,7
P02041,A01020,8
P02041,A02233,9
P02042,A00088,1
P02042,A00757,2
P02042,A02591,3
P02042,A03404,4
P02043,A05016,1
P02043,A05017,2
P02044,A05018,1
P02044,A00757,2
P02044,A04186,3
P02044,A01536,4
P02045,A04125,1
P02045,A04126,2
P02046,A05019,1
P02046,A05020,2
P02046,A05021,3
P02046,A05022,4
P02046,A05023,5
P02046,A05024,6
P02046,A05025,7
P02046,A05026,8
P02046,A05027,9
P02047,A05028,1
P02047,A05029,2
P02047,A05030,3
P02047,A05031,4
P02047,A05032,5
P02048,A02663,1
P02048,A03175,2
P02048,A00869,3
P02048,A03023,4
P02048,A02522,5
P02048,A01200,6
P02048,A04235,7
P02048,A00550,8
P02048,A04571,9
P02049,A05033,1
P02050,A04686,1
P02050,A01280,2
P02050,A00596,3
P02050,A05034,4
P02050,A05035,5
P02050,A05036,6
P02050,A05037,7
P02050,A01194,8
P02050,A00455,9
P02050,A00846,10
P02050,A00086,11
P02050,A00988,12
P02050,A00171,13
P02050,A05038,14
P02050,A04360,15
P02050,A00983,16
P02051,A05039,1
P02051,A05040,2
P02051,A05041,3
P02051,A05042,4
P02051,A05043,5
P02052,A05044,1
P02052,A05045,2
P02052,A04634,3
P02052,A05046,4
P02053,A04582,1
P02053,A04583,2
P02054,A05047,1
P02054,A02772,2
P02054,A05048,3
P02054,A03883,4
P02054,A04607,5
P02054,A05049,6
P02054,A01066,7
P02055,A03619,1
P02055,A00292,2
P02055,A03621,3
P02056,A00033,1
P02057,A01642,1
P02057,A05050,2
P02057,A01643,3
P02057,A01644,4
P02057,A05051,5
P02057,A03772,6
P02058,A02437,1
P02058,A00167,2
P02058,A01315,3
P02058,A05052,4
P02058,A03317,5
P02058,A00848,6
P02058,A01522,7
P02058,A00554,8
P02058,A00180,9
P02059,A05053,1
P02059,A05054,2
P02059,A05055,3
P02060,A05056,1
P02060,A05057,2
P02060,A05058,3
P02060,A01407,4
P02060,A05059,5
P02061,A05060,1
P02061,A01167,2
P02061,A05061,3
P02061,A05062,4
P02061,A05063,5
P02062,A05064,1
P02062,A01039,2
P02062,A02668,3
P02063,A03622,1
P02063,A02806,2
P02063,A00417,3
P02063,A03623,4
P02063,A05065,5
P02064,A05066,1
P02064,A01877,2
P02065,A04582,1
P02065,A04583,2
P02065,A05067,3
P02066,A03436,1
P02066,A03003,2
P02066,A05068,3
P02066,A03672,4
P02066,A00762,5
P02066,A01941,6
P02066,A05069,7
P02066,A05070,8
P02066,A01016,9
P02066,A05071,10
P02066,A02742,11
P02067,A04583,1
P02067,A05072,2
P02067,A04582,3
P02068,A02417,1
P02068,A01801,2
P02068,A01800,3
P02069,A01782,1
P02069,A02562,2
P02069,A00292,3
P02069,A01865,4
P02069,A03162,5
P02069,A05073,6
P02069,A05074,7
P02069,A03475,8
P02069,A04040,9
P02069,A05075,10
P02069,A05076,11
P02069,A01783,12
P02070,A05077,1
P02070,A05078,2
P02070,A05079,3
P02070,A05080,4
P02070,A05081,5
P02070,A02782,6
P02070,A00655,7
P02070,A05082,8
P02071,A05083,1
P02071,A02798,2
P02071,A02981,3
P02072,A01877,1
P02072,A05066,2
P02072,A03013,3
P02073,A02016,1
P02073,A04972,2
P02073,A04971,3
P02073,A05084,4
P02073,A02017,5
P02073,A02023,6
P02073,A03985,7
P02073,A03449,8
P02073,A03794,9
P02073,A01067,10
P02074,A05085,1
P02075,A04433,1
P02075,A03881,2
P02075,A04945,3
P02075,A00987,4
P02075,A01402,5
P02076,A03830,1
P02076,A04363,2
P02076,A01277,3
P02076,A01274,4
P02076,A00455,5
P02076,A05086,6
P02076,A03576,7
P02076,A00596,8
P02076,A00171,9
P02076,A05087,10
P02076,A03813,11
P02076,A00983,12
P02076,A02571,13
P02076,A02365,14
P02076,A00597,15
P02077,A01324,1
P02077,A02561,2
P02077,A02065,3
P02077,A04035,4
P02077,A01400,5
P02077,A05088,6
P02077,A02323,7
P02077,A05089,8
P02077,A00818,9
P02077,A04406,10
P02077,A05090,11
P02077,A03974,12
P02077,A02051,13
P02077,A02004,14
P02078,A05091,1
P02078,A05092,2
P02078,A05093,3
P02079,A05094,1
P02079,A00075,2
P02079,A04235,3
P02079,A05095,4
P02079,A01708,5
P02079,A00880,6
P02079,A05096,7
P02080,A05097,1
P02080,A00709,2
P02081,A05098,1
P02081,A03874,2
P02081,A04915,3
P02081,A05099,4
P02082,A05100,1
P02082,A05101,2
P02082,A05102,3
P02082,A05103,4
P02082,A05104,5
P02082,A05105,6
P02082,A02598,7
P02082,A04614,8
P02082,A05106,9
P02082,A05107,10
P02083,A05108,1
P02083,A05109,2
P02083,A05110,3
P02083,A05111,4
P02084,A05112,1
P02084,A05113,2
P02084,A05114,3
P02084,A05115,4
P02084,A05116,5
P02084,A05117,6
P02084,A05118,7
P02085,A01202,1
P02085,A05119,2
P02085,A01692,3
P02085,A05120,4
P02085,A05121,5
P02085,A01691,6
P02085,A04835,7
P02085,A05122,8
P02085,A05123,9
P02085,A05124,10
P02085,A05125,11
P02085,A02664,12
P02085,A05126,13
P02086,A02571,1
P02086,A03470,2
P02086,A02215,3
P02086,A02572,4
P02086,A00597,5
P02086,A00988,6
P02086,A00970,7
P02086,A04467,8
P02087,A05127,1
P02087,A05128,2
P02087,A04570,3
P02087,A05129,4
P02087,A01138,5
P02087,A03995,6
P02087,A01500,7
P02088,A05130,1
P02088,A05131,2
P02088,A05132,3
P02088,A05133,4
P02088,A05134,5
P02089,A05135,1
P02089,A05136,2
P02089,A05137,3
P02090,A05138,1
P02090,A02323,2
P02090,A05139,3
P02091,A05140,1
P02091,A05141,2
P02091,A01773,3
P02091,A02807,4
P02091,A04559,5
P02091,A05142,6
P02091,A00555,7
P02091,A04192,8
P02092,A02894,1
P02092,A02896,2
P02092,A05143,3
P02092,A05144,4
P02092,A01214,5
P02092,A05145,6
P02093,A05146,1
P02093,A05147,2
P02093,A05148,3
P02093,A05149,4
P02093,A05150,5
P02093,A05151,6
P02093,A05152,7
P02093,A05153,8
P02093,A05154,9
P02093,A05155,10
P02093,A05156,11
P02093,A05157,12
P02093,A05158,13
P02093,A05159,14
P02093,A05160,15
P02093,A05161,16
P02093,A05162,17
P02093,A05163,18
P02094,A01270,1
P02094,A02779,2
P02094,A00655,3
P02094,A01713,4
P02095,A05164,1
P02095,A05165,2
P02095,A05166,3
P02095,A05167,4
P02095,A01472,5
P02095,A05168,6
P02096,A00088,1
P02096,A04104,2
P02096,A04192,3
P02096,A00180,4
P02096,A00585,5
P02096,A00757,6
P02096,A01536,7
P02096,A01690,8
P02096,A02107,9
P02096,A05169,10
P02096,A05170,11
P02097,A00088,1
P02097,A04104,2
P02097,A03296,3
P02097,A01470,4
P02097,A02897,5
P02097,A02598,6
P02097,A03421,7
P02097,A04328,8
P02097,A03297,9
P02097,A03422,10
P02097,A00757,11
P02097,A05169,12
P02097,A05170,13
P02097,A00180,14
P02097,A04192,15
P02097,A02107,16
P02097,A00934,17
P02097,A02681,18
P02097,A02683,19
P02097,A02684,20
P02098,A00088,1
P02098,A04104,2
P02098,A05070,3
P02098,A04192,4
P02099,A04601,1
P02099,A02590,2
P02099,A00757,3
P02100,A04104,1
P02100,A05171,2
P02101,A05172,1
P02101,A04306,2
P02101,A05173,3
P02101,A05174,4
P02101,A05175,5
P02101,A03263,6
P02101,A00895,7
P02101,A01697,8
P02102,A03839,1
P02102,A04126,2
P02103,A04239,1
P02103,A05176,2
P02103,A00585,3
P02103,A00591,4
P02103,A03060,5
P02103,A05177,6
P02104,A04407,1
P02104,A02418,2
P02104,A04405,3
P02104,A01181,4
P02104,A04406,5
P02104,A00988,6
P02104,A00818,7
P02105,A02668,1
P02105,A05178,2
P02105,A05179,3
P02105,A01039,4
P02106,A05180,1
P02106,A05181,2
P02106,A05182,3
P02106,A04195,4
P02106,A00408,5
P02106,A01534,6
P02106,A01943,7
P02106,A05183,8
P02106,A05184,9
P02106,A05185,10
P02107,A05186,1
P02107,A05187,2
P02107,A01917,3
P02107,A05188,4
P02107,A03830,5
P02107,A04996,6
P02107,A05189,7
P02108,A03817,1
P02108,A03300,2
P02108,A00597,3
P02108,A02369,4
P02109,A05190,1
P02109,A05191,2
P02109,A05192,3
P02109,A05193,4
P02110,A05194,1
P02110,A05195,2
P02110,A05196,3
P02110,A05197,4
P02110,A05198,5
P02110,A05199,6
P02111,A03468,1
P02111,A01953,2
P02111,A05200,3
P02111,A05201,4
P02111,A05202,5
P02111,A01954,6
P02112,A05203,1
P02112,A05204,2
P02112,A04734,3
P02112,A05097,4
P02112,A05205,5
P02112,A05206,6
P02112,A05207,7
P02112,A03059,8
P02112,A05208,9
P02112,A01016,10
P02113,A00151,1
P02113,A00114,2
P02114,A05209,1
P02114,A05210,2
P02115,A05180,1
P02115,A05211,2
P02115,A01943,3
P02115,A03214,4
P02115,A02457,5
P02115,A05212,6
P02115,A05213,7
P02115,A05182,8
P02115,A05214,9
P02116,A02521,1
P02116,A02740,2
P02116,A05215,3
P02116,A02739,4
P02116,A05216,5
P02116,A05217,6
P02117,A05218,1
P02117,A05219,2
P02117,A01878,3
P02117,A02003,4
P02118,A02599,1
P02118,A03693,2
P02119,A00963,1
P02119,A01316,2
P02119,A04265,3
P02119,A03595,4
P02119,A03648,5
P02119,A03264,6
P02119,A04116,7
P02119,A03883,8
P02119,A01469,9
P02120,A05220,1
P02120,A05221,2
P02120,A05222,3
P02120,A05223,4
P02120,A05224,5
P02121,A02435,1
P02121,A02436,2
P02121,A02204,3
P02121,A00151,4
P02122,A03309,1
P02122,A00757,2
P02122,A00974,3
P02122,A05067,4
P02122,A03794,5
P02123,A05225,1
P02123,A05226,2
P02123,A05227,3
P02123,A05228,4
P02124,A01270,1
P02124,A02779,2
P02124,A05229,3
P02124,A03576,4
P02124,A05230,5
P02124,A00928,6
P02124,A02876,7
P02124,A00762,8
P02124,A00994,9
P02124,A00988,10
P02124,A00970,11
P02124,A02670,12
P02125,A03672,1
P02125,A03003,2
P02125,A03436,3
P02125,A02436,4
P02125,A00762,5
P02125,A00591,6
P02125,A01016,7
P02125,A01039,8
P02126,A05038,1
P02126,A05036,2
P02126,A05231,3
P02127,A01430,1
P02127,A00865,2
P02127,A03156,3
P02127,A03361,4
P02127,A01805,5
P02127,A02432,6
P02127,A02006,7
P02127,A02397,8
P02127,A04982,9
P02128,A05232,1
P02128,A04355,2
P02128,A05233,3
P02128,A04562,4
P02128,A04359,5
P02128,A03987,6
P02128,A05234,7
P02129,A05235,1
P02129,A03148,2
P02129,A03945,3
P02129,A01743,4
P02129,A01888,5
P02129,A02264,6
P02130,A03209,1
P02130,A01358,2
P02130,A05236,3
P02130,A01943,4
P02130,A03210,5
P02130,A04164,6
P02130,A04648,7
P02130,A00151,8
P02131,A02292,1
P02132,A05237,1
P02132,A05238,2
P02132,A05239,3
P02132,A05240,4
P02132,A05241,5
P02132,A05242,6
P02132,A05243,7
P02132,A05244,8
P02132,A05245,9
P02132,A05246,10
P02132,A05247,11
P02132,A05248,12
P02132,A05249,13
P02132,A05250,14
P02132,A05251,15
P02132,A05252,16
P02133,A01228,1
P02133,A03795,2
P02133,A00597,3
P02133,A05253,4
P02134,A05254,1
P02134,A02008,2
P02134,A02443,3
P02134,A03772,4
P02134,A05255,5
P02134,A04525,6
P02134,A05256,7
P02134,A02009,8
P02134,A04291,9
P02134,A00597,10
P02135,A02912,1
P02135,A04278,2
P02135,A03991,3
P02136,A04192,1
P02136,A01045,2
P02136,A05257,3
P02136,A01423,4
P02136,A00180,5
P02136,A01871,6
P02136,A02436,7
P02136,A02798,8
P02136,A03883,9
P02136,A00437,10
P02136,A01016,11
P02137,A04978,1
P02137,A03625,2
P02137,A00922,3
P02137,A04979,4
P02137,A00691,5
P02137,A05258,6
P02137,A05259,7
P02137,A04999,8
P02138,A05260,1
P02138,A04400,2
P02138,A03915,3
P02138,A04770,4
P02138,A00994,5
P02138,A04390,6
P02138,A05261,7
P02138,A04877,8
P02138,A04621,9
P02138,A00990,10
P02138,A03946,11
P02138,A05262,12
P02138,A02670,13
P02138,A05263,14
P02138,A05264,15
P02138,A03914,16
P02138,A02973,17
P02138,A04533,18
P02138,A01535,19
P02138,A01943,20
P02138,A05265,21
P02138,A02886,22
P02138,A04909,23
P02138,A05266,24
P02138,A05267,25
P02139,A05268,1
P02139,A05269,2
P02139,A05270,3
P02139,A05271,4
P02139,A05272,5
P02139,A05273,6
P02140,A05274,1
P02140,A05275,2
P02140,A05276,3
P02140,A05277,4
P02140,A05278,5
P02140,A05279,6
P02141,A05280,1
P02141,A01773,2
P02141,A02830,3
P02141,A05140,4
P02141,A05281,5
P02141,A04625,6
P02142,A05282,1
P02142,A05283,2
P02142,A01783,3
P02143,A05284,1
P02143,A04996,2
P02143,A03830,3
P02143,A05189,4
P02143,A05285,5
P02143,A04995,6
P02143,A04997,7
P02144,A05286,1
P02144,A04313,2
P02144,A05287,3
P02144,A04746,4
P02144,A05288,5
P02144,A03059,6
P02144,A04565,7
P02144,A01016,8
P02144,A04638,9
P02145,A05204,1
P02145,A03406,2
P02145,A05289,3
P02145,A03410,4
P02145,A03412,5
P02145,A01709,6
P02145,A05290,7
P02145,A05291,8
P02145,A05292,9
P02145,A05293,10
P02145,A05294,11
P02145,A05295,12
P02145,A05296,13
P02145,A05297,14
P02145,A05298,15
P02145,A05299,16
P02145,A05300,17
P02146,A05131,1
P02146,A05133,2
P02146,A04988,3
P02147,A04812,1
P02147,A05301,2
P02147,A04814,3
P02147,A05013,4
P02147,A04815,5
P02148,A05302,1
P02148,A01423,2
P02148,A00180,3
P02148,A05303,4
P02148,A05304,5
P02148,A05305,6
P02148,A03060,7
P02148,A04192,8
P02149,A00895,1
P02149,A01258,2
P02149,A03387,3
P02149,A00867,4
P02150,A03849,1
P02151,A00234,1
P02151,A00292,2
P02151,A01782,3
P02151,A05142,4
P02151,A02668,5
P02151,A01033,6
P02152,A01270,1
P02152,A00595,2
P02152,A00762,3
P02152,A00597,4
P02153,A04734,1
P02153,A04735,2
P02153,A04736,3
P02154,A02325,1
P02154,A00922,2
P02154,A01537,3
P02155,A01270,1
P02155,A00595,2
P02155,A03948,3
P02155,A03949,4
P02155,A05306,5
P02155,A00928,6
P02155,A02436,7
P02155,A00151,8
P02155,A00988,9
P02155,A00171,10
P02156,A05211,1
P02156,A05180,2
P02156,A05307,3
P02156,A03214,4
P02156,A01943,5
P02156,A02457,6
P02156,A05182,7
P02156,A05214,8
P02157,A05308,1
P02157,A03921,2
P02157,A01847,3
P02158,A03738,1
P02158,A02298,2
P02158,A02417,3
P02159,A01522,1
P02159,A01045,2
P02159,A05309,3
P02159,A03059,4
P02160,A05020,1
P02160,A05021,2
P02160,A05310,3
P02160,A05311,4
P02160,A05312,5
P02160,A05024,6
P02160,A05023,7
P02160,A05027,8
P02160,A05025,9
P02160,A05026,10
P02161,A05313,1
P02161,A05314,2
P02162,A03004,1
P02162,A04212,2
P02162,A01430,3
P02162,A03436,4
P02163,A05315,1
P02163,A00985,2
P02163,A02926,3
P02163,A05316,4
P02163,A05317,5
P02163,A03156,6
P02164,A03672,1
P02164,A03003,2
P02164,A03436,3
P02164,A00762,4
P02164,A02436,5
P02164,A00591,6
P02164,A01016,7
P02164,A01039,8
P02165,A05318,1
P02165,A02436,2
P02165,A02204,3
P02165,A04740,4
P02165,A03486,5
P02165,A00151,6
P02166,A05319,1
P02166,A01943,2
P02166,A03208,3
P02166,A02888,4
P02167,A05320,1
P02168,A02270,1
P02168,A05321,2
P02168,A02674,3
P02168,A05322,4
P02168,A02677,5
P02169,A05323,1
P02169,A05324,2
P02169,A01008,3
P02169,A00651,4
P02170,A05325,1
P02170,A00550,2
P02170,A05326,3
P02171,A05327,1
P02171,A05328,2
P02171,A05329,3
P02172,A05330,1
P02172,A05331,2
P02172,A00417,3
P02172,A05332,4
P02173,A05333,1
P02173,A05334,2
P02173,A05335,3
P02173,A05336,4
P02173,A05337,5
P02173,A05338,6
P02173,A02822,7
P02173,A03029,8
P02173,A05339,9
P02173,A05340,10
P02174,A05341,1
P02174,A03686,2
P02175,A04368,1
P02175,A01194,2
P02175,A02093,3
P02175,A02571,4
P02175,A01277,5
P02175,A01433,6
P02175,A05342,7
P02175,A00500,8
P02175,A05034,9
P02175,A02594,10
P02175,A04949,11
P02175,A00992,12
P02175,A00455,13
P02175,A00171,14
P02175,A04360,15
P02175,A00988,16
P02176,A01786,1
P02176,A01263,2
P02176,A02401,3
P02176,A01264,4
P02176,A05343,5
P02176,A02436,6
P02176,A05344,7
P02176,A05345,8
P02177,A05346,1
P02177,A05347,2
P02177,A05348,3
P02178,A05349,1
P02179,A01407,1
P02179,A05350,2
P02179,A01458,3
P02179,A01656,4
P02179,A00842,5
P02180,A05351,1
P02181,A04732,1
P02181,A02094,2
P02181,A04606,3
P02181,A05352,4
P02181,A05353,5
P02182,A04775,1
P02182,A00285,2
P02182,A02030,3
P02182,A00282,4
P02183,A05354,1
P02184,A05355,1
P02184,A05356,2
P02184,A05357,3
P02185,A05358,1
P02185,A01824,2
P02185,A04253,3
P02185,A02923,4
P02185,A00554,5
P02186,A05359,1
P02186,A01877,2
P02187,A03209,1
P02187,A01358,2
P02187,A04644,3
P02187,A01943,4
P02188,A05360,1
P02188,A05361,2
P02188,A05362,3
P02188,A04063,4
P02189,A04622,1
P02189,A04623,2
P02189,A05363,3
P02189,A02872,4
P02189,A02548,5
P02189,A04624,6
P02189,A04627,7
P02189,A04758,8
P02189,A04757,9
P02189,A00988,10
P02189,A00983,11
P02190,A03745,1
P02190,A03746,2
P02190,A05364,3
P02190,A03747,4
P02190,A03744,5
P02190,A05365,6
P02191,A05366,1
P02191,A02597,2
P02191,A02598,3
P02191,A04614,4
P02191,A05367,5
P02192,A05368,1
P02192,A01521,2
P02192,A01637,3
P02192,A02325,4
P02192,A02947,5
P02192,A00973,6
P02193,A05369,1
P02193,A05370,2
P02193,A02358,3
P02193,A05371,4
P02193,A05372,5
P02193,A05373,6
P02193,A05374,7
P02194,A04588,1
P02194,A02436,2
P02194,A02798,3
P02194,A05375,4
P02194,A02560,5
P02194,A02668,6
P02194,A00554,7
P02194,A05376,8
P02195,A05377,1
P02195,A02436,2
P02195,A02204,3
P02195,A04740,4
P02195,A03486,5
P02195,A00151,6
P02196,A05378,1
P02196,A02933,2
P02196,A05379,3
P02196,A05380,4
P02196,A05381,5
P02196,A05382,6
P02196,A04757,7
P02197,A05383,1
P02197,A05384,2
P02197,A01039,3
P02198,A04746,1
P02198,A00732,2
P02198,A01039,3
P02199,A05385,1
P02199,A05386,2
P02199,A05387,3
P02199,A05388,4
P02199,A00835,5
P02199,A05389,6
P02199,A05088,7
P02199,A05390,8
P02199,A05391,9
P02200,A05392,1
P02200,A05393,2
P02200,A05394,3
P02200,A05395,4
P02200,A05396,5
P02201,A05397,1
P02201,A05398,2
P02201,A05399,3
P02201,A05400,4
P02201,A05401,5
P02202,A03214,1
P02202,A00597,2
P02202,A03209,3
P02202,A05180,4
P02202,A04162,5
P02203,A01533,1
P02203,A02405,2
P02203,A00608,3
P02203,A03954,4
P02203,A01019,5
P02203,A03304,6
P02203,A00067,7
P02203,A01519,8
P02203,A00323,9
P02203,A02895,10
P02204,A01214,1
P02204,A03356,2
P02204,A05402,3
P02204,A00322,4
P02205,A05403,1
P02205,A00805,2
P02205,A03974,3
P02205,A00649,4
P02206,A05404,1
P02206,A05405,2
P02206,A05406,3
P02206,A04708,4
P02206,A04709,5
P02206,A05407,6
P02206,A05408,7
P02207,A05409,1
P02208,A05138,1
P02208,A02323,2
P02208,A05139,3
P02209,A00406,1
P02210,A05410,1
P02210,A00651,2
P02210,A00610,3
P02211,A05411,1
P02211,A05412,2
P02211,A04134,3
P02211,A05413,4
P02211,A04732,5
P02211,A05288,6
P02211,A05207,7
P02211,A03059,8
P02211,A04565,9
P02211,A01016,10
P02211,A01522,11
P02212,A03401,1
P02212,A01684,2
P02212,A01690,3
P02212,A00815,4
P02212,A01681,5
P02212,A05414,6
P02213,A05415,1
P02213,A05416,2
P02213,A05417,3
P02213,A05418,4
P02213,A05419,5
P02213,A05420,6
P02213,A05421,7
P02213,A05422,8
P02214,A05423,1
P02215,A05424,1
P02215,A00248,2
P02215,A02370,3
P02215,A05425,4
P02215,A05426,5
P02215,A05427,6
P02215,A02114,7
P02216,A05428,1
P02216,A05429,2
P02216,A02904,3
P02216,A02905,4
P02216,A05430,5
P02216,A05431,6
P02216,A05432,7
P02217,A04555,1
P02217,A02017,2
P02217,A02016,3
P02217,A01067,4
P02218,A04908,1
P02218,A01084,2
P02218,A05433,3
P02219,A05434,1
P02219,A05435,2
P02219,A05436,3
P02219,A05437,4
P02219,A05438,5
P02219,A05439,6
P02220,A03191,1
P02220,A01992,2
P02220,A03192,3
P02220,A05440,4
P02220,A04194,5
P02220,A05441,6
P02220,A05442,7
P02220,A05443,8
P02220,A00930,9
P02220,A00931,10
P02220,A00419,11
P02220,A05444,12
P02220,A02096,13
P02221,A00090,1
P02221,A04134,2
P02221,A05445,3
P02221,A05446,4
P02221,A02325,5
P02221,A00922,6
P02221,A01560,7
P02222,A00764,1
P02222,A02436,2
P02222,A04558,3
P02222,A04610,4
P02222,A05447,5
P02222,A05448,6
P02222,A05449,7
P02222,A05450,8
P02223,A05451,1
P02223,A01537,2
P02223,A05452,3
P02223,A01433,4
P02223,A03003,5
P02223,A03740,6
P02223,A05453,7
P02223,A01865,8
P02223,A00974,9
P02223,A00171,10
P02223,A05230,11
P02223,A00988,12
P02223,A05454,13
P02224,A05455,1
P02224,A00909,2
P02224,A03644,3
P02224,A00584,4
P02225,A04186,1
P02225,A00757,2
P02225,A02587,3
P02226,A05456,1
P02226,A00284,2
P02226,A02587,3
P02226,A02742,4
P02227,A05457,1
P02228,A05458,1
P02228,A02376,2
P02228,A00406,3
P02228,A05459,4
P02228,A03159,5
P02229,A05456,1
P02229,A00284,2
P02229,A02587,3
P02230,A05460,1
P02231,A05461,1
P02231,A05462,2
P02231,A05463,3
P02232,A05464,1
P02232,A02791,2
P02232,A00841,3
P02232,A00260,4
P02232,A02895,5
P02232,A05465,6
P02232,A01519,7
P02232,A00171,8
P02232,A01200,9
P02232,A00597,10
P02232,A05466,11
P02233,A04583,1
P02233,A05072,2
P02234,A05467,1
P02234,A01636,2
P02234,A04708,3
P02235,A03804,1
P02235,A01207,2
P02235,A00971,3
P02235,A03806,4
P02235,A04044,5
P02235,A05468,6
P02235,A01200,7
P02236,A03881,1
P02236,A03130,2
P02236,A01519,3
P02236,A04329,4
P02237,A05469,1
P02237,A02281,2
P02238,A04877,1
P02238,A04878,2
P02238,A04879,3
P02238,A01643,4
P02238,A03324,5
P02238,A04880,6
P02238,A04881,7
P02238,A04884,8
P02238,A05470,9
P02238,A05471,10
P02238,A04882,11
P02238,A01194,12
P02238,A04360,13
P02238,A00171,14
P02238,A00455,15
P02238,A00983,16
P02239,A05472,1
P02239,A00914,2
P02239,A05473,3
P02239,A05474,4
P02239,A05475,5
P02239,A05476,6
P02239,A01814,7
P02239,A01815,8
P02239,A05477,9
P02239,A05478,10
P02239,A02822,11
P02239,A05479,12
P02239,A05480,13
P02239,A05481,14
P02239,A01338,15
P02239,A05482,16
P02239,A00408,17
P02239,A03828,18
P02239,A05483,19
P02239,A03877,20
P02239,A05484,21
P02239,A05485,22
P02239,A00967,23
P02239,A05486,24
P02239,A00653,25
P02239,A05487,26
P02240,A05488,1
P02240,A05489,2
P02240,A05490,3
P02240,A05491,4
P02240,A05492,5
P02240,A05493,6
P02240,A05494,7
P02241,A03775,1
P02241,A00815,2
P02241,A01430,3
P02241,A00180,4
P02241,A01690,5
P02242,A05495,1
P02242,A05361,2
P02242,A03421,3
P02243,A00692,1
P02243,A01232,2
P02243,A00994,3
P02243,A00988,4
P02243,A03449,5
P02243,A04618,6
P02243,A01535,7
P02243,A00975,8
P02243,A00974,9
P02243,A04676,10
P02243,A02889,11
P02243,A00171,12
P02243,A00990,13
P02243,A03576,14
P02243,A02094,15
P02243,A00922,16
P02243,A02023,17
P02243,A02436,18
P02244,A01904,1
P02244,A05012,2
P02244,A04667,3
P02244,A00983,4
P02244,A00988,5
P02245,A04251,1
P02245,A03042,2
P02245,A05496,3
P02245,A05497,4
P02245,A04290,5
P02246,A05498,1
P02246,A05499,2
P02246,A05500,3
P02246,A05501,4
P02246,A05502,5
P02246,A05503,6
P02247,A05504,1
P02247,A05505,2
P02247,A05506,3
P02248,A03839,1
P02248,A05507,2
P02248,A04908,3
P02248,A00237,4
P02249,A05508,1
P02249,A02437,2
P02249,A00757,3
P02249,A00167,4
P02249,A05052,5
P02249,A01522,6
P02249,A05509,7
P02249,A05510,8
P02249,A00554,9
P02250,A05511,1
P02250,A05512,2
P02250,A05513,3
P02250,A05514,4
P02250,A05515,5
P02250,A01773,6
P02250,A05516,7
P02251,A05517,1
P02251,A05518,2
P02251,A05519,3
P02251,A05520,4
P02251,A05521,5
P02252,A04080,1
P02252,A00584,2
P02252,A05522,3
P02252,A04937,4
P02252,A05523,5
P02252,A04081,6
P02252,A05524,7
P02252,A01924,8
P02252,A05525,9
P02252,A05526,10
P02252,A05527,11
P02252,A05528,12
P02252,A05529,13
P02252,A00170,14
P02253,A05359,1
P02253,A01877,2
P02254,A05530,1
P02254,A05531,2
P02255,A05332,1
P02255,A05330,2
P02255,A05331,3
P02255,A00417,4
P02256,A04675,1
P02256,A04676,2
P02256,A01943,3
P02257,A05532,1
P02257,A04973,2
P02257,A03709,3
P02257,A05533,4
P02257,A00994,5
P02257,A05534,6
P02257,A05535,7
P02257,A02043,8
P02258,A05536,1
P02258,A04929,2
P02258,A05002,3
P02258,A05537,4
P02258,A03949,5
P02259,A04623,1
P02259,A04756,2
P02259,A04757,3
P02259,A04627,4
P02259,A04624,5
P02259,A04622,6
P02259,A02872,7
P02259,A02023,8
P02259,A04759,9
P02260,A02593,1
P02260,A05538,2
P02260,A05539,3
P02260,A05540,4
P02261,A05541,1
P02261,A05542,2
P02261,A05543,3
P02261,A05544,4
P02261,A05545,5
P02261,A05546,6
P02261,A05547,7
P02262,A02325,1
P02262,A00922,2
P02262,A01521,3
P02262,A01537,4
P02262,A01637,5
P02263,A04598,1
P02263,A04599,2
P02263,A04597,3
P02263,A05548,4
P02264,A05549,1
P02264,A05550,2
P02264,A01810,3
P02264,A05551,4
P02264,A05552,5
P02264,A05553,6
P02264,A01811,7
P02264,A05554,8
P02265,A05555,1
P02265,A05556,2
P02266,A03932,1
P02266,A05557,2
P02266,A05558,3
P02267,A05559,1
P02268,A00723,1
P02268,A04589,2
P02268,A00118,3
P02268,A01718,4
P02268,A05560,5
P02268,A00762,6
P02268,A00151,7
P02268,A05561,8
P02268,A05562,9
P02268,A02433,10
P02268,A05563,11
P02269,A05564,1
P02269,A02802,2
P02269,A05565,3
P02269,A05566,4
P02270,A05567,1
P02270,A03946,2
P02271,A03309,1
P02271,A00757,2
P02271,A00436,3
P02272,A04355,1
P02272,A05568,2
P02272,A04562,3
P02272,A05233,4
P02272,A04359,5
P02272,A05569,6
P02273,A05073,1
P02273,A05075,2
P02273,A05570,3
P02273,A02022,4
P02273,A05571,5
P02273,A03679,6
P02273,A05572,7
P02274,A03356,1
P02274,A00322,2
P02274,A05573,3
P02274,A05574,4
P02274,A05575,5
P02275,A02870,1
P02275,A03799,2
P02276,A05084,1
P02276,A02017,2
P02276,A02016,3
P02276,A00692,4
P02276,A00922,5
P02276,A03449,6
P02276,A02023,7
P02276,A01067,8
P02277,A05576,1
P02277,A05577,2
P02277,A05578,3
P02277,A03940,4
P02277,A00970,5
P02277,A04621,6
P02278,A05579,1
P02278,A05516,2
P02279,A05404,1
P02279,A05580,2
P02279,A04708,3
P02279,A05581,4
P02279,A04707,5
P02279,A04709,6
P02280,A03772,1
P02280,A05254,2
P02280,A02443,3
P02280,A05582,4
P02280,A04002,5
P02280,A03773,6
P02280,A02009,7
P02281,A05583,1
P02281,A05190,2
P02281,A05584,3
P02282,A03323,1
P02282,A02571,2
P02282,A04617,3
P02282,A02572,4
P02282,A00597,5
P02282,A02887,6
P02282,A03470,7
P02282,A00988,8
P02282,A00970,9
P02282,A04467,10
P02282,A00990,11
P02282,A00171,12
P02282,A01535,13
P02282,A02670,14
P02282,A01277,15
P02283,A05585,1
P02283,A05586,2
P02283,A05587,3
P02283,A05588,4
P02283,A05589,5
P02283,A05590,6
P02283,A05591,7
P02283,A05592,8
P02283,A05593,9
P02283,A05594,10
P02283,A05595,11
P02283,A05596,12
P02283,A05597,13
P02283,A05598,14
P02284,A05599,1
P02284,A05600,2
P02284,A04531,3
P02284,A05601,4
P02284,A05602,5
P02284,A05603,6
P02285,A04988,1
P02285,A01039,2
P02285,A04987,3
P02285,A05604,4
P02286,A00408,1
P02286,A01743,2
P02287,A05056,1
P02287,A05057,2
P02287,A05058,3
P02287,A01407,4
P02287,A05059,5
P02287,A00067,6
P02288,A03325,1
P02288,A05605,2
P02288,A02584,3
P02288,A05606,4
P02289,A05607,1
P02289,A03161,2
P02289,A05608,3
P02289,A05609,4
P02289,A05610,5
P02289,A05611,6
P02289,A00406,7
P02289,A02094,8
P02289,A00930,9
P02289,A01095,10
P02290,A05612,1
P02290,A05190,2
P02290,A05613,3
P02291,A03881,1
P02291,A05614,2
P02291,A00597,3
P02291,A02365,4
P02292,A03232,1
P02292,A05615,2
P02292,A02995,3
P02292,A05192,4
P02292,A05616,5
P02292,A05617,6
P02292,A05618,7
P02292,A05619,8
P02292,A05620,9
P02293,A03264,1
P02293,A02112,2
P02293,A05621,3
P02293,A05622,4
P02293,A00246,5
P02293,A00244,6
P02293,A02116,7
P02293,A03595,8
P02293,A04116,9
P02293,A02119,10
P02293,A05623,11
P02294,A05455,1
P02294,A00909,2
P02294,A03644,3
P02294,A00584,4
P02294,A05624,5
P02295,A05625,1
P02295,A02417,2
P02295,A01801,3
P02295,A01800,4
P02295,A05626,5
P02296,A05627,1
P02297,A05628,1
P02297,A03789,2
P02297,A03894,3
P02297,A05629,4
P02298,A05630,1
P02298,A05631,2
P02298,A05632,3
P02298,A05633,4
P02298,A05634,5
P02298,A05635,6
P02298,A05636,7
P02299,A05377,1
P02299,A02436,2
P02299,A02204,3
P02299,A03835,4
P02299,A04740,5
P02299,A03486,6
P02299,A00151,7
P02299,A04621,8
P02299,A05637,9
P02299,A05638,10
P02299,A05639,11
P02300,A02368,1
P02300,A00922,2
P02300,A04435,3
P02301,A02363,1
P02301,A01344,2
P02301,A00584,3
P02302,A04947,1
P02302,A00573,2
P02303,A04686,1
P02303,A03830,2
P02303,A02407,3
P02303,A05640,4
P02303,A01194,5
P02303,A00455,6
P02303,A01277,7
P02303,A05641,8
P02303,A04783,9
P02303,A00171,10
P02303,A01711,11
P02303,A05642,12
P02303,A05643,13
P02303,A02054,14
P02303,A00901,15
P02304,A00264,1
P02304,A05644,2
P02304,A03040,3
P02304,A03041,4
P02305,A05645,1
P02305,A00651,2
P02305,A01008,3
P02305,A00610,4
P02306,A00914,1
P02306,A00176,2
P02306,A02295,3
P02306,A02296,4
P02306,A04277,5
P02306,A03796,6
P02306,A00920,7
P02307,A05646,1
P02307,A05647,2
P02307,A05648,3
P02307,A05649,4
P02307,A05650,5
P02307,A05651,6
P02307,A05652,7
P02307,A05653,8
P02307,A02981,9
P02307,A05654,10
P02308,A05655,1
P02308,A05656,2
P02308,A05657,3
P02308,A05658,4
P02308,A05659,5
P02308,A05660,6
P02308,A05661,7
P02308,A05662,8
P02308,A05663,9
P02309,A02678,1
P02309,A01536,2
P02310,A00922,1
P02310,A01743,2
P02310,A02325,3
P02310,A04195,4
P02310,A03914,5
P02310,A00990,6
P02310,A01521,7
P02310,A02024,8
P02310,A01067,9
P02310,A05664,10
P02310,A01535,11
P02310,A00171,12
P02310,A00974,13
P02310,A04977,14
P02310,A03625,15
P02310,A01180,16
P02311,A05665,1
P02311,A00360,2
P02311,A01324,3
P02311,A05088,4
P02311,A04511,5
P02311,A05666,6
P02311,A02323,7
P02311,A05667,8
P02311,A03201,9
P02311,A02126,10
P02311,A02114,11
P02311,A05668,12
P02311,A02302,13
P02311,A00260,14
P02311,A02142,15
P02312,A05669,1
P02312,A05670,2
P02312,A02614,3
P02313,A03392,1
P02313,A00784,2
P02313,A05671,3
P02313,A05672,4
P02314,A05673,1
P02314,A00153,2
P02314,A00350,3
P02315,A02689,1
P02315,A05674,2
P02315,A01690,3
P02315,A03154,4
P02315,A05675,5
P02315,A02433,6
P02315,A01684,7
P02315,A00151,8
P02315,A05676,9
P02315,A05677,10
P02315,A05678,11
P02315,A05679,12
P02315,A00437,13
P02315,A00815,14
P02316,A03296,1
P02316,A05680,2
P02316,A05681,3
P02316,A05572,4
P02316,A02681,5
P02316,A05682,6
P02316,A05683,7
P02316,A05684,8
P02316,A05685,9
P02316,A05686,10
P02316,A05687,11
P02316,A05083,12
P02316,A05688,13
P02316,A05689,14
P02316,A05690,15
P02316,A05691,16
P02316,A05692,17
P02316,A04071,18
P02316,A05693,19
P02317,A01872,1
P02317,A05694,2
P02317,A05695,3
P02317,A04532,4
P02317,A05696,5
P02317,A02276,6
P02317,A00815,7
P02317,A05697,8
P02317,A05698,9
P02317,A05699,10
P02317,A02025,11
P02317,A02459,12
P02317,A05700,13
P02317,A04565,14
P02317,A02664,15
P02317,A05701,16
P02317,A02742,17
P02317,A05702,18
P02317,A05703,19
P02317,A05704,20
P02317,A05705,21
P02317,A05706,22
P02317,A05177,23
P02317,A03859,24
P02317,A01012,25
P02318,A04622,1
P02318,A04623,2
P02318,A05363,3
P02318,A04624,4
P02318,A02872,5
P02318,A02548,6
P02318,A04627,7
P02319,A02673,1
P02319,A01168,2
P02319,A05707,3
P02319,A02870,4
P02319,A05708,5
P02319,A00839,6
P02319,A01715,7
P02319,A05709,8
P02319,A05710,9
P02320,A04211,1
P02321,A00088,1
P02321,A04104,2
P02321,A02870,3
P02321,A00917,4
P02321,A00151,5
P02321,A01536,6
P02321,A00757,7
P02321,A04919,8
P02321,A04823,9
P02321,A04192,10
P02321,A00180,11
P02321,A05711,12
P02321,A02094,13
P02321,A02107,14
P02321,A01690,15
P02321,A03297,16
P02321,A04328,17
P02322,A05712,1
P02322,A05713,2
P02322,A05714,3
P02322,A05715,4
P02323,A03059,1
P02323,A04638,2
P02323,A01045,3
P02323,A04602,4
P02324,A03309,1
P02324,A00757,2
P02324,A00974,3
P02324,A05067,4
P02324,A03794,5
P02325,A03309,1
P02325,A00757,2
P02325,A00436,3
P02326,A05716,1
P02326,A00180,2
P02326,A01423,3
P02326,A04815,4
P02326,A01016,5
P02327,A04582,1
P02327,A04583,2
P02328,A01270,1
P02328,A05717,2
P02329,A04643,1
P02329,A03699,2
P02330,A01084,1
P02330,A03263,2
P02330,A01262,3
P02331,A05718,1
P02331,A05719,2
P02331,A05720,3
P02331,A05721,4
P02331,A05722,5
P02331,A05723,6
P02331,A05724,7
P02331,A05725,8
P02331,A05726,9
P02331,A05727,10
P02331,A05728,11
P02331,A05729,12
P02331,A05730,13
P02331,A05731,14
P02332,A04328,1
P02333,A05732,1
P02333,A05733,2
P02333,A05734,3
P02333,A05735,4
P02333,A05736,5
P02333,A05737,6
P02334,A04994,1
P02334,A05738,2
P02334,A01180,3
P02334,A03711,4
P02334,A05739,5
P02334,A01536,6
P02335,A03451,1
P02335,A05740,2
P02335,A03454,3
P02335,A00597,4
P02336,A05707,1
P02336,A00653,2
P02336,A05741,3
P02336,A05540,4
P02337,A04760,1
P02337,A04766,2
P02337,A04194,3
P02337,A00180,4
P02337,A01423,5
P02338,A05742,1
P02338,A03003,2
P02338,A03672,3
P02338,A03436,4
P02338,A01943,5
P02338,A01570,6
P02338,A01941,7
P02339,A05743,1
P02339,A03010,2
P02339,A05744,3
P02339,A03827,4
P02339,A05745,5
P02339,A05746,6
P02340,A05747,1
P02340,A05748,2
P02341,A04984,1
P02341,A00233,2
P02341,A04985,3
P02341,A03010,4
P02342,A05749,1
P02342,A01039,2
P02342,A03003,3
P02342,A03828,4
P02343,A05750,1
P02343,A05751,2
P02343,A05752,3
P02344,A05753,1
P02344,A05754,2
P02344,A05755,3
P02345,A03672,1
P02345,A03003,2
P02345,A05207,3
P02345,A04565,4
P02345,A03436,5
P02345,A02436,6
P02345,A05756,7
P02345,A05003,8
P02345,A02742,9
P02345,A00591,10
P02345,A01016,11
P02345,A01039,12
P02346,A01903,1
P02346,A02436,2
P02346,A00922,3
P02346,A05757,4
P02346,A05758,5
P02346,A05759,6
P02346,A05317,7
P02346,A00151,8
P02347,A04267,1
P02348,A05760,1
P02348,A05761,2
P02348,A05762,3
P02348,A03231,4
P02348,A03230,5
P02349,A05763,1
P02350,A05764,1
P02350,A03019,2
P02350,A05765,3
P02350,A05766,4
P02350,A05767,5
P02350,A04009,6
P02350,A05768,7
P02350,A01890,8
P02350,A05769,9
P02350,A05770,10
P02350,A05771,11
P02350,A05772,12
P02351,A05773,1
P02351,A05254,2
P02351,A05582,3
P02351,A03772,4
P02351,A02443,5
P02351,A01219,6
P02351,A03894,7
P02351,A02008,8
P02351,A02009,9
P02351,A05774,10
P02351,A05775,11
P02351,A02525,12
P02352,A03383,1
P02352,A00715,2
P02352,A04892,3
P02352,A01607,4
P02352,A00597,5
P02352,A02870,6
P02352,A03301,7
P02353,A01163,1
P02353,A00026,2
P02354,A01163,1
P02355,A05776,1
P02355,A05777,2
P02355,A05778,3
P02355,A05779,4
P02355,A05780,5
P02355,A05781,6
P02355,A00030,7
P02356,A04187,1
P02356,A03466,2
P02356,A05782,3
P02356,A05783,4
P02356,A05784,5
P02356,A03134,6
P02356,A05785,7
P02356,A03467,8
P02356,A02841,9
P02356,A04681,10
P02356,A04628,11
P02357,A05786,1
P02357,A05787,2
P02357,A05788,3
P02357,A05789,4
P02358,A03021,1
P02358,A03019,2
P02358,A00705,3
P02358,A01496,4
P02358,A01124,5
P02359,A05790,1
P02359,A03019,2
P02359,A01496,3
P02359,A02628,4
P02359,A05791,5
P02360,A05792,1
P02360,A05412,2
P02360,A03048,3
P02361,A05793,1
P02361,A05794,2
P02362,A05018,1
P02362,A00757,2
P02363,A05795,1
P02363,A02271,2
P02363,A03985,3
P02363,A02869,4
P02363,A04909,5
P02363,A04619,6
P02363,A04621,7
P02363,A01943,8
P02363,A05796,9
P02364,A05536,1
P02364,A00264,2
P02364,A05130,3
P02364,A03040,4
P02365,A05797,1
P02365,A05798,2
P02365,A05799,3
P02365,A05800,4
P02366,A05739,1
P02366,A00829,2
P02366,A05801,3
P02366,A05802,4
P02366,A05803,5
P02366,A04409,6
P02366,A01180,7
P02366,A04994,8
P02366,A03170,9
P02366,A01536,10
P02367,A05804,1
P02367,A05805,2
P02367,A05806,3
P02367,A05807,4
P02367,A04279,5
P02368,A05808,1
P02368,A05809,2
P02368,A05810,3
P02369,A05811,1
P02369,A02201,2
P02369,A02196,3
P02370,A05812,1
P02370,A05813,2
P02370,A05814,3
P02370,A05508,4
P02370,A05815,5
P02371,A05816,1
P02371,A05817,2
P02371,A05818,3
P02371,A02462,4
P02372,A01105,1
P02372,A04764,2
P02372,A01194,3
P02372,A04686,4
P02372,A01108,5
P02372,A05819,6
P02372,A00992,7
P02372,A02093,8
P02372,A04368,9
P02373,A00931,1
P02374,A00931,1
P02375,A05820,1
P02375,A05821,2
P02375,A02781,3
P02375,A05822,4
P02375,A05823,5
P02376,A01430,1
P02376,A00815,2
P02376,A00115,3
P02376,A01690,4
P02376,A05824,5
P02377,A03133,1
P02377,A03945,2
P02377,A03946,3
P02377,A05825,4
P02377,A05826,5
P02377,A04169,6
P02377,A04648,7
P02377,A04163,8
P02378,A00732,1
P02378,A05827,2
P02378,A05828,3
P02379,A05829,1
P02379,A03881,2
P02379,A00597,3
P02379,A05830,4
P02379,A03214,5
P02380,A02779,1
P02380,A02781,2
P02380,A05831,3
P02380,A05832,4
P02380,A04296,5
P02381,A05097,1
P02381,A00709,2
P02381,A05833,3
P02382,A04434,1
P02382,A03040,2
P02382,A03041,3
P02383,A04267,1
P02383,A04355,2
P02384,A05834,1
P02384,A05835,2
P02384,A04278,3
P02384,A05836,4
P02385,A04919,1
P02385,A05837,2
P02386,A01801,1
P02386,A01800,2
P02386,A02417,3
P02387,A01045,1
P02387,A01871,2
P02387,A02562,3
P02388,A05838,1
P02388,A05002,2
P02388,A05001,3
P02388,A00554,4
P02389,A04189,1
P02389,A01522,2
P02389,A04191,3
P02389,A05839,4
P02389,A04190,5
P02389,A01016,6
P02389,A05840,7
P02389,A04193,8
P02389,A00591,9
P02389,A04192,10
P02389,A03848,11
P02389,A03674,12
P02389,A03329,13
P02389,A03169,14
P02389,A00554,15
P02390,A05841,1
P02390,A05842,2
P02390,A05706,3
P02390,A03883,4
P02391,A05843,1
P02391,A02436,2
P02391,A00151,3
P02391,A03486,4
P02391,A04933,5
P02391,A04934,6
P02392,A04967,1
P02392,A05844,2
P02392,A05845,3
P02392,A03398,4
P02392,A03033,5
P02393,A05846,1
P02393,A05847,2
P02393,A05848,3
P02394,A05849,1
P02394,A05850,2
P02394,A05851,3
P02395,A05852,1
P02395,A05853,2
P02395,A00033,3
P02395,A00783,4
P02395,A05854,5
P02395,A05855,6
P02395,A05856,7
P02395,A05857,8
P02396,A05858,1
P02396,A05859,2
P02397,A03881,1
P02397,A00597,2
P02397,A02365,3
P02397,A05860,4
P02398,A02418,1
P02398,A01181,2
P02398,A04407,3
P02399,A02661,1
P02399,A02436,2
P02399,A04676,3
P02399,A02631,4
P02399,A02204,5
P02399,A02435,6
P02399,A02798,7
P02399,A00151,8
P02400,A04313,1
P02400,A00115,2
P02401,A04847,1
P02401,A05861,2
P02401,A00154,3
P02402,A05862,1
P02402,A05863,2
P02402,A00284,3
P02403,A02215,1
P02403,A03470,2
P02403,A02571,3
P02403,A02572,4
P02403,A03156,5
P02403,A00597,6
P02403,A00988,7
P02404,A01706,1
P02404,A05864,2
P02405,A05865,1
P02405,A03144,2
P02405,A03146,3
P02405,A00934,4
P02406,A05866,1
P02406,A05859,2
P02407,A05867,1
P02407,A04243,2
P02407,A01660,3
P02407,A04766,4
P02407,A03060,5
P02407,A00180,6
P02407,A03296,7
P02407,A05868,8
P02407,A00934,9
P02408,A04732,1
P02408,A02094,2
P02408,A04606,3
P02408,A02096,4
P02408,A05353,5
P02409,A05869,1
P02409,A02678,2
P02410,A04589,1
P02410,A00815,2
P02410,A01690,3
P02410,A03135,4
P02411,A05870,1
P02411,A05871,2
P02411,A00360,3
P02411,A04359,4
P02412,A04267,1
P02412,A04355,2
P02412,A05568,3
P02413,A05872,1
P02413,A05873,2
P02413,A05874,3
P02413,A05875,4
P02414,A05876,1
P02414,A05877,2
P02414,A05878,3
P02414,A00815,4
P02414,A05879,5
P02414,A05880,6
P02415,A05881,1
P02415,A05882,2
P02415,A04400,3
P02415,A05260,4
P02415,A00815,5
P02415,A05121,6
P02415,A05883,7
P02415,A05884,8
P02415,A05885,9
P02415,A05886,10
P02415,A05887,11
P02415,A05888,12
P02415,A05889,13
P02415,A05890,14
P02415,A05891,15
P02415,A05892,16
P02415,A01690,17
P02415,A05893,18
P02415,A05894,19
P02415,A05895,20
P02415,A05896,21
P02415,A05897,22
P02416,A04186,1
P02416,A00757,2
P02417,A01477,1
P02417,A05898,2
P02417,A05899,3
P02417,A02462,4
P02417,A02461,5
P02417,A05900,6
P02418,A05901,1
P02418,A04445,2
P02418,A05902,3
P02418,A02365,4
P02419,A01198,1
P02419,A01065,2
P02419,A00597,3
P02420,A03060,1
P02420,A01423,2
P02420,A00180,3
P02420,A00221,4
P02420,A03144,5
P02420,A04607,6
P02420,A03389,7
P02421,A00815,1
P02422,A05903,1
P02422,A05904,2
P02422,A05905,3
P02423,A05906,1
P02424,A05821,1
P02424,A05823,2
P02424,A04676,3
P02424,A02436,4
P02424,A02781,5
P02424,A05820,6
P02424,A05907,7
P02424,A05908,8
P02424,A05822,9
P02425,A05909,1
P02425,A02456,2
P02426,A03003,1
P02426,A03947,2
P02426,A03917,3
P02426,A03918,4
P02426,A00762,5
P02426,A01009,6
P02426,A04892,7
P02426,A00597,8
P02426,A00931,9
P02427,A04734,1
P02427,A04735,2
P02427,A04736,3
P02427,A05353,4
P02427,A02094,5
P02428,A02660,1
P02428,A03003,2
P02428,A02719,3
P02428,A00597,4
P02428,A02457,5
P02428,A01538,6
P02428,A00930,7
P02428,A05910,8
P02428,A01434,9
P02428,A04173,10
P02428,A05911,11
P02428,A02564,12
P02428,A02204,13
P02428,A04677,14
P02429,A05912,1
P02429,A04565,2
P02429,A05207,3
P02429,A05119,4
P02429,A01692,5
P02429,A05067,6
P02429,A04134,7
P02429,A05828,8
P02429,A02742,9
P02430,A05913,1
P02430,A05914,2
P02430,A05915,3
P02431,A05609,1
P02431,A05916,2
P02431,A05917,3
P02432,A05918,1
P02432,A00651,2
P02432,A01264,3
P02432,A01008,4
P02432,A01084,5
P02433,A05131,1
P02433,A05919,2
P02433,A01109,3
P02434,A05920,1
P02434,A01836,2
P02434,A05038,3
P02434,A05036,4
P02434,A00584,5
P02435,A01009,1
P02435,A03822,2
P02435,A02741,3
P02435,A02870,4
P02435,A03003,5
P02435,A02571,6
P02435,A03576,7
P02435,A00597,8
P02435,A00762,9
P02435,A00180,10
P02435,A03948,11
P02435,A00585,12
P02435,A01039,13
P02436,A04734,1
P02436,A04247,2
P02436,A04638,3
P02436,A01399,4
P02437,A00151,1
P02437,A03486,2
P02437,A05921,3
P02437,A02511,4
P02437,A02517,5
P02437,A01713,6
P02438,A01711,1
P02438,A05922,2
P02438,A02498,3
P02438,A05923,4
P02438,A05035,5
P02438,A01934,6
P02438,A05924,7
P02438,A05925,8
P02438,A05926,9
P02438,A05927,10
P02438,A05928,11
P02438,A05929,12
P02438,A02634,13
P02438,A05930,14
P02438,A05931,15
P02438,A05932,16
P02438,A05933,17
P02438,A00959,18
P02438,A05934,19
P02438,A00573,20
P02439,A05935,1
P02439,A05936,2
P02439,A05937,3
P02439,A05938,4
P02439,A05939,5
P02440,A05940,1
P02440,A05941,2
P02440,A05942,3
P02440,A05943,4
P02440,A05944,5
P02440,A05945,6
P02440,A05946,7
P02441,A04355,1
P02441,A05568,2
P02441,A04562,3
P02441,A05947,4
P02441,A05948,5
P02442,A02284,1
P02442,A05949,2
P02442,A02237,3
P02442,A02286,4
P02442,A02289,5
P02442,A02287,6
P02442,A05950,7
P02442,A05951,8
P02442,A05952,9
P02442,A05953,10
P02442,A02054,11
P02442,A05933,12
P02442,A05931,13
P02442,A05932,14
P02442,A01711,15
P02442,A02498,16
P02442,A01934,17
P02442,A05924,18
P02442,A01482,19
P02442,A05954,20
P02442,A05934,21
P02442,A04462,22
P02442,A05930,23
P02442,A05955,24
P02442,A05956,25
P02442,A05957,26
P02442,A04460,27
P02442,A02520,28
P02442,A05958,29
P02442,A02288,30
P02443,A00260,1
P02443,A00674,2
P02443,A05959,3
P02444,A04330,1
P02444,A04331,2
P02445,A05960,1
P02445,A05961,2
P02445,A05962,3
P02445,A05963,4
P02445,A05964,5
P02445,A05965,6
P02445,A05966,7
P02445,A05967,8
P02445,A05968,9
P02445,A05969,10
P02445,A05970,11
P02445,A05971,12
P02445,A05972,13
P02445,A05973,14
P02445,A05974,15
P02445,A05975,16
P02445,A05976,17
P02445,A05977,18
P02445,A05978,19
P02445,A05979,20
P02446,A05980,1
P02446,A05981,2
P02446,A05982,3
P02446,A04105,4
P02446,A05983,5
P02447,A00893,1
P02447,A02269,2
P02447,A05984,3
P02447,A02810,4
P02447,A05985,5
P02447,A01251,6
P02447,A05986,7
P02447,A00872,8
P02447,A01069,9
P02447,A05987,10
P02447,A05988,11
P02447,A05989,12
P02447,A05990,13
P02447,A05991,14
P02447,A05992,15
P02447,A00573,16
P02447,A03780,17
P02447,A02521,18
P02447,A01412,19
P02447,A01195,20
P02447,A02010,21
P02447,A05993,22
P02447,A02811,23
P02447,A05994,24
P02447,A03782,25
P02447,A05995,26
P02447,A01249,27
P02447,A02473,28
P02447,A05996,29
P02447,A05997,30
P02447,A01436,31
P02447,A01519,32
P02447,A02878,33
P02447,A05998,34
P02447,A05999,35
P02447,A00841,36
P02447,A02127,37
P02447,A06000,38
P02447,A06001,39
P02447,A06002,40
P02447,A06003,41
P02447,A03785,42
P02447,A06004,43
P02447,A03787,44
P02447,A02130,45
P02447,A02645,46
P02447,A06005,47
P02448,A02755,1
P02449,A01521,1
P02449,A01637,2
P02450,A04038,1
P02450,A05035,2
P02450,A04686,3
P02450,A06006,4
P02450,A00584,5
P02450,A00983,6
P02450,A01711,7
P02451,A06007,1
P02451,A00988,2
P02451,A02129,3
P02451,A06008,4
P02451,A00405,5
P02451,A00818,6
P02451,A00455,7
P02451,A01194,8
P02451,A04062,9
P02451,A01200,10
P02451,A02367,11
P02451,A03940,12
P02452,A06009,1
P02452,A03658,2
P02452,A06010,3
P02452,A06011,4
P02452,A02726,5
P02452,A06012,6
P02452,A06013,7
P02453,A02878,1
P02453,A02724,2
P02453,A01519,3
P02453,A01019,4
P02453,A01482,5
P02453,A06014,6
P02453,A02645,7
P02453,A02054,8
P02453,A00403,9
P02453,A01602,10
P02453,A06015,11
P02453,A06016,12
P02453,A01082,13
P02453,A00402,14
P02453,A04462,15
P02453,A01434,16
P02453,A06017,17
P02453,A00901,18
P02453,A02451,19
P02453,A03638,20
P02453,A02234,21
P02454,A03839,1
P02454,A04126,2
P02455,A06018,1
P02455,A00815,2
P02455,A00151,3
P02455,A00115,4
P02456,A04543,1
P02456,A04542,2
P02457,A06019,1
P02457,A06020,2
P02457,A06021,3
P02457,A06022,4
P02457,A06023,5
P02457,A06024,6
P02458,A06025,1
P02458,A00169,2
P02458,A00725,3
P02458,A01836,4
P02459,A06026,1
P02459,A06027,2
P02459,A06028,3
P02459,A06029,4
P02459,A06030,5
P02459,A06031,6
P02459,A06032,7
P02459,A06033,8
P02459,A06034,9
P02460,A06035,1
P02460,A06036,2
P02460,A05687,3
P02460,A05685,4
P02461,A06032,1
P02461,A06028,2
P02461,A06026,3
P02461,A06029,4
P02461,A06030,5
P02461,A06031,6
P02461,A06027,7
P02461,A06034,8
P02461,A06033,9
P02461,A06037,10
P02462,A03325,1
P02462,A06038,2
P02462,A02584,3
P02462,A06039,4
P02463,A05018,1
P02463,A00757,2
P02463,A04186,3
P02464,A00543,1
P02465,A01088,1
P02465,A00151,2
P02465,A01089,3
P02466,A03775,1
P02466,A00815,2
P02466,A01430,3
P02466,A01690,4
P02467,A03208,1
P02467,A03267,2
P02467,A06040,3
P02467,A06041,4
P02467,A06042,5
P02468,A06043,1
P02468,A05516,2
P02468,A06044,3
P02468,A06045,4
P02468,A06046,5
P02469,A06047,1
P02469,A04405,2
P02469,A04407,3
P02469,A06048,4
P02470,A06049,1
P02470,A01311,2
P02470,A00406,3
P02470,A00745,4
P02470,A06050,5
P02471,A06051,1
P02471,A02132,2
P02472,A04164,1
P02472,A01521,2
P02472,A00722,3
P02472,A02325,4
P02472,A00973,5
P02472,A02525,6
P02472,A02947,7
P02472,A06052,8
P02472,A01643,9
P02472,A03382,10
P02472,A05368,11
P02473,A06053,1
P02473,A06054,2
P02473,A06055,3
P02474,A05495,1
P02474,A05361,2
P02474,A03421,3
P02475,A04164,1
P02475,A02525,2
P02475,A01521,3
P02475,A06056,4
P02475,A03301,5
P02476,A06049,1
P02476,A01576,2
P02476,A00805,3
P02476,A00725,4
P02476,A06057,5
P02476,A01311,6
P02477,A04125,1
P02477,A06058,2
P02477,A04126,3
P02478,A05572,1
P02478,A04071,2
P02478,A04073,3
P02479,A06059,1
P02479,A06060,2
P02479,A06061,3
P02480,A06062,1
P02480,A06063,2
P02480,A06064,3
P02480,A06065,4
P02480,A06066,5
P02481,A06067,1
P02481,A04565,2
P02481,A05207,3
P02481,A00115,4
P02481,A00815,5
P02481,A00151,6
P02481,A02069,7
P02482,A05858,1
P02482,A05859,2
P02483,A02365,1
P02483,A00597,2
P02483,A03697,3
P02483,A03304,4
P02483,A03917,5
P02483,A02694,6
P02484,A03696,1
P02484,A04688,2
P02484,A00987,3
P02484,A02233,4
P02484,A03814,5
P02485,A06068,1
P02485,A01537,2
P02485,A06069,3
P02485,A06070,4
P02485,A06071,5
P02485,A02845,6
P02485,A06072,7
P02485,A06073,8
P02485,A01538,9
P02486,A06074,1
P02486,A06075,2
P02486,A01758,3
P02486,A06076,4
P02486,A06077,5
P02486,A06078,6
P02486,A06079,7
P02487,A06080,1
P02487,A06081,2
P02487,A06082,3
P02488,A06083,1
P02488,A06084,2
P02488,A06085,3
P02488,A06086,4
P02488,A06087,5
P02489,A06088,1
P02489,A06089,2
P02489,A06090,3
P02489,A06091,4
P02489,A06092,5
P02490,A06093,1
P02490,A06094,2
P02490,A03190,3
P02490,A06095,4
P02490,A06096,5
P02490,A06097,6
P02490,A06098,7
P02491,A05708,1
P02491,A06099,2
P02491,A06100,3
P02491,A06101,4
P02491,A03846,5
P02491,A06102,6
P02491,A06103,7
P02491,A05680,8
P02491,A05817,9
P02491,A06104,10
P02491,A06105,11
P02491,A06106,12
P02491,A06107,13
P02491,A06108,14
P02491,A06109,15
P02491,A06110,16
P02491,A06111,17
P02491,A06112,18
P02491,A06113,19
P02491,A06114,20
P02491,A06115,21
P02491,A02462,22
P02491,A06116,23
P02491,A06117,24
P02491,A05572,25
P02491,A06118,26
P02491,A06119,27
P02491,A06120,28
P02491,A03296,29
P02491,A06121,30
P02491,A06122,31
P02491,A01758,32
P02491,A01762,33
P02491,A06123,34
P02491,A06124,35
P02491,A06077,36
P02491,A06125,37
P02492,A04405,1
P02492,A01181,2
P02492,A03940,3
P02492,A04407,4
P02493,A06126,1
P02493,A02436,2
P02493,A05909,3
P02494,A06127,1
P02494,A01660,2
P02494,A03144,3
P02494,A00692,4
P02494,A04296,5
P02494,A03449,6
P02494,A03150,7
P02494,A01537,8
P02494,A00974,9
P02494,A03716,10
P02494,A03909,11
P02494,A06128,12
P02495,A06129,1
P02495,A02797,2
P02495,A01124,3
P02495,A03879,4
P02495,A01838,5
P02496,A01877,1
P02497,A01207,1
P02497,A00597,2
P02497,A06130,3
P02497,A04047,4
P02497,A00970,5
P02497,A06131,6
P02497,A00971,7
P02497,A03804,8
P02497,A00171,9
P02497,A04360,10
P02497,A04667,11
P02497,A06132,12
P02497,A00983,13
P02498,A00815,1
P02498,A01531,2
P02498,A04589,3
P02498,A06133,4
P02499,A05862,1
P02499,A05863,2
P02500,A00723,1
P02500,A01657,2
P02501,A05823,1
P02501,A06134,2
P02501,A05821,3
P02502,A06135,1
P02502,A05190,2
P02502,A06136,3
P02503,A06137,1
P02503,A02571,2
P02503,A02572,3
P02503,A02215,4
P02503,A00171,5
P02503,A04360,6
P02503,A03830,7
P02503,A00455,8
P02503,A01277,9
P02503,A04363,10
P02503,A00988,11
P02503,A00970,12
P02503,A04467,13
P02503,A01194,14
P02504,A06138,1
P02504,A06139,2
P02504,A04243,3
P02504,A06140,4
P02505,A06141,1
P02505,A06142,2
P02505,A06143,3
P02505,A06144,4
P02505,A06145,5
P02505,A06146,6
P02505,A01038,7
P02505,A06147,8
P02505,A01026,9
P02505,A01931,10
P02505,A01808,11
P02505,A06148,12
P02505,A00741,13
P02506,A06149,1
P02506,A06150,2
P02506,A06151,3
P02506,A00500,4
P02506,A06152,5
P02506,A06153,6
P02506,A06154,7
P02506,A06155,8
P02506,A06156,9
P02506,A06157,10
P02506,A06158,11
P02506,A06159,12
P02506,A06160,13
P02506,A06161,14
P02506,A06162,15
P02506,A06163,16
P02506,A06164,17
P02506,A06165,18
P02506,A06166,19
P02506,A06167,20
P02506,A06168,21
P02506,A06169,22
P02506,A06170,23
P02507,A04601,1
P02507,A02590,2
P02507,A00757,3
P02508,A05056,1
P02508,A06171,2
P02508,A04606,3
P02508,A02094,4
P02508,A04638,5
P02508,A02047,6
P02509,A06172,1
P02509,A04405,2
P02509,A06173,3
P02509,A06174,4
P02510,A05829,1
P02510,A03881,2
P02510,A00597,3
P02511,A00585,1
P02512,A05085,1
P02513,A02561,1
P02513,A06175,2
P02513,A03974,3
P02513,A00649,4
P02513,A01324,5
P02513,A01214,6
P02513,A02051,7
P02513,A01838,8
P02513,A06176,9
P02513,A02065,10
P02514,A06177,1
P02514,A06178,2
P02514,A06179,3
P02514,A06180,4
P02515,A05404,1
P02515,A05580,2
P02515,A04708,3
P02515,A06181,4
P02515,A01180,5
P02515,A04707,6
P02515,A06182,7
P02516,A01656,1
P02516,A01458,2
P02516,A01214,3
P02516,A06183,4
P02516,A00784,5
P02516,A01407,6
P02516,A05204,7
P02516,A02107,8
P02517,A02822,1
P02517,A06184,2
P02517,A06185,3
P02517,A06186,4
P02518,A06187,1
P02518,A00284,2
P02518,A06188,3
P02518,A02898,4
P02519,A05191,1
P02519,A05190,2
P02519,A06189,3
P02519,A06190,4
P02520,A06026,1
P02520,A06191,2
P02520,A06037,3
P02520,A06028,4
P02520,A06192,5
P02520,A06193,6
P02520,A06194,7
P02520,A06195,8
P02520,A06196,9
P02520,A06197,10
P02521,A06198,1
P02521,A06199,2
P02521,A06200,3
P02521,A06201,4
P02521,A06202,5
P02521,A06203,6
P02522,A03745,1
P02522,A05364,2
P02522,A03746,3
P02522,A05365,4
P02523,A06204,1
P02523,A06205,2
P02523,A06206,3
P02523,A06207,4
P02524,A05038,1
P02524,A05036,2
P02524,A03446,3
P02525,A03980,1
P02525,A01563,2
P02525,A02689,3
P02525,A05119,4
P02525,A00709,5
P02525,A01016,6
P02525,A06208,7
P02525,A01560,8
P02526,A04239,1
P02526,A06209,2
P02526,A06210,3
P02526,A06211,4
P02526,A06212,5
P02526,A00417,6
P02526,A05828,7
P02527,A06213,1
P02527,A06214,2
P02527,A06215,3
P02527,A04888,4
P02527,A06216,5
P02527,A06217,6
P02528,A05567,1
P02528,A03946,2
P02529,A03392,1
P02529,A00784,2
P02529,A06218,3
P02529,A06219,4
P02529,A05671,5
P02530,A05066,1
P02530,A01877,2
P02531,A03046,1
P02531,A01805,2
P02531,A02671,3
P02531,A05555,4
P02532,A00757,1
P02532,A02590,2
P02532,A01045,3
P02532,A04601,4
P02532,A02436,5
P02533,A00023,1
P02533,A06220,2
P02533,A00836,3
P02533,A01219,4
P02533,A03677,5
P02533,A03678,6
P02533,A00180,7
P02533,A00260,8
P02533,A00197,9
P02533,A00369,10
P02533,A02879,11
P02533,A04823,12
P02533,A06221,13
P02533,A01407,14
P02533,A02107,15
P02533,A01805,16
P02533,A04166,17
P02533,A04165,18
P02533,A06222,19
P02533,A02897,20
P02533,A06223,21
P02533,A04145,22
P02533,A05165,23
P02533,A06224,24
P02533,A01066,25
P02534,A06187,1
P02534,A00284,2
P02534,A06188,3
P02534,A02898,4
P02535,A04734,1
P02535,A04638,2
P02535,A02094,3
P02535,A05286,4
P02535,A03059,5
P02535,A06225,6
P02536,A05177,1
P02536,A06226,2
P02536,A06227,3
P02536,A06228,4
P02536,A06229,5
P02536,A06230,6
P02536,A06231,7
P02536,A06232,8
P02536,A06233,9
P02536,A02963,10
P02536,A06234,11
P02537,A06235,1
P02537,A06236,2
P02537,A06237,3
P02537,A06238,4
P02538,A02296,1
P02538,A00784,2
P02538,A05612,3
P02538,A00692,4
P02539,A02436,1
P02539,A06239,2
P02539,A06240,3
P02539,A06241,4
P02539,A06242,5
P02539,A04740,6
P02539,A02697,7
P02539,A03132,8
P02539,A03828,9
P02539,A01782,10
P02539,A02798,11
P02539,A02204,12
P02539,A00927,13
P02539,A06243,14
P02539,A06244,15
P02539,A05178,16
P02539,A03979,17
P02539,A02668,18
P02539,A01039,19
P02539,A02858,20
P02539,A02205,21
P02539,A01786,22
P02539,A06245,23
P02539,A06246,24
P02539,A06247,25
P02539,A00292,26
P02539,A01045,27
P02539,A02562,28
P02539,A00151,29
P02539,A00591,30
P02539,A03985,31
P02539,A06248,32
P02539,A02022,33
P02539,A06249,34
P02539,A02023,35
P02539,A05738,36
P02539,A06250,37
P02539,A06251,38
P02539,A00914,39
P02539,A06252,40
P02539,A06253,41
P02539,A06254,42
P02539,A06255,43
P02539,A06256,44
P02539,A06257,45
P02539,A06258,46
P02539,A00237,47
P02539,A06259,48
P02540,A06260,1
P02540,A06261,2
P02540,A06262,3
P02540,A06263,4
P02540,A06264,5
P02540,A06265,6
P02541,A03525,1
P02541,A06266,2
P02541,A03522,3
P02541,A06267,4
P02541,A03524,5
P02541,A06268,6
P02542,A06269,1
P02542,A02904,2
P02542,A02905,3
P02543,A02812,1
P02543,A06270,2
P02543,A06271,3
P02543,A00406,4
P02544,A05981,1
P02544,A06272,2
P02544,A05556,3
P02544,A04922,4
P02544,A05983,5
P02544,A06273,6
P02544,A06274,7
P02544,A03420,8
P02544,A04105,9
P02545,A02375,1
P02545,A00909,2
P02545,A00584,3
P02545,A05524,4
P02546,A03401,1
P02546,A01684,2
P02546,A00815,3
P02546,A00115,4
P02546,A06275,5
P02546,A01690,6
P02547,A04104,1
P02548,A06276,1
P02548,A06277,2
P02548,A06278,3
P02549,A06279,1
P02549,A06280,2
P02549,A06281,3
P02549,A06282,4
P02549,A06283,5
P02549,A06284,6
P02549,A06285,7
P02549,A06286,8
P02549,A06287,9
P02550,A03325,1
P02550,A04970,2
P02550,A02584,3
P02551,A05405,1
P02551,A04709,2
P02551,A05406,3
P02551,A06288,4
P02551,A05871,5
P02552,A04631,1
P02552,A03003,2
P02552,A01009,3
P02552,A06289,4
P02552,A00180,5
P02552,A00762,6
P02552,A00597,7
P02552,A01039,8
P02553,A06290,1
P02554,A06291,1
P02554,A06292,2
P02554,A06293,3
P02555,A03894,1
P02555,A03644,2
P02555,A00909,3
P02555,A04857,4
P02556,A02016,1
P02556,A02017,2
P02556,A06294,3
P02556,A06295,4
P02556,A06296,5
P02556,A02260,6
P02556,A03709,7
P02556,A03794,8
P02556,A06297,9
P02557,A03881,1
P02557,A00597,2
P02557,A05215,3
P02557,A02365,4
P02557,A02555,5
P02558,A06298,1
P02558,A06299,2
P02558,A06300,3
P02558,A06301,4
P02558,A06298,5
P02558,A06302,6
P02558,A06303,7
P02558,A06304,8
P02558,A06305,9
P02558,A06298,10
P02558,A06306,11
P02558,A06307,12
P02558,A06308,13
P02559,A06309,1
P02559,A06310,2
P02559,A06311,3
P02559,A06312,4
P02559,A06313,5
P02559,A06314,6
P02559,A06315,7
P02560,A06316,1
P02560,A06317,2
P02561,A01322,1
P02561,A06318,2
P02561,A06319,3
P02561,A06320,4
P02562,A01430,1
P02562,A03775,2
P02562,A00815,3
P02562,A01681,4
P02562,A01684,5
P02563,A06321,1
P02563,A03296,2
P02563,A02681,3
P02563,A05680,4
P02563,A06322,5
P02563,A04192,6
P02563,A06323,7
P02563,A06324,8
P02564,A05568,1
P02564,A04355,2
P02565,A06325,1
P02565,A05507,2
P02565,A06326,3
P02566,A05579,1
P02566,A06327,2
P02566,A06328,3
P02566,A06329,4
P02566,A06330,5
P02566,A06331,6
P02566,A06332,7
P02567,A03024,1
P02567,A03150,2
P02567,A04752,3
P02567,A00406,4
P02568,A06333,1
P02568,A03697,2
P02568,A00597,3
P02568,A00736,4
P02569,A03672,1
P02569,A03003,2
P02569,A03436,3
P02569,A02436,4
P02570,A06334,1
P02570,A06335,2
P02570,A06336,3
P02570,A06337,4
P02570,A06338,5
P02570,A06339,6
P02570,A06340,7
P02570,A06341,8
P02570,A06342,9
P02571,A06343,1
P02572,A06344,1
P02572,A06345,2
P02572,A01594,3
P02572,A04930,4
P02573,A03881,1
P02573,A00597,2
P02573,A03882,3
P02573,A02365,4
P02573,A04329,5
P02573,A00738,6
P02574,A06346,1
P02574,A06347,2
P02574,A06348,3
P02575,A06349,1
P02575,A06350,2
P02575,A05786,3
P02575,A06351,4
P02575,A06352,5
P02575,A06353,6
P02576,A06354,1
P02576,A06355,2
P02576,A06356,3
P02577,A06357,1
P02577,A06358,2
P02577,A05303,3
P02577,A06359,4
P02577,A06360,5
P02577,A06361,6
P02577,A06362,7
P02578,A06363,1
P02578,A06364,2
P02578,A03671,3
P02579,A03300,1
P02579,A06137,2
P02579,A06365,3
P02579,A02107,4
P02579,A06366,5
P02579,A06367,6
P02579,A04362,7
P02579,A02571,8
P02579,A02669,9
P02579,A06368,10
P02579,A06369,11
P02580,A04205,1
P02580,A05556,2
P02580,A04228,3
P02580,A00815,4
P02581,A00234,1
P02581,A01033,2
P02581,A01782,3
P02581,A02668,4
P02582,A02847,1
P02582,A01759,2
P02582,A06370,3
P02582,A06371,4
P02582,A03716,5
P02582,A06372,6
P02582,A06373,7
P02583,A06374,1
P02583,A06375,2
P02583,A04766,3
P02584,A06376,1
P02584,A06377,2
P02584,A06378,3
P02585,A05711,1
P02585,A04210,2
P02585,A06206,3
P02585,A06379,4
P02585,A06380,5
P02585,A06205,6
P02585,A06357,7
P02585,A06381,8
P02585,A02587,9
P02586,A01607,1
P02586,A01538,2
P02586,A06382,3
P02586,A02282,4
P02586,A03033,5
P02586,A06383,6
P02586,A00715,7
P02586,A06384,8
P02586,A02283,9
P02586,A06385,10
P02586,A02747,11
P02586,A01730,12
P02586,A05698,13
P02586,A06386,14
P02586,A03255,15
P02586,A06387,16
P02586,A01768,17
P02586,A06388,18
P02586,A01713,19
P02586,A00974,20
P02586,A06389,21
P02586,A03859,22
P02586,A06390,23
P02586,A06391,24
P02586,A06392,25
P02586,A06393,26
P02586,A06394,27
P02586,A02359,28
P02586,A04928,29
P02586,A06395,30
P02586,A06396,31
P02586,A03914,32
P02587,A04582,1
P02587,A04583,2
P02588,A01095,1
P02588,A06397,2
P02588,A01409,3
P02589,A04296,1
P02589,A02741,2
P02589,A02779,3
P02589,A06398,4
P02589,A04982,5
P02589,A02782,6
P02589,A04620,7
P02589,A02274,8
P02590,A06399,1
P02590,A06400,2
P02590,A06401,3
P02590,A05581,4
P02590,A04606,5
P02590,A06402,6
P02590,A04603,7
P02591,A04438,1
P02591,A00030,2
P02591,A06403,3
P02592,A06129,1
P02592,A06175,2
P02592,A01214,3
P02592,A06404,4
P02592,A05402,5
P02592,A01124,6
P02592,A01324,7
P02593,A06187,1
P02593,A00757,2
P02594,A01214,1
P02594,A05402,2
P02594,A02255,3
P02594,A00322,4
P02594,A06405,5
P02594,A00888,6
P02594,A00819,7
P02594,A01838,8
P02595,A06406,1
P02595,A06407,2
P02596,A06408,1
P02596,A06409,2
P02597,A02003,1
P02597,A06410,2
P02597,A00865,3
P02597,A01805,4
P02598,A05511,1
P02598,A05513,2
P02598,A05512,3
P02598,A06411,4
P02598,A05514,5
P02598,A05515,6
P02598,A06412,7
P02598,A02599,8
P02598,A01773,9
P02599,A05530,1
P02600,A04446,1
P02600,A02418,2
P02600,A06413,3
P02601,A05255,1
P02601,A02009,2
P02601,A04157,3
P02601,A03894,4
P02601,A06414,5
P02601,A05256,6
P02601,A01434,7
P02601,A06415,8
P02601,A03773,9
P02601,A02525,10
P02601,A02443,11
P02601,A05254,12
P02602,A05108,1
P02602,A05109,2
P02602,A05110,3
P02602,A04984,4
P02603,A02437,1
P02603,A05510,2
P02603,A00757,3
P02603,A01522,4
P02603,A00167,5
P02603,A06416,6
P02603,A01315,7
P02603,A05052,8
P02603,A05508,9
P02603,A04186,10
P02603,A03317,11
P02603,A06417,12
P02604,A06210,1
P02604,A06209,2
P02604,A04239,3
P02604,A06418,4
P02604,A06419,5
P02604,A06420,6
P02604,A05822,7
P02604,A06421,8
P02604,A06212,9
P02605,A04569,1
P02605,A00403,2
P02605,A06422,3
P02605,A00260,4
P02605,A06423,5
P02606,A02893,1
P02606,A02457,2
P02606,A01943,3
P02606,A01690,4
P02606,A03914,5
P02607,A06424,1
P02607,A05618,2
P02607,A05619,3
P02607,A02967,4
P02607,A06425,5
P02607,A06426,6
P02608,A03693,1
P02608,A06427,2
P02608,A03133,3
P02608,A03690,4
P02608,A04802,5
P02609,A06246,1
P02609,A03234,2
P02609,A03003,3
P02609,A05178,4
P02609,A01271,5
P02609,A01540,6
P02609,A02631,7
P02609,A01039,8
P02610,A06428,1
P02610,A06429,2
P02610,A06430,3
P02610,A06431,4
P02610,A06432,5
P02610,A06433,6
P02610,A06434,7
P02610,A06435,8
P02610,A06436,9
P02610,A06437,10
P02611,A00987,1
P02611,A04433,2
P02611,A06438,3
P02611,A06439,4
P02611,A05614,5
P02612,A04844,1
P02612,A03593,2
P02612,A04845,3
P02612,A02667,4
P02613,A05359,1
P02613,A01877,2
P02614,A06440,1
P02614,A06441,2
P02615,A06442,1
P02615,A06443,2
P02616,A03403,1
P02616,A02587,2
P02616,A04186,3
P02616,A01560,4
P02616,A05119,5
P02616,A00757,6
P02617,A06444,1
P02617,A06445,2
P02617,A06446,3
P02617,A06447,4
P02617,A06448,5
P02617,A06449,6
P02617,A06450,7
P02617,A06451,8
P02617,A06452,9
P02617,A06453,10
P02618,A06375,1
P02618,A05982,2
P02619,A06454,1
P02619,A01903,2
P02619,A05758,3
P02619,A05317,4
P02619,A06455,5
P02619,A06209,6
P02619,A01039,7
P02619,A01540,8
P02619,A00554,9
P02619,A00994,10
P02620,A06456,1
P02620,A06457,2
P02620,A06458,3
P02620,A06459,4
P02620,A06460,5
P02620,A06461,6
P02620,A06462,7
P02620,A06463,8
P02620,A06464,9
P02620,A06465,10
P02620,A06466,11
P02620,A03756,12
P02620,A06467,13
P02620,A06468,14
P02620,A06469,15
P02620,A06470,16
P02620,A06471,17
P02620,A06472,18
P02620,A06473,19
P02620,A03758,20
P02620,A06474,21
P02620,A06475,22
P02620,A03760,23
P02620,A06476,24
P02620,A06477,25
P02620,A06478,26
P02620,A06479,27
P02620,A06480,28
P02620,A06481,29
P02620,A06482,30
P02620,A06483,31
P02620,A06484,32
P02620,A06485,33
P02620,A06486,34
P02620,A03761,35
P02620,A06487,36
P02620,A06488,37
P02620,A06489,38
P02620,A06490,39
P02620,A06491,40
P02620,A06492,41
P02620,A06493,42
P02620,A06494,43
P02620,A06495,44
P02620,A06496,45
P02620,A06497,46
P02620,A06498,47
P02620,A06499,48
P02620,A06500,49
P02620,A06501,50
P02620,A06502,51
P02620,A06503,52
P02620,A06504,53
P02620,A06505,54
P02620,A06506,55
P02620,A06507,56
P02620,A06508,57
P02620,A06509,58
P02620,A06510,59
P02620,A06511,60
P02620,A06512,61
P02620,A06513,62
P02620,A06514,63
P02620,A06515,64
P02620,A06516,65
P02620,A06517,66
P02620,A06518,67
P02620,A06519,68
P02620,A06520,69
P02620,A06521,70
P02620,A06522,71
P02621,A06523,1
P02621,A05283,2
P02621,A06524,3
P02622,A00732,1
P02622,A04746,2
P02622,A01007,3
P02623,A06525,1
P02623,A04877,2
P02623,A05471,3
P02623,A00171,4
P02623,A04880,5
P02623,A04881,6
P02623,A04884,7
P02624,A06526,1
P02624,A06527,2
P02624,A06528,3
P02625,A04405,1
P02625,A06529,2
P02625,A03940,3
P02626,A06530,1
P02626,A05177,2
P02626,A03003,3
P02626,A05738,4
P02627,A06531,1
P02627,A02436,2
P02627,A00151,3
P02627,A04740,4
P02627,A06249,5
P02627,A00235,6
P02627,A06532,7
P02628,A06127,1
P02628,A03449,2
P02628,A03448,3
P02628,A06533,4
P02628,A06534,5
P02628,A06535,6
P02628,A00692,7
P02628,A04638,8
P02628,A02094,9
P02628,A06536,10
P02628,A05002,11
P02629,A06398,1
P02629,A01423,2
P02629,A00180,3
P02629,A04296,4
P02629,A03060,5
P02629,A03214,6
P02630,A06537,1
P02630,A06538,2
P02630,A06539,3
P02631,A06540,1
P02631,A06541,2
P02631,A06542,3
P02631,A03802,4
P02632,A06543,1
P02632,A06544,2
P02632,A06545,3
P02632,A06546,4
P02632,A06547,5
P02632,A06548,6
P02632,A06549,7
P02633,A06550,1
P02633,A05871,2
P02633,A06551,3
P02633,A04359,4
P02633,A04654,5
P02634,A06187,1
P02634,A00757,2
P02635,A04241,1
P02635,A01423,2
P02635,A00180,3
P02635,A04192,4
P02635,A00585,5
P02635,A03464,6
P02636,A00723,1
P02636,A04589,2
P02637,A06552,1
P02637,A06553,2
P02637,A06554,3
P02637,A06555,4
P02638,A06556,1
P02638,A06557,2
P02638,A06552,3
P02638,A06554,4
P02638,A06555,5
P02638,A06558,6
P02639,A06559,1
P02639,A06560,2
P02639,A06561,3
P02639,A06562,4
P02639,A06563,5
P02639,A06564,6
P02640,A06141,1
P02640,A04565,2
P02640,A03401,3
P02640,A00762,4
P02640,A05207,5
P02641,A06198,1
P02641,A06199,2
P02641,A06200,3
P02641,A06202,4
P02641,A06203,5
P02642,A04609,1
P02642,A02254,2
P02642,A00135,3
P02642,A00030,4
P02642,A00820,5
P02642,A04613,6
P02642,A06565,7
P02643,A06566,1
P02643,A00406,2
P02643,A00264,3
P02643,A06567,4
P02643,A00555,5
P02644,A05864,1
P02644,A06568,2
P02644,A01706,3
P02644,A06569,4
P02644,A01077,5
P02644,A06570,6
P02644,A06571,7
P02645,A04162,1
P02645,A02886,2
P02645,A02887,3
P02645,A04617,4
P02645,A02888,5
P02645,A01943,6
P02645,A06572,7
P02645,A06573,8
P02645,A05113,9
P02645,A04621,10
P02645,A02973,11
P02645,A01535,12
P02646,A06574,1
P02646,A03382,2
P02646,A02755,3
P02646,A06575,4
P02646,A02513,5
P02647,A04134,1
P02647,A00922,2
P02647,A02024,3
P02647,A01067,4
P02647,A05445,5
P02647,A05446,6
P02647,A06576,7
P02647,A06577,8
P02648,A04186,1
P02648,A00757,2
P02648,A06578,3
P02648,A06186,4
P02649,A06579,1
P02650,A05166,1
P02650,A01472,2
P02650,A03648,3
P02650,A06580,4
P02650,A06581,5
P02650,A06582,6
P02650,A06583,7
P02650,A06584,8
P02650,A06585,9
P02650,A06586,10
P02651,A03985,1
P02651,A00691,2
P02652,A00434,1
P02652,A06587,2
P02652,A03247,3
P02653,A00434,1
P02654,A01805,1
P02654,A00865,2
P02654,A01533,3
P02654,A00597,4
P02655,A01637,1
P02655,A00909,2
P02655,A03644,3
P02655,A06588,4
P02655,A06589,5
P02655,A02375,6
P02656,A06590,1
P02656,A00784,2
P02656,A06135,3
P02656,A01064,4
P02657,A04947,1
P02657,A00992,2
P02657,A04951,3
P02657,A04524,4
P02657,A02092,5
P02657,A04949,6
P02657,A05035,7
P02658,A04692,1
P02658,A04693,2
P02658,A05627,3
P02658,A06591,4
P02658,A04694,5
P02658,A06592,6
P02658,A04695,7
P02659,A06593,1
P02659,A04648,2
P02659,A02271,3
P02659,A06594,4
P02659,A03216,5
P02659,A06595,6
P02659,A02272,7
P02659,A05265,8
P02659,A01943,9
P02660,A01095,1
P02661,A06596,1
P02661,A06597,2
P02661,A06598,3
P02662,A06599,1
P02662,A00784,2
P02662,A00692,3
P02662,A01715,4
P02663,A06600,1
P02663,A00815,2
P02663,A02325,3
P02664,A06601,1
P02664,A03015,2
P02665,A06602,1
P02665,A00406,2
P02665,A02812,3
P02665,A06566,4
P02665,A06603,5
P02665,A02096,6
P02665,A01613,7
P02666,A06604,1
P02666,A06605,2
P02666,A04223,3
P02666,A06606,4
P02666,A02522,5
P02666,A06607,6
P02667,A01743,1
P02667,A00922,2
P02667,A02325,3
P02667,A01537,4
P02667,A00990,5
P02668,A06608,1
P02668,A06026,2
P02668,A06034,3
P02668,A06030,4
P02668,A06609,5
P02669,A06610,1
P02669,A06611,2
P02669,A06612,3
P02669,A06613,4
P02670,A06614,1
P02670,A06408,2
P02670,A03914,3
P02671,A01521,1
P02671,A02325,2
P02671,A01637,3
P02671,A00922,4
P02671,A04164,5
P02671,A05368,6
P02671,A02947,7
P02671,A01067,8
P02672,A01105,1
P02672,A04764,2
P02672,A04036,3
P02672,A01194,4
P02672,A00988,5
P02672,A04363,6
P02673,A05471,1
P02673,A04877,2
P02673,A02886,3
P02673,A04880,4
P02673,A04881,5
P02673,A04884,6
P02674,A06615,1
P02674,A06616,2
P02674,A06185,3
P02674,A06617,4
P02674,A06578,5
P02674,A06618,6
P02674,A06619,7
P02674,A04065,8
P02674,A06620,9
P02674,A06621,10
P02674,A02823,11
P02675,A06622,1
P02676,A04617,1
P02676,A06623,2
P02676,A03398,3
P02676,A06385,4
P02676,A02888,5
P02677,A06624,1
P02677,A00030,2
P02677,A04099,3
P02677,A06625,4
P02677,A06403,5
P02678,A06626,1
P02678,A02215,2
P02678,A02571,3
P02678,A06137,4
P02678,A02572,5
P02678,A00988,6
P02678,A00970,7
P02678,A04467,8
P02678,A03814,9
P02678,A03813,10
P02678,A05087,11
P02678,A04047,12
P02678,A05230,13
P02678,A06627,14
P02678,A02054,15
P02678,A02284,16
P02678,A01711,17
P02678,A06628,18
P02678,A06629,19
P02678,A01519,20
P02678,A06630,21
P02678,A00403,22
P02679,A06631,1
P02679,A06632,2
P02679,A06633,3
P02680,A06634,1
P02680,A06635,2
P02680,A06636,3
P02680,A06637,4
P02681,A03683,1
P02681,A03166,2
P02682,A06638,1
P02682,A01959,2
P02682,A06639,3
P02683,A06640,1
P02683,A03985,2
P02683,A04899,3
P02683,A06641,4
P02683,A02664,5
P02683,A04518,6
P02683,A06642,7
P02684,A06643,1
P02684,A06644,2
P02684,A06645,3
P02684,A06646,4
P02684,A06647,5
P02685,A04134,1
P02685,A06648,2
P02685,A01067,3
P02685,A00408,4
P02685,A06576,5
P02685,A05534,6
P02686,A06649,1
P02686,A06020,2
P02686,A06650,3
P02686,A06021,4
P02686,A06023,5
P02686,A06019,6
P02686,A06022,7
P02686,A06651,8
P02687,A06652,1
P02687,A06653,2
P02687,A06654,3
P02687,A06655,4
P02687,A06656,5
P02688,A04241,1
P02688,A01423,2
P02688,A00180,3
P02688,A01039,4
P02688,A02094,5
P02688,A04194,6
P02688,A03883,7
P02688,A00585,8
P02688,A01084,9
P02688,A04607,10
P02689,A06657,1
P02689,A06658,2
P02690,A00260,1
P02690,A01908,2
P02691,A06659,1
P02691,A06660,2
P02691,A06661,3
P02692,A04631,1
P02692,A03003,2
P02692,A00815,3
P02692,A03401,4
P02692,A03980,5
P02692,A06067,6
P02692,A06662,7
P02692,A02972,8
P02693,A06663,1
P02693,A03297,2
P02693,A03296,3
P02693,A05680,4
P02694,A03401,1
P02694,A01684,2
P02694,A01101,3
P02694,A06664,4
P02694,A00815,5
P02695,A03423,1
P02695,A02271,2
P02695,A06665,3
P02695,A05258,4
P02695,A02870,5
P02695,A03003,6
P02695,A04228,7
P02696,A06666,1
P02696,A06667,2
P02696,A06668,3
P02697,A04134,1
P02697,A00922,2
P02697,A06669,3
P02697,A05207,4
P02697,A06670,5
P02697,A04565,6
P02697,A05323,7
P02697,A00090,8
P02697,A00220,9
P02697,A01560,10
P02698,A06671,1
P02698,A06672,2
P02698,A01824,3
P02698,A05358,4
P02699,A06673,1
P02699,A06674,2
P02700,A03617,1
P02700,A03771,2
P02701,A06675,1
P02701,A06676,2
P02701,A06677,3
P02701,A06678,4
P02702,A06679,1
P02702,A02437,2
P02702,A05510,3
P02703,A06680,1
P02703,A06317,2
P02704,A05131,1
P02704,A00180,2
P02704,A01039,3
P02704,A00585,4
P02704,A01084,5
P02704,A04607,6
P02705,A06681,1
P02705,A06682,2
P02705,A06683,3
P02705,A06684,4
P02705,A06685,5
P02706,A06686,1
P02706,A05488,2
P02706,A06687,3
P02706,A06688,4
P02706,A05493,5
P02706,A06689,6
P02706,A06690,7
P02707,A03046,1
P02707,A04723,2
P02707,A02671,3
P02707,A01805,4
P02708,A03059,1
P02708,A06691,2
P02709,A06692,1
P02709,A05114,2
P02709,A05116,3
P02709,A05115,4
P02709,A06693,5
P02710,A06694,1
P02710,A06695,2
P02710,A06696,3
P02710,A06697,4
P02710,A06698,5
P02710,A04879,6
P02711,A01073,1
P02711,A00437,2
P02711,A01016,3
P02712,A00543,1
P02713,A06699,1
P02713,A04565,2
P02713,A06700,3
P02713,A04663,4
P02713,A05288,5
P02714,A06701,1
P02714,A06702,2
P02714,A06703,3
P02714,A06704,4
P02715,A04548,1
P02715,A06705,2
P02715,A06706,3
P02715,A06707,4
P02715,A06708,5
P02715,A06709,6
P02715,A06710,7
P02715,A06711,8
P02715,A04547,9
P02715,A04545,10
P02715,A06712,11
P02715,A06713,12
P02715,A06714,13
P02715,A06715,14
P02715,A06716,15
P02715,A06717,16
P02715,A06718,17
P02715,A06719,18
P02715,A06720,19
P02715,A06721,20
P02715,A06722,21
P02715,A06723,22
P02715,A06724,23
P02715,A06725,24
P02715,A06726,25
P02715,A06727,26
P02715,A06728,27
P02715,A06729,28
P02715,A06730,29
P02715,A06731,30
P02715,A06732,31
P02715,A06733,32
P02715,A06734,33
P02715,A06735,34
P02715,A06736,35
P02715,A06737,36
P02715,A06738,37
P02715,A06739,38
P02715,A06740,39
P02715,A06741,40
P02716,A04355,1
P02716,A05233,2
P02716,A04562,3
P02717,A03403,1
P02717,A04831,2
P02718,A06742,1
P02718,A00180,2
P02718,A01423,3
P02718,A01039,4
P02719,A01773,1
P02719,A06743,2
P02719,A01555,3
P02719,A06744,4
P02719,A06745,5
P02719,A06746,6
P02720,A03403,1
P02720,A06747,2
P02721,A06748,1
P02721,A04692,2
P02721,A06749,3
P02721,A06750,4
P02721,A06751,5
P02721,A06752,6
P02722,A06753,1
P02722,A06754,2
P02722,A06755,3
P02722,A00369,4
P02722,A00842,5
P02722,A05699,6
P02722,A06756,7
P02723,A03003,1
P02723,A02887,2
P02723,A02571,3
P02723,A00597,4
P02723,A00762,5
P02723,A02972,6
P02724,A06757,1
P02724,A01113,2
P02724,A03310,3
P02724,A04529,4
P02725,A06758,1
P02725,A02017,2
P02725,A02016,3
P02725,A05084,4
P02725,A00692,5
P02725,A03449,6
P02726,A06759,1
P02726,A06760,2
P02726,A06761,3
P02726,A06762,4
P02726,A06763,5
P02726,A06764,6
P02726,A06765,7
P02727,A06766,1
P02727,A06767,2
P02727,A05190,3
P02727,A05618,4
P02727,A05191,5
P02727,A06768,6
P02727,A06769,7
P02728,A04267,1
P02728,A06770,2
P02729,A06771,1
P02729,A00394,2
P02729,A00264,3
P02729,A05644,4
P02729,A06772,5
P02730,A03129,1
P02730,A03917,2
P02731,A06773,1
P02731,A04163,2
P02731,A05742,3
P02731,A04648,4
P02731,A06774,5
P02731,A03003,6
P02731,A04296,7
P02731,A06775,8
P02731,A05182,9
P02731,A00909,10
P02731,A06776,11
P02732,A03170,1
P02733,A02095,1
P02733,A00651,2
P02733,A01085,3
P02734,A06777,1
P02734,A06778,2
P02734,A06779,3
P02734,A06780,4
P02734,A06781,5
P02735,A06782,1
P02735,A06783,2
P02735,A06784,3
P02735,A06785,4
P02735,A06786,5
P02735,A05604,6
P02735,A06787,7
P02735,A06788,8
P02735,A06789,9
P02735,A06790,10
P02735,A06791,11
P02735,A06792,12
P02735,A06793,13
P02736,A06669,1
P02736,A00922,2
P02736,A05323,3
P02736,A04565,4
P02736,A02095,5
P02736,A01521,6
P02736,A02947,7
P02736,A02325,8
P02736,A04134,9
P02736,A01743,10
P02736,A04978,11
P02737,A04291,1
P02737,A04363,2
P02737,A03830,3
P02737,A00171,4
P02737,A03813,5
P02737,A00584,6
P02737,A06794,7
P02737,A06795,8
P02737,A00455,9
P02737,A01277,10
P02737,A01274,11
P02737,A01278,12
P02738,A06600,1
P02738,A00815,2
P02739,A05665,1
P02739,A00360,2
P02739,A01324,3
P02739,A05088,4
P02739,A00260,5
P02739,A05666,6
P02739,A04511,7
P02739,A02323,8
P02739,A06796,9
P02739,A03201,10
P02739,A02126,11
P02739,A02114,12
P02739,A06797,13
P02739,A02302,14
P02739,A00197,15
P02740,A06798,1
P02740,A01095,2
P02740,A01409,3
P02740,A06566,4
P02740,A03010,5
P02741,A06799,1
P02741,A01026,2
P02741,A06800,3
P02741,A01931,4
P02741,A06801,5
P02742,A01743,1
P02742,A00408,2
P02742,A02325,3
P02742,A04798,4
P02742,A04195,5
P02742,A01535,6
P02743,A06802,1
P02743,A04433,2
P02743,A03041,3
P02743,A03040,4
P02743,A06803,5
P02743,A00987,6
P02743,A00597,7
P02744,A01009,1
P02744,A03822,2
P02744,A03672,3
P02744,A03003,4
P02744,A06804,5
P02744,A00597,6
P02744,A00762,7
P02744,A00180,8
P02744,A06805,9
P02744,A02096,10
P02744,A01039,11
P02745,A06806,1
P02745,A06807,2
P02745,A06808,3
P02745,A06809,4
P02745,A06810,5
P02746,A06811,1
P02746,A03309,2
P02746,A05456,3
P02746,A04865,4
P02746,A06812,5
P02746,A06813,6
P02746,A00432,7
P02746,A06814,8
P02746,A01216,9
P02747,A01560,1
P02747,A06815,2
P02747,A06816,3
P02747,A06811,4
P02747,A06817,5
P02747,A06818,6
P02748,A06819,1
P02748,A06820,2
P02749,A06821,1
P02749,A06822,2
P02749,A06823,3
P02749,A06824,4
P02749,A06825,5
P02749,A06826,6
P02749,A06827,7
P02749,A06828,8
P02750,A00692,1
P02750,A01232,2
P02750,A06829,3
P02750,A02571,4
P02750,A04617,5
P02750,A03013,6
P02750,A04618,7
P02750,A06830,8
P02750,A00988,9
P02750,A00994,10
P02750,A01535,11
P02750,A00990,12
P02750,A01277,13
P02750,A00597,14
P02750,A00974,15
P02750,A03449,16
P02750,A02889,17
P02750,A02023,18
P02750,A02436,19
P02750,A06258,20
P02750,A06831,21
P02750,A06832,22
P02751,A06833,1
P02751,A04241,2
P02751,A00987,3
P02751,A03914,4
P02752,A02205,1
P02752,A06834,2
P02752,A03877,3
P02752,A02206,4
P02752,A03979,5
P02752,A02204,6
P02752,A02436,7
P02752,A00151,8
P02752,A04740,9
P02752,A00676,10
P02752,A06835,11
P02752,A03234,12
P02752,A06836,13
P02752,A04678,14
P02752,A02858,15
P02753,A03403,1
P02753,A02587,2
P02753,A04186,3
P02753,A01560,4
P02753,A06670,5
P02753,A00757,6
P02754,A06837,1
P02754,A06838,2
P02754,A06839,3
P02754,A06840,4
P02754,A06841,5
P02754,A06842,6
P02754,A00815,7
P02754,A06843,8
P02754,A06844,9
P02754,A06845,10
P02754,A06846,11
P02754,A06847,12
P02754,A06848,13
P02754,A06849,14
P02754,A06850,15
P02754,A06851,16
P02754,A06852,17
P02754,A06853,18
P02754,A06854,19
P02754,A06855,20
P02754,A06856,21
P02755,A06857,1
P02755,A06858,2
P02756,A06859,1
P02756,A01283,2
P02756,A06050,3
P02756,A06860,4
P02756,A03424,5
P02756,A03357,6
P02756,A02053,7
P02756,A06861,8
P02757,A02678,1
P02757,A00732,2
P02757,A06742,3
P02757,A00180,4
P02757,A01536,5
P02757,A03170,6
P02757,A00585,7
P02758,A04186,1
P02758,A00757,2
P02758,A05828,3
P02759,A05508,1
P02759,A02437,2
P02759,A00757,3
P02759,A01522,4
P02759,A05509,5
P02759,A02591,6
P02759,A05510,7
P02759,A00180,8
P02759,A00554,9
P02760,A04225,1
P02760,A04224,2
P02761,A06026,1
P02761,A06862,2
P02761,A06863,3
P02761,A06864,4
P02761,A06865,5
P02761,A06866,6
P02761,A06867,7
P02761,A06868,8
P02761,A06869,9
P02761,A06028,10
P02762,A05490,1
P02762,A06870,2
P02762,A05488,3
P02762,A05618,4
P02763,A06226,1
P02763,A05177,2
P02763,A06227,3
P02763,A06230,4
P02763,A06231,5
P02763,A06871,6
P02763,A05097,7
P02763,A06228,8
P02763,A04194,9
P02763,A06233,10
P02763,A04205,11
P02763,A06234,12
P02764,A04272,1
P02764,A04296,2
P02764,A04982,3
P02764,A00597,4
P02764,A06872,5
P02764,A06873,6
P02765,A03214,1
P02765,A01009,2
P02765,A06067,3
P02765,A03822,4
P02765,A03003,5
P02765,A03672,6
P02765,A02893,7
P02765,A02870,8
P02766,A06874,1
P02766,A06048,2
P02766,A04405,3
P02766,A06875,4
P02767,A06876,1
P02767,A06877,2
P02768,A00784,1
P02768,A06878,2
P02768,A06879,3
P02768,A02296,4
P02768,A05671,5
P02768,A06218,6
P02769,A06880,1
P02769,A02471,2
P02769,A02470,3
P02769,A00151,4
P02770,A06881,1
P02770,A06882,2
P02771,A05793,1
P02771,A05794,2
P02772,A04734,1
P02772,A02094,2
P02773,A06883,1
P02773,A06210,2
P02773,A06209,3
P02773,A06884,4
P02773,A06211,5
P02773,A06212,6
P02773,A06885,7
P02773,A04239,8
P02773,A06886,9
P02773,A06887,10
P02773,A06888,11
P02774,A02296,1
P02774,A06889,2
P02774,A03392,3
P02774,A06890,4
P02775,A06891,1
P02775,A06892,2
P02775,A06893,3
P02775,A06894,4
P02776,A06895,1
P02776,A06896,2
P02776,A06897,3
P02777,A05718,1
P02777,A05719,2
P02777,A05720,3
P02777,A05721,4
P02777,A05722,5
P02777,A06898,6
P02777,A06899,7
P02777,A05723,8
P02777,A05724,9
P02777,A05725,10
P02777,A05726,11
P02777,A06900,12
P02777,A05727,13
P02777,A05728,14
P02777,A06901,15
P02777,A05729,16
P02777,A05730,17
P02777,A05731,18
P02778,A05742,1
P02778,A03003,2
P02778,A06902,3
P02778,A01201,4
P02778,A01943,5
P02778,A02359,6
P02778,A02631,7
P02778,A02609,8
P02779,A02779,1
P02779,A03131,2
P02779,A01270,3
P02779,A06836,4
P02779,A03234,5
P02779,A01817,6
P02779,A05749,7
P02779,A04678,8
P02779,A06246,9
P02779,A02204,10
P02779,A03132,11
P02779,A06835,12
P02779,A02205,13
P02779,A05067,14
P02779,A00655,15
P02780,A04746,1
P02780,A00732,2
P02780,A02678,3
P02781,A00584,1
P02781,A06903,2
P02781,A00325,3
P02781,A01710,4
P02781,A06904,5
P02782,A06905,1
P02782,A06906,2
P02782,A03060,3
P02782,A00180,4
P02782,A06907,5
P02783,A06908,1
P02783,A01715,2
P02783,A06909,3
P02783,A06910,4
P02783,A06911,5
P02783,A06912,6
P02783,A06913,7
P02784,A06914,1
P02784,A04059,2
P02784,A04216,3
P02784,A06915,4
P02784,A06916,5
P02784,A03977,6
P02785,A03129,1
P02785,A03917,2
P02786,A06917,1
P02786,A01537,2
P02786,A06918,3
P02786,A02325,4
P02786,A00171,5
P02786,A00974,6
P02786,A00994,7
P02786,A06919,8
P02786,A04667,9
P02787,A06920,1
P02787,A06921,2
P02788,A06922,1
P02788,A03442,2
P02788,A05622,3
P02788,A04059,4
P02788,A02904,5
P02789,A01430,1
P02789,A00815,2
P02789,A06923,3
P02789,A03995,4
P02789,A02741,5
P02789,A06924,6
P02790,A06925,1
P02790,A06926,2
P02790,A06927,3
P02790,A04355,4
P02791,A01460,1
P02791,A00864,2
P02791,A06928,3
P02791,A01615,4
P02791,A01124,5
P02791,A06929,6
P02792,A06930,1
P02792,A05282,2
P02792,A05283,3
P02793,A02689,1
P02793,A03980,2
P02793,A00732,3
P02793,A05828,4
P02793,A05097,5
P02793,A01690,6
P02793,A00437,7
P02793,A00815,8
P02794,A06931,1
P02794,A03742,2
P02794,A02847,3
P02794,A02719,4
P02794,A02436,5
P02794,A00922,6
P02794,A02023,7
P02794,A02851,8
P02795,A04582,1
P02795,A04583,2
P02796,A06932,1
P02796,A06933,2
P02796,A06934,3
P02796,A06935,4
P02796,A06936,5
P02796,A06937,6
P02796,A06938,7
P02797,A06398,1
P02797,A01423,2
P02797,A00180,3
P02797,A04296,4
P02797,A02325,5
P02797,A00655,6
P02797,A03003,7
P02797,A01016,8
P02797,A00597,9
P02798,A00595,1
P02798,A01270,2
P02798,A02095,3
P02798,A00180,4
P02798,A00762,5
P02798,A01783,6
P02799,A05579,1
P02799,A05516,2
P02800,A06939,1
P02800,A06940,2
P02800,A06941,3
P02800,A06942,4
P02800,A06943,5
P02800,A06944,6
P02800,A06945,7
P02800,A06946,8
P02800,A06947,9
P02800,A06948,10
P02801,A04740,1
P02801,A04742,2
P02801,A01817,3
P02801,A06949,4
P02801,A03234,5
P02801,A06835,6
P02801,A02205,7
P02801,A06950,8
P02801,A06836,9
P02801,A06951,10
P02801,A06952,11
P02802,A06953,1
P02802,A06954,2
P02802,A06955,3
P02802,A06956,4
P02803,A06126,1
P02803,A02436,2
P02803,A04619,3
P02804,A06957,1
P02804,A06958,2
P02804,A06959,3
P02804,A06960,4
P02804,A06961,5
P02804,A06962,6
P02804,A02024,7
P02804,A00408,8
P02804,A06963,9
P02805,A06964,1
P02805,A06965,2
P02805,A06966,3
P02806,A06967,1
P02806,A01084,2
P02806,A02413,3
P02806,A03263,4
P02807,A06968,1
P02807,A01312,2
P02807,A06969,3
P02807,A02114,4
P02807,A00360,5
P02807,A06970,6
P02808,A03672,1
P02808,A03003,2
P02808,A01201,3
P02808,A03015,4
P02808,A06924,5
P02808,A01943,6
P02808,A01941,7
P02809,A05665,1
P02809,A00360,2
P02809,A01324,3
P02809,A01552,4
P02809,A02561,5
P02809,A04511,6
P02809,A00676,7
P02809,A04503,8
P02809,A06971,9
P02809,A05088,10
P02809,A02323,11
P02809,A03970,12
P02809,A02114,13
P02809,A04035,14
P02809,A06972,15
P02809,A02411,16
P02809,A01322,17
P02809,A03810,18
P02809,A00260,19
P02809,A01291,20
P02809,A03204,21
P02809,A06973,22
P02809,A04510,23
P02809,A02004,24
P02809,A02255,25
P02809,A06974,26
P02809,A05666,27
P02809,A06975,28
P02809,A04504,29
P02809,A02555,30
P02810,A06976,1
P02810,A06977,2
P02810,A06978,3
P02810,A06979,4
P02810,A06980,5
P02810,A06981,6
P02811,A00692,1
P02811,A01232,2
P02811,A06982,3
P02811,A06983,4
P02811,A06984,5
P02811,A06985,6
P02811,A06986,7
P02811,A03948,8
P02811,A06987,9
P02811,A04390,10
P02811,A00994,11
P02811,A01730,12
P02811,A06988,13
P02811,A03449,14
P02811,A02528,15
P02811,A01715,16
P02811,A04296,17
P02811,A02663,18
P02811,A01713,19
P02811,A00988,20
P02811,A00171,21
P02811,A00974,22
P02812,A02413,1
P02812,A01084,2
P02812,A03263,3
P02812,A06989,4
P02813,A05795,1
P02813,A02271,2
P02813,A04909,3
P02813,A02869,4
P02813,A04619,5
P02813,A04621,6
P02813,A01943,7
P02813,A05796,8
P02814,A06990,1
P02814,A06991,2
P02814,A06992,3
P02814,A06993,4
P02814,A06994,5
P02814,A06995,6
P02814,A06996,7
P02814,A02467,8
P02815,A06204,1
P02815,A06205,2
P02815,A06997,3
P02815,A06998,4
P02815,A02591,5
P02816,A02963,1
P02816,A05556,2
P02816,A04228,3
P02816,A00815,4
P02816,A02609,5
P02817,A05701,1
P02817,A00815,2
P02817,A03003,3
P02817,A06999,4
P02817,A03401,5
P02817,A04631,6
P02817,A06067,7
P02817,A02972,8
P02817,A07000,9
P02817,A00151,10
P02817,A07001,11
P02817,A00115,12
P02817,A07002,13
P02817,A04565,14
P02817,A07003,15
P02817,A03486,16
P02818,A07004,1
P02818,A05179,2
P02818,A00292,3
P02818,A01527,4
P02818,A01782,5
P02819,A02779,1
P02819,A07005,2
P02819,A01758,3
P02819,A07006,4
P02819,A04296,5
P02819,A00975,6
P02820,A05607,1
P02820,A03161,2
P02820,A05609,3
P02820,A07007,4
P02820,A05610,5
P02820,A05608,6
P02820,A01095,7
P02820,A02094,8
P02820,A00406,9
P02820,A05611,10
P02821,A07008,1
P02821,A06895,2
P02821,A07009,3
P02822,A07010,1
P02822,A07011,2
P02822,A05788,3
P02822,A07012,4
P02823,A06187,1
P02823,A00369,2
P02823,A05200,3
P02823,A07013,4
P02824,A06187,1
P02824,A00757,2
P02824,A02587,3
P02824,A07014,4
P02825,A05793,1
P02825,A05794,2
P02826,A03822,1
P02826,A01430,2
P02826,A03003,3
P02826,A00815,4
P02827,A05920,1
P02827,A02095,2
P02827,A00922,3
P02827,A04629,4
P02827,A04630,5
P02828,A01347,1
P02828,A07015,2
P02828,A01250,3
P02828,A04234,4
P02828,A01065,5
P02829,A07016,1
P02829,A07017,2
P02829,A04613,3
P02829,A07018,4
P02829,A07019,5
P02829,A07020,6
P02829,A07021,7
P02829,A07022,8
P02830,A00732,1
P02830,A01007,2
P02830,A07023,3
P02830,A02689,4
P02830,A04186,5
P02831,A07024,1
P02831,A07025,2
P02831,A07026,3
P02831,A07027,4
P02832,A01800,1
P02832,A02417,2
P02833,A07028,1
P02833,A07029,2
P02833,A07030,3
P02833,A07031,4
P02833,A07032,5
P02833,A07033,6
P02833,A07034,7
P02833,A07035,8
P02833,A07036,9
P02833,A07037,10
P02833,A07038,11
P02833,A07039,12
P02833,A07040,13
P02833,A07041,14
P02833,A07042,15
P02833,A03361,16
P02833,A07043,17
P02833,A07044,18
P02833,A07045,19
P02833,A07046,20
P02833,A07047,21
P02833,A07048,22
P02833,A07049,23
P02833,A07050,24
P02833,A07051,25
P02833,A07052,26
P02833,A07053,27
P02834,A06617,1
P02834,A06578,2
P02834,A06619,3
P02834,A07054,4
P02834,A07055,5
P02834,A06616,6
P02834,A07056,7
P02834,A06185,8
P02834,A06615,9
P02834,A06620,10
P02834,A06621,11
P02834,A02823,12
P02834,A07057,13
P02834,A07058,14
P02834,A07059,15
P02834,A06618,16
P02834,A07060,17
P02834,A07061,18
P02834,A05654,19
P02835,A04812,1
P02835,A04814,2
P02836,A07062,1
P02836,A07063,2
P02836,A07064,3
P02836,A07065,4
P02836,A07066,5
P02836,A07067,6
P02836,A07068,7
P02836,A07069,8
P02836,A07070,9
P02836,A07071,10
P02837,A06679,1
P02837,A03328,2
P02837,A04192,3
P02837,A03296,4
P02837,A05680,5
P02838,A01536,1
P02838,A00709,2
P02838,A02689,3
P02838,A01563,4
P02838,A07072,5
P02838,A01560,6
P02839,A07073,1
P02839,A07074,2
P02839,A07075,3
P02840,A06716,1
P02840,A07076,2
P02840,A07077,3
P02840,A06730,4
P02840,A06705,5
P02840,A06706,6
P02840,A07078,7
P02840,A06720,8
P02840,A07079,9
P02840,A07080,10
P02840,A07081,11
P02840,A07082,12
P02840,A07083,13
P02840,A07084,14
P02840,A07085,15
P02840,A06723,16
P02840,A06707,17
P02840,A07086,18
P02840,A07087,19
P02840,A06709,20
P02840,A07088,21
P02840,A07089,22
P02840,A07090,23
P02840,A07091,24
P02840,A07092,25
P02840,A07093,26
P02840,A06741,27
P02840,A06711,28
P02840,A04547,29
P02840,A07094,30
P02840,A07095,31
P02840,A04545,32
P02840,A06712,33
P02840,A07096,34
P02840,A06737,35
P02840,A07097,36
P02840,A07098,37
P02840,A07099,38
P02840,A04548,39
P02840,A07100,40
P02840,A07101,41
P02840,A07102,42
P02840,A07103,43
P02840,A07104,44
P02840,A07105,45
P02840,A07106,46
P02841,A07107,1
P02841,A07108,2
P02841,A07109,3
P02841,A07110,4
P02841,A07111,5
P02842,A01430,1
P02842,A00815,2
P02842,A07112,3
P02842,A01690,4
P02842,A00151,5
P02843,A02588,1
P02843,A05556,2
P02843,A01690,3
P02843,A00815,4
P02843,A05555,5
P02844,A07113,1
P02844,A02204,2
P02844,A07114,3
P02844,A07115,4
P02844,A00676,5
P02844,A06950,6
P02844,A06835,7
P02844,A06836,8
P02844,A07116,9
P02844,A00930,10
P02844,A00597,11
P02844,A03979,12
P02844,A03835,13
P02844,A06247,14
P02844,A02858,15
P02845,A00360,1
P02845,A05665,2
P02845,A02255,3
P02845,A07117,4
P02845,A02006,5
P02845,A04035,6
P02845,A01324,7
P02845,A07118,8
P02845,A00260,9
P02845,A02302,10
P02845,A00180,11
P02845,A07119,12
P02845,A03810,13
P02845,A02126,14
P02845,A01652,15
P02845,A07120,16
P02845,A07121,17
P02845,A03391,18
P02845,A03207,19
P02845,A00866,20
P02845,A02023,21
P02845,A02411,22
P02845,A07122,23
P02845,A07123,24
P02845,A03201,25
P02845,A04514,26
P02845,A04504,27
P02845,A04509,28
P02845,A04502,29
P02845,A02555,30
P02845,A07124,31
P02846,A06697,1
P02846,A07125,2
P02846,A06695,3
P02846,A06698,4
P02846,A04882,5
P02846,A06696,6
P02846,A05471,7
P02846,A04879,8
P02847,A03990,1
P02847,A03716,2
P02847,A03150,3
P02847,A07126,4
P02848,A07127,1
P02848,A07128,2
P02848,A07129,3
P02848,A07130,4
P02848,A07131,5
P02848,A07132,6
P02848,A07133,7
P02849,A04035,1
P02849,A01324,2
P02849,A00360,3
P02849,A04509,4
P02849,A04508,5
P02849,A04502,6
P02849,A04504,7
P02849,A02555,8
P02849,A00988,9
P02849,A00455,10
P02849,A04363,11
P02849,A00260,12
P02849,A02561,13
P02849,A03810,14
P02849,A02126,15
P02849,A07134,16
P02849,A02114,17
P02850,A00922,1
P02850,A01743,2
P02850,A00863,3
P02850,A02325,4
P02850,A04195,5
P02850,A03914,6
P02850,A00990,7
P02850,A01521,8
P02850,A02024,9
P02850,A01067,10
P02850,A05664,11
P02850,A01535,12
P02850,A00974,13
P02850,A04977,14
P02850,A03625,15
P02850,A01180,16
P02851,A02719,1
P02851,A02660,2
P02852,A06953,1
P02852,A06954,2
P02852,A06956,3
P02853,A02779,1
P02853,A04296,2
P02853,A01758,3
P02853,A06124,4
P02853,A05343,5
P02853,A02781,6
P02853,A00975,7
P02854,A04582,1
P02854,A04584,2
P02854,A04583,3
P02855,A07135,1
P02855,A07136,2
P02855,A04696,3
P02856,A02093,1
P02856,A00863,2
P02856,A07137,3
P02857,A06456,1
P02857,A06457,2
P02857,A06458,3
P02857,A06459,4
P02857,A06460,5
P02857,A06461,6
P02857,A07138,7
P02857,A06462,8
P02857,A06463,9
P02857,A06464,10
P02857,A06465,11
P02857,A06466,12
P02857,A03756,13
P02857,A07139,14
P02857,A06468,15
P02857,A06469,16
P02857,A06471,17
P02857,A06472,18
P02857,A06473,19
P02857,A07140,20
P02857,A07141,21
P02857,A06474,22
P02857,A06476,23
P02857,A06477,24
P02857,A06478,25
P02857,A07142,26
P02857,A07143,27
P02857,A06481,28
P02857,A07144,29
P02857,A06482,30
P02857,A06483,31
P02857,A06484,32
P02857,A06485,33
P02857,A07145,34
P02857,A03761,35
P02857,A07146,36
P02857,A06488,37
P02857,A07147,38
P02857,A06489,39
P02857,A06491,40
P02857,A07148,41
P02857,A07149,42
P02857,A06494,43
P02857,A06495,44
P02857,A06496,45
P02857,A06497,46
P02857,A06498,47
P02857,A06499,48
P02857,A06500,49
P02857,A07150,50
P02857,A06501,51
P02857,A06502,52
P02857,A06503,53
P02857,A06504,54
P02857,A06505,55
P02857,A06506,56
P02857,A06507,57
P02857,A07151,58
P02857,A06509,59
P02857,A06510,60
P02857,A06511,61
P02857,A06512,62
P02857,A07152,63
P02857,A06514,64
P02857,A06515,65
P02857,A06516,66
P02857,A06518,67
P02857,A06519,68
P02857,A07153,69
P02857,A07154,70
P02858,A07155,1
P02858,A07156,2
P02858,A07157,3
P02858,A07158,4
P02858,A07159,5
P02858,A07160,6
P02858,A07161,7
P02858,A07162,8
P02859,A04734,1
P02859,A04736,2
P02859,A04735,3
P02859,A07163,4
P02860,A05000,1
P02860,A03980,2
P02860,A05002,3
P02860,A05001,4
P02860,A07164,5
P02861,A07165,1
P02862,A03696,1
P02862,A04945,2
P02862,A03697,3
P02862,A00987,4
P02862,A02233,5
P02862,A00597,6
P02862,A07166,7
P02862,A01402,8
P02863,A03672,1
P02863,A06872,2
P02863,A03003,3
P02863,A01943,4
P02863,A00591,5
P02863,A01016,6
P02863,A01039,7
P02864,A06243,1
P02864,A02436,2
P02864,A02798,3
P02864,A00151,4
P02864,A03486,5
P02865,A07167,1
P02865,A02741,2
P02865,A02689,3
P02865,A00815,4
P02865,A05828,5
P02866,A07168,1
P02866,A04165,2
P02866,A01471,3
P02866,A05165,4
P02866,A05166,5
P02866,A07169,6
P02867,A04192,1
P02867,A00585,2
P02868,A02893,1
P02868,A03003,2
P02868,A01201,3
P02868,A07170,4
P02868,A03734,5
P02868,A00815,6
P02869,A07171,1
P02869,A00180,2
P02869,A01423,3
P02869,A03058,4
P02870,A06126,1
P02870,A02436,2
P02870,A02354,3
P02870,A07172,4
P02871,A07173,1
P02871,A06775,2
P02871,A04163,3
P02871,A07174,4
P02871,A06776,5
P02871,A01521,6
P02871,A02947,7
P02871,A07175,8
P02871,A07176,9
P02871,A04955,10
P02871,A07177,11
P02871,A07178,12
P02871,A07179,13
P02871,A01665,14
P02871,A03158,15
P02871,A03210,16
P02872,A07173,1
P02872,A06775,2
P02872,A04163,3
P02872,A07174,4
P02872,A06776,5
P02872,A01521,6
P02872,A02947,7
P02872,A03216,8
P02872,A07175,9
P02872,A07176,10
P02872,A04955,11
P02872,A07177,12
P02872,A07178,13
P02872,A07179,14
P02872,A07180,15
P02872,A03158,16
P02872,A07181,17
P02873,A07182,1
P02873,A02597,2
P02873,A07183,3
P02873,A04614,4
P02873,A07184,5
P02873,A02598,6
P02874,A05097,1
P02874,A00709,2
P02874,A01016,3
P02875,A02597,1
P02875,A02598,2
P02875,A04400,3
P02875,A00443,4
P02875,A02798,5
P02875,A02088,6
P02875,A07185,7
P02875,A07186,8
P02876,A03436,1
P02876,A03672,2
P02876,A03003,3
P02876,A04631,4
P02876,A07187,5
P02876,A00762,6
P02877,A07188,1
P02877,A02598,2
P02877,A04236,3
P02877,A02597,4
P02877,A04614,5
P02877,A07189,6
P02877,A03746,7
P02877,A03745,8
P02877,A02599,9
P02877,A07190,10
P02878,A07191,1
P02878,A07192,2
P02878,A07193,3
P02878,A05474,4
P02878,A07194,5
P02878,A07195,6
P02879,A06552,1
P02879,A06553,2
P02879,A06554,3
P02879,A06555,4
P02880,A04002,1
P02880,A02812,2
P02880,A01095,3
P02880,A07196,4
P02880,A07197,5
P02880,A05840,6
P02880,A03215,7
P02880,A07198,8
P02880,A07199,9
P02880,A07200,10
P02880,A04648,11
P02881,A01540,1
P02881,A01039,2
P02881,A00585,3
P02881,A00180,4
P02881,A00151,5
P02881,A05749,6
P02881,A07201,7
P02881,A06247,8
P02881,A06246,9
P02881,A07113,10
P02881,A07114,11
P02881,A07115,12
P02881,A07202,13
P02881,A04509,14
P02881,A06836,15
P02881,A03032,16
P02881,A07116,17
P02881,A07203,18
P02881,A07204,19
P02881,A07205,20
P02881,A07206,21
P02881,A02204,22
P02881,A02858,23
P02882,A04643,1
P02882,A07207,2
P02882,A03010,3
P02882,A01865,4
P02883,A06398,1
P02883,A00180,2
P02883,A01423,3
P02883,A07208,4
P02883,A04643,5
P02883,A04296,6
P02883,A04766,7
P02884,A04433,1
P02884,A04945,2
P02884,A03881,3
P02884,A00987,4
P02884,A05577,5
P02884,A02384,6
P02884,A01402,7
P02885,A06834,1
P02885,A02205,2
P02885,A03877,3
P02885,A03234,4
P02885,A04976,5
P02885,A02206,6
P02885,A02436,7
P02885,A02204,8
P02885,A03979,9
P02885,A06950,10
P02885,A00151,11
P02885,A03828,12
P02885,A02435,13
P02885,A00676,14
P02885,A06835,15
P02885,A06836,16
P02885,A04678,17
P02885,A02858,18
P02885,A06367,19
P02886,A07209,1
P02886,A07210,2
P02886,A07211,3
P02886,A07212,4
P02887,A07213,1
P02887,A07214,2
P02887,A07215,3
P02887,A07216,4
P02887,A07217,5
P02887,A07218,6
P02888,A06836,1
P02888,A05749,2
P02888,A02661,3
P02888,A03132,4
P02888,A07219,5
P02888,A01782,6
P02888,A07220,7
P02888,A03828,8
P02888,A02436,9
P02888,A01786,10
P02888,A02204,11
P02888,A07221,12
P02888,A07202,13
P02888,A02858,14
P02889,A06679,1
P02889,A04189,2
P02889,A07222,3
P02889,A07223,4
P02889,A03166,5
P02889,A02597,6
P02890,A07224,1
P02890,A07225,2
P02890,A07226,3
P02890,A07227,4
P02890,A07228,5
P02891,A05712,1
P02891,A05713,2
P02891,A07229,3
P02891,A07230,4
P02892,A02200,1
P02892,A07231,2
P02892,A03800,3
P02892,A07232,4
P02892,A07233,5
P02892,A00963,6
P02892,A07234,7
P02892,A03651,8
P02892,A01703,9
P02892,A00833,10
P02892,A02709,11
P02892,A07235,12
P02892,A07236,13
P02892,A07237,14
P02892,A07238,15
P02892,A07239,16
P02892,A07240,17
P02893,A02200,1
P02893,A07231,2
P02893,A03800,3
P02893,A07232,4
P02893,A07233,5
P02893,A00963,6
P02893,A07234,7
P02893,A03651,8
P02893,A01703,9
P02893,A00833,10
P02893,A02709,11
P02893,A07235,12
P02893,A07236,13
P02893,A07237,14
P02893,A07238,15
P02893,A07239,16
P02893,A07240,17
P02894,A07241,1
P02894,A07242,2
P02894,A07243,3
P02894,A07244,4
P02895,A03644,1
P02895,A03643,2
P02895,A00584,3
P02895,A01521,4
P02895,A02522,5
P02895,A05664,6
P02895,A07245,7
P02895,A03830,8
P02895,A04363,9
P02895,A01194,10
P02895,A04360,11
P02895,A00171,12
P02895,A00455,13
P02895,A02867,14
P02896,A04343,1
P02896,A07246,2
P02897,A01358,1
P02897,A03209,2
P02898,A07247,1
P02898,A07248,2
P02898,A07249,3
P02899,A07250,1
P02899,A04052,2
P02899,A07251,3
P02899,A07252,4
P02900,A07253,1
P02900,A04316,2
P02900,A07254,3
P02901,A05014,1
P02901,A06894,2
P02901,A01715,3
P02902,A07255,1
P02902,A05708,2
P02902,A02681,3
P02902,A03296,4
P02902,A03059,5
P02902,A02460,6
P02902,A02597,7
P02902,A07256,8
P02903,A07257,1
P02903,A02395,2
P02903,A03671,3
P02904,A01521,1
P02904,A02325,2
P02904,A01637,3
P02904,A06918,4
P02904,A00922,5
P02904,A01743,6
P02904,A01537,7
P02904,A02016,8
P02904,A02017,9
P02904,A04798,10
P02904,A02947,11
P02904,A00974,12
P02905,A05233,1
P02905,A04355,2
P02906,A06198,1
P02906,A07258,2
P02906,A06199,3
P02906,A07259,4
P02907,A07260,1
P02907,A07261,2
P02907,A07262,3
P02907,A07263,4
P02907,A07264,5
P02908,A06247,1
P02908,A02204,2
P02908,A02631,3
P02908,A04976,4
P02908,A07265,5
P02908,A07266,6
P02908,A04678,7
P02908,A07267,8
P02908,A03835,9
P02908,A02668,10
P02908,A07268,11
P02908,A07269,12
P02908,A07270,13
P02908,A06246,14
P02908,A04676,15
P02908,A07271,16
P02908,A07272,17
P02908,A01527,18
P02908,A02660,19
P02908,A01783,20
P02909,A02003,1
P02909,A06410,2
P02909,A01805,3
P02909,A00865,4
P02910,A05190,1
P02910,A04098,2
P02910,A07273,3
P02910,A04086,4
P02910,A07274,5
P02910,A07275,6
P02910,A07276,7
P02911,A04186,1
P02911,A00757,2
P02911,A05338,3
P02911,A04194,4
P02911,A04922,5
P02911,A05441,6
P02911,A07277,7
P02911,A05828,8
P02911,A07278,9
P02912,A04995,1
P02912,A04996,2
P02912,A00909,3
P02912,A00998,4
P02912,A02522,5
P02912,A00584,6
P02912,A04997,7
P02912,A04999,8
P02913,A00295,1
P02913,A07279,2
P02913,A07280,3
P02913,A07281,4
P02913,A02244,5
P02913,A07282,6
P02913,A07283,7
P02914,A04583,1
P02914,A04582,2
P02915,A01125,1
P02915,A06275,2
P02915,A07284,3
P02916,A02779,1
P02916,A04195,2
P02916,A01101,3
P02916,A00922,4
P02916,A00975,5
P02917,A07285,1
P02917,A00264,2
P02917,A05536,3
P02917,A01521,4
P02917,A02812,5
P02918,A07286,1
P02918,A07287,2
P02918,A03164,3
P02918,A03165,4
P02919,A05664,1
P02919,A03830,2
P02919,A00171,3
P02919,A04360,4
P02919,A01194,5
P02919,A00455,6
P02920,A07288,1
P02920,A07289,2
P02920,A07290,3
P02920,A07291,4
P02920,A07292,5
P02921,A07293,1
P02921,A07294,2
P02921,A07108,3
P02921,A07295,4
P02921,A07296,5
P02921,A07297,6
P02922,A07298,1
P02922,A06224,2
P02922,A07299,3
P02922,A07300,4
P02922,A07301,5
P02922,A07302,6
P02923,A04186,1
P02923,A00757,2
P02923,A06187,3
P02923,A07277,4
P02923,A05828,5
P02924,A00732,1
P02924,A05827,2
P02924,A07303,3
P02924,A05207,4
P02924,A04565,5
P02924,A02678,6
P02925,A07171,1
P02925,A07304,2
P02925,A00180,3
P02925,A01708,4
P02925,A07305,5
P02926,A07306,1
P02926,A07307,2
P02927,A04821,1
P02927,A07308,2
P02927,A01555,3
P02927,A07309,4
P02927,A04614,5
P02927,A02600,6
P02927,A02599,7
P02928,A07310,1
P02928,A07311,2
P02928,A07312,3
P02928,A02891,4
P02929,A07313,1
P02929,A07314,2
P02929,A07315,3
P02929,A07316,4
P02929,A00544,5
P02929,A07317,6
P02929,A07318,7
P02929,A07319,8
P02929,A05848,9
P02930,A06051,1
P02930,A02132,2
P02930,A07320,3
P02930,A07321,4
P02931,A07322,1
P02931,A07323,2
P02931,A04349,3
P02931,A07324,4
P02931,A07325,5
P02931,A07326,6
P02932,A07327,1
P02932,A07328,2
P02932,A07329,3
P02932,A07330,4
P02932,A07331,5
P02932,A07332,6
P02932,A07333,7
P02932,A07334,8
P02933,A06043,1
P02933,A06044,2
P02933,A06045,3
P02933,A07332,4
P02934,A07335,1
P02934,A02047,2
P02934,A02094,3
P02934,A04606,4
P02934,A04643,5
P02935,A06742,1
P02935,A01423,2
P02935,A00180,3
P02935,A07336,4
P02935,A01039,5
P02935,A00585,6
P02936,A07337,1
P02936,A07338,2
P02936,A07339,3
P02936,A06182,4
P02936,A04355,5
P02937,A07340,1
P02937,A07341,2
P02937,A07342,3
P02937,A07343,4
P02938,A07344,1
P02938,A07345,2
P02938,A07346,3
P02938,A07347,4
P02938,A07348,5
P02938,A07349,6
P02938,A07350,7
P02938,A07351,8
P02939,A01161,1
P02940,A07352,1
P02940,A01773,2
P02940,A02830,3
P02940,A07353,4
P02940,A07354,5
P02941,A05687,1
P02941,A05685,2
P02942,A07355,1
P02942,A07356,2
P02942,A07357,3
P02942,A07358,4
P02942,A07359,5
P02943,A06552,1
P02943,A07360,2
P02943,A06553,3
P02943,A06554,4
P02943,A02820,5
P02943,A06555,6
P02944,A07361,1
P02944,A07362,2
P02944,A07363,3
P02944,A07364,4
P02944,A03824,5
P02945,A07365,1
P02945,A07366,2
P02945,A07367,3
P02946,A07368,1
P02946,A07369,2
P02946,A07370,3
P02946,A07371,4
P02947,A04537,1
P02947,A07372,2
P02947,A07373,3
P02947,A02584,4
P02948,A04274,1
P02948,A07374,2
P02948,A00597,3
P02948,A03003,4
P02948,A03799,5
P02949,A07375,1
P02949,A01637,2
P02949,A01521,3
P02949,A07376,4
P02949,A04750,5
P02949,A00167,6
P02949,A07285,7
P02950,A07377,1
P02950,A07378,2
P02950,A06170,3
P02950,A07379,4
P02950,A07380,5
P02950,A07381,6
P02951,A07325,1
P02951,A03287,2
P02951,A06552,3
P02951,A07382,4
P02951,A07383,5
P02951,A07384,6
P02951,A07385,7
P02951,A07386,8
P02951,A07387,9
P02952,A07388,1
P02952,A07389,2
P02952,A02587,3
P02952,A07390,4
P02953,A02811,1
P02953,A02365,2
P02953,A03697,3
P02953,A00597,4
P02954,A05622,1
P02954,A07391,2
P02954,A07392,3
P02955,A07393,1
P02955,A07394,2
P02955,A07395,3
P02955,A07396,4
P02955,A03921,5
P02955,A07397,6
P02955,A07398,7
P02955,A07399,8
P02955,A07400,9
P02955,A07401,10
P02955,A07402,11
P02955,A07403,12
P02955,A07404,13
P02955,A03919,14
P02955,A07405,15
P02956,A07025,1
P02957,A03255,1
P02957,A07406,2
P02957,A07407,3
P02957,A03516,4
P02958,A07408,1
P02958,A05859,2
P02959,A07409,1
P02959,A07410,2
P02959,A07411,3
P02959,A07412,4
P02959,A07413,5
P02959,A07414,6
P02959,A07415,7
P02959,A07416,8
P02960,A01030,1
P02960,A04842,2
P02960,A01990,3
P02961,A05134,1
P02961,A07417,2
P02961,A05130,3
P02961,A05132,4
P02961,A05131,5
P02962,A06600,1
P02962,A00815,2
P02963,A03383,1
P02963,A00715,2
P02963,A01607,3
P02963,A02870,4
P02963,A07418,5
P02963,A01713,6
P02963,A00818,7
P02963,A03301,8
P02964,A04343,1
P02964,A07419,2
P02964,A07246,3
P02965,A07207,1
P02965,A03711,2
P02965,A05738,3
P02965,A07420,4
P02965,A01865,5
P02966,A07421,1
P02966,A07422,2
P02966,A07423,3
P02967,A07424,1
P02967,A07425,2
P02967,A07426,3
P02967,A07427,4
P02967,A05585,5
P02967,A07428,6
P02967,A07429,7
P02967,A07430,8
P02967,A07431,9
P02967,A05595,10
P02967,A05594,11
P02967,A05598,12
P02968,A07432,1
P02968,A07433,2
P02968,A07434,3
P02968,A02059,4
P02969,A06959,1
P02969,A07435,2
P02969,A07436,3
P02969,A00408,4
P02969,A07437,5
P02970,A05687,1
P02970,A06036,2
P02970,A06035,3
P02970,A05685,4
P02971,A06187,1
P02971,A00757,2
P02972,A03746,1
P02972,A02598,2
P02972,A03745,3
P02972,A04614,4
P02972,A07188,5
P02972,A02597,6
P02973,A07438,1
P02973,A02901,2
P02973,A03617,3
P02973,A07439,4
P02973,A07440,5
P02974,A07441,1
P02974,A07442,2
P02974,A07443,3
P02974,A07444,4
P02974,A06344,5
P02974,A01690,6
P02974,A05121,7
P02974,A00815,8
P02975,A07445,1
P02975,A06187,2
P02975,A00757,3
P02975,A02587,4
P02976,A04977,1
P02976,A00408,2
P02977,A01931,1
P02977,A01026,2
P02977,A07446,3
P02977,A02041,4
P02977,A06800,5
P02977,A06147,6
P02977,A06799,7
P02977,A07447,8
P02977,A07448,9
P02978,A07449,1
P02978,A07450,2
P02978,A07451,3
P02978,A07452,4
P02979,A07452,1
P02980,A07450,1
P02981,A07453,1
P02981,A07454,2
P02981,A07455,3
P02981,A07456,4
P02981,A07457,5
P02982,A01430,1
P02982,A06144,2
P02982,A01684,3
P02982,A01690,4
P02982,A01681,5
P02982,A00815,6
P02983,A07458,1
P02983,A02593,2
P02983,A07459,3
P02984,A07460,1
P02984,A07461,2
P02984,A07462,3
P02984,A07463,4
P02984,A07464,5
P02984,A07465,6
P02985,A05829,1
P02985,A03881,2
P02985,A00597,3
P02985,A03917,4
P02985,A02365,5
P02986,A07466,1
P02986,A02571,2
P02986,A04617,3
P02986,A07467,4
P02986,A03323,5
P02986,A05067,6
P02986,A00655,7
P02986,A00692,8
P02986,A00988,9
P02986,A00970,10
P02986,A04467,11
P02986,A01535,12
P02986,A00171,13
P02986,A02023,14
P02987,A04643,1
P02987,A01865,2
P02987,A07207,3
P02987,A01033,4
P02987,A05076,5
P02988,A07468,1
P02988,A07469,2
P02988,A07470,3
P02989,A07471,1
P02989,A02059,2
P02989,A07472,3
P02989,A07473,4
P02989,A07474,5
P02989,A07475,6
P02990,A07476,1
P02990,A07477,2
P02990,A04063,3
P02990,A02820,4
P02991,A07478,1
P02991,A07479,2
P02991,A07480,3
P02991,A07481,4
P02991,A07482,5
P02991,A07483,6
P02991,A04063,7
P02991,A07484,8
P02991,A07485,9
P02992,A02608,1
P02992,A04349,2
P02993,A02387,1
P02993,A02444,2
P02993,A04826,3
P02993,A02093,4
P02994,A03683,1
P02994,A02922,2
P02994,A04253,3
P02994,A03165,4
P02995,A04583,1
P02995,A04582,2
P02995,A04584,3
P02996,A03401,1
P02996,A00815,2
P02996,A03995,3
P02996,A01430,4
P02996,A00151,5
P02996,A03003,6
P02996,A03822,7
P02996,A01690,8
P02997,A00545,1
P02997,A03401,2
P02997,A00815,3
P02997,A01684,4
P02998,A07486,1
P02998,A07487,2
P02998,A07488,3
P02998,A07489,4
P02998,A07490,5
P02998,A07491,6
P02998,A07492,7
P02998,A07493,8
P02998,A07494,9
P02999,A05131,1
P02999,A00180,2
P02999,A01878,3
P02999,A01460,4
P02999,A03010,5
P02999,A01033,6
P02999,A01039,7
P02999,A00585,8
P02999,A02462,9
P02999,A01824,10
P02999,A03828,11
P02999,A00554,12
P03000,A07495,1
P03000,A07496,2
P03000,A06554,3
P03000,A07497,4
P03000,A07498,5
P03000,A07499,6
P03000,A07500,7
P03000,A07501,8
P03001,A05793,1
P03001,A05794,2
P03002,A06020,1
P03002,A07502,2
P03002,A06022,3
P03002,A06021,4
P03002,A06650,5
P03002,A07503,6
P03003,A07504,1
P03003,A07505,2
P03004,A06967,1
P03004,A01084,2
P03004,A02413,3
P03004,A03263,4
P03005,A04239,1
P03005,A07506,2
P03005,A05140,3
P03005,A02807,4
P03005,A06924,5
P03005,A06275,6
P03005,A07507,7
P03005,A07508,8
P03005,A06923,9
P03005,A04922,10
P03005,A06209,11
P03005,A06888,12
P03006,A07509,1
P03006,A07510,2
P03006,A07511,3
P03006,A07512,4
P03006,A07513,5
P03006,A07514,6
P03006,A00033,7
P03006,A04239,8
P03006,A05303,9
P03006,A07515,10
P03006,A06210,11
P03006,A06209,12
P03006,A01659,13
P03007,A01597,1
P03007,A01036,2
P03007,A07516,3
P03007,A01521,4
P03007,A05368,5
P03007,A07285,6
P03007,A02947,7
P03008,A07517,1
P03008,A07518,2
P03008,A07519,3
P03008,A07520,4
P03008,A07521,5
P03008,A07522,6
P03008,A07523,7
P03008,A07524,8
P03009,A02779,1
P03009,A06124,2
P03010,A07525,1
P03010,A07526,2
P03010,A07527,3
P03010,A01663,4
P03010,A01878,5
P03011,A03209,1
P03011,A05262,2
P03011,A04631,3
P03011,A01430,4
P03011,A02746,5
P03011,A04617,6
P03011,A06385,7
P03011,A03214,8
P03011,A02747,9
P03011,A04909,10
P03011,A07528,11
P03011,A07529,12
P03011,A07530,13
P03011,A06642,14
P03011,A02869,15
P03011,A05266,16
P03011,A06987,17
P03011,A00151,18
P03011,A00815,19
P03011,A07531,20
P03011,A05701,21
P03012,A06771,1
P03012,A00828,2
P03012,A00264,3
P03012,A05097,4
P03013,A07532,1
P03013,A07533,2
P03014,A07532,1
P03014,A07533,2
P03015,A07532,1
P03015,A07533,2
P03016,A07534,1
P03016,A07535,2
P03016,A07536,3
P03016,A07537,4
P03016,A07538,5
P03017,A04134,1
P03017,A06816,2
P03017,A07539,3
P03018,A07540,1
P03018,A07541,2
P03018,A06932,3
P03018,A06501,4
P03019,A07542,1
P03019,A07543,2
P03019,A02030,3
P03020,A05358,1
P03020,A07544,2
P03020,A04253,3
P03020,A07545,4
P03021,A07546,1
P03021,A07547,2
P03021,A07548,3
P03021,A06295,4
P03021,A07176,5
P03021,A03265,6
P03021,A07549,7
P03021,A06396,8
P03021,A04621,9
P03022,A07550,1
P03022,A07551,2
P03022,A07552,3
P03022,A07553,4
P03022,A07554,5
P03023,A07555,1
P03023,A05712,2
P03024,A07556,1
P03024,A04063,2
P03024,A06894,3
P03025,A03020,1
P03025,A01124,2
P03025,A03019,3
P03025,A07557,4
P03026,A03383,1
P03026,A00715,2
P03026,A01607,3
P03026,A03917,4
P03026,A02870,5
P03026,A03301,6
P03027,A05863,1
P03027,A07558,2
P03028,A06556,1
P03028,A03297,2
P03028,A06663,3
P03029,A05579,1
P03029,A07559,2
P03030,A07560,1
P03030,A07561,2
P03030,A07562,3
P03030,A07563,4
P03030,A07564,5
P03030,A07565,6
P03030,A07566,7
P03030,A07567,8
P03031,A07568,1
P03031,A07569,2
P03031,A07570,3
P03031,A07571,4
P03031,A07572,5
P03031,A05177,6
P03032,A03672,1
P03032,A06872,2
P03032,A03003,3
P03032,A01943,4
P03032,A00591,5
P03032,A01016,6
P03032,A01039,7
P03033,A06244,1
P03033,A02436,2
P03033,A04740,3
P03033,A06249,4
P03033,A05375,5
P03033,A00151,6
P03033,A06253,7
P03033,A06254,8
P03033,A06255,9
P03034,A07573,1
P03034,A00408,2
P03034,A07574,3
P03034,A07575,4
P03034,A04134,5
P03034,A07435,6
P03034,A06576,7
P03034,A07436,8
P03034,A07576,9
P03034,A07577,10
P03035,A04134,1
P03035,A07578,2
P03035,A06576,3
P03035,A06648,4
P03035,A05446,5
P03035,A02024,6
P03035,A02664,7
P03035,A01067,8
P03035,A07579,9
P03035,A00408,10
P03036,A07580,1
P03036,A02102,2
P03036,A03915,3
P03037,A06456,1
P03037,A06457,2
P03037,A06458,3
P03037,A06459,4
P03037,A06460,5
P03037,A06461,6
P03037,A07138,7
P03037,A06462,8
P03037,A06463,9
P03037,A06465,10
P03037,A07581,11
P03037,A06466,12
P03037,A03756,13
P03037,A06467,14
P03037,A07582,15
P03037,A06468,16
P03037,A06469,17
P03037,A06471,18
P03037,A07140,19
P03037,A03758,20
P03037,A06474,21
P03037,A06476,22
P03037,A06478,23
P03037,A06479,24
P03037,A06480,25
P03037,A06481,26
P03037,A07144,27
P03037,A06482,28
P03037,A06483,29
P03037,A06484,30
P03037,A06485,31
P03037,A06486,32
P03037,A03761,33
P03037,A07583,34
P03037,A07584,35
P03037,A06487,36
P03037,A06488,37
P03037,A07147,38
P03037,A07585,39
P03037,A06489,40
P03037,A06491,41
P03037,A06492,42
P03037,A06493,43
P03037,A06494,44
P03037,A06495,45
P03037,A06496,46
P03037,A06497,47
P03037,A06498,48
P03037,A06499,49
P03037,A06500,50
P03037,A07150,51
P03037,A06501,52
P03037,A06502,53
P03037,A06503,54
P03037,A06504,55
P03037,A06505,56
P03037,A06506,57
P03037,A06507,58
P03037,A07586,59
P03037,A06509,60
P03037,A06511,61
P03037,A06512,62
P03037,A06513,63
P03037,A06514,64
P03037,A06515,65
P03037,A06516,66
P03037,A07587,67
P03037,A06521,68
P03037,A06522,69
P03038,A04569,1
P03038,A00403,2
P03038,A07588,3
P03038,A00260,4
P03039,A02064,1
P03039,A01963,2
P03039,A07589,3
P03040,A06525,1
P03040,A04877,2
P03040,A05471,3
P03040,A04880,4
P03040,A04881,5
P03040,A04884,6
P03041,A03003,1
P03041,A03822,2
P03041,A03672,3
P03041,A07590,4
P03041,A04565,5
P03041,A00762,6
P03041,A00597,7
P03041,A07591,8
P03042,A07592,1
P03042,A07593,2
P03042,A07594,3
P03042,A07595,4
P03042,A07596,5
P03042,A05692,6
P03042,A07597,7
P03043,A07598,1
P03043,A07599,2
P03044,A05411,1
P03044,A03003,2
P03044,A03672,3
P03044,A02436,4
P03044,A00757,5
P03045,A07600,1
P03045,A07601,2
P03045,A07602,3
P03045,A07603,4
P03045,A06557,5
P03046,A07604,1
P03046,A07605,2
P03046,A07606,3
P03046,A07607,4
P03047,A06080,1
P03047,A07608,2
P03048,A07609,1
P03048,A07610,2
P03048,A04676,3
P03048,A05405,4
P03048,A07611,5
P03048,A04707,6
P03049,A07612,1
P03049,A07613,2
P03049,A07614,3
P03049,A04192,4
P03050,A07171,1
P03050,A01423,2
P03050,A00180,3
P03050,A07336,4
P03051,A07615,1
P03051,A07616,2
P03051,A07617,3
P03051,A07618,4
P03051,A07619,5
P03051,A04355,6
P03051,A02030,7
P03051,A07620,8
P03052,A07621,1
P03052,A02741,2
P03052,A01075,3
P03052,A01430,4
P03052,A02095,5
P03052,A00591,6
P03052,A07336,7
P03052,A00994,8
P03053,A04582,1
P03053,A04583,2
P03053,A07622,3
P03054,A06354,1
P03054,A06356,2
P03054,A02798,3
P03055,A07623,1
P03055,A07624,2
P03055,A07625,3
P03056,A00692,1
P03056,A00784,2
P03056,A07626,3
P03056,A01232,4
P03056,A07627,5
P03056,A01715,6
P03056,A07628,7
P03056,A02870,8
P03056,A00922,9
P03056,A03170,10
P03056,A01713,11
P03056,A07629,12
P03057,A00692,1
P03057,A07627,2
P03057,A01232,3
P03057,A00784,4
P03057,A01715,5
P03057,A07628,6
P03057,A03170,7
P03057,A00922,8
P03057,A04296,9
P03057,A02870,10
P03057,A01009,11
P03057,A03003,12
P03057,A00974,13
P03057,A00595,14
P03057,A01713,15
P03057,A01665,16
P03057,A02025,17
P03058,A06333,1
P03058,A04945,2
P03058,A03881,3
P03058,A00597,4
P03058,A02215,5
P03058,A02572,6
P03058,A00970,7
P03058,A00988,8
P03058,A04467,9
P03059,A07630,1
P03059,A07631,2
P03059,A07632,3
P03059,A07633,4
P03060,A07634,1
P03060,A07635,2
P03060,A07636,3
P03060,A07637,4
P03060,A06854,5
P03060,A06839,6
P03060,A07638,7
P03060,A07639,8
P03060,A07640,9
P03060,A06844,10
P03060,A07641,11
P03060,A07642,12
P03060,A07643,13
P03060,A07644,14
P03060,A07645,15
P03060,A07646,16
P03060,A07647,17
P03060,A07648,18
P03060,A00815,19
P03060,A07649,20
P03061,A06105,1
P03061,A01758,2
P03061,A06124,3
P03061,A06118,4
P03061,A06077,5
P03061,A06125,6
P03062,A07650,1
P03062,A06750,2
P03062,A07191,3
P03062,A05224,4
P03062,A07651,5
P03062,A07652,6
P03062,A07653,7
P03062,A07654,8
P03063,A05869,1
P03063,A07655,2
P03063,A01007,3
P03063,A01039,4
P03063,A07656,5
P03063,A01084,6
P03064,A07657,1
P03064,A07658,2
P03064,A06151,3
P03064,A06162,4
P03064,A07379,5
P03064,A06150,6
P03064,A06155,7
P03064,A07659,8
P03064,A07660,9
P03064,A06149,10
P03064,A07661,11
P03064,A07662,12
P03064,A06158,13
P03064,A07663,14
P03064,A06160,15
P03064,A06161,16
P03064,A07664,17
P03064,A06164,18
P03064,A07665,19
P03064,A06166,20
P03064,A06167,21
P03064,A06163,22
P03065,A07485,1
P03065,A06212,2
P03065,A04063,3
P03065,A06372,4
P03066,A05572,1
P03066,A07666,2
P03066,A05708,3
P03066,A05680,4
P03066,A07667,5
P03066,A06107,6
P03066,A03296,7
P03066,A01758,8
P03066,A06075,9
P03067,A07668,1
P03067,A00922,2
P03067,A01743,3
P03067,A01521,4
P03067,A00863,5
P03068,A01430,1
P03068,A00815,2
P03068,A00151,3
P03068,A07112,4
P03068,A07669,5
P03068,A00115,6
P03068,A03822,7
P03068,A01690,8
P03068,A03308,9
P03069,A07173,1
P03069,A06775,2
P03069,A06776,3
P03069,A04163,4
P03069,A07175,5
P03069,A07670,6
P03069,A07671,7
P03069,A03133,8
P03069,A07672,9
P03069,A06773,10
P03069,A04955,11
P03069,A01521,12
P03069,A07177,13
P03070,A07673,1
P03070,A07674,2
P03070,A06043,3
P03070,A04734,4
P03070,A07675,5
P03071,A07676,1
P03071,A03059,2
P03071,A04192,3
P03071,A04734,4
P03071,A05621,5
P03072,A07677,1
P03072,A07678,2
P03072,A02458,3
P03072,A07679,4
P03072,A05840,5
P03072,A01101,6
P03072,A07680,7
P03072,A04163,8
P03072,A07681,9
P03072,A07671,10
P03072,A07682,11
P03072,A07683,12
P03072,A07684,13
P03072,A07685,14
P03072,A07686,15
P03073,A07687,1
P03073,A07688,2
P03073,A07193,3
P03073,A07689,4
P03073,A07690,5
P03073,A07691,6
P03073,A07692,7
P03073,A04559,8
P03073,A07693,9
P03073,A04400,10
P03073,A07694,11
P03074,A06672,1
P03074,A01824,2
P03074,A05358,3
P03074,A07695,4
P03074,A07696,5
P03075,A04522,1
P03075,A07697,2
P03075,A07698,3
P03076,A07699,1
P03076,A07700,2
P03076,A07701,3
P03076,A07702,4
P03077,A07703,1
P03077,A05712,2
P03077,A07555,3
P03078,A07704,1
P03078,A03560,2
P03078,A07705,3
P03078,A07706,4
P03078,A07707,5
P03078,A07708,6
P03079,A07123,1
P03079,A01540,2
P03079,A02065,3
P03079,A01324,4
P03079,A04035,5
P03079,A04509,6
P03079,A04504,7
P03079,A00676,8
P03079,A04503,9
P03079,A04502,10
P03079,A03201,11
P03079,A01322,12
P03079,A04514,13
P03079,A02411,14
P03079,A05668,15
P03079,A07709,16
P03079,A07122,17
P03079,A02555,18
P03079,A00455,19
P03079,A01921,20
P03079,A07446,21
P03079,A03830,22
P03079,A00988,23
P03079,A07710,24
P03079,A03811,25
P03080,A03775,1
P03080,A01690,2
P03080,A01430,3
P03080,A06600,4
P03080,A00815,5
P03081,A06990,1
P03081,A06991,2
P03081,A06992,3
P03081,A06993,4
P03081,A06994,5
P03081,A06995,6
P03081,A06996,7
P03081,A02467,8
P03082,A01039,1
P03082,A07711,2
P03082,A00554,3
P03082,A01423,4
P03082,A07712,5
P03082,A01075,6
P03082,A00543,7
P03082,A02668,8
P03082,A04192,9
P03082,A01877,10
P03082,A01661,11
P03082,A04987,12
P03082,A01409,13
P03082,A05001,14
P03082,A01084,15
P03082,A04244,16
P03082,A07713,17
P03082,A00434,18
P03082,A01040,19
P03082,A01271,20
P03083,A07714,1
P03083,A07715,2
P03083,A01191,3
P03083,A07716,4
P03083,A07717,5
P03084,A05867,1
P03084,A07718,2
P03085,A05607,1
P03085,A05609,2
P03085,A03161,3
P03085,A07007,4
P03085,A04192,5
P03085,A05611,6
P03085,A02094,7
P03085,A00406,8
P03086,A07719,1
P03086,A07720,2
P03086,A07721,3
P03086,A07722,4
P03086,A07723,5
P03086,A07724,6
P03087,A04239,1
P03087,A00417,2
P03087,A07725,3
P03087,A04829,4
P03087,A02279,5
P03088,A06048,1
P03088,A04407,2
P03088,A04405,3
P03088,A07726,4
P03088,A06874,5
P03088,A07727,6
P03088,A01181,7
P03088,A01838,8
P03089,A04734,1
P03089,A04638,2
P03089,A05286,3
P03089,A02094,4
P03089,A06225,5
P03089,A03059,6
P03089,A07728,7
P03089,A06828,8
P03090,A07677,1
P03090,A02458,2
P03090,A05840,3
P03090,A02870,4
P03090,A04163,5
P03090,A07679,6
P03090,A04164,7
P03090,A07680,8
P03090,A07681,9
P03090,A07671,10
P03090,A07682,11
P03090,A06775,12
P03091,A07729,1
P03091,A07730,2
P03091,A07731,3
P03091,A07732,4
P03092,A07733,1
P03092,A03446,2
P03092,A07734,3
P03092,A07735,4
P03092,A00998,5
P03093,A00408,1
P03093,A06669,2
P03093,A01521,3
P03093,A02325,4
P03093,A01743,5
P03093,A04565,6
P03093,A02024,7
P03093,A01067,8
P03094,A06798,1
P03094,A01409,2
P03094,A01095,3
P03094,A06535,4
P03094,A07736,5
P03094,A06566,6
P03094,A00554,7
P03095,A07737,1
P03095,A07738,2
P03095,A02254,3
P03095,A00764,4
P03095,A00030,5
P03096,A00360,1
P03096,A02114,2
P03096,A00260,3
P03097,A07739,1
P03097,A06247,2
P03097,A03835,3
P03097,A03576,4
P03097,A00928,5
P03097,A05230,6
P03097,A00988,7
P03097,A01783,8
P03097,A01786,9
P03098,A06067,1
P03098,A03822,2
P03098,A03980,3
P03098,A00117,4
P03098,A05288,5
P03098,A00815,6
P03099,A03775,1
P03099,A00815,2
P03099,A01430,3
P03099,A00591,4
P03099,A01663,5
P03099,A01690,6
P03100,A07740,1
P03100,A07741,2
P03100,A07742,3
P03100,A07743,4
P03101,A06566,1
P03101,A01095,2
P03102,A04815,1
P03102,A04814,2
P03102,A05301,3
P03102,A05013,4
P03102,A01085,5
P03103,A07434,1
P03103,A07744,2
P03103,A07745,3
P03104,A00408,1
P03104,A01743,2
P03104,A04196,3
P03104,A02325,4
P03104,A01101,5
P03105,A05742,1
P03105,A03003,2
P03105,A04648,3
P03105,A07681,4
P03105,A01201,5
P03105,A01943,6
P03105,A02631,7
P03105,A02609,8
P03105,A03144,9
P03105,A00930,10
P03106,A04223,1
P03106,A07746,2
P03106,A00403,3
P03106,A00597,4
P03107,A07747,1
P03107,A00597,2
P03107,A02524,3
P03107,A01060,4
P03107,A07748,5
P03108,A07749,1
P03108,A07750,2
P03108,A07751,3
P03108,A00836,4
P03108,A07752,5
P03108,A04304,6
P03108,A00872,7
P03108,A07753,8
P03109,A05100,1
P03109,A05101,2
P03109,A07754,3
P03109,A07755,4
P03109,A07756,5
P03109,A05104,6
P03109,A02598,7
P03109,A04614,8
P03110,A02683,1
P03110,A03296,2
P03110,A02681,3
P03110,A02684,4
P03110,A05680,5
P03110,A07757,6
P03111,A07758,1
P03111,A07759,2
P03111,A07760,3
P03111,A02880,4
P03111,A02602,5
P03111,A07761,6
P03111,A07762,7
P03111,A07763,8
P03111,A07764,9
P03111,A00961,10
P03111,A05526,11
P03111,A05527,12
P03111,A00584,13
P03111,A07765,14
P03111,A07766,15
P03111,A07767,16
P03112,A07768,1
P03112,A01715,2
P03112,A06539,3
P03112,A06894,4
P03113,A07255,1
P03113,A05708,2
P03113,A02681,3
P03113,A03296,4
P03113,A02460,5
P03113,A02597,6
P03113,A07256,7
P03114,A04085,1
P03114,A04097,2
P03114,A02059,3
P03114,A07769,4
P03115,A00597,1
P03115,A07770,2
P03115,A04664,3
P03115,A03805,4
P03115,A07771,5
P03115,A07772,6
P03115,A02273,7
P03115,A07773,8
P03115,A07774,9
P03115,A07775,10
P03115,A07776,11
P03115,A01540,12
P03115,A00676,13
P03115,A06835,14
P03115,A06836,15
P03115,A02719,16
P03115,A02204,17
P03115,A02858,18
P03115,A05749,19
P03115,A07777,20
P03115,A06918,21
P03115,A07778,22
P03115,A02018,23
P03115,A07779,24
P03115,A07780,25
P03115,A05010,26
P03115,A04752,27
P03115,A07781,28
P03115,A03032,29
P03115,A03685,30
P03115,A03687,31
P03115,A07116,32
P03115,A03835,33
P03115,A06950,34
P03115,A07782,35
P03115,A06247,36
P03115,A04678,37
P03115,A07204,38
P03115,A07783,39
P03115,A07206,40
P03115,A07203,41
P03115,A04982,42
P03115,A00655,43
P03115,A00974,44
P03115,A07784,45
P03115,A02784,46
P03115,A07271,47
P03115,A05178,48
P03115,A02324,49
P03115,A07785,50
P03115,A02746,51
P03115,A07786,52
P03115,A07787,53
P03115,A03882,54
P03115,A07788,55
P03115,A07789,56
P03115,A07790,57
P03115,A07791,58
P03115,A07792,59
P03115,A06988,60
P03115,A02291,61
P03115,A07793,62
P03115,A07794,63
P03115,A07795,64
P03115,A07796,65
P03115,A04315,66
P03115,A03033,67
P03115,A03451,68
P03115,A02523,69
P03115,A06872,70
P03115,A07797,71
P03115,A02804,72
P03115,A01069,73
P03115,A07798,74
P03115,A07799,75
P03115,A07800,76
P03115,A07801,77
P03115,A07802,78
P03115,A07803,79
P03115,A00718,80
P03115,A02274,81
P03115,A03969,82
P03115,A00815,83
P03115,A02747,84
P03115,A00930,85
P03115,A00115,86
P03115,A00993,87
P03115,A03949,88
P03115,A02272,89
P03115,A03003,90
P03115,A02359,91
P03115,A02285,92
P03115,A03914,93
P03115,A02870,94
P03115,A07804,95
P03115,A07805,96
P03115,A07806,97
P03115,A07807,98
P03115,A07808,99
P03115,A05266,100
P03115,A03815,101
P03115,A07809,102
P03116,A06771,1
P03116,A00394,2
P03116,A00264,3
P03116,A05644,4
P03116,A06772,5
P03117,A07810,1
P03117,A07811,2
P03117,A07812,3
P03117,A07813,4
P03117,A00573,5
P03117,A00865,6
P03117,A07814,7
P03117,A07815,8
P03117,A07816,9
P03117,A07817,10
P03118,A07818,1
P03118,A06902,2
P03118,A01943,3
P03118,A07819,4
P03118,A07820,5
P03118,A07821,6
P03119,A02132,1
P03119,A07822,2
P03119,A04559,3
P03119,A07823,4
P03119,A02436,5
P03119,A06086,6
P03119,A07223,7
P03119,A03595,8
P03119,A04357,9
P03119,A01783,10
P03120,A07824,1
P03120,A02436,2
P03120,A07825,3
P03120,A02798,4
P03120,A05141,5
P03120,A00151,6
P03120,A03486,7
P03120,A04934,8
P03120,A04933,9
P03121,A07813,1
P03121,A03403,2
P03121,A06814,3
P03121,A07826,4
P03121,A07827,5
P03121,A05200,6
P03121,A01216,7
P03122,A03020,1
P03122,A03019,2
P03122,A07828,3
P03122,A07829,4
P03122,A04303,5
P03123,A07830,1
P03123,A07831,2
P03123,A06284,3
P03123,A07832,4
P03123,A07833,5
P03123,A06286,6
P03123,A06285,7
P03124,A07834,1
P03124,A07835,2
P03124,A07836,3
P03124,A07837,4
P03124,A03015,5
P03124,A07838,6
P03124,A06231,7
P03124,A07839,8
P03124,A02664,9
P03124,A07840,10
P03124,A06923,11
P03124,A07841,12
P03124,A04630,13
P03124,A06924,14
P03125,A07842,1
P03125,A00554,2
P03125,A07843,3
P03125,A01238,4
P03125,A00066,5
P03125,A07844,6
P03125,A07845,7
P03125,A07846,8
P03126,A07847,1
P03126,A01028,2
P03127,A07847,1
P03127,A01028,2
P03127,A07848,3
P03128,A02893,1
P03128,A01690,2
P03128,A06385,3
P03128,A03003,4
P03128,A02457,5
P03128,A01201,6
P03128,A01943,7
P03128,A03914,8
P03128,A02973,9
P03128,A01818,10
P03128,A00815,11
P03129,A04740,1
P03129,A02204,2
P03129,A02436,3
P03129,A01045,4
P03129,A02697,5
P03129,A00927,6
P03129,A02631,7
P03129,A02562,8
P03129,A01817,9
P03129,A04742,10
P03129,A03234,11
P03129,A06835,12
P03129,A02205,13
P03129,A06950,14
P03129,A04976,15
P03129,A04816,16
P03129,A03979,17
P03129,A02798,18
P03129,A07849,19
P03129,A01782,20
P03129,A03132,21
P03129,A03828,22
P03129,A01039,23
P03129,A00292,24
P03129,A00151,25
P03129,A07850,26
P03129,A06836,27
P03129,A02858,28
P03130,A04967,1
P03130,A05844,2
P03131,A07851,1
P03131,A07852,2
P03131,A04899,3
P03131,A02017,4
P03131,A05405,5
P03132,A07853,1
P03132,A07854,2
P03132,A07855,3
P03132,A07856,4
P03132,A07857,5
P03132,A07858,6
P03132,A07859,7
P03132,A07860,8
P03132,A07861,9
P03132,A07862,10
P03132,A07863,11
P03132,A07864,12
P03132,A07865,13
P03132,A07866,14
P03132,A07867,15
P03132,A07868,16
P03132,A07869,17
P03132,A07870,18
P03132,A07871,19
P03132,A07872,20
P03132,A07756,21
P03132,A07873,22
P03132,A07874,23
P03132,A07875,24
P03133,A07876,1
P03133,A07877,2
P03133,A07878,3
P03133,A07778,4
P03133,A07879,5
P03134,A06872,1
P03134,A07880,2
P03134,A02845,3
P03134,A05535,4
P03134,A04627,5
P03135,A07310,1
P03135,A07311,2
P03135,A07881,3
P03135,A02678,4
P03135,A01536,5
P03136,A07882,1
P03136,A07883,2
P03136,A03296,3
P03136,A05685,4
P03136,A07884,5
P03136,A07885,6
P03137,A07201,1
P03137,A01540,2
P03137,A06247,3
P03137,A01039,4
P03138,A02325,1
P03138,A00922,2
P03138,A01537,3
P03138,A01521,4
P03138,A01637,5
P03138,A01743,6
P03138,A06830,7
P03138,A00990,8
P03139,A07886,1
P03139,A01409,2
P03139,A07887,3
P03139,A02095,4
P03139,A07888,5
P03140,A07107,1
P03140,A07108,2
P03140,A07109,3
P03140,A07110,4
P03140,A07889,5
P03140,A07111,6
P03141,A07890,1
P03142,A07251,1
P03142,A07891,2
P03143,A07328,1
P03143,A07892,2
P03143,A07893,3
P03143,A07894,4
P03144,A07895,1
P03144,A00584,2
P03145,A07896,1
P03145,A07897,2
P03145,A00828,3
P03145,A01594,4
P03145,A05536,5
P03146,A07893,1
P03146,A07898,2
P03146,A07892,3
P03146,A07894,4
P03146,A07328,5
P03147,A07899,1
P03147,A07900,2
P03148,A07901,1
P03148,A02719,2
P03148,A04677,3
P03148,A02204,4
P03148,A02660,5
P03148,A03003,6
P03148,A01943,7
P03149,A07335,1
P03149,A02047,2
P03149,A02094,3
P03149,A04606,4
P03150,A05568,1
P03150,A04355,2
P03151,A07902,1
P03151,A07903,2
P03151,A07904,3
P03151,A07905,4
P03152,A05435,1
P03152,A07432,2
P03152,A07906,3
P03152,A07907,4
P03152,A05710,5
P03153,A07908,1
P03153,A07909,2
P03153,A07910,3
P03153,A07911,4
P03153,A07912,5
P03153,A07913,6
P03153,A07914,7
P03154,A07915,1
P03154,A02886,2
P03154,A07916,3
P03154,A06573,4
P03154,A02889,5
P03155,A07917,1
P03155,A07918,2
P03155,A07919,3
P03155,A07920,4
P03156,A07921,1
P03156,A04958,2
P03156,A03208,3
P03156,A07922,4
P03156,A07923,5
P03156,A07924,6
P03157,A07925,1
P03157,A07926,2
P03157,A07927,3
P03157,A07928,4
P03157,A07929,5
P03157,A07930,6
P03157,A07931,7
P03158,A06105,1
P03158,A01758,2
P03158,A06124,3
P03158,A06118,4
P03158,A06077,5
P03158,A06125,6
P03159,A07932,1
P03159,A07933,2
P03159,A07934,3
P03159,A01986,4
P03159,A07935,5
P03160,A07936,1
P03160,A00554,2
P03160,A00264,3
P03160,A05000,4
P03160,A01913,5
P03160,A00406,6
P03160,A04192,7
P03160,A07937,8
P03160,A03948,9
P03161,A06619,1
P03161,A07059,2
P03161,A06616,3
P03161,A06621,4
P03161,A07938,5
P03161,A07056,6
P03161,A04069,7
P03161,A06578,8
P03161,A07594,9
P03161,A07939,10
P03161,A07940,11
P03161,A07941,12
P03161,A07942,13
P03161,A07943,14
P03162,A07944,1
P03162,A07945,2
P03162,A07946,3
P03163,A07947,1
P03163,A07948,2
P03163,A05035,3
P03163,A07949,4
P03163,A07950,5
P03163,A04467,6
P03163,A00988,7
P03163,A00983,8
P03164,A07951,1
P03164,A07952,2
P03164,A07953,3
P03164,A04693,4
P03164,A06748,5
P03164,A07954,6
P03164,A05627,7
P03165,A07955,1
P03165,A00408,2
P03165,A07956,3
P03165,A07576,4
P03166,A02436,1
P03166,A03132,2
P03166,A07957,3
P03166,A02324,4
P03166,A02204,5
P03166,A01045,6
P03166,A00151,7
P03166,A03985,8
P03166,A07116,9
P03166,A07203,10
P03166,A07204,11
P03166,A05341,12
P03166,A07958,13
P03166,A03032,14
P03166,A07113,15
P03166,A07114,16
P03166,A01540,17
P03166,A03835,18
P03166,A03234,19
P03166,A04678,20
P03166,A00676,21
P03166,A06836,22
P03166,A02858,23
P03167,A07959,1
P03167,A07960,2
P03168,A07961,1
P03168,A07962,2
P03168,A07963,3
P03168,A07964,4
P03169,A07965,1
P03169,A07966,2
P03169,A07967,3
P03169,A07968,4
P03169,A07969,5
P03170,A07970,1
P03170,A07971,2
P03171,A07366,1
P03171,A07972,2
P03171,A07973,3
P03172,A07974,1
P03172,A07975,2
P03173,A07975,1
P03173,A07976,2
P03173,A07974,3
P03173,A01865,4
P03174,A02840,1
P03174,A00784,2
P03174,A07977,3
P03174,A00836,4
P03174,A03356,5
P03174,A03006,6
P03174,A06218,7
P03174,A07978,8
P03175,A05036,1
P03176,A07979,1
P03176,A06138,2
P03176,A06139,3
P03177,A06681,1
P03177,A07980,2
P03177,A06685,3
P03177,A03684,4
P03177,A07981,5
P03178,A07982,1
P03178,A07559,2
P03179,A03683,1
P03179,A07983,2
P03180,A03004,1
P03180,A04248,2
P03180,A01430,3
P03180,A03775,4
P03181,A04523,1
P03181,A07984,2
P03181,A05036,3
P03181,A03995,4
P03181,A07985,5
P03181,A07986,6
P03181,A00896,7
P03181,A07987,8
P03182,A06045,1
P03182,A07988,2
P03182,A07989,3
P03182,A07990,4
P03182,A07991,5
P03183,A00585,1
P03183,A03464,2
P03183,A04192,3
P03183,A00180,4
P03183,A01423,5
P03183,A01388,6
P03183,A02702,7
P03183,A04602,8
P03184,A06525,1
P03184,A04877,2
P03184,A05471,3
P03184,A04880,4
P03184,A04881,5
P03184,A04884,6
P03185,A07992,1
P03185,A03969,2
P03185,A03914,3
P03185,A00171,4
P03186,A07993,1
P03186,A06894,2
P03186,A01715,3
P03187,A07994,1
P03187,A07995,2
P03187,A06212,3
P03187,A02847,4
P03187,A05822,5
P03187,A06421,6
P03187,A07996,7
P03187,A06372,8
P03188,A07997,1
P03188,A07998,2
P03188,A07999,3
P03189,A02678,1
P03189,A08000,2
P03189,A08001,3
P03189,A01690,4
P03189,A08002,5
P03190,A08003,1
P03190,A04583,2
P03190,A04584,3
P03190,A04582,4
P03190,A07362,5
P03190,A08004,6
P03191,A08005,1
P03191,A07526,2
P03191,A06408,3
P03192,A06798,1
P03192,A01016,2
P03192,A02413,3
P03193,A08006,1
P03193,A08007,2
P03193,A06188,3
P03194,A08008,1
P03194,A08009,2
P03195,A05869,1
P03195,A07655,2
P03195,A01007,3
P03195,A02689,4
P03195,A04186,5
P03195,A01039,6
P03196,A08010,1
P03196,A08011,2
P03196,A08012,3
P03196,A08013,4
P03196,A08014,5
P03196,A08015,6
P03197,A08016,1
P03197,A08017,2
P03197,A08018,3
P03197,A08019,4
P03197,A08020,5
P03197,A08021,6
P03198,A08022,1
P03198,A01613,2
P03198,A08023,3
P03198,A08024,4
P03198,A00168,5
P03198,A00406,6
P03198,A08025,7
P03199,A06999,1
P03199,A01095,2
P03199,A02812,3
P03199,A05611,4
P03199,A08026,5
P03200,A04947,1
P03200,A08027,2
P03200,A08028,3
P03200,A00658,4
P03200,A08029,5
P03201,A08030,1
P03201,A02069,2
P03201,A06928,3
P03201,A05738,4
P03201,A08031,5
P03201,A01865,6
P03201,A08032,7
P03201,A08033,8
P03201,A08034,9
P03201,A02023,10
P03201,A08035,11
P03201,A01052,12
P03202,A07676,1
P03202,A07335,2
P03202,A08036,3
P03202,A04565,4
P03202,A01016,5
P03202,A04638,6
P03202,A05286,7
P03202,A06141,8
P03202,A02094,9
P03203,A05411,1
P03203,A03003,2
P03203,A03883,3
P03203,A08037,4
P03203,A01039,5
P03203,A00180,6
P03203,A03948,7
P03203,A02437,8
P03204,A06672,1
P03204,A01824,2
P03204,A05358,3
P03204,A07696,4
P03205,A08038,1
P03205,A08039,2
P03205,A08040,3
P03205,A08041,4
P03206,A08042,1
P03206,A08043,2
P03206,A08044,3
P03207,A02674,1
P03207,A02270,2
P03208,A05100,1
P03208,A08045,2
P03208,A05101,3
P03208,A04236,4
P03208,A05104,5
P03209,A08046,1
P03209,A08047,2
P03210,A08048,1
P03210,A08049,2
P03211,A06306,1
P03211,A08050,2
P03211,A08051,3
P03212,A08052,1
P03213,A08053,1
P03213,A06356,2
P03214,A02847,1
P03214,A03716,2
P03214,A03990,3
P03214,A06371,4
P03214,A08054,5
P03214,A05917,6
P03215,A08055,1
P03215,A01026,2
P03215,A01926,3
P03215,A08056,4
P03215,A08057,5
P03216,A08058,1
P03216,A01521,2
P03216,A02947,3
P03216,A01637,4
P03216,A02325,5
P03216,A00922,6
P03217,A07010,1
P03217,A07011,2
P03217,A05788,3
P03217,A07012,4
P03218,A07882,1
P03218,A03296,2
P03218,A02681,3
P03218,A05680,4
P03218,A07884,5
P03218,A05687,6
P03218,A02684,7
P03218,A07885,8
P03219,A08059,1
P03219,A00909,2
P03219,A02375,3
P03219,A08060,4
P03219,A03644,5
P03219,A08061,6
P03219,A02724,7
P03219,A06049,8
P03219,A03974,9
P03219,A00725,10
P03219,A00406,11
P03219,A01913,12
P03220,A05053,1
P03220,A05055,2
P03220,A08062,3
P03221,A01026,1
P03221,A08063,2
P03221,A05527,3
P03221,A04936,4
P03221,A05525,5
P03221,A08064,6
P03221,A04937,7
P03221,A08065,8
P03221,A08066,9
P03221,A08067,10
P03221,A08068,11
P03221,A08069,12
P03221,A08070,13
P03221,A08071,14
P03221,A00076,15
P03221,A08072,16
P03221,A01924,17
P03221,A08073,18
P03221,A08074,19
P03221,A08075,20
P03221,A08076,21
P03221,A08077,22
P03221,A08078,23
P03221,A08079,24
P03221,A08080,25
P03221,A08081,26
P03221,A08082,27
P03221,A08083,28
P03221,A08084,29
P03221,A02864,30
P03221,A08085,31
P03221,A08086,32
P03221,A08087,33
P03221,A07761,34
P03222,A08088,1
P03222,A08089,2
P03222,A05180,3
P03222,A05182,4
P03222,A07671,5
P03222,A08090,6
P03222,A07679,7
P03222,A07173,8
P03222,A04163,9
P03222,A01101,10
P03223,A05012,1
P03223,A06918,2
P03223,A02018,3
P03223,A05010,4
P03223,A03323,5
P03223,A07285,6
P03223,A07466,7
P03223,A02571,8
P03223,A04617,9
P03223,A03969,10
P03223,A02325,11
P03223,A08091,12
P03223,A08092,13
P03224,A03151,1
P03224,A00595,2
P03224,A04363,3
P03224,A00171,4
P03224,A02998,5
P03224,A00928,6
P03225,A03003,1
P03225,A00762,2
P03225,A00597,3
P03225,A01039,4
P03226,A06041,1
P03226,A03946,2
P03226,A03208,3
P03226,A08093,4
P03226,A07529,5
P03226,A08094,6
P03226,A08095,7
P03227,A06784,1
P03227,A08096,2
P03227,A04097,3
P03227,A06782,4
P03227,A05604,5
P03227,A08097,6
P03227,A08098,7
P03227,A08099,8
P03227,A08100,9
P03227,A08101,10
P03227,A08102,11
P03228,A05673,1
P03228,A00153,2
P03228,A08103,3
P03229,A07532,1
P03229,A07533,2
P03230,A04170,1
P03230,A08104,2
P03230,A08105,3
P03230,A08106,4
P03230,A08107,5
P03230,A08108,6
P03231,A08109,1
P03231,A08110,2
P03231,A08111,3
P03231,A02791,4
P03231,A08112,5
P03232,A02208,1
P03232,A05075,2
P03233,A08113,1
P03233,A01180,2
P03233,A08114,3
P03233,A03803,4
P03233,A08115,5
P03233,A08116,6
P03234,A05794,1
P03234,A05793,2
P03235,A08117,1
P03235,A08118,2
P03236,A07471,1
P03236,A02059,2
P03236,A07473,3
P03237,A05863,1
P03237,A08119,2
P03238,A08010,1
P03238,A08120,2
P03238,A08012,3
P03238,A08121,4
P03239,A08122,1
P03239,A02822,2
P03239,A08123,3
P03239,A08124,4
P03240,A08125,1
P03240,A05835,2
P03240,A04278,3
P03240,A08126,4
P03240,A06390,5
P03241,A03003,1
P03241,A01009,2
P03241,A02893,3
P03241,A06530,4
P03241,A00762,5
P03241,A05828,6
P03241,A00597,7
P03241,A02870,8
P03241,A02413,9
P03241,A08127,10
P03242,A08128,1
P03242,A08129,2
P03242,A08003,3
P03242,A04584,4
P03242,A08130,5
P03242,A08131,6
P03242,A08132,7
P03243,A05581,1
P03243,A06402,2
P03243,A08133,3
P03243,A06401,4
P03243,A08134,5
P03243,A08135,6
P03244,A08136,1
P03244,A08137,2
P03244,A03300,3
P03244,A08138,4
P03244,A08139,5
P03244,A08140,6
P03244,A03328,7
P03244,A00180,8
P03244,A04241,9
P03244,A01039,10
P03244,A06398,11
P03244,A08141,12
P03245,A08142,1
P03245,A08143,2
P03245,A08144,3
P03245,A08145,4
P03245,A08146,5
P03245,A08147,6
P03245,A08148,7
P03245,A08149,8
P03245,A08150,9
P03246,A08151,1
P03246,A04648,2
P03246,A01685,3
P03246,A08152,4
P03246,A08153,5
P03247,A06766,1
P03247,A05490,2
P03247,A05618,3
P03247,A06767,4
P03247,A08154,5
P03247,A08155,6
P03247,A08156,7
P03247,A08157,8
P03247,A06424,9
P03247,A00176,10
P03247,A05619,11
P03247,A08158,12
P03247,A08159,13
P03247,A02995,14
P03247,A03232,15
P03248,A04405,1
P03248,A06529,2
P03248,A08160,3
P03248,A03940,4
P03249,A08161,1
P03249,A05467,2
P03249,A08162,3
P03249,A06343,4
P03249,A08163,5
P03249,A08164,6
P03250,A08165,1
P03250,A08166,2
P03250,A08167,3
P03250,A08168,4
P03250,A07228,5
P03251,A08169,1
P03251,A08170,2
P03252,A05190,1
P03252,A08171,2
P03252,A08172,3
P03253,A08173,1
P03253,A08174,2
P03253,A08175,3
P03254,A05742,1
P03254,A08176,2
P03254,A03003,3
P03254,A04648,4
P03254,A03266,5
P03254,A04767,6
P03254,A04617,7
P03254,A01943,8
P03254,A00930,9
P03255,A05579,1
P03255,A08177,2
P03255,A04583,3
P03255,A04582,4
P03255,A06327,5
P03255,A08178,6
P03256,A08179,1
P03256,A08180,2
P03256,A08181,3
P03256,A08182,4
P03257,A06309,1
P03257,A08183,2
P03257,A08184,3
P03258,A08185,1
P03258,A08186,2
P03258,A08187,3
P03259,A07362,1
P03259,A07363,2
P03259,A08188,3
P03259,A05337,4
P03259,A08189,5
P03260,A08190,1
P03260,A08191,2
P03260,A08192,3
P03260,A08193,4
P03261,A08194,1
P03261,A01181,2
P03261,A04407,3
P03261,A03940,4
P03261,A08195,5
P03261,A01839,6
P03262,A08196,1
P03262,A01331,2
P03262,A08197,3
P03263,A08198,1
P03263,A08199,2
P03263,A08200,3
P03263,A08201,4
P03263,A08202,5
P03263,A08203,6
P03263,A08204,7
P03264,A08205,1
P03264,A03160,2
P03264,A04040,3
P03264,A03162,4
P03264,A06820,5
P03264,A08206,6
P03264,A00554,7
P03265,A08207,1
P03265,A08208,2
P03266,A08209,1
P03266,A08210,2
P03266,A08211,3
P03266,A08212,4
P03266,A08213,5
P03266,A08214,6
P03266,A08215,7
P03267,A07982,1
P03267,A08216,2
P03268,A08217,1
P03268,A03003,2
P03268,A04526,3
P03268,A03323,4
P03268,A00597,5
P03268,A03130,6
P03269,A07895,1
P03269,A00584,2
P03270,A02069,1
P03270,A04173,2
P03270,A00917,3
P03270,A08218,4
P03271,A06135,1
P03271,A08156,2
P03271,A08219,3
P03271,A08220,4
P03272,A08221,1
P03272,A08222,2
P03273,A00692,1
P03273,A08223,2
P03273,A07627,3
P03273,A08224,4
P03273,A01715,5
P03273,A08225,6
P03273,A03175,7
P03273,A04296,8
P03273,A08226,9
P03273,A08227,10
P03273,A08228,11
P03273,A08229,12
P03273,A08230,13
P03273,A03170,14
P03273,A08231,15
P03273,A08232,16
P03273,A08233,17
P03274,A08234,1
P03274,A08235,2
P03274,A08236,3
P03274,A08237,4
P03274,A08238,5
P03274,A08239,6
P03274,A08240,7
P03274,A08241,8
P03274,A08242,9
P03275,A07188,1
P03275,A07184,2
P03275,A08243,3
P03275,A04614,4
P03275,A07183,5
P03275,A08244,6
P03275,A07182,7
P03275,A08245,8
P03275,A02598,9
P03275,A02597,10
P03276,A03881,1
P03276,A06333,2
P03276,A00597,3
P03276,A04945,4
P03276,A08246,5
P03276,A06144,6
P03276,A08247,7
P03276,A02365,8
P03277,A08248,1
P03277,A04126,2
P03277,A08249,3
P03277,A08250,4
P03278,A07559,1
P03278,A05579,2
P03278,A08248,3
P03278,A08251,4
P03278,A08252,5
P03279,A05742,1
P03279,A03003,2
P03279,A03266,3
P03279,A06530,4
P03279,A08253,5
P03279,A05828,6
P03279,A01943,7
P03280,A03881,1
P03280,A00597,2
P03280,A02365,3
P03280,A06333,4
P03281,A08254,1
P03281,A06254,2
P03281,A08255,3
P03281,A08256,4
P03281,A08257,5
P03281,A08258,6
P03281,A08259,7
P03282,A01010,1
P03282,A04583,2
P03282,A04582,3
P03282,A08260,4
P03283,A06226,1
P03283,A05177,2
P03283,A03003,3
P03283,A06591,4
P03283,A04205,5
P03283,A08261,6
P03284,A04405,1
P03284,A04407,2
P03284,A08262,3
P03284,A04404,4
P03284,A08263,5
P03284,A03940,6
P03284,A06174,7
P03284,A08264,8
P03284,A01839,9
P03285,A08265,1
P03285,A08266,2
P03286,A08267,1
P03286,A08268,2
P03286,A08269,3
P03286,A08270,4
P03287,A03003,1
P03287,A03947,2
P03287,A02870,3
P03287,A08137,4
P03287,A07002,5
P03287,A00762,6
P03287,A00597,7
P03287,A02096,8
P03287,A01039,9
P03288,A04169,1
P03288,A06760,2
P03288,A02893,3
P03288,A08271,4
P03288,A05829,5
P03288,A08272,6
P03288,A07672,7
P03288,A08273,8
P03288,A04450,9
P03289,A08274,1
P03289,A00030,2
P03289,A08275,3
P03289,A08276,4
P03290,A08277,1
P03290,A06364,2
P03291,A07476,1
P03291,A08278,2
P03291,A07477,3
P03291,A06212,4
P03292,A06333,1
P03292,A00597,2
P03292,A03881,3
P03292,A04291,4
P03292,A02215,5
P03293,A03209,1
P03293,A08279,2
P03293,A05262,3
P03293,A02746,4
P03293,A00151,5
P03293,A08280,6
P03293,A08281,7
P03294,A04762,1
P03294,A00066,2
P03294,A01575,3
P03294,A08282,4
P03294,A08283,5
P03294,A06398,6
P03294,A00756,7
P03294,A01852,8
P03295,A06798,1
P03295,A01045,2
P03295,A01095,3
P03295,A01409,4
P03295,A06535,5
P03295,A02562,6
P03295,A01871,7
P03295,A00554,8
P03296,A03052,1
P03296,A08284,2
P03296,A08285,3
P03296,A08286,4
P03296,A01865,5
P03296,A02423,6
P03296,A00438,7
P03296,A08287,8
P03297,A01105,1
P03297,A04764,2
P03297,A04522,3
P03297,A00983,4
P03297,A03883,5
P03297,A06754,6
P03298,A08288,1
P03298,A06597,2
P03298,A06598,3
P03299,A08044,1
P03299,A08289,2
P03299,A03874,3
P03300,A03653,1
P03300,A02436,2
P03300,A02561,3
P03300,A02798,4
P03301,A02779,1
P03301,A01758,2
P03301,A06105,3
P03301,A04195,4
P03301,A04621,5
P03301,A02869,6
P03301,A08290,7
P03302,A08291,1
P03302,A08292,2
P03302,A08293,3
P03302,A08294,4
P03302,A06635,5
P03302,A08295,6
P03302,A08296,7
P03303,A06398,1
P03303,A04296,2
P03303,A01423,3
P03303,A00180,4
P03303,A07208,5
P03303,A06128,6
P03303,A08226,7
P03303,A04241,8
P03303,A08297,9
P03303,A08298,10
P03304,A01195,1
P03304,A08299,2
P03304,A08300,3
P03304,A08301,4
P03305,A07388,1
P03305,A08302,2
P03306,A08303,1
P03306,A08304,2
P03306,A07613,3
P03306,A08305,4
P03306,A08306,5
P03307,A08307,1
P03307,A04231,2
P03307,A08308,3
P03307,A01504,4
P03307,A03800,5
P03307,A08309,6
P03307,A00963,7
P03307,A08310,8
P03307,A08311,9
P03307,A08312,10
P03307,A03300,11
P03307,A08313,12
P03308,A08314,1
P03308,A08315,2
P03308,A08316,3
P03308,A08317,4
P03308,A08318,5
P03308,A08319,6
P03309,A05576,1
P03309,A08320,2
P03309,A03975,3
P03310,A07950,1
P03310,A08321,2
P03310,A08322,3
P03310,A02276,4
P03310,A08323,5
P03311,A08324,1
P03311,A08325,2
P03312,A08326,1
P03312,A07192,2
P03312,A08124,3
P03312,A08327,4
P03312,A08328,5
P03312,A08329,6
P03313,A08330,1
P03313,A08331,2
P03313,A08332,3
P03313,A08333,4
P03314,A08334,1
P03314,A03323,2
P03314,A04945,3
P03314,A02887,4
P03314,A04526,5
P03314,A01009,6
P03314,A08335,7
P03315,A04104,1
P03316,A03405,1
P03316,A08336,2
P03316,A00757,3
P03316,A02590,4
P03317,A08058,1
P03317,A01521,2
P03317,A02947,3
P03317,A01637,4
P03317,A02325,5
P03318,A05286,1
P03318,A05982,2
P03318,A04734,3
P03318,A02094,4
P03318,A07718,5
P03318,A03059,6
P03318,A04638,7
P03318,A00555,8
P03318,A06401,9
P03319,A07749,1
P03319,A07750,2
P03319,A08337,3
P03319,A00836,4
P03319,A04304,5
P03319,A08338,6
P03319,A07752,7
P03320,A08339,1
P03320,A05221,2
P03320,A08340,3
P03320,A05224,4
P03320,A07651,5
P03320,A07652,6
P03320,A07654,7
P03321,A02895,1
P03321,A08341,2
P03321,A08342,3
P03321,A00815,4
P03322,A08343,1
P03322,A08344,2
P03322,A08345,3
P03322,A08346,4
P03322,A08347,5
P03322,A08348,6
P03322,A08349,7
P03322,A08350,8
P03322,A08351,9
P03322,A08352,10
P03322,A08353,11
P03322,A08354,12
P03323,A06068,1
P03323,A08355,2
P03323,A06385,3
P03323,A06623,4
P03323,A06070,5
P03323,A08356,6
P03323,A02887,7
P03324,A06021,1
P03324,A06020,2
P03324,A06022,3
P03324,A06019,4
P03324,A06650,5
P03324,A02717,6
P03324,A06023,7
P03324,A06024,8
P03325,A02296,1
P03325,A06889,2
P03325,A04643,3
P03325,A02047,4
P03325,A05612,5
P03326,A08357,1
P03326,A08358,2
P03326,A08359,3
P03326,A07354,4
P03326,A08360,5
P03326,A01772,6
P03326,A01773,7
P03326,A08361,8
P03326,A08362,9
P03326,A01783,10
P03326,A04614,11
P03326,A08363,12
P03326,A08364,13
P03326,A08365,14
P03326,A08366,15
P03327,A08367,1
P03327,A08368,2
P03327,A08369,3
P03327,A08370,4
P03327,A08371,5
P03327,A08372,6
P03327,A08373,7
P03327,A08374,8
P03327,A08375,9
P03327,A08376,10
P03328,A08377,1
P03328,A08378,2
P03328,A08379,3
P03328,A02094,4
P03328,A05002,5
P03328,A07936,6
P03328,A04205,7
P03329,A08380,1
P03329,A08381,2
P03329,A03882,3
P03330,A05508,1
P03330,A02437,2
P03330,A05510,3
P03330,A00757,4
P03330,A05509,5
P03330,A04559,6
P03330,A05052,7
P03331,A07504,1
P03331,A08099,2
P03331,A08382,3
P03332,A05912,1
P03332,A06385,2
P03332,A08383,3
P03332,A08384,4
P03332,A02457,5
P03332,A01943,6
P03332,A01684,7
P03333,A08385,1
P03333,A08386,2
P03333,A08387,3
P03333,A08388,4
P03334,A08389,1
P03334,A02436,2
P03334,A04933,3
P03334,A08390,4
P03334,A08391,5
P03335,A08392,1
P03335,A00408,2
P03335,A07576,3
P03336,A08393,1
P03336,A08394,2
P03336,A08395,3
P03336,A08396,4
P03336,A08397,5
P03337,A07419,1
P03337,A08398,2
P03337,A08399,3
P03337,A08400,4
P03337,A08401,5
P03338,A01743,1
P03338,A00922,2
P03338,A07668,3
P03338,A08402,4
P03338,A00863,5
P03338,A04195,6
P03338,A02325,7
P03338,A01535,8
P03338,A00990,9
P03338,A02106,10
P03339,A01773,1
P03339,A06743,2
P03339,A01555,3
P03339,A08403,4
P03339,A08404,5
P03339,A08405,6
P03340,A08406,1
P03340,A08407,2
P03340,A05071,3
P03341,A08408,1
P03341,A06372,2
P03341,A06212,3
P03341,A08409,4
P03341,A08410,5
P03341,A08411,6
P03342,A07673,1
P03342,A03716,2
P03342,A07126,3
P03342,A06371,4
P03343,A08156,1
P03343,A08412,2
P03343,A08220,3
P03343,A06135,4
P03344,A03003,1
P03344,A01009,2
P03344,A02893,3
P03344,A02870,4
P03344,A00762,5
P03344,A00597,6
P03345,A04343,1
P03345,A07419,2
P03345,A07246,3
P03346,A03683,1
P03346,A07983,2
P03347,A08413,1
P03347,A08414,2
P03347,A08415,3
P03348,A08416,1
P03348,A08417,2
P03348,A08418,3
P03349,A08419,1
P03349,A08420,2
P03349,A08421,3
P03349,A08422,4
P03349,A08423,5
P03349,A01016,6
P03349,A08424,7
P03350,A08419,1
P03350,A01016,2
P03350,A08420,3
P03350,A08421,4
P03350,A08425,5
P03350,A08423,6
P03350,A08426,7
P03350,A08424,8
P03351,A08419,1
P03351,A08420,2
P03351,A08421,3
P03351,A08425,4
P03351,A08423,5
P03351,A08424,6
P03351,A01016,7
P03352,A08427,1
P03352,A08428,2
P03352,A07315,3
P03352,A05848,4
P03353,A04827,1
P03353,A08429,2
P03353,A01324,3
P03353,A04235,4
P03353,A08430,5
P03353,A08431,6
P03353,A08432,7
P03353,A08433,8
P03353,A00041,9
P03353,A07826,10
P03353,A08434,11
P03353,A08435,12
P03354,A05451,1
P03354,A03003,2
P03354,A03883,3
P03354,A02689,4
P03354,A02812,5
P03354,A01730,6
P03354,A01731,7
P03354,A07793,8
P03354,A08436,9
P03354,A01537,10
P03354,A07418,11
P03354,A01713,12
P03354,A03859,13
P03354,A05698,14
P03354,A05702,15
P03354,A00956,16
P03354,A02528,17
P03354,A02747,18
P03354,A04638,19
P03354,A04639,20
P03355,A08437,1
P03355,A05756,2
P03355,A05361,3
P03355,A05442,4
P03356,A04167,1
P03356,A06427,2
P03356,A04172,3
P03356,A07916,4
P03356,A02886,5
P03356,A05708,6
P03356,A08438,7
P03356,A08439,8
P03356,A08440,9
P03356,A08441,10
P03356,A08442,11
P03356,A08443,12
P03356,A08444,13
P03356,A08445,14
P03356,A08446,15
P03357,A04097,1
P03357,A07273,2
P03357,A04098,3
P03357,A04086,4
P03357,A08447,5
P03357,A08448,6
P03357,A07276,7
P03358,A06309,1
P03358,A06257,2
P03358,A08449,3
P03358,A08450,4
P03358,A08451,5
P03358,A08452,6
P03358,A06311,7
P03358,A08453,8
P03358,A08184,9
P03359,A03405,1
P03359,A08336,2
P03359,A05413,3
P03359,A00757,4
P03359,A02590,5
P03360,A01317,1
P03360,A08454,2
P03360,A08455,3
P03360,A08456,4
P03360,A03798,5
P03360,A01359,6
P03360,A07970,7
P03360,A08457,8
P03360,A08458,9
P03360,A08459,10
P03360,A08460,11
P03360,A08461,12
P03360,A08462,13
P03361,A08463,1
P03361,A08464,2
P03361,A08465,3
P03361,A08466,4
P03362,A03003,1
P03362,A08127,2
P03362,A01009,3
P03362,A03734,4
P03362,A03883,5
P03362,A04638,6
P03362,A04639,7
P03362,A01084,8
P03362,A01039,9
P03363,A01482,1
P03363,A08467,2
P03363,A02510,3
P03363,A00479,4
P03363,A08468,5
P03363,A08469,6
P03363,A08470,7
P03363,A05954,8
P03363,A08471,9
P03363,A06014,10
P03363,A08472,11
P03363,A02878,12
P03363,A02724,13
P03363,A02755,14
P03363,A08473,15
P03363,A08474,16
P03363,A08475,17
P03363,A08476,18
P03363,A00719,19
P03363,A08477,20
P03363,A08478,21
P03363,A03638,22
P03363,A02521,23
P03363,A08479,24
P03363,A08480,25
P03363,A08481,26
P03363,A08482,27
P03363,A08483,28
P03364,A06767,1
P03364,A05618,2
P03364,A05490,3
P03364,A08484,4
P03364,A06766,5
P03364,A08485,6
P03364,A08154,7
P03364,A08486,8
P03364,A08157,9
P03364,A08155,10
P03364,A08487,11
P03364,A06271,12
P03364,A01082,13
P03364,A08156,14
P03365,A08488,1
P03365,A04890,2
P03365,A03774,3
P03365,A04163,4
P03365,A08366,5
P03366,A08489,1
P03366,A07251,2
P03367,A08490,1
P03367,A03742,2
P03367,A06931,3
P03367,A08491,4
P03368,A07916,1
P03368,A02886,2
P03368,A03398,3
P03369,A08492,1
P03369,A06885,2
P03369,A05907,3
P03369,A06883,4
P03369,A06209,5
P03369,A02436,6
P03369,A00151,7
P03370,A07556,1
P03370,A04063,2
P03370,A06894,3
P03371,A08493,1
P03371,A08494,2
P03371,A08495,3
P03372,A08496,1
P03372,A04274,2
P03372,A08497,3
P03372,A06593,4
P03373,A06753,1
P03373,A06754,2
P03373,A00369,3
P03373,A02094,4
P03373,A01009,5
P03373,A06755,6
P03373,A08498,7
P03373,A01399,8
P03373,A06756,9
P03374,A08499,1
P03374,A08500,2
P03374,A02695,3
P03374,A03576,4
P03374,A03577,5
P03374,A01808,6
P03374,A02997,7
P03374,A02998,8
P03375,A08501,1
P03375,A08502,2
P03375,A08503,3
P03375,A08270,4
P03376,A08504,1
P03376,A08505,2
P03376,A08506,3
P03376,A08507,4
P03377,A08508,1
P03377,A01769,2
P03377,A08509,3
P03377,A08510,4
P03377,A08511,5
P03378,A08512,1
P03378,A05687,2
P03378,A06377,3
P03378,A05685,4
P03378,A06378,5
P03379,A06600,1
P03379,A00815,2
P03380,A06141,1
P03380,A04565,2
P03380,A03401,3
P03380,A05207,4
P03381,A07970,1
P03381,A08513,2
P03381,A08514,3
P03381,A02276,4
P03381,A06396,5
P03381,A08515,6
P03381,A08516,7
P03381,A06294,8
P03381,A01535,9
P03381,A08517,10
P03381,A08518,11
P03381,A08519,12
P03382,A03401,1
P03382,A01430,2
P03382,A00815,3
P03382,A01690,4
P03383,A02973,1
P03383,A08454,2
P03383,A06534,3
P03383,A08520,4
P03383,A08459,5
P03383,A08521,6
P03383,A08461,7
P03383,A08522,8
P03383,A08523,9
P03383,A08524,10
P03383,A05704,11
P03383,A04630,12
P03383,A03798,13
P03383,A01690,14
P03383,A00762,15
P03383,A07820,16
P03384,A01019,1
P03384,A04504,2
P03384,A02878,3
P03384,A01482,4
P03384,A08525,5
P03384,A02369,6
P03384,A01519,7
P03384,A06014,8
P03384,A02724,9
P03384,A02755,10
P03384,A01474,11
P03384,A02510,12
P03384,A03638,13
P03384,A00857,14
P03384,A01840,15
P03384,A08526,16
P03384,A03637,17
P03384,A08527,18
P03384,A08528,19
P03384,A07122,20
P03384,A08529,21
P03384,A08530,22
P03384,A05994,23
P03384,A08531,24
P03384,A01082,25
P03384,A00403,26
P03384,A02451,27
P03384,A08532,28
P03384,A04514,29
P03385,A06771,1
P03385,A00909,2
P03385,A06772,3
P03385,A08533,4
P03385,A00394,5
P03385,A00264,6
P03386,A08534,1
P03386,A08535,2
P03386,A08536,3
P03386,A08537,4
P03386,A08538,5
P03386,A08539,6
P03386,A08540,7
P03386,A08541,8
P03386,A08542,9
P03386,A00108,10
P03386,A08543,11
P03386,A08544,12
P03386,A08545,13
P03387,A00597,1
P03387,A08546,2
P03387,A07747,3
P03387,A08547,4
P03387,A03830,5
P03387,A02365,6
P03387,A02571,7
P03387,A02279,8
P03387,A03881,9
P03387,A03323,10
P03387,A01602,11
P03387,A08548,12
P03387,A03575,13
P03387,A01228,14
P03387,A08549,15
P03387,A08550,16
P03387,A07770,17
P03387,A08551,18
P03387,A08552,19
P03387,A08553,20
P03387,A08554,21
P03387,A08555,22
P03387,A08556,23
P03387,A07776,24
P03387,A08557,25
P03387,A08558,26
P03387,A00455,27
P03387,A08559,28
P03387,A08560,29
P03387,A08561,30
P03387,A08562,31
P03387,A08563,32
P03387,A08564,33
P03387,A08565,34
P03387,A08566,35
P03387,A08567,36
P03387,A08568,37
P03387,A08569,38
P03387,A08570,39
P03387,A08571,40
P03387,A08572,41
P03387,A08573,42
P03387,A08574,43
P03387,A08575,44
P03387,A08576,45
P03387,A08577,46
P03387,A08578,47
P03387,A08579,48
P03387,A08580,49
P03387,A08581,50
P03387,A08582,51
P03387,A08583,52
P03387,A08584,53
P03387,A08585,54
P03387,A08586,55
P03387,A08587,56
P03387,A08588,57
P03387,A08589,58
P03387,A08590,59
P03387,A08591,60
P03387,A08592,61
P03387,A08593,62
P03387,A08594,63
P03387,A08595,64
P03387,A08596,65
P03387,A08597,66
P03387,A08598,67
P03387,A08599,68
P03387,A08600,69
P03387,A08601,70
P03387,A08602,71
P03387,A08603,72
P03387,A08604,73
P03387,A08605,74
P03387,A08606,75
P03387,A08607,76
P03387,A08608,77
P03387,A08609,78
P03387,A08610,79
P03387,A08611,80
P03387,A08612,81
P03387,A08613,82
P03388,A06602,1
P03388,A05001,2
P03388,A07936,3
P03388,A07937,4
P03388,A00554,5
P03388,A02096,6
P03388,A03948,7
P03389,A08614,1
P03389,A08615,2
P03389,A08616,3
P03389,A08617,4
P03389,A08618,5
P03389,A08619,6
P03389,A08620,7
P03389,A08621,8
P03389,A08622,9
P03389,A08623,10
P03390,A05530,1
P03390,A08624,2
P03390,A01783,3
P03390,A02783,4
P03390,A08625,5
P03390,A08626,6
P03390,A04172,7
P03390,A05531,8
P03391,A01315,1
P03391,A04194,2
P03391,A04676,3
P03391,A00990,4
P03392,A04186,1
P03392,A00757,2
P03392,A07277,3
P03392,A06187,4
P03393,A08627,1
P03393,A08628,2
P03393,A08629,3
P03393,A08630,4
P03393,A08631,5
P03393,A06861,6
P03393,A08632,7
P03393,A08633,8
P03393,A00403,9
P03393,A08634,10
P03393,A08635,11
P03393,A08636,12
P03394,A08637,1
P03394,A08638,2
P03394,A08639,3
P03394,A08640,4
P03394,A08641,5
P03394,A08642,6
P03394,A08643,7
P03394,A08644,8
P03394,A08645,9
P03394,A08646,10
P03394,A08647,11
P03394,A08648,12
P03394,A08649,13
P03394,A08650,14
P03394,A08651,15
P03394,A08652,16
P03394,A08653,17
P03394,A08654,18
P03394,A08655,19
P03394,A08656,20
P03394,A08657,21
P03394,A08658,22
P03394,A08659,23
P03394,A08660,24
P03394,A08661,25
P03394,A08662,26
P03394,A08663,27
P03394,A08664,28
P03394,A08665,29
P03394,A08666,30
P03394,A08667,31
P03394,A08668,32
P03394,A08669,33
P03394,A08670,34
P03394,A08671,35
P03394,A08672,36
P03394,A08673,37
P03394,A08674,38
P03394,A08675,39
P03394,A08676,40
P03394,A08677,41
P03394,A08678,42
P03394,A08679,43
P03394,A08680,44
P03394,A08681,45
P03394,A08682,46
P03394,A08683,47
P03394,A08684,48
P03394,A08685,49
P03394,A08686,50
P03394,A08687,51
P03394,A08688,52
P03394,A08689,53
P03394,A08690,54
P03394,A08691,55
P03394,A08692,56
P03394,A08693,57
P03394,A08694,58
P03394,A08695,59
P03394,A08696,60
P03394,A08697,61
P03394,A08698,62
P03394,A08699,63
P03394,A08700,64
P03394,A08701,65
P03394,A08702,66
P03394,A08703,67
P03394,A08704,68
P03394,A08705,69
P03394,A08706,70
P03394,A08707,71
P03394,A08708,72
P03394,A08709,73
P03394,A08710,74
P03394,A08711,75
P03394,A08712,76
P03394,A08713,77
P03394,A08714,78
P03394,A08715,79
P03394,A08716,80
P03394,A08717,81
P03394,A08718,82
P03394,A08719,83
P03394,A08720,84
P03394,A08721,85
P03394,A08722,86
P03394,A08723,87
P03394,A08724,88
P03394,A08725,89
P03394,A08726,90
P03394,A08727,91
P03394,A08728,92
P03394,A08729,93
P03394,A08730,94
P03394,A08731,95
P03394,A08732,96
P03394,A08733,97
P03394,A08734,98
P03394,A08735,99
P03394,A08736,100
P03394,A08737,101
P03394,A08738,102
P03394,A08739,103
P03394,A08740,104
P03394,A08741,105
P03394,A08742,106
P03394,A08743,107
P03394,A08744,108
P03394,A08745,109
P03394,A08746,110
P03394,A08747,111
P03394,A08748,112
P03394,A08749,113
P03394,A08750,114
P03394,A08751,115
P03394,A08752,116
P03394,A08753,117
P03394,A08754,118
P03394,A08755,119
P03394,A08756,120
P03394,A08757,121
P03394,A08758,122
P03394,A08759,123
P03394,A08760,124
P03395,A01358,1
P03395,A08761,2
P03395,A02841,3
P03395,A03003,4
P03395,A02870,5
P03396,A07325,1
P03396,A03287,2
P03396,A07382,3
P03396,A06552,4
P03396,A08762,5
P03396,A08763,6
P03396,A08764,7
P03396,A08765,8
P03396,A08766,9
P03396,A08767,10
P03397,A03637,1
P03397,A08768,2
P03397,A08769,3
P03397,A08770,4
P03397,A00479,5
P03397,A08771,6
P03397,A08772,7
P03397,A08773,8
P03397,A01840,9
P03397,A08774,10
P03397,A08775,11
P03397,A08776,12
P03397,A08777,13
P03397,A08778,14
P03397,A08779,15
P03397,A08780,16
P03397,A01069,17
P03397,A01019,18
P03397,A05988,19
P03397,A08781,20
P03397,A08782,21
P03397,A08783,22
P03397,A08784,23
P03397,A08785,24
P03397,A08786,25
P03397,A08787,26
P03397,A02369,27
P03397,A02010,28
P03397,A08788,29
P03397,A00167,30
P03397,A01482,31
P03397,A00887,32
P03397,A02446,33
P03397,A05997,34
P03397,A08789,35
P03397,A05764,36
P03397,A00973,37
P03397,A08790,38
P03397,A08791,39
P03397,A03638,40
P03397,A08792,41
P03397,A00403,42
P03397,A08793,43
P03397,A02130,44
P03397,A08794,45
P03397,A08795,46
P03397,A08796,47
P03397,A06005,48
P03397,A08797,49
P03397,A08759,50
P03397,A08760,51
P03397,A08798,52
P03398,A00887,1
P03398,A01069,2
P03398,A02793,3
P03398,A00956,4
P03398,A01402,5
P03398,A08799,6
P03398,A08800,7
P03398,A08801,8
P03398,A08802,9
P03398,A08803,10
P03398,A08804,11
P03398,A08805,12
P03398,A00893,13
P03398,A08806,14
P03398,A08807,15
P03398,A05986,16
P03398,A08808,17
P03398,A08809,18
P03398,A08810,19
P03398,A08811,20
P03398,A08812,21
P03398,A08813,22
P03398,A08814,23
P03398,A08815,24
P03398,A08816,25
P03398,A08817,26
P03398,A08818,27
P03398,A08819,28
P03398,A08820,29
P03398,A08821,30
P03398,A08822,31
P03398,A08823,32
P03398,A08824,33
P03398,A08825,34
P03398,A08826,35
P03398,A08827,36
P03398,A08828,37
P03398,A08829,38
P03398,A08830,39
P03398,A08831,40
P03398,A08832,41
P03398,A08833,42
P03398,A08834,43
P03398,A08835,44
P03398,A08836,45
P03398,A08837,46
P03398,A08838,47
P03398,A08839,48
P03398,A08840,49
P03398,A08841,50
P03398,A08842,51
P03398,A08843,52
P03398,A08844,53
P03398,A08845,54
P03398,A08846,55
P03398,A01295,56
P03398,A08847,57
P03398,A08848,58
P03398,A08849,59
P03398,A02464,60
P03398,A04484,61
P03398,A08850,62
P03398,A05949,63
P03398,A08851,64
P03398,A08852,65
P03398,A08853,66
P03398,A08854,67
P03398,A08855,68
P03398,A03940,69
P03398,A08195,70
P03398,A08856,71
P03398,A08857,72
P03398,A08858,73
P03398,A08859,74
P03398,A08860,75
P03398,A08861,76
P03398,A08862,77
P03398,A00872,78
P03398,A08863,79
P03398,A08864,80
P03398,A00846,81
P03398,A08865,82
P03398,A08866,83
P03398,A08867,84
P03398,A03159,85
P03398,A08868,86
P03398,A08869,87
P03398,A08870,88
P03398,A01887,89
P03398,A02792,90
P03398,A03820,91
P03398,A08871,92
P03398,A03637,93
P03398,A08872,94
P03398,A08873,95
P03398,A08874,96
P03398,A02284,97
P03398,A08111,98
P03398,A08875,99
P03398,A00973,100
P03398,A08876,101
P03398,A08877,102
P03398,A03785,103
P03398,A06005,104
P03398,A08878,105
P03398,A08760,106
P03399,A08879,1
P03399,A08880,2
P03399,A08881,3
P03399,A08882,4
P03399,A08883,5
P03399,A08884,6
P03399,A08885,7
P03399,A08886,8
P03400,A05579,1
P03400,A07559,2
P03401,A02282,1
P03401,A08887,2
P03401,A08888,3
P03401,A08486,4
P03401,A08485,5
P03401,A01690,6
P03401,A00815,7
P03401,A02023,8
P03401,A05738,9
P03402,A08132,1
P03402,A06578,2
P03402,A04584,3
P03402,A05338,4
P03402,A03249,5
P03402,A06617,6
P03402,A07363,7
P03402,A08003,8
P03402,A04583,9
P03402,A04582,10
P03402,A08889,11
P03402,A07362,12
P03402,A08129,13
P03402,A08890,14
P03403,A03003,1
P03403,A08891,2
P03403,A03672,3
P03403,A00762,4
P03403,A00597,5
P03403,A04638,6
P03403,A04639,7
P03403,A03828,8
P03404,A07676,1
P03404,A03059,2
P03404,A06225,3
P03404,A08892,4
P03404,A05259,5
P03405,A08893,1
P03405,A07923,2
P03405,A07176,3
P03406,A08894,1
P03406,A08324,2
P03407,A08895,1
P03407,A08896,2
P03407,A08897,3
P03408,A08898,1
P03408,A08899,2
P03409,A08900,1
P03409,A08901,2
P03409,A08902,3
P03409,A08903,4
P03409,A08904,5
P03409,A08905,6
P03409,A08906,7
P03410,A08907,1
P03410,A08037,2
P03410,A04205,3
P03410,A05440,4
P03410,A04194,5
P03410,A08908,6
P03410,A06751,7
P03410,A08909,8
P03411,A05072,1
P03411,A03670,2
P03411,A01424,3
P03411,A01039,4
P03412,A08910,1
P03412,A08911,2
P03412,A08912,3
P03412,A08913,4
P03412,A07934,5
P03412,A08914,6
P03412,A08915,7
P03412,A08916,8
P03412,A02964,9
P03413,A05869,1
P03413,A08917,2
P03413,A02689,3
P03413,A07655,4
P03413,A08918,5
P03413,A01016,6
P03413,A08919,7
P03414,A07704,1
P03414,A03560,2
P03414,A07705,3
P03414,A07706,4
P03414,A08920,5
P03415,A08921,1
P03415,A03398,2
P03415,A03208,3
P03415,A04617,4
P03415,A08922,5
P03415,A07176,6
P03415,A04195,7
P03415,A02887,8
P03415,A03267,9
P03415,A06040,10
P03415,A06041,11
P03415,A02973,12
P03416,A07824,1
P03416,A02436,2
P03416,A02798,3
P03416,A05141,4
P03416,A08923,5
P03416,A00151,6
P03416,A03486,7
P03416,A04934,8
P03416,A04933,9
P03417,A06895,1
P03417,A05313,2
P03417,A05314,3
P03417,A06896,4
P03418,A04583,1
P03418,A04582,2
P03419,A08924,1
P03419,A07818,2
P03419,A01943,3
P03419,A05319,4
P03420,A08925,1
P03420,A08926,2
P03420,A08927,3
P03420,A08928,4
P03420,A03254,5
P03420,A08929,6
P03420,A08930,7
P03421,A08005,1
P03421,A07526,2
P03421,A01663,3
P03421,A01692,4
P03421,A01682,5
P03422,A04296,1
P03422,A00171,2
P03422,A04825,3
P03422,A01359,4
P03422,A03914,5
P03422,A08931,6
P03422,A04195,7
P03422,A00922,8
P03422,A05266,9
P03422,A06107,10
P03422,A03323,11
P03423,A08932,1
P03423,A08933,2
P03424,A03405,1
P03424,A08336,2
P03424,A00757,3
P03424,A02590,4
P03425,A06756,1
P03425,A00757,2
P03425,A04186,3
P03425,A06187,4
P03425,A04189,5
P03425,A08934,6
P03425,A02591,7
P03426,A08935,1
P03426,A08936,2
P03426,A08937,3
P03426,A08938,4
P03427,A08103,1
P03427,A04099,2
P03427,A00030,3
P03427,A00193,4
P03427,A02244,5
P03427,A04100,6
P03427,A08939,7
P03427,A08940,8
P03427,A06403,9
P03428,A08941,1
P03428,A08942,2
P03428,A04228,3
P03428,A08943,4
P03428,A08944,5
P03429,A08945,1
P03429,A08946,2
P03429,A08947,3
P03429,A08948,4
P03430,A05435,1
P03430,A07906,2
P03430,A07907,3
P03430,A07432,4
P03430,A08949,5
P03430,A05710,6
P03431,A08950,1
P03431,A08951,2
P03432,A08950,1
P03432,A08951,2
P03433,A08952,1
P03433,A08953,2
P03434,A08954,1
P03434,A08955,2
P03434,A06194,3
P03434,A08956,4
P03434,A08957,5
P03434,A08958,6
P03434,A06197,7
P03435,A08959,1
P03435,A08960,2
P03435,A07964,3
P03435,A08961,4
P03436,A00543,1
P03436,A01036,2
P03437,A08962,1
P03437,A03822,2
P03437,A06918,3
P03437,A01430,4
P03437,A06296,5
P03437,A00815,6
P03437,A02325,7
P03437,A01690,8
P03438,A08419,1
P03438,A01016,2
P03439,A01430,1
P03439,A07669,2
P03439,A00815,3
P03440,A04582,1
P03440,A04583,2
P03440,A08963,3
P03440,A04239,4
P03440,A08964,5
P03440,A08965,6
P03440,A08966,7
P03440,A08967,8
P03441,A08968,1
P03441,A08969,2
P03441,A08970,3
P03441,A08971,4
P03441,A08972,5
P03441,A08973,6
P03441,A08974,7
P03441,A08975,8
P03441,A08976,9
P03441,A08977,10
P03442,A03367,1
P03442,A08978,2
P03442,A03368,3
P03443,A05134,1
P03444,A08979,1
P03444,A08980,2
P03444,A08981,3
P03444,A08982,4
P03444,A08983,5
P03444,A08984,6
P03445,A08985,1
P03445,A08986,2
P03445,A08987,3
P03445,A08988,4
P03445,A08989,5
P03445,A08990,6
P03445,A08991,7
P03445,A08992,8
P03445,A08993,9
P03446,A08994,1
P03446,A04143,2
P03446,A04596,3
P03446,A08995,4
P03446,A08996,5
P03446,A08997,6
P03446,A04922,7
P03446,A08998,8
P03447,A08999,1
P03447,A03442,2
P03447,A00360,3
P03447,A02114,4
P03447,A01946,5
P03447,A09000,6
P03447,A09001,7
P03448,A09002,1
P03448,A09003,2
P03448,A09004,3
P03449,A09005,1
P03449,A09006,2
P03449,A04171,3
P03449,A01768,4
P03449,A09007,5
P03449,A09008,6
P03449,A09009,7
P03449,A01766,8
P03449,A09010,9
P03450,A02583,1
P03450,A09011,2
P03450,A09012,3
P03450,A09013,4
P03450,A07197,5
P03451,A05435,1
P03451,A07432,2
P03451,A07906,3
P03451,A08949,4
P03451,A07907,5
P03451,A05710,6
P03452,A09014,1
P03452,A06105,2
P03452,A06118,3
P03452,A01758,4
P03453,A09015,1
P03453,A09016,2
P03453,A09017,3
P03453,A09018,4
P03453,A09019,5
P03454,A09020,1
P03454,A02281,2
P03454,A00691,3
P03454,A09021,4
P03454,A04750,5
P03455,A09022,1
P03455,A09023,2
P03456,A02672,1
P03456,A01500,2
P03456,A09024,3
P03456,A09025,4
P03456,A09026,5
P03457,A09027,1
P03457,A09028,2
P03458,A06566,1
P03458,A01095,2
P03458,A00406,3
P03459,A09029,1
P03459,A01943,2
P03459,A04526,3
P03459,A08383,4
P03460,A00545,1
P03460,A01101,2
P03460,A09030,3
P03460,A06067,4
P03460,A04565,5
P03461,A09031,1
P03461,A08138,2
P03461,A08139,3
P03461,A09032,4
P03461,A06141,5
P03461,A08136,6
P03461,A08141,7
P03462,A09033,1
P03462,A06784,2
P03462,A06225,3
P03463,A03915,1
P03463,A09034,2
P03463,A04400,3
P03463,A02102,4
P03463,A04770,5
P03463,A09035,6
P03464,A06572,1
P03464,A03209,2
P03464,A02887,3
P03464,A03163,4
P03464,A04212,5
P03464,A03214,6
P03464,A01818,7
P03464,A09036,8
P03465,A08250,1
P03465,A05548,2
P03465,A09037,3
P03466,A07917,1
P03466,A07918,2
P03466,A07919,3
P03466,A07920,4
P03467,A06653,1
P03467,A04767,2
P03467,A02807,3
P03467,A04296,4
P03467,A06652,5
P03467,A09038,6
P03467,A07208,7
P03467,A00591,8
P03467,A01423,9
P03468,A09039,1
P03468,A09040,2
P03468,A09041,3
P03468,A06128,4
P03468,A08226,5
P03469,A08225,1
P03469,A01715,2
P03469,A03985,3
P03470,A08513,1
P03470,A07970,2
P03470,A05738,3
P03470,A09042,4
P03471,A03696,1
P03471,A04945,2
P03471,A03697,3
P03471,A03813,4
P03471,A02233,5
P03471,A05577,6
P03471,A03814,7
P03472,A09043,1
P03472,A09044,2
P03472,A09045,3
P03472,A09046,4
P03472,A09047,5
P03472,A09048,6
P03472,A09049,7
P03473,A09050,1
P03473,A00725,2
P03473,A09051,3
P03473,A09052,4
P03474,A09053,1
P03474,A09054,2
P03474,A09055,3
P03474,A03715,4
P03474,A09056,5
P03474,A09057,6
P03475,A09058,1
P03475,A09059,2
P03475,A09060,3
P03475,A09061,4
P03475,A09062,5
P03475,A09063,6
P03476,A06385,1
P03476,A09064,2
P03476,A09065,3
P03476,A03003,4
P03476,A09066,5
P03476,A03163,6
P03476,A09067,7
P03476,A08383,8
P03476,A02457,9
P03476,A09068,10
P03476,A01943,11
P03476,A09069,12
P03476,A01713,13
P03476,A02204,14
P03476,A07113,15
P03476,A06836,16
P03476,A07114,17
P03476,A03835,18
P03476,A02668,19
P03476,A07116,20
P03476,A09070,21
P03476,A02858,22
P03476,A02562,23
P03477,A00543,1
P03477,A05000,2
P03477,A01661,3
P03477,A01075,4
P03477,A04192,5
P03477,A09071,6
P03478,A09072,1
P03478,A02798,2
P03478,A09073,3
P03478,A02563,4
P03478,A05178,5
P03478,A09074,6
P03479,A09075,1
P03479,A06403,2
P03479,A00030,3
P03479,A09076,4
P03479,A09077,5
P03480,A09078,1
P03480,A09079,2
P03480,A09080,3
P03480,A02011,4
P03481,A09081,1
P03481,A06309,2
P03481,A09082,3
P03481,A09083,4
P03481,A08184,5
P03481,A09084,6
P03482,A06385,1
P03482,A05829,2
P03482,A02546,3
P03482,A09085,4
P03482,A01943,5
P03482,A05319,6
P03482,A02457,7
P03482,A09086,8
P03482,A09087,9
P03482,A09088,10
P03483,A05912,1
P03483,A02886,2
P03483,A08383,3
P03483,A06385,4
P03483,A01943,5
P03483,A03969,6
P03483,A01563,7
P03483,A01560,8
P03483,A06670,9
P03483,A02887,10
P03483,A09089,11
P03483,A06987,12
P03483,A04296,13
P03483,A00151,14
P03483,A02889,15
P03484,A06889,1
P03484,A09090,2
P03484,A08226,3
P03484,A09091,4
P03484,A04296,5
P03484,A00692,6
P03484,A08230,7
P03485,A09092,1
P03485,A03643,2
P03485,A07376,3
P03485,A09093,4
P03485,A09094,5
P03486,A09095,1
P03486,A09096,2
P03487,A00873,1
P03487,A09097,2
P03487,A09098,3
P03487,A02521,4
P03487,A02285,5
P03487,A02811,6
P03487,A08614,7
P03487,A03427,8
P03487,A09099,9
P03487,A02482,10
P03487,A09100,11
P03487,A03780,12
P03488,A03003,1
P03488,A09101,2
P03488,A05828,3
P03488,A09102,4
P03488,A08127,5
P03488,A03883,6
P03488,A01039,7
P03488,A01262,8
P03489,A09103,1
P03489,A09104,2
P03489,A01865,3
P03490,A06025,1
P03490,A01036,2
P03490,A00543,3
P03491,A09105,1
P03491,A09106,2
P03491,A01871,3
P03491,A03132,4
P03491,A01045,5
P03491,A00591,6
P03491,A04066,7
P03491,A03799,8
P03491,A00554,9
P03492,A09107,1
P03492,A07999,2
P03492,A06933,3
P03492,A09108,4
P03492,A09109,5
P03492,A09110,6
P03492,A09111,7
P03493,A09112,1
P03493,A09113,2
P03493,A09114,3
P03493,A08336,4
P03493,A09115,5
P03494,A03151,1
P03494,A03970,2
P03494,A02323,3
P03494,A02255,4
P03494,A09116,5
P03494,A01066,6
P03495,A09117,1
P03495,A09118,2
P03495,A09119,3
P03495,A09120,4
P03495,A09121,5
P03495,A09122,6
P03495,A09123,7
P03495,A09124,8
P03495,A09125,9
P03495,A09126,10
P03495,A09127,11
P03495,A09128,12
P03495,A09129,13
P03495,A09130,14
P03495,A09131,15
P03495,A09132,16
P03495,A09133,17
P03495,A09134,18
P03495,A09135,19
P03495,A09136,20
P03495,A09137,21
P03495,A09138,22
P03495,A09139,23
P03495,A09140,24
P03495,A09141,25
P03495,A09142,26
P03496,A05804,1
P03496,A09143,2
P03496,A09144,3
P03496,A09145,4
P03496,A09146,5
P03497,A09147,1
P03497,A09148,2
P03497,A09149,3
P03497,A09150,4
P03497,A09151,5
P03498,A09152,1
P03498,A03765,2
P03498,A09153,3
P03499,A09154,1
P03499,A09155,2
P03499,A09156,3
P03499,A09157,4
P03499,A09158,5
P03499,A09159,6
P03500,A07525,1
P03500,A01663,2
P03500,A07526,3
P03500,A09160,4
P03500,A09161,5
P03500,A07527,6
P03501,A09162,1
P03501,A08324,2
P03502,A03403,1
P03502,A04186,2
P03502,A00757,3
P03503,A01039,1
P03503,A06240,2
P03503,A02668,3
P03504,A09163,1
P03504,A09164,2
P03504,A09165,3
P03504,A09166,4
P03504,A09167,5
P03504,A09168,6
P03505,A03436,1
P03505,A03003,2
P03505,A08037,3
P03505,A02963,4
P03505,A03214,5
P03505,A01084,6
P03505,A05097,7
P03505,A05828,8
P03505,A05071,9
P03506,A07915,1
P03506,A02886,2
P03506,A07916,3
P03506,A02889,4
P03507,A09169,1
P03507,A01931,2
P03507,A01940,3
P03507,A09170,4
P03507,A09171,5
P03507,A01026,6
P03508,A06799,1
P03508,A01026,2
P03508,A01931,3
P03508,A06800,4
P03508,A09172,5
P03509,A06799,1
P03509,A01026,2
P03509,A01924,3
P03509,A09173,4
P03509,A07446,5
P03509,A07448,6
P03509,A07447,7
P03509,A01931,8
P03510,A06799,1
P03510,A01026,2
P03510,A01931,3
P03510,A07446,4
P03510,A07448,5
P03510,A07447,6
P03511,A09174,1
P03511,A09175,2
P03512,A02717,1
P03512,A09176,2
P03512,A06020,3
P03512,A05647,4
P03512,A09177,5
P03512,A06021,6
P03513,A08026,1
P03513,A01095,2
P03513,A06999,3
P03513,A09178,4
P03514,A04186,1
P03514,A09179,2
P03514,A00757,3
P03514,A08918,4
P03514,A00732,5
P03514,A09180,6
P03514,A06187,7
P03514,A03309,8
P03515,A09181,1
P03515,A09182,2
P03515,A05846,3
P03515,A09183,4
P03516,A02462,1
P03516,A02460,2
P03516,A00920,3
P03516,A07667,4
P03516,A09184,5
P03516,A05572,6
P03516,A01125,7
P03516,A09185,8
P03516,A09186,9
P03516,A09187,10
P03516,A05817,11
P03516,A06114,12
P03516,A01661,13
P03516,A09188,14
P03516,A09189,15
P03516,A09190,16
P03516,A09191,17
P03516,A09192,18
P03516,A09193,19
P03517,A01033,1
P03517,A01095,2
P03517,A04192,3
P03517,A03828,4
P03517,A01039,5
P03517,A01045,6
P03517,A01431,7
P03518,A09194,1
P03518,A04173,2
P03518,A02797,3
P03518,A00585,4
P03519,A08488,1
P03519,A04890,2
P03519,A03003,3
P03519,A04892,4
P03519,A04891,5
P03519,A01943,6
P03519,A04565,7
P03519,A00762,8
P03519,A08366,9
P03520,A03672,1
P03520,A01201,2
P03520,A03015,3
P03520,A06924,4
P03520,A01943,5
P03520,A01941,6
P03521,A09195,1
P03521,A09196,2
P03521,A09197,3
P03522,A08323,1
P03522,A07948,2
P03522,A05035,3
P03522,A07950,4
P03522,A07949,5
P03522,A04467,6
P03522,A00988,7
P03522,A00983,8
P03522,A09198,9
P03523,A09199,1
P03523,A03772,2
P03523,A02443,3
P03523,A09200,4
P03523,A05774,5
P03523,A05254,6
P03523,A05255,7
P03523,A03898,8
P03523,A02566,9
P03523,A02106,10
P03523,A02279,11
P03523,A02014,12
P03523,A09201,13
P03523,A02571,14
P03524,A05742,1
P03524,A04648,2
P03524,A09202,3
P03524,A08176,4
P03524,A09203,5
P03524,A01943,6
P03525,A09204,1
P03525,A09205,2
P03525,A02829,3
P03525,A02432,4
P03525,A03201,5
P03525,A01324,6
P03525,A03970,7
P03525,A01552,8
P03525,A04508,9
P03525,A09206,10
P03525,A02006,11
P03525,A09207,12
P03525,A09208,13
P03525,A09209,14
P03525,A09210,15
P03525,A09211,16
P03525,A02754,17
P03525,A01540,18
P03525,A09212,19
P03526,A09213,1
P03526,A02395,2
P03527,A02893,1
P03527,A09214,2
P03527,A09215,3
P03527,A00791,4
P03527,A09216,5
P03527,A03401,6
P03527,A05097,7
P03527,A03436,8
P03527,A03734,9
P03527,A00815,10
P03527,A09217,11
P03528,A09218,1
P03528,A06577,2
P03528,A09219,3
P03528,A09220,4
P03528,A01067,5
P03528,A00922,6
P03529,A09221,1
P03529,A09222,2
P03529,A09223,3
P03529,A09224,4
P03529,A09225,5
P03529,A09226,6
P03529,A09227,7
P03529,A09228,8
P03529,A09229,9
P03530,A08277,1
P03530,A09230,2
P03531,A09231,1
P03531,A09232,2
P03531,A09233,3
P03531,A09234,4
P03531,A07195,5
P03531,A09235,6
P03531,A09236,7
P03531,A09237,8
P03532,A06399,1
P03532,A05075,2
P03532,A09238,3
P03532,A05581,4
P03533,A06987,1
P03533,A04388,2
P03533,A00994,3
P03533,A04390,4
P03533,A09239,5
P03533,A09240,6
P03533,A04370,7
P03533,A00171,8
P03533,A00762,9
P03534,A03003,1
P03534,A06226,2
P03534,A03981,3
P03534,A03883,4
P03534,A00757,5
P03534,A05538,6
P03534,A04565,7
P03534,A01039,8
P03534,A00180,9
P03535,A08217,1
P03535,A09241,2
P03535,A06333,3
P03535,A03881,4
P03535,A03130,5
P03535,A00597,6
P03536,A09242,1
P03536,A09243,2
P03536,A00920,3
P03536,A09244,4
P03536,A09245,5
P03536,A06099,6
P03536,A09246,7
P03536,A09247,8
P03536,A09248,9
P03536,A09249,10
P03536,A09250,11
P03536,A09251,12
P03536,A00921,13
P03536,A09252,14
P03536,A09253,15
P03536,A09254,16
P03537,A08010,1
P03537,A09255,2
P03537,A06309,3
P03537,A08011,4
P03538,A09256,1
P03538,A09257,2
P03538,A09258,3
P03538,A09259,4
P03538,A09260,5
P03539,A07355,1
P03539,A07356,2
P03539,A07357,3
P03539,A09261,4
P03539,A09262,5
P03539,A09263,6
P03540,A09264,1
P03540,A09265,2
P03540,A09266,3
P03540,A09267,4
P03540,A09268,5
P03540,A07186,6
P03540,A04820,7
P03540,A05104,8
P03541,A09269,1
P03541,A09270,2
P03541,A09271,3
P03541,A09272,4
P03541,A06170,5
P03541,A09273,6
P03541,A07378,7
P03541,A09274,8
P03541,A00500,9
P03541,A09275,10
P03541,A07380,11
P03541,A09276,12
P03541,A09277,13
P03541,A09278,14
P03541,A09279,15
P03541,A09280,16
P03541,A09281,17
P03541,A09282,18
P03541,A09283,19
P03541,A09284,20
P03541,A09285,21
P03541,A09286,22
P03541,A09287,23
P03541,A09288,24
P03541,A09289,25
P03541,A09290,26
P03541,A09291,27
P03541,A09292,28
P03541,A09293,29
P03541,A09294,30
P03541,A08663,31
P03541,A09295,32
P03541,A09296,33
P03541,A09297,34
P03541,A09298,35
P03541,A09299,36
P03541,A09300,37
P03541,A09301,38
P03541,A09302,39
P03541,A09303,40
P03541,A09304,41
P03541,A09305,42
P03541,A09306,43
P03541,A09307,44
P03541,A09308,45
P03541,A09309,46
P03541,A09310,47
P03541,A09311,48
P03541,A09312,49
P03541,A09313,50
P03541,A09314,51
P03541,A09315,52
P03541,A09316,53
P03541,A09317,54
P03541,A09318,55
P03541,A09319,56
P03541,A09320,57
P03541,A09321,58
P03541,A09322,59
P03541,A09323,60
P03541,A09324,61
P03542,A00887,1
P03542,A08802,2
P03542,A02793,3
P03542,A00956,4
P03542,A08799,5
P03542,A08811,6
P03542,A08830,7
P03542,A05986,8
P03542,A01069,9
P03542,A08810,10
P03542,A08845,11
P03542,A09325,12
P03542,A08865,13
P03542,A09326,14
P03542,A08867,15
P03542,A03159,16
P03542,A08853,17
P03542,A01402,18
P03542,A08856,19
P03542,A08822,20
P03542,A08833,21
P03542,A08824,22
P03542,A08825,23
P03542,A08858,24
P03542,A08854,25
P03542,A08800,26
P03542,A08801,27
P03542,A03940,28
P03542,A09327,29
P03542,A08803,30
P03542,A08804,31
P03542,A08805,32
P03542,A00893,33
P03542,A08878,34
P03542,A08806,35
P03542,A08807,36
P03542,A08808,37
P03542,A08809,38
P03542,A08812,39
P03542,A08813,40
P03542,A08814,41
P03542,A08816,42
P03542,A08818,43
P03542,A08819,44
P03542,A08820,45
P03542,A08821,46
P03542,A08823,47
P03542,A08826,48
P03542,A08827,49
P03542,A08828,50
P03542,A08829,51
P03542,A08831,52
P03542,A08832,53
P03542,A08834,54
P03542,A08835,55
P03542,A08836,56
P03542,A08837,57
P03542,A08838,58
P03542,A08839,59
P03542,A08840,60
P03542,A08841,61
P03542,A08842,62
P03542,A08843,63
P03542,A08844,64
P03542,A01295,65
P03542,A08848,66
P03542,A08849,67
P03542,A09328,68
P03542,A09329,69
P03542,A02464,70
P03542,A04484,71
P03542,A08850,72
P03542,A05949,73
P03542,A08851,74
P03542,A08852,75
P03542,A08855,76
P03542,A08195,77
P03542,A08857,78
P03542,A08859,79
P03542,A08860,80
P03542,A08861,81
P03542,A00872,82
P03542,A08863,83
P03542,A08864,84
P03542,A00846,85
P03542,A08866,86
P03542,A08868,87
P03542,A08869,88
P03542,A09330,89
P03542,A09331,90
P03542,A02792,91
P03542,A08772,92
P03542,A03820,93
P03542,A08871,94
P03542,A03637,95
P03542,A08872,96
P03542,A08873,97
P03542,A02284,98
P03542,A08111,99
P03542,A08875,100
P03542,A08759,101
P03542,A08768,102
P03542,A00973,103
P03542,A08876,104
P03542,A08877,105
P03542,A03785,106
P03542,A09332,107
P03542,A08798,108
P03542,A06005,109
P03542,A08760,110
P03543,A06456,1
P03543,A06457,2
P03543,A06459,3
P03543,A06460,4
P03543,A06461,5
P03543,A07138,6
P03543,A06462,7
P03543,A09333,8
P03543,A06463,9
P03543,A06465,10
P03543,A07581,11
P03543,A06466,12
P03543,A03756,13
P03543,A06467,14
P03543,A07582,15
P03543,A06468,16
P03543,A06469,17
P03543,A06471,18
P03543,A07140,19
P03543,A03758,20
P03543,A06474,21
P03543,A06475,22
P03543,A06478,23
P03543,A06479,24
P03543,A06481,25
P03543,A07144,26
P03543,A06482,27
P03543,A06483,28
P03543,A09334,29
P03543,A06484,30
P03543,A06485,31
P03543,A06486,32
P03543,A03761,33
P03543,A07583,34
P03543,A07584,35
P03543,A06487,36
P03543,A06488,37
P03543,A07147,38
P03543,A09335,39
P03543,A07585,40
P03543,A06489,41
P03543,A06491,42
P03543,A06492,43
P03543,A06493,44
P03543,A09336,45
P03543,A06494,46
P03543,A06495,47
P03543,A06496,48
P03543,A06497,49
P03543,A06498,50
P03543,A06499,51
P03543,A06500,52
P03543,A07150,53
P03543,A06501,54
P03543,A06502,55
P03543,A06503,56
P03543,A06504,57
P03543,A06505,58
P03543,A06506,59
P03543,A06507,60
P03543,A07586,61
P03543,A06509,62
P03543,A06511,63
P03543,A06512,64
P03543,A06513,65
P03543,A09337,66
P03543,A06514,67
P03543,A06515,68
P03543,A07587,69
P03543,A06522,70
P03544,A09338,1
P03544,A09339,2
P03544,A09340,3
P03544,A07872,4
P03545,A05488,1
P03545,A06688,2
P03545,A05493,3
P03545,A05490,4
P03545,A05491,5
P03546,A02522,1
P03546,A09341,2
P03546,A04223,3
P03546,A00597,4
P03547,A09342,1
P03547,A09343,2
P03547,A09344,3
P03547,A09345,4
P03547,A09346,5
P03547,A09347,6
P03547,A09348,7
P03547,A09349,8
P03547,A09350,9
P03547,A09351,10
P03547,A09352,11
P03547,A07172,12
P03547,A09353,13
P03547,A09354,14
P03547,A09355,15
P03547,A09356,16
P03547,A09357,17
P03547,A09358,18
P03548,A09359,1
P03548,A06402,2
P03549,A09360,1
P03549,A09361,2
P03549,A09362,3
P03549,A09363,4
P03549,A09364,5
P03549,A09365,6
P03549,A02201,7
P03549,A09366,8
P03550,A09367,1
P03550,A09368,2
P03550,A09369,3
P03551,A06679,1
P03551,A02437,2
P03551,A05508,3
P03552,A03672,1
P03552,A06872,2
P03552,A04767,3
P03552,A01201,4
P03552,A03214,5
P03552,A01943,6
P03552,A05070,7
P03552,A04205,8
P03552,A01359,9
P03553,A02822,1
P03553,A06184,2
P03554,A09370,1
P03554,A09371,2
P03554,A09372,3
P03554,A05746,4
P03555,A09373,1
P03555,A01000,2
P03556,A06041,1
P03556,A09374,2
P03556,A09375,3
P03556,A06756,4
P03556,A09376,5
P03556,A09377,6
P03556,A09378,7
P03556,A08921,8
P03556,A09379,9
P03557,A00519,1
P03558,A09380,1
P03558,A06187,2
P03558,A06756,3
P03558,A04186,4
P03558,A06817,5
P03558,A07277,6
P03558,A04006,7
P03558,A07223,8
P03559,A09381,1
P03559,A09382,2
P03559,A04349,3
P03559,A05429,4
P03560,A02820,1
P03560,A09383,2
P03561,A09384,1
P03561,A04919,2
P03561,A05837,3
P03561,A09385,4
P03562,A06756,1
P03562,A09386,2
P03562,A09387,3
P03562,A04189,4
P03562,A00757,5
P03562,A02094,6
P03562,A04559,7
P03562,A02436,8
P03563,A04583,1
P03563,A04582,2
P03563,A04584,3
P03564,A07287,1
P03564,A09388,2
P03564,A09389,3
P03564,A09390,4
P03565,A09391,1
P03565,A09392,2
P03565,A09393,3
P03565,A09394,4
P03565,A09395,5
P03565,A09396,6
P03565,A09397,7
P03565,A09398,8
P03566,A09399,1
P03566,A09400,2
P03566,A09401,3
P03566,A09402,4
P03566,A09403,5
P03567,A00234,1
P03567,A01040,2
P03567,A00235,3
P03567,A01033,4
P03567,A01039,5
P03567,A01271,6
P03567,A09404,7
P03567,A09405,8
P03567,A03828,9
P03568,A05190,1
P03568,A06190,2
P03568,A09406,3
P03569,A09407,1
P03569,A09408,2
P03570,A09409,1
P03570,A09410,2
P03570,A09411,3
P03570,A09412,4
P03570,A09413,5
P03570,A07315,6
P03570,A09414,7
P03570,A09415,8
P03570,A09416,9
P03570,A09417,10
P03570,A09418,11
P03570,A08427,12
P03570,A09419,13
P03570,A09420,14
P03570,A05848,15
P03571,A09421,1
P03571,A02870,2
P03571,A00691,3
P03571,A03423,4
P03571,A04296,5
P03571,A06128,6
P03571,A07418,7
P03571,A05698,8
P03571,A06665,9
P03571,A09422,10
P03572,A09423,1
P03572,A07362,2
P03572,A07363,3
P03572,A09424,4
P03572,A07361,5
P03573,A09425,1
P03573,A09426,2
P03574,A09427,1
P03574,A09428,2
P03574,A09144,3
P03574,A09146,4
P03574,A09429,5
P03574,A09430,6
P03574,A05804,7
P03574,A09431,8
P03574,A09432,9
P03574,A09433,10
P03574,A09434,11
P03574,A09435,12
P03574,A04279,13
P03575,A09436,1
P03575,A05673,2
P03575,A02579,3
P03576,A09437,1
P03576,A09438,2
P03576,A09439,3
P03576,A09440,4
P03576,A09441,5
P03576,A09442,6
P03577,A09443,1
P03577,A09444,2
P03577,A09445,3
P03577,A09446,4
P03577,A09447,5
P03578,A07994,1
P03578,A09448,2
P03578,A06884,3
P03578,A06888,4
P03578,A06212,5
P03579,A03392,1
P03579,A04734,2
P03579,A06225,3
P03580,A09449,1
P03580,A09450,2
P03580,A03367,3
P03580,A02270,4
P03580,A02675,5
P03580,A02674,6
P03581,A09451,1
P03581,A03848,2
P03581,A04170,3
P03581,A09452,4
P03581,A07614,5
P03581,A09453,6
P03582,A09454,1
P03582,A09455,2
P03582,A09456,3
P03582,A09457,4
P03582,A09458,5
P03582,A09459,6
P03582,A09460,7
P03582,A09461,8
P03582,A09462,9
P03582,A09463,10
P03583,A09464,1
P03583,A09465,2
P03583,A09466,3
P03583,A09467,4
P03583,A09468,5
P03583,A09469,6
P03584,A09470,1
P03584,A09471,2
P03584,A09472,3
P03584,A07336,4
P03585,A07255,1
P03585,A05708,2
P03585,A07667,3
P03585,A02460,4
P03585,A05816,5
P03585,A05818,6
P03585,A05572,7
P03585,A02681,8
P03585,A06060,9
P03585,A09473,10
P03586,A02457,1
P03586,A06928,2
P03586,A01052,3
P03586,A09474,4
P03586,A09475,5
P03586,A06902,6
P03586,A09476,7
P03586,A08030,8
P03586,A09477,9
P03586,A09478,10
P03586,A09479,11
P03586,A05279,12
P03587,A07743,1
P03587,A06138,2
P03587,A09480,3
P03587,A04243,4
P03588,A05165,1
P03588,A09481,2
P03588,A05898,3
P03588,A05166,4
P03588,A09482,5
P03588,A01472,6
P03588,A09483,7
P03588,A09484,8
P03588,A09485,9
P03588,A09486,10
P03588,A09487,11
P03588,A09488,12
P03588,A09489,13
P03588,A09490,14
P03588,A09491,15
P03588,A09492,16
P03588,A09493,17
P03589,A06742,1
P03589,A00180,2
P03589,A01423,3
P03589,A02678,4
P03589,A09494,5
P03589,A09495,6
P03590,A09496,1
P03590,A09497,2
P03590,A02475,3
P03590,A09498,4
P03590,A01836,5
P03590,A09499,6
P03590,A09500,7
P03590,A09199,8
P03590,A00913,9
P03590,A09501,10
P03591,A07769,1
P03591,A09502,2
P03591,A09503,3
P03591,A09504,4
P03591,A09505,5
P03592,A09506,1
P03592,A02602,2
P03592,A02880,3
P03592,A02879,4
P03593,A09507,1
P03593,A00243,2
P03593,A09508,3
P03593,A09509,4
P03593,A09510,5
P03593,A00246,6
P03594,A09511,1
P03594,A09512,2
P03594,A05450,3
P03594,A09513,4
P03594,A09514,5
P03594,A09515,6
P03594,A09516,7
P03594,A09517,8
P03594,A09518,9
P03594,A09519,10
P03595,A09520,1
P03595,A09521,2
P03595,A02437,3
P03595,A09387,4
P03595,A09522,5
P03596,A09523,1
P03596,A07559,2
P03596,A07982,3
P03597,A09523,1
P03597,A07559,2
P03597,A07982,3
P03598,A09524,1
P03599,A09525,1
P03599,A09526,2
P03600,A09527,1
P03600,A09528,2
P03600,A09529,3
P03600,A09530,4
P03600,A09531,5
P03600,A09532,6
P03600,A09533,7
P03600,A09534,8
P03600,A04134,9
P03600,A09535,10
P03600,A09536,11
P03600,A09537,12
P03600,A09538,13
P03600,A09539,14
P03600,A09540,15
P03600,A06986,16
P03600,A09541,17
P03600,A09542,18
P03601,A09543,1
P03601,A05912,2
P03601,A08384,3
P03601,A04526,4
P03601,A09544,5
P03602,A02779,1
P03602,A03131,2
P03603,A02365,1
P03603,A00597,2
P03603,A02093,3
P03603,A02400,4
P03603,A03697,5
P03604,A09545,1
P03604,A05512,2
P03604,A05511,3
P03604,A05513,4
P03604,A09546,5
P03604,A09547,6
P03604,A09548,7
P03604,A07017,8
P03604,A09549,9
P03604,A01773,10
P03604,A02579,11
P03605,A09550,1
P03605,A05080,2
P03605,A03003,3
P03605,A02893,4
P03605,A09551,5
P03606,A07667,1
P03606,A09552,2
P03606,A09553,3
P03606,A05680,4
P03606,A05572,5
P03607,A08173,1
P03607,A08174,2
P03608,A06556,1
P03608,A06663,2
P03608,A09554,3
P03608,A03297,4
P03609,A09230,1
P03610,A00685,1
P03610,A04531,2
P03610,A09555,3
P03611,A07749,1
P03611,A08337,2
P03611,A07750,3
P03611,A02375,4
P03611,A00169,5
P03611,A00909,6
P03611,A00836,7
P03611,A09556,8
P03611,A08338,9
P03611,A03885,10
P03611,A07752,11
P03612,A09557,1
P03612,A02436,2
P03612,A02697,3
P03612,A02798,4
P03612,A00151,5
P03612,A03486,6
P03612,A02204,7
P03612,A07957,8
P03612,A05178,9
P03612,A09558,10
P03612,A07116,11
P03612,A09070,12
P03612,A07204,13
P03612,A05341,14
P03612,A07958,15
P03612,A03032,16
P03612,A07114,17
P03612,A07113,18
P03612,A03835,19
P03612,A02668,20
P03612,A06836,21
P03612,A01817,22
P03612,A06835,23
P03612,A06950,24
P03612,A03234,25
P03612,A02205,26
P03612,A04678,27
P03612,A09559,28
P03612,A04675,29
P03612,A02858,30
P03612,A01535,31
P03612,A01714,32
P03612,A04534,33
P03612,A00975,34
P03612,A00994,35
P03612,A02274,36
P03613,A01758,1
P03613,A02779,2
P03613,A06105,3
P03613,A09560,4
P03613,A02782,5
P03613,A00922,6
P03613,A06118,7
P03613,A06077,8
P03613,A06124,9
P03614,A05066,1
P03614,A07336,2
P03614,A02741,3
P03615,A03653,1
P03615,A02436,2
P03615,A02798,3
P03615,A00151,4
P03615,A09561,5
P03616,A09562,1
P03616,A09563,2
P03616,A09564,3
P03616,A09565,4
P03616,A09566,5
P03616,A09567,6
P03616,A09568,7
P03616,A09569,8
P03616,A09570,9
P03616,A09571,10
P03616,A09572,11
P03617,A09573,1
P03617,A04676,2
P03617,A09574,3
P03617,A09575,4
P03618,A06950,1
P03618,A02204,2
P03618,A00676,3
P03618,A04552,4
P03618,A03818,5
P03618,A03032,6
P03618,A03234,7
P03618,A06836,8
P03618,A02205,9
P03618,A06835,10
P03618,A05749,11
P03618,A04675,12
P03618,A09559,13
P03618,A02858,14
P03618,A00818,15
P03618,A04619,16
P03618,A02436,17
P03618,A03828,18
P03618,A02561,19
P03618,A00922,20
P03619,A04278,1
P03619,A09576,2
P03619,A04767,3
P03619,A09577,4
P03619,A00591,5
P03619,A09578,6
P03619,A09579,7
P03620,A03003,1
P03620,A03734,2
P03620,A03436,3
P03620,A06204,4
P03620,A07718,5
P03621,A06059,1
P03621,A04985,2
P03621,A09580,3
P03622,A07743,1
P03622,A09581,2
P03622,A09582,3
P03623,A06990,1
P03623,A09583,2
P03623,A09584,3
P03623,A09585,4
P03623,A09586,5
P03623,A09587,6
P03623,A09588,7
P03623,A09589,8
P03623,A09590,9
P03624,A01430,1
P03624,A03672,2
P03624,A03003,3
P03624,A00815,4
P03624,A01690,5
P03624,A03015,6
P03625,A03800,1
P03625,A09591,2
P03625,A02200,3
P03625,A00444,4
P03625,A09592,5
P03625,A07232,6
P03625,A07231,7
P03625,A09593,8
P03625,A09594,9
P03625,A08307,10
P03625,A02705,11
P03625,A00963,12
P03625,A02125,13
P03625,A01469,14
P03625,A03300,15
P03625,A08313,16
P03626,A00692,1
P03626,A08224,2
P03626,A07627,3
P03626,A01715,4
P03626,A07628,5
P03626,A03170,6
P03626,A00974,7
P03626,A08227,8
P03626,A08228,9
P03626,A09595,10
P03626,A04518,11
P03626,A01713,12
P03627,A01989,1
P03627,A01952,2
P03627,A01000,3
P03627,A00998,4
P03628,A05524,1
P03628,A00584,2
P03628,A09596,3
P03628,A03257,4
P03628,A01027,5
P03629,A07737,1
P03629,A02254,2
P03629,A07738,3
P03629,A00764,4
P03629,A00030,5
P03630,A09597,1
P03630,A09598,2
P03630,A07618,3
P03630,A09599,4
P03630,A09600,5
P03630,A09601,6
P03630,A04355,7
P03631,A09602,1
P03631,A01824,2
P03631,A01685,3
P03631,A04253,4
P03631,A05358,5
P03631,A09603,6
P03631,A03684,7
P03632,A09604,1
P03632,A07683,2
P03632,A03216,3
P03632,A09605,4
P03632,A03690,5
P03633,A09606,1
P03633,A09607,2
P03633,A05697,3
P03633,A09608,4
P03633,A03626,5
P03633,A00180,6
P03633,A00585,7
P03633,A03181,8
P03634,A06127,1
P03634,A04551,2
P03634,A00692,3
P03634,A09609,4
P03634,A09610,5
P03634,A03146,6
P03634,A03144,7
P03634,A05821,8
P03634,A03449,9
P03634,A01535,10
P03634,A05275,11
P03634,A03150,12
P03634,A09611,13
P03635,A07417,1
P03635,A05134,2
P03636,A04235,1
P03636,A09612,2
P03636,A09613,3
P03636,A01479,4
P03636,A09614,5
P03636,A04827,6
P03636,A09615,7
P03636,A09616,8
P03637,A02794,1
P03637,A03940,2
P03637,A09617,3
P03637,A04038,4
P03638,A05572,1
P03638,A07667,2
P03638,A02460,3
P03638,A05817,4
P03638,A05816,5
P03638,A06110,6
P03638,A02462,7
P03638,A05818,8
P03639,A09618,1
P03639,A02840,2
P03639,A07977,3
P03639,A01214,4
P03639,A00322,5
P03640,A09619,1
P03640,A09620,2
P03640,A04979,3
P03640,A09621,4
P03640,A09622,5
P03641,A05579,1
P03641,A07559,2
P03642,A08419,1
P03642,A01016,2
P03643,A09623,1
P03643,A00651,2
P03643,A01008,3
P03643,A07880,4
P03644,A05918,1
P03644,A02673,2
P03644,A09624,3
P03644,A09625,4
P03644,A09626,5
P03644,A09627,6
P03644,A00937,7
P03644,A02114,8
P03644,A06011,9
P03644,A09628,10
P03644,A09629,11
P03644,A06224,12
P03645,A05708,1
P03645,A09630,2
P03645,A06103,3
P03645,A09631,4
P03645,A09632,5
P03645,A09473,6
P03646,A09633,1
P03646,A09634,2
P03646,A09635,3
P03646,A09636,4
P03647,A06657,1
P03647,A09637,2
P03647,A09638,3
P03647,A09639,4
P03647,A09640,5
P03648,A07259,1
P03648,A06199,2
P03648,A06198,3
P03648,A09641,4
P03648,A09642,5
P03648,A09643,6
P03648,A09644,7
P03648,A09645,8
P03648,A09646,9
P03648,A09647,10
P03648,A09648,11
P03649,A09649,1
P03649,A05981,2
P03649,A09650,3
P03649,A09651,4
P03649,A09652,5
P03649,A09653,6
P03649,A04922,7
P03650,A09654,1
P03650,A09655,2
P03650,A09656,3
P03650,A09657,4
P03650,A09658,5
P03650,A09659,6
P03650,A09660,7
P03651,A09661,1
P03651,A09662,2
P03652,A09663,1
P03652,A01769,2
P03652,A08511,3
P03652,A09664,4
P03652,A08509,5
P03652,A01838,6
P03653,A01430,1
P03653,A03003,2
P03653,A00815,3
P03653,A03775,4
P03653,A00597,5
P03654,A08408,1
P03654,A06372,2
P03654,A09665,3
P03654,A08409,4
P03654,A08410,5
P03654,A09666,6
P03655,A09667,1
P03655,A09668,2
P03655,A09669,3
P03655,A09670,4
P03655,A09671,5
P03655,A09672,6
P03655,A09673,7
P03655,A09674,8
P03655,A09675,9
P03656,A09676,1
P03656,A02971,2
P03656,A01637,3
P03656,A07375,4
P03656,A09677,5
P03657,A09678,1
P03657,A01423,2
P03657,A00591,3
P03658,A02779,1
P03658,A09479,2
P03658,A08030,3
P03658,A06246,4
P03658,A08497,5
P03658,A09679,6
P03658,A01052,7
P03658,A09477,8
P03658,A09680,9
P03658,A01270,10
P03658,A04296,11
P03658,A06385,12
P03658,A03597,13
P03658,A09475,14
P03658,A09474,15
P03659,A05607,1
P03659,A05609,2
P03659,A03161,3
P03659,A07007,4
P03659,A05000,5
P03659,A09681,6
P03659,A05611,7
P03659,A04192,8
P03660,A09682,1
P03660,A09683,2
P03660,A09684,3
P03660,A09685,4
P03660,A09686,5
P03661,A03436,1
P03661,A03214,2
P03661,A03003,3
P03661,A04212,4
P03661,A05097,5
P03661,A00590,6
P03661,A05071,7
P03661,A04767,8
P03661,A06871,9
P03661,A00762,10
P03662,A09687,1
P03662,A04355,2
P03662,A04653,3
P03663,A05912,1
P03663,A08384,2
P03663,A06385,3
P03663,A09688,4
P03663,A03209,5
P03663,A01943,6
P03663,A05319,7
P03664,A05178,1
P03664,A02798,2
P03664,A02981,3
P03664,A09689,4
P03664,A06835,5
P03664,A02205,6
P03664,A06950,7
P03664,A01817,8
P03664,A06836,9
P03665,A09003,1
P03665,A09004,2
P03665,A09031,3
P03665,A09690,4
P03665,A04400,5
P03665,A09691,6
P03666,A09692,1
P03666,A09693,2
P03666,A09694,3
P03666,A09695,4
P03666,A09696,5
P03666,A09697,6
P03666,A09698,7
P03666,A09699,8
P03666,A09700,9
P03666,A09701,10
P03666,A09702,11
P03666,A09703,12
P03666,A09704,13
P03666,A09705,14
P03666,A09706,15
P03666,A09707,16
P03667,A09206,1
P03667,A04508,2
P03667,A02432,3
P03667,A01324,4
P03667,A01552,5
P03667,A03970,6
P03667,A02065,7
P03667,A01540,8
P03667,A09204,9
P03667,A09205,10
P03667,A02829,11
P03667,A03201,12
P03667,A09208,13
P03667,A09207,14
P03667,A02006,15
P03667,A01728,16
P03667,A04504,17
P03667,A02555,18
P03667,A09209,19
P03667,A09210,20
P03667,A09212,21
P03668,A00417,1
P03668,A02262,2
P03668,A05332,3
P03668,A05141,4
P03668,A03716,5
P03668,A09708,6
P03668,A09709,7
P03668,A09710,8
P03668,A09711,9
P03668,A03905,10
P03668,A09712,11
P03668,A05778,12
P03668,A09713,13
P03669,A05541,1
P03669,A09714,2
P03669,A05543,3
P03669,A09715,4
P03669,A05544,5
P03669,A05542,6
P03670,A09181,1
P03670,A09182,2
P03670,A05846,3
P03670,A09183,4
P03671,A02870,1
P03671,A00692,2
P03671,A08224,3
P03671,A07627,4
P03671,A01715,5
P03671,A07628,6
P03671,A03003,7
P03671,A03436,8
P03671,A01713,9
P03671,A09716,10
P03671,A04518,11
P03672,A08419,1
P03672,A08422,2
P03672,A08421,3
P03672,A08420,4
P03672,A08423,5
P03672,A09717,6
P03672,A01016,7
P03673,A00595,1
P03673,A02095,2
P03673,A01016,3
P03673,A00180,4
P03673,A00930,5
P03674,A09718,1
P03674,A02436,2
P03674,A02798,3
P03674,A05178,4
P03674,A02204,5
P03674,A00151,6
P03674,A04619,7
P03674,A09719,8
P03674,A04533,9
P03674,A09720,10
P03674,A00923,11
P03674,A02869,12
P03674,A02043,13
P03675,A09721,1
P03675,A03031,2
P03675,A09722,3
P03675,A02204,4
P03675,A01045,5
P03675,A02205,6
P03675,A04976,7
P03675,A02562,8
P03675,A03032,9
P03675,A07266,10
P03675,A04619,11
P03675,A09723,12
P03675,A09724,13
P03675,A05074,14
P03676,A09725,1
P03676,A09726,2
P03676,A09727,3
P03676,A09728,4
P03676,A09729,5
P03677,A09730,1
P03677,A02522,2
P03677,A01870,3
P03677,A09731,4
P03677,A09732,5
P03677,A02999,6
P03677,A09733,7
P03677,A09734,8
P03677,A01251,9
P03677,A05468,10
P03677,A09735,11
P03677,A09736,12
P03677,A09737,13
P03677,A09738,14
P03677,A09739,15
P03677,A09740,16
P03677,A09741,17
P03677,A04522,18
P03677,A09742,19
P03678,A09743,1
P03678,A09744,2
P03678,A09745,3
P03678,A09746,4
P03678,A09747,5
P03678,A04643,6
P03678,A09748,7
P03678,A09749,8
P03678,A09750,9
P03678,A09751,10
P03678,A05405,11
P03678,A04707,12
P03678,A09752,13
P03678,A09753,14
P03678,A09478,15
P03678,A09754,16
P03678,A09755,17
P03679,A09756,1
P03679,A09757,2
P03679,A06385,3
P03680,A06226,1
P03680,A05177,2
P03680,A09214,3
P03680,A04205,4
P03680,A08261,5
P03681,A08010,1
P03681,A06309,2
P03682,A09758,1
P03682,A09759,2
P03682,A09760,3
P03682,A08328,4
P03682,A08124,5
P03682,A08327,6
P03683,A07378,1
P03683,A07377,2
P03683,A09761,3
P03683,A06170,4
P03683,A09272,5
P03683,A09762,6
P03683,A07379,7
P03684,A09763,1
P03684,A09764,2
P03684,A09765,3
P03684,A09766,4
P03685,A07982,1
P03685,A05579,2
P03685,A08177,3
P03685,A09767,4
P03686,A09768,1
P03686,A09769,2
P03687,A09770,1
P03687,A09771,2
P03687,A09772,3
P03687,A06407,4
P03688,A09773,1
P03689,A09774,1
P03689,A07855,2
P03689,A09775,3
P03689,A09776,4
P03689,A03215,5
P03689,A09777,6
P03690,A06663,1
P03690,A03297,2
P03691,A09778,1
P03691,A03293,2
P03691,A09779,3
P03691,A09780,4
P03691,A07018,5
P03691,A09781,6
P03691,A09782,7
P03691,A07412,8
P03692,A09783,1
P03692,A09784,2
P03692,A02798,3
P03692,A09785,4
P03692,A09786,5
P03692,A09787,6
P03692,A09788,7
P03692,A09789,8
P03693,A09790,1
P03693,A00573,2
P03693,A02400,3
P03694,A05921,1
P03694,A09791,2
P03694,A00151,3
P03694,A00115,4
P03695,A09792,1
P03695,A03954,2
P03695,A05145,3
P03695,A09793,4
P03695,A01214,5
P03695,A00322,6
P03695,A03356,7
P03696,A09794,1
P03696,A09795,2
P03696,A09796,3
P03696,A09797,4
P03697,A04865,1
P03697,A09798,2
P03697,A09799,3
P03697,A03309,4
P03697,A02587,5
P03697,A06816,6
P03697,A01563,7
P03697,A04867,8
P03697,A06811,9
P03697,A09800,10
P03697,A07849,11
P03697,A09801,12
P03697,A09802,13
P03698,A06244,1
P03698,A02436,2
P03698,A02204,3
P03698,A04740,4
P03698,A01817,5
P03698,A05375,6
P03698,A00151,7
P03698,A06249,8
P03698,A02890,9
P03698,A06253,10
P03698,A06255,11
P03698,A06254,12
P03699,A08485,1
P03699,A02282,2
P03699,A08887,3
P03699,A01690,4
P03699,A08486,5
P03699,A08888,6
P03700,A08003,1
P03700,A04584,2
P03700,A08132,3
P03700,A08129,4
P03700,A07362,5
P03700,A07363,6
P03700,A09803,7
P03701,A09804,1
P03701,A09805,2
P03701,A09806,3
P03701,A09807,4
P03701,A09808,5
P03701,A09809,6
P03702,A00033,1
P03702,A09810,2
P03702,A03052,3
P03702,A01016,4
P03703,A00692,1
P03703,A07626,2
P03703,A08224,3
P03703,A07627,4
P03703,A01715,5
P03703,A07628,6
P03703,A03170,7
P03703,A02870,8
P03703,A08226,9
P03703,A09595,10
P03703,A04518,11
P03703,A01713,12
P03704,A08888,1
P03704,A01228,2
P03704,A09811,3
P03704,A09618,4
P03704,A03796,5
P03704,A02366,6
P03704,A00597,7
P03704,A09812,8
P03705,A06799,1
P03705,A09813,2
P03705,A09790,3
P03705,A09814,4
P03705,A09815,5
P03705,A09816,6
P03705,A04686,7
P03705,A02452,8
P03705,A02622,9
P03705,A02880,10
P03705,A09817,11
P03705,A06141,12
P03706,A09818,1
P03706,A09819,2
P03706,A09820,3
P03706,A09821,4
P03706,A09822,5
P03706,A09823,6
P03706,A09824,7
P03706,A09825,8
P03706,A09826,9
P03707,A09827,1
P03707,A09828,2
P03707,A09829,3
P03707,A09830,4
P03707,A09831,5
P03708,A09832,1
P03708,A09833,2
P03708,A09834,3
P03708,A09835,4
P03708,A09836,5
P03708,A09837,6
P03708,A09838,7
P03709,A06403,1
P03709,A08103,2
P03709,A09839,3
P03709,A00030,4
P03710,A00088,1
P03710,A02870,2
P03710,A04104,3
P03710,A00757,4
P03710,A04186,5
P03710,A06187,6
P03710,A04241,7
P03710,A04986,8
P03711,A03003,1
P03711,A03436,2
P03712,A08525,1
P03712,A02510,2
P03712,A00906,3
P03712,A02367,4
P03712,A03638,5
P03712,A09840,6
P03712,A09841,7
P03712,A09842,8
P03712,A02451,9
P03712,A01019,10
P03712,A04504,11
P03712,A01482,12
P03712,A08472,13
P03712,A06014,14
P03712,A02724,15
P03712,A01519,16
P03712,A02878,17
P03712,A08470,18
P03712,A02755,19
P03712,A00857,20
P03712,A08526,21
P03712,A09843,22
P03712,A08633,23
P03712,A03025,24
P03712,A09844,25
P03712,A09845,26
P03712,A09846,27
P03712,A01434,28
P03712,A09847,29
P03712,A09848,30
P03712,A09849,31
P03712,A02369,32
P03713,A09850,1
P03713,A00692,2
P03713,A02017,3
P03713,A04977,4
P03713,A00922,5
P03713,A02511,6
P03714,A09003,1
P03714,A09031,2
P03714,A09004,3
P03714,A09851,4
P03714,A09690,5
P03714,A09852,6
P03714,A09691,7
P03715,A09853,1
P03715,A09854,2
P03715,A09855,3
P03715,A01338,4
P03715,A09856,5
P03715,A09857,6
P03716,A04330,1
P03716,A04331,2
P03717,A03800,1
P03717,A09592,2
P03717,A02200,3
P03717,A00444,4
P03717,A07239,5
P03717,A07232,6
P03717,A09858,7
P03717,A06970,8
P03717,A07231,9
P03717,A07238,10
P03717,A08307,11
P03717,A09859,12
P03717,A02125,13
P03717,A09860,14
P03717,A03300,15
P03717,A08313,16
P03718,A09861,1
P03718,A05516,2
P03719,A09862,1
P03719,A09863,2
P03719,A09864,3
P03719,A09865,4
P03720,A09866,1
P03720,A09867,2
P03721,A09868,1
P03722,A09869,1
P03722,A05178,2
P03722,A02798,3
P03722,A02981,4
P03722,A09689,5
P03723,A07525,1
P03723,A03048,2
P03723,A01663,3
P03723,A07526,4
P03723,A06670,5
P03723,A09870,6
P03723,A04568,7
P03724,A06798,1
P03724,A03980,2
P03724,A03059,3
P03724,A06067,4
P03724,A01016,5
P03724,A05611,6
P03724,A05607,7
P03724,A05207,8
P03724,A09871,9
P03724,A05920,10
P03724,A03948,11
P03725,A06742,1
P03725,A09872,2
P03725,A00180,3
P03725,A01423,4
P03725,A09873,5
P03725,A01039,6
P03726,A05568,1
P03726,A04355,2
P03727,A09874,1
P03727,A09875,2
P03728,A00887,1
P03728,A01069,2
P03728,A02793,3
P03728,A00956,4
P03728,A01402,5
P03728,A08799,6
P03728,A08800,7
P03728,A08801,8
P03728,A08802,9
P03728,A08803,10
P03728,A08804,11
P03728,A08805,12
P03728,A00893,13
P03728,A08806,14
P03728,A08807,15
P03728,A05986,16
P03728,A08808,17
P03728,A08809,18
P03728,A08810,19
P03728,A08811,20
P03728,A08812,21
P03728,A08813,22
P03728,A08814,23
P03728,A08815,24
P03728,A08816,25
P03728,A08817,26
P03728,A08818,27
P03728,A08819,28
P03728,A08820,29
P03728,A08821,30
P03728,A08822,31
P03728,A08823,32
P03728,A08824,33
P03728,A08825,34
P03728,A08826,35
P03728,A08827,36
P03728,A08828,37
P03728,A08829,38
P03728,A08830,39
P03728,A08831,40
P03728,A08832,41
P03728,A08833,42
P03728,A08834,43
P03728,A08835,44
P03728,A08836,45
P03728,A08837,46
P03728,A08838,47
P03728,A08839,48
P03728,A08840,49
P03728,A08841,50
P03728,A08842,51
P03728,A08843,52
P03728,A08844,53
P03728,A08845,54
P03728,A08846,55
P03728,A01295,56
P03728,A08847,57
P03728,A08848,58
P03728,A08849,59
P03728,A02464,60
P03728,A04484,61
P03728,A08850,62
P03728,A05949,63
P03728,A08851,64
P03728,A08852,65
P03728,A08853,66
P03728,A08854,67
P03728,A08855,68
P03728,A03940,69
P03728,A08195,70
P03728,A08856,71
P03728,A08857,72
P03728,A08858,73
P03728,A08859,74
P03728,A08860,75
P03728,A08861,76
P03728,A08862,77
P03728,A00872,78
P03728,A08863,79
P03728,A08864,80
P03728,A00846,81
P03728,A08865,82
P03728,A08866,83
P03728,A08867,84
P03728,A03159,85
P03728,A08868,86
P03728,A08869,87
P03728,A08870,88
P03728,A01887,89
P03728,A02792,90
P03728,A03820,91
P03728,A08871,92
P03728,A03637,93
P03728,A08872,94
P03728,A08873,95
P03728,A08874,96
P03728,A02284,97
P03728,A08111,98
P03728,A08875,99
P03728,A00973,100
P03728,A08876,101
P03728,A08877,102
P03728,A03785,103
P03728,A06005,104
P03728,A08878,105
P03728,A08760,106
P03729,A09876,1
P03729,A06808,2
P03729,A09877,3
P03729,A05102,4
P03729,A09878,5
P03729,A09879,6
P03729,A05101,7
P03729,A09880,8
P03729,A05104,9
P03730,A06798,1
P03730,A01016,2
P03731,A09881,1
P03731,A03130,2
P03731,A03881,3
P03731,A01519,4
P03732,A01992,1
P03732,A09882,2
P03732,A09883,3
P03732,A09884,4
P03732,A00764,5
P03732,A04815,6
P03732,A04814,7
P03732,A09885,8
P03733,A07667,1
P03733,A09553,2
P03733,A05572,3
P03734,A03013,1
P03735,A09886,1
P03735,A09887,2
P03735,A09888,3
P03735,A09889,4
P03735,A09890,5
P03736,A03683,1
P03736,A09891,2
P03736,A03165,3
P03737,A05303,1
P03737,A09892,2
P03737,A09893,3
P03737,A05305,4
P03737,A09894,5
P03737,A09895,6
P03737,A09896,7
P03737,A09897,8
P03737,A09898,9
P03737,A03191,10
P03738,A09899,1
P03738,A09900,2
P03739,A09901,1
P03739,A09902,2
P03739,A09903,3
P03739,A09904,4
P03739,A09905,5
P03739,A03442,6
P03740,A09906,1
P03740,A09907,2
P03740,A09908,3
P03740,A09909,4
P03740,A09910,5
P03740,A09911,6
P03740,A09912,7
P03741,A09913,1
P03741,A05375,2
P03741,A02023,3
P03741,A01045,4
P03741,A02204,5
P03741,A02562,6
P03741,A03979,7
P03742,A09914,1
P03742,A09915,2
P03742,A09916,3
P03743,A03164,1
P03743,A09917,2
P03743,A09918,3
P03744,A01045,1
P03744,A09919,2
P03744,A02436,3
P03744,A02798,4
P03745,A08324,1
P03745,A09920,2
P03746,A04193,1
P03746,A07527,2
P03746,A09921,3
P03746,A05440,4
P03746,A04194,5
P03746,A08908,6
P03746,A04205,7
P03746,A05286,8
P03747,A09922,1
P03747,A09923,2
P03747,A06356,3
P03747,A09924,4
P03747,A09925,5
P03748,A09926,1
P03748,A09927,2
P03748,A09928,3
P03748,A09929,4
P03748,A09930,5
P03748,A09931,6
P03748,A09932,7
P03748,A09933,8
P03748,A09934,9
P03749,A06184,1
P03749,A02822,2
P03749,A09935,3
P03750,A08950,1
P03751,A07532,1
P03751,A07533,2
P03752,A09936,1
P03752,A04189,2
P03752,A09780,3
P03752,A09387,4
P03752,A04559,5
P03752,A06756,6
P03752,A09522,7
P03752,A09937,8
P03753,A07335,1
P03753,A06401,2
P03753,A02094,3
P03753,A04606,4
P03753,A05609,5
P03754,A09938,1
P03754,A09939,2
P03754,A09940,3
P03754,A09941,4
P03754,A09942,5
P03755,A09943,1
P03755,A09112,2
P03755,A09115,3
P03755,A09944,4
P03756,A09945,1
P03756,A09946,2
P03756,A09947,3
P03756,A09948,4
P03756,A09949,5
P03756,A09950,6
P03756,A09951,7
P03756,A09952,8
P03756,A09953,9
P03756,A09954,10
P03756,A09955,11
P03757,A03296,1
P03757,A07882,2
P03757,A07884,3
P03757,A02681,4
P03757,A05680,5
P03757,A05687,6
P03757,A02684,7
P03757,A07885,8
P03758,A09956,1
P03758,A09957,2
P03758,A09958,3
P03758,A09959,4
P03758,A09960,5
P03758,A09961,6
P03759,A05576,1
P03759,A03940,2
P03759,A04467,3
P03759,A00970,4
P03760,A09962,1
P03760,A02560,2
P03760,A09963,3
P03760,A09964,4
P03760,A04603,5
P03760,A02559,6
P03760,A01045,7
P03761,A09922,1
P03761,A06977,2
P03761,A06356,3
P03762,A09965,1
P03762,A09966,2
P03762,A03625,3
P03762,A09967,4
P03762,A09968,5
P03762,A03398,6
P03762,A02204,7
P03762,A09969,8
P03762,A07115,9
P03762,A06836,10
P03762,A02858,11
P03762,A07202,12
P03762,A02668,13
P03762,A04978,14
P03763,A04241,1
P03763,A01423,2
P03763,A00180,3
P03763,A04192,4
P03763,A00585,5
P03764,A09970,1
P03764,A09971,2
P03764,A09972,3
P03764,A09973,4
P03764,A09974,5
P03764,A09975,6
P03765,A09976,1
P03765,A06652,2
P03765,A06654,3
P03765,A06653,4
P03765,A09977,5
P03765,A09978,6
P03766,A09979,1
P03766,A09980,2
P03766,A09981,3
P03766,A05434,4
P03766,A09982,5
P03766,A09983,6
P03766,A09984,7
P03767,A07432,1
P03767,A05435,2
P03767,A09985,3
P03767,A07433,4
P03767,A07434,5
P03767,A09986,6
P03768,A03132,1
P03768,A09987,2
P03768,A09988,3
P03769,A03934,1
P03769,A03935,2
P03769,A09989,3
P03769,A09990,4
P03769,A09991,5
P03769,A09992,6
P03770,A09853,1
P03770,A09854,2
P03770,A09855,3
P03770,A01338,4
P03770,A09856,5
P03771,A03653,1
P03771,A09993,2
P03771,A03214,3
P03771,A03003,4
P03771,A06987,5
P03771,A03672,6
P03771,A00762,7
P03772,A01359,1
P03773,A09994,1
P03773,A09995,2
P03773,A09996,3
P03773,A09997,4
P03773,A09998,5
P03773,A09999,6
P03774,A10000,1
P03774,A10001,2
P03774,A10002,3
P03774,A10003,4
P03774,A10004,5
P03774,A10005,6
P03774,A10006,7
P03774,A10007,8
P03774,A10008,9
P03774,A10009,10
P03774,A10010,11
P03774,A10011,12
P03774,A05476,13
P03774,A10012,14
P03775,A09022,1
P03775,A09023,2
P03776,A03672,1
P03776,A10013,2
P03776,A09020,3
P03776,A03436,4
P03776,A03214,5
P03777,A04086,1
P03777,A04097,2
P03778,A08962,1
P03778,A10014,2
P03778,A03822,3
P03778,A00815,4
P03778,A02972,5
P03778,A06918,6
P03778,A10015,7
P03778,A02325,8
P03779,A09922,1
P03779,A06977,2
P03779,A06356,3
P03780,A10016,1
P03780,A10017,2
P03780,A03848,3
P03780,A10018,4
P03780,A10019,5
P03780,A10020,6
P03780,A10021,7
P03780,A07673,8
P03780,A06626,9
P03780,A10022,10
P03781,A10023,1
P03781,A05742,2
P03781,A05829,3
P03781,A05830,4
P03781,A09085,5
P03781,A10024,6
P03781,A10025,7
P03781,A04006,8
P03781,A07223,9
P03781,A03003,10
P03781,A10026,11
P03782,A10027,1
P03782,A08192,2
P03782,A10028,3
P03783,A10029,1
P03783,A10030,2
P03783,A10031,3
P03783,A10032,4
P03783,A10033,5
P03783,A10034,6
P03783,A10035,7
P03784,A10036,1
P03784,A07690,2
P03784,A03296,3
P03784,A10037,4
P03785,A10038,1
P03785,A02822,2
P03785,A00653,3
P03785,A10039,4
P03785,A10040,5
P03785,A10041,6
P03785,A08327,7
P03786,A10042,1
P03786,A10043,2
P03786,A10044,3
P03786,A10045,4
P03786,A10046,5
P03786,A10047,6
P03786,A10048,7
P03786,A10049,8
P03786,A10050,9
P03787,A05830,1
P03787,A04169,2
P03787,A10025,3
P03787,A05829,4
P03788,A10051,1
P03788,A00757,2
P03789,A10052,1
P03789,A05358,2
P03789,A01825,3
P03789,A01824,4
P03789,A03287,5
P03789,A01033,6
P03790,A10053,1
P03790,A04526,2
P03790,A10054,3
P03790,A09036,4
P03790,A02971,5
P03790,A01943,6
P03791,A04134,1
P03791,A10055,2
P03791,A10056,3
P03791,A10057,4
P03791,A06648,5
P03791,A10058,6
P03792,A10059,1
P03792,A04978,2
P03792,A04979,3
P03792,A10060,4
P03792,A10061,5
P03792,A10062,6
P03792,A03625,7
P03792,A10063,8
P03793,A05012,1
P03793,A00983,2
P03793,A09170,3
P03793,A01904,4
P03793,A04667,5
P03793,A03820,6
P03793,A10064,7
P03793,A03818,8
P03793,A03817,9
P03793,A03815,10
P03793,A02233,11
P03793,A01069,12
P03793,A00987,13
P03793,A02466,14
P03793,A04487,15
P03793,A01711,16
P03793,A05035,17
P03793,A00988,18
P03793,A00970,19
P03793,A04467,20
P03793,A04492,21
P03793,A10065,22
P03793,A06439,23
P03793,A03696,24
P03793,A03697,25
P03793,A03580,26
P03793,A01602,27
P03793,A01194,28
P03793,A00992,29
P03793,A02398,30
P03793,A01105,31
P03793,A04764,32
P03793,A02292,33
P03793,A02002,34
P03793,A00865,35
P03793,A00573,36
P03793,A01402,37
P03793,A00455,38
P03793,A07879,39
P03793,A05007,40
P03794,A10066,1
P03794,A10067,2
P03794,A05867,3
P03795,A10068,1
P03795,A10069,2
P03795,A10070,3
P03795,A02444,4
P03795,A01214,5
P03795,A10071,6
P03796,A02678,1
P03796,A06742,2
P03796,A04986,3
P03797,A03006,1
P03797,A08220,2
P03797,A08219,3
P03798,A04648,1
P03798,A03216,2
P03798,A10072,3
P03798,A10073,4
P03798,A10074,5
P03798,A04253,6
P03798,A03852,7
P03798,A10075,8
P03798,A10076,9
P03798,A06394,10
P03798,A10077,11
P03798,A09085,12
P03798,A08176,13
P03798,A02094,14
P03798,A10078,15
P03798,A06594,16
P03798,A07671,17
P03798,A04163,18
P03798,A02271,19
P03798,A10079,20
P03799,A05508,1
P03799,A00757,2
P03799,A05510,3
P03799,A02437,4
P03799,A05509,5
P03799,A00180,6
P03799,A00585,7
P03799,A00554,8
P03800,A10080,1
P03800,A10081,2
P03800,A10082,3
P03800,A10083,4
P03800,A10084,5
P03800,A10085,6
P03801,A10086,1
P03802,A08049,1
P03802,A08048,2
P03803,A10087,1
P03803,A10088,2
P03803,A10089,3
P03803,A10090,4
P03804,A10091,1
P03804,A10092,2
P03804,A10093,3
P03804,A10094,4
P03804,A10095,5
P03805,A03164,1
P03805,A10096,2
P03805,A10097,3
P03806,A10098,1
P03806,A10099,2
P03806,A10100,3
P03807,A01084,1
P03807,A10101,2
P03807,A10102,3
P03808,A04582,1
P03808,A04583,2
P03809,A10103,1
P03809,A04085,2
P03810,A09985,1
P03810,A07433,2
P03810,A06663,3
P03810,A07432,4
P03810,A10104,5
P03810,A10105,6
P03811,A05567,1
P03811,A03946,2
P03811,A07529,3
P03811,A10106,4
P03811,A03133,5
P03811,A03945,6
P03811,A01943,7
P03811,A02354,8
P03811,A02204,9
P03811,A06836,10
P03811,A02858,11
P03811,A07957,12
P03812,A10107,1
P03812,A10108,2
P03812,A10109,3
P03812,A10110,4
P03812,A10111,5
P03813,A01931,1
P03813,A01026,2
P03813,A06799,3
P03813,A07446,4
P03813,A07447,5
P03813,A07448,6
P03814,A06799,1
P03814,A01026,2
P03814,A07446,3
P03814,A07448,4
P03814,A07447,5
P03814,A01931,6
P03815,A10112,1
P03815,A02583,2
P03815,A03325,3
P03815,A03684,4
P03815,A02584,5
P03815,A05358,6
P03815,A01824,7
P03816,A10113,1
P03816,A07223,2
P03816,A07018,3
P03816,A04006,4
P03816,A06756,5
P03816,A10114,6
P03816,A09779,7
P03816,A07222,8
P03816,A10115,9
P03817,A06653,1
P03817,A10116,2
P03817,A09038,3
P03817,A10117,4
P03817,A10118,5
P03818,A06566,1
P03818,A01095,2
P03818,A04192,3
P03818,A10119,4
P03819,A05332,1
P03819,A01759,2
P03819,A10120,3
P03819,A00417,4
P03819,A10121,5
P03819,A10122,6
P03819,A02204,7
P03819,A10123,8
P03819,A01773,9
P03820,A10124,1
P03820,A06756,2
P03820,A07593,3
P03820,A10118,4
P03820,A10125,5
P03821,A05178,1
P03821,A02798,2
P03821,A09869,3
P03821,A09689,4
P03821,A10126,5
P03821,A02698,6
P03821,A01039,7
P03822,A04038,1
P03822,A01711,2
P03823,A04373,1
P03823,A10127,2
P03823,A00455,3
P03824,A03881,1
P03824,A06398,2
P03824,A10128,3
P03824,A06333,4
P03824,A08247,5
P03824,A00597,6
P03825,A06137,1
P03825,A10129,2
P03825,A04363,3
P03825,A02571,4
P03825,A02215,5
P03825,A10130,6
P03825,A10131,7
P03826,A06455,1
P03826,A00922,2
P03826,A01743,3
P03827,A06020,1
P03827,A06023,2
P03827,A06021,3
P03827,A06022,4
P03828,A10132,1
P03828,A02678,2
P03828,A04186,3
P03828,A05739,4
P03828,A01493,5
P03828,A09160,6
P03829,A08010,1
P03829,A06309,2
P03830,A10133,1
P03830,A10134,2
P03830,A10135,3
P03830,A10136,4
P03830,A10137,5
P03830,A10138,6
P03830,A10139,7
P03831,A10140,1
P03831,A10141,2
P03831,A01550,3
P03831,A03326,4
P03831,A03169,5
P03831,A02279,6
P03831,A02442,7
P03831,A08153,8
P03831,A10142,9
P03832,A10143,1
P03832,A01738,2
P03833,A10144,1
P03833,A10145,2
P03833,A07021,3
P03833,A10146,4
P03833,A10147,5
P03833,A10148,6
P03833,A10149,7
P03833,A10150,8
P03833,A02806,9
P03833,A02808,10
P03833,A10151,11
P03833,A10152,12
P03833,A10153,13
P03834,A10154,1
P03834,A03010,2
P03834,A04985,3
P03835,A03060,1
P03835,A09216,2
P03835,A10155,3
P03835,A03980,4
P03835,A10156,5
P03835,A04194,6
P03835,A04205,7
P03835,A00591,8
P03835,A01423,9
P03835,A03389,10
P03836,A01295,1
P03836,A10157,2
P03836,A03696,3
P03836,A10158,4
P03836,A10159,5
P03836,A01069,6
P03836,A10160,7
P03836,A03820,8
P03836,A02492,9
P03836,A08843,10
P03836,A08799,11
P03836,A04458,12
P03836,A04952,13
P03836,A10161,14
P03836,A10162,15
P03836,A07799,16
P03836,A10163,17
P03837,A10164,1
P03838,A08950,1
P03838,A08951,2
P03839,A10165,1
P03839,A10166,2
P03839,A10167,3
P03839,A10168,4
P03839,A10169,5
P03840,A09869,1
P03840,A05178,2
P03840,A02798,3
P03840,A02981,4
P03840,A09689,5
P03840,A01783,6
P03841,A10170,1
P03841,A10171,2
P03841,A10172,3
P03841,A10173,4
P03841,A10174,5
P03841,A10175,6
P03841,A10176,7
P03841,A10177,8
P03841,A10178,9
P03841,A10179,10
P03841,A10180,11
P03841,A10181,12
P03841,A10182,13
P03841,A10183,14
P03841,A10184,15
P03841,A10185,16
P03841,A10186,17
P03841,A10187,18
P03842,A09869,1
P03842,A02798,2
P03842,A05178,3
P03842,A09689,4
P03842,A10126,5
P03843,A00692,1
P03843,A09850,2
P03843,A08224,3
P03843,A10188,4
P03843,A01715,5
P03843,A02402,6
P03843,A04296,7
P03843,A06128,8
P03843,A01660,9
P03843,A08226,10
P03843,A08229,11
P03843,A08232,12
P03843,A08231,13
P03844,A04767,1
P03844,A07208,2
P03844,A02807,3
P03844,A01423,4
P03844,A02870,5
P03844,A04296,6
P03844,A05831,7
P03844,A00591,8
P03844,A10189,9
P03844,A10190,10
P03844,A01943,11
P03844,A01016,12
P03844,A01039,13
P03844,A01075,14
P03845,A10191,1
P03845,A10192,2
P03845,A10193,3
P03845,A10194,4
P03845,A10195,5
P03846,A08508,1
P03846,A01769,2
P03846,A06047,3
P03846,A10196,4
P03846,A08509,5
P03846,A07009,6
P03847,A10197,1
P03847,A10198,2
P03848,A05437,1
P03848,A10199,2
P03848,A10200,3
P03848,A05434,4
P03848,A10201,5
P03848,A10202,6
P03848,A10203,7
P03848,A10204,8
P03849,A04186,1
P03849,A03309,2
P03849,A10205,3
P03849,A10206,4
P03849,A09180,5
P03849,A10051,6
P03849,A00088,7
P03849,A09179,8
P03849,A10207,9
P03849,A00757,10
P03850,A10208,1
P03850,A10209,2
P03850,A10210,3
P03850,A10211,4
P03851,A02325,1
P03851,A01521,2
P03851,A06918,3
P03851,A03985,4
P03851,A01713,5
P03851,A03150,6
P03851,A04603,7
P03851,A01067,8
P03851,A00922,9
P03851,A02024,10
P03851,A06128,11
P03851,A00151,12
P03851,A01943,13
P03851,A10212,14
P03851,A03598,15
P03852,A08010,1
P03853,A10213,1
P03853,A01706,2
P03853,A10214,3
P03854,A10215,1
P03854,A10216,2
P03854,A10217,3
P03855,A10218,1
P03855,A03945,2
P03855,A06774,3
P03855,A05825,4
P03856,A04148,1
P03856,A06812,2
P03856,A10219,3
P03856,A03577,4
P03856,A01082,5
P03856,A10220,6
P03857,A01084,1
P03857,A01009,2
P03857,A03003,3
P03857,A00585,4
P03857,A00762,5
P03858,A08950,1
P03859,A06057,1
P03859,A00711,2
P03859,A05524,3
P03859,A03257,4
P03859,A01027,5
P03859,A10221,6
P03860,A06321,1
P03860,A10222,2
P03860,A10223,3
P03860,A10224,4
P03860,A10225,5
P03861,A10226,1
P03861,A06385,2
P03861,A05319,3
P03861,A01943,4
P03862,A10227,1
P03862,A07526,2
P03862,A01663,3
P03862,A07525,4
P03862,A09160,5
P03863,A10228,1
P03863,A03003,2
P03863,A08891,3
P03863,A05451,4
P03863,A04296,5
P03863,A00762,6
P03863,A00597,7
P03863,A03995,8
P03864,A04582,1
P03864,A04583,2
P03864,A04584,3
P03865,A02325,1
P03865,A07375,2
P03865,A04134,3
P03865,A07285,4
P03865,A10229,5
P03866,A03799,1
P03866,A10230,2
P03867,A10231,1
P03867,A10232,2
P03867,A10233,3
P03867,A10234,4
P03867,A10235,5
P03867,A10236,6
P03867,A10237,7
P03867,A10238,8
P03867,A10239,9
P03868,A07307,1
P03868,A07306,2
P03868,A10240,3
P03868,A01768,4
P03869,A10241,1
P03869,A07559,2
P03870,A10242,1
P03870,A04134,2
P03870,A10243,3
P03870,A06816,4
P03871,A10244,1
P03871,A10245,2
P03871,A10246,3
P03871,A10247,4
P03872,A10248,1
P03872,A01759,2
P03873,A05912,1
P03873,A04526,2
P03873,A04617,3
P03873,A05319,4
P03873,A06623,5
P03873,A10249,6
P03873,A10250,7
P03873,A09089,8
P03873,A01943,9
P03874,A06742,1
P03874,A00584,2
P03874,A03643,3
P03874,A00909,4
P03874,A06799,5
P03874,A00949,6
P03874,A06772,7
P03874,A04783,8
P03874,A00405,9
P03875,A03003,1
P03875,A10251,2
P03875,A10252,3
P03875,A10253,4
P03875,A10254,5
P03875,A10255,6
P03875,A10256,7
P03875,A00762,8
P03875,A01039,9
P03875,A00180,10
P03876,A10257,1
P03876,A10258,2
P03876,A09062,3
P03876,A09063,4
P03876,A10259,5
P03876,A10260,6
P03877,A09511,1
P03877,A09512,2
P03877,A05450,3
P03877,A09515,4
P03877,A09513,5
P03877,A10261,6
P03877,A10262,7
P03877,A09516,8
P03877,A10263,9
P03877,A06749,10
P03877,A10264,11
P03877,A10265,12
P03877,A09514,13
P03877,A09519,14
P03877,A10266,15
P03877,A10267,16
P03878,A10268,1
P03878,A10269,2
P03878,A10270,3
P03878,A10271,4
P03879,A05742,1
P03879,A03003,2
P03879,A06902,3
P03879,A01943,4
P03880,A02402,1
P03880,A00691,2
P03880,A00292,3
P03880,A09421,4
P03881,A10272,1
P03881,A06556,2
P03881,A10273,3
P03881,A10274,4
P03881,A10275,5
P03881,A10276,6
P03882,A00062,1
P03882,A10277,2
P03882,A03678,3
P03882,A10278,4
P03883,A10279,1
P03883,A10280,2
P03883,A03990,3
P03883,A10281,4
P03883,A10282,5
P03883,A01783,6
P03884,A06631,1
P03884,A10283,2
P03884,A06632,3
P03884,A10284,4
P03884,A10285,5
P03885,A05072,1
P03885,A10286,2
P03885,A10287,3
P03885,A06255,4
P03885,A08184,5
P03885,A06190,6
P03885,A08452,7
P03885,A10288,8
P03886,A06798,1
P03886,A01016,2
P03886,A03980,3
P03886,A03059,4
P03886,A03948,5
P03887,A02116,1
P03887,A03650,2
P03887,A10289,3
P03887,A03264,4
P03887,A03595,5
P03887,A10290,6
P03887,A02119,7
P03887,A02112,8
P03887,A02117,9
P03887,A04116,10
P03888,A07432,1
P03888,A05435,2
P03888,A09985,3
P03888,A10291,4
P03888,A09986,5
P03888,A07433,6
P03888,A07434,7
P03888,A05710,8
P03889,A04002,1
P03889,A01095,2
P03889,A07196,3
P03890,A08414,1
P03890,A08415,2
P03890,A05601,3
P03890,A10292,4
P03891,A06632,1
P03892,A10293,1
P03892,A03355,2
P03892,A10294,3
P03892,A10295,4
P03892,A03648,5
P03892,A10296,6
P03892,A10297,7
P03892,A01630,8
P03892,A00867,9
P03893,A05451,1
P03893,A01219,2
P03893,A02522,3
P03893,A00901,4
P03893,A02010,5
P03893,A01251,6
P03893,A10298,7
P03893,A08436,8
P03893,A05642,9
P03893,A10299,10
P03893,A05643,11
P03893,A00403,12
P03893,A01602,13
P03893,A02054,14
P03895,A07966,1
P03895,A10300,2
P03895,A10301,3
P03895,A10302,4
P03895,A10048,5
P03895,A10303,6
P03895,A07967,7
P03896,A10304,1
P03896,A00408,2
P03896,A01101,3
P03897,A05364,1
P03897,A10305,2
P03897,A07673,3
P03897,A03745,4
P03897,A07411,5
P03897,A05365,6
P03898,A00406,1
P03898,A10306,2
P03898,A06602,3
P03898,A02096,4
P03898,A03948,5
P03898,A00555,6
P03899,A05609,1
P03899,A05607,2
P03899,A09681,3
P03899,A10307,4
P03899,A10308,5
P03899,A10309,6
P03899,A07007,7
P03899,A05831,8
P03899,A10310,9
P03900,A04740,1
P03900,A02436,2
P03900,A00927,3
P03900,A10311,4
P03900,A02853,5
P03900,A00151,6
P03900,A04742,7
P03900,A10312,8
P03900,A02798,9
P03900,A10313,10
P03900,A01686,11
P03901,A10314,1
P03901,A09549,2
P03901,A08364,3
P03901,A02830,4
P03901,A01773,5
P03902,A10315,1
P03902,A09408,2
P03903,A10316,1
P03903,A10317,2
P03903,A10318,3
P03903,A02359,4
P03903,A10319,5
P03903,A10320,6
P03903,A10321,7
P03903,A06902,8
P03903,A10322,9
P03904,A02870,1
P03904,A02887,2
P03904,A03308,3
P03904,A03211,4
P03904,A06626,5
P03904,A06068,6
P03904,A06987,7
P03905,A07818,1
P03905,A04212,2
P03905,A10024,3
P03905,A01943,4
P03905,A04648,5
P03905,A10323,6
P03905,A09085,7
P03906,A03216,1
P03907,A03383,1
P03907,A05829,2
P03907,A10324,3
P03908,A10325,1
P03909,A06442,1
P03909,A10326,2
P03909,A10327,3
P03909,A10328,4
P03909,A10329,5
P03909,A10330,6
P03910,A10331,1
P03910,A05193,2
P03910,A10332,3
P03911,A06309,1
P03911,A08010,2
P03912,A06798,1
P03912,A01016,2
P03912,A10333,3
P03912,A05303,4
P03912,A07742,5
P03912,A00591,6
P03912,A10334,7
P03912,A10335,8
P03912,A10336,9
P03913,A02111,1
P03913,A01062,2
P03913,A00086,3
P03914,A10337,1
P03914,A10338,2
P03914,A10339,3
P03914,A06041,4
P03914,A10340,5
P03915,A03980,1
P03915,A10341,2
P03915,A10342,3
P03915,A06670,4
P03915,A01560,5
P03916,A10343,1
P03916,A03449,2
P03916,A09609,3
P03916,A06127,4
P03916,A04897,5
P03916,A00692,6
P03916,A10344,7
P03916,A04899,8
P03916,A00292,9
P03916,A01782,10
P03916,A05821,11
P03916,A03150,12
P03916,A09611,13
P03916,A02782,14
P03916,A10345,15
P03917,A06083,1
P03917,A02689,2
P03917,A10346,3
P03917,A00709,4
P03917,A01536,5
P03917,A01560,6
P03918,A10347,1
P03918,A00264,2
P03918,A06771,3
P03918,A00909,4
P03918,A06772,5
P03918,A10348,6
P03918,A05644,7
P03918,A00394,8
P03919,A10349,1
P03919,A10350,2
P03919,A10351,3
P03919,A08192,4
P03919,A10352,5
P03919,A10353,6
P03919,A10354,7
P03919,A10355,8
P03919,A10356,9
P03919,A10357,10
P03920,A09718,1
P03920,A02436,2
P03920,A03132,3
P03920,A03828,4
P03920,A02435,5
P03920,A04619,6
P03920,A09719,7
P03920,A04533,8
P03920,A09720,9
P03920,A00923,10
P03920,A02869,11
P03920,A02043,12
P03920,A00922,13
P03921,A10358,1
P03921,A06616,2
P03921,A10359,3
P03921,A06619,4
P03921,A04065,5
P03921,A05680,6
P03921,A06578,7
P03921,A10360,8
P03921,A09246,9
P03921,A10361,10
P03921,A02823,11
P03921,A06185,12
P03921,A07939,13
P03921,A03296,14
P03921,A07059,15
P03922,A00088,1
P03922,A02689,2
P03922,A04186,3
P03922,A02870,4
P03922,A04192,5
P03922,A09678,6
P03923,A10362,1
P03923,A05072,2
P03923,A06255,3
P03923,A08184,4
P03923,A06311,5
P03923,A10363,6
P03923,A10364,7
P03923,A10365,8
P03924,A03003,1
P03924,A02782,2
P03924,A10366,3
P03924,A04617,4
P03924,A02571,5
P03924,A08127,6
P03924,A03883,7
P03924,A06226,8
P03924,A03981,9
P03924,A01039,10
P03924,A00180,11
P03924,A00585,12
P03925,A08329,1
P03925,A10367,2
P03925,A10368,3
P03925,A10369,4
P03925,A10370,5
P03926,A10371,1
P03926,A03405,2
P03926,A08336,3
P03926,A00757,4
P03927,A06068,1
P03927,A02887,2
P03927,A06572,3
P03927,A02870,4
P03927,A03209,5
P03927,A01943,6
P03928,A10190,1
P03928,A10372,2
P03928,A10373,3
P03928,A10374,4
P03928,A10375,5
P03928,A03003,6
P03928,A04066,7
P03929,A10376,1
P03929,A06170,2
P03929,A07378,3
P03929,A07379,4
P03929,A10377,5
P03929,A10378,6
P03930,A10379,1
P03930,A10380,2
P03930,A10381,3
P03930,A10382,4
P03930,A10383,5
P03930,A10384,6
P03930,A10385,7
P03930,A10386,8
P03931,A10287,1
P03931,A07214,2
P03932,A10387,1
P03932,A05647,2
P03932,A10388,3
P03932,A02716,4
P03932,A10389,5
P03932,A09176,6
P03933,A00595,1
P03933,A01270,2
P03933,A02095,3
P03933,A00930,4
P03933,A00922,5
P03933,A02511,6
P03933,A03949,7
P03934,A06669,1
P03934,A00922,2
P03934,A09030,3
P03934,A01101,4
P03935,A10390,1
P03935,A10391,2
P03935,A10392,3
P03936,A10393,1
P03936,A04657,2
P03936,A10394,3
P03936,A10395,4
P03936,A10396,5
P03936,A10397,6
P03936,A10398,7
P03937,A05869,1
P03937,A07655,2
P03937,A01007,3
P03937,A10399,4
P03937,A04186,5
P03937,A02689,6
P03938,A08324,1
P03939,A10400,1
P03939,A01476,2
P03939,A10401,3
P03939,A01533,4
P03939,A10402,5
P03940,A10403,1
P03940,A08336,2
P03940,A00757,3
P03941,A09623,1
P03941,A00651,2
P03941,A01008,3
P03941,A01758,4
P03942,A10124,1
P03942,A10404,2
P03942,A06756,3
P03942,A10118,4
P03942,A10405,5
P03942,A10125,6
P03943,A01430,1
P03943,A07112,2
P03943,A00815,3
P03943,A10406,4
P03943,A02002,5
P03943,A00151,6
P03943,A01690,7
P03944,A04977,1
P03944,A00922,2
P03944,A04978,3
P03944,A04979,4
P03944,A04980,5
P03944,A03625,6
P03945,A03405,1
P03945,A02590,2
P03945,A00757,3
P03946,A01007,1
P03946,A04643,2
P03946,A01016,3
P03946,A01039,4
P03947,A04615,1
P03947,A10400,2
P03947,A04969,3
P03947,A10407,4
P03947,A10408,5
P03947,A00867,6
P03947,A10409,7
P03947,A05164,8
P03947,A10410,9
P03947,A10411,10
P03947,A10412,11
P03948,A09112,1
P03949,A10413,1
P03949,A10414,2
P03949,A10415,3
P03949,A08987,4
P03950,A07667,1
P03950,A05572,2
P03950,A09552,3
P03951,A10416,1
P03951,A07854,2
P03951,A10417,3
P03951,A10418,4
P03951,A10419,5
P03951,A07855,6
P03951,A10420,7
P03951,A10421,8
P03951,A10422,9
P03951,A10423,10
P03952,A09690,1
P03952,A02806,2
P03952,A09852,3
P03952,A10424,4
P03952,A00591,5
P03952,A05178,6
P03952,A01039,7
P03952,A04400,8
P03952,A09031,9
P03952,A09004,10
P03952,A09003,11
P03953,A10425,1
P03953,A05826,2
P03953,A03033,3
P03953,A02462,4
P03953,A02359,5
P03953,A03516,6
P03953,A01943,7
P03953,A10426,8
P03953,A10427,9
P03953,A03847,10
P03953,A00924,11
P03953,A05260,12
P03953,A10428,13
P03953,A04169,14
P03953,A05611,15
P03953,A10429,16
P03953,A10430,17
P03953,A02459,18
P03953,A10431,19
P03953,A10432,20
P03953,A01638,21
P03953,A10433,22
P03953,A10434,23
P03953,A01663,24
P03953,A10435,25
P03953,A10436,26
P03953,A06828,27
P03953,A03517,28
P03953,A07821,29
P03953,A03518,30
P03954,A10437,1
P03954,A10438,2
P03954,A10439,3
P03954,A07132,4
P03954,A10440,5
P03955,A05467,1
P03955,A06402,2
P03955,A08162,3
P03955,A10441,4
P03956,A10442,1
P03956,A10443,2
P03956,A10444,3
P03957,A04212,1
P03957,A02779,2
P03957,A03004,3
P03957,A02887,4
P03958,A10445,1
P03958,A09496,2
P03958,A09499,3
P03958,A10446,4
P03958,A10447,5
P03958,A10448,6
P03959,A03822,1
P03959,A03799,2
P03959,A01533,3
P03959,A03401,4
P03959,A02972,5
P03959,A10449,6
P03959,A00762,7
P03960,A02296,1
P03960,A00784,2
P03960,A06398,3
P03960,A04643,4
P03960,A06401,5
P03961,A06083,1
P03961,A10450,2
P03961,A02689,3
P03961,A00709,4
P03961,A01536,5
P03961,A01560,6
P03962,A02569,1
P03962,A00607,2
P03962,A02779,3
P03962,A10347,4
P03962,A02631,5
P03962,A00234,6
P03962,A00292,7
P03962,A01782,8
P03962,A01540,9
P03963,A10451,1
P03963,A10452,2
P03963,A10453,3
P03963,A10454,4
P03963,A10455,5
P03963,A10456,6
P03963,A10457,7
P03963,A10458,8
P03963,A10459,9
P03963,A10460,10
P03963,A10461,11
P03963,A07486,12
P03963,A10462,13
P03963,A10463,14
P03963,A10464,15
P03963,A10465,16
P03963,A10466,17
P03963,A10467,18
P03963,A10468,19
P03963,A10469,20
P03963,A10470,21
P03963,A10471,22
P03963,A10472,23
P03963,A10473,24
P03963,A10474,25
P03963,A10475,26
P03963,A10476,27
P03963,A10477,28
P03963,A10478,29
P03963,A10479,30
P03963,A10480,31
P03964,A10481,1
P03964,A10482,2
P03964,A10483,3
P03964,A10484,4
P03965,A09921,1
P03965,A01774,2
P03965,A02807,3
P03965,A04194,4
P03965,A03908,5
P03965,A10485,6
P03965,A05305,7
P03965,A03191,8
P03965,A10486,9
P03965,A10487,10
P03965,A04205,11
P03965,A05440,12
P03965,A07527,13
P03965,A10488,14
P03965,A05286,15
P03966,A10489,1
P03966,A10490,2
P03966,A10491,3
P03966,A10492,4
P03966,A10493,5
P03966,A10494,6
P03966,A05680,7
P03966,A10495,8
P03966,A10496,9
P03966,A10497,10
P03966,A10360,11
P03966,A10498,12
P03966,A10499,13
P03966,A10500,14
P03966,A05572,15
P03966,A10501,16
P03966,A10502,17
P03966,A10503,18
P03966,A03296,19
P03967,A08962,1
P03967,A04631,2
P03967,A06918,3
P03967,A06296,4
P03967,A01430,5
P03967,A02204,6
P03967,A01045,7
P03967,A00815,8
P03967,A00922,9
P03967,A04750,10
P03967,A02972,11
P03967,A02670,12
P03967,A10504,13
P03967,A03401,14
P03968,A04767,1
P03968,A10505,2
P03968,A10506,3
P03968,A06798,4
P03968,A09103,5
P03968,A10507,6
P03968,A03060,7
P03968,A10508,8
P03968,A08226,9
P03968,A09678,10
P03968,A10509,11
P03968,A07336,12
P03968,A01663,13
P03969,A10510,1
P03969,A06908,2
P03969,A01715,3
P03969,A10511,4
P03969,A08125,5
P03969,A10512,6
P03969,A10513,7
P03969,A06910,8
P03969,A06909,9
P03970,A10514,1
P03970,A10515,2
P03970,A10516,3
P03970,A10517,4
P03970,A10518,5
P03971,A08092,1
P03971,A05012,2
P03971,A03818,3
P03971,A10519,4
P03971,A04390,5
P03971,A06918,6
P03971,A08962,7
P03971,A10520,8
P03971,A10521,9
P03971,A02204,10
P03971,A00676,11
P03971,A03969,12
P03971,A04675,13
P03971,A07115,14
P03971,A01540,15
P03971,A02858,16
P03971,A02436,17
P03971,A06950,18
P03971,A00151,19
P03971,A04740,20
P03971,A01181,21
P03972,A09379,1
P03972,A06041,2
P03972,A03208,3
P03972,A03946,4
P03972,A08094,5
P03972,A06040,6
P03972,A03267,7
P03972,A03214,8
P03972,A10522,9
P03973,A02893,1
P03973,A04037,2
P03973,A05264,3
P03973,A10523,4
P03973,A10524,5
P03973,A10525,6
P03973,A10526,7
P03973,A10527,8
P03973,A03914,9
P03973,A02457,10
P03973,A10528,11
P03973,A05263,12
P03973,A02670,13
P03973,A10529,14
P03973,A02204,15
P03973,A03835,16
P03973,A10530,17
P03973,A02858,18
P03973,A07957,19
P03973,A03979,20
P03973,A07115,21
P03974,A08921,1
P03974,A02887,2
P03974,A04617,3
P03974,A04865,4
P03975,A08184,1
P03976,A10531,1
P03976,A10532,2
P03976,A10533,3
P03976,A10534,4
P03977,A10535,1
P03977,A10536,2
P03977,A10537,3
P03978,A10538,1
P03978,A09112,2
P03978,A09943,3
P03978,A09115,4
P03979,A09722,1
P03979,A03031,2
P03979,A01782,3
P03979,A02562,4
P03979,A01045,5
P03979,A04040,6
P03979,A00914,7
P03979,A05075,8
P03979,A02023,9
P03979,A05074,10
P03979,A03475,11
P03980,A06124,1
P03980,A03716,2
P03980,A06370,3
P03980,A06371,4
P03980,A02204,5
P03980,A02205,6
P03980,A06835,7
P03980,A01817,8
P03980,A04678,9
P03980,A04675,10
P03980,A09559,11
P03980,A02858,12
P03981,A06652,1
P03981,A10539,2
P03982,A10540,1
P03982,A05834,2
P03982,A03013,3
P03982,A02887,4
P03982,A10541,5
P03982,A10542,6
P03982,A10543,7
P03982,A10544,8
P03982,A03423,9
P03982,A10545,10
P03983,A06043,1
P03983,A10546,2
P03983,A04696,3
P03983,A07673,4
P03983,A04910,5
P03983,A10547,6
P03984,A10346,1
P03984,A00197,2
P03984,A00381,3
P03984,A10548,4
P03984,A01855,5
P03984,A01216,6
P03985,A10549,1
P03985,A05986,2
P03985,A10550,3
P03985,A02645,4
P03985,A01519,5
P03985,A06014,6
P03985,A10551,7
P03985,A10552,8
P03985,A02755,9
P03985,A10553,10
P03985,A08822,11
P03985,A10554,12
P03986,A06456,1
P03986,A06457,2
P03986,A06459,3
P03986,A06460,4
P03986,A10555,5
P03986,A07138,6
P03986,A06462,7
P03986,A09333,8
P03986,A06463,9
P03986,A07581,10
P03986,A06466,11
P03986,A03756,12
P03986,A06467,13
P03986,A07582,14
P03986,A06468,15
P03986,A06469,16
P03986,A06471,17
P03986,A10556,18
P03986,A07140,19
P03986,A03758,20
P03986,A10557,21
P03986,A10558,22
P03986,A06474,23
P03986,A06475,24
P03986,A06478,25
P03986,A06479,26
P03986,A06481,27
P03986,A07144,28
P03986,A06482,29
P03986,A09334,30
P03986,A06484,31
P03986,A06485,32
P03986,A06486,33
P03986,A03761,34
P03986,A07584,35
P03986,A06487,36
P03986,A07147,37
P03986,A09335,38
P03986,A07585,39
P03986,A06489,40
P03986,A06491,41
P03986,A06492,42
P03986,A06493,43
P03986,A09336,44
P03986,A06494,45
P03986,A06495,46
P03986,A06496,47
P03986,A06497,48
P03986,A06498,49
P03986,A06499,50
P03986,A06500,51
P03986,A07150,52
P03986,A06501,53
P03986,A06502,54
P03986,A06503,55
P03986,A06504,56
P03986,A06505,57
P03986,A06506,58
P03986,A06507,59
P03986,A07586,60
P03986,A06509,61
P03986,A06511,62
P03986,A06512,63
P03986,A10559,64
P03986,A09337,65
P03986,A06514,66
P03986,A06515,67
P03987,A10560,1
P03987,A06688,2
P03987,A05493,3
P03987,A05491,4
P03987,A05494,5
P03988,A10561,1
P03988,A10562,2
P03988,A10563,3
P03989,A04977,1
P03989,A01067,2
P03989,A02024,3
P03989,A00922,4
P03990,A10564,1
P03990,A01715,2
P03991,A10565,1
P03991,A08192,2
P03991,A09055,3
P03991,A03715,4
P03991,A10566,5
P03991,A10567,6
P03991,A10352,7
P03991,A10568,8
P03991,A07479,9
P03991,A10569,10
P03992,A09921,1
P03992,A01774,2
P03992,A04194,3
P03992,A07527,4
P03992,A04205,5
P03992,A05440,6
P03992,A05286,7
P03992,A08908,8
P03993,A10570,1
P03994,A06756,1
P03994,A04186,2
P03994,A10114,3
P03994,A09522,4
P03994,A06923,5
P03994,A06924,6
P03994,A10571,7
P03994,A09387,8
P03994,A04189,9
P03994,A00757,10
P03995,A10052,1
P03995,A05358,2
P03995,A03010,3
P03995,A03684,4
P03995,A09602,5
P03995,A03287,6
P03995,A02923,7
P03995,A01824,8
P03996,A10572,1
P03996,A01324,2
P03996,A00360,3
P03996,A04036,4
P03996,A04508,5
P03996,A04502,6
P03996,A04509,7
P03996,A02555,8
P03996,A01540,9
P03996,A10573,10
P03996,A04504,11
P03996,A02004,12
P03996,A04510,13
P03996,A00676,14
P03996,A05668,15
P03996,A00405,16
P03996,A00597,17
P03997,A03003,1
P03997,A04526,2
P03997,A01009,3
P03997,A02893,4
P03997,A00762,5
P03997,A00597,6
P03998,A10574,1
P03998,A08626,2
P03998,A06105,3
P03998,A03296,4
P03998,A10575,5
P03998,A05680,6
P03998,A10576,7
P03998,A10577,8
P03998,A10578,9
P03998,A10579,10
P03998,A01763,11
P03998,A05681,12
P03998,A10580,13
P03998,A10581,14
P03998,A06124,15
P03998,A10582,16
P03998,A10583,17
P03998,A10584,18
P03998,A10585,19
P03998,A10586,20
P03998,A10587,21
P03998,A02684,22
P03998,A10588,23
P03998,A03679,24
P03999,A07769,1
P04000,A09103,1
P04000,A09743,2
P04000,A01865,3
P04001,A10589,1
P04001,A10590,2
P04002,A06407,1
P04002,A09770,2
P04003,A07192,1
P04003,A10591,2
P04003,A08326,3
P04003,A10592,4
P04003,A08124,5
P04004,A06375,1
P04004,A05982,2
P04004,A09472,3
P04004,A10593,4
P04005,A05178,1
P04005,A02798,2
P04005,A09869,3
P04005,A02981,4
P04005,A09689,5
P04006,A08137,1
P04006,A08136,2
P04006,A03300,3
P04006,A01039,4
P04006,A08139,5
P04006,A08138,6
P04006,A09031,7
P04006,A08141,8
P04007,A10594,1
P04007,A02901,2
P04007,A10595,3
P04007,A10596,4
P04007,A05530,5
P04008,A10597,1
P04008,A06127,2
P04008,A02664,3
P04008,A03985,4
P04008,A06402,5
P04008,A10598,6
P04008,A10599,7
P04008,A09610,8
P04008,A10343,9
P04009,A03156,1
P04009,A10600,2
P04009,A04764,3
P04009,A07812,4
P04009,A00597,5
P04010,A10601,1
P04010,A01039,2
P04010,A01540,3
P04010,A00350,4
P04010,A10126,5
P04011,A03653,1
P04011,A02436,2
P04011,A02798,3
P04011,A00151,4
P04012,A09779,1
P04012,A09778,2
P04012,A10602,3
P04012,A07854,4
P04012,A09780,5
P04012,A03293,6
P04012,A07018,7
P04012,A10603,8
P04012,A10604,9
P04012,A10605,10
P04012,A05113,11
P04012,A06693,12
P04013,A07432,1
P04013,A05435,2
P04013,A09986,3
P04013,A05436,4
P04013,A09985,5
P04013,A07433,6
P04013,A07434,7
P04013,A05710,8
P04014,A10606,1
P04014,A05738,2
P04014,A02204,3
P04014,A02436,4
P04014,A10607,5
P04014,A02023,6
P04014,A01817,7
P04014,A02858,8
P04014,A06950,9
P04014,A04675,10
P04014,A07113,11
P04014,A07114,12
P04014,A03835,13
P04014,A02668,14
P04014,A07115,15
P04014,A07202,16
P04014,A03032,17
P04014,A07116,18
P04014,A10608,19
P04014,A06796,20
P04014,A10530,21
P04015,A09922,1
P04015,A06977,2
P04015,A06356,3
P04015,A10609,4
P04016,A06105,1
P04016,A01758,2
P04016,A10610,3
P04016,A04958,4
P04016,A06124,5
P04016,A06077,6
P04016,A06118,7
P04016,A06125,8
P04017,A10611,1
P04017,A06552,2
P04017,A06556,3
P04017,A06554,4
P04018,A06566,1
P04018,A01095,2
P04018,A10119,3
P04018,A04192,4
P04019,A06811,1
P04019,A04631,2
P04019,A06067,3
P04019,A10612,4
P04019,A05097,5
P04019,A03401,6
P04020,A10613,1
P04020,A06672,2
P04020,A10614,3
P04021,A10615,1
P04021,A10616,2
P04021,A10617,3
P04021,A10618,4
P04021,A10619,5
P04021,A10620,6
P04021,A10621,7
P04022,A10622,1
P04022,A08895,2
P04022,A10623,3
P04023,A10624,1
P04023,A10625,2
P04023,A10626,3
P04023,A10627,4
P04023,A10628,5
P04023,A10629,6
P04023,A10630,7
P04023,A10631,8
P04023,A10632,9
P04024,A06556,1
P04024,A10273,2
P04024,A06558,3
P04024,A10274,4
P04024,A10633,5
P04024,A10275,6
P04025,A10634,1
P04025,A01374,2
P04025,A10635,3
P04025,A02631,4
P04025,A10636,5
P04025,A02204,6
P04026,A10056,1
P04026,A10637,2
P04026,A06648,3
P04026,A10055,4
P04026,A04134,5
P04027,A07214,1
P04027,A10287,2
P04027,A10638,3
P04027,A10639,4
P04027,A10640,5
P04027,A10641,6
P04027,A10642,7
P04027,A10643,8
P04028,A10644,1
P04028,A10645,2
P04028,A10646,3
P04028,A10647,4
P04028,A10648,5
P04028,A10649,6
P04028,A10650,7
P04028,A10651,8
P04028,A10652,9
P04028,A10653,10
P04028,A09340,11
P04029,A07525,1
P04029,A09810,2
P04029,A05980,3
P04029,A09161,4
P04029,A00709,5
P04029,A05457,6
P04029,A10654,7
P04029,A10655,8
P04029,A10656,9
P04029,A07527,10
P04029,A10657,11
P04030,A05742,1
P04030,A10658,2
P04030,A07818,3
P04030,A01943,4
P04031,A10659,1
P04031,A03287,2
P04031,A10660,3
P04031,A01825,4
P04031,A07325,5
P04031,A03733,6
P04031,A01824,7
P04031,A02923,8
P04032,A05794,1
P04032,A06381,2
P04032,A05793,3
P04032,A04734,4
P04032,A10661,5
P04032,A03029,6
P04032,A10662,7
P04032,A10663,8
P04032,A10664,9
P04032,A10665,10
P04032,A04736,11
P04032,A10666,12
P04033,A10667,1
P04033,A01311,2
P04033,A06049,3
P04034,A07667,1
P04034,A09553,2
P04034,A05572,3
P04034,A09552,4
P04034,A05680,5
P04035,A10124,1
P04035,A10668,2
P04035,A10669,3
P04035,A10670,4
P04035,A06756,5
P04035,A10118,6
P04035,A10125,7
P04036,A10671,1
P04036,A04814,2
P04036,A10672,3
P04036,A04815,4
P04037,A10673,1
P04037,A10674,2
P04037,A04603,3
P04037,A10675,4
P04037,A10676,5
P04037,A10677,6
P04037,A10678,7
P04037,A02562,8
P04037,A10679,9
P04037,A10680,10
P04038,A10681,1
P04038,A07673,2
P04038,A04734,3
P04038,A10682,4
P04038,A02094,5
P04038,A10683,6
P04038,A10684,7
P04038,A10685,8
P04038,A10686,9
P04038,A10687,10
P04038,A07674,11
P04039,A09966,1
P04039,A09965,2
P04039,A03625,3
P04039,A09968,4
P04039,A10688,5
P04039,A04979,6
P04039,A05258,7
P04039,A09619,8
P04039,A10689,9
P04040,A10690,1
P04040,A10691,2
P04040,A10692,3
P04041,A02870,1
P04041,A08761,2
P04041,A10693,3
P04042,A10694,1
P04042,A00917,2
P04042,A02069,3
P04042,A10695,4
P04043,A05012,1
P04043,A00983,2
P04043,A09170,3
P04043,A01904,4
P04043,A04667,5
P04043,A03820,6
P04043,A10064,7
P04043,A03818,8
P04043,A03817,9
P04043,A03815,10
P04043,A02233,11
P04043,A01069,12
P04043,A00987,13
P04043,A02466,14
P04043,A04487,15
P04043,A01711,16
P04043,A05035,17
P04043,A00988,18
P04043,A00970,19
P04043,A04467,20
P04043,A04492,21
P04043,A10065,22
P04043,A06439,23
P04043,A03696,24
P04043,A03697,25
P04043,A03580,26
P04043,A01602,27
P04043,A01194,28
P04043,A00992,29
P04043,A02398,30
P04043,A01105,31
P04043,A04764,32
P04043,A02292,33
P04043,A02002,34
P04043,A00865,35
P04043,A00573,36
P04043,A01402,37
P04043,A00455,38
P04043,A07879,39
P04043,A05007,40
P04044,A02878,1
P04044,A02234,2
P04044,A02451,3
P04045,A04239,1
P04045,A07208,2
P04045,A02807,3
P04045,A00417,4
P04046,A02457,1
P04046,A00597,2
P04046,A02870,3
P04046,A04526,4
P04046,A10696,5
P04046,A02895,6
P04046,A02894,7
P04046,A01359,8
P04047,A05793,1
P04047,A05794,2
P04048,A10697,1
P04048,A10698,2
P04048,A10699,3
P04048,A10700,4
P04048,A10701,5
P04048,A10702,6
P04048,A10703,7
P04048,A10704,8
P04049,A10705,1
P04049,A02602,2
P04049,A08412,3
P04049,A10706,4
P04050,A10707,1
P04050,A10708,2
P04050,A10709,3
P04050,A10710,4
P04050,A10711,5
P04050,A10712,6
P04050,A10713,7
P04050,A10714,8
P04050,A10715,9
P04050,A10716,10
P04050,A10717,11
P04050,A10718,12
P04051,A10719,1
P04051,A10720,2
P04052,A10721,1
P04052,A10722,2
P04052,A10723,3
P04053,A03672,1
P04053,A06872,2
P04053,A10724,3
P04053,A10725,4
P04053,A04767,5
P04053,A04248,6
P04053,A03436,7
P04053,A03214,8
P04053,A01943,9
P04053,A01016,10
P04053,A00591,11
P04054,A10726,1
P04054,A10727,2
P04055,A07432,1
P04055,A09986,2
P04055,A05435,3
P04055,A10728,4
P04055,A10729,5
P04055,A07433,6
P04055,A07434,7
P04055,A05710,8
P04055,A10730,9
P04055,A05436,10
P04055,A10731,11
P04055,A10732,12
P04055,A10733,13
P04055,A10734,14
P04056,A10735,1
P04056,A10736,2
P04056,A03133,3
P04056,A10737,4
P04056,A10738,5
P04057,A08378,1
P04057,A02681,2
P04057,A05353,3
P04057,A04734,4
P04057,A03296,5
P04057,A10739,6
P04057,A10740,7
P04057,A10741,8
P04057,A08379,9
P04057,A06381,10
P04057,A10742,11
P04057,A05680,12
P04057,A07884,13
P04057,A10743,14
P04057,A10744,15
P04057,A10745,16
P04057,A10746,17
P04057,A10747,18
P04057,A04736,19
P04058,A03436,1
P04058,A03003,2
P04058,A03214,3
P04058,A01084,4
P04058,A03672,5
P04058,A00762,6
P04059,A04192,1
P04059,A00585,2
P04060,A10748,1
P04060,A10749,2
P04060,A10750,3
P04060,A10751,4
P04060,A10752,5
P04060,A10753,6
P04061,A10754,1
P04061,A10755,2
P04061,A10756,3
P04062,A10757,1
P04062,A10758,2
P04062,A10759,3
P04062,A10760,4
P04062,A10761,5
P04062,A10028,6
P04062,A10762,7
P04062,A10763,8
P04063,A09029,1
P04063,A01943,2
P04063,A04526,3
P04063,A05319,4
P04063,A06573,5
P04063,A03214,6
P04064,A02280,1
P04064,A02947,2
P04064,A00924,3
P04064,A01052,4
P04064,A00554,5
P04064,A02048,6
P04064,A09719,7
P04064,A02459,8
P04064,A10764,9
P04064,A10765,10
P04064,A10766,11
P04064,A10767,12
P04064,A06828,13
P04064,A05638,14
P04064,A03265,15
P04064,A04400,16
P04064,A10768,17
P04064,A01123,18
P04064,A10769,19
P04064,A06344,20
P04064,A01866,21
P04064,A06761,22
P04064,A01686,23
P04064,A04750,24
P04064,A03434,25
P04064,A04164,26
P04064,A01665,27
P04064,A10770,28
P04064,A10771,29
P04064,A04163,30
P04065,A09162,1
P04065,A08324,2
P04066,A09436,1
P04066,A00030,2
P04066,A10772,3
P04066,A00193,4
P04066,A10773,5
P04066,A10774,6
P04066,A02244,7
P04066,A10775,8
P04066,A10776,9
P04066,A10777,10
P04066,A06624,11
P04066,A04438,12
P04066,A06403,13
P04067,A10778,1
P04067,A06672,2
P04067,A10779,3
P04067,A10780,4
P04067,A05358,5
P04068,A10781,1
P04068,A10782,2
P04068,A10783,3
P04068,A10784,4
P04068,A10785,5
P04068,A10786,6
P04068,A10787,7
P04069,A10788,1
P04069,A10789,2
P04069,A10790,3
P04069,A10791,4
P04069,A10792,5
P04069,A10793,6
P04069,A10794,7
P04070,A10795,1
P04070,A06086,2
P04070,A10796,3
P04070,A00171,4
P04070,A10797,5
P04070,A04355,6
P04070,A10798,7
P04070,A10799,8
P04070,A10800,9
P04071,A09179,1
P04071,A04186,2
P04071,A10051,3
P04071,A00757,4
P04071,A04603,5
P04071,A02022,6
P04072,A10801,1
P04072,A01643,2
P04072,A03326,3
P04072,A04162,4
P04072,A03324,5
P04072,A02442,6
P04072,A03169,7
P04072,A10802,8
P04073,A10803,1
P04073,A07970,2
P04074,A01597,1
P04074,A06025,2
P04074,A00543,3
P04074,A01036,4
P04074,A01095,5
P04074,A06566,6
P04074,A09914,7
P04075,A10804,1
P04075,A10805,2
P04075,A10806,3
P04075,A10807,4
P04075,A10808,5
P04075,A10809,6
P04075,A10810,7
P04076,A02325,1
P04076,A10770,2
P04076,A01521,3
P04076,A10811,4
P04076,A10812,5
P04076,A02889,6
P04076,A01637,7
P04076,A10813,8
P04076,A09036,9
P04076,A02803,10
P04076,A06297,11
P04076,A06987,12
P04076,A05266,13
P04076,A10814,14
P04076,A00408,15
P04076,A01943,16
P04076,A02869,17
P04077,A10815,1
P04077,A03265,2
P04077,A10816,3
P04077,A01759,4
P04077,A10817,5
P04077,A10818,6
P04077,A07673,7
P04078,A10819,1
P04078,A10820,2
P04078,A10821,3
P04078,A10822,4
P04078,A10823,5
P04078,A05113,6
P04078,A10824,7
P04079,A10825,1
P04079,A06761,2
P04079,A01865,3
P04079,A06760,4
P04080,A09914,1
P04080,A01095,2
P04080,A06566,3
P04080,A00543,4
P04080,A01036,5
P04080,A01597,6
P04080,A06025,7
P04081,A05116,1
P04081,A10826,2
P04081,A10827,3
P04081,A10828,4
P04081,A05115,5
P04081,A10829,6
P04081,A09854,7
P04082,A06068,1
P04082,A02870,2
P04082,A02887,3
P04082,A03209,4
P04082,A03211,5
P04082,A06987,6
P04083,A10830,1
P04083,A02436,2
P04083,A05375,3
P04083,A02798,4
P04083,A05843,5
P04083,A03132,6
P04083,A03828,7
P04083,A02435,8
P04083,A00292,9
P04083,A04740,10
P04083,A00151,11
P04083,A06253,12
P04083,A01039,13
P04083,A06255,14
P04083,A06254,15
P04083,A02023,16
P04084,A04066,1
P04084,A10831,2
P04084,A10832,3
P04084,A02096,4
P04085,A10833,1
P04085,A01783,2
P04085,A10834,3
P04085,A08144,4
P04085,A08143,5
P04086,A03164,1
P04086,A09918,2
P04087,A10654,1
P04087,A10835,2
P04087,A00709,3
P04087,A09160,4
P04087,A10227,5
P04087,A10836,6
P04087,A01016,7
P04088,A10837,1
P04088,A10838,2
P04088,A10839,3
P04088,A10840,4
P04088,A10841,5
P04088,A02806,6
P04089,A10842,1
P04089,A10843,2
P04090,A10844,1
P04090,A10845,2
P04090,A10846,3
P04090,A10847,4
P04091,A08010,1
P04091,A09255,2
P04091,A08011,3
P04091,A06309,4
P04092,A10848,1
P04092,A10849,2
P04092,A10850,3
P04092,A10851,4
P04093,A06043,1
P04093,A10852,2
P04093,A04696,3
P04093,A07898,4
P04093,A05858,5
P04093,A06044,6
P04094,A10853,1
P04094,A10854,2
P04095,A10855,1
P04095,A07892,2
P04095,A10856,3
P04095,A10857,4
P04095,A10858,5
P04096,A10859,1
P04096,A06654,2
P04096,A06652,3
P04096,A05113,4
P04096,A10860,5
P04096,A07293,6
P04096,A04912,7
P04097,A10861,1
P04097,A10862,2
P04097,A10863,3
P04097,A10864,4
P04098,A09112,1
P04098,A10865,2
P04098,A10866,3
P04098,A10867,4
P04098,A09115,5
P04099,A10868,1
P04099,A10869,2
P04099,A10870,3
P04099,A10871,4
P04100,A10872,1
P04100,A10873,2
P04100,A01704,3
P04100,A05811,4
P04100,A10874,5
P04100,A09360,6
P04100,A10875,7
P04101,A02141,1
P04101,A00151,2
P04102,A03653,1
P04102,A09993,2
P04102,A03003,3
P04102,A02870,4
P04102,A03214,5
P04102,A04193,6
P04102,A06987,7
P04102,A03672,8
P04102,A00762,9
P04103,A10876,1
P04103,A10877,2
P04103,A10878,3
P04104,A10879,1
P04104,A10880,2
P04104,A10881,3
P04105,A10075,1
P04105,A10882,2
P04105,A10883,3
P04105,A10884,4
P04105,A00914,5
P04105,A10885,6
P04105,A10886,7
P04105,A10887,8
P04105,A10888,9
P04105,A01865,10
P04105,A10889,11
P04105,A00918,12
P04106,A04002,1
P04106,A02719,2
P04106,A01865,3
P04106,A10890,4
P04106,A05307,5
P04107,A10891,1
P04107,A04164,2
P04107,A10892,3
P04107,A10893,4
P04107,A10894,5
P04107,A03997,6
P04107,A07178,7
P04107,A03215,8
P04108,A08225,1
P04108,A01715,2
P04108,A07627,3
P04108,A00692,4
P04109,A10833,1
P04109,A01783,2
P04109,A10834,3
P04109,A08144,4
P04109,A08143,5
P04110,A09014,1
P04110,A06105,2
P04110,A10895,3
P04110,A06118,4
P04110,A01758,5
P04111,A10896,1
P04111,A10897,2
P04111,A07412,3
P04111,A10898,4
P04112,A03166,1
P04112,A10899,2
P04112,A10900,3
P04112,A03325,4
P04112,A10901,5
P04113,A10902,1
P04113,A03434,2
P04114,A06043,1
P04114,A10903,2
P04114,A07991,3
P04114,A10852,4
P04114,A10904,5
P04115,A01016,1
P04115,A10509,2
P04115,A10905,3
P04115,A10906,4
P04115,A10907,5
P04115,A06798,6
P04115,A07525,7
P04115,A01073,8
P04116,A10908,1
P04116,A06385,2
P04116,A03398,3
P04116,A05319,4
P04116,A04617,5
P04116,A06623,6
P04116,A01943,7
P04116,A10249,8
P04116,A10250,9
P04117,A06905,1
P04117,A10243,2
P04117,A06670,3
P04117,A01536,4
P04117,A06083,5
P04117,A10506,6
P04117,A02689,7
P04117,A01560,8
P04117,A00709,9
P04118,A06083,1
P04118,A06086,2
P04118,A10795,3
P04118,A10909,4
P04118,A10910,5
P04118,A00056,6
P04118,A10911,7
P04119,A10912,1
P04119,A05360,2
P04119,A05361,3
P04120,A06257,1
P04120,A10913,2
P04120,A10914,3
P04120,A10915,4
P04120,A10916,5
P04121,A01073,1
P04121,A01016,2
P04122,A10917,1
P04122,A10918,2
P04122,A10919,3
P04122,A10920,4
P04122,A10921,5
P04122,A10922,6
P04122,A10923,7
P04122,A10924,8
P04122,A10925,9
P04123,A10926,1
P04123,A10927,2
P04123,A10928,3
P04123,A10929,4
P04123,A10930,5
P04123,A10931,6
P04123,A10932,7
P04123,A10933,8
P04123,A10934,9
P04123,A10935,10
P04124,A09852,1
P04124,A09690,2
P04124,A04400,3
P04124,A09031,4
P04124,A09004,5
P04124,A09003,6
P04125,A05912,1
P04125,A04526,2
P04125,A05319,3
P04125,A03672,4
P04125,A01943,5
P04125,A09086,6
P04125,A02457,7
P04125,A10249,8
P04125,A10250,9
P04126,A10936,1
P04126,A10937,2
P04126,A10938,3
P04126,A10939,4
P04126,A10940,5
P04126,A10941,6
P04126,A10942,7
P04126,A06668,8
P04126,A06666,9
P04126,A10943,10
P04127,A10944,1
P04127,A10945,2
P04127,A10946,3
P04127,A10862,4
P04127,A10947,5
P04127,A10948,6
P04128,A10949,1
P04128,A10950,2
P04128,A10951,3
P04128,A03340,4
P04128,A03577,5
P04128,A03304,6
P04129,A09743,1
P04129,A09744,2
P04129,A09745,3
P04129,A10952,4
P04129,A10953,5
P04129,A10954,6
P04129,A10955,7
P04129,A10956,8
P04129,A10957,9
P04129,A09753,10
P04129,A10958,11
P04129,A10959,12
P04129,A10960,13
P04129,A10961,14
P04129,A01067,15
P04129,A10962,16
P04129,A10963,17
P04129,A08895,18
P04129,A02023,19
P04129,A04707,20
P04129,A10964,21
P04129,A05580,22
P04129,A10965,23
P04130,A10966,1
P04130,A10967,2
P04130,A10968,3
P04130,A10969,4
P04130,A10970,5
P04130,A10971,6
P04130,A10972,7
P04130,A10973,8
P04130,A10974,9
P04131,A09869,1
P04131,A05178,2
P04131,A02798,3
P04131,A09689,4
P04131,A10126,5
P04132,A10975,1
P04132,A10976,2
P04132,A10977,3
P04132,A00590,4
P04132,A10978,5
P04132,A10979,6
P04133,A10980,1
P04133,A10981,2
P04133,A10982,3
P04133,A10983,4
P04133,A10984,5
P04133,A10985,6
P04133,A10986,7
P04133,A10987,8
P04133,A10988,9
P04133,A10989,10
P04133,A10990,11
P04133,A10991,12
P04134,A10992,1
P04134,A05364,2
P04134,A07411,3
P04134,A03745,4
P04134,A05365,5
P04135,A10993,1
P04135,A09112,2
P04135,A09115,3
P04135,A10994,4
P04136,A04740,1
P04136,A10995,2
P04136,A10996,3
P04136,A04742,4
P04137,A10997,1
P04137,A10998,2
P04137,A10999,3
P04138,A03881,1
P04138,A00597,2
P04138,A06333,3
P04138,A03470,4
P04138,A02365,5
P04139,A11000,1
P04139,A11001,2
P04139,A11002,3
P04140,A11003,1
P04140,A11004,2
P04140,A11005,3
P04140,A07479,4
P04140,A07482,5
P04141,A06631,1
P04141,A10284,2
P04141,A10283,3
P04141,A06632,4
P04142,A02069,1
P04142,A00917,2
P04142,A11006,3
P04142,A10694,4
P04142,A08228,5
P04142,A02402,6
P04143,A02678,1
P04143,A04994,2
P04143,A04986,3
P04143,A11007,4
P04143,A11008,5
P04144,A04241,1
P04144,A04194,2
P04144,A01423,3
P04144,A00180,4
P04144,A05049,5
P04144,A03464,6
P04145,A05358,1
P04145,A10052,2
P04145,A11009,3
P04145,A03684,4
P04145,A11010,5
P04145,A01824,6
P04145,A04253,7
P04145,A00722,8
P04146,A11011,1
P04146,A11012,2
P04146,A11013,3
P04146,A11014,4
P04146,A11015,5
P04146,A11016,6
P04146,A11017,7
P04146,A11018,8
P04147,A11019,1
P04147,A10548,2
P04147,A11020,3
P04147,A11021,4
P04147,A11022,5
P04147,A00056,6
P04147,A11023,7
P04147,A01119,8
P04148,A11024,1
P04148,A06747,2
P04149,A11025,1
P04149,A07892,2
P04149,A07328,3
P04149,A10856,4
P04149,A11026,5
P04149,A11027,6
P04149,A11028,7
P04150,A11029,1
P04150,A08044,2
P04151,A11030,1
P04151,A10037,2
P04151,A10591,3
P04151,A11031,4
P04151,A04073,5
P04151,A04071,6
P04151,A11032,7
P04151,A11033,8
P04152,A11034,1
P04152,A06402,2
P04152,A00360,3
P04152,A11035,4
P04153,A10742,1
P04153,A04734,2
P04153,A03296,3
P04153,A08378,4
P04153,A11036,5
P04153,A10740,6
P04153,A10741,7
P04153,A02681,8
P04153,A07163,9
P04153,A06381,10
P04153,A04736,11
P04154,A11037,1
P04154,A11038,2
P04155,A10564,1
P04155,A01715,2
P04155,A10510,3
P04155,A10511,4
P04156,A05912,1
P04156,A04526,2
P04156,A02457,3
P04156,A01943,4
P04156,A03214,5
P04156,A08383,6
P04156,A02870,7
P04156,A09089,8
P04156,A10249,9
P04156,A10250,10
P04157,A11039,1
P04157,A08118,2
P04157,A11040,3
P04157,A07383,4
P04157,A11041,5
P04157,A09852,6
P04158,A11042,1
P04158,A11043,2
P04158,A01434,3
P04158,A11044,4
P04158,A11045,5
P04158,A11046,6
P04158,A11047,7
P04159,A11048,1
P04159,A11049,2
P04159,A11050,3
P04159,A11051,4
P04160,A11052,1
P04160,A11053,2
P04160,A11054,3
P04160,A11055,4
P04160,A11056,5
P04160,A11057,6
P04161,A07432,1
P04161,A10733,2
P04161,A05435,3
P04161,A09986,4
P04161,A07433,5
P04161,A09985,6
P04161,A07434,7
P04161,A05710,8
P04162,A11058,1
P04162,A11059,2
P04162,A11060,3
P04162,A11061,4
P04162,A11062,5
P04162,A11063,6
P04163,A11064,1
P04163,A09057,2
P04163,A11065,3
P04164,A11066,1
P04164,A02812,2
P04164,A03162,3
P04164,A03160,4
P04164,A06535,5
P04164,A00554,6
P04164,A02853,7
P04165,A03003,1
P04165,A10254,2
P04165,A00762,3
P04165,A00597,4
P04166,A09869,1
P04166,A05178,2
P04166,A02798,3
P04166,A09689,4
P04166,A10126,5
P04166,A01039,6
P04167,A09222,1
P04167,A11067,2
P04167,A09226,3
P04167,A07601,4
P04168,A09970,1
P04168,A09974,2
P04168,A09972,3
P04169,A11068,1
P04169,A11069,2
P04169,A11070,3
P04169,A11071,4
P04169,A11072,5
P04169,A11073,6
P04169,A11074,7
P04169,A11075,8
P04169,A11076,9
P04169,A09479,10
P04169,A08032,11
P04169,A01052,12
P04169,A08030,13
P04169,A11077,14
P04169,A07821,15
P04169,A11078,16
P04169,A11079,17
P04169,A11080,18
P04169,A06392,19
P04169,A11081,20
P04169,A11082,21
P04169,A11083,22
P04170,A10306,1
P04170,A00406,2
P04170,A02096,3
P04170,A01690,4
P04170,A00555,5
P04171,A11084,1
P04171,A05260,2
P04171,A11085,3
P04171,A04400,4
P04171,A11086,5
P04171,A03915,6
P04171,A01638,7
P04171,A11087,8
P04171,A11088,9
P04172,A11089,1
P04172,A11090,2
P04172,A11091,3
P04172,A09788,4
P04172,A11092,5
P04172,A06888,6
P04172,A11093,7
P04173,A11094,1
P04173,A09915,2
P04173,A11095,3
P04173,A09916,4
P04174,A05863,1
P04175,A08499,1
P04175,A02695,2
P04175,A11096,3
P04175,A03830,4
P04175,A02997,5
P04175,A11097,6
P04175,A11098,7
P04175,A01434,8
P04176,A11099,1
P04176,A11100,2
P04176,A11101,3
P04176,A11102,4
P04176,A11103,5
P04177,A10654,1
P04177,A04734,2
P04177,A05286,3
P04177,A10835,4
P04177,A02847,5
P04177,A09810,6
P04178,A11104,1
P04178,A05816,2
P04178,A05817,3
P04178,A05572,4
P04178,A07667,5
P04178,A06101,6
P04179,A06226,1
P04179,A04205,2
P04179,A08261,3
P04179,A11105,4
P04180,A11106,1
P04180,A11107,2
P04180,A11108,3
P04180,A11109,4
P04180,A11110,5
P04180,A11111,6
P04180,A11112,7
P04181,A03672,1
P04181,A10724,2
P04181,A06872,3
P04181,A11113,4
P04181,A07222,5
P04181,A01084,6
P04181,A03436,7
P04181,A03214,8
P04181,A06987,9
P04181,A03653,10
P04181,A11114,11
P04181,A01016,12
P04182,A11115,1
P04182,A04278,2
P04182,A11116,3
P04182,A03822,4
P04183,A11117,1
P04183,A11118,2
P04183,A11119,3
P04183,A11120,4
P04183,A11121,5
P04183,A11122,6
P04183,A07197,7
P04183,A11123,8
P04183,A11124,9
P04184,A11125,1
P04184,A11126,2
P04184,A11127,3
P04184,A11128,4
P04184,A01589,5
P04184,A11129,6
P04185,A11130,1
P04185,A11131,2
P04185,A11132,3
P04185,A11133,4
P04185,A11134,5
P04185,A11135,6
P04185,A11136,7
P04185,A11137,8
P04185,A11138,9
P04185,A11139,10
P04185,A11140,11
P04185,A11141,12
P04185,A11142,13
P04185,A11143,14
P04186,A05207,1
P04187,A11144,1
P04187,A10242,2
P04187,A11145,3
P04187,A04134,4
P04188,A11146,1
P04188,A11147,2
P04188,A11148,3
P04188,A11149,4
P04188,A11150,5
P04188,A11151,6
P04189,A11152,1
P04189,A11153,2
P04189,A05014,3
P04190,A07966,1
P04190,A05401,2
P04190,A10301,3
P04190,A11154,4
P04190,A07967,5
P04191,A11155,1
P04191,A10245,2
P04191,A11156,3
P04191,A10246,4
P04191,A11157,5
P04192,A10387,1
P04192,A05647,2
P04192,A11158,3
P04192,A10389,4
P04192,A11159,5
P04192,A09176,6
P04192,A10388,7
P04193,A06799,1
P04193,A00584,2
P04193,A00949,3
P04193,A11160,4
P04193,A05012,5
P04193,A11161,6
P04194,A02870,1
P04194,A04296,2
P04194,A03859,3
P04194,A09372,4
P04194,A06127,5
P04194,A03150,6
P04194,A01660,7
P04195,A11162,1
P04195,A09710,2
P04195,A11163,3
P04195,A11164,4
P04195,A11165,5
P04195,A11166,6
P04195,A11167,7
P04195,A11168,8
P04195,A01034,9
P04195,A06419,10
P04195,A04916,11
P04195,A11169,12
P04195,A11170,13
P04195,A11171,14
P04195,A09161,15
P04195,A10145,16
P04195,A11172,17
P04195,A04814,18
P04195,A11173,19
P04195,A01179,20
P04195,A11174,21
P04195,A09711,22
P04195,A05442,23
P04195,A02560,24
P04195,A02562,25
P04195,A02436,26
P04195,A11175,27
P04195,A05141,28
P04195,A02579,29
P04196,A11176,1
P04196,A06127,2
P04196,A11177,3
P04196,A09610,4
P04196,A06128,5
P04196,A04648,6
P04196,A11178,7
P04196,A08176,8
P04196,A02402,9
P04196,A04296,10
P04196,A04767,11
P04196,A03985,12
P04196,A11179,13
P04196,A10598,14
P04196,A02664,15
P04196,A01713,16
P04197,A10300,1
P04197,A07966,2
P04197,A07967,3
P04197,A10301,4
P04197,A10302,5
P04198,A11180,1
P04198,A04355,2
P04199,A09112,1
P04199,A10866,2
P04199,A10867,3
P04199,A10865,4
P04199,A09115,5
P04200,A00151,1
P04201,A04038,1
P04201,A01711,2
P04201,A11181,3
P04202,A11182,1
P04202,A05689,2
P04202,A11183,3
P04202,A11184,4
P04202,A11185,5
P04202,A11186,6
P04202,A11187,7
P04202,A11188,8
P04202,A05707,9
P04203,A11189,1
P04203,A11190,2
P04204,A11191,1
P04204,A11192,2
P04204,A11193,3
P04204,A07190,4
P04204,A11194,5
P04204,A11195,6
P04204,A11196,7
P04205,A08959,1
P04206,A11197,1
P04206,A06537,2
P04207,A11198,1
P04207,A07614,2
P04207,A11199,3
P04207,A11200,4
P04207,A04168,5
P04207,A03905,6
P04207,A11201,7
P04207,A02436,8
P04207,A02798,9
P04207,A02697,10
P04207,A02204,11
P04208,A11202,1
P04208,A10742,2
P04208,A04734,3
P04208,A03059,4
P04208,A06225,5
P04209,A11203,1
P04209,A11204,2
P04209,A11205,3
P04209,A11206,4
P04209,A11207,5
P04209,A01773,6
P04210,A11208,1
P04210,A08192,2
P04211,A08192,1
P04211,A11209,2
P04211,A08193,3
P04211,A11210,4
P04212,A11211,1
P04212,A11212,2
P04212,A11213,3
P04213,A08193,1
P04213,A11210,2
P04213,A11214,3
P04214,A11215,1
P04214,A05863,2
P04215,A11216,1
P04215,A11217,2
P04215,A04065,3
P04215,A11218,4
P04215,A11219,5
P04215,A11220,6
P04216,A07916,1
P04216,A02886,2
P04216,A07915,3
P04216,A02889,4
P04216,A02204,5
P04216,A01817,6
P04216,A06835,7
P04216,A02205,8
P04216,A04675,9
P04216,A09559,10
P04216,A02858,11
P04217,A11221,1
P04217,A11222,2
P04217,A10207,3
P04217,A05456,4
P04217,A11223,5
P04217,A04584,6
P04217,A11224,7
P04217,A11225,8
P04217,A11226,9
P04218,A11227,1
P04218,A07542,2
P04218,A06977,3
P04218,A11228,4
P04219,A10080,1
P04219,A10084,2
P04219,A10082,3
P04219,A10085,4
P04219,A10083,5
P04219,A11229,6
P04220,A00550,1
P04220,A03175,2
P04220,A04571,3
P04220,A11230,4
P04220,A04291,5
P04221,A10316,1
P04221,A02359,2
P04221,A10317,3
P04221,A10318,4
P04221,A10321,5
P04221,A05372,6
P04222,A08225,1
P04222,A01715,2
P04222,A00692,3
P04222,A02870,4
P04222,A03003,5
P04223,A10654,1
P04223,A10835,2
P04223,A07526,3
P04223,A05286,4
P04223,A04734,5
P04223,A10227,6
P04223,A05411,7
P04223,A09160,8
P04223,A02847,9
P04223,A03059,10
P04224,A02893,1
P04224,A11231,2
P04224,A11232,3
P04224,A05262,4
P04224,A03914,5
P04224,A05077,6
P04224,A09716,7
P04224,A03003,8
P04224,A03214,9
P04224,A06382,10
P04224,A03734,11
P04224,A02457,12
P04224,A01358,13
P04224,A08944,14
P04224,A11233,15
P04224,A11234,16
P04224,A07547,17
P04224,A04631,18
P04224,A01943,19
P04224,A01201,20
P04224,A04248,21
P04224,A02972,22
P04224,A00815,23
P04224,A11235,24
P04224,A11236,25
P04224,A02459,26
P04224,A02741,27
P04225,A11237,1
P04225,A11238,2
P04225,A04928,3
P04225,A04648,4
P04225,A03215,5
P04226,A11239,1
P04226,A11240,2
P04226,A11241,3
P04227,A11242,1
P04227,A11243,2
P04227,A11244,3
P04227,A11245,4
P04227,A11246,5
P04227,A11247,6
P04228,A04734,1
P04228,A04736,2
P04228,A10742,3
P04228,A04919,4
P04228,A11248,5
P04228,A05353,6
P04228,A07485,7
P04228,A06273,8
P04229,A07818,1
P04229,A11178,2
P04229,A04648,3
P04229,A06573,4
P04229,A01943,5
P04230,A11249,1
P04230,A00264,2
P04230,A09753,3
P04230,A00828,4
P04231,A11250,1
P04231,A06140,2
P04231,A07743,3
P04231,A04243,4
P04231,A09582,5
P04231,A11251,6
P04231,A06375,7
P04232,A11252,1
P04232,A11253,2
P04233,A11254,1
P04233,A00360,2
P04233,A02114,3
P04233,A02561,4
P04233,A04045,5
P04233,A00676,6
P04233,A04503,7
P04233,A10572,8
P04233,A02004,9
P04233,A04510,10
P04233,A03808,11
P04233,A04504,12
P04233,A02555,13
P04233,A01324,14
P04234,A11255,1
P04234,A00360,2
P04234,A07134,3
P04234,A11256,4
P04234,A02114,5
P04234,A00260,6
P04235,A07936,1
P04235,A00554,2
P04235,A00264,3
P04235,A06602,4
P04235,A00406,5
P04235,A11257,6
P04235,A10347,7
P04235,A06771,8
P04235,A05536,9
P04235,A11258,10
P04235,A02096,11
P04235,A03948,12
P04235,A06986,13
P04236,A11259,1
P04236,A04189,2
P04236,A02094,3
P04236,A09387,4
P04236,A01009,5
P04236,A03329,6
P04236,A11260,7
P04236,A01045,8
P04236,A05178,9
P04236,A09522,10
P04236,A06756,11
P04236,A11261,12
P04237,A03874,1
P04237,A10360,2
P04237,A04069,3
P04237,A07942,4
P04237,A10359,5
P04237,A06616,6
P04237,A05680,7
P04237,A06578,8
P04237,A11262,9
P04237,A06185,10
P04237,A02823,11
P04237,A07056,12
P04237,A07939,13
P04237,A03296,14
P04237,A11263,15
P04237,A11264,16
P04238,A06798,1
P04238,A01016,2
P04238,A01007,3
P04238,A10506,4
P04238,A04565,5
P04238,A06986,6
P04239,A02117,1
P04239,A11265,2
P04240,A11266,1
P04240,A11267,2
P04240,A11268,3
P04241,A11269,1
P04241,A08355,2
P04241,A11270,3
P04241,A01943,4
P04241,A11271,5
P04241,A11272,6
P04241,A11273,7
P04241,A11274,8
P04241,A02273,9
P04241,A11275,10
P04241,A03515,11
P04241,A11276,12
P04242,A07880,1
P04242,A03157,2
P04242,A11277,3
P04242,A00930,4
P04242,A03799,5
P04243,A07308,1
P04243,A02600,2
P04243,A04236,3
P04243,A05515,4
P04243,A04821,5
P04243,A04437,6
P04244,A11278,1
P04244,A11279,2
P04244,A11280,3
P04244,A11281,4
P04245,A10835,1
P04245,A07525,2
P04245,A10654,3
P04245,A00709,4
P04246,A06399,1
P04246,A09238,2
P04246,A06402,3
P04246,A11282,4
P04247,A03401,1
P04247,A01430,2
P04247,A03822,3
P04247,A00815,4
P04248,A03003,1
P04248,A02592,2
P04248,A00757,3
P04248,A06226,4
P04248,A03981,5
P04248,A00762,6
P04248,A00597,7
P04248,A01039,8
P04249,A11283,1
P04249,A11284,2
P04249,A01059,3
P04249,A11285,4
P04249,A11286,5
P04249,A11287,6
P04249,A11288,7
P04249,A11289,8
P04249,A11290,9
P04249,A01946,10
P04249,A11291,11
P04249,A11292,12
P04249,A01379,13
P04250,A00167,1
P04251,A11293,1
P04251,A10687,2
P04252,A11294,1
P04252,A04985,2
P04252,A00233,3
P04252,A04984,4
P04252,A01164,5
P04253,A04216,1
P04253,A06915,2
P04253,A04059,3
P04253,A06916,4
P04253,A09903,5
P04253,A11295,6
P04254,A06007,1
P04254,A00988,2
P04254,A11296,3
P04254,A02129,4
P04255,A10640,1
P04255,A07214,2
P04255,A10639,3
P04255,A10643,4
P04255,A10638,5
P04256,A11297,1
P04256,A11298,2
P04256,A11299,3
P04256,A11300,4
P04257,A11301,1
P04257,A04606,2
P04257,A02094,3
P04257,A06401,4
P04257,A01045,5
P04257,A02436,6
P04257,A09103,7
P04257,A02853,8
P04257,A04066,9
P04257,A01663,10
P04257,A11302,11
P04257,A04186,12
P04258,A11303,1
P04258,A11304,2
P04258,A04080,3
P04259,A11305,1
P04259,A11306,2
P04259,A11307,3
P04259,A06652,4
P04259,A11308,5
P04259,A11309,6
P04259,A11310,7
P04260,A11311,1
P04260,A11312,2
P04260,A11313,3
P04261,A11314,1
P04261,A11315,2
P04261,A11316,3
P04261,A11317,4
P04261,A00369,5
P04261,A10965,6
P04262,A05707,1
P04262,A05741,2
P04262,A11318,3
P04262,A11319,4
P04262,A11320,5
P04262,A11321,6
P04262,A11322,7
P04263,A02674,1
P04263,A02270,2
P04263,A02677,3
P04264,A11323,1
P04264,A11324,2
P04264,A10211,3
P04264,A11325,4
P04265,A02684,1
P04265,A05680,2
P04265,A00757,3
P04265,A00914,4
P04265,A11326,5
P04265,A10583,6
P04265,A11327,7
P04265,A03296,8
P04266,A11328,1
P04266,A09757,2
P04266,A06385,3
P04266,A02893,4
P04266,A02457,5
P04266,A09036,6
P04267,A11329,1
P04267,A11330,2
P04267,A11331,3
P04267,A11332,4
P04267,A11333,5
P04268,A11334,1
P04268,A11335,2
P04268,A11336,3
P04268,A11337,4
P04268,A11338,5
P04268,A11339,6
P04269,A11340,1
P04269,A11341,2
P04269,A10662,3
P04269,A00914,4
P04269,A04919,5
P04269,A09384,6
P04269,A11342,7
P04269,A11343,8
P04270,A11344,1
P04270,A01045,2
P04270,A02716,3
P04270,A02798,4
P04270,A11345,5
P04271,A06105,1
P04271,A01758,2
P04272,A11346,1
P04272,A11347,2
P04272,A11348,3
P04272,A11349,4
P04272,A11350,5
P04272,A11351,6
P04272,A11352,7
P04272,A11353,8
P04272,A11354,9
P04272,A11355,10
P04272,A11356,11
P04273,A07677,1
P04273,A07679,2
P04273,A03216,3
P04273,A02923,4
P04273,A03684,5
P04273,A07672,6
P04273,A11357,7
P04274,A11358,1
P04274,A03249,2
P04274,A11359,3
P04275,A11360,1
P04275,A04299,2
P04275,A11361,3
P04276,A07683,1
P04276,A03216,2
P04276,A03693,3
P04276,A09605,4
P04276,A03690,5
P04276,A04648,6
P04277,A11362,1
P04277,A11363,2
P04277,A02957,3
P04277,A11364,4
P04278,A11365,1
P04278,A10545,2
P04278,A11366,3
P04278,A11367,4
P04278,A06408,5
P04279,A11368,1
P04279,A05576,2
P04279,A03938,3
P04279,A03940,4
P04279,A03975,5
P04279,A02023,6
P04279,A11369,7
P04280,A11370,1
P04280,A11371,2
P04280,A11372,3
P04280,A11373,4
P04280,A11374,5
P04280,A11375,6
P04281,A03403,1
P04281,A00369,2
P04281,A11376,3
P04281,A07826,4
P04281,A05200,5
P04281,A01551,6
P04281,A01216,7
P04282,A11377,1
P04282,A11378,2
P04282,A11379,3
P04283,A11380,1
P04283,A04433,2
P04283,A01402,3
P04283,A08799,4
P04283,A01295,5
P04283,A11381,6
P04283,A00987,7
P04283,A02233,8
P04283,A11382,9
P04283,A04952,10
P04283,A11383,11
P04284,A11384,1
P04284,A04565,2
P04284,A05556,3
P04284,A02587,4
P04284,A01560,5
P04285,A11385,1
P04285,A11182,2
P04285,A03618,3
P04285,A11386,4
P04286,A11387,1
P04286,A11388,2
P04286,A04756,3
P04286,A05364,4
P04286,A03745,5
P04286,A11389,6
P04286,A11390,7
P04286,A11391,8
P04287,A11392,1
P04288,A11393,1
P04288,A11394,2
P04288,A11395,3
P04288,A11396,4
P04288,A11397,5
P04289,A11398,1
P04289,A11399,2
P04289,A10894,3
P04289,A10125,4
P04289,A11400,5
P04289,A11401,6
P04289,A11402,7
P04290,A06968,1
P04290,A11403,2
P04290,A11404,3
P04290,A06969,4
P04290,A01312,5
P04290,A11405,6
P04290,A06970,7
P04291,A11406,1
P04291,A11407,2
P04291,A11408,3
P04291,A11409,4
P04291,A11410,5
P04291,A11411,6
P04291,A11412,7
P04291,A11413,8
P04291,A11414,9
P04291,A11415,10
P04291,A11416,11
P04291,A11417,12
P04292,A00543,1
P04292,A01036,2
P04293,A08228,1
P04293,A11418,2
P04293,A10306,3
P04293,A00967,4
P04293,A01594,5
P04293,A00914,6
P04293,A02069,7
P04293,A01714,8
P04293,A11419,9
P04293,A02096,10
P04293,A00554,11
P04293,A11420,12
P04293,A11421,13
P04294,A09921,1
P04294,A01774,2
P04294,A04194,3
P04294,A02807,4
P04294,A03908,5
P04294,A10488,6
P04294,A04205,7
P04294,A05440,8
P04295,A06401,1
P04295,A04733,2
P04295,A05611,3
P04295,A07207,4
P04295,A11422,5
P04295,A11423,6
P04295,A02094,7
P04295,A01865,8
P04295,A05286,9
P04295,A07527,10
P04296,A11424,1
P04296,A11425,2
P04296,A11426,3
P04296,A11427,4
P04296,A11428,5
P04296,A01715,6
P04296,A11429,7
P04296,A09372,8
P04296,A11430,9
P04297,A05004,1
P04297,A11431,2
P04297,A00841,3
P04297,A11432,4
P04297,A11433,5
P04297,A11434,6
P04297,A07829,7
P04297,A11435,8
P04297,A02796,9
P04297,A11095,10
P04297,A01085,11
P04298,A11436,1
P04298,A08444,2
P04298,A11437,3
P04298,A04172,4
P04298,A11438,5
P04299,A06834,1
P04299,A02205,2
P04299,A03877,3
P04299,A04976,4
P04299,A02204,5
P04299,A02436,6
P04299,A03234,7
P04299,A02206,8
P04299,A04932,9
P04299,A03979,10
P04299,A07628,11
P04299,A05084,12
P04299,A05178,13
P04299,A02798,14
P04299,A02981,15
P04299,A09689,16
P04299,A10126,17
P04299,A11439,18
P04300,A11440,1
P04300,A03875,2
P04300,A07938,3
P04300,A11441,4
P04301,A07982,1
P04301,A05579,2
P04301,A11442,3
P04301,A09767,4
P04302,A10371,1
P04302,A02590,2
P04302,A00757,3
P04302,A03405,4
P04302,A08336,5
P04303,A06403,1
P04303,A08103,2
P04303,A11443,3
P04303,A11444,4
P04303,A11445,5
P04303,A11446,6
P04303,A00417,7
P04303,A11447,8
P04304,A09852,1
P04304,A09690,2
P04304,A04400,3
P04304,A11448,4
P04304,A08260,5
P04304,A01772,6
P04304,A07711,7
P04305,A11449,1
P04305,A11450,2
P04305,A07799,3
P04305,A11451,4
P04305,A04080,5
P04306,A01866,1
P04306,A11452,2
P04306,A11453,3
P04306,A11454,4
P04306,A06541,5
P04306,A06540,6
P04306,A11455,7
P04306,A11456,8
P04306,A11457,9
P04306,A05373,10
P04307,A11185,1
P04307,A11458,2
P04307,A11459,3
P04307,A05083,4
P04307,A05707,5
P04308,A10308,1
P04308,A11460,2
P04308,A11461,3
P04308,A07007,4
P04308,A11462,5
P04309,A04583,1
P04309,A04582,2
P04309,A11463,3
P04309,A08967,4
P04309,A11464,5
P04309,A11465,6
P04309,A11466,7
P04309,A11467,8
P04309,A11468,9
P04310,A05165,1
P04310,A01472,2
P04310,A05166,3
P04311,A11469,1
P04311,A04241,2
P04311,A01423,3
P04311,A00180,4
P04311,A00585,5
P04312,A05707,1
P04312,A07590,2
P04312,A05538,3
P04313,A11470,1
P04313,A02359,2
P04313,A04272,3
P04313,A09345,4
P04313,A07172,5
P04313,A01607,6
P04313,A01537,7
P04314,A11471,1
P04314,A11472,2
P04314,A11473,3
P04314,A11474,4
P04315,A11475,1
P04315,A08254,2
P04315,A11476,3
P04316,A11477,1
P04316,A06894,2
P04317,A11478,1
P04317,A03059,2
P04317,A06225,3
P04317,A06691,4
P04318,A11479,1
P04318,A11480,2
P04318,A11481,3
P04319,A01095,1
P04319,A06566,2
P04319,A00406,3
P04320,A11482,1
P04320,A11483,2
P04320,A11484,3
P04320,A11485,4
P04321,A05319,1
P04321,A01943,2
P04321,A06385,3
P04321,A06623,4
P04321,A02845,5
P04321,A10249,6
P04321,A10250,7
P04322,A11486,1
P04322,A11487,2
P04322,A07596,3
P04322,A11488,4
P04322,A11489,5
P04323,A11490,1
P04323,A07876,2
P04323,A11491,3
P04323,A11492,4
P04323,A11493,5
P04323,A11494,6
P04323,A00573,7
P04323,A11495,8
P04323,A07877,9
P04324,A03214,1
P04325,A11496,1
P04325,A04998,2
P04325,A11497,3
P04325,A11498,4
P04325,A04997,5
P04325,A02745,6
P04326,A10654,1
P04326,A10227,2
P04326,A10835,3
P04326,A05286,4
P04326,A07525,5
P04326,A00709,6
P04326,A09160,7
P04326,A10836,8
P04326,A07527,9
P04327,A05007,1
P04327,A11499,2
P04327,A00584,3
P04327,A03830,4
P04327,A05012,5
P04328,A02870,1
P04328,A03423,2
P04328,A11500,3
P04329,A11501,1
P04329,A05072,2
P04329,A04236,3
P04329,A02600,4
P04329,A11502,5
P04330,A11503,1
P04330,A11504,2
P04330,A11505,3
P04330,A11506,4
P04330,A11507,5
P04330,A11508,6
P04330,A11509,7
P04330,A11510,8
P04330,A11511,9
P04331,A02673,1
P04331,A09626,2
P04331,A09625,3
P04331,A05918,4
P04331,A11512,5
P04331,A00908,6
P04331,A11513,7
P04331,A02787,8
P04331,A11514,9
P04331,A11515,10
P04331,A11516,11
P04331,A11517,12
P04331,A06293,13
P04332,A11518,1
P04332,A11519,2
P04332,A11520,3
P04333,A11521,1
P04333,A09867,2
P04333,A11522,3
P04333,A11523,4
P04333,A11524,5
P04333,A11525,6
P04333,A11526,7
P04333,A11527,8
P04333,A11528,9
P04333,A11529,10
P04333,A11530,11
P04333,A11531,12
P04333,A11532,13
P04334,A11160,1
P04334,A00584,2
P04334,A06799,3
P04334,A00949,4
P04334,A02375,5
P04334,A00909,6
P04334,A08533,7
P04334,A03644,8
P04334,A04363,9
P04334,A04360,10
P04334,A01194,11
P04335,A11393,1
P04335,A11533,2
P04335,A11395,3
P04335,A11397,4
P04336,A11534,1
P04336,A07658,2
P04336,A11535,3
P04336,A11536,4
P04336,A11537,5
P04336,A11538,6
P04336,A11539,7
P04336,A11540,8
P04336,A11541,9
P04336,A06150,10
P04336,A11542,11
P04336,A11543,12
P04336,A11544,13
P04336,A11545,14
P04336,A11546,15
P04336,A11547,16
P04336,A11548,17
P04336,A07660,18
P04336,A06158,19
P04336,A11549,20
P04336,A11550,21
P04336,A11551,22
P04336,A11552,23
P04336,A11553,24
P04336,A06161,25
P04336,A06162,26
P04336,A11554,27
P04336,A11555,28
P04336,A11556,29
P04336,A11557,30
P04336,A07379,31
P04336,A11558,32
P04336,A11559,33
P04336,A11560,34
P04336,A11561,35
P04336,A11562,36
P04336,A11563,37
P04336,A07664,38
P04336,A11564,39
P04336,A11565,40
P04336,A11566,41
P04336,A11567,42
P04336,A11568,43
P04336,A07657,44
P04336,A11569,45
P04336,A11570,46
P04336,A11571,47
P04336,A11572,48
P04336,A11573,49
P04336,A11574,50
P04336,A11575,51
P04336,A11576,52
P04336,A11577,53
P04336,A11578,54
P04336,A11579,55
P04336,A11580,56
P04336,A11581,57
P04336,A11582,58
P04336,A11583,59
P04336,A11584,60
P04336,A11585,61
P04336,A06170,62
P04336,A11586,63
P04337,A03478,1
P04337,A11587,2
P04337,A03481,3
P04337,A03483,4
P04337,A11588,5
P04337,A11589,6
P04337,A03484,7
P04337,A11590,8
P04337,A03487,9
P04337,A03488,10
P04337,A00151,11
P04337,A03486,12
P04337,A03477,13
P04337,A03480,14
P04337,A03485,15
P04337,A11591,16
P04337,A11592,17
P04337,A03492,18
P04337,A03490,19
P04337,A03491,20
P04337,A03493,21
P04337,A03494,22
P04337,A11593,23
P04337,A03495,24
P04338,A11594,1
P04338,A11595,2
P04338,A11596,3
P04338,A11597,4
P04338,A11598,5
P04338,A11599,6
P04338,A11600,7
P04338,A11601,8
P04338,A11602,9
P04338,A11603,10
P04338,A11604,11
P04338,A11605,12
P04338,A11606,13
P04338,A11607,14
P04338,A11608,15
P04338,A11609,16
P04338,A11610,17
P04338,A11611,18
P04338,A11612,19
P04338,A11613,20
P04338,A11614,21
P04338,A11615,22
P04338,A11616,23
P04338,A03613,24
P04339,A05579,1
P04339,A08177,2
P04339,A07982,3
P04340,A11617,1
P04340,A11618,2
P04340,A11619,3
P04340,A04142,4
P04341,A11620,1
P04341,A09995,2
P04341,A11621,3
P04341,A11622,4
P04341,A11623,5
P04341,A09996,6
P04341,A11624,7
P04341,A11625,8
P04342,A05358,1
P04342,A09678,2
P04342,A10052,3
P04342,A09602,4
P04342,A11626,5
P04342,A03684,6
P04342,A06672,7
P04342,A11627,8
P04342,A04253,9
P04342,A00591,10
P04342,A01423,11
P04342,A02923,12
P04342,A03216,13
P04342,A01824,14
P04343,A06931,1
P04343,A02847,2
P04343,A08943,3
P04344,A11628,1
P04344,A11629,2
P04344,A11630,3
P04344,A03626,4
P04344,A04186,5
P04344,A11631,6
P04344,A06226,7
P04344,A06578,8
P04344,A11632,9
P04345,A03405,1
P04345,A02590,2
P04345,A00757,3
P04346,A11633,1
P04346,A11634,2
P04346,A00151,3
P04346,A11635,4
P04347,A10375,1
P04347,A10190,2
P04347,A11636,3
P04347,A11637,4
P04347,A03003,5
P04347,A02807,6
P04347,A11638,7
P04347,A04767,8
P04348,A03003,1
P04348,A10254,2
P04348,A10255,3
P04348,A00815,4
P04348,A01943,5
P04349,A03436,1
P04349,A03003,2
P04349,A03214,3
P04349,A03672,4
P04349,A00590,5
P04349,A03653,6
P04349,A00815,7
P04349,A01039,8
P04349,A02436,9
P04349,A01045,10
P04350,A09074,1
P04350,A02563,2
P04351,A10904,1
P04351,A06043,2
P04351,A11639,3
P04351,A10852,4
P04351,A11640,5
P04352,A11641,1
P04352,A11642,2
P04352,A05601,3
P04352,A02905,4
P04352,A04355,5
P04352,A04708,6
P04352,A11643,7
P04353,A11644,1
P04353,A11153,2
P04353,A11645,3
P04353,A11646,4
P04353,A11647,5
P04353,A09057,6
P04354,A10624,1
P04354,A11648,2
P04354,A10626,3
P04354,A10627,4
P04354,A10628,5
P04354,A10631,6
P04354,A10625,7
P04355,A11369,1
P04355,A05576,2
P04355,A01181,3
P04355,A03940,4
P04355,A04467,5
P04355,A00970,6
P04356,A11649,1
P04356,A11650,2
P04356,A11651,3
P04357,A11652,1
P04357,A11653,2
P04357,A11654,3
P04357,A11655,4
P04357,A11656,5
P04357,A11657,6
P04357,A11658,7
P04357,A11659,8
P04357,A11660,9
P04357,A11661,10
P04357,A11662,11
P04357,A02204,12
P04357,A06950,13
P04357,A01817,14
P04357,A06949,15
P04357,A02858,16
P04358,A04740,1
P04358,A04742,2
P04358,A03234,3
P04358,A01817,4
P04358,A06950,5
P04358,A04676,6
P04358,A04816,7
P04358,A11663,8
P04358,A11664,9
P04358,A11665,10
P04358,A03979,11
P04358,A11666,12
P04358,A11667,13
P04359,A11668,1
P04359,A11669,2
P04359,A11670,3
P04359,A11671,4
P04359,A11672,5
P04360,A11673,1
P04360,A11674,2
P04360,A11675,3
P04361,A09921,1
P04361,A01774,2
P04361,A04194,3
P04361,A02807,4
P04361,A04205,5
P04361,A08908,6
P04362,A11676,1
P04362,A11677,2
P04362,A11678,3
P04362,A11679,4
P04362,A11680,5
P04362,A11681,6
P04362,A11682,7
P04362,A11683,8
P04362,A11684,9
P04362,A11489,10
P04363,A11685,1
P04363,A05098,2
P04363,A06631,3
P04363,A11686,4
P04363,A11687,5
P04363,A11688,6
P04363,A11689,7
P04363,A11690,8
P04363,A11691,9
P04363,A02059,10
P04363,A11692,11
P04364,A11693,1
P04364,A11694,2
P04365,A08360,1
P04365,A11695,2
P04365,A01773,3
P04365,A08359,4
P04365,A04236,5
P04365,A11696,6
P04365,A07354,7
P04365,A08357,8
P04365,A11697,9
P04365,A11698,10
P04365,A11699,11
P04365,A07675,12
P04365,A11700,13
P04366,A11701,1
P04366,A10581,2
P04366,A01763,3
P04366,A11702,4
P04366,A02023,5
P04366,A05708,6
P04367,A06402,1
P04367,A00360,2
P04368,A10303,1
P04368,A11703,2
P04368,A09408,3
P04368,A07967,4
P04368,A07966,5
P04368,A10300,6
P04368,A11704,7
P04369,A11705,1
P04369,A02059,2
P04369,A07472,3
P04370,A01430,1
P04370,A11706,2
P04370,A01690,3
P04370,A00762,4
P04370,A03401,5
P04371,A11707,1
P04371,A09681,2
P04371,A05607,3
P04371,A07007,4
P04371,A05609,5
P04371,A11708,6
P04371,A10307,7
P04372,A02689,1
P04372,A01690,2
P04372,A05556,3
P04373,A11709,1
P04373,A11710,2
P04373,A11711,3
P04373,A11712,4
P04373,A11713,5
P04374,A07328,1
P04374,A07894,2
P04374,A07892,3
P04374,A11714,4
P04374,A07893,5
P04374,A11715,6
P04375,A07432,1
P04375,A10733,2
P04375,A10732,3
P04375,A09986,4
P04375,A11716,5
P04375,A11717,6
P04375,A09985,7
P04375,A05710,8
P04376,A11718,1
P04376,A11719,2
P04376,A11720,3
P04376,A11721,4
P04376,A11722,5
P04376,A11723,6
P04376,A11724,7
P04377,A11725,1
P04377,A07596,2
P04377,A11726,3
P04377,A07594,4
P04377,A07595,5
P04377,A07593,6
P04377,A11727,7
P04377,A10666,8
P04378,A11728,1
P04378,A07813,2
P04378,A04148,3
P04379,A10112,1
P04379,A03325,2
P04379,A02583,3
P04379,A03684,4
P04379,A11729,5
P04379,A11730,6
P04379,A11731,7
P04380,A10904,1
P04380,A10903,2
P04380,A10852,3
P04380,A06043,4
P04380,A11639,5
P04381,A11732,1
P04381,A11733,2
P04381,A10942,3
P04381,A11734,4
P04381,A11735,5
P04381,A11736,6
P04381,A11737,7
P04382,A11738,1
P04382,A06363,2
P04383,A11739,1
P04383,A11740,2
P04384,A05066,1
P04384,A11741,2
P04384,A11742,3
P04384,A11743,4
P04384,A05838,5
P04384,A11744,6
P04384,A07511,7
P04384,A11745,8
P04384,A11746,9
P04384,A11747,10
P04384,A11748,11
P04384,A11749,12
P04384,A11750,13
P04385,A10779,1
P04385,A06672,2
P04385,A11751,3
P04385,A07696,4
P04386,A11752,1
P04386,A01073,2
P04386,A01016,3
P04387,A11753,1
P04387,A11754,2
P04387,A06122,3
P04387,A11755,4
P04387,A11756,5
P04387,A11757,6
P04387,A11758,7
P04387,A11759,8
P04387,A11760,9
P04387,A11761,10
P04387,A11762,11
P04387,A11763,12
P04387,A11764,13
P04387,A11765,14
P04387,A11766,15
P04387,A11767,16
P04387,A11768,17
P04387,A11769,18
P04387,A11770,19
P04387,A11771,20
P04387,A11772,21
P04387,A11773,22
P04387,A11774,23
P04387,A11775,24
P04387,A11776,25
P04387,A11777,26
P04387,A11778,27
P04387,A11779,28
P04387,A11780,29
P04387,A11781,30
P04387,A11782,31
P04387,A11783,32
P04387,A11784,33
P04387,A11785,34
P04387,A11786,35
P04387,A11787,36
P04387,A11788,37
P04387,A11789,38
P04387,A11790,39
P04388,A06883,1
P04388,A06209,2
P04388,A06884,3
P04388,A11791,4
P04388,A06210,5
P04388,A11792,6
P04388,A11793,7
P04389,A03439,1
P04389,A03977,2
P04389,A11794,3
P04389,A11795,4
P04389,A06914,5
P04389,A09107,6
P04389,A11796,7
P04390,A04947,1
P04390,A11797,2
P04390,A04572,3
P04390,A11798,4
P04390,A11799,5
P04391,A09226,1
P04391,A02719,2
P04392,A01690,1
P04392,A01430,2
P04392,A11800,3
P04392,A10014,4
P04392,A00815,5
P04392,A03822,6
P04392,A11801,7
P04392,A11802,8
P04392,A03003,9
P04392,A03995,10
P04392,A05824,11
P04393,A11803,1
P04393,A11804,2
P04393,A11805,3
P04393,A11806,4
P04394,A11807,1
P04394,A02962,2
P04394,A11808,3
P04394,A06742,4
P04394,A11809,5
P04394,A11810,6
P04395,A03003,1
P04395,A03822,2
P04395,A00762,3
P04395,A00597,4
P04395,A01039,5
P04396,A01865,1
P04396,A11811,2
P04396,A11812,3
P04396,A02069,4
P04396,A00918,5
P04396,A11813,6
P04397,A07020,1
P04397,A01659,2
P04398,A11814,1
P04398,A11815,2
P04398,A11816,3
P04398,A11817,4
P04398,A11818,5
P04398,A07874,6
P04399,A11819,1
P04399,A11820,2
P04399,A04134,3
P04400,A08941,1
P04400,A11821,2
P04400,A04228,3
P04400,A08943,4
P04400,A11822,5
P04400,A08944,6
P04401,A08058,1
P04401,A00909,2
P04401,A11181,3
P04401,A05255,4
P04401,A11823,5
P04401,A11824,6
P04402,A03164,1
P04402,A10097,2
P04402,A04209,3
P04402,A11825,4
P04403,A06859,1
P04403,A11826,2
P04403,A10307,3
P04403,A03424,4
P04403,A06050,5
P04403,A11827,6
P04403,A11707,7
P04403,A11708,8
P04404,A11828,1
P04404,A11829,2
P04404,A11830,3
P04404,A11831,4
P04404,A11832,5
P04404,A11833,6
P04404,A11834,7
P04404,A11835,8
P04404,A11836,9
P04404,A11837,10
P04404,A11838,11
P04404,A11839,12
P04404,A11840,13
P04404,A11841,14
P04404,A11842,15
P04405,A11843,1
P04405,A03672,2
P04405,A11844,3
P04405,A04767,4
P04405,A03852,5
P04406,A11208,1
P04406,A08192,2
P04407,A11845,1
P04407,A11655,2
P04407,A06578,3
P04407,A04194,4
P04407,A11846,5
P04407,A11847,6
P04408,A11848,1
P04408,A00736,2
P04408,A02067,3
P04408,A00649,4
P04408,A01276,5
P04408,A03974,6
P04408,A11849,7
P04408,A11850,8
P04409,A11814,1
P04409,A11815,2
P04409,A11816,3
P04409,A11817,4
P04409,A07874,5
P04410,A11851,1
P04410,A10693,2
P04410,A09199,3
P04410,A11852,4
P04411,A11853,1
P04411,A11854,2
P04411,A01041,3
P04411,A11855,4
P04412,A11856,1
P04412,A06754,2
P04412,A11857,3
P04412,A06756,4
P04412,A06755,5
P04412,A06753,6
P04412,A11858,7
P04412,A11859,8
P04412,A11860,9
P04412,A11861,10
P04412,A10113,11
P04412,A11862,12
P04412,A00284,13
P04413,A05576,1
P04413,A11863,2
P04413,A01181,3
P04413,A11864,4
P04413,A00360,5
P04413,A00260,6
P04414,A11865,1
P04414,A06652,2
P04414,A06654,3
P04414,A09976,4
P04414,A11866,5
P04415,A11867,1
P04415,A11868,2
P04415,A06888,3
P04415,A11869,4
P04415,A11870,5
P04416,A01430,1
P04416,A11871,2
P04416,A03401,3
P04416,A01690,4
P04416,A00762,5
P04417,A06648,1
P04417,A04134,2
P04418,A02475,1
P04418,A10400,2
P04418,A04946,3
P04418,A09199,4
P04418,A04291,5
P04418,A11872,6
P04418,A00998,7
P04418,A01107,8
P04419,A04272,1
P04419,A04767,2
P04419,A09178,3
P04419,A04296,4
P04419,A03401,5
P04419,A06107,6
P04419,A10119,7
P04419,A04274,8
P04420,A03874,1
P04421,A11873,1
P04422,A11874,1
P04422,A11875,2
P04422,A11876,3
P04422,A09135,4
P04422,A11877,5
P04422,A09142,6
P04422,A11878,7
P04422,A11879,8
P04423,A11880,1
P04423,A03969,2
P04423,A11881,3
P04423,A11882,4
P04423,A11883,5
P04423,A01535,6
P04423,A01714,7
P04423,A02325,8
P04424,A10654,1
P04424,A10835,2
P04424,A11884,3
P04424,A11885,4
P04424,A06233,5
P04424,A10836,6
P04424,A00709,7
P04425,A11886,1
P04425,A11887,2
P04425,A11888,3
P04425,A11889,4
P04425,A11890,5
P04425,A11891,6
P04425,A11892,7
P04426,A10068,1
P04426,A07829,2
P04426,A03424,3
P04426,A11893,4
P04427,A11894,1
P04427,A11895,2
P04427,A11896,3
P04427,A11897,4
P04427,A11898,5
P04427,A11899,6
P04428,A11900,1
P04428,A11901,2
P04428,A11902,3
P04428,A11903,4
P04428,A11904,5
P04428,A11905,6
P04428,A09126,7
P04428,A11906,8
P04428,A11907,9
P04428,A11908,10
P04428,A11909,11
P04428,A11910,12
P04428,A11911,13
P04428,A11912,14
P04429,A11913,1
P04429,A11914,2
P04429,A02323,3
P04430,A09690,1
P04430,A09004,2
P04430,A09003,3
P04430,A09031,4
P04430,A09852,5
P04430,A11915,6
P04430,A11916,7
P04430,A11917,8
P04430,A11918,9
P04430,A04400,10
P04431,A11919,1
P04431,A11324,2
P04431,A11323,3
P04431,A11920,4
P04431,A03908,5
P04432,A11921,1
P04432,A03644,2
P04432,A05524,3
P04433,A11922,1
P04433,A01550,2
P04433,A10141,3
P04433,A03326,4
P04433,A08153,5
P04433,A11923,6
P04433,A02630,7
P04434,A06083,1
P04434,A06905,2
P04434,A02689,3
P04434,A01536,4
P04434,A06798,5
P04434,A01560,6
P04434,A00709,7
P04435,A03006,1
P04435,A11924,2
P04435,A11925,3
P04435,A02392,4
P04436,A01931,1
P04436,A01026,2
P04436,A06799,3
P04436,A06742,4
P04436,A11926,5
P04437,A11927,1
P04437,A06043,2
P04437,A10546,3
P04438,A11928,1
P04438,A11929,2
P04438,A00408,3
P04439,A11443,1
P04439,A11444,2
P04439,A06403,3
P04439,A11930,4
P04439,A08103,5
P04439,A09698,6
P04439,A00417,7
P04440,A11931,1
P04440,A08250,2
P04440,A11932,3
P04440,A05548,4
P04440,A07559,5
P04441,A09921,1
P04441,A09857,2
P04441,A11933,3
P04442,A11934,1
P04442,A11935,2
P04442,A11936,3
P04442,A08327,4
P04443,A11937,1
P04443,A08359,2
P04443,A03693,3
P04443,A07362,4
P04443,A07675,5
P04443,A08358,6
P04443,A08357,7
P04443,A11938,8
P04443,A11700,9
P04443,A11696,10
P04443,A11939,11
P04443,A11940,12
P04443,A11941,13
P04444,A08103,1
P04444,A00417,2
P04444,A06403,3
P04444,A11930,4
P04445,A11144,1
P04445,A11942,2
P04445,A11943,3
P04445,A10242,4
P04445,A11944,5
P04445,A11945,6
P04445,A11820,7
P04445,A10902,8
P04445,A04134,9
P04446,A04526,1
P04446,A03672,2
P04446,A05319,3
P04446,A11508,4
P04446,A01943,5
P04447,A11946,1
P04447,A03992,2
P04447,A11947,3
P04447,A11948,4
P04448,A11949,1
P04448,A05319,2
P04448,A06385,3
P04448,A06573,4
P04449,A11922,1
P04449,A01550,2
P04449,A10141,3
P04449,A03326,4
P04449,A08153,5
P04449,A11923,6
P04449,A02630,7
P04450,A11950,1
P04450,A07236,2
P04450,A11951,3
P04450,A09422,4
P04450,A09594,5
P04450,A11952,6
P04450,A11953,7
P04450,A11954,8
P04451,A11955,1
P04451,A00922,2
P04451,A04977,3
P04451,A01743,4
P04451,A01521,5
P04451,A02947,6
P04451,A08058,7
P04452,A07896,1
P04452,A00264,2
P04452,A00828,3
P04452,A07417,4
P04452,A05130,5
P04453,A11956,1
P04453,A11957,2
P04453,A05804,3
P04453,A09432,4
P04453,A06260,5
P04454,A11958,1
P04454,A11959,2
P04454,A07613,3
P04454,A11960,4
P04455,A10036,1
P04455,A00237,2
P04455,A03822,3
P04455,A00585,4
P04455,A00180,5
P04455,A03650,6
P04456,A00692,1
P04456,A11961,2
P04456,A07627,3
P04456,A06889,4
P04456,A01715,5
P04456,A08225,6
P04456,A07628,7
P04456,A02870,8
P04456,A01263,9
P04456,A03003,10
P04456,A03436,11
P04456,A01713,12
P04457,A11962,1
P04457,A11963,2
P04457,A11964,3
P04457,A11965,4
P04458,A11966,1
P04458,A11967,2
P04458,A11968,3
P04458,A11969,4
P04458,A11970,5
P04459,A11971,1
P04459,A04762,2
P04460,A04582,1
P04460,A04583,2
P04460,A11463,3
P04460,A08967,4
P04461,A10056,1
P04461,A11972,2
P04461,A10242,3
P04461,A11973,4
P04461,A11974,5
P04461,A11975,6
P04461,A11976,7
P04461,A11977,8
P04461,A04134,9
P04462,A03470,1
P04462,A00360,2
P04462,A00260,3
P04462,A11978,4
P04462,A11979,5
P04463,A03946,1
P04463,A11980,2
P04463,A11981,3
P04463,A11982,4
P04463,A11983,5
P04463,A06041,6
P04463,A11984,7
P04463,A07529,8
P04463,A04551,9
P04463,A11985,10
P04463,A00990,11
P04464,A11986,1
P04464,A11987,2
P04464,A11988,3
P04464,A11989,4
P04465,A10726,1
P04465,A11990,2
P04465,A02418,3
P04465,A11991,4
P04465,A11992,5
P04465,A02392,6
P04465,A11993,7
P04465,A11994,8
P04465,A11995,9
P04465,A11996,10
P04466,A11997,1
P04466,A03582,2
P04466,A11998,3
P04466,A11999,4
P04467,A12000,1
P04467,A12001,2
P04467,A12002,3
P04467,A12003,4
P04467,A12004,5
P04467,A12005,6
P04467,A12006,7
P04467,A12007,8
P04467,A12008,9
P04468,A10665,1
P04468,A03249,2
P04468,A07328,3
P04468,A11358,4
P04468,A09935,5
P04468,A12009,6
P04468,A07331,7
P04468,A12010,8
P04469,A12011,1
P04469,A01593,2
P04469,A02284,3
P04469,A12012,4
P04469,A12013,5
P04469,A12014,6
P04469,A00597,7
P04469,A02235,8
P04470,A11201,1
P04470,A07614,2
P04470,A02204,3
P04470,A11198,4
P04470,A12015,5
P04470,A02890,6
P04470,A04675,7
P04470,A04932,8
P04470,A12016,9
P04470,A02436,10
P04470,A00151,11
P04470,A01540,12
P04470,A04678,13
P04470,A02858,14
P04470,A07114,15
P04470,A07113,16
P04470,A03835,17
P04470,A06836,18
P04470,A00292,19
P04470,A02205,20
P04470,A06835,21
P04470,A01817,22
P04471,A12017,1
P04471,A12018,2
P04471,A10210,3
P04471,A11324,4
P04471,A11323,5
P04471,A12019,6
P04471,A10211,7
P04472,A07818,1
P04472,A04767,2
P04472,A04296,3
P04472,A01943,4
P04472,A02017,5
P04472,A00917,6
P04472,A12020,7
P04472,A12021,8
P04472,A10406,9
P04472,A01686,10
P04472,A09218,11
P04472,A12022,12
P04472,A12023,13
P04472,A12024,14
P04472,A12025,15
P04472,A12026,16
P04472,A12027,17
P04472,A12028,18
P04472,A12029,19
P04473,A06632,1
P04474,A09179,1
P04474,A04186,2
P04474,A10051,3
P04474,A00757,4
P04474,A12030,5
P04474,A12031,6
P04475,A10114,1
P04475,A12032,2
P04475,A12033,3
P04475,A12034,4
P04475,A09387,5
P04475,A12035,6
P04476,A12036,1
P04476,A12037,2
P04476,A12038,3
P04476,A12039,4
P04477,A06602,1
P04477,A12040,2
P04477,A00924,3
P04477,A02947,4
P04477,A02094,5
P04477,A12041,6
P04477,A12042,7
P04477,A00406,8
P04477,A03475,9
P04477,A02812,10
P04477,A01537,11
P04477,A00151,12
P04477,A12043,13
P04477,A10372,14
P04477,A05566,15
P04477,A01663,16
P04477,A04518,17
P04477,A01043,18
P04477,A12044,19
P04477,A00543,20
P04477,A08497,21
P04477,A01036,22
P04477,A06171,23
P04477,A04296,24
P04477,A12045,25
P04477,A03318,26
P04477,A05536,27
P04477,A02069,28
P04477,A00914,29
P04477,A06761,30
P04477,A00554,31
P04477,A12046,32
P04477,A03150,33
P04477,A05839,34
P04477,A02204,35
P04477,A02280,36
P04477,A12047,37
P04477,A02423,38
P04477,A01690,39
P04477,A10342,40
P04477,A12048,41
P04477,A12049,42
P04477,A06566,43
P04477,A07572,44
P04477,A03300,45
P04477,A03163,46
P04477,A01068,47
P04477,A09003,48
P04477,A12050,49
P04477,A02437,50
P04477,A12051,51
P04477,A10736,52
P04477,A12052,53
P04477,A12053,54
P04477,A12054,55
P04477,A12055,56
P04477,A12056,57
P04477,A12057,58
P04477,A12058,59
P04477,A12059,60
P04477,A12060,61
P04477,A12061,62
P04477,A12062,63
P04477,A12063,64
P04477,A12064,65
P04477,A12065,66
P04477,A12066,67
P04477,A12067,68
P04477,A12068,69
P04477,A12069,70
P04477,A12070,71
P04477,A12071,72
P04477,A12072,73
P04477,A12073,74
P04477,A12074,75
P04477,A12075,76
P04477,A12076,77
P04477,A12077,78
P04477,A12078,79
P04477,A12079,80
P04477,A12080,81
P04478,A10982,1
P04478,A10980,2
P04478,A10987,3
P04478,A12081,4
P04478,A10983,5
P04478,A10985,6
P04478,A10984,7
P04478,A10986,8
P04478,A12082,9
P04478,A12083,10
P04478,A12084,11
P04478,A12085,12
P04478,A10981,13
P04479,A04038,1
P04479,A05010,2
P04479,A04688,3
P04479,A01711,4
P04479,A12086,5
P04479,A00902,6
P04479,A05009,7
P04479,A07779,8
P04479,A10521,9
P04479,A00584,10
P04480,A02459,1
P04480,A01607,2
P04480,A06828,3
P04480,A12087,4
P04480,A12088,5
P04480,A05482,6
P04480,A12089,7
P04480,A12090,8
P04480,A03625,9
P04480,A12091,10
P04480,A10435,11
P04480,A01052,12
P04480,A12092,13
P04480,A12093,14
P04480,A02280,15
P04480,A12094,16
P04480,A00815,17
P04480,A01638,18
P04480,A09719,19
P04480,A12095,20
P04480,A05487,21
P04480,A03742,22
P04480,A12096,23
P04480,A04400,24
P04481,A04241,1
P04481,A01423,2
P04481,A00180,3
P04481,A04192,4
P04481,A03626,5
P04481,A12097,6
P04481,A04186,7
P04481,A03464,8
P04481,A06919,9
P04481,A01084,10
P04481,A00585,11
P04481,A04602,12
P04481,A12098,13
P04481,A07742,14
P04481,A03980,15
P04481,A06083,16
P04482,A00543,1
P04482,A01179,2
P04482,A02260,3
P04482,A03001,4
P04482,A12099,5
P04483,A06857,1
P04483,A12100,2
P04483,A07919,3
P04483,A12101,4
P04483,A12102,5
P04483,A12103,6
P04484,A12104,1
P04484,A01715,2
P04484,A08225,3
P04485,A01105,1
P04485,A04764,2
P04485,A03156,3
P04485,A08127,4
P04485,A12105,5
P04485,A03883,6
P04485,A12106,7
P04485,A12107,8
P04486,A12108,1
P04486,A00784,2
P04486,A12109,3
P04486,A10331,4
P04486,A12110,5
P04487,A11152,1
P04487,A12111,2
P04487,A09057,3
P04487,A12112,4
P04487,A12113,5
P04488,A06673,1
P04488,A06674,2
P04488,A12114,3
P04489,A12115,1
P04489,A12116,2
P04489,A12117,3
P04489,A12118,4
P04489,A12119,5
P04489,A12120,6
P04489,A12121,7
P04489,A12122,8
P04489,A12123,9
P04489,A12124,10
P04489,A12125,11
P04490,A12126,1
P04490,A12127,2
P04490,A12128,3
P04491,A03653,1
P04491,A03436,2
P04491,A03003,3
P04491,A03214,4
P04491,A06987,5
P04491,A03672,6
P04491,A00762,7
P04492,A07749,1
P04492,A12129,2
P04492,A12130,3
P04492,A07750,4
P04492,A07752,5
P04492,A00880,6
P04492,A12131,7
P04492,A12132,8
P04493,A12133,1
P04493,A05165,2
P04493,A12134,3
P04493,A08220,4
P04493,A01407,5
P04493,A01214,6
P04493,A08412,7
P04494,A12135,1
P04494,A08626,2
P04494,A10575,3
P04494,A03679,4
P04494,A09246,5
P04494,A10076,6
P04494,A10359,7
P04495,A10359,1
P04495,A09743,2
P04495,A12136,3
P04495,A02823,4
P04495,A06185,5
P04495,A02023,6
P04495,A12137,7
P04496,A06298,1
P04496,A12138,2
P04496,A12139,3
P04496,A12140,4
P04496,A12141,5
P04496,A06302,6
P04496,A12142,7
P04496,A12143,8
P04496,A12144,9
P04496,A12145,10
P04496,A12146,11
P04496,A12147,12
P04496,A12148,13
P04496,A12149,14
P04496,A12150,15
P04496,A12151,16
P04496,A12152,17
P04496,A12153,18
P04497,A11189,1
P04498,A12154,1
P04498,A12155,2
P04498,A09201,3
P04498,A12156,4
P04499,A12157,1
P04499,A12158,2
P04499,A12159,3
P04499,A12160,4
P04499,A12161,5
P04500,A10114,1
P04500,A12033,2
P04500,A12032,3
P04500,A12162,4
P04500,A07330,5
P04500,A12034,6
P04501,A07667,1
P04501,A09552,2
P04501,A09553,3
P04501,A05572,4
P04501,A12163,5
P04501,A05680,6
P04502,A04736,1
P04502,A06784,2
P04502,A04734,3
P04503,A12164,1
P04503,A08449,2
P04503,A12165,3
P04503,A08450,4
P04503,A12166,5
P04503,A11156,6
P04503,A12167,7
P04503,A12168,8
P04503,A12169,9
P04503,A12170,10
P04503,A12171,11
P04504,A11152,1
P04504,A05014,2
P04505,A12172,1
P04505,A08008,2
P04506,A12173,1
P04506,A03817,2
P04506,A06969,3
P04506,A06970,4
P04506,A01312,5
P04506,A06968,6
P04506,A03300,7
P04506,A01647,8
P04506,A08313,9
P04507,A12174,1
P04507,A12175,2
P04507,A02900,3
P04507,A02901,4
P04508,A12176,1
P04508,A12177,2
P04508,A12178,3
P04508,A12179,4
P04508,A12180,5
P04508,A12181,6
P04509,A12182,1
P04509,A05140,2
P04509,A12183,3
P04509,A08357,4
P04510,A07580,1
P04510,A08445,2
P04510,A04167,3
P04510,A03915,4
P04510,A12184,5
P04510,A04172,6
P04511,A05717,1
P04511,A12185,2
P04511,A02631,3
P04511,A06247,4
P04511,A03031,5
P04511,A03032,6
P04511,A12186,7
P04511,A12187,8
P04511,A03234,9
P04511,A12188,10
P04512,A12189,1
P04513,A06931,1
P04513,A01607,2
P04513,A08943,3
P04513,A03672,4
P04513,A02359,5
P04513,A11470,6
P04513,A06872,7
P04513,A01016,8
P04513,A00591,9
P04514,A12190,1
P04514,A12191,2
P04514,A12192,3
P04514,A12193,4
P04514,A12194,5
P04515,A12195,1
P04515,A02436,2
P04515,A01782,3
P04515,A04740,4
P04515,A00292,5
P04515,A02697,6
P04515,A06255,7
P04515,A00151,8
P04515,A06253,9
P04516,A06546,1
P04516,A12196,2
P04516,A12197,3
P04516,A12198,4
P04516,A12199,5
P04516,A12200,6
P04516,A12201,7
P04516,A12202,8
P04517,A12203,1
P04517,A02798,2
P04517,A10834,3
P04517,A08143,4
P04518,A10853,1
P04518,A10854,2
P04518,A12204,3
P04519,A12205,1
P04520,A05912,1
P04520,A12206,2
P04520,A06385,3
P04520,A04296,4
P04520,A01943,5
P04520,A04767,6
P04520,A03672,7
P04521,A12207,1
P04521,A12208,2
P04521,A12209,3
P04522,A12210,1
P04522,A00323,2
P04522,A11095,3
P04523,A10564,1
P04523,A01715,2
P04523,A07957,3
P04523,A11144,4
P04523,A06912,5
P04524,A05981,1
P04524,A09651,2
P04524,A09652,3
P04524,A09650,4
P04524,A12211,5
P04524,A04696,6
P04524,A12212,7
P04524,A12213,8
P04524,A09649,9
P04525,A09218,1
P04525,A00922,2
P04525,A10406,3
P04525,A06577,4
P04525,A12025,5
P04525,A12214,6
P04525,A12215,7
P04525,A12026,8
P04526,A12216,1
P04526,A12217,2
P04526,A12218,3
P04526,A12219,4
P04526,A12220,5
P04526,A03974,6
P04526,A12221,7
P04526,A12222,8
P04526,A12223,9
P04526,A12224,10
P04527,A12225,1
P04527,A12226,2
P04527,A12227,3
P04527,A12228,4
P04527,A02786,5
P04527,A02784,6
P04527,A01323,7
P04527,A12229,8
P04527,A12230,9
P04528,A05435,1
P04528,A12231,2
P04528,A12232,3
P04528,A12233,4
P04528,A12234,5
P04528,A07432,6
P04528,A07433,7
P04529,A10027,1
P04529,A08192,2
P04529,A10028,3
P04529,A12235,4
P04530,A04209,1
P04530,A12236,2
P04530,A12237,3
P04531,A04192,1
P04531,A00585,2
P04531,A04241,3
P04531,A04186,4
P04532,A04192,1
P04532,A00585,2
P04532,A00543,3
P04533,A07308,1
P04533,A02600,2
P04533,A04821,3
P04533,A12238,4
P04533,A05515,5
P04533,A04437,6
P04533,A12239,7
P04534,A11118,1
P04534,A11117,2
P04534,A12240,3
P04534,A11119,4
P04534,A12241,5
P04534,A12242,6
P04534,A12243,7
P04534,A12244,8
P04534,A12245,9
P04534,A12246,10
P04534,A12247,11
P04534,A11120,12
P04534,A12248,13
P04535,A12249,1
P04535,A01632,2
P04536,A03683,1
P04536,A12250,2
P04536,A12251,3
P04536,A12252,4
P04536,A03166,5
P04537,A12253,1
P04537,A12254,2
P04538,A12255,1
P04538,A12256,2
P04538,A12257,3
P04538,A10640,4
P04539,A07818,1
P04539,A01943,2
P04539,A03003,3
P04539,A05912,4
P04539,A04767,5
P04539,A04296,6
P04540,A10287,1
P04540,A07214,2
P04541,A12258,1
P04541,A12259,2
P04541,A02889,3
P04541,A12260,4
P04541,A12261,5
P04542,A01786,1
P04542,A02435,2
P04542,A03132,3
P04542,A01045,4
P04542,A12262,5
P04542,A07004,6
P04542,A02436,7
P04542,A00151,8
P04542,A00292,9
P04542,A03828,10
P04542,A05345,11
P04543,A12263,1
P04543,A12264,2
P04544,A12265,1
P04544,A07223,2
P04544,A04006,3
P04544,A07222,4
P04544,A06756,5
P04544,A03684,6
P04544,A09690,7
P04544,A12266,8
P04544,A10113,9
P04544,A11259,10
P04545,A12267,1
P04545,A01095,2
P04545,A06566,3
P04545,A01409,4
P04545,A01010,5
P04545,A00180,6
P04545,A03883,7
P04546,A10154,1
P04546,A03010,2
P04546,A04063,3
P04546,A10052,4
P04546,A04985,5
P04546,A12268,6
P04546,A07484,7
P04547,A09573,1
P04547,A04676,2
P04547,A09574,3
P04547,A09575,4
P04548,A07818,1
P04548,A01943,2
P04548,A06594,3
P04549,A12269,1
P04549,A12270,2
P04549,A12271,3
P04549,A12272,4
P04549,A12273,5
P04549,A12274,6
P04550,A05707,1
P04550,A12275,2
P04551,A03003,1
P04551,A01009,2
P04551,A03734,3
P04551,A11234,4
P04551,A01084,5
P04551,A00762,6
P04551,A00597,7
P04551,A01039,8
P04552,A11180,1
P04552,A04355,2
P04552,A04562,3
P04552,A12276,4
P04553,A12277,1
P04553,A05609,2
P04553,A12278,3
P04553,A12279,4
P04554,A12280,1
P04554,A02681,2
P04554,A03296,3
P04554,A05680,4
P04554,A05685,5
P04555,A09507,1
P04555,A12281,2
P04555,A12282,3
P04555,A12283,4
P04555,A12284,5
P04556,A10403,1
P04556,A05286,2
P04556,A07527,3
P04556,A02094,4
P04557,A12285,1
P04557,A04186,2
P04557,A09071,3
P04557,A05000,4
P04557,A07336,5
P04557,A00591,6
P04557,A09180,7
P04558,A12286,1
P04558,A12287,2
P04558,A12288,3
P04559,A12289,1
P04559,A08899,2
P04560,A11732,1
P04560,A11733,2
P04560,A10942,3
P04560,A11734,4
P04560,A12290,5
P04560,A12291,6
P04560,A12292,7
P04561,A12293,1
P04561,A12294,2
P04561,A09266,3
P04561,A12295,4
P04561,A12296,5
P04561,A12297,6
P04561,A04820,7
P04561,A09549,8
P04561,A02808,9
P04562,A12298,1
P04562,A06170,2
P04562,A10377,3
P04562,A07378,4
P04562,A10378,5
P04562,A00500,6
P04562,A12299,7
P04562,A10376,8
P04562,A12300,9
P04562,A07380,10
P04562,A12301,11
P04562,A12302,12
P04562,A12303,13
P04562,A12304,14
P04562,A12305,15
P04562,A12306,16
P04562,A12307,17
P04562,A12308,18
P04562,A12309,19
P04562,A12310,20
P04562,A12311,21
P04562,A12312,22
P04562,A12313,23
P04562,A12314,24
P04562,A12315,25
P04562,A06152,26
P04562,A12316,27
P04562,A12317,28
P04562,A12318,29
P04562,A12319,30
P04562,A12320,31
P04562,A12321,32
P04562,A12322,33
P04562,A12323,34
P04563,A12324,1
P04563,A07293,2
P04563,A12325,3
P04563,A12326,4
P04563,A12327,5
P04563,A12328,6
P04563,A12329,7
P04563,A12330,8
P04563,A12331,9
P04563,A12332,10
P04564,A12333,1
P04564,A05907,2
P04564,A12334,3
P04564,A12335,4
P04564,A12336,5
P04564,A12337,6
P04564,A12338,7
P04565,A07938,1
P04565,A12339,2
P04565,A12340,3
P04565,A12341,4
P04566,A12342,1
P04566,A06830,2
P04566,A04950,3
P04566,A04552,4
P04566,A12343,5
P04566,A04750,6
P04566,A02023,7
P04566,A00990,8
P04567,A12344,1
P04567,A02741,2
P04567,A07167,3
P04567,A07621,4
P04567,A00757,5
P04568,A12345,1
P04568,A12346,2
P04568,A12347,3
P04568,A12348,4
P04568,A12349,5
P04568,A12350,6
P04568,A12351,7
P04568,A10973,8
P04569,A12352,1
P04569,A00406,2
P04569,A12353,3
P04570,A11955,1
P04570,A00922,2
P04570,A00762,3
P04570,A08058,4
P04570,A04977,5
P04570,A03497,6
P04570,A02024,7
P04571,A10654,1
P04571,A10835,2
P04571,A00709,3
P04571,A11884,4
P04571,A11885,5
P04572,A12354,1
P04572,A01073,2
P04572,A01039,3
P04572,A01540,4
P04572,A00585,5
P04573,A12355,1
P04573,A12356,2
P04573,A12357,3
P04574,A11384,1
P04574,A04565,2
P04574,A05556,3
P04574,A02587,4
P04574,A01560,5
P04575,A12358,1
P04575,A12359,2
P04575,A12360,3
P04575,A12361,4
P04575,A04171,5
P04575,A10856,6
P04575,A12362,7
P04576,A12363,1
P04576,A12364,2
P04576,A08328,3
P04576,A02587,4
P04577,A12365,1
P04577,A12366,2
P04578,A12367,1
P04578,A09387,2
P04578,A09780,3
P04578,A04189,4
P04578,A12368,5
P04578,A06756,6
P04579,A12369,1
P04579,A12370,2
P04579,A08907,3
P04579,A12371,4
P04579,A12372,5
P04579,A09237,6
P04579,A05474,7
P04579,A12373,8
P04579,A12374,9
P04579,A12375,10
P04579,A12376,11
P04579,A12377,12
P04579,A07769,13
P04579,A09504,14
P04580,A01430,1
P04580,A00815,2
P04581,A12378,1
P04581,A02594,2
P04581,A00992,3
P04581,A03580,4
P04581,A05664,5
P04581,A04686,6
P04581,A04307,7
P04582,A07668,1
P04582,A00863,2
P04582,A01743,3
P04582,A00922,4
P04582,A12379,5
P04582,A01359,6
P04582,A12380,7
P04582,A12381,8
P04583,A06385,1
P04583,A03003,2
P04583,A01943,3
P04583,A08383,4
P04583,A02887,5
P04584,A05912,1
P04584,A01430,2
P04584,A06385,3
P04584,A01943,4
P04584,A04617,5
P04584,A01201,6
P04584,A03214,7
P04584,A03003,8
P04584,A08383,9
P04584,A09086,10
P04584,A09582,11
P04585,A06931,1
P04585,A08943,2
P04585,A03672,3
P04585,A02847,4
P04585,A01607,5
P04585,A01663,6
P04586,A02779,1
P04586,A07005,2
P04586,A12382,3
P04587,A12383,1
P04587,A12384,2
P04587,A12385,3
P04587,A12386,4
P04587,A12387,5
P04587,A12388,6
P04587,A12389,7
P04587,A02935,8
P04588,A12390,1
P04588,A03690,2
P04588,A12391,3
P04588,A12392,4
P04588,A12393,5
P04588,A05516,6
P04588,A02212,7
P04588,A12394,8
P04588,A02597,9
P04588,A03693,10
P04588,A04802,11
P04589,A06669,1
P04589,A00408,2
P04590,A12395,1
P04590,A12396,2
P04590,A12397,3
P04591,A12398,1
P04591,A12399,2
P04591,A07172,3
P04591,A10316,4
P04591,A03682,5
P04591,A12400,6
P04591,A02359,7
P04592,A12401,1
P04592,A12402,2
P04592,A12403,3
P04593,A12280,1
P04593,A02681,2
P04593,A03296,3
P04593,A05680,4
P04593,A12404,5
P04593,A12405,6
P04593,A05685,7
P04594,A12406,1
P04594,A12407,2
P04594,A12030,3
P04594,A02822,4
P04594,A11341,5
P04594,A11340,6
P04594,A12408,7
P04594,A05756,8
P04594,A10662,9
P04595,A12409,1
P04595,A01312,2
P04595,A06970,3
P04595,A12173,4
P04595,A02125,5
P04595,A06969,6
P04595,A06968,7
P04596,A12410,1
P04596,A10707,2
P04596,A10718,3
P04597,A01668,1
P04597,A11637,2
P04597,A04589,3
P04597,A11179,4
P04597,A12411,5
P04597,A12412,6
P04598,A00692,1
P04598,A12413,2
P04598,A12414,3
P04598,A02457,4
P04598,A02870,5
P04598,A03003,6
P04598,A04296,7
P04598,A06889,8
P04598,A01715,9
P04598,A07628,10
P04598,A00922,11
P04598,A06128,12
P04598,A00655,13
P04599,A09921,1
P04599,A01774,2
P04599,A02741,3
P04599,A02807,4
P04599,A07621,5
P04599,A10488,6
P04599,A04194,7
P04599,A04205,8
P04600,A10154,1
P04600,A04063,2
P04600,A03010,3
P04600,A10052,4
P04600,A04985,5
P04600,A12268,6
P04601,A12415,1
P04601,A12416,2
P04601,A12417,3
P04602,A12418,1
P04602,A00915,2
P04602,A01533,3
P04602,A03822,4
P04602,A00815,5
P04603,A03436,1
P04603,A03003,2
P04603,A03214,3
P04603,A03653,4
P04603,A03672,5
P04603,A01084,6
P04603,A00815,7
P04603,A01039,8
P04604,A09962,1
P04604,A02436,2
P04605,A12419,1
P04605,A12420,2
P04605,A12421,3
P04605,A12422,4
P04605,A12423,5
P04606,A12195,1
P04606,A02436,2
P04606,A01782,3
P04606,A04740,4
P04606,A00292,5
P04606,A05375,6
P04606,A06255,7
P04606,A00151,8
P04606,A06253,9
P04607,A08378,1
P04607,A12424,2
P04607,A05353,3
P04607,A03296,4
P04607,A10739,5
P04607,A04734,6
P04607,A10747,7
P04607,A02681,8
P04607,A10740,9
P04607,A07884,10
P04607,A10742,11
P04607,A05680,12
P04607,A06381,13
P04607,A08379,14
P04607,A12425,15
P04607,A09180,16
P04607,A05456,17
P04607,A12426,18
P04607,A10746,19
P04607,A04736,20
P04608,A03296,1
P04608,A04734,2
P04608,A10739,3
P04608,A08378,4
P04608,A12424,5
P04608,A07163,6
P04608,A10747,7
P04608,A02681,8
P04608,A10740,9
P04608,A07884,10
P04608,A10742,11
P04608,A05680,12
P04608,A06381,13
P04608,A08379,14
P04608,A12425,15
P04608,A09180,16
P04608,A05456,17
P04608,A12426,18
P04608,A10746,19
P04608,A04736,20
P04609,A12427,1
P04609,A12428,2
P04609,A07173,3
P04609,A06776,4
P04609,A04016,5
P04609,A12429,6
P04609,A04163,7
P04609,A06775,8
P04610,A05742,1
P04610,A12430,2
P04610,A04253,3
P04610,A10658,4
P04610,A12431,5
P04611,A12432,1
P04611,A12433,2
P04611,A05075,3
P04611,A02022,4
P04611,A00554,5
P04612,A10696,1
P04612,A00597,2
P04613,A12434,1
P04613,A12435,2
P04613,A06653,3
P04614,A12436,1
P04614,A03003,2
P04614,A12437,3
P04614,A03981,4
P04614,A07718,5
P04614,A00762,6
P04614,A00597,7
P04615,A09421,1
P04615,A02402,2
P04615,A08424,3
P04615,A00691,4
P04616,A12438,1
P04616,A05301,2
P04616,A04814,3
P04616,A12439,4
P04617,A03309,1
P04617,A02587,2
P04617,A06816,3
P04617,A01560,4
P04618,A12440,1
P04618,A04623,2
P04618,A04624,3
P04618,A12441,4
P04619,A06798,1
P04619,A12442,2
P04619,A10654,3
P04619,A12443,4
P04619,A12444,5
P04619,A06905,6
P04619,A06083,7
P04619,A01016,8
P04620,A10323,1
P04620,A06594,2
P04620,A04648,3
P04620,A08176,4
P04620,A07683,5
P04621,A11470,1
P04621,A02359,2
P04621,A12445,3
P04621,A12446,4
P04621,A12447,5
P04621,A12448,6
P04621,A12449,7
P04621,A05611,8
P04621,A01607,9
P04621,A12450,10
P04621,A12451,11
P04621,A12452,12
P04621,A12453,13
P04622,A03405,1
P04622,A02590,2
P04622,A00757,3
P04623,A00151,1
P04624,A12454,1
P04624,A12455,2
P04625,A06083,1
P04625,A06905,2
P04625,A00709,3
P04625,A01536,4
P04625,A02689,5
P04625,A01560,6
P04626,A12456,1
P04626,A08943,2
P04626,A04617,3
P04626,A08383,4
P04626,A07681,5
P04626,A11177,6
P04626,A12259,7
P04627,A10403,1
P04627,A05286,2
P04627,A07527,3
P04627,A02094,4
P04627,A04205,5
P04627,A11884,6
P04627,A10506,7
P04627,A04922,8
P04627,A02096,9
P04628,A04186,1
P04628,A09180,2
P04628,A10051,3
P04628,A00757,4
P04628,A02963,5
P04628,A05828,6
P04628,A06578,7
P04628,A05411,8
P04628,A03309,9
P04628,A12457,10
P04628,A01179,11
P04628,A04193,12
P04628,A12458,13
P04628,A02962,14
P04628,A11221,15
P04628,A08261,16
P04628,A08378,17
P04628,A09179,18
P04629,A12459,1
P04629,A12460,2
P04629,A12461,3
P04629,A12462,4
P04629,A12463,5
P04629,A12464,6
P04629,A12465,7
P04629,A12466,8
P04629,A12467,9
P04629,A12468,10
P04629,A11893,11
P04629,A12469,12
P04629,A12470,13
P04629,A12471,14
P04630,A12472,1
P04630,A12473,2
P04630,A05607,3
P04630,A09681,4
P04630,A07007,5
P04630,A04518,6
P04631,A11503,1
P04631,A12474,2
P04631,A11508,3
P04631,A11504,4
P04631,A11505,5
P04631,A06205,6
P04631,A12206,7
P04631,A11510,8
P04631,A12475,9
P04631,A12476,10
P04631,A12477,11
P04631,A12478,12
P04632,A03672,1
P04632,A05319,2
P04632,A04526,3
P04632,A05912,4
P04632,A01943,5
P04633,A12479,1
P04633,A12480,2
P04633,A11316,3
P04633,A12481,4
P04633,A12482,5
P04633,A12483,6
P04633,A12484,7
P04634,A00543,1
P04634,A01036,2
P04635,A02521,1
P04635,A00479,2
P04635,A01482,3
P04635,A01840,4
P04635,A12485,5
P04635,A12486,6
P04635,A08472,7
P04635,A12487,8
P04635,A12488,9
P04635,A12489,10
P04635,A12490,11
P04635,A12491,12
P04635,A12492,13
P04636,A12493,1
P04636,A12494,2
P04636,A12495,3
P04636,A12496,4
P04636,A12497,5
P04636,A12498,6
P04636,A12499,7
P04636,A12500,8
P04636,A12501,9
P04636,A12502,10
P04636,A12503,11
P04636,A12504,12
P04636,A12505,13
P04636,A12506,14
P04636,A12507,15
P04636,A12508,16
P04636,A12509,17
P04636,A12510,18
P04636,A12511,19
P04636,A12512,20
P04636,A12513,21
P04636,A12514,22
P04637,A12249,1
P04637,A01632,2
P04638,A07818,1
P04638,A01943,2
P04638,A11178,3
P04638,A04648,4
P04638,A06594,5
P04638,A08094,6
P04639,A11307,1
P04639,A12515,2
P04639,A12516,3
P04639,A12517,4
P04639,A12518,5
P04639,A12519,6
P04639,A12520,7
P04639,A12521,8
P04639,A12522,9
P04639,A09970,10
P04639,A12523,11
P04640,A12524,1
P04640,A12525,2
P04640,A12526,3
P04640,A02600,4
P04640,A06653,5
P04641,A12527,1
P04641,A10232,2
P04641,A10233,3
P04641,A12528,4
P04641,A12529,5
P04641,A12530,6
P04641,A10235,7
P04641,A10236,8
P04641,A10237,9
P04641,A12531,10
P04642,A05579,1
P04642,A08177,2
P04643,A10360,1
P04643,A05680,2
P04643,A12532,3
P04643,A03296,4
P04644,A01729,1
P04644,A01730,2
P04644,A00988,3
P04644,A02274,4
P04644,A04461,5
P04644,A01731,6
P04644,A12533,7
P04644,A00264,8
P04644,A02747,9
P04644,A07793,10
P04645,A10654,1
P04645,A11884,2
P04645,A11885,3
P04645,A10835,4
P04645,A04186,5
P04645,A12534,6
P04645,A12535,7
P04645,A09810,8
P04645,A10836,9
P04645,A09160,10
P04645,A00815,11
P04645,A00709,12
P04646,A10654,1
P04646,A11885,2
P04646,A11884,3
P04646,A10835,4
P04646,A10227,5
P04646,A09160,6
P04646,A00815,7
P04646,A00709,8
P04647,A02590,1
P04647,A10371,2
P04647,A03405,3
P04647,A00757,4
P04648,A12536,1
P04648,A00408,2
P04648,A01743,3
P04648,A10814,4
P04648,A06776,5
P04649,A07236,1
P04649,A09594,2
P04649,A12537,3
P04649,A12538,4
P04649,A12539,5
P04649,A11950,6
P04649,A02522,7
P04650,A12540,1
P04650,A12541,2
P04650,A12542,3
P04651,A03822,1
P04651,A03003,2
P04651,A01533,3
P04651,A02972,4
P04651,A03401,5
P04651,A04565,6
P04651,A05207,7
P04651,A12543,8
P04651,A08334,9
P04651,A10014,10
P04651,A12544,11
P04651,A00762,12
P04652,A12545,1
P04652,A01690,2
P04652,A06275,3
P04652,A04313,4
P04652,A05556,5
P04652,A02678,6
P04652,A00934,7
P04653,A12546,1
P04653,A12547,2
P04653,A12548,3
P04654,A12549,1
P04654,A00922,2
P04654,A02024,3
P04654,A01067,4
P04654,A12214,5
P04654,A12025,6
P04654,A09218,7
P04654,A06577,8
P04655,A11996,1
P04655,A11990,2
P04655,A10726,3
P04655,A11992,4
P04655,A12550,5
P04655,A11993,6
P04656,A12551,1
P04656,A12552,2
P04656,A11448,3
P04656,A03997,4
P04657,A12553,1
P04657,A12554,2
P04657,A12555,3
P04657,A12556,4
P04657,A12557,5
P04657,A12558,6
P04657,A12559,7
P04657,A12560,8
P04657,A12561,9
P04658,A12164,1
P04658,A08450,2
P04658,A08449,3
P04658,A11156,4
P04658,A12167,5
P04659,A09516,1
P04659,A12562,2
P04659,A09513,3
P04659,A05450,4
P04659,A09514,5
P04659,A09512,6
P04659,A05554,7
P04659,A12563,8
P04659,A09511,9
P04659,A09517,10
P04659,A12564,11
P04659,A09515,12
P04660,A12565,1
P04660,A05102,2
P04660,A12566,3
P04660,A12567,4
P04660,A12568,5
P04660,A12569,6
P04660,A12570,7
P04660,A12571,8
P04661,A12572,1
P04661,A12573,2
P04662,A12574,1
P04662,A05835,2
P04662,A06360,3
P04662,A12575,4
P04662,A06986,5
P04662,A02782,6
P04663,A09436,1
P04663,A02579,2
P04663,A00439,3
P04664,A12576,1
P04664,A12577,2
P04664,A12578,3
P04664,A12579,4
P04664,A12580,5
P04664,A12581,6
P04664,A12582,7
P04664,A12583,8
P04664,A12584,9
P04664,A02423,10
P04664,A04733,11
P04665,A12585,1
P04665,A12586,2
P04665,A07898,3
P04665,A06356,4
P04665,A12587,5
P04666,A12588,1
P04666,A12589,2
P04666,A12590,3
P04666,A12591,4
P04666,A12592,5
P04666,A12593,6
P04666,A02960,7
P04666,A12594,8
P04666,A12595,9
P04667,A12596,1
P04667,A12597,2
P04667,A12598,3
P04667,A12599,4
P04667,A12600,5
P04667,A12601,6
P04667,A12602,7
P04668,A10828,1
P04668,A05115,2
P04668,A05116,3
P04668,A11964,4
P04668,A12603,5
P04669,A12604,1
P04669,A12605,2
P04669,A09781,3
P04669,A12606,4
P04669,A12607,5
P04669,A10897,6
P04669,A07412,7
P04669,A12608,8
P04669,A12609,9
P04669,A12610,10
P04670,A12611,1
P04670,A12612,2
P04670,A12613,3
P04670,A12614,4
P04670,A12615,5
P04670,A12616,6
P04670,A12617,7
P04670,A12618,8
P04671,A12619,1
P04671,A12620,2
P04671,A12621,3
P04671,A12622,4
P04672,A12623,1
P04672,A12624,2
P04672,A12625,3
P04672,A12626,4
P04672,A12627,5
P04672,A12628,6
P04672,A12629,7
P04672,A12630,8
P04672,A07970,9
P04673,A12631,1
P04673,A12632,2
P04673,A12633,3
P04673,A12634,4
P04673,A12635,5
P04673,A12636,6
P04673,A12637,7
P04674,A12638,1
P04674,A12639,2
P04674,A12640,3
P04674,A12641,4
P04674,A12642,5
P04674,A12643,6
P04674,A12644,7
P04674,A12645,8
P04674,A12646,9
P04675,A12647,1
P04675,A04355,2
P04675,A11180,3
P04676,A12648,1
P04676,A12649,2
P04676,A12650,3
P04677,A09936,1
P04677,A04189,2
P04677,A12651,3
P04677,A12652,4
P04677,A06756,5
P04677,A09387,6
P04677,A08365,7
P04677,A09522,8
P04677,A00757,9
P04677,A02094,10
P04677,A01201,11
P04677,A09780,12
P04677,A12653,13
P04678,A12654,1
P04678,A12655,2
P04678,A12656,3
P04678,A12657,4
P04678,A12658,5
P04678,A12659,6
P04678,A12660,7
P04678,A12661,8
P04678,A12662,9
P04678,A12663,10
P04678,A12664,11
P04678,A12665,12
P04678,A09572,13
P04678,A12666,14
P04679,A12667,1
P04679,A12668,2
P04679,A12669,3
P04679,A12670,4
P04680,A12671,1
P04680,A07829,2
P04680,A12672,3
P04680,A05057,4
P04681,A12673,1
P04681,A12674,2
P04681,A12675,3
P04681,A01774,4
P04681,A06754,5
P04681,A12676,6
P04681,A11858,7
P04682,A12677,1
P04682,A12678,2
P04683,A12679,1
P04683,A03325,2
P04683,A03684,3
P04684,A01430,1
P04684,A01878,2
P04684,A00815,3
P04685,A12680,1
P04685,A12681,2
P04685,A12682,3
P04685,A07953,4
P04685,A06748,5
P04685,A12683,6
P04686,A02069,1
P04686,A12684,2
P04686,A09681,3
P04686,A04173,4
P04686,A06928,5
P04686,A01865,6
P04686,A09475,7
P04686,A12685,8
P04686,A12686,9
P04686,A05738,10
P04686,A01052,11
P04687,A08899,1
P04688,A07214,1
P04688,A10287,2
P04688,A12687,3
P04688,A00274,4
P04688,A07826,5
P04688,A06812,6
P04688,A00579,7
P04688,A12688,8
P04688,A12689,9
P04689,A12690,1
P04689,A06045,2
P04689,A12691,3
P04689,A06043,4
P04689,A12692,5
P04689,A10922,6
P04690,A12693,1
P04690,A12694,2
P04690,A12695,3
P04691,A12693,1
P04691,A07559,2
P04691,A12695,3
P04691,A04186,4
P04692,A01073,1
P04692,A10399,2
P04692,A00732,3
P04693,A02454,1
P04693,A12696,2
P04694,A03383,1
P04694,A03301,2
P04694,A02282,3
P04694,A06760,4
P04694,A12697,5
P04694,A01607,6
P04694,A00715,7
P04694,A02096,8
P04695,A08003,1
P04695,A07362,2
P04695,A04584,3
P04695,A07363,4
P04695,A08129,5
P04695,A08132,6
P04695,A07361,7
P04695,A04583,8
P04695,A04582,9
P04695,A01773,10
P04695,A07892,11
P04695,A12698,12
P04696,A12699,1
P04696,A12700,2
P04696,A12701,3
P04697,A12702,1
P04697,A07362,2
P04697,A07361,3
P04697,A07363,4
P04697,A12703,5
P04697,A12704,6
P04697,A12705,7
P04698,A12706,1
P04698,A05165,2
P04698,A05166,3
P04698,A01472,4
P04698,A12707,5
P04698,A12708,6
P04698,A02683,7
P04698,A02684,8
P04698,A10583,9
P04699,A12693,1
P04699,A07559,2
P04699,A12709,3
P04699,A08967,4
P04699,A05711,5
P04699,A08963,6
P04699,A12710,7
P04700,A12711,1
P04700,A00927,2
P04700,A01782,3
P04700,A05142,4
P04700,A12712,5
P04700,A11162,6
P04701,A02893,1
P04701,A03003,2
P04701,A00791,3
P04701,A12713,4
P04701,A09216,5
P04701,A03401,6
P04701,A03734,7
P04701,A01690,8
P04701,A00815,9
P04701,A09217,10
P04701,A01009,11
P04702,A12714,1
P04702,A12715,2
P04702,A12716,3
P04702,A12717,4
P04702,A12718,5
P04702,A12719,6
P04703,A06181,1
P04703,A12720,2
P04703,A12721,3
P04703,A05483,4
P04703,A12722,5
P04703,A12723,6
P04703,A02396,7
P04703,A12724,8
P04703,A04708,9
P04703,A12725,10
P04703,A12090,11
P04703,A12726,12
P04703,A10567,13
P04704,A10815,1
P04704,A03265,2
P04704,A01759,3
P04704,A06761,4
P04704,A02782,5
P04704,A02204,6
P04704,A10816,7
P04704,A07667,8
P04704,A04135,9
P04704,A08964,10
P04704,A12727,11
P04704,A04622,12
P04704,A01817,13
P04704,A02205,14
P04704,A06950,15
P04704,A05178,16
P04704,A06836,17
P04705,A10654,1
P04705,A02719,2
P04705,A10835,3
P04705,A00709,4
P04705,A10836,5
P04705,A09160,6
P04705,A12728,7
P04705,A02889,8
P04705,A01817,9
P04705,A06950,10
P04705,A07113,11
P04705,A03835,12
P04705,A02204,13
P04705,A12729,14
P04705,A05178,15
P04705,A11884,16
P04705,A06836,17
P04705,A07114,18
P04705,A02205,19
P04706,A12730,1
P04706,A05319,2
P04706,A04526,3
P04706,A06623,4
P04706,A01943,5
P04707,A05178,1
P04707,A12731,2
P04707,A12729,3
P04707,A06835,4
P04707,A02205,5
P04707,A06950,6
P04707,A01817,7
P04707,A05749,8
P04707,A06836,9
P04707,A09869,10
P04707,A02798,11
P04707,A09689,12
P04707,A10126,13
P04707,A02204,14
P04707,A02858,15
P04708,A12732,1
P04708,A12733,2
P04708,A12734,3
P04709,A06321,1
P04709,A10036,2
P04709,A07195,3
P04709,A05223,4
P04709,A12735,5
P04709,A12736,6
P04709,A00543,7
P04709,A12737,8
P04710,A12738,1
P04710,A00041,2
P04710,A12739,3
P04710,A12740,4
P04711,A12741,1
P04711,A12742,2
P04711,A12743,3
P04711,A04071,4
P04711,A12744,5
P04711,A07689,6
P04711,A12745,7
P04711,A12746,8
P04712,A12747,1
P04713,A12748,1
P04713,A05867,2
P04713,A11809,3
P04713,A12280,4
P04713,A02096,5
P04714,A07939,1
P04714,A06616,2
P04714,A12749,3
P04714,A12750,4
P04715,A10403,1
P04715,A05286,2
P04715,A11884,3
P04715,A08336,4
P04715,A03296,5
P04715,A02094,6
P04715,A10654,7
P04715,A07527,8
P04715,A00709,9
P04716,A12751,1
P04716,A12752,2
P04716,A12753,3
P04716,A12754,4
P04716,A12755,5
P04716,A12756,6
P04716,A12757,7
P04716,A12758,8
P04716,A12759,9
P04716,A12760,10
P04716,A12761,11
P04716,A12762,12
P04717,A12763,1
P04717,A12764,2
P04717,A12765,3
P04717,A03263,4
P04717,A12766,5
P04717,A03156,6
P04717,A05127,7
P04718,A12767,1
P04719,A12768,1
P04719,A06392,2
P04719,A03437,3
P04719,A12769,4
P04719,A12445,5
P04719,A02359,6
P04720,A11640,1
P04720,A06043,2
P04720,A10547,3
P04720,A10904,4
P04720,A11927,5
P04720,A12770,6
P04721,A12771,1
P04721,A12772,2
P04721,A12773,3
P04721,A12774,4
P04722,A03436,1
P04722,A03653,2
P04722,A12775,3
P04722,A06987,4
P04722,A03214,5
P04722,A03003,6
P04722,A03672,7
P04722,A01943,8
P04722,A00762,9
P04723,A12776,1
P04723,A12777,2
P04723,A12778,3
P04724,A10508,1
P04724,A03672,2
P04724,A04767,3
P04724,A12779,4
P04724,A00591,5
P04724,A01663,6
P04725,A12780,1
P04725,A12781,2
P04725,A12782,3
P04725,A12783,4
P04725,A12784,5
P04725,A12785,6
P04725,A12786,7
P04725,A12787,8
P04725,A12788,9
P04725,A12789,10
P04725,A08799,11
P04725,A12790,12
P04725,A12791,13
P04725,A12792,14
P04725,A12793,15
P04725,A12794,16
P04725,A12795,17
P04725,A12796,18
P04725,A12797,19
P04725,A12798,20
P04725,A12799,21
P04725,A12800,22
P04725,A12801,23
P04725,A12802,24
P04725,A12803,25
P04725,A12804,26
P04725,A12805,27
P04725,A12806,28
P04725,A12807,29
P04725,A12808,30
P04725,A12809,31
P04725,A12810,32
P04725,A12811,33
P04725,A12812,34
P04725,A12813,35
P04725,A08830,36
P04725,A12814,37
P04725,A08874,38
P04725,A00887,39
P04725,A08877,40
P04725,A12815,41
P04725,A06005,42
P04726,A12816,1
P04726,A12817,2
P04726,A12499,3
P04726,A12818,4
P04726,A12819,5
P04726,A12820,6
P04727,A06198,1
P04727,A12821,2
P04727,A06199,3
P04727,A09643,4
P04727,A06202,5
P04727,A12822,6
P04727,A06203,7
P04728,A12823,1
P04728,A12824,2
P04728,A12825,3
P04728,A12826,4
P04728,A12827,5
P04729,A12828,1
P04729,A05182,2
P04729,A12829,3
P04729,A05180,4
P04729,A04162,5
P04729,A12830,6
P04729,A12831,7
P04729,A05184,8
P04729,A12832,9
P04729,A12833,10
P04729,A05183,11
P04729,A12834,12
P04729,A01713,13
P04729,A02747,14
P04729,A12835,15
P04730,A12402,1
P04730,A12401,2
P04730,A12403,3
P04731,A12836,1
P04731,A12837,2
P04731,A00927,3
P04731,A07267,4
P04731,A05179,5
P04731,A01033,6
P04732,A12838,1
P04732,A12839,2
P04732,A12840,3
P04732,A12841,4
P04732,A12842,5
P04732,A12843,6
P04732,A12844,7
P04732,A12845,8
P04732,A12846,9
P04732,A12847,10
P04732,A12848,11
P04733,A12849,1
P04733,A05829,2
P04733,A03003,3
P04733,A05830,4
P04733,A05742,5
P04733,A07222,6
P04733,A12850,7
P04733,A10025,8
P04733,A05549,9
P04733,A02283,10
P04733,A12851,11
P04733,A04526,12
P04733,A00597,13
P04734,A12852,1
P04734,A12853,2
P04734,A12854,3
P04734,A12855,4
P04734,A12856,5
P04734,A12857,6
P04734,A12858,7
P04734,A12859,8
P04734,A12860,9
P04734,A12861,10
P04734,A12862,11
P04734,A12863,12
P04734,A12864,13
P04734,A12865,14
P04734,A12866,15
P04735,A10840,1
P04735,A10838,2
P04735,A10837,3
P04735,A02806,4
P04735,A00030,5
P04735,A10841,6
P04735,A12867,7
P04735,A02808,8
P04736,A12868,1
P04736,A03379,2
P04736,A12869,3
P04737,A10310,1
P04737,A08962,2
P04737,A01430,3
P04737,A10949,4
P04737,A12870,5
P04737,A05831,6
P04737,A12871,7
P04737,A12872,8
P04737,A07208,9
P04737,A12873,10
P04737,A12874,11
P04737,A12875,12
P04737,A04206,13
P04737,A12876,14
P04738,A11518,1
P04738,A11519,2
P04738,A12877,3
P04739,A12393,1
P04739,A02597,2
P04739,A02798,3
P04739,A04614,4
P04739,A07188,5
P04739,A02598,6
P04739,A03690,7
P04739,A01772,8
P04739,A07182,9
P04739,A07183,10
P04739,A09689,11
P04739,A10126,12
P04739,A10352,13
P04739,A12878,14
P04739,A10151,15
P04740,A10780,1
P04740,A06672,2
P04740,A05358,3
P04741,A10654,1
P04741,A10835,2
P04741,A00709,3
P04741,A12575,4
P04741,A11884,5
P04741,A04734,6
P04741,A02719,7
P04741,A07113,8
P04741,A10371,9
P04741,A00757,10
P04741,A07114,11
P04741,A02204,12
P04741,A12729,13
P04741,A05178,14
P04741,A01817,15
P04741,A02858,16
P04741,A06836,17
P04742,A10654,1
P04742,A10835,2
P04742,A00709,3
P04742,A01663,4
P04742,A04734,5
P04742,A11884,6
P04742,A02719,7
P04742,A02271,8
P04743,A08336,1
P04743,A09552,2
P04743,A03403,3
P04743,A00757,4
P04743,A02587,5
P04744,A12879,1
P04745,A12880,1
P04745,A12881,2
P04745,A12882,3
P04746,A10914,1
P04746,A10913,2
P04746,A06257,3
P04746,A12883,4
P04746,A12884,5
P04746,A12885,6
P04747,A08322,1
P04747,A07942,2
P04747,A12886,3
P04747,A12887,4
P04747,A12888,5
P04748,A12889,1
P04748,A03874,2
P04748,A11209,3
P04748,A12890,4
P04749,A12402,1
P04749,A12401,2
P04749,A12403,3
P04750,A12891,1
P04750,A12892,2
P04750,A12893,3
P04750,A12894,4
P04750,A12895,5
P04750,A12896,6
P04750,A12897,7
P04750,A12898,8
P04750,A12899,9
P04750,A12900,10
P04750,A12901,11
P04750,A12902,12
P04750,A12903,13
P04750,A12904,14
P04750,A12905,15
P04751,A12906,1
P04751,A03881,2
P04751,A00597,3
P04752,A12907,1
P04752,A07964,2
P04752,A12908,3
P04752,A12909,4
P04752,A12910,5
P04752,A08959,6
P04753,A05166,1
P04753,A03648,2
P04753,A04263,3
P04753,A12706,4
P04753,A05165,5
P04753,A12911,6
P04753,A10294,7
P04753,A03978,8
P04753,A01472,9
P04753,A12912,10
P04753,A07169,11
P04753,A12913,12
P04753,A01471,13
P04753,A04531,14
P04753,A12914,15
P04753,A12915,16
P04753,A12916,17
P04753,A12917,18
P04754,A12918,1
P04754,A10897,2
P04754,A12919,3
P04754,A07412,4
P04754,A12920,5
P04754,A10898,6
P04754,A12921,7
P04754,A12922,8
P04754,A10896,9
P04755,A02069,1
P04755,A04173,2
P04755,A12923,3
P04755,A12924,4
P04755,A00917,5
P04756,A10228,1
P04756,A03003,2
P04756,A12925,3
P04756,A08300,4
P04756,A12926,5
P04756,A01039,6
P04757,A02719,1
P04757,A02660,2
P04757,A04677,3
P04758,A02678,1
P04758,A05738,2
P04758,A06275,3
P04758,A10132,4
P04758,A02276,5
P04758,A07992,6
P04759,A12927,1
P04759,A12928,2
P04759,A12929,3
P04759,A12930,4
P04760,A05190,1
P04760,A12931,2
P04760,A06802,3
P04760,A12932,4
P04760,A12933,5
P04760,A12934,6
P04760,A12935,7
P04760,A12936,8
P04760,A08171,9
P04760,A12937,10
P04760,A12938,11
P04760,A12939,12
P04760,A12940,13
P04760,A12941,14
P04760,A12942,15
P04760,A12943,16
P04760,A12944,17
P04760,A12945,18
P04760,A08172,19
P04760,A12946,20
P04760,A12947,21
P04760,A12948,22
P04760,A12949,23
P04760,A12950,24
P04760,A08484,25
P04760,A12951,26
P04760,A12952,27
P04760,A12953,28
P04760,A12954,29
P04760,A08157,30
P04760,A12955,31
P04760,A12956,32
P04760,A12957,33
P04760,A12958,34
P04760,A12959,35
P04760,A12960,36
P04760,A12961,37
P04760,A12962,38
P04761,A06931,1
P04761,A01607,2
P04761,A11470,3
P04761,A12963,4
P04761,A05785,5
P04761,A02847,6
P04761,A12400,7
P04761,A11452,8
P04761,A01016,9
P04762,A12964,1
P04762,A12965,2
P04763,A07596,1
P04763,A12966,2
P04763,A11725,3
P04763,A11726,4
P04763,A07594,5
P04763,A11727,6
P04763,A07593,7
P04763,A07595,8
P04764,A05742,1
P04764,A12967,2
P04764,A03003,3
P04764,A10026,4
P04764,A06128,5
P04764,A12968,6
P04764,A12969,7
P04764,A10658,8
P04764,A12431,9
P04765,A04272,1
P04765,A12970,2
P04765,A03849,3
P04765,A12971,4
P04765,A12972,5
P04765,A12973,6
P04765,A12974,7
P04766,A01729,1
P04766,A00647,2
P04766,A05638,3
P04766,A00988,4
P04766,A04134,5
P04766,A01730,6
P04766,A02274,7
P04766,A04461,8
P04766,A12975,9
P04766,A01731,10
P04766,A12533,11
P04766,A06986,12
P04766,A12976,13
P04766,A12977,14
P04766,A00264,15
P04767,A12978,1
P04767,A12979,2
P04767,A12980,3
P04767,A06807,4
P04767,A12981,5
P04767,A12982,6
P04767,A12983,7
P04768,A12984,1
P04768,A07966,2
P04768,A12985,3
P04768,A10301,4
P04768,A12986,5
P04768,A10300,6
P04768,A07967,7
P04769,A11323,1
P04769,A11324,2
P04769,A05338,3
P04769,A10211,4
P04769,A11919,5
P04769,A10815,6
P04769,A12987,7
P04770,A10681,1
P04770,A07673,2
P04770,A03296,3
P04770,A12988,4
P04770,A02681,5
P04771,A12989,1
P04771,A12990,2
P04771,A12991,3
P04771,A12992,4
P04771,A12993,5
P04772,A02695,1
P04772,A08499,2
P04772,A03881,3
P04772,A03151,4
P04772,A02997,5
P04773,A10870,1
P04773,A12994,2
P04773,A10869,3
P04773,A10871,4
P04773,A12995,5
P04773,A12996,6
P04774,A12997,1
P04774,A12998,2
P04774,A11946,3
P04774,A12999,4
P04774,A13000,5
P04774,A13001,6
P04774,A07673,7
P04775,A13002,1
P04775,A13003,2
P04775,A13004,3
P04775,A03216,4
P04775,A13005,5
P04775,A13006,6
P04775,A07680,7
P04775,A13007,8
P04776,A11628,1
P04776,A04186,2
P04776,A03626,3
P04776,A11630,4
P04776,A11632,5
P04776,A12458,6
P04776,A13008,7
P04776,A13009,8
P04776,A13010,9
P04776,A09883,10
P04776,A03060,11
P04776,A13011,12
P04776,A13012,13
P04776,A03875,14
P04777,A07458,1
P04777,A03029,2
P04777,A13013,3
P04778,A03405,1
P04778,A02590,2
P04778,A10371,3
P04778,A00757,4
P04779,A00692,1
P04779,A00931,2
P04779,A02870,3
P04779,A13014,4
P04779,A12414,5
P04779,A06987,6
P04779,A07627,7
P04779,A01715,8
P04779,A04296,9
P04779,A03423,10
P04779,A02095,11
P04780,A09378,1
P04780,A08513,2
P04780,A13015,3
P04780,A03267,4
P04780,A13016,5
P04780,A03208,6
P04780,A13017,7
P04780,A13018,8
P04780,A13019,9
P04780,A13020,10
P04780,A13021,11
P04781,A13022,1
P04781,A06181,2
P04781,A13023,3
P04781,A02396,4
P04781,A13024,5
P04782,A05579,1
P04782,A08177,2
P04783,A13025,1
P04783,A12408,2
P04783,A05339,3
P04783,A11341,4
P04783,A10662,5
P04784,A13026,1
P04784,A13027,2
P04784,A13028,3
P04784,A13029,4
P04784,A13030,5
P04784,A13031,6
P04785,A02521,1
P04785,A00479,2
P04785,A12490,3
P04785,A04946,4
P04785,A12486,5
P04785,A13032,6
P04785,A13033,7
P04785,A08775,8
P04785,A13034,9
P04785,A13035,10
P04785,A12492,11
P04785,A00651,12
P04785,A08780,13
P04785,A13036,14
P04785,A13037,15
P04785,A13038,16
P04785,A13039,17
P04785,A13040,18
P04785,A13041,19
P04785,A13042,20
P04786,A13043,1
P04786,A10567,2
P04786,A13044,3
P04786,A04581,4
P04786,A13045,5
P04786,A13046,6
P04786,A13047,7
P04786,A13048,8
P04787,A13049,1
P04787,A10403,2
P04787,A05286,3
P04787,A03162,4
P04787,A02094,5
P04787,A02562,6
P04788,A08289,1
P04788,A13050,2
P04788,A13051,3
P04789,A13052,1
P04789,A01684,2
P04789,A04978,3
P04789,A05556,4
P04790,A06174,1
P04790,A08264,2
P04790,A13053,3
P04790,A13054,4
P04791,A05863,1
P04792,A13055,1
P04792,A01715,2
P04792,A02870,3
P04792,A00692,4
P04793,A13056,1
P04793,A13057,2
P04793,A13058,3
P04793,A13059,4
P04793,A09516,5
P04793,A13060,6
P04793,A08143,7
P04794,A13061,1
P04794,A11644,2
P04794,A11153,3
P04794,A09057,4
P04794,A11646,5
P04794,A13062,6
P04794,A05552,7
P04794,A13063,8
P04794,A13064,9
P04795,A11250,1
P04795,A04105,2
P04795,A05982,3
P04795,A07743,4
P04795,A13065,5
P04796,A13066,1
P04797,A10371,1
P04797,A03405,2
P04797,A02590,3
P04797,A00757,4
P04798,A12889,1
P04798,A03874,2
P04798,A11209,3
P04798,A04915,4
P04798,A13067,5
P04798,A12887,6
P04798,A12886,7
P04799,A13068,1
P04799,A04765,2
P04799,A13069,3
P04800,A11470,1
P04800,A12398,2
P04800,A12448,3
P04800,A12450,4
P04800,A02359,5
P04800,A13070,6
P04800,A13071,7
P04800,A13072,8
P04800,A06931,9
P04800,A01607,10
P04801,A13073,1
P04801,A03003,2
P04801,A03734,3
P04801,A11234,4
P04801,A01009,5
P04801,A02413,6
P04802,A13074,1
P04803,A13075,1
P04803,A05370,2
P04803,A01866,3
P04803,A13076,4
P04803,A11452,5
P04803,A06383,6
P04803,A05373,7
P04804,A08959,1
P04805,A10450,1
P04805,A00197,2
P04805,A00381,3
P04805,A01855,4
P04805,A10277,5
P04805,A03883,6
P04805,A10548,7
P04805,A01216,8
P04806,A11344,1
P04806,A13077,2
P04806,A01045,3
P04806,A02981,4
P04806,A09689,5
P04806,A13078,6
P04807,A13079,1
P04807,A04172,2
P04807,A13080,3
P04807,A07362,4
P04808,A12984,1
P04808,A07966,2
P04808,A12986,3
P04808,A13081,4
P04808,A10301,5
P04808,A13082,6
P04808,A07967,7
P04809,A13083,1
P04809,A01674,2
P04810,A12693,1
P04810,A13084,2
P04810,A08177,3
P04811,A13085,1
P04811,A06672,2
P04811,A05358,3
P04811,A13086,4
P04811,A13087,5
P04812,A12574,1
P04812,A07506,2
P04813,A12138,1
P04813,A13088,2
P04813,A12139,3
P04813,A12140,4
P04813,A12141,5
P04813,A12142,6
P04813,A13089,7
P04813,A12144,8
P04813,A12146,9
P04813,A12148,10
P04813,A12150,11
P04813,A12152,12
P04813,A13090,13
P04814,A13091,1
P04814,A03296,2
P04814,A13092,3
P04814,A05680,4
P04814,A02681,5
P04814,A13093,6
P04814,A10360,7
P04814,A13094,8
P04815,A13095,1
P04815,A13096,2
P04815,A05579,3
P04816,A04986,1
P04816,A02678,2
P04816,A13097,3
P04816,A13098,4
P04816,A13099,5
P04817,A10113,1
P04817,A09387,2
P04817,A04189,3
P04817,A13100,4
P04817,A03329,5
P04817,A02094,6
P04817,A01009,7
P04817,A02436,8
P04817,A06756,9
P04817,A09522,10
P04817,A11261,11
P04817,A09780,12
P04817,A12653,13
P04817,A11259,14
P04818,A13101,1
P04818,A13102,2
P04818,A12683,3
P04818,A06748,4
P04818,A07953,5
P04819,A12298,1
P04819,A10377,2
P04819,A06170,3
P04819,A07378,4
P04819,A10376,5
P04819,A00500,6
P04819,A12299,7
P04819,A13103,8
P04819,A10378,9
P04819,A13104,10
P04819,A13105,11
P04819,A13106,12
P04819,A13107,13
P04819,A13108,14
P04819,A06150,15
P04819,A13109,16
P04819,A13110,17
P04819,A12314,18
P04819,A13111,19
P04819,A13112,20
P04819,A12322,21
P04819,A12323,22
P04820,A04583,1
P04820,A04582,2
P04820,A04584,3
P04821,A08959,1
P04821,A13000,2
P04821,A13113,3
P04821,A12908,4
P04821,A12909,5
P04822,A13114,1
P04822,A01939,2
P04822,A13115,3
P04822,A04997,4
P04822,A11498,5
P04823,A12574,1
P04823,A05835,2
P04823,A13116,3
P04823,A09688,4
P04824,A13117,1
P04824,A09479,2
P04824,A09476,3
P04824,A09421,4
P04824,A13118,5
P04824,A13119,6
P04824,A08034,7
P04824,A13120,8
P04824,A13121,9
P04825,A13122,1
P04825,A05080,2
P04825,A13123,3
P04825,A13124,4
P04825,A13125,5
P04825,A04228,6
P04826,A09218,1
P04826,A00922,2
P04826,A04977,3
P04826,A10406,4
P04826,A06577,5
P04827,A03164,1
P04827,A13126,2
P04827,A13127,3
P04827,A13128,4
P04827,A13129,5
P04827,A13130,6
P04828,A07668,1
P04828,A13131,2
P04828,A13132,3
P04828,A13133,4
P04828,A13134,5
P04828,A13135,6
P04828,A13136,7
P04828,A13137,8
P04828,A00922,9
P04829,A13138,1
P04829,A13139,2
P04829,A11620,3
P04829,A06182,4
P04829,A13140,5
P04829,A13024,6
P04829,A13141,7
P04830,A13142,1
P04830,A13143,2
P04830,A13144,3
P04831,A13145,1
P04831,A06872,2
P04831,A04192,3
P04832,A11433,1
P04832,A05004,2
P04832,A11435,3
P04832,A06401,4
P04832,A01865,5
P04832,A13146,6
P04832,A07335,7
P04832,A08228,8
P04833,A07677,1
P04833,A02923,2
P04833,A03684,3
P04833,A06671,4
P04833,A13147,5
P04833,A03287,6
P04833,A05358,7
P04834,A07677,1
P04834,A02923,2
P04834,A13148,3
P04834,A07223,4
P04834,A03684,5
P04834,A06671,6
P04834,A13147,7
P04834,A03287,8
P04834,A05358,9
P04835,A05035,1
P04835,A13149,2
P04835,A01207,3
P04835,A13150,4
P04835,A04479,5
P04835,A13151,6
P04835,A13152,7
P04836,A11915,1
P04836,A09690,2
P04836,A09852,3
P04836,A13153,4
P04836,A02806,5
P04836,A09031,6
P04836,A09004,7
P04836,A09003,8
P04836,A01039,9
P04836,A04400,10
P04837,A04193,1
P04837,A04205,2
P04837,A04194,3
P04837,A05440,4
P04837,A05140,5
P04838,A00692,1
P04838,A02870,2
P04838,A03003,3
P04838,A01715,4
P04838,A07627,5
P04838,A12414,6
P04838,A06889,7
P04838,A04518,8
P04839,A13154,1
P04839,A13155,2
P04839,A13156,3
P04839,A13157,4
P04839,A03839,5
P04839,A13158,6
P04839,A13159,7
P04839,A13160,8
P04839,A13161,9
P04839,A13162,10
P04840,A13163,1
P04840,A13164,2
P04841,A13165,1
P04841,A13166,2
P04841,A13167,3
P04842,A03881,1
P04842,A10726,2
P04842,A11992,3
P04842,A06333,4
P04842,A00597,5
P04842,A11996,6
P04843,A00963,1
P04843,A01469,2
P04843,A13168,3
P04843,A07239,4
P04843,A03648,5
P04843,A02534,6
P04843,A03595,7
P04843,A04294,8
P04843,A13169,9
P04843,A13170,10
P04844,A13171,1
P04844,A13172,2
P04844,A09604,3
P04844,A13173,4
P04844,A13174,5
P04844,A13175,6
P04844,A13176,7
P04845,A06566,1
P04845,A01095,2
P04846,A13177,1
P04846,A13178,2
P04846,A13179,3
P04846,A13180,4
P04846,A13181,5
P04846,A13182,6
P04846,A13183,7
P04846,A13184,8
P04846,A13185,9
P04846,A13186,10
P04846,A13187,11
P04846,A13188,12
P04847,A06756,1
P04847,A00757,2
P04847,A02437,3
P04847,A04822,4
P04847,A05509,5
P04847,A05510,6
P04847,A13189,7
P04847,A13190,8
P04847,A13191,9
P04847,A05052,10
P04847,A11476,11
P04847,A13192,12
P04848,A13193,1
P04848,A02436,2
P04848,A02798,3
P04848,A02697,4
P04848,A06250,5
P04848,A00151,6
P04848,A00292,7
P04848,A04933,8
P04848,A01039,9
P04848,A01075,10
P04848,A00591,11
P04848,A00923,12
P04848,A04619,13
P04848,A09719,14
P04848,A04533,15
P04848,A02204,16
P04848,A02858,17
P04848,A01817,18
P04848,A02205,19
P04848,A06835,20
P04848,A05178,21
P04848,A03032,22
P04848,A07114,23
P04848,A07116,24
P04848,A13194,25
P04848,A09070,26
P04848,A07204,27
P04848,A05341,28
P04848,A07958,29
P04848,A07113,30
P04848,A03835,31
P04848,A02668,32
P04848,A06836,33
P04849,A09773,1
P04850,A04583,1
P04850,A04582,2
P04850,A13195,3
P04850,A04239,4
P04850,A02250,5
P04850,A08967,6
P04850,A08966,7
P04851,A11259,1
P04851,A07017,2
P04851,A02094,3
P04851,A04189,4
P04851,A09387,5
P04851,A11261,6
P04851,A01009,7
P04851,A08136,8
P04851,A03329,9
P04851,A06756,10
P04851,A09522,11
P04851,A13190,12
P04851,A10113,13
P04851,A13196,14
P04851,A13197,15
P04851,A13198,16
P04852,A02973,1
P04852,A13199,2
P04852,A06296,3
P04852,A03969,4
P04852,A04388,5
P04852,A13200,6
P04852,A13201,7
P04852,A07992,8
P04852,A12342,9
P04852,A02889,10
P04852,A01045,11
P04852,A04315,12
P04852,A13202,13
P04852,A07113,14
P04852,A03835,15
P04852,A03979,16
P04852,A09688,17
P04852,A13203,18
P04852,A02018,19
P04852,A07115,20
P04852,A02204,21
P04852,A08322,22
P04852,A03914,23
P04852,A13204,24
P04852,A12876,25
P04852,A02368,26
P04852,A13205,27
P04852,A07114,28
P04853,A03046,1
P04853,A01805,2
P04854,A04767,1
P04854,A04296,2
P04854,A03672,3
P04854,A10327,4
P04854,A02870,5
P04854,A10329,6
P04854,A10326,7
P04854,A01423,8
P04854,A01943,9
P04855,A13206,1
P04855,A13207,2
P04855,A13208,3
P04855,A13209,4
P04855,A13210,5
P04855,A13211,6
P04856,A12362,1
P04856,A10300,2
P04856,A12358,3
P04857,A05866,1
P04857,A07667,2
P04857,A10815,3
P04858,A10323,1
P04858,A05319,2
P04858,A04526,3
P04858,A01943,4
P04858,A02887,5
P04859,A06623,1
P04859,A05319,2
P04859,A13212,3
P04859,A04526,4
P04859,A05912,5
P04859,A04617,6
P04860,A03423,1
P04860,A03003,2
P04860,A02870,3
P04860,A00692,4
P04860,A13213,5
P04860,A13214,6
P04861,A00088,1
P04861,A04186,2
P04861,A04069,3
P04861,A09678,4
P04861,A02689,5
P04861,A02870,6
P04862,A13215,1
P04862,A08794,2
P04862,A13216,3
P04862,A03787,4
P04862,A06000,5
P04862,A13217,6
P04862,A13218,7
P04862,A13219,8
P04862,A13220,9
P04862,A13221,10
P04862,A13222,11
P04862,A08824,12
P04862,A13223,13
P04862,A13224,14
P04862,A13225,15
P04862,A13226,16
P04862,A13227,17
P04862,A13228,18
P04862,A13229,19
P04862,A13230,20
P04862,A13231,21
P04862,A02172,22
P04862,A13232,23
P04862,A13233,24
P04862,A03355,25
P04862,A00867,26
P04862,A13234,27
P04862,A13235,28
P04862,A13236,29
P04862,A13237,30
P04862,A13238,31
P04862,A00973,32
P04862,A08111,33
P04862,A13239,34
P04863,A04583,1
P04863,A04582,2
P04863,A04584,3
P04863,A00653,4
P04863,A13240,5
P04864,A13241,1
P04864,A12281,2
P04864,A09507,3
P04864,A13242,4
P04864,A13243,5
P04864,A02114,6
P04864,A03808,7
P04864,A13244,8
P04864,A13245,9
P04865,A08048,1
P04865,A04581,2
P04865,A07613,3
P04865,A04001,4
P04865,A13246,5
P04866,A02665,1
P04866,A09994,2
P04866,A10126,3
P04867,A08962,1
P04867,A06385,2
P04867,A13146,3
P04867,A03672,4
P04867,A03914,5
P04867,A12876,6
P04867,A02893,7
P04867,A13116,8
P04867,A07794,9
P04867,A10250,10
P04867,A10249,11
P04867,A00595,12
P04867,A03822,13
P04867,A11236,14
P04867,A02895,15
P04867,A02095,16
P04867,A00815,17
P04867,A01690,18
P04867,A00597,19
P04867,A04315,20
P04868,A13247,1
P04868,A13248,2
P04868,A13249,3
P04868,A13250,4
P04869,A13251,1
P04869,A13252,2
P04869,A13253,3
P04869,A13254,4
P04870,A12927,1
P04870,A12930,2
P04870,A13255,3
P04870,A12928,4
P04870,A12929,5
P04870,A10649,6
P04870,A05511,7
P04871,A05711,1
P04871,A13256,2
P04871,A09215,3
P04871,A01168,4
P04871,A03839,5
P04871,A13257,6
P04871,A13258,7
P04872,A11928,1
P04872,A13259,2
P04872,A00408,3
P04873,A06632,1
P04874,A13260,1
P04874,A13261,2
P04874,A13262,3
P04874,A13263,4
P04874,A13264,5
P04874,A13265,6
P04874,A07110,7
P04874,A07111,8
P04875,A00732,1
P04875,A13266,2
P04875,A05207,3
P04875,A13267,4
P04875,A04663,5
P04875,A10399,6
P04876,A11380,1
P04876,A04433,2
P04876,A01402,3
P04876,A13268,4
P04876,A08799,5
P04876,A01295,6
P04876,A00987,7
P04876,A02233,8
P04876,A11382,9
P04876,A04952,10
P04876,A11383,11
P04876,A07799,12
P04877,A13269,1
P04877,A13270,2
P04877,A13271,3
P04877,A00408,4
P04877,A02803,5
P04877,A05744,6
P04877,A10770,7
P04877,A02779,8
P04878,A13272,1
P04878,A07730,2
P04878,A13273,3
P04878,A13274,4
P04878,A13275,5
P04878,A07731,6
P04878,A07732,7
P04879,A10308,1
P04879,A11462,2
P04879,A11460,3
P04879,A11461,4
P04879,A07007,5
P04879,A05349,6
P04880,A11915,1
P04880,A09690,2
P04880,A09852,3
P04880,A09031,4
P04880,A09004,5
P04880,A13276,6
P04880,A09003,7
P04880,A04400,8
P04881,A13277,1
P04881,A04569,2
P04881,A13278,3
P04881,A00403,4
P04881,A00260,5
P04881,A13279,6
P04881,A13280,7
P04882,A08360,1
P04882,A13281,2
P04882,A08359,3
P04882,A01773,4
P04882,A08358,5
P04882,A04236,6
P04882,A13282,7
P04882,A11695,8
P04882,A07675,9
P04883,A06834,1
P04883,A02205,2
P04883,A03877,3
P04883,A02204,4
P04883,A04976,5
P04883,A03234,6
P04883,A02436,7
P04883,A06835,8
P04883,A01817,9
P04883,A06950,10
P04883,A02206,11
P04883,A03979,12
P04883,A05843,13
P04883,A13078,14
P04883,A07628,15
P04884,A13283,1
P04884,A10371,2
P04884,A00757,3
P04884,A10836,4
P04884,A12728,5
P04884,A10835,6
P04884,A07526,7
P04885,A11725,1
P04885,A07596,2
P04885,A07594,3
P04885,A11727,4
P04885,A12966,5
P04885,A10666,6
P04885,A11726,7
P04885,A07593,8
P04886,A10540,1
P04886,A13284,2
P04886,A13285,3
P04886,A13286,4
P04886,A13287,5
P04886,A13288,6
P04886,A13289,7
P04886,A07713,8
P04886,A13290,9
P04887,A06566,1
P04887,A07936,2
P04887,A06271,3
P04887,A01095,4
P04887,A00406,5
P04887,A11257,6
P04887,A01016,7
P04887,A06986,8
P04887,A00554,9
P04887,A03948,10
P04888,A13291,1
P04888,A13292,2
P04888,A13293,3
P04888,A13294,4
P04888,A05840,5
P04888,A13005,6
P04888,A13295,7
P04888,A13296,8
P04888,A13297,9
P04888,A13298,10
P04888,A13299,11
P04889,A09029,1
P04889,A06385,2
P04889,A01943,3
P04889,A05319,4
P04889,A04617,5
P04889,A06573,6
P04889,A13300,7
P04890,A13301,1
P04890,A12108,2
P04890,A13302,3
P04890,A13303,4
P04890,A13304,5
P04891,A13305,1
P04891,A13306,2
P04891,A09380,3
P04891,A03309,4
P04891,A08336,5
P04891,A13307,6
P04892,A13047,1
P04892,A02395,2
P04893,A13308,1
P04893,A07506,2
P04893,A13309,3
P04893,A07559,4
P04893,A06226,5
P04893,A04239,6
P04894,A13310,1
P04894,A13311,2
P04895,A12401,1
P04895,A12402,2
P04895,A13312,3
P04895,A12403,4
P04896,A04919,1
P04896,A13313,2
P04896,A10887,3
P04896,A02069,4
P04896,A03309,5
P04896,A02870,6
P04896,A05711,7
P04897,A13314,1
P04897,A03296,2
P04897,A13315,3
P04897,A12280,4
P04897,A11327,5
P04897,A12407,6
P04897,A06184,7
P04897,A02822,8
P04897,A13316,9
P04898,A13317,1
P04898,A13318,2
P04898,A13319,3
P04898,A13320,4
P04898,A13321,5
P04899,A13322,1
P04899,A13323,2
P04899,A13324,3
P04899,A13325,4
P04900,A13326,1
P04900,A13327,2
P04900,A13328,3
P04900,A13329,4
P04900,A13330,5
P04900,A13331,6
P04901,A08959,1
P04901,A07964,2
P04901,A13332,3
P04901,A13333,4
P04902,A13334,1
P04902,A03309,2
P04902,A13335,3
P04902,A08336,4
P04902,A00369,5
P04902,A13336,6
P04902,A01692,7
P04903,A05318,1
P04903,A02436,2
P04903,A05844,3
P04903,A03979,4
P04903,A03835,5
P04903,A00151,6
P04903,A03486,7
P04903,A05637,8
P04903,A05639,9
P04904,A05689,1
P04904,A11183,2
P04904,A11185,3
P04904,A05099,4
P04904,A13337,5
P04904,A11385,6
P04904,A11182,7
P04904,A05707,8
P04905,A10323,1
P04905,A08176,2
P04905,A07683,3
P04905,A06594,4
P04905,A04648,5
P04906,A13338,1
P04906,A13327,2
P04906,A13339,3
P04906,A13340,4
P04906,A13341,5
P04906,A13342,6
P04907,A08943,1
P04907,A12049,2
P04907,A13343,3
P04907,A01430,4
P04907,A13344,5
P04907,A13345,6
P04907,A13346,7
P04907,A13347,8
P04907,A13348,9
P04907,A10552,10
P04907,A02947,11
P04907,A13349,12
P04907,A02271,13
P04907,A01690,14
P04907,A09030,15
P04907,A04400,16
P04908,A06742,1
P04908,A01039,2
P04908,A06398,3
P04908,A01073,4
P04908,A00180,5
P04908,A01423,6
P04908,A03883,7
P04908,A04922,8
P04909,A04400,1
P04909,A05882,2
P04909,A10552,3
P04909,A02947,4
P04910,A12682,1
P04910,A07953,2
P04910,A04693,3
P04910,A06748,4
P04910,A13350,5
P04910,A13351,6
P04911,A10450,1
P04911,A10548,2
P04911,A00381,3
P04911,A00197,4
P04911,A01855,5
P04911,A01216,6
P04912,A08414,1
P04912,A03003,2
P04912,A13352,3
P04912,A13353,4
P04912,A06226,5
P04912,A07559,6
P04912,A05538,7
P04913,A13354,1
P04913,A06181,2
P04913,A04630,3
P04913,A07840,4
P04913,A13355,5
P04913,A13356,6
P04913,A06296,7
P04914,A13357,1
P04914,A09689,2
P04914,A10388,3
P04914,A05647,4
P04915,A11946,1
P04915,A03992,2
P04916,A10316,1
P04916,A11452,2
P04916,A10317,3
P04916,A13358,4
P04916,A10318,5
P04916,A12398,6
P04916,A13359,7
P04916,A12400,8
P04916,A13360,9
P04916,A10321,10
P04916,A02359,11
P04917,A13073,1
P04917,A03156,2
P04917,A02571,3
P04917,A06137,4
P04917,A00597,5
P04918,A04296,1
P04918,A04767,2
P04918,A06206,3
P04918,A11508,4
P04918,A13361,5
P04918,A13362,6
P04918,A05912,7
P04918,A06385,8
P04918,A03401,9
P04918,A01943,10
P04919,A04767,1
P04919,A09678,2
P04919,A01423,3
P04919,A04296,4
P04919,A02807,5
P04919,A00591,6
P04919,A07208,7
P04919,A13363,8
P04919,A10342,9
P04919,A01016,10
P04920,A13364,1
P04920,A05573,2
P04920,A02797,3
P04920,A11095,4
P04921,A13365,1
P04921,A01943,2
P04921,A13366,3
P04921,A04296,4
P04921,A08094,5
P04921,A13146,6
P04921,A13367,7
P04922,A13368,1
P04922,A13369,2
P04922,A13370,3
P04922,A13371,4
P04922,A13372,5
P04922,A12997,6
P04922,A13373,7
P04922,A13374,8
P04922,A13375,9
P04922,A13376,10
P04922,A13377,11
P04922,A13378,12
P04922,A13379,13
P04922,A13380,14
P04922,A13381,15
P04922,A13382,16
P04922,A13383,17
P04922,A13384,18
P04923,A05912,1
P04923,A09029,2
P04923,A01430,3
P04923,A06385,4
P04923,A01943,5
P04923,A01690,6
P04923,A01201,7
P04923,A03003,8
P04924,A03436,1
P04924,A03003,2
P04924,A03214,3
P04924,A03653,4
P04924,A03672,5
P04924,A01084,6
P04924,A00815,7
P04924,A01039,8
P04924,A02436,9
P04924,A01045,10
P04925,A04066,1
P04925,A04239,2
P04925,A02807,3
P04925,A02853,4
P04925,A13385,5
P04925,A07208,6
P04925,A13386,7
P04925,A10190,8
P04925,A13387,9
P04925,A03672,10
P04925,A00151,11
P04926,A06766,1
P04926,A13388,2
P04926,A08156,3
P04926,A08155,4
P04926,A08220,5
P04926,A08412,6
P04927,A13389,1
P04927,A13055,2
P04927,A13390,3
P04927,A13391,4
P04928,A07546,1
P04928,A03398,2
P04928,A03003,3
P04928,A13392,4
P04928,A04617,5
P04928,A05637,6
P04928,A13393,7
P04928,A06773,8
P04928,A01943,9
P04928,A06573,10
P04928,A04526,11
P04928,A10908,12
P04929,A11859,1
P04929,A03325,2
P04929,A13394,3
P04929,A13144,4
P04929,A13395,5
P04929,A12674,6
P04930,A08959,1
P04930,A12908,2
P04930,A13000,3
P04930,A12907,4
P04930,A13396,5
P04930,A07967,6
P04931,A13397,1
P04931,A06977,2
P04931,A09922,3
P04931,A06356,4
P04932,A01871,1
P04932,A13398,2
P04932,A13399,3
P04932,A02563,4
P04932,A01045,5
P04932,A02562,6
P04932,A13400,7
P04933,A10508,1
P04933,A03672,2
P04933,A13401,3
P04934,A06000,1
P04934,A13402,2
P04934,A13224,3
P04934,A13218,4
P04934,A13215,5
P04934,A13233,6
P04934,A13219,7
P04934,A13403,8
P04935,A13404,1
P04935,A13405,2
P04935,A06748,3
P04935,A13406,4
P04936,A13407,1
P04936,A13063,2
P04936,A09232,3
P04937,A00408,1
P04937,A00573,2
P04937,A02864,3
P04937,A00170,4
P04937,A13408,5
P04937,A13409,6
P04937,A13410,7
P04937,A13411,8
P04937,A01344,9
P04937,A04045,10
P04937,A00711,11
P04937,A00153,12
P04937,A13412,13
P04937,A06799,14
P04937,A05624,15
P04937,A07876,16
P04937,A13413,17
P04937,A04937,18
P04937,A06814,19
P04937,A01216,20
P04938,A09866,1
P04938,A13414,2
P04938,A11532,3
P04938,A11528,4
P04938,A13415,5
P04938,A11525,6
P04938,A11530,7
P04938,A11529,8
P04939,A13416,1
P04939,A13417,2
P04939,A13418,3
P04939,A13419,4
P04940,A06798,1
P04940,A11752,2
P04940,A10506,3
P04940,A01016,4
P04940,A05609,5
P04941,A13420,1
P04941,A05309,2
P04941,A13421,3
P04941,A13422,4
P04941,A13423,5
P04941,A13424,6
P04941,A13425,7
P04941,A13426,8
P04942,A10772,1
P04942,A13427,2
P04942,A13428,3
P04942,A13429,4
P04942,A13430,5
P04942,A13431,6
P04942,A13432,7
P04942,A05199,8
P04942,A13433,9
P04942,A13434,10
P04942,A13435,11
P04942,A13436,12
P04942,A13437,13
P04942,A13438,14
P04942,A13439,15
P04942,A13440,16
P04942,A13441,17
P04942,A13442,18
P04942,A13443,19
P04942,A13444,20
P04942,A13445,21
P04942,A13446,22
P04942,A13447,23
P04942,A13448,24
P04942,A13449,25
P04942,A13450,26
P04942,A13451,27
P04942,A07642,28
P04942,A13452,29
P04942,A13453,30
P04942,A13454,31
P04942,A13455,32
P04942,A13456,33
P04942,A13457,34
P04942,A13458,35
P04942,A13459,36
P04942,A13460,37
P04942,A00417,38
P04942,A13461,39
P04943,A00543,1
P04943,A05000,2
P04943,A09495,3
P04944,A10092,1
P04944,A03296,2
P04944,A13462,3
P04944,A02681,4
P04944,A05680,5
P04944,A02684,6
P04944,A13463,7
P04945,A02014,1
P04945,A13464,2
P04945,A13465,3
P04945,A13466,4
P04945,A04525,5
P04945,A13467,6
P04945,A13468,7
P04945,A13469,8
P04945,A13470,9
P04945,A13471,10
P04945,A10953,11
P04945,A13472,12
P04945,A13473,13
P04945,A13474,14
P04945,A01251,15
P04945,A03300,16
P04945,A03817,17
P04945,A06626,18
P04945,A13475,19
P04945,A13476,20
P04945,A13477,21
P04945,A13478,22
P04945,A01735,23
P04945,A13479,24
P04945,A13480,25
P04945,A13481,26
P04945,A13482,27
P04945,A13483,28
P04946,A04134,1
P04946,A11976,2
P04946,A13484,3
P04946,A13485,4
P04946,A13486,5
P04946,A13487,6
P04946,A13488,7
P04946,A10055,8
P04946,A11144,9
P04946,A11942,10
P04946,A10056,11
P04946,A13489,12
P04946,A13490,13
P04946,A13491,14
P04946,A11945,15
P04946,A07006,16
P04946,A11943,17
P04946,A11820,18
P04946,A13492,19
P04946,A13493,20
P04946,A03859,21
P04946,A11977,22
P04947,A01088,1
P04947,A01392,2
P04947,A13494,3
P04947,A00151,4
P04948,A05358,1
P04948,A04734,2
P04948,A10052,3
P04948,A09602,4
P04948,A11626,5
P04948,A03684,6
P04948,A01033,7
P04948,A00237,8
P04948,A01824,9
P04948,A03287,10
P04949,A00950,1
P04949,A13495,2
P04949,A13496,3
P04949,A08868,4
P04949,A08813,5
P04949,A04503,6
P04949,A13497,7
P04949,A06003,8
P04949,A13498,9
P04949,A04406,10
P04949,A05984,11
P04949,A13499,12
P04949,A13500,13
P04949,A13501,14
P04949,A13502,15
P04949,A13503,16
P04949,A02269,17
P04949,A13504,18
P04949,A13505,19
P04949,A13506,20
P04949,A13507,21
P04949,A00872,22
P04949,A13508,23
P04949,A13509,24
P04949,A08864,25
P04949,A00846,26
P04949,A13510,27
P04949,A13511,28
P04949,A09325,29
P04949,A02015,30
P04949,A13512,31
P04949,A05096,32
P04949,A13513,33
P04949,A13514,34
P04949,A08866,35
P04949,A13515,36
P04949,A08867,37
P04949,A00956,38
P04949,A13516,39
P04949,A13517,40
P04949,A13518,41
P04949,A13519,42
P04949,A13520,43
P04949,A13521,44
P04949,A13522,45
P04949,A13523,46
P04949,A13524,47
P04949,A08811,48
P04949,A13525,49
P04949,A13526,50
P04949,A13527,51
P04949,A08820,52
P04949,A13528,53
P04949,A13529,54
P04949,A03204,55
P04949,A13530,56
P04949,A04510,57
P04949,A02005,58
P04949,A02004,59
P04949,A01429,60
P04949,A13531,61
P04949,A13532,62
P04949,A13533,63
P04949,A13534,64
P04949,A02794,65
P04949,A13535,66
P04949,A12975,67
P04949,A13536,68
P04949,A13537,69
P04949,A06529,70
P04949,A13538,71
P04949,A13539,72
P04949,A13540,73
P04949,A13541,74
P04949,A13542,75
P04949,A13543,76
P04949,A13544,77
P04949,A13545,78
P04949,A13546,79
P04949,A13547,80
P04949,A13548,81
P04949,A13549,82
P04949,A13550,83
P04949,A13551,84
P04949,A13552,85
P04949,A02793,86
P04949,A02284,87
P04949,A10553,88
P04949,A13553,89
P04949,A03785,90
P04949,A13554,91
P04949,A02289,92
P04949,A13555,93
P04949,A08850,94
P04949,A13556,95
P04949,A13557,96
P04949,A13558,97
P04949,A13559,98
P04949,A13560,99
P04949,A13561,100
P04949,A08871,101
P04949,A13562,102
P04949,A08863,103
P04949,A13563,104
P04949,A13564,105
P04949,A05458,106
P04949,A13565,107
P04949,A00893,108
P04949,A13566,109
P04949,A13567,110
P04949,A13568,111
P04949,A13569,112
P04949,A13570,113
P04949,A13571,114
P04949,A13572,115
P04949,A13573,116
P04949,A13574,117
P04949,A13575,118
P04949,A13576,119
P04949,A13577,120
P04949,A13578,121
P04949,A13579,122
P04949,A13580,123
P04949,A13581,124
P04949,A13582,125
P04949,A13583,126
P04949,A13584,127
P04949,A13585,128
P04949,A13586,129
P04949,A13587,130
P04949,A13588,131
P04949,A13589,132
P04949,A13590,133
P04949,A13591,134
P04949,A13592,135
P04949,A05987,136
P04949,A01303,137
P04949,A13593,138
P04949,A07516,139
P04949,A13594,140
P04949,A13595,141
P04949,A08821,142
P04949,A13596,143
P04949,A13597,144
P04949,A13598,145
P04949,A13599,146
P04949,A13600,147
P04949,A13601,148
P04949,A13602,149
P04949,A13603,150
P04949,A08111,151
P04949,A01460,152
P04949,A13604,153
P04949,A13605,154
P04949,A13606,155
P04949,A13607,156
P04949,A13608,157
P04949,A13609,158
P04949,A04505,159
P04949,A04511,160
P04949,A01324,161
P04950,A06756,1
P04950,A00757,2
P04950,A13610,3
P04950,A02437,4
P04950,A12653,5
P04950,A09780,6
P04950,A09387,7
P04950,A09522,8
P04950,A00180,9
P04950,A00585,10
P04951,A13611,1
P04951,A10054,2
P04951,A04526,3
P04951,A03399,4
P04952,A02457,1
P04952,A00597,2
P04952,A04526,3
P04952,A06382,4
P04952,A00692,5
P04952,A02870,6
P04952,A06128,7
P04953,A13612,1
P04953,A13613,2
P04953,A13614,3
P04953,A13615,4
P04954,A12401,1
P04954,A12402,2
P04954,A12403,3
P04955,A06653,1
P04955,A01774,2
P04955,A06652,3
P04955,A13616,4
P04955,A09921,5
P04955,A06654,6
P04955,A12435,7
P04955,A12434,8
P04955,A09038,9
P04955,A12524,10
P04956,A13617,1
P04956,A11935,2
P04956,A08327,3
P04956,A13618,4
P04957,A11508,1
P04957,A04296,2
P04957,A06206,3
P04957,A13361,4
P04957,A04767,5
P04957,A13619,6
P04957,A13620,7
P04957,A06107,8
P04958,A03003,1
P04958,A01009,2
P04958,A02893,3
P04958,A00762,4
P04958,A00597,5
P04959,A13621,1
P04959,A13622,2
P04959,A13623,3
P04959,A13624,4
P04960,A13625,1
P04960,A13626,2
P04960,A13627,3
P04961,A13628,1
P04961,A13629,2
P04962,A10301,1
P04962,A07967,2
P04962,A07966,3
P04962,A12986,4
P04962,A10300,5
P04962,A10303,6
P04963,A13630,1
P04963,A13631,2
P04963,A13632,3
P04963,A13633,4
P04964,A03325,1
P04964,A13394,2
P04964,A11859,3
P04964,A12679,4
P04964,A02584,5
P04964,A13144,6
P04965,A07853,1
P04965,A13634,2
P04965,A07855,3
P04965,A13635,4
P04965,A13636,5
P04965,A13637,6
P04965,A13638,7
P04965,A13639,8
P04965,A13640,9
P04965,A13641,10
P04965,A13642,11
P04965,A13643,12
P04965,A13644,13
P04965,A13645,14
P04965,A13646,15
P04965,A13647,16
P04965,A11428,17
P04965,A05887,18
P04965,A05260,19
P04965,A05897,20
P04965,A13648,21
P04965,A13649,22
P04965,A13650,23
P04965,A05891,24
P04965,A13651,25
P04965,A13652,26
P04965,A13653,27
P04965,A06344,28
P04965,A13654,29
P04965,A13655,30
P04965,A07442,31
P04965,A13656,32
P04965,A13657,33
P04965,A13658,34
P04965,A13659,35
P04965,A13660,36
P04965,A00815,37
P04965,A01690,38
P04965,A01430,39
P04965,A05121,40
P04965,A13661,41
P04965,A02947,42
P04965,A12447,43
P04965,A04400,44
P04966,A13662,1
P04966,A13663,2
P04966,A13664,3
P04966,A01010,4
P04967,A04241,1
P04967,A01423,2
P04967,A00180,3
P04967,A01183,4
P04967,A03003,5
P04967,A04194,6
P04967,A01315,7
P04967,A00406,8
P04967,A03464,9
P04967,A04192,10
P04968,A04583,1
P04968,A04582,2
P04968,A13195,3
P04968,A08966,4
P04968,A04239,5
P04968,A13665,6
P04968,A08967,7
P04968,A13666,8
P04969,A13667,1
P04969,A13668,2
P04969,A13669,3
P04969,A13670,4
P04969,A13671,5
P04969,A13672,6
P04970,A13125,1
P04970,A08944,2
P04970,A13673,3
P04970,A13122,4
P04970,A13123,5
P04970,A09550,6
P04970,A13674,7
P04970,A13675,8
P04970,A10072,9
P04970,A06231,10
P04971,A13676,1
P04971,A05066,2
P04971,A11741,3
P04971,A11744,4
P04972,A13677,1
P04972,A09264,2
P04972,A12295,3
P04972,A09266,4
P04972,A02830,5
P04972,A02808,6
P04972,A12293,7
P04973,A13678,1
P04973,A13679,2
P04973,A13680,3
P04973,A13681,4
P04973,A13682,5
P04973,A05338,6
P04974,A13683,1
P04974,A11006,2
P04974,A13684,3
P04974,A05756,4
P04974,A03255,5
P04974,A10769,6
P04975,A05576,1
P04975,A03940,2
P04975,A06367,3
P04976,A03164,1
P04976,A11825,2
P04976,A09917,3
P04976,A13685,4
P04977,A06442,1
P04977,A00408,2
P04977,A13686,3
P04977,A13687,4
P04978,A13688,1
P04978,A13689,2
P04978,A04571,3
P04978,A02663,4
P04978,A00869,5
P04978,A08298,6
P04979,A10211,1
P04979,A11919,2
P04979,A11324,3
P04979,A11323,4
P04979,A10210,5
P04979,A09161,6
P04979,A03990,7
P04979,A13690,8
P04979,A05066,9
P04980,A13691,1
P04980,A13692,2
P04980,A13693,3
P04980,A13694,4
P04981,A07432,1
P04981,A13695,2
P04981,A05710,3
P04981,A04598,4
P04981,A09986,5
P04981,A05435,6
P04981,A11717,7
P04981,A13696,8
P04981,A07433,9
P04981,A07434,10
P04981,A04584,11
P04981,A02901,12
P04981,A11716,13
P04981,A10729,14
P04982,A07432,1
P04982,A13697,2
P04982,A04598,3
P04982,A05710,4
P04982,A07433,5
P04982,A13698,6
P04983,A13699,1
P04983,A12268,2
P04983,A04063,3
P04983,A07479,4
P04983,A13700,5
P04983,A13701,6
P04984,A06221,1
P04984,A13702,2
P04985,A02870,1
P04985,A00692,2
P04985,A07628,3
P04985,A00655,4
P04986,A10565,1
P04986,A13703,2
P04986,A08935,3
P04986,A11327,4
P04986,A12405,5
P04986,A08192,6
P04987,A13704,1
P04987,A13705,2
P04987,A13706,3
P04987,A13707,4
P04987,A13708,5
P04988,A09970,1
P04988,A13709,2
P04988,A04209,3
P04988,A13710,4
P04988,A13711,5
P04988,A13712,6
P04989,A13713,1
P04989,A09970,2
P04989,A13714,3
P04989,A13711,4
P04989,A13715,5
P04990,A13716,1
P04990,A13717,2
P04990,A13718,3
P04990,A13719,4
P04990,A12003,5
P04991,A02850,1
P04991,A13720,2
P04991,A08410,3
P04991,A06373,4
P04991,A08408,5
P04991,A13721,6
P04992,A13722,1
P04992,A01430,2
P04992,A13723,3
P04992,A13724,4
P04992,A00815,5
P04993,A03164,1
P04993,A13725,2
P04993,A13130,3
P04994,A13726,1
P04994,A13727,2
P04994,A00322,3
P04995,A05572,1
P04995,A04063,2
P04995,A07667,3
P04995,A04073,4
P04995,A04071,5
P04995,A07479,6
P04995,A13728,7
P04995,A05680,8
P04995,A13729,9
P04996,A10067,1
P04996,A13730,2
P04996,A05982,3
P04996,A10066,4
P04996,A02853,5
P04997,A01039,1
P04997,A01045,2
P04997,A01540,3
P04997,A05749,4
P04997,A01007,5
P04997,A05178,6
P04997,A01786,7
P04997,A01033,8
P04997,A07526,9
P04997,A02204,10
P04997,A06836,11
P04997,A06835,12
P04997,A02205,13
P04997,A06950,14
P04997,A00676,15
P04997,A04675,16
P04997,A02858,17
P04997,A02107,18
P04997,A02853,19
P04998,A13022,1
P04998,A02436,2
P04998,A00151,3
P04998,A13023,4
P04998,A13024,5
P04999,A08414,1
P04999,A03003,2
P04999,A13352,3
P04999,A13353,4
P04999,A06226,5
P04999,A07559,6
P04999,A05538,7
P04999,A01270,8
P04999,A13731,9
P05000,A13732,1
P05000,A06210,2
P05000,A06884,3
P05000,A13733,4
P05000,A06209,5
P05000,A04239,6
P05001,A13734,1
P05001,A03516,2
P05001,A13735,3
P05001,A05006,4
P05001,A03682,5
P05001,A06761,6
P05002,A00927,1
P05002,A13736,2
P05002,A04228,3
P05002,A00151,4
P05002,A01782,5
P05003,A08383,1
P05003,A06385,2
P05004,A13737,1
P05004,A00323,2
P05004,A02405,3
P05004,A02093,4
P05004,A01836,5
P05005,A00917,1
P05005,A12923,2
P05005,A02069,3
P05005,A13738,4
P05005,A00914,5
P05006,A13739,1
P05006,A13740,2
P05006,A13741,3
P05006,A13742,4
P05006,A13743,5
P05006,A06565,6
P05006,A13744,7
P05006,A13745,8
P05006,A13746,9
P05006,A13747,10
P05006,A13748,11
P05006,A04631,12
P05006,A00815,13
P05007,A13749,1
P05007,A13750,2
P05007,A13751,3
P05007,A13752,4
P05007,A13753,5
P05007,A13754,6
P05007,A13755,7
P05007,A13756,8
P05007,A13757,9
P05007,A13758,10
P05007,A13759,11
P05007,A13760,12
P05007,A13761,13
P05008,A13762,1
P05008,A13763,2
P05008,A04069,3
P05008,A13764,4
P05008,A13765,5
P05008,A13766,6
P05008,A13767,7
P05008,A13768,8
P05008,A05330,9
P05008,A10739,10
P05008,A13769,11
P05008,A13770,12
P05008,A13771,13
P05009,A13772,1
P05009,A04177,2
P05009,A13773,3
P05009,A06361,4
P05009,A04176,5
P05009,A13774,6
P05010,A13775,1
P05010,A06820,2
P05010,A03475,3
P05010,A03421,4
P05010,A01045,5
P05010,A02562,6
P05010,A02023,7
P05011,A12138,1
P05011,A06306,2
P05011,A12140,3
P05012,A13776,1
P05012,A02719,2
P05012,A13777,3
P05013,A13778,1
P05013,A13779,2
P05013,A13780,3
P05013,A13781,4
P05013,A13782,5
P05013,A13783,6
P05014,A13784,1
P05014,A13785,2
P05014,A00873,3
P05014,A13786,4
P05014,A13787,5
P05014,A13788,6
P05014,A08137,7
P05014,A13789,8
P05015,A05223,1
P05015,A03650,2
P05015,A10036,3
P05015,A03595,4
P05015,A03264,5
P05015,A07667,6
P05015,A05572,7
P05015,A01469,8
P05015,A00963,9
P05015,A04116,10
P05016,A10876,1
P05016,A13790,2
P05017,A04614,1
P05017,A02597,2
P05017,A02598,3
P05017,A07188,4
P05017,A12393,5
P05017,A07183,6
P05017,A07182,7
P05017,A12878,8
P05017,A13791,9
P05018,A12153,1
P05018,A13792,2
P05018,A13793,3
P05018,A13794,4
P05019,A13795,1
P05019,A13796,2
P05019,A13797,3
P05020,A13798,1
P05020,A13799,2
P05020,A13800,3
P05020,A13801,4
P05020,A13802,5
P05020,A13803,6
P05021,A07916,1
P05021,A02886,2
P05021,A02889,3
P05021,A02204,4
P05021,A01817,5
P05021,A06950,6
P05021,A05178,7
P05021,A02668,8
P05021,A02858,9
P05022,A13804,1
P05022,A13805,2
P05022,A13806,3
P05022,A13807,4
P05022,A13808,5
P05022,A13809,6
P05023,A13739,1
P05023,A13740,2
P05023,A13741,3
P05023,A13742,4
P05023,A13743,5
P05023,A06565,6
P05023,A13744,7
P05023,A13745,8
P05023,A13746,9
P05023,A13747,10
P05023,A13748,11
P05023,A04631,12
P05023,A00815,13
P05024,A11234,1
P05024,A03734,2
P05024,A00590,3
P05024,A03003,4
P05024,A03436,5
P05024,A07512,6
P05024,A02893,7
P05025,A13810,1
P05025,A06043,2
P05026,A13811,1
P05026,A09154,2
P05026,A13812,3
P05027,A11800,1
P05027,A01690,2
P05027,A01430,3
P05027,A03822,4
P05028,A12472,1
P05028,A05349,2
P05028,A07936,3
P05028,A13813,4
P05028,A13814,5
P05029,A13815,1
P05029,A12707,2
P05029,A13816,3
P05029,A13817,4
P05030,A13818,1
P05030,A07966,2
P05030,A13819,3
P05030,A12986,4
P05030,A07967,5
P05031,A13820,1
P05031,A13821,2
P05031,A13822,3
P05032,A10646,1
P05032,A10644,2
P05032,A10649,3
P05032,A10647,4
P05032,A10648,5
P05032,A13823,6
P05032,A10650,7
P05032,A10651,8
P05032,A09340,9
P05032,A10652,10
P05032,A10653,11
P05032,A13824,12
P05033,A13825,1
P05033,A13826,2
P05033,A12181,3
P05033,A13827,4
P05034,A13828,1
P05034,A13829,2
P05034,A12033,3
P05034,A06756,4
P05034,A10114,5
P05034,A13830,6
P05035,A13831,1
P05035,A13832,2
P05036,A11323,1
P05036,A11324,2
P05036,A10211,3
P05036,A11919,4
P05037,A13833,1
P05037,A13834,2
P05037,A13835,3
P05037,A13836,4
P05037,A09257,5
P05037,A13837,6
P05037,A13838,7
P05037,A13839,8
P05037,A13840,9
P05038,A13352,1
P05038,A03003,2
P05038,A08414,3
P05038,A03398,4
P05038,A05538,5
P05038,A00762,6
P05038,A01943,7
P05039,A13841,1
P05039,A01095,2
P05039,A07897,3
P05039,A00554,4
P05040,A03683,1
P05040,A13842,2
P05040,A06756,3
P05040,A07223,4
P05041,A03003,1
P05041,A01009,2
P05041,A06798,3
P05041,A01007,4
P05041,A11752,5
P05041,A13843,6
P05041,A13844,7
P05041,A01039,8
P05041,A02962,9
P05041,A00762,10
P05041,A00597,11
P05042,A09313,1
P05042,A13845,2
P05042,A13846,3
P05042,A13847,4
P05042,A13848,5
P05042,A13849,6
P05042,A13850,7
P05043,A12353,1
P05043,A01913,2
P05043,A00406,3
P05043,A13851,4
P05043,A01836,5
P05044,A06043,1
P05044,A13852,2
P05044,A12690,3
P05044,A04696,4
P05044,A05858,5
P05044,A10904,6
P05044,A06046,7
P05044,A06045,8
P05045,A13308,1
P05045,A05066,2
P05045,A08248,3
P05045,A11745,4
P05045,A09495,5
P05045,A07559,6
P05046,A13853,1
P05046,A13854,2
P05046,A13855,3
P05046,A13856,4
P05046,A13857,5
P05047,A13858,1
P05047,A06209,2
P05047,A06210,3
P05047,A11791,4
P05047,A05822,5
P05047,A13732,6
P05047,A06421,7
P05047,A04239,8
P05047,A06886,9
P05047,A02807,10
P05048,A06639,1
P05048,A01615,2
P05048,A13859,3
P05048,A04173,4
P05048,A13860,5
P05048,A02697,6
P05048,A04066,7
P05048,A09690,8
P05048,A01399,9
P05049,A11645,1
P05049,A10375,2
P05050,A10273,1
P05050,A13861,2
P05050,A06556,3
P05050,A13862,4
P05050,A13863,5
P05050,A05516,6
P05051,A13864,1
P05051,A13865,2
P05051,A13866,3
P05051,A13867,4
P05051,A13868,5
P05051,A13869,6
P05051,A13870,7
P05052,A13871,1
P05052,A13872,2
P05052,A13873,3
P05052,A13874,4
P05052,A13875,5
P05052,A13876,6
P05052,A04708,7
P05052,A13877,8
P05053,A13878,1
P05053,A13879,2
P05053,A13880,3
P05053,A13881,4
P05054,A13882,1
P05054,A13883,2
P05055,A06756,1
P05055,A05813,2
P05055,A04822,3
P05055,A13884,4
P05055,A05815,5
P05055,A05814,6
P05055,A13885,7
P05055,A13886,8
P05055,A13887,9
P05055,A13888,10
P05055,A13889,11
P05055,A13890,12
P05055,A00369,13
P05056,A08193,1
P05056,A11210,2
P05056,A11214,3
P05056,A13891,4
P05056,A08192,5
P05057,A13892,1
P05057,A09689,2
P05057,A06246,3
P05057,A13893,4
P05057,A13894,5
P05057,A13895,6
P05057,A13896,7
P05057,A13897,8
P05057,A02981,9
P05058,A05717,1
P05058,A02631,2
P05058,A09722,3
P05058,A05142,4
P05058,A03031,5
P05059,A04173,1
P05059,A13898,2
P05059,A01615,3
P05059,A00599,4
P05059,A04518,5
P05059,A06639,6
P05059,A13899,7
P05059,A07336,8
P05059,A10342,9
P05059,A13900,10
P05059,A06390,11
P05060,A12638,1
P05060,A13901,2
P05060,A12640,3
P05060,A12641,4
P05060,A12642,5
P05060,A12643,6
P05060,A13902,7
P05060,A13903,8
P05060,A12646,9
P05061,A13091,1
P05061,A13904,2
P05061,A13905,3
P05061,A13906,4
P05061,A13907,5
P05061,A13908,6
P05061,A13909,7
P05061,A13910,8
P05061,A13911,9
P05061,A13912,10
P05061,A13913,11
P05061,A13914,12
P05061,A13915,13
P05061,A13916,14
P05061,A13917,15
P05061,A13918,16
P05061,A13919,17
P05061,A13920,18
P05061,A13921,19
P05061,A13922,20
P05061,A13923,21
P05061,A13924,22
P05061,A13925,23
P05061,A13926,24
P05062,A03799,1
P05062,A10230,2
P05062,A13927,3
P05062,A07880,4
P05062,A13928,5
P05063,A07432,1
P05063,A13929,2
P05063,A10733,3
P05063,A05710,4
P05063,A09985,5
P05063,A09986,6
P05063,A04598,7
P05063,A10732,8
P05064,A06552,1
P05064,A13930,2
P05064,A13931,3
P05064,A06554,4
P05064,A10815,5
P05064,A07673,6
P05065,A13932,1
P05065,A13933,2
P05066,A13934,1
P05066,A13935,2
P05066,A05260,3
P05066,A13936,4
P05066,A13937,5
P05066,A04400,6
P05067,A13938,1
P05067,A13939,2
P05067,A13940,3
P05067,A13941,4
P05067,A13942,5
P05067,A13943,6
P05067,A13944,7
P05068,A13047,1
P05068,A02395,2
P05068,A13048,3
P05068,A13044,4
P05068,A13046,5
P05068,A13945,6
P05068,A13043,7
P05069,A12401,1
P05069,A13946,2
P05069,A12402,3
P05069,A13947,4
P05069,A13948,5
P05069,A12403,6
P05070,A13949,1
P05070,A03003,2
P05070,A01201,3
P05070,A00815,4
P05070,A01943,5
P05070,A01039,6
P05071,A13950,1
P05071,A13951,2
P05071,A13952,3
P05071,A13953,4
P05071,A13954,5
P05072,A13955,1
P05072,A13956,2
P05072,A13957,3
P05072,A13958,4
P05072,A13959,5
P05073,A13960,1
P05073,A08359,2
P05073,A07362,3
P05073,A03693,4
P05073,A07675,5
P05073,A13961,6
P05074,A13962,1
P05074,A04932,2
P05074,A02719,3
P05074,A02847,4
P05074,A02204,5
P05074,A02436,6
P05074,A06836,7
P05074,A05749,8
P05074,A12729,9
P05074,A02858,10
P05074,A01817,11
P05074,A02205,12
P05074,A06835,13
P05074,A05178,14
P05074,A06253,15
P05074,A04933,16
P05075,A12367,1
P05075,A09387,2
P05075,A09780,3
P05075,A04189,4
P05075,A06756,5
P05075,A04075,6
P05075,A13963,7
P05075,A09522,8
P05075,A10113,9
P05075,A13964,10
P05076,A10727,1
P05076,A11990,2
P05076,A10726,3
P05076,A02418,4
P05076,A11992,5
P05076,A02392,6
P05076,A12550,7
P05076,A11996,8
P05077,A13965,1
P05077,A04653,2
P05077,A09687,3
P05077,A13966,4
P05077,A13967,5
P05077,A13968,6
P05077,A13969,7
P05077,A13970,8
P05078,A05869,1
P05078,A10399,2
P05078,A13266,3
P05078,A01007,4
P05079,A13971,1
P05079,A13972,2
P05079,A13973,3
P05079,A13974,4
P05079,A13975,5
P05080,A13976,1
P05080,A05742,2
P05080,A13146,3
P05080,A12829,4
P05080,A10023,5
P05080,A06134,6
P05080,A02271,7
P05080,A05830,8
P05080,A13977,9
P05080,A04016,10
P05080,A13978,11
P05080,A10552,12
P05080,A13979,13
P05080,A13980,14
P05081,A13981,1
P05081,A12742,2
P05081,A12746,3
P05081,A12745,4
P05082,A13982,1
P05082,A03003,2
P05082,A04890,3
P05082,A01201,4
P05082,A00815,5
P05082,A01943,6
P05082,A01039,7
P05083,A13365,1
P05083,A01943,2
P05083,A13366,3
P05083,A04296,4
P05083,A13146,5
P05083,A08094,6
P05083,A13983,7
P05084,A07188,1
P05084,A02798,2
P05084,A02597,3
P05084,A05579,4
P05084,A13984,5
P05084,A13985,6
P05084,A13986,7
P05084,A07183,8
P05084,A04614,9
P05084,A02599,10
P05084,A13791,11
P05084,A12393,12
P05084,A12878,13
P05084,A07182,14
P05084,A02598,15
P05085,A13987,1
P05085,A13988,2
P05085,A13989,3
P05085,A13990,4
P05085,A13991,5
P05085,A13992,6
P05085,A13993,7
P05085,A13994,8
P05085,A13995,9
P05085,A13996,10
P05085,A13997,11
P05085,A13998,12
P05085,A13999,13
P05085,A14000,14
P05085,A14001,15
P05085,A14002,16
P05085,A14003,17
P05085,A14004,18
P05085,A14005,19
P05085,A14006,20
P05085,A14007,21
P05085,A14008,22
P05085,A14009,23
P05085,A14010,24
P05085,A14011,25
P05085,A14012,26
P05085,A14013,27
P05085,A14014,28
P05085,A14015,29
P05085,A14016,30
P05085,A14017,31
P05085,A14018,32
P05085,A14019,33
P05085,A14020,34
P05085,A14021,35
P05085,A14022,36
P05085,A14023,37
P05085,A14024,38
P05085,A14025,39
P05085,A14026,40
P05085,A14027,41
P05085,A14028,42
P05085,A14029,43
P05085,A14030,44
P05085,A14031,45
P05085,A14032,46
P05085,A14033,47
P05085,A14034,48
P05085,A14035,49
P05085,A14036,50
P05085,A14037,51
P05085,A14038,52
P05085,A14039,53
P05085,A14040,54
P05085,A14041,55
P05085,A14042,56
P05085,A14043,57
P05085,A14044,58
P05085,A14045,59
P05085,A14046,60
P05085,A14047,61
P05085,A14048,62
P05085,A14049,63
P05085,A14050,64
P05085,A14051,65
P05085,A14052,66
P05085,A14053,67
P05086,A12409,1
P05086,A04231,2
P05086,A01312,3
P05086,A14054,4
P05086,A06968,5
P05086,A12173,6
P05086,A06970,7
P05086,A06969,8
P05086,A03300,9
P05086,A01647,10
P05086,A08313,11
P05087,A14055,1
P05087,A14056,2
P05087,A14057,3
P05087,A14058,4
P05087,A14059,5
P05087,A14060,6
P05087,A14061,7
P05087,A14062,8
P05087,A14063,9
P05088,A14064,1
P05088,A14065,2
P05089,A08254,1
P05089,A11475,2
P05090,A14066,1
P05090,A14067,2
P05090,A14068,3
P05090,A14069,4
P05090,A14070,5
P05091,A14071,1
P05091,A14072,2
P05091,A06043,3
P05091,A03249,4
P05091,A11358,5
P05091,A14073,6
P05091,A11359,7
P05091,A14074,8
P05091,A14075,9
P05091,A14076,10
P05092,A02678,1
P05092,A10132,2
P05092,A14077,3
P05092,A14078,4
P05092,A14079,5
P05093,A14080,1
P05093,A09921,2
P05093,A14081,3
P05093,A11933,4
P05094,A14082,1
P05094,A14083,2
P05094,A14084,3
P05094,A14085,4
P05094,A14086,5
P05094,A14087,6
P05094,A14088,7
P05094,A14089,8
P05094,A05349,9
P05094,A14090,10
P05095,A00692,1
P05095,A14091,2
P05095,A07627,3
P05095,A06889,4
P05095,A01715,5
P05095,A07628,6
P05095,A09716,7
P05095,A02095,8
P05096,A14092,1
P05096,A14093,2
P05096,A14094,3
P05096,A14095,4
P05096,A14096,5
P05096,A14097,6
P05096,A14098,7
P05096,A14099,8
P05096,A14100,9
P05097,A14101,1
P05097,A03672,2
P05097,A14102,3
P05097,A12378,4
P05097,A04274,5
P05097,A14103,6
P05097,A14104,7
P05097,A14105,8
P05097,A14106,9
P05097,A14107,10
P05097,A14108,11
P05097,A05980,12
P05097,A11236,13
P05097,A10189,14
P05097,A00585,15
P05098,A13008,1
P05098,A08378,2
P05098,A04186,3
P05098,A14109,4
P05098,A00406,5
P05098,A14110,6
P05098,A02094,7
P05098,A06225,8
P05098,A06271,9
P05098,A04603,10
P05099,A03006,1
P05099,A00784,2
P05099,A07978,3
P05099,A06218,4
P05099,A14111,5
P05099,A14112,6
P05100,A14113,1
P05100,A02017,2
P05100,A05084,3
P05100,A02258,4
P05100,A14114,5
P05100,A05345,6
P05100,A14115,7
P05100,A12924,8
P05100,A14116,9
P05101,A07277,1
P05101,A04186,2
P05101,A09180,3
P05101,A14117,4
P05101,A14118,5
P05101,A06184,6
P05102,A14119,1
P05102,A14120,2
P05102,A14121,3
P05102,A03367,4
P05102,A08334,5
P05102,A14122,6
P05102,A14123,7
P05102,A14124,8
P05102,A02270,9
P05103,A12164,1
P05103,A12166,2
P05103,A08450,3
P05103,A08449,4
P05103,A11156,5
P05103,A11854,6
P05103,A12167,7
P05103,A12168,8
P05103,A12169,9
P05103,A12170,10
P05103,A12171,11
P05103,A14125,12
P05104,A14126,1
P05104,A14127,2
P05104,A01830,3
P05104,A14128,4
P05104,A14129,5
P05104,A14130,6
P05104,A14131,7
P05104,A14132,8
P05104,A14133,9
P05105,A14134,1
P05105,A12698,2
P05105,A10856,3
P05105,A07892,4
P05105,A14135,5
P05105,A14136,6
P05105,A14072,7
P05105,A07328,8
P05106,A14137,1
P05106,A10293,2
P05106,A03355,3
P05106,A10294,4
P05106,A10296,5
P05106,A10297,6
P05106,A14138,7
P05107,A07668,1
P05107,A14139,2
P05107,A14140,3
P05107,A00922,4
P05107,A03580,5
P05107,A02106,6
P05107,A14141,7
P05107,A14142,8
P05107,A02024,9
P05107,A07113,10
P05107,A07114,11
P05107,A03835,12
P05107,A01540,13
P05107,A07115,14
P05107,A07202,15
P05107,A00676,16
P05107,A06950,17
P05107,A05178,18
P05107,A06836,19
P05107,A05749,20
P05107,A12729,21
P05107,A02858,22
P05107,A02204,23
P05108,A14143,1
P05108,A14144,2
P05108,A14145,3
P05108,A14146,4
P05108,A14147,5
P05108,A14148,6
P05108,A14149,7
P05108,A05848,8
P05108,A14150,9
P05108,A07287,10
P05109,A03164,1
P05109,A13127,2
P05109,A14151,3
P05109,A14152,4
P05109,A13129,5
P05110,A08364,1
P05110,A01773,2
P05110,A09690,3
P05110,A07183,4
P05110,A14153,5
P05110,A07354,6
P05110,A11697,7
P05110,A14154,8
P05110,A02830,9
P05110,A09549,10
P05111,A09598,1
P05111,A09597,2
P05111,A04355,3
P05111,A14155,4
P05111,A07618,5
P05111,A14156,6
P05111,A14157,7
P05111,A14158,8
P05111,A14159,9
P05112,A14160,1
P05112,A14161,2
P05112,A14162,3
P05112,A14163,4
P05112,A14164,5
P05112,A14165,6
P05112,A14166,7
P05112,A14167,8
P05112,A14168,9
P05112,A14169,10
P05113,A14170,1
P05113,A04186,2
P05113,A14171,3
P05113,A09180,4
P05114,A14172,1
P05114,A02587,2
P05115,A14173,1
P05115,A10054,2
P05115,A04526,3
P05115,A01943,4
P05116,A14174,1
P05116,A05282,2
P05116,A14175,3
P05116,A02114,4
P05116,A00360,5
P05116,A14176,6
