paper_id,author_id,author_order
P00001,A00001,1
P00001,A00002,2
P00001,A00003,3
P00001,A00004,4
P00001,A00005,5
P00002,A00006,1
P00002,A00007,2
P00002,A00008,3
P00002,A00009,4
P00002,A00010,5
P00002,A00011,6
P00003,A00012,1
P00003,A00013,2
P00003,A00014,3
P00004,A00015,1
P00004,A00009,2
P00004,A00016,3
P00004,A00017,4
P00004,A00018,5
P00005,A00019,1
P00005,A00020,2
P00005,A00009,3
P00005,A00016,4
P00005,A00021,5
P00005,A00017,6
P00006,A00015,1
P00006,A00022,2
P00006,A00009,3
P00006,A00023,4
P00006,A00020,5
P00007,A00024,1
P00007,A00025,2
P00007,A00026,3
P00007,A00027,4
P00007,A00028,5
P00007,A00029,6
P00007,A00030,7
P00008,A00031,1
P00008,A00032,2
P00008,A00033,3
P00008,A00034,4
P00009,A00035,1
P00009,A00036,2
P00009,A00037,3
P00009,A00038,4
P00010,A00001,1
P00010,A00039,2
P00010,A00040,3
P00010,A00041,4
P00010,A00042,5
P00010,A00043,6
P00010,A00044,7
P00010,A00045,8
P00010,A00046,9
P00010,A00026,10
P00010,A00047,11
P00010,A00048,12
P00010,A00049,13
P00010,A00050,14
P00010,A00051,15
P00010,A00052,16
P00010,A00053,17
P00011,A00054,1
P00011,A00055,2
P00011,A00056,3
P00011,A00015,4
P00011,A00057,5
P00011,A00058,6
P00011,A00059,7
P00011,A00060,8
P00011,A00061,9
P00011,A00062,10
P00011,A00063,11
P00011,A00064,12
P00011,A00065,13
P00011,A00017,14
P00011,A00066,15
P00011,A00067,16
P00012,A00068,1
P00012,A00069,2
P00012,A00070,3
P00013,A00071,1
P00013,A00072,2
P00014,A00073,1
P00014,A00074,2
P00014,A00075,3
P00014,A00076,4
P00014,A00077,5
P00014,A00078,6
P00015,A00079,1
P00017,A00015,1
P00017,A00009,2
P00017,A00080,3
P00017,A00081,4
P00017,A00082,5
P00017,A00083,6
P00018,A00019,1
P00018,A00020,2
P00018,A00084,3
P00018,A00085,4
P00018,A00009,5
P00019,A00046,1
P00019,A00049,2
P00019,A00041,3
P00019,A00045,4
P00019,A00086,5
P00019,A00040,6
P00019,A00087,7
P00019,A00088,8
P00019,A00089,9
P00019,A00090,10
P00019,A00091,11
P00019,A00092,12
P00019,A00093,13
P00019,A00094,14
P00019,A00095,15
P00019,A00096,16
P00019,A00097,17
P00019,A00052,18
P00019,A00053,19
P00019,A00098,20
P00020,A00035,1
P00020,A00001,2
P00020,A00009,3
P00020,A00019,4
P00020,A00099,5
P00020,A00100,6
P00020,A00101,7
P00020,A00102,8
P00021,A00100,1
P00021,A00002,2
P00021,A00099,3
P00021,A00103,4
P00021,A00104,5
P00021,A00009,6
P00022,A00105,1
P00022,A00106,2
P00022,A00039,3
P00022,A00107,4
P00022,A00108,5
P00022,A00109,6
P00022,A00110,7
P00022,A00111,8
P00023,A00015,1
P00023,A00009,2
P00023,A00112,3
P00023,A00113,4
P00023,A00114,5
P00023,A00016,6
P00023,A00002,7
P00023,A00017,8
P00023,A00115,9
P00024,A00015,1
P00024,A00116,2
P00024,A00020,3
P00024,A00017,4
P00024,A00023,5
P00024,A00009,6
P00025,A00117,1
P00025,A00118,2
P00025,A00119,3
P00025,A00045,4
P00025,A00120,5
P00025,A00121,6
P00025,A00122,7
P00025,A00123,8
P00025,A00124,9
P00025,A00125,10
P00025,A00126,11
P00026,A00046,1
P00026,A00049,2
P00026,A00052,3
P00026,A00117,4
P00026,A00045,5
P00027,A00015,1
P00027,A00114,2
P00027,A00009,3
P00028,A00002,1
P00028,A00127,2
P00028,A00128,3
P00028,A00019,4
P00028,A00102,5
P00028,A00129,6
P00028,A00003,7
P00029,A00130,1
P00029,A00001,2
P00029,A00131,3
P00029,A00132,4
P00029,A00133,5
P00029,A00003,6
P00030,A00134,1
P00030,A00135,2
P00030,A00136,3
P00030,A00017,4
P00030,A00137,5
P00031,A00138,1
P00031,A00139,2
P00031,A00003,3
P00031,A00140,4
P00031,A00141,5
P00031,A00142,6
P00031,A00143,7
P00032,A00144,1
P00032,A00015,2
P00032,A00145,3
P00032,A00146,4
P00032,A00147,5
P00032,A00148,6
P00032,A00131,7
P00032,A00001,8
P00032,A00149,9
P00032,A00150,10
P00032,A00151,11
P00033,A00152,1
P00033,A00153,2
P00034,A00015,1
P00034,A00154,2
P00034,A00017,3
P00034,A00003,4
P00034,A00019,5
P00035,A00144,1
P00035,A00155,2
P00035,A00015,3
P00035,A00145,4
P00035,A00146,5
P00035,A00017,6
P00035,A00148,7
P00035,A00001,8
P00036,A00156,1
P00036,A00157,2
P00036,A00015,3
P00036,A00158,4
P00036,A00159,5
P00036,A00160,6
P00036,A00161,7
P00036,A00162,8
P00036,A00163,9
P00036,A00164,10
P00036,A00165,11
P00036,A00166,12
P00036,A00167,13
P00036,A00168,14
P00037,A00145,1
P00037,A00001,2
P00037,A00149,3
P00037,A00146,4
P00038,A00169,1
P00038,A00170,2
P00038,A00015,3
P00038,A00171,4
P00039,A00149,1
P00039,A00145,2
P00040,A00172,1
P00040,A00017,2
P00040,A00015,3
P00040,A00002,4
P00041,A00173,1
P00041,A00015,2
P00041,A00174,3
P00041,A00175,4
P00041,A00009,5
P00042,A00176,1
P00042,A00177,2
P00042,A00178,3
P00043,A00121,1
P00043,A00122,2
P00043,A00045,3
P00043,A00052,4
P00043,A00179,5
P00043,A00123,6
P00043,A00098,7
P00043,A00180,8
P00044,A00015,1
P00044,A00181,2
P00044,A00019,3
P00044,A00017,4
P00044,A00003,5
P00045,A00182,1
P00045,A00183,2
P00045,A00184,3
P00045,A00185,4
P00045,A00186,5
P00046,A00187,1
P00046,A00039,2
P00046,A00188,3
P00046,A00109,4
P00046,A00189,5
P00046,A00047,6
P00046,A00190,7
P00047,A00015,1
P00047,A00001,2
P00047,A00009,3
P00047,A00022,4
P00047,A00004,5
P00048,A00157,1
P00048,A00191,2
P00048,A00002,3
P00048,A00009,4
P00048,A00102,5
P00048,A00192,6
P00048,A00193,7
P00048,A00194,8
P00049,A00015,1
P00049,A00113,2
P00049,A00009,3
P00049,A00195,4
P00049,A00196,5
P00049,A00112,6
P00049,A00017,7
P00050,A00074,1
P00050,A00043,2
P00051,A00197,1
P00051,A00198,2
P00051,A00199,3
P00051,A00200,4
P00051,A00019,5
P00051,A00201,6
P00051,A00202,7
P00051,A00203,8
P00052,A00204,1
P00053,A00205,1
P00053,A00206,2
P00053,A00207,3
P00053,A00208,4
P00053,A00209,5
P00053,A00210,6
P00053,A00211,7
P00053,A00212,8
P00054,A00213,1
P00054,A00214,2
P00054,A00215,3
P00054,A00216,4
P00054,A00217,5
P00054,A00218,6
P00054,A00219,7
P00054,A00220,8
P00054,A00221,9
P00054,A00222,10
P00054,A00045,11
P00054,A00223,12
P00054,A00224,13
P00054,A00225,14
P00054,A00226,15
P00054,A00053,16
P00054,A00227,17
P00054,A00228,18
P00054,A00229,19
P00054,A00230,20
P00054,A00041,21
P00054,A00231,22
P00054,A00232,23
P00054,A00233,24
P00054,A00168,25
P00054,A00234,26
P00054,A00235,27
P00054,A00236,28
P00055,A00237,1
P00055,A00238,2
P00055,A00239,3
P00055,A00240,4
P00055,A00241,5
P00055,A00242,6
P00056,A00243,1
P00056,A00244,2
P00056,A00245,3
P00056,A00246,4
P00056,A00247,5
P00056,A00248,6
P00057,A00237,1
P00057,A00238,2
P00057,A00239,3
P00057,A00249,4
P00057,A00245,5
P00057,A00241,6
P00057,A00250,7
P00058,A00251,1
P00058,A00252,2
P00058,A00017,3
P00058,A00253,4
P00058,A00254,5
P00059,A00255,1
P00059,A00256,2
P00059,A00257,3
P00059,A00258,4
P00059,A00259,5
P00059,A00260,6
P00059,A00261,7
P00059,A00262,8
P00059,A00263,9
P00059,A00264,10
P00059,A00265,11
P00059,A00266,12
P00059,A00267,13
P00059,A00268,14
P00059,A00244,15
P00059,A00269,16
P00059,A00270,17
P00059,A00271,18
P00059,A00272,19
P00059,A00273,20
P00059,A00274,21
P00059,A00275,22
P00059,A00276,23
P00059,A00277,24
P00059,A00278,25
P00059,A00043,26
P00059,A00279,27
P00059,A00280,28
P00059,A00281,29
P00059,A00282,30
P00059,A00283,31
P00059,A00284,32
P00059,A00285,33
P00059,A00286,34
P00059,A00287,35
P00059,A00288,36
P00059,A00289,37
P00059,A00082,38
P00060,A00251,1
P00060,A00290,2
P00060,A00291,3
P00061,A00251,1
P00061,A00243,2
P00061,A00291,3
P00061,A00292,4
P00061,A00293,5
P00062,A00294,1
P00062,A00246,2
P00062,A00244,3
P00062,A00295,4
P00062,A00043,5
P00063,A00296,1
P00063,A00294,2
P00063,A00126,3
P00063,A00043,4
P00064,A00022,1
P00064,A00017,2
P00064,A00015,3
P00064,A00042,4
P00064,A00009,5
P00065,A00297,1
P00065,A00298,2
P00065,A00168,3
P00065,A00299,4
P00065,A00300,5
P00065,A00301,6
P00065,A00302,7
P00066,A00294,1
P00066,A00043,2
P00067,A00303,1
P00068,A00251,1
P00068,A00252,2
P00068,A00253,3
P00068,A00017,4
P00068,A00254,5
P00069,A00304,1
P00069,A00305,2
P00069,A00306,3
P00069,A00307,4
P00069,A00308,5
P00069,A00309,6
P00069,A00310,7
P00069,A00311,8
P00069,A00312,9
P00069,A00313,10
P00069,A00314,11
P00069,A00222,12
P00069,A00315,13
P00069,A00316,14
P00069,A00317,15
P00069,A00318,16
P00069,A00319,17
P00069,A00320,18
P00069,A00243,19
P00069,A00321,20
P00069,A00322,21
P00069,A00323,22
P00069,A00324,23
P00069,A00325,24
P00069,A00326,25
P00070,A00327,1
P00070,A00328,2
P00070,A00329,3
P00070,A00017,4
P00070,A00330,5
P00070,A00331,6
P00071,A00332,1
P00071,A00086,2
P00071,A00333,3
P00071,A00093,4
P00071,A00334,5
P00071,A00051,6
P00071,A00335,7
P00071,A00112,8
P00071,A00336,9
P00072,A00251,1
P00072,A00337,2
P00072,A00338,3
P00072,A00339,4
P00072,A00340,5
P00073,A00341,1
P00073,A00194,2
P00073,A00342,3
P00073,A00192,4
P00073,A00139,5
P00073,A00343,6
P00073,A00344,7
P00073,A00345,8
P00073,A00346,9
P00073,A00347,10
P00073,A00063,11
P00073,A00348,12
P00074,A00220,1
P00074,A00216,2
P00074,A00232,3
P00074,A00349,4
P00075,A00290,1
P00075,A00350,2
P00075,A00351,3
P00075,A00352,4
P00075,A00005,5
P00075,A00353,6
P00076,A00328,1
P00076,A00329,2
P00076,A00331,3
P00076,A00330,4
P00076,A00327,5
P00076,A00017,6
P00076,A00009,7
P00076,A00354,8
P00076,A00244,9
P00077,A00355,1
P00077,A00001,2
P00077,A00356,3
P00077,A00044,4
P00077,A00357,5
P00077,A00189,6
P00077,A00146,7
P00078,A00290,1
P00078,A00351,2
P00078,A00350,3
P00078,A00251,4
P00078,A00358,5
P00078,A00359,6
P00079,A00144,1
P00079,A00360,2
P00079,A00149,3
P00079,A00145,4
P00079,A00146,5
P00079,A00216,6
P00079,A00361,7
P00079,A00362,8
P00079,A00363,9
P00079,A00364,10
P00079,A00365,11
P00079,A00366,12
P00079,A00200,13
P00079,A00112,14
P00079,A00222,15
P00080,A00290,1
P00080,A00350,2
P00080,A00251,3
P00080,A00351,4
P00080,A00359,5
P00081,A00367,1
P00081,A00368,2
P00081,A00364,3
P00081,A00147,4
P00081,A00246,5
P00081,A00369,6
P00081,A00370,7
P00081,A00371,8
P00081,A00372,9
P00081,A00373,10
P00081,A00363,11
P00081,A00361,12
P00081,A00374,13
P00083,A00375,1
P00083,A00017,2
P00083,A00021,3
P00083,A00376,4
P00083,A00377,5
P00083,A00251,6
P00083,A00378,7
P00084,A00002,1
P00084,A00001,2
P00084,A00128,3
P00084,A00102,4
P00084,A00019,5
P00084,A00379,6
P00084,A00380,7
P00084,A00381,8
P00084,A00382,9
P00084,A00191,10
P00084,A00383,11
P00084,A00003,12
P00085,A00157,1
P00085,A00384,2
P00085,A00385,3
P00085,A00133,4
P00085,A00232,5
P00085,A00168,6
P00085,A00386,7
P00085,A00387,8
P00085,A00388,9
P00085,A00389,10
P00085,A00390,11
P00085,A00391,12
P00085,A00035,13
P00085,A00392,14
P00085,A00328,15
P00085,A00393,16
P00085,A00003,17
P00085,A00017,18
P00085,A00146,19
P00085,A00223,20
P00086,A00394,1
P00086,A00379,2
P00086,A00003,3
P00086,A00017,4
P00087,A00247,1
P00087,A00395,2
P00087,A00396,3
P00087,A00397,4
P00087,A00398,5
P00087,A00399,6
P00087,A00245,7
P00087,A00243,8
P00087,A00400,9
P00087,A00248,10
P00088,A00251,1
P00088,A00248,2
P00089,A00281,1
P00089,A00264,2
P00089,A00401,3
P00089,A00402,4
P00090,A00281,1
P00090,A00403,2
P00090,A00404,3
P00090,A00405,4
P00090,A00406,5
P00090,A00407,6
P00090,A00408,7
P00090,A00409,8
P00090,A00410,9
P00090,A00411,10
P00090,A00412,11
P00091,A00281,1
P00091,A00403,2
P00091,A00405,3
P00091,A00404,4
P00091,A00103,5
P00091,A00407,6
P00091,A00413,7
P00092,A00400,1
P00093,A00017,1
P00093,A00009,2
P00093,A00414,3
P00093,A00415,4
P00093,A00416,5
P00093,A00417,6
P00093,A00016,7
P00093,A00418,8
P00093,A00419,9
P00094,A00251,1
P00094,A00420,2
P00094,A00290,3
P00094,A00351,4
P00094,A00248,5
P00094,A00400,6
P00094,A00353,7
P00095,A00421,1
P00095,A00422,2
P00095,A00423,3
P00095,A00251,4
P00095,A00248,5
P00096,A00424,1
P00096,A00017,2
P00096,A00377,3
P00097,A00425,1
P00097,A00426,2
P00097,A00427,3
P00097,A00139,4
P00097,A00428,5
P00097,A00429,6
P00097,A00430,7
P00097,A00431,8
P00097,A00143,9
P00097,A00225,10
P00097,A00236,11
P00097,A00226,12
P00097,A00432,13
P00097,A00230,14
P00097,A00433,15
P00097,A00092,16
P00097,A00095,17
P00097,A00434,18
P00097,A00094,19
P00097,A00435,20
P00097,A00436,21
P00097,A00437,22
P00097,A00041,23
P00098,A00243,1
P00098,A00245,2
P00099,A00438,1
P00099,A00439,2
P00099,A00440,3
P00099,A00441,4
P00100,A00017,1
P00100,A00009,2
P00100,A00442,3
P00101,A00152,1
P00101,A00153,2
P00102,A00002,1
P00102,A00015,2
P00102,A00001,3
P00102,A00009,4
P00103,A00443,1
P00103,A00444,2
P00103,A00035,3
P00103,A00015,4
P00103,A00445,5
P00103,A00147,6
P00103,A00145,7
P00103,A00131,8
P00103,A00446,9
P00103,A00447,10
P00103,A00448,11
P00103,A00449,12
P00103,A00450,13
P00103,A00451,14
P00103,A00452,15
P00103,A00453,16
P00103,A00366,17
P00103,A00112,18
P00103,A00009,19
P00103,A00454,20
P00103,A00455,21
P00104,A00019,1
P00104,A00015,2
P00104,A00002,3
P00104,A00009,4
P00105,A00456,1
P00105,A00457,2
P00105,A00458,3
P00105,A00002,4
P00106,A00459,1
P00106,A00460,2
P00106,A00461,3
P00106,A00462,4
P00106,A00463,5
P00106,A00464,6
P00106,A00465,7
P00106,A00466,8
P00107,A00362,1
P00107,A00363,2
P00107,A00467,3
P00108,A00468,1
P00108,A00469,2
P00108,A00470,3
P00108,A00471,4
P00108,A00289,5
P00108,A00001,6
P00108,A00200,7
P00108,A00472,8
P00108,A00473,9
P00108,A00474,10
P00108,A00139,11
P00108,A00475,12
P00108,A00476,13
P00109,A00035,1
P00109,A00001,2
P00109,A00477,3
P00109,A00082,4
P00109,A00004,5
P00109,A00009,6
P00109,A00478,7
P00109,A00351,8
P00109,A00005,9
P00110,A00133,1
P00110,A00001,2
P00110,A00477,3
P00110,A00003,4
P00110,A00351,5
P00110,A00005,6
P00110,A00478,7
P00111,A00019,1
P00111,A00379,2
P00111,A00003,3
P00111,A00102,4
P00111,A00479,5
P00111,A00480,6
P00111,A00481,7
P00112,A00482,1
P00112,A00483,2
P00112,A00484,3
P00113,A00001,1
P00113,A00477,2
P00113,A00485,3
P00113,A00370,4
P00113,A00047,5
P00113,A00026,6
P00113,A00132,7
P00113,A00003,8
P00113,A00017,9
P00113,A00004,10
P00113,A00486,11
P00114,A00487,1
P00114,A00488,2
P00114,A00001,3
P00115,A00001,1
P00115,A00364,2
P00115,A00489,3
P00115,A00477,4
P00115,A00003,5
P00115,A00004,6
P00115,A00486,7
P00116,A00035,1
P00116,A00001,2
P00116,A00477,3
P00116,A00351,4
P00116,A00009,5
P00116,A00004,6
P00116,A00478,7
P00116,A00005,8
P00117,A00490,1
P00117,A00491,2
P00117,A00492,3
P00117,A00493,4
P00117,A00494,5
P00117,A00495,6
P00117,A00496,7
P00117,A00003,8
P00117,A00497,9
P00117,A00498,10
P00117,A00499,11
P00117,A00500,12
P00118,A00022,1
P00118,A00009,2
P00118,A00015,3
P00118,A00351,4
P00118,A00017,5
P00119,A00019,1
P00119,A00020,2
P00119,A00017,3
P00119,A00009,4
P00119,A00023,5
P00119,A00501,6
P00120,A00001,1
P00120,A00502,2
P00120,A00487,3
P00120,A00488,4
P00120,A00003,5
P00120,A00477,6
P00120,A00484,7
P00120,A00004,8
P00120,A00486,9
P00121,A00131,1
P00121,A00477,2
P00121,A00100,3
P00121,A00002,4
P00121,A00001,5
P00121,A00133,6
P00121,A00386,7
P00121,A00289,8
P00122,A00035,1
P00122,A00001,2
P00122,A00477,3
P00122,A00503,4
P00122,A00351,5
P00122,A00003,6
P00122,A00004,7
P00122,A00005,8
P00123,A00504,1
P00123,A00379,2
P00123,A00019,3
P00123,A00003,4
P00123,A00380,5
P00124,A00001,1
P00124,A00505,2
P00124,A00130,3
P00124,A00506,4
P00124,A00507,5
P00125,A00508,1
P00125,A00509,2
P00125,A00510,3
P00125,A00511,4
P00125,A00512,5
P00125,A00513,6
P00125,A00514,7
P00126,A00001,1
P00126,A00477,2
P00126,A00086,3
P00126,A00004,4
P00126,A00003,5
P00126,A00486,6
P00127,A00515,1
P00127,A00039,2
P00127,A00516,3
P00127,A00017,4
P00127,A00009,5
P00127,A00223,6
P00128,A00001,1
P00128,A00477,2
P00128,A00517,3
P00128,A00004,4
P00128,A00003,5
P00128,A00486,6
P00128,A00518,7
P00128,A00519,8
P00129,A00001,1
P00129,A00477,2
P00129,A00520,3
P00129,A00004,4
P00129,A00003,5
P00129,A00486,6
P00129,A00521,7
P00129,A00522,8
P00130,A00223,1
P00130,A00039,2
P00130,A00476,3
P00130,A00009,4
P00130,A00523,5
P00130,A00516,6
P00131,A00001,1
P00131,A00477,2
P00131,A00520,3
P00131,A00004,4
P00131,A00003,5
P00131,A00486,6
P00131,A00521,7
P00131,A00522,8
P00132,A00524,1
P00132,A00525,2
P00133,A00009,1
P00133,A00526,2
P00133,A00016,3
P00133,A00419,4
P00133,A00527,5
P00133,A00528,6
P00133,A00529,7
P00133,A00530,8
P00133,A00146,9
P00133,A00531,10
P00133,A00532,11
P00133,A00112,12
P00134,A00289,1
P00134,A00533,2
P00134,A00534,3
P00134,A00476,4
P00134,A00004,5
P00134,A00535,6
P00134,A00536,7
P00134,A00537,8
P00134,A00538,9
P00135,A00022,1
P00135,A00009,2
P00135,A00015,3
P00135,A00539,4
P00135,A00540,5
P00135,A00017,6
P00136,A00541,1
P00136,A00001,2
P00136,A00384,3
P00136,A00542,4
P00136,A00004,5
P00136,A00543,6
P00137,A00544,1
P00137,A00015,2
P00137,A00003,3
P00137,A00529,4
P00137,A00442,5
P00137,A00545,6
P00137,A00016,7
P00137,A00546,8
P00137,A00526,9
P00137,A00534,10
P00137,A00004,11
P00138,A00082,1
P00138,A00477,2
P00138,A00485,3
P00138,A00547,4
P00138,A00486,5
P00139,A00001,1
P00139,A00148,2
P00139,A00082,3
P00139,A00004,4
P00139,A00526,5
P00140,A00477,1
P00140,A00001,2
P00140,A00548,3
P00140,A00082,4
P00140,A00549,5
P00140,A00004,6
P00140,A00550,7
P00140,A00485,8
P00140,A00551,9
P00141,A00082,1
P00141,A00473,2
P00141,A00477,3
P00141,A00001,4
P00141,A00552,5
P00141,A00049,6
P00141,A00553,7
P00141,A00485,8
P00141,A00090,9
P00141,A00486,10
P00141,A00547,11
P00142,A00520,1
P00142,A00148,2
P00142,A00001,3
P00142,A00004,4
P00142,A00554,5
P00142,A00555,6
P00142,A00556,7
P00142,A00522,8
P00143,A00477,1
P00143,A00001,2
P00143,A00520,3
P00143,A00004,4
P00143,A00082,5
P00143,A00554,6
P00143,A00557,7
P00143,A00471,8
P00143,A00526,9
P00143,A00551,10
P00144,A00515,1
P00144,A00039,2
P00144,A00516,3
P00144,A00017,4
P00144,A00009,5
P00145,A00558,1
P00145,A00559,2
P00145,A00001,3
P00145,A00432,4
P00145,A00560,5
P00145,A00090,6
P00145,A00004,7
P00145,A00486,8
P00145,A00556,9
P00146,A00289,1
P00146,A00538,2
P00146,A00561,3
P00146,A00004,4
P00146,A00562,5
P00146,A00468,6
P00146,A00563,7
P00146,A00196,8
P00147,A00001,1
P00147,A00477,2
P00147,A00082,3
P00147,A00004,4
P00147,A00486,5
P00148,A00001,1
P00148,A00477,2
P00148,A00004,3
P00148,A00517,4
P00148,A00082,5
P00148,A00486,6
P00149,A00477,1
P00149,A00001,2
P00149,A00549,3
P00149,A00009,4
P00149,A00004,5
P00149,A00545,6
P00149,A00564,7
P00149,A00550,8
P00149,A00351,9
P00149,A00005,10
P00150,A00565,1
P00150,A00566,2
P00150,A00533,3
P00150,A00289,4
P00150,A00567,5
P00150,A00568,6
P00150,A00001,7
P00150,A00146,8
P00150,A00009,9
P00151,A00569,1
P00151,A00570,2
P00152,A00001,1
P00152,A00477,2
P00152,A00517,3
P00152,A00004,4
P00152,A00003,5
P00152,A00486,6
P00152,A00571,7
P00153,A00572,1
P00153,A00463,2
P00153,A00015,3
P00153,A00573,4
P00153,A00574,5
P00153,A00009,6
P00153,A00004,7
P00153,A00471,8
P00154,A00575,1
P00154,A00041,2
P00154,A00017,3
P00154,A00009,4
P00154,A00139,5
P00154,A00576,6
P00154,A00086,7
P00154,A00112,8
P00154,A00577,9
P00155,A00089,1
P00155,A00578,2
P00155,A00579,3
P00155,A00580,4
P00155,A00053,5
P00155,A00041,6
P00155,A00086,7
P00155,A00112,8
P00155,A00093,9
P00155,A00092,10
P00155,A00088,11
P00155,A00559,12
P00155,A00094,13
P00155,A00581,14
P00155,A00437,15
P00156,A00582,1
P00156,A00583,2
P00157,A00584,1
P00157,A00065,2
P00157,A00585,3
P00157,A00586,4
P00157,A00289,5
P00157,A00001,6
P00157,A00027,7
P00158,A00001,1
P00158,A00502,2
P00158,A00289,3
P00158,A00587,4
P00158,A00588,5
P00158,A00003,6
P00158,A00004,7
P00158,A00136,8
P00158,A00005,9
P00159,A00001,1
P00159,A00003,2
P00159,A00004,3
P00159,A00005,4
P00160,A00133,1
P00160,A00148,2
P00160,A00589,3
P00160,A00083,4
P00160,A00146,5
P00160,A00526,6
P00161,A00157,1
P00161,A00002,2
P00161,A00192,3
P00161,A00015,4
P00161,A00215,5
P00161,A00009,6
P00161,A00194,7
P00161,A00017,8
P00162,A00001,1
P00162,A00384,2
P00162,A00477,3
P00162,A00386,4
P00162,A00003,5
P00162,A00004,6
P00163,A00590,1
P00163,A00289,2
P00163,A00591,3
P00163,A00584,4
P00163,A00200,5
P00163,A00475,6
P00163,A00592,7
P00163,A00593,8
P00163,A00585,9
P00163,A00594,10
P00164,A00133,1
P00164,A00595,2
P00164,A00596,3
P00164,A00130,4
P00164,A00131,5
P00165,A00597,1
P00165,A00598,2
P00165,A00599,3
P00165,A00600,4
P00165,A00601,5
P00165,A00001,6
P00165,A00602,7
P00166,A00601,1
P00166,A00597,2
P00166,A00603,3
P00166,A00604,4
P00166,A00001,5
P00166,A00605,6
P00166,A00606,7
P00166,A00198,8
P00167,A00001,1
P00167,A00607,2
P00167,A00608,3
P00167,A00609,4
P00167,A00610,5
P00167,A00003,6
P00167,A00004,7
P00167,A00005,8
P00168,A00611,1
P00168,A00612,2
P00168,A00613,3
P00169,A00614,1
P00169,A00615,2
P00169,A00001,3
P00169,A00289,4
P00169,A00131,5
P00169,A00616,6
P00169,A00366,7
P00169,A00133,8
P00169,A00003,9
P00170,A00001,1
P00170,A00477,2
P00170,A00505,3
P00170,A00617,4
P00170,A00132,5
P00170,A00003,6
P00170,A00004,7
P00170,A00005,8
P00171,A00618,1
P00171,A00001,2
P00171,A00505,3
P00171,A00617,4
P00171,A00477,5
P00171,A00619,6
P00172,A00620,1
P00172,A00621,2
P00172,A00027,3
P00172,A00054,4
P00172,A00622,5
P00172,A00623,6
P00173,A00624,1
P00173,A00001,2
P00173,A00148,3
P00173,A00009,4
P00173,A00146,5
P00173,A00005,6
P00174,A00001,1
P00174,A00477,2
P00174,A00386,3
P00174,A00003,4
P00174,A00004,5
P00175,A00625,1
P00175,A00626,2
P00175,A00001,3
P00175,A00627,4
P00175,A00355,5
P00175,A00628,6
P00175,A00629,7
P00175,A00630,8
P00175,A00631,9
P00175,A00632,10
P00175,A00633,11
P00175,A00384,12
P00175,A00004,13
P00176,A00620,1
P00176,A00634,2
P00176,A00027,3
P00176,A00054,4
P00176,A00623,5
P00177,A00635,1
P00177,A00009,2
P00177,A00608,3
P00177,A00636,4
P00177,A00281,5
P00177,A00017,6
P00178,A00637,1
P00178,A00638,2
P00179,A00130,1
P00179,A00133,2
P00179,A00001,3
P00179,A00035,4
P00179,A00639,5
P00179,A00003,6
P00180,A00001,1
P00180,A00477,2
P00180,A00386,3
P00180,A00289,4
P00180,A00003,5
P00180,A00004,6
P00181,A00640,1
P00181,A00641,2
P00181,A00642,3
P00181,A00643,4
P00181,A00644,5
P00181,A00645,6
P00181,A00646,7
P00181,A00647,8
P00181,A00648,9
P00181,A00649,10
P00181,A00650,11
P00181,A00651,12
P00181,A00652,13
P00181,A00653,14
P00181,A00654,15
P00181,A00655,16
P00181,A00656,17
P00181,A00657,18
P00182,A00386,1
P00182,A00658,2
P00182,A00659,3
P00182,A00105,4
P00182,A00660,5
P00182,A00019,6
P00182,A00661,7
P00182,A00130,8
P00182,A00505,9
P00182,A00009,10
P00182,A00110,11
P00183,A00002,1
P00183,A00001,2
P00183,A00477,3
P00183,A00009,4
P00184,A00022,1
P00184,A00009,2
P00184,A00015,3
P00184,A00017,4
P00185,A00042,1
P00185,A00009,2
P00185,A00194,3
P00186,A00217,1
P00186,A00662,2
P00186,A00663,3
P00186,A00664,4
P00186,A00665,5
P00187,A00666,1
P00187,A00086,2
P00187,A00667,3
P00188,A00668,1
P00188,A00090,2
P00188,A00669,3
P00188,A00670,4
P00188,A00004,5
P00188,A00671,6
P00189,A00462,1
P00189,A00001,2
P00189,A00130,3
P00189,A00146,4
P00189,A00003,5
P00189,A00672,6
P00189,A00673,7
P00189,A00521,8
P00190,A00674,1
P00190,A00015,2
P00190,A00009,3
P00190,A00017,4
P00190,A00020,5
P00190,A00414,6
P00190,A00556,7
P00190,A00675,8
P00191,A00001,1
P00191,A00477,2
P00191,A00517,3
P00191,A00004,4
P00191,A00009,5
P00191,A00526,6
P00191,A00518,7
P00191,A00519,8
P00192,A00355,1
P00192,A00001,2
P00192,A00676,3
P00192,A00677,4
P00192,A00148,5
P00192,A00146,6
P00192,A00678,7
P00192,A00679,8
P00192,A00680,9
P00192,A00534,10
P00193,A00504,1
P00193,A00379,2
P00193,A00019,3
P00193,A00380,4
P00194,A00681,1
P00194,A00001,2
P00194,A00682,3
P00194,A00683,4
P00194,A00200,5
P00194,A00003,6
P00194,A00004,7
P00194,A00081,8
P00195,A00684,1
P00196,A00001,1
P00196,A00364,2
P00196,A00489,3
P00196,A00685,4
P00196,A00477,5
P00196,A00004,6
P00196,A00486,7
P00196,A00521,8
P00196,A00686,9
P00196,A00687,10
P00196,A00688,11
P00196,A00522,12
P00197,A00570,1
P00197,A00569,2
P00197,A00689,3
P00198,A00673,1
P00198,A00690,2
P00198,A00341,3
P00198,A00691,4
P00198,A00692,5
P00199,A00693,1
P00199,A00694,2
P00199,A00002,3
P00199,A00353,4
P00199,A00351,5
P00199,A00695,6
P00200,A00696,1
P00200,A00004,2
P00200,A00419,3
P00200,A00557,4
P00200,A00554,5
P00200,A00697,6
P00200,A00526,7
P00200,A00698,8
P00200,A00341,9
P00200,A00194,10
P00200,A00632,11
P00201,A00684,1
P00202,A00699,1
P00202,A00638,2
P00202,A00700,3
P00202,A00701,4
P00203,A00090,1
P00203,A00669,2
P00204,A00702,1
P00204,A00703,2
P00204,A00704,3
P00204,A00705,4
P00204,A00589,5
P00204,A00024,6
P00204,A00190,7
P00204,A00706,8
P00204,A00707,9
P00204,A00025,10
P00204,A00080,11
P00204,A00708,12
P00204,A00026,13
P00204,A00083,14
P00205,A00635,1
P00205,A00377,2
P00205,A00017,3
P00205,A00009,4
P00205,A00709,5
P00206,A00042,1
P00206,A00009,2
P00207,A00144,1
P00207,A00145,2
P00207,A00149,3
P00207,A00034,4
P00207,A00471,5
P00207,A00146,6
P00207,A00020,7
P00208,A00504,1
P00208,A00379,2
P00208,A00116,3
P00208,A00019,4
P00209,A00015,1
P00209,A00133,2
P00209,A00001,3
P00209,A00009,4
P00209,A00017,5
P00209,A00589,6
P00210,A00710,1
P00210,A00146,2
P00210,A00001,3
P00210,A00144,4
P00210,A00198,5
P00210,A00200,6
P00211,A00157,1
P00211,A00145,2
P00211,A00385,3
P00211,A00133,4
P00211,A00232,5
P00211,A00168,6
P00211,A00386,7
P00211,A00387,8
P00211,A00388,9
P00211,A00389,10
P00211,A00390,11
P00211,A00711,12
P00211,A00002,13
P00211,A00392,14
P00211,A00712,15
P00211,A00393,16
P00211,A00009,17
P00211,A00017,18
P00211,A00004,19
P00211,A00223,20
P00212,A00015,1
P00212,A00009,2
P00212,A00113,3
P00212,A00017,4
P00212,A00112,5
P00213,A00015,1
P00213,A00009,2
P00213,A00017,3
P00213,A00386,4
P00213,A00191,5
P00213,A00172,6
P00214,A00713,1
P00214,A00714,2
P00214,A00715,3
P00214,A00063,4
P00214,A00716,5
P00214,A00717,6
P00214,A00718,7
P00214,A00135,8
P00214,A00719,9
P00214,A00720,10
P00214,A00344,11
P00214,A00112,12
P00214,A00721,13
P00214,A00598,14
P00214,A00722,15
P00214,A00540,16
P00214,A00723,17
P00214,A00724,18
P00214,A00725,19
P00214,A00726,20
P00214,A00727,21
P00214,A00728,22
P00214,A00729,23
P00214,A00200,24
P00214,A00730,25
P00214,A00731,26
P00214,A00732,27
P00214,A00733,28
P00214,A00734,29
P00214,A00735,30
P00214,A00736,31
P00214,A00737,32
P00214,A00738,33
P00214,A00739,34
P00214,A00041,35
P00214,A00740,36
P00214,A00741,37
P00214,A00742,38
P00214,A00017,39
P00214,A00743,40
P00214,A00744,41
P00214,A00055,42
P00214,A00745,43
P00214,A00746,44
P00214,A00747,45
P00214,A00748,46
P00214,A00749,47
P00214,A00750,48
P00214,A00751,49
P00214,A00752,50
P00214,A00753,51
P00214,A00754,52
P00214,A00755,53
P00214,A00756,54
P00214,A00757,55
P00214,A00758,56
P00214,A00759,57
P00214,A00760,58
P00214,A00761,59
P00214,A00762,60
P00214,A00763,61
P00214,A00764,62
P00214,A00765,63
P00214,A00766,64
P00214,A00767,65
P00214,A00768,66
P00214,A00769,67
P00214,A00770,68
P00214,A00771,69
P00214,A00772,70
P00214,A00773,71
P00214,A00774,72
P00214,A00775,73
P00214,A00776,74
P00214,A00777,75
P00214,A00778,76
P00214,A00779,77
P00214,A00780,78
P00214,A00781,79
P00214,A00782,80
P00214,A00783,81
P00215,A00157,1
P00215,A00035,2
P00215,A00192,3
P00215,A00215,4
P00215,A00015,5
P00215,A00041,6
P00215,A00045,7
P00215,A00009,8
P00215,A00139,9
P00215,A00784,10
P00215,A00102,11
P00215,A00500,12
P00215,A00785,13
P00215,A00019,14
P00216,A00001,1
P00216,A00786,2
P00216,A00787,3
P00216,A00009,4
P00216,A00146,5
P00217,A00042,1
P00217,A00009,2
P00218,A00042,1
P00218,A00009,2
P00219,A00001,1
P00219,A00477,2
P00219,A00133,3
P00219,A00716,4
P00219,A00788,5
P00219,A00789,6
P00219,A00003,7
P00219,A00004,8
P00219,A00086,9
P00219,A00351,10
P00219,A00005,11
P00219,A00478,12
P00219,A00736,13
P00220,A00790,1
P00221,A00443,1
P00221,A00791,2
P00221,A00792,3
P00221,A00146,4
P00221,A00793,5
P00221,A00673,6
P00221,A00676,7
P00221,A00112,8
P00222,A00490,1
P00222,A00711,2
P00222,A00003,3
P00222,A00004,4
P00223,A00683,1
P00223,A00344,2
P00223,A00794,3
P00223,A00795,4
P00223,A00001,5
P00223,A00796,6
P00223,A00797,7
P00223,A00043,8
P00223,A00348,9
P00223,A00349,10
P00223,A00494,11
P00223,A00498,12
P00223,A00798,13
P00224,A00790,1
P00225,A00490,1
P00225,A00799,2
P00226,A00477,1
P00226,A00001,2
P00226,A00002,3
P00226,A00485,4
P00226,A00800,5
P00226,A00370,6
P00226,A00132,7
P00226,A00351,8
P00226,A00005,9
P00226,A00003,10
P00226,A00004,11
P00227,A00801,1
P00227,A00334,2
P00227,A00333,3
P00227,A00125,4
P00227,A00802,5
P00227,A00803,6
P00228,A00804,1
P00228,A00341,2
P00228,A00342,3
P00228,A00194,4
P00228,A00063,5
P00228,A00805,6
P00229,A00806,1
P00229,A00807,2
P00229,A00808,3
P00229,A00809,4
P00229,A00810,5
P00229,A00811,6
P00230,A00490,1
P00230,A00711,2
P00230,A00812,3
P00230,A00813,4
P00230,A00814,5
P00230,A00495,6
P00230,A00086,7
P00230,A00112,8
P00230,A00498,9
P00230,A00349,10
P00231,A00815,1
P00231,A00086,2
P00231,A00816,3
P00231,A00678,4
P00231,A00041,5
P00231,A00575,6
P00231,A00817,7
P00231,A00112,8
P00232,A00669,1
P00232,A00001,2
P00232,A00090,3
P00232,A00004,4
P00232,A00471,5
P00232,A00818,6
P00232,A00534,7
P00232,A00819,8
P00232,A00820,9
P00232,A00821,10
P00232,A00822,11
P00232,A00098,12
P00232,A00041,13
P00232,A00668,14
P00233,A00804,1
P00233,A00341,2
P00233,A00194,3
P00233,A00063,4
P00233,A00342,5
P00233,A00805,6
P00234,A00477,1
P00234,A00002,2
P00234,A00082,3
P00234,A00289,4
P00234,A00001,5
P00234,A00489,6
P00234,A00493,7
P00234,A00004,8
P00234,A00003,9
P00234,A00351,10
P00234,A00812,11
P00234,A00353,12
P00234,A00005,13
P00235,A00666,1
P00235,A00086,2
P00235,A00823,3
P00236,A00044,1
P00236,A00824,2
P00236,A00001,3
P00236,A00244,4
P00237,A00673,1
P00237,A00341,2
P00237,A00825,3
P00237,A00194,4
P00237,A00805,5
P00237,A00690,6
P00237,A00063,7
P00237,A00826,8
P00237,A00460,9
P00237,A00827,10
P00237,A00804,11
P00238,A00828,1
P00238,A00826,2
P00238,A00829,3
P00238,A00341,4
P00238,A00830,5
P00238,A00690,6
P00238,A00831,7
P00238,A00691,8
P00238,A00832,9
P00238,A00833,10
P00238,A00834,11
P00238,A00835,12
P00239,A00200,1
P00239,A00082,2
P00239,A00491,3
P00239,A00836,4
P00239,A00535,5
P00239,A00512,6
P00239,A00837,7
P00239,A00521,8
P00240,A00838,1
P00240,A00471,2
P00240,A00839,3
P00240,A00840,4
P00240,A00841,5
P00241,A00001,1
P00241,A00364,2
P00241,A00489,3
P00241,A00004,4
P00241,A00003,5
P00241,A00102,6
P00242,A00004,1
P00243,A00004,1
P00243,A00065,2
P00243,A00842,3
P00243,A00671,4
P00243,A00554,5
P00243,A00843,6
P00243,A00521,7
P00243,A00031,8
P00243,A00688,9
P00243,A00687,10
P00243,A00675,11
P00243,A00522,12
P00243,A00844,13
P00243,A00845,14
P00243,A00846,15
P00243,A00847,16
P00243,A00526,17
P00243,A00419,18
P00243,A00009,19
P00243,A00698,20
P00243,A00848,21
P00243,A00696,22
P00243,A00196,23
P00243,A00740,24
P00243,A00573,25
P00243,A00300,26
P00243,A00414,27
P00243,A00348,28
P00243,A00328,29
P00243,A00632,30
P00243,A00849,31
P00243,A00850,32
P00243,A00851,33
P00244,A00004,1
P00244,A00852,2
P00244,A00853,3
P00244,A00854,4
P00244,A00855,5
P00244,A00856,6
P00244,A00554,7
P00244,A00857,8
P00244,A00858,9
P00244,A00859,10
P00244,A00860,11
P00244,A00432,12
P00244,A00092,13
P00244,A00088,14
P00244,A00094,15
P00244,A00090,16
P00244,A00041,17
P00244,A00437,18
P00244,A00435,19
P00244,A00861,20
P00244,A00192,21
P00244,A00862,22
P00244,A00229,23
P00244,A00863,24
P00244,A00864,25
P00244,A00865,26
P00244,A00866,27
P00244,A00867,28
P00244,A00553,29
P00244,A00699,30
P00244,A00700,31
P00244,A00087,32
P00244,A00226,33
P00244,A00095,34
P00244,A00868,35
P00244,A00869,36
P00244,A00581,37
P00244,A00870,38
P00244,A00871,39
P00244,A00872,40
P00244,A00873,41
P00244,A00535,42
P00244,A00476,43
P00244,A00348,44
P00244,A00874,45
P00244,A00875,46
P00244,A00876,47
P00244,A00434,48
P00244,A00091,49
P00244,A00877,50
P00244,A00445,51
P00244,A00878,52
P00244,A00879,53
P00244,A00880,54
P00244,A00881,55
P00244,A00882,56
P00244,A00883,57
P00244,A00884,58
P00244,A00885,59
P00244,A00886,60
P00244,A00887,61
P00244,A00888,62
P00244,A00388,63
P00244,A00889,64
P00244,A00890,65
P00244,A00223,66
P00244,A00686,67
P00244,A00891,68
P00244,A00892,69
P00244,A00893,70
P00244,A00894,71
P00244,A00895,72
P00244,A00896,73
P00244,A00897,74
P00244,A00898,75
P00244,A00899,76
P00244,A00900,77
P00244,A00901,78
P00244,A00902,79
P00244,A00522,80
P00244,A00521,81
P00244,A00216,82
P00244,A00009,83
P00244,A00446,84
P00244,A00534,85
P00244,A00016,86
P00244,A00079,87
P00244,A00813,88
P00244,A00671,89
P00244,A00001,90
P00244,A00903,91
P00244,A00904,92
P00244,A00232,93
P00244,A00289,94
P00244,A00905,95
P00244,A00906,96
P00244,A00907,97
P00244,A00908,98
P00244,A00909,99
P00244,A00453,100
P00244,A00910,101
P00244,A00911,102
P00245,A00912,1
P00245,A00913,2
P00245,A00914,3
P00245,A00915,4
P00245,A00916,5
P00245,A00917,6
P00246,A00281,1
P00246,A00289,2
P00246,A00264,3
P00246,A00608,4
P00246,A00918,5
P00246,A00919,6
P00246,A00920,7
P00246,A00291,8
P00247,A00471,1
P00247,A00004,2
P00247,A00921,3
P00247,A00328,4
P00247,A00922,5
P00247,A00001,6
P00247,A00534,7
P00247,A00671,8
P00247,A00554,9
P00247,A00556,10
P00247,A00923,11
P00247,A00522,12
P00247,A00112,13
P00247,A00698,14
P00247,A00348,15
P00248,A00015,1
P00248,A00924,2
P00248,A00009,3
P00248,A00925,4
P00248,A00017,5
P00248,A00529,6
P00248,A00556,7
P00248,A00844,8
P00248,A00522,9
P00248,A00554,10
P00249,A00696,1
P00249,A00004,2
P00249,A00926,3
P00249,A00557,4
P00249,A00923,5
P00249,A00698,6
P00250,A00534,1
P00251,A00015,1
P00251,A00925,2
P00251,A00017,3
P00251,A00926,4
P00251,A00003,5
P00251,A00674,6
P00251,A00685,7
P00251,A00004,8
P00252,A00471,1
P00252,A00004,2
P00252,A00463,3
P00253,A00711,1
P00253,A00490,2
P00253,A00393,3
P00253,A00351,4
P00253,A00003,5
P00253,A00927,6
P00254,A00355,1
P00254,A00001,2
P00254,A00840,3
P00254,A00677,4
P00254,A00672,5
P00254,A00676,6
P00254,A00148,7
P00254,A00133,8
P00254,A00146,9
P00254,A00678,10
P00254,A00679,11
P00255,A00355,1
P00255,A00001,2
P00255,A00840,3
P00255,A00148,4
P00255,A00146,5
P00255,A00903,6
P00255,A00678,7
P00255,A00679,8
P00256,A00090,1
P00256,A00004,2
P00256,A00928,3
P00256,A00668,4
P00257,A00432,1
P00257,A00005,2
P00257,A00353,3
P00257,A00351,4
P00257,A00112,5
P00257,A00435,6
P00257,A00929,7
P00257,A00869,8
P00257,A00930,9
P00257,A00225,10
P00257,A00236,11
P00257,A00230,12
P00257,A00433,13
P00257,A00931,14
P00257,A00094,15
P00257,A00553,16
P00257,A00087,17
P00257,A00873,18
P00257,A00870,19
P00257,A00932,20
P00257,A00872,21
P00257,A00041,22
P00257,A00437,23
P00258,A00386,1
P00258,A00001,2
P00258,A00148,3
P00258,A00933,4
P00258,A00505,5
P00258,A00009,6
P00259,A00386,1
P00259,A00017,2
P00259,A00145,3
P00259,A00001,4
P00259,A00471,5
P00259,A00148,6
P00259,A00146,7
P00259,A00232,8
P00259,A00213,9
P00259,A00934,10
P00259,A00009,11
P00260,A00935,1
P00260,A00936,2
P00260,A00937,3
P00260,A00938,4
P00260,A00746,5
P00260,A00824,6
P00261,A00477,1
P00261,A00001,2
P00261,A00939,3
P00261,A00940,4
P00261,A00941,5
P00261,A00942,6
P00261,A00505,7
P00262,A00943,1
P00262,A00728,2
P00262,A00944,3
P00262,A00341,4
P00262,A00804,5
P00262,A00945,6
P00262,A00063,7
P00263,A00946,1
P00263,A00947,2
P00263,A00948,3
P00263,A00289,4
P00263,A00672,5
P00263,A00949,6
P00263,A00673,7
P00263,A00950,8
P00263,A00677,9
P00263,A00951,10
P00263,A00952,11
P00263,A00953,12
P00264,A00203,1
P00264,A00954,2
P00264,A00004,3
P00264,A00001,4
P00264,A00127,5
P00265,A00001,1
P00265,A00002,2
P00265,A00133,3
P00265,A00612,4
P00265,A00379,5
P00265,A00003,6
P00265,A00004,7
P00265,A00955,8
P00266,A00956,1
P00266,A00957,2
P00266,A00922,3
P00266,A00487,4
P00266,A00289,5
P00266,A00692,6
P00267,A00956,1
P00267,A00957,2
P00267,A00922,3
P00267,A00289,4
P00267,A00592,5
P00267,A00698,6
P00267,A00958,7
P00267,A00692,8
P00268,A00928,1
P00268,A00090,2
P00268,A00668,3
P00268,A00041,4
P00268,A00669,5
P00268,A00001,6
P00268,A00146,7
P00269,A00959,1
P00269,A00960,2
P00269,A00961,3
P00270,A00791,1
P00270,A00962,2
P00270,A00567,3
P00270,A00001,4
P00270,A00289,5
P00271,A00520,1
P00271,A00963,2
P00271,A00015,3
P00271,A00022,4
P00272,A00140,1
P00272,A00341,2
P00272,A00063,3
P00272,A00342,4
P00272,A00194,5
P00273,A00001,1
P00273,A00477,2
P00273,A00386,3
P00273,A00044,4
P00273,A00003,5
P00273,A00189,6
P00273,A00004,7
P00273,A00289,8
P00273,A00619,9
P00273,A00964,10
P00274,A00683,1
P00274,A00001,2
P00274,A00940,3
P00274,A00424,4
P00274,A00720,5
P00274,A00965,6
P00274,A00966,7
P00274,A00888,8
P00274,A00967,9
P00274,A00344,10
P00274,A00592,11
P00274,A00698,12
P00274,A00566,13
P00274,A00593,14
P00274,A00968,15
P00274,A00969,16
P00274,A00970,17
P00274,A00446,18
P00274,A00788,19
P00274,A00789,20
P00275,A00971,1
P00275,A00972,2
P00275,A00045,3
P00275,A00048,4
P00275,A00041,5
P00275,A00051,6
P00275,A00093,7
P00275,A00086,8
P00275,A00053,9
P00276,A00131,1
P00276,A00477,2
P00276,A00963,3
P00276,A00137,4
P00276,A00602,5
P00276,A00133,6
P00277,A00093,1
P00277,A00086,2
P00277,A00222,3
P00277,A00468,4
P00277,A00707,5
P00277,A00052,6
P00277,A00045,7
P00277,A00670,8
P00277,A00678,9
P00277,A00334,10
P00277,A00973,11
P00277,A00041,12
P00277,A00974,13
P00277,A00975,14
P00277,A00238,15
P00277,A00976,16
P00277,A00977,17
P00278,A00978,1
P00278,A00482,2
P00278,A00001,3
P00278,A00484,4
P00278,A00483,5
P00278,A00146,6
P00278,A00379,7
P00278,A00003,8
P00278,A00979,9
P00279,A00980,1
P00279,A00981,2
P00279,A00982,3
P00279,A00983,4
P00279,A00984,5
P00280,A00130,1
P00280,A00131,2
P00280,A00001,3
P00280,A00661,4
P00280,A00132,5
P00280,A00985,6
P00280,A00198,7
P00280,A00189,8
P00280,A00003,9
P00281,A00355,1
P00281,A00986,2
P00281,A00001,3
P00281,A00676,4
P00281,A00356,5
P00281,A00198,6
P00281,A00147,7
P00281,A00146,8
P00281,A00534,9
P00282,A00987,1
P00282,A00988,2
P00282,A00130,3
P00282,A00131,4
P00282,A00989,5
P00282,A00080,6
P00282,A00001,7
P00282,A00190,8
P00283,A00140,1
P00283,A00341,2
P00283,A00063,3
P00283,A00342,4
P00283,A00194,5
P00283,A00139,6
P00284,A00990,1
P00284,A00672,2
P00284,A00953,3
P00284,A00677,4
P00284,A00289,5
P00284,A00991,6
P00284,A00992,7
P00284,A00993,8
P00284,A00994,9
P00284,A00341,10
P00284,A00676,11
P00284,A00149,12
P00284,A00995,13
P00284,A00996,14
P00284,A00997,15
P00285,A00366,1
P00285,A00217,2
P00285,A00497,3
P00285,A00663,4
P00285,A00998,5
P00285,A00999,6
P00285,A01000,7
P00285,A00349,8
P00285,A00003,9
P00286,A01001,1
P00286,A00086,2
P00286,A00051,3
P00286,A00817,4
P00286,A00112,5
P00286,A01002,6
P00286,A00041,7
P00286,A01003,8
P00286,A00434,9
P00286,A01004,10
P00286,A00087,11
P00286,A01005,12
P00286,A00870,13
P00286,A00637,14
P00286,A01006,15
P00286,A00553,16
P00286,A00236,17
P00286,A00225,18
P00286,A00226,19
P00286,A00802,20
P00286,A00094,21
P00286,A01007,22
P00286,A00088,23
P00286,A00095,24
P00286,A00559,25
P00286,A00089,26
P00286,A00581,27
P00286,A01008,28
P00286,A01009,29
P00286,A00437,30
P00286,A01010,31
P00286,A01011,32
P00286,A01012,33
P00286,A01013,34
P00286,A00497,35
P00286,A00521,36
P00287,A01014,1
P00287,A01015,2
P00287,A00482,3
P00287,A00978,4
P00287,A01016,5
P00287,A00979,6
P00287,A00146,7
P00288,A00790,1
P00288,A00419,2
P00289,A00614,1
P00289,A00086,2
P00289,A00817,3
P00289,A00112,4
P00290,A00133,1
P00290,A00130,2
P00290,A00198,3
P00290,A00131,4
P00290,A01017,5
P00290,A00589,6
P00290,A01018,7
P00290,A00526,8
P00290,A00602,9
P00290,A01019,10
P00291,A00711,1
P00291,A00490,2
P00291,A00393,3
P00291,A00534,4
P00291,A00139,5
P00291,A00518,6
P00291,A00813,7
P00292,A01014,1
P00292,A00482,2
P00292,A01020,3
P00292,A01015,4
P00292,A00978,5
P00292,A01016,6
P00293,A01021,1
P00293,A01022,2
P00293,A00491,3
P00293,A01023,4
P00293,A00678,5
P00293,A00801,6
P00293,A00334,7
P00293,A00333,8
P00293,A00432,9
P00294,A00289,1
P00294,A00364,2
P00294,A00115,3
P00294,A01024,4
P00294,A01025,5
P00294,A01026,6
P00294,A00366,7
P00295,A00711,1
P00295,A00490,2
P00296,A00132,1
P00296,A00477,2
P00296,A00001,3
P00296,A00353,4
P00296,A00003,5
P00297,A00614,1
P00297,A00615,2
P00297,A00131,3
P00297,A00001,4
P00297,A00366,5
P00297,A00133,6
P00297,A00003,7
P00298,A00133,1
P00298,A00393,2
P00298,A01027,3
P00298,A01028,4
P00298,A00015,5
P00298,A00357,6
P00298,A00144,7
P00298,A00131,8
P00298,A01029,9
P00298,A00596,10
P00298,A01030,11
P00298,A01031,12
P00298,A01032,13
P00299,A00289,1
P00299,A00584,2
P00299,A01033,3
P00300,A01034,1
P00300,A00947,2
P00300,A01035,3
P00300,A00948,4
P00300,A01036,5
P00300,A00462,6
P00300,A01037,7
P00300,A00459,8
P00300,A01038,9
P00300,A01039,10
P00301,A01040,1
P00301,A00473,2
P00301,A00468,3
P00301,A00289,4
P00301,A00001,5
P00302,A00144,1
P00302,A00384,2
P00302,A00471,3
P00302,A00146,4
P00302,A00131,5
P00302,A00149,6
P00302,A00289,7
P00302,A00365,8
P00302,A00390,9
P00302,A00389,10
P00303,A01041,1
P00303,A01042,2
P00303,A00015,3
P00303,A01043,4
P00303,A01044,5
P00303,A01045,6
P00303,A01046,7
P00303,A01047,8
P00303,A01048,9
P00304,A01049,1
P00304,A00086,2
P00304,A00051,3
P00304,A00817,4
P00304,A00434,5
P00304,A01050,6
P00305,A01051,1
P00305,A01042,2
P00305,A01052,3
P00305,A01053,4
P00306,A00806,1
P00307,A00624,1
P00307,A00133,2
P00307,A00589,3
P00307,A00941,4
P00308,A01054,1
P00308,A00090,2
P00309,A00584,1
P00309,A00001,2
P00309,A00289,3
P00309,A00468,4
P00309,A01055,5
P00309,A01056,6
P00310,A00391,1
P00310,A00490,2
P00311,A00386,1
P00311,A00001,2
P00311,A00105,3
P00311,A01057,4
P00311,A00660,5
P00311,A00019,6
P00311,A00505,7
P00311,A00017,8
P00311,A00009,9
P00311,A00110,10
P00311,A00477,11
P00312,A00198,1
P00312,A00200,2
P00312,A00133,3
P00312,A01058,4
P00312,A00289,5
P00312,A01059,6
P00312,A01060,7
P00312,A00350,8
P00312,A00146,9
P00313,A01061,1
P00313,A00387,2
P00313,A00490,3
P00313,A01062,4
P00314,A01063,1
P00314,A00355,2
P00314,A00001,3
P00314,A00678,4
P00314,A01064,5
P00314,A01065,6
P00314,A01066,7
P00315,A01067,1
P00315,A00090,2
P00315,A01068,3
P00316,A00130,1
P00316,A00001,2
P00316,A00131,3
P00316,A00614,4
P00316,A00133,5
P00316,A00132,6
P00316,A00009,7
P00316,A00005,8
P00316,A00086,9
P00316,A00045,10
P00317,A00289,1
P00317,A00468,2
P00317,A00474,3
P00317,A00476,4
P00318,A00130,1
P00318,A00614,2
P00318,A01069,3
P00318,A00366,4
P00318,A00131,5
P00318,A00001,6
P00318,A00133,7
P00318,A00146,8
P00318,A00003,9
P00319,A00225,1
P00319,A00041,2
P00319,A00236,3
P00319,A00230,4
P00319,A00092,5
P00319,A00095,6
P00319,A00088,7
P00319,A00094,8
P00319,A00087,9
P00319,A00534,10
P00319,A00004,11
P00319,A00053,12
P00319,A00226,13
P00319,A00869,14
P00319,A00437,15
P00320,A00956,1
P00320,A00957,2
P00320,A00484,3
P00320,A00922,4
P00320,A00004,5
P00320,A00289,6
P00320,A00692,7
P00321,A01070,1
P00321,A00050,2
P00321,A01071,3
P00321,A01072,4
P00321,A01073,5
P00321,A00944,6
P00321,A01074,7
P00321,A01075,8
P00321,A01076,9
P00321,A00486,10
P00321,A01077,11
P00321,A00559,12
P00321,A00053,13
P00321,A01078,14
P00321,A00136,15
P00321,A00092,16
P00321,A00041,17
P00321,A00434,18
P00321,A00089,19
P00322,A01003,1
P00322,A00041,2
P00322,A00087,3
P00322,A00553,4
P00322,A00437,5
P00322,A00086,6
P00322,A01007,7
P00322,A00559,8
P00322,A00094,9
P00322,A01005,10
P00322,A00870,11
P00322,A00637,12
P00322,A01006,13
P00322,A00146,14
P00322,A00977,15
P00322,A00581,16
P00322,A01009,17
P00322,A01008,18
P00322,A00435,19
P00322,A00053,20
P00322,A00802,21
P00323,A00791,1
P00323,A00443,2
P00324,A00341,1
P00324,A00194,2
P00324,A00342,3
P00324,A00139,4
P00324,A00673,5
P00324,A00804,6
P00324,A00063,7
P00324,A01079,8
P00325,A00801,1
P00325,A00803,2
P00325,A00333,3
P00325,A00802,4
P00326,A00380,1
P00327,A00584,1
P00327,A01080,2
P00327,A00289,3
P00327,A00468,4
P00327,A01055,5
P00327,A01081,6
P00328,A00220,1
P00328,A00216,2
P00328,A00017,3
P00328,A00251,4
P00329,A01082,1
P00329,A01083,2
P00329,A00176,3
P00329,A01084,4
P00329,A01085,5
P00329,A01086,6
P00329,A01087,7
P00329,A01088,8
P00329,A01089,9
P00329,A01090,10
P00329,A01091,11
P00330,A00915,1
P00330,A01092,2
P00330,A00067,3
P00330,A00544,4
P00330,A01093,5
P00330,A01094,6
P00331,A01095,1
P00331,A01096,2
P00331,A01097,3
P00332,A00615,1
P00332,A00001,2
P00332,A00963,3
P00332,A00131,4
P00332,A00132,5
P00333,A00130,1
P00333,A00001,2
P00333,A01098,3
P00333,A01099,4
P00333,A00131,5
P00333,A00132,6
P00333,A00661,7
P00333,A00189,8
P00333,A00985,9
P00334,A00477,1
P00334,A00001,2
P00334,A00133,3
P00335,A00130,1
P00335,A00001,2
P00335,A00131,3
P00335,A00614,4
P00335,A00133,5
P00335,A00132,6
P00335,A00009,7
P00335,A00005,8
P00336,A00624,1
P00336,A00133,2
P00336,A01100,3
P00336,A00941,4
P00336,A00589,5
P00337,A00946,1
P00337,A00949,2
P00337,A01101,3
P00337,A01102,4
P00337,A01103,5
P00337,A01104,6
P00337,A01044,7
P00338,A00366,1
P00339,A01026,1
P00339,A00364,2
P00339,A01105,3
P00339,A00289,4
P00339,A00443,5
P00339,A00146,6
P00340,A00806,1
P00340,A00810,2
P00340,A00807,3
P00340,A01106,4
P00341,A00341,1
P00341,A00194,2
P00341,A00342,3
P00341,A01107,4
P00341,A00084,5
P00341,A00139,6
P00341,A01108,7
P00341,A00534,8
P00341,A00429,9
P00341,A00063,10
P00342,A00477,1
P00342,A00001,2
P00342,A00002,3
P00342,A00133,4
P00342,A00009,5
P00342,A00526,6
P00342,A00004,7
P00342,A00351,8
P00342,A00540,9
P00343,A00086,1
P00343,A01109,2
P00343,A00802,3
P00343,A00575,4
P00343,A00052,5
P00343,A00009,6
P00343,A00017,7
P00343,A00112,8
P00343,A00817,9
P00343,A00051,10
P00343,A00121,11
P00343,A00540,12
P00344,A00828,1
P00344,A00690,2
P00344,A00805,3
P00344,A01110,4
P00344,A01111,5
P00344,A00696,6
P00344,A00004,7
P00344,A00341,8
P00344,A00462,9
P00344,A00463,10
P00344,A00460,11
P00344,A01024,12
P00344,A01112,13
P00344,A00063,14
P00344,A00827,15
P00345,A00956,1
P00345,A00957,2
P00345,A00692,3
P00345,A00922,4
P00345,A00328,5
P00345,A00004,6
P00345,A00923,7
P00345,A00543,8
P00346,A00660,1
P00346,A00485,2
P00346,A01113,3
P00346,A00498,4
P00346,A01114,5
P00347,A00341,1
P00347,A00342,2
P00348,A00045,1
P00348,A00120,2
P00348,A00052,3
P00348,A00041,4
P00348,A00053,5
P00348,A00435,6
P00348,A00121,7
P00348,A00122,8
P00348,A01115,9
P00348,A00091,10
P00348,A01116,11
P00348,A00048,12
P00348,A00086,13
P00348,A01117,14
P00348,A01118,15
P00348,A00354,16
P00348,A01119,17
P00348,A00180,18
P00348,A00081,19
P00348,A00678,20
P00348,A00092,21
P00348,A00095,22
P00348,A00437,23
P00348,A00098,24
P00349,A01120,1
P00349,A00582,2
P00349,A00275,3
P00349,A00583,4
P00350,A01121,1
P00350,A01122,2
P00350,A00716,3
P00350,A00259,4
P00350,A00045,5
P00350,A00086,6
P00350,A01123,7
P00350,A01124,8
P00350,A00602,9
P00350,A00540,10
P00350,A01125,11
P00350,A00918,12
P00351,A01126,1
P00351,A00947,2
P00351,A00146,3
P00351,A00672,4
P00351,A00963,5
P00351,A00419,6
P00352,A00956,1
P00352,A00957,2
P00352,A00922,3
P00352,A00538,4
P00352,A00692,5
P00352,A00923,6
P00352,A00289,7
P00352,A00004,8
P00352,A00543,9
P00352,A00328,10
P00353,A00956,1
P00353,A00384,2
P00353,A00957,3
P00353,A00922,4
P00353,A00004,5
P00354,A00477,1
P00354,A00001,2
P00354,A00009,3
P00354,A00004,4
P00355,A01127,1
P00355,A00486,2
P00355,A00004,3
P00355,A01128,4
P00355,A00009,5
P00355,A00016,6
P00355,A01129,7
P00355,A00698,8
P00355,A01130,9
P00355,A01131,10
P00355,A01132,11
P00355,A00112,12
P00356,A00698,1
P00356,A00518,2
P00356,A01131,3
P00356,A00572,4
P00356,A01133,5
P00356,A01134,6
P00356,A01130,7
P00356,A01135,8
P00356,A01136,9
P00357,A00486,1
P00357,A01127,2
P00357,A00534,3
P00357,A00004,4
P00357,A00698,5
P00357,A00009,6
P00357,A00016,7
P00357,A01129,8
P00357,A01137,9
P00358,A00139,1
P00358,A01079,2
P00358,A00341,3
P00358,A00343,4
P00358,A00143,5
P00358,A01138,6
P00358,A00194,7
P00358,A01139,8
P00358,A01140,9
P00358,A01141,10
P00358,A01142,11
P00358,A01143,12
P00358,A00407,13
P00358,A00004,14
P00358,A00923,15
P00358,A00698,16
P00358,A01144,17
P00358,A00348,18
P00359,A01145,1
P00359,A00445,2
P00359,A00019,3
P00359,A00703,4
P00359,A00807,5
P00359,A00043,6
P00359,A00044,7
P00359,A00504,8
P00360,A00486,1
P00360,A00004,2
P00360,A00534,3
P00360,A00531,4
P00360,A00009,5
P00360,A00016,6
P00360,A01146,7
P00360,A00698,8
P00360,A00196,9
P00361,A00015,1
P00361,A00003,2
P00361,A00544,3
P00361,A00016,4
P00361,A00527,5
P00361,A00486,6
P00361,A00534,7
P00361,A00004,8
P00361,A00112,9
P00362,A01147,1
P00362,A01148,2
P00362,A00378,3
P00362,A01149,4
P00363,A00684,1
P00363,A01150,2
P00363,A00004,3
P00363,A00486,4
P00363,A00675,5
P00363,A00009,6
P00363,A00698,7
P00363,A01151,8
P00364,A00341,1
P00364,A00139,2
P00364,A00146,3
P00364,A00194,4
P00364,A01079,5
P00364,A00143,6
P00364,A00534,7
P00364,A01107,8
P00364,A00698,9
P00364,A00342,10
P00364,A00468,11
P00364,A00473,12
P00364,A00486,13
P00364,A00348,14
P00364,A00003,15
P00365,A00015,1
P00365,A00544,2
P00365,A00003,3
P00366,A00684,1
P00366,A00004,2
P00366,A00471,3
P00366,A00698,4
P00366,A00419,5
P00366,A00675,6
P00366,A00551,7
P00366,A01150,8
P00367,A01152,1
P00367,A01153,2
P00367,A00503,3
P00367,A01154,4
P00368,A00341,1
P00368,A00342,2
P00368,A00139,3
P00368,A00194,4
P00368,A01155,5
P00368,A01156,6
P00368,A00004,7
P00369,A00534,1
P00369,A00538,2
P00369,A01157,3
P00369,A01158,4
P00369,A00790,5
P00369,A00733,6
P00369,A01145,7
P00369,A01159,8
P00369,A00922,9
P00369,A01160,10
P00369,A00049,11
P00369,A01161,12
P00369,A01162,13
P00369,A00748,14
P00369,A00553,15
P00369,A00552,16
P00370,A00486,1
P00370,A00534,2
P00370,A00004,3
P00370,A00001,4
P00371,A00922,1
P00371,A00957,2
P00371,A01163,3
P00371,A00543,4
P00371,A00004,5
P00371,A01164,6
P00371,A01165,7
P00371,A00001,8
P00371,A00471,9
P00371,A00698,10
P00371,A00289,11
P00371,A00538,12
P00371,A01144,13
P00371,A00556,14
P00371,A00419,15
P00371,A00554,16
P00371,A00557,17
P00372,A00827,1
P00372,A00922,2
P00372,A01166,3
P00372,A00956,4
P00372,A00957,5
P00372,A01167,6
P00372,A01168,7
P00372,A01169,8
P00372,A01164,9
P00372,A01170,10
P00372,A01171,11
P00372,A00004,12
P00372,A00923,13
P00372,A00671,14
P00372,A00554,15
P00373,A01172,1
P00373,A01173,2
P00373,A01174,3
P00373,A01175,4
P00373,A00983,5
P00373,A01176,6
P00373,A00534,7
P00373,A01177,8
P00373,A00554,9
P00373,A00698,10
P00374,A00548,1
P00374,A00591,2
P00374,A00477,3
P00374,A00520,4
P00374,A00004,5
P00374,A00009,6
P00374,A01178,7
P00374,A00547,8
P00375,A00477,1
P00375,A00001,2
P00375,A00520,3
P00375,A00471,4
P00375,A00004,5
P00375,A00009,6
P00375,A00517,7
P00376,A00341,1
P00376,A00342,2
P00376,A00194,3
P00376,A00534,4
P00376,A00343,5
P00376,A01079,6
P00376,A00139,7
P00377,A01179,1
P00377,A01085,2
P00377,A00004,3
P00377,A00825,4
P00377,A01180,5
P00377,A00534,6
P00377,A00715,7
P00377,A01181,8
P00377,A00671,9
P00377,A00554,10
P00378,A00790,1
P00378,A00534,2
P00378,A01157,3
P00378,A00538,4
P00378,A00733,5
P00378,A00922,6
P00378,A01182,7
P00378,A00289,8
P00379,A00544,1
P00379,A00015,2
P00379,A00003,3
P00379,A00017,4
P00380,A00578,1
P00380,A00089,2
P00380,A00579,3
P00380,A00559,4
P00380,A00040,5
P00380,A00580,6
P00380,A00086,7
P00380,A00041,8
P00380,A00053,9
P00380,A00095,10
P00380,A00112,11
P00380,A00519,12
P00380,A00575,13
P00380,A00092,14
P00380,A00088,15
P00380,A00094,16
P00380,A00581,17
P00380,A00437,18
P00380,A01183,19
P00381,A00289,1
P00381,A00127,2
P00382,A01026,1
P00382,A00289,2
P00382,A00364,3
P00382,A00443,4
P00382,A01024,5
P00382,A00366,6
P00383,A00614,1
P00383,A00130,2
P00383,A00001,3
P00383,A00131,4
P00383,A00366,5
P00383,A00133,6
P00383,A00003,7
P00384,A00146,1
P00384,A00671,2
P00384,A00554,3
P00384,A00842,4
P00384,A00486,5
P00384,A00419,6
P00384,A00847,7
P00384,A00344,8
P00384,A01184,9
P00384,A00522,10
P00384,A00009,11
P00384,A00139,12
P00384,A00341,13
P00384,A00698,14
P00384,A00471,15
P00384,A00947,16
P00384,A01185,17
P00385,A01186,1
P00385,A00737,2
P00385,A01187,3
P00386,A00669,1
P00386,A00734,2
P00386,A00001,3
P00386,A00090,4
P00386,A00534,5
P00386,A00733,6
P00386,A01162,7
P00386,A00670,8
P00386,A01188,9
P00386,A00245,10
P00386,A00243,11
P00386,A00041,12
P00386,A01189,13
P00386,A01190,14
P00386,A00668,15
P00387,A01120,1
P00387,A00582,2
P00387,A00275,3
P00387,A00583,4
P00388,A00620,1
P00388,A01191,2
P00388,A00054,3
P00388,A00027,4
P00388,A00623,5
P00389,A01061,1
P00389,A00387,2
P00389,A00490,3
P00389,A01062,4
P00390,A00176,1
P00390,A01192,2
P00390,A01193,3
P00390,A00673,4
P00390,A01194,5
P00390,A00177,6
P00391,A00194,1
P00391,A01195,2
P00391,A00342,3
P00391,A00341,4
P00391,A00139,5
P00391,A00534,6
P00392,A00194,1
P00392,A00139,2
P00392,A00341,3
P00392,A01032,4
P00392,A00534,5
P00392,A00143,6
P00392,A00348,7
P00392,A00812,8
P00392,A00813,9
P00393,A00063,1
P00393,A01196,2
P00393,A00341,3
P00393,A00342,4
P00393,A00784,5
P00393,A00325,6
P00393,A01145,7
P00393,A01197,8
P00393,A00805,9
P00393,A00688,10
P00393,A00866,11
P00393,A01198,12
P00393,A00009,13
P00393,A00534,14
P00393,A00738,15
P00393,A01199,16
P00393,A01200,17
P00394,A00194,1
P00394,A00139,2
P00394,A00341,3
P00394,A01201,4
P00394,A00534,5
P00395,A00133,1
P00395,A00001,2
P00395,A00130,3
P00395,A00003,4
P00395,A00086,5
P00395,A00539,6
P00395,A00478,7
P00395,A00005,8
P00396,A00486,1
P00397,A00100,1
P00397,A00379,2
P00397,A00380,3
P00397,A00016,4
P00397,A00009,5
P00397,A00112,6
P00397,A00733,7
P00398,A01202,1
P00398,A01203,2
P00398,A01204,3
P00398,A00106,4
P00398,A01205,5
P00398,A00687,6
P00398,A00009,7
P00398,A01206,8
P00398,A00593,9
P00398,A01207,10
P00398,A01208,11
P00398,A01185,12
P00398,A01209,13
P00398,A00379,14
P00398,A00707,15
P00398,A00455,16
P00398,A00485,17
P00398,A00968,18
P00398,A01210,19
P00398,A01211,20
P00398,A01212,21
P00398,A01213,22
P00398,A00824,23
P00398,A00566,24
P00398,A01214,25
P00399,A00386,1
P00399,A00471,2
P00399,A00146,3
P00399,A00017,4
P00399,A00232,5
P00400,A00001,1
P00400,A00682,2
P00400,A00133,3
P00400,A00003,4
P00400,A00004,5
P00400,A00788,6
P00400,A00789,7
P00400,A00519,8
P00401,A00001,1
P00401,A00130,2
P00402,A01215,1
P00403,A01216,1
P00403,A01217,2
P00403,A01218,3
P00403,A00582,4
P00403,A00275,5
P00404,A00082,1
P00404,A00473,2
P00404,A00485,3
P00404,A01219,4
P00404,A01220,5
P00404,A01221,6
P00404,A00130,7
P00404,A00003,8
P00405,A00684,1
P00405,A01151,2
P00405,A01222,3
P00405,A00828,4
P00407,A00001,1
P00407,A00477,2
P00407,A00082,3
P00407,A00004,4
P00407,A00486,5
P00408,A01223,1
P00408,A01224,2
P00409,A00407,1
P00409,A01195,2
P00409,A01225,3
P00409,A01226,4
P00409,A00194,5
P00409,A00139,6
P00409,A00362,7
P00410,A00379,1
P00410,A00380,2
P00410,A00337,3
P00410,A01227,4
P00410,A01228,5
P00410,A00362,6
P00411,A00002,1
P00411,A00534,2
P00411,A01229,3
P00412,A01230,1
P00412,A01231,2
P00412,A01232,3
P00412,A01233,4
P00412,A01234,5
P00412,A01235,6
P00412,A01236,7
P00412,A00498,8
P00412,A00004,9
P00412,A00556,10
P00412,A01237,11
P00412,A00508,12
P00412,A01157,13
P00412,A01238,14
P00412,A01239,15
P00412,A00723,16
P00412,A01240,17
P00412,A01241,18
P00412,A01242,19
P00412,A01243,20
P00412,A01244,21
P00412,A01245,22
P00412,A00471,23
P00412,A01246,24
P00412,A00848,25
P00413,A00486,1
P00413,A01247,2
P00413,A00534,3
P00413,A01248,4
P00413,A01249,5
P00413,A01250,6
P00413,A01251,7
P00413,A01252,8
P00413,A01253,9
P00413,A01254,10
P00413,A00965,11
P00413,A01255,12
P00413,A01256,13
P00413,A01257,14
P00413,A01258,15
P00414,A00009,1
P00414,A00414,2
P00414,A00015,3
P00414,A00017,4
P00414,A00528,5
P00414,A00112,6
P00414,A00527,7
P00414,A00442,8
P00414,A00016,9
P00414,A00529,10
P00414,A01129,11
P00414,A00004,12
P00414,A00698,13
P00414,A00486,14
P00414,A00534,15
P00414,A00079,16
P00414,A00842,17
P00414,A00671,18
P00414,A00923,19
P00414,A00522,20
P00414,A01259,21
P00414,A00575,22
P00414,A00086,23
P00414,A00325,24
P00414,A00341,25
P00415,A00128,1
P00415,A00573,2
P00415,A00004,3
P00415,A00557,4
P00415,A00554,5
P00415,A01181,6
P00415,A01165,7
P00415,A00534,8
P00415,A00555,9
P00415,A00418,10
P00415,A00486,11
P00415,A01260,12
P00415,A00348,13
P00415,A00849,14
P00415,A00196,15
P00415,A00698,16
P00415,A00009,17
P00415,A00934,18
P00416,A01261,1
P00416,A00041,2
P00416,A00089,3
P00416,A00580,4
P00416,A01260,5
P00416,A01262,6
P00416,A01263,7
P00416,A01264,8
P00416,A00003,9
P00416,A00245,10
P00416,A00017,11
P00417,A00341,1
P00417,A00139,2
P00417,A00194,3
P00417,A01079,4
P00417,A01139,5
P00417,A00146,6
P00417,A00534,7
P00417,A00143,8
P00417,A00342,9
P00417,A00486,10
P00417,A00698,11
P00418,A01265,1
P00418,A00379,2
P00418,A01266,3
P00418,A01267,4
P00418,A01268,5
P00418,A01269,6
P00419,A00128,1
P00419,A00017,2
P00419,A00004,3
P00419,A00009,4
P00419,A00557,5
P00419,A00923,6
P00419,A00573,7
P00419,A00348,8
P00420,A00712,1
P00420,A00004,2
P00420,A00926,3
P00420,A00009,4
P00420,A00463,5
P00420,A00471,6
P00420,A01270,7
P00420,A00557,8
P00420,A00922,9
P00421,A00001,1
P00421,A00477,2
P00421,A00082,3
P00421,A00520,4
P00421,A00004,5
P00421,A00486,6
P00421,A00521,7
P00421,A00554,8
P00421,A00522,9
P00421,A00432,10
P00421,A00005,11
P00421,A00045,12
P00421,A00545,13
P00421,A00564,14
P00421,A00550,15
P00422,A00015,1
P00422,A00017,2
P00422,A00485,3
P00422,A00003,4
P00422,A01271,5
P00422,A00544,6
P00423,A00575,1
P00423,A00086,2
P00423,A00009,3
P00423,A01272,4
P00423,A01273,5
P00423,A00529,6
P00423,A00903,7
P00424,A00825,1
P00425,A00520,1
P00425,A00477,2
P00425,A00001,3
P00425,A00004,4
P00425,A00009,5
P00425,A00017,6
P00425,A00015,7
P00425,A00554,8
P00425,A00555,9
P00425,A00522,10
P00426,A00712,1
P00426,A00001,2
P00426,A00926,3
P00426,A00004,4
P00426,A00922,5
P00426,A01270,6
P00427,A01274,1
P00427,A00127,2
P00427,A00017,3
P00427,A00009,4
P00428,A00133,1
P00428,A00001,2
P00428,A00477,3
P00428,A00003,4
P00429,A00194,1
P00429,A00139,2
P00429,A00341,3
P00429,A01032,4
P00429,A00812,5
P00429,A01079,6
P00429,A00348,7
P00429,A00813,8
P00430,A01275,1
P00430,A00927,2
P00430,A00711,3
P00431,A00019,1
P00431,A00015,2
P00431,A00009,3
P00431,A00017,4
P00432,A01276,1
P00432,A01157,2
P00432,A01277,3
P00432,A00534,4
P00432,A00127,5
P00433,A00289,1
P00433,A00962,2
P00433,A01278,3
P00434,A00366,1
P00434,A00477,2
P00434,A00001,3
P00434,A00497,4
P00434,A01279,5
P00434,A00998,6
P00434,A01280,7
P00434,A00999,8
P00434,A00349,9
P00434,A01000,10
P00434,A01281,11
P00435,A00328,1
P00435,A00692,2
P00435,A01282,3
P00435,A00145,4
P00435,A00004,5
P00435,A00471,6
P00436,A00001,1
P00436,A00786,2
P00436,A00003,3
P00436,A00004,4
P00437,A01283,1
P00437,A01284,2
P00437,A00128,3
P00437,A00002,4
P00437,A00009,5
P00438,A01285,1
P00438,A00001,2
P00438,A01286,3
P00438,A00610,4
P00438,A00507,5
P00438,A00003,6
P00438,A00004,7
P00439,A00468,1
P00439,A00486,2
P00439,A00289,3
P00439,A01287,4
P00439,A00470,5
P00439,A00366,6
P00439,A01288,7
P00439,A00473,8
P00439,A00200,9
P00439,A00584,10
P00439,A00393,11
P00440,A01283,1
P00440,A01284,2
P00440,A00128,3
P00440,A00002,4
P00440,A00043,5
P00440,A01289,6
P00440,A00632,7
P00441,A01290,1
P00441,A00001,2
P00441,A00482,3
P00441,A00148,4
P00441,A00009,5
P00441,A00146,6
P00441,A00005,7
P00443,A00455,1
P00443,A00009,2
P00443,A00001,3
P00443,A01291,4
P00443,A00019,5
P00443,A00035,6
P00443,A00100,7
P00443,A00102,8
P00443,A01292,9
P00443,A00112,10
P00443,A01293,11
P00443,A00016,12
P00443,A00588,13
P00443,A00379,14
P00443,A01294,15
P00443,A01002,16
P00444,A00045,1
P00444,A00048,2
P00444,A00117,3
P00444,A00052,4
P00444,A01295,5
P00444,A00602,6
P00444,A00136,7
P00445,A01053,1
P00445,A01296,2
P00445,A01297,3
P00445,A01102,4
P00445,A00736,5
P00446,A00112,1
P00446,A00698,2
P00446,A00443,3
P00446,A00791,4
P00447,A00355,1
P00447,A00001,2
P00447,A00130,3
P00447,A00133,4
P00447,A01298,5
P00447,A00534,6
P00447,A00486,7
P00448,A00971,1
P00448,A01299,2
P00448,A00086,3
P00448,A00434,4
P00448,A00121,5
P00448,A00045,6
P00449,A00956,1
P00449,A00692,2
P00449,A00328,3
P00449,A01300,4
P00449,A01301,5
P00449,A00922,6
P00449,A00957,7
P00449,A00136,8
P00450,A00009,1
P00451,A01283,1
P00451,A01284,2
P00451,A01185,3
P00451,A00035,4
P00451,A00043,5
P00451,A01302,6
P00451,A00632,7
P00452,A01303,1
P00452,A00086,2
P00452,A00988,3
P00452,A01304,4
P00452,A01305,5
P00452,A00282,6
P00452,A01306,7
P00453,A01307,1
P00453,A00988,2
P00453,A00628,3
P00453,A01308,4
P00453,A01035,5
P00453,A01309,6
P00454,A01310,1
P00454,A01311,2
P00454,A00001,3
P00454,A00386,4
P00454,A01312,5
P00455,A00075,1
P00456,A00503,1
P00457,A00344,1
P00457,A00194,2
P00457,A01313,3
P00457,A00054,4
P00457,A00893,5
P00457,A01314,6
P00457,A00591,7
P00457,A00513,8
P00457,A01315,9
P00457,A00512,10
P00457,A00419,11
P00457,A00068,12
P00457,A01316,13
P00457,A01317,14
P00457,A01318,15
P00457,A01319,16
P00457,A01320,17
P00457,A01321,18
P00457,A01322,19
P00457,A00966,20
P00457,A01026,21
P00457,A01323,22
P00457,A00075,23
P00457,A00059,24
P00457,A01324,25
P00458,A01325,1
P00458,A00249,2
P00458,A00026,3
P00458,A00025,4
P00458,A01326,5
P00458,A01327,6
P00458,A00215,7
P00459,A00584,1
P00459,A00001,2
P00459,A00289,3
P00459,A01328,4
P00459,A01329,5
P00459,A01330,6
P00459,A01331,7
P00460,A00217,1
P00461,A00575,1
P00461,A00086,2
P00461,A00041,3
P00461,A00112,4
P00462,A00130,1
P00462,A00001,2
P00462,A01332,3
P00462,A00133,4
P00462,A00003,5
P00462,A00526,6
P00462,A01333,7
P00462,A00401,8
P00462,A00478,9
P00462,A00985,10
P00462,A00485,11
P00463,A01334,1
P00463,A01335,2
P00463,A01336,3
P00463,A01337,4
P00463,A01338,5
P00463,A01339,6
P00463,A00009,7
P00463,A01222,8
P00464,A00341,1
P00464,A00194,2
P00464,A01195,3
P00464,A00342,4
P00464,A00139,5
P00465,A00009,1
P00465,A00529,2
P00465,A01254,3
P00465,A00414,4
P00465,A00017,5
P00465,A00736,6
P00465,A01340,7
P00465,A01341,8
P00465,A00418,9
P00465,A01342,10
P00465,A00526,11
P00465,A00556,12
P00465,A00527,13
P00465,A00545,14
P00465,A01258,15
P00465,A01343,16
P00465,A00608,17
P00465,A01344,18
P00465,A00084,19
P00465,A00851,20
P00466,A01345,1
P00466,A00719,2
P00466,A01117,3
P00467,A00825,1
P00468,A01346,1
P00468,A01259,2
P00468,A01347,3
P00469,A00477,1
P00469,A00002,2
P00469,A00133,3
P00469,A00001,4
P00469,A01348,5
P00469,A00004,6
P00469,A00003,7
P00469,A00351,8
P00469,A01349,9
P00469,A00136,10
P00469,A00005,11
P00470,A00602,1
P00470,A00136,2
P00471,A00602,1
P00471,A00136,2
P00472,A00712,1
P00472,A01350,2
P00472,A01351,3
P00472,A00009,4
P00473,A01352,1
P00473,A01353,2
P00473,A01354,3
P00473,A01355,4
P00473,A01356,5
P00473,A01357,6
P00473,A01358,7
P00473,A01359,8
P00473,A01025,9
P00473,A01360,10
P00474,A00602,1
P00474,A01361,2
P00474,A01362,3
P00474,A00136,4
P00475,A00052,1
P00475,A00333,2
P00475,A00334,3
P00475,A00045,4
P00475,A00678,5
P00475,A00490,6
P00475,A01363,7
P00475,A01117,8
P00475,A01364,9
P00475,A00097,10
P00475,A00093,11
P00475,A00354,12
P00475,A00742,13
P00475,A00121,14
P00475,A00086,15
P00475,A00269,16
P00475,A00734,17
P00475,A00180,18
P00475,A01365,19
P00475,A00041,20
P00475,A01366,21
P00475,A01116,22
P00475,A00098,23
P00476,A00486,1
P00476,A00534,2
P00476,A00557,3
P00476,A00842,4
P00476,A00004,5
P00476,A00923,6
P00476,A00344,7
P00476,A00679,8
P00477,A00341,1
P00477,A00194,2
P00477,A00342,3
P00477,A00139,4
P00478,A00591,1
P00478,A00548,2
P00478,A00009,3
P00478,A00017,4
P00478,A00130,5
P00478,A00004,6
P00478,A00671,7
P00478,A00842,8
P00478,A01367,9
P00478,A00526,10
P00478,A01178,11
P00478,A00547,12
P00478,A00942,13
P00478,A01368,14
P00479,A00082,1
P00479,A00130,2
P00479,A00001,3
P00480,A00328,1
P00480,A00004,2
P00480,A00922,3
P00481,A00804,1
P00481,A00341,2
P00481,A00342,3
P00481,A00194,4
P00481,A00026,5
P00481,A00047,6
P00481,A00024,7
P00481,A00063,8
P00482,A01369,1
P00482,A01370,2
P00482,A00112,3
P00482,A00016,4
P00483,A01371,1
P00484,A01372,1
P00484,A01373,2
P00485,A01374,1
P00485,A01375,2
P00485,A01376,3
P00485,A01377,4
P00485,A01378,5
P00485,A01379,6
P00485,A01380,7
P00485,A01381,8
P00485,A01382,9
P00485,A01383,10
P00485,A01384,11
P00485,A01385,12
P00485,A01386,13
P00486,A00377,1
P00486,A00017,2
P00486,A01387,3
P00486,A00709,4
P00487,A00152,1
P00487,A00153,2
P00488,A01388,1
P00488,A01389,2
P00488,A01390,3
P00489,A01391,1
P00489,A00035,2
P00489,A00941,3
P00489,A01392,4
P00489,A01393,5
P00489,A01229,6
P00489,A01394,7
P00489,A00189,8
P00490,A01395,1
P00490,A00163,2
P00490,A00386,3
P00490,A00659,4
P00490,A00036,5
P00490,A00044,6
P00490,A01396,7
P00490,A01397,8
P00490,A01398,9
P00490,A01399,10
P00490,A01400,11
P00490,A00131,12
P00490,A00083,13
P00490,A01401,14
P00490,A01402,15
P00490,A01031,16
P00490,A01403,17
P00490,A01404,18
P00490,A01341,19
P00490,A00660,20
P00491,A01395,1
P00491,A00163,2
P00491,A00386,3
P00491,A00659,4
P00491,A00036,5
P00491,A00044,6
P00491,A01396,7
P00491,A01397,8
P00491,A01398,9
P00491,A01399,10
P00491,A01400,11
P00491,A00131,12
P00491,A00083,13
P00491,A01401,14
P00491,A01402,15
P00491,A01031,16
P00491,A01403,17
P00491,A01404,18
P00491,A01341,19
P00491,A00660,20
P00492,A00042,1
P00492,A00009,2
P00493,A00538,1
P00493,A00003,2
P00493,A00419,3
P00493,A00736,4
P00493,A00922,5
P00493,A00325,6
P00493,A01405,7
P00493,A00715,8
P00493,A00734,9
P00493,A01406,10
P00493,A01407,11
P00493,A01408,12
P00493,A01113,13
P00494,A01409,1
P00494,A00521,2
P00494,A00687,3
P00494,A00009,4
P00494,A00573,5
P00494,A01410,6
P00494,A00445,7
P00494,A00446,8
P00494,A00004,9
P00494,A00557,10
P00494,A00923,11
P00494,A00196,12
P00495,A00086,1
P00495,A00669,2
P00495,A01272,3
P00495,A00575,4
P00495,A00815,5
P00495,A01411,6
P00495,A01129,7
P00495,A00017,8
P00495,A00009,9
P00495,A00486,10
P00495,A00557,11
P00495,A00923,12
P00495,A00004,13
P00495,A00090,14
P00496,A00015,1
P00496,A00544,2
P00496,A00003,3
P00496,A00017,4
P00497,A00079,1
P00497,A00004,2
P00497,A00289,3
P00497,A00538,4
P00497,A00017,5
P00497,A00009,6
P00497,A00526,7
P00497,A00557,8
P00497,A00554,9
P00497,A00923,10
P00497,A01181,11
P00498,A01412,1
P00498,A01413,2
P00498,A00747,3
P00498,A00534,4
P00498,A00692,5
P00498,A00471,6
P00498,A01414,7
P00498,A01415,8
P00498,A01416,9
P00499,A00015,1
P00499,A01417,2
P00499,A00009,3
P00499,A00017,4
P00499,A00004,5
P00499,A00848,6
P00500,A00327,1
P00500,A00328,2
P00500,A01062,3
P00500,A00692,4
P00500,A01418,5
P00500,A01270,6
P00500,A00004,7
P00501,A00281,1
P00501,A00264,2
P00501,A00402,3
P00501,A00351,4
P00501,A00353,5
P00501,A00608,6
P00501,A00248,7
P00501,A00017,8
P00501,A01200,9
P00501,A01419,10
P00501,A01420,11
P00502,A00734,1
P00502,A01421,2
P00502,A01422,3
P00502,A01423,4
P00502,A01424,5
P00502,A01425,6
P00502,A01426,7
P00503,A01427,1
P00503,A01428,2
P00503,A00259,3
P00503,A00240,4
P00503,A01122,5
P00503,A01429,6
P00503,A01119,7
P00504,A00036,1
P00504,A01430,2
P00504,A01431,3
P00504,A01432,4
P00504,A01433,5
P00504,A01434,6
P00504,A01435,7
P00504,A01436,8
P00504,A01437,9
P00504,A01438,10
P00505,A00733,1
P00505,A00561,2
P00505,A00043,3
P00505,A00821,4
P00505,A01439,5
P00505,A01440,6
P00506,A00036,1
P00506,A01441,2
P00506,A01442,3
P00506,A00043,4
P00506,A00038,5
P00506,A01229,6
P00506,A01443,7
P00506,A00035,8
P00506,A00001,9
P00506,A01444,10
P00506,A01445,11
P00506,A01446,12
P00506,A01447,13
P00506,A01448,14
P00506,A01449,15
P00507,A01450,1
P00507,A01201,2
P00507,A01451,3
P00507,A00722,4
P00508,A01452,1
P00508,A01453,2
P00508,A01454,3
P00508,A00043,4
P00508,A00325,5
P00508,A01455,6
P00508,A01456,7
P00508,A00942,8
P00508,A00017,9
P00509,A01457,1
P00509,A00866,2
P00509,A01458,3
P00509,A01459,4
P00509,A01460,5
P00510,A00198,1
P00510,A01461,2
P00510,A01462,3
P00510,A01463,4
P00510,A01123,5
P00510,A01464,6
P00510,A01465,7
P00510,A01466,8
P00510,A01467,9
P00510,A01468,10
P00510,A01469,11
P00510,A00352,12
P00510,A00540,13
P00511,A01470,1
P00511,A01471,2
P00511,A01472,3
P00511,A01473,4
P00511,A01474,5
P00511,A01475,6
P00511,A01476,7
P00511,A01477,8
P00511,A01478,9
P00511,A00941,10
P00512,A00019,1
P00512,A00009,2
P00512,A00081,3
P00512,A00015,4
P00512,A00112,5
P00512,A00001,6
P00512,A00002,7
P00512,A00017,8
P00513,A00409,1
P00513,A00410,2
P00513,A00404,3
P00513,A00405,4
P00513,A01479,5
P00513,A01480,6
P00514,A00711,1
P00514,A01107,2
P00514,A00491,3
P00514,A00004,4
P00514,A01481,5
P00514,A01482,6
P00514,A01270,7
P00514,A01483,8
P00514,A01484,9
P00514,A01485,10
P00514,A01486,11
P00514,A01487,12
P00514,A01488,13
P00514,A00825,14
P00514,A01489,15
P00515,A01490,1
P00515,A01010,2
P00515,A00408,3
P00515,A01491,4
P00517,A00523,1
P00517,A01492,2
P00517,A01493,3
P00517,A01155,4
P00518,A00528,1
P00518,A00003,2
P00518,A01452,3
P00518,A01155,4
P00519,A00353,1
P00519,A01148,2
P00519,A00842,3
P00519,A01107,4
P00520,A00591,1
P00520,A01485,2
P00520,A00468,3
P00520,A00408,4
P00520,A01494,5
P00520,A01495,6
P00521,A01496,1
P00521,A01155,2
P00521,A01497,3
P00522,A01497,1
P00522,A01155,2
P00522,A00528,3
P00522,A01107,4
P00523,A01498,1
P00523,A01499,2
P00523,A00467,3
P00523,A00300,4
P00523,A00003,5
P00523,A00561,6
P00523,A00079,7
P00523,A00497,8
P00523,A00498,9
P00524,A00439,1
P00524,A01500,2
P00524,A00468,3
P00524,A01501,4
P00524,A01502,5
P00525,A01452,1
P00525,A01503,2
P00525,A00003,3
P00525,A01504,4
P00525,A00407,5
P00525,A01505,6
P00525,A01506,7
P00526,A01496,1
P00526,A00084,2
P00526,A01155,3
P00526,A01507,4
P00527,A00003,1
P00527,A01452,2
P00527,A00528,3
P00527,A01246,4
P00527,A00413,5
P00527,A01508,6
P00528,A01509,1
P00528,A00003,2
P00528,A01155,3
P00529,A01510,1
P00529,A01330,2
P00529,A00349,3
P00529,A01511,4
P00529,A00534,5
P00529,A00968,6
P00529,A01512,7
P00530,A00015,1
P00530,A00404,2
P00530,A00003,3
P00531,A01513,1
P00531,A01514,2
P00531,A01416,3
P00531,A00393,4
P00531,A01515,5
P00531,A01516,6
P00531,A01517,7
P00532,A01518,1
P00532,A00084,2
P00532,A01519,3
P00532,A00341,4
P00532,A00587,5
P00532,A01520,6
P00532,A01521,7
P00533,A00544,1
P00533,A00003,2
P00533,A00015,3
P00533,A00528,4
P00533,A00017,5
P00533,A00608,6
P00533,A00016,7
P00533,A01522,8
P00534,A01523,1
P00534,A00410,2
P00534,A01524,3
P00535,A01525,1
P00535,A01483,2
P00535,A00843,3
P00535,A01526,4
P00536,A01525,1
P00536,A00825,2
P00536,A00843,3
P00536,A01526,4
P00536,A01483,5
P00536,A01107,6
P00536,A01155,7
P00537,A01497,1
P00537,A01155,2
P00537,A00528,3
P00538,A01107,1
P00538,A01155,2
P00538,A00413,3
P00538,A00408,4
P00538,A00410,5
P00538,A00409,6
P00538,A01527,7
P00538,A00407,8
P00538,A01505,9
P00539,A01528,1
P00540,A01107,1
P00541,A00711,1
P00541,A00670,2
P00541,A01107,3
P00541,A01270,4
P00541,A00825,5
P00541,A01481,6
P00542,A01529,1
P00542,A00663,2
P00542,A01530,3
P00542,A01484,4
P00542,A01483,5
P00543,A00819,1
P00543,A01531,2
P00543,A00825,3
P00543,A00663,4
P00543,A00349,5
P00543,A00818,6
P00543,A01107,7
P00543,A00348,8
P00543,A01532,9
P00543,A01483,10
P00543,A01494,11
P00543,A01526,12
P00543,A01481,13
P00543,A01533,14
P00543,A01484,15
P00543,A01489,16
P00543,A01534,17
P00544,A01535,1
P00544,A01536,2
P00544,A01537,3
P00544,A01538,4
P00544,A01539,5
P00545,A01523,1
P00545,A01540,2
P00545,A01155,3
P00545,A00410,4
P00546,A00819,1
P00546,A01531,2
P00546,A01541,3
P00546,A00349,4
P00546,A01483,5
P00546,A01262,6
P00546,A00818,7
P00546,A01542,8
P00546,A01543,9
P00546,A01544,10
P00546,A01534,11
P00547,A01545,1
P00547,A01107,2
P00547,A01540,3
P00547,A01155,4
P00548,A01529,1
P00548,A00820,2
P00548,A01526,3
P00548,A01546,4
P00548,A01547,5
P00548,A01532,6
P00548,A01548,7
P00548,A00348,8
P00549,A00084,1
P00549,A00019,2
P00549,A00429,3
P00550,A00341,1
P00550,A00139,2
P00550,A01549,3
P00550,A01079,4
P00550,A00003,5
P00550,A00017,6
P00551,A01550,1
P00551,A01551,2
P00552,A00350,1
P00552,A01552,2
P00552,A00351,3
P00552,A01553,4
P00552,A01554,5
P00552,A00003,6
P00552,A01062,7
P00552,A01555,8
P00552,A01556,9
P00553,A00075,1
P00553,A01557,2
P00553,A00009,3
P00553,A01347,4
P00553,A00349,5
P00553,A01558,6
P00553,A00348,7
P00553,A00791,8
P00553,A00486,9
P00553,A01559,10
P00553,A01516,11
P00553,A01517,12
P00554,A01201,1
P00554,A00341,2
P00554,A01196,3
P00554,A00194,4
P00554,A00139,5
P00554,A00342,6
P00554,A01164,7
P00554,A00063,8
P00554,A00348,9
P00554,A00003,10
P00554,A01166,11
P00555,A01560,1
P00555,A01561,2
P00555,A01562,3
P00555,A01107,4
P00555,A01499,5
P00556,A01155,1
P00556,A00408,2
P00556,A00413,3
P00556,A00407,4
P00556,A01552,5
P00556,A00351,6
P00557,A01155,1
P00557,A00407,2
P00557,A00408,3
P00557,A00413,4
P00557,A00351,5
P00557,A01552,6
P00558,A01563,1
P00558,A00410,2
P00558,A00409,3
P00559,A01564,1
P00559,A01565,2
P00559,A00263,3
P00559,A00300,4
P00559,A01566,5
P00559,A01531,6
P00559,A01483,7
P00559,A00349,8
P00559,A01567,9
P00559,A00579,10
P00559,A01568,11
P00559,A01569,12
P00559,A00679,13
P00559,A01570,14
P00559,A01571,15
P00559,A01572,16
P00559,A01573,17
P00559,A01574,18
P00559,A01575,19
P00559,A01576,20
P00559,A01577,21
P00560,A00139,1
P00560,A01578,2
P00560,A00343,3
P00560,A00523,4
P00560,A01549,5
P00560,A01579,6
P00560,A01580,7
P00560,A01581,8
P00560,A01582,9
P00560,A01583,10
P00560,A00020,11
P00560,A01079,12
P00560,A00362,13
P00560,A01584,14
P00560,A01499,15
P00560,A01585,16
P00560,A01586,17
P00560,A01176,18
P00560,A00300,19
P00560,A01587,20
P00560,A00452,21
P00560,A01588,22
P00560,A00041,23
P00560,A01589,24
P00560,A01531,25
P00560,A00437,26
P00561,A01590,1
P00561,A00245,2
P00561,A01407,3
P00561,A00009,4
P00561,A01455,5
P00561,A01591,6
P00561,A01592,7
P00562,A00112,1
P00562,A01107,2
P00562,A00545,3
P00562,A00791,4
P00562,A00075,5
P00563,A01148,1
P00564,A00043,1
P00564,A00734,2
P00564,A00009,3
P00564,A00017,4
P00564,A00069,5
P00565,A01590,1
P00565,A01593,2
P00565,A00003,3
P00565,A00349,4
P00565,A00245,5
P00565,A01591,6
P00565,A01559,7
P00566,A00015,1
P00566,A00114,2
P00566,A00009,3
P00567,A00001,1
P00567,A01441,2
P00567,A01446,3
P00567,A01594,4
P00567,A00786,5
P00567,A00787,6
P00567,A01595,7
P00567,A00003,8
P00567,A00005,9
P00567,A00351,10
P00568,A01596,1
P00568,A01597,2
P00568,A01598,3
P00568,A01599,4
P00568,A01600,5
P00568,A01601,6
P00568,A01602,7
P00569,A00133,1
P00569,A01027,2
P00569,A00393,3
P00569,A00812,4
P00569,A01032,5
P00569,A00963,6
P00569,A00015,7
P00569,A00357,8
P00569,A00941,9
P00570,A00015,1
P00570,A01603,2
P00570,A00009,3
P00571,A00017,1
P00571,A00015,2
P00571,A00172,3
P00571,A00191,4
P00571,A00009,5
P00571,A00002,6
P00571,A01604,7
P00571,A01605,8
P00571,A00001,9
P00571,A00081,10
P00571,A00018,11
P00572,A00614,1
P00572,A00086,2
P00572,A00817,3
P00572,A00112,4
P00572,A01606,5
P00573,A01607,1
P00573,A01608,2
P00573,A01609,3
P00573,A01610,4
P00573,A00019,5
P00574,A01099,1
P00574,A00377,2
P00574,A00027,3
P00574,A00009,4
P00574,A00679,5
P00575,A00490,1
P00575,A00491,2
P00575,A00723,3
P00575,A00711,4
P00575,A01079,5
P00576,A00281,1
P00576,A01611,2
P00576,A01563,3
P00576,A01612,4
P00576,A00404,5
P00576,A01552,6
P00577,A01613,1
P00577,A01614,2
P00577,A01615,3
P00578,A01616,1
P00578,A01614,2
P00578,A01617,3
P00578,A01615,4
P00579,A00281,1
P00579,A01611,2
P00579,A01563,3
P00579,A01612,4
P00579,A00404,5
P00579,A01552,6
P00580,A01618,1
P00580,A01619,2
P00580,A01620,3
P00581,A01510,1
P00581,A00404,2
P00581,A00562,3
P00581,A01485,4
P00581,A01550,5
P00582,A00039,1
P00582,A00428,2
P00582,A01155,3
P00582,A00497,4
P00583,A00404,1
P00583,A01510,2
P00584,A01621,1
P00584,A00554,2
P00584,A00843,3
P00584,A00862,4
P00584,A00849,5
P00585,A01510,1
P00585,A00562,2
P00585,A00404,3
P00585,A01485,4
P00585,A01550,5
P00586,A00591,1
P00586,A01485,2
P00586,A00468,3
P00588,A00128,1
P00588,A00533,2
P00588,A01260,3
P00589,A01622,1
P00589,A01492,2
P00589,A01623,3
P00589,A01493,4
P00589,A01155,5
P00590,A01510,1
P00590,A00404,2
P00590,A00420,3
P00590,A01611,4
P00590,A01552,5
P00590,A00351,6
P00590,A01624,7
P00590,A00736,8
P00590,A00412,9
P00590,A01501,10
P00590,A01485,11
P00591,A01510,1
P00591,A01330,2
P00591,A01331,3
P00592,A00132,1
P00592,A00404,2
P00592,A01561,3
P00592,A01625,4
P00592,A01271,5
P00592,A01626,6
P00593,A00045,1
P00593,A01627,2
P00593,A00736,3
P00593,A00801,4
P00593,A00803,5
P00593,A01628,6
P00594,A01510,1
P00594,A01330,2
P00594,A00349,3
P00594,A00412,4
P00594,A01629,5
P00594,A01260,6
P00594,A01630,7
P00595,A01510,1
P00595,A01330,2
P00595,A01631,3
P00595,A00404,4
P00595,A00074,5
P00595,A01575,6
P00596,A00477,1
P00596,A00546,2
P00596,A00818,3
P00596,A01531,4
P00596,A01632,5
P00596,A01155,6
P00597,A00343,1
P00597,A00139,2
P00597,A01633,3
P00598,A00039,1
P00598,A01244,2
P00598,A01148,3
P00598,A01634,4
P00598,A00842,5
P00598,A00413,6
P00598,A00407,7
P00599,A00544,1
P00599,A00015,2
P00599,A00017,3
P00599,A00003,4
P00600,A01635,1
P00600,A01636,2
P00600,A01637,3
P00600,A01638,4
P00600,A01639,5
P00600,A00970,6
P00600,A01640,7
P00600,A00139,8
P00600,A01641,9
P00600,A01642,10
P00600,A01176,11
P00600,A01013,12
P00600,A00348,13
P00600,A01502,14
P00601,A00429,1
P00601,A00084,2
P00601,A01156,3
P00601,A00341,4
P00601,A01540,5
P00602,A00575,1
P00602,A00519,2
P00602,A01643,3
P00602,A00579,4
P00602,A00287,5
P00603,A01644,1
P00603,A01480,2
P00604,A01492,1
P00604,A01155,2
P00604,A00003,3
P00605,A00404,1
P00605,A01645,2
P00605,A00694,3
P00606,A00132,1
P00606,A00344,2
P00606,A00983,3
P00606,A01552,4
P00606,A00404,5
P00606,A01531,6
P00606,A01534,7
P00606,A01483,8
P00606,A00408,9
P00606,A01485,10
P00606,A00468,11
P00607,A01492,1
P00607,A01155,2
P00607,A00003,3
P00608,A00477,1
P00608,A01646,2
P00608,A01155,3
P00608,A01526,4
P00608,A01534,5
P00608,A01550,6
P00609,A01647,1
P00609,A01541,2
P00609,A01648,3
P00609,A01649,4
P00609,A01262,5
P00610,A01615,1
P00610,A01614,2
P00610,A01613,3
P00610,A01616,4
P00610,A01650,5
P00611,A01345,1
P00611,A01651,2
P00611,A01652,3
P00611,A01284,4
P00611,A01653,5
P00611,A01654,6
P00611,A01517,7
P00611,A01516,8
P00612,A01510,1
P00612,A01655,2
P00612,A00404,3
P00613,A00403,1
P00613,A00409,2
P00613,A00407,3
P00613,A00411,4
P00613,A00408,5
P00613,A00404,6
P00613,A00405,7
P00613,A00410,8
P00613,A00281,9
P00613,A00412,10
P00614,A00734,1
P00614,A01284,2
P00614,A00538,3
P00614,A00561,4
P00614,A00527,5
P00614,A01656,6
P00614,A01426,7
P00614,A01657,8
P00614,A01658,9
P00614,A00412,10
P00614,A00009,11
P00614,A00281,12
P00614,A00139,13
P00614,A01503,14
P00614,A01659,15
P00614,A01660,16
P00614,A01661,17
P00614,A01662,18
P00614,A00715,19
P00614,A01663,20
P00614,A01664,21
P00615,A01496,1
P00615,A00142,2
P00615,A01107,3
P00615,A00084,4
P00616,A00045,1
P00616,A01455,2
P00616,A00736,3
P00616,A00135,4
P00616,A00801,5
P00616,A00803,6
P00616,A01628,7
P00617,A00015,1
P00617,A00003,2
P00617,A00404,3
P00617,A00529,4
P00618,A01665,1
P00618,A00736,2
P00618,A01639,3
P00618,A00325,4
P00618,A00135,5
P00618,A01666,6
P00618,A00537,7
P00618,A01196,8
P00618,A01667,9
P00618,A01668,10
P00618,A01669,11
P00618,A01670,12
P00618,A00922,13
P00618,A00805,14
P00618,A01671,15
P00618,A00075,16
P00618,A00348,17
P00618,A00009,18
P00619,A01590,1
P00619,A00245,2
P00619,A00003,3
P00619,A01672,4
P00619,A01558,5
P00620,A01673,1
P00620,A00245,2
P00622,A00528,1
P00622,A01497,2
P00622,A01155,3
P00623,A00591,1
P00623,A01674,2
P00623,A00009,3
P00624,A00591,1
P00624,A00009,2
P00624,A00148,3
P00624,A01675,4
P00624,A01676,5
P00624,A01258,6
P00625,A00477,1
P00625,A01509,2
P00625,A00003,3
P00625,A00591,4
P00626,A00084,1
P00626,A01156,2
P00626,A01518,3
P00626,A00139,4
P00626,A01519,5
P00626,A00341,6
P00626,A01507,7
P00626,A00003,8
P00627,A01454,1
P00627,A00003,2
P00628,A01677,1
P00628,A01499,2
P00628,A01284,3
P00628,A00348,4
P00628,A01678,5
P00629,A00478,1
P00629,A01679,2
P00629,A01639,3
P00630,A00734,1
P00630,A01284,2
P00630,A01680,3
P00630,A01661,4
P00631,A01681,1
P00631,A00736,2
P00631,A01679,3
P00631,A01565,4
P00631,A01564,5
P00631,A01682,6
P00631,A01683,7
P00631,A00408,8
P00631,A00571,9
P00632,A01684,1
P00632,A00922,2
P00632,A01483,3
P00632,A01531,4
P00632,A01534,5
P00632,A01260,6
P00632,A01685,7
P00633,A01686,1
P00633,A01687,2
P00633,A01688,3
P00633,A01689,4
P00634,A01689,1
P00634,A01686,2
P00634,A01690,3
P00634,A01688,4
P00634,A01691,5
P00635,A00543,1
P00635,A01692,2
P00635,A01531,3
P00635,A01483,4
P00635,A01534,5
P00636,A01693,1
P00636,A01219,2
P00636,A01694,3
P00636,A00127,4
P00636,A01564,5
P00636,A01565,6
P00636,A01695,7
P00636,A01696,8
P00636,A01697,9
P00636,A01698,10
P00637,A01550,1
P00637,A01219,2
P00637,A00468,3
P00637,A01699,4
P00638,A00105,1
P00638,A01700,2
P00638,A01701,3
P00638,A01702,4
P00638,A01703,5
P00638,A00412,6
P00639,A00048,1
P00639,A01704,2
P00639,A00495,3
P00639,A01705,4
P00639,A00534,5
P00639,A00486,6
P00639,A01706,7
P00639,A01707,8
P00639,A00378,9
P00640,A01219,1
P00640,A01708,2
P00640,A01709,3
P00640,A01710,4
P00641,A00943,1
P00641,A01711,2
P00642,A00086,1
P00642,A01260,2
P00642,A01712,3
P00643,A01550,1
P00643,A01241,2
P00643,A01713,3
P00643,A00669,4
P00643,A00562,5
P00643,A01502,6
P00644,A00048,1
P00644,A01704,2
P00644,A00495,3
P00644,A01707,4
P00644,A00378,5
P00644,A00468,6
P00644,A00412,7
P00645,A00128,1
P00645,A00533,2
P00645,A00791,3
P00645,A01010,4
P00646,A00086,1
P00646,A00437,2
P00646,A01531,3
P00646,A01714,4
P00646,A00638,5
P00647,A00090,1
P00647,A01515,2
P00647,A00069,3
P00647,A01715,4
P00647,A00669,5
P00647,A00005,6
P00647,A00668,7
P00647,A01632,8
P00647,A01531,9
P00648,A01523,1
P00648,A00410,2
P00649,A01547,1
P00649,A00571,2
P00649,A01716,3
P00649,A01550,4
P00649,A01638,5
P00650,A00820,1
P00650,A00819,2
P00650,A01526,3
P00650,A01546,4
P00650,A01548,5
P00650,A01717,6
P00650,A00805,7
P00650,A00847,8
P00650,A01718,9
P00650,A01483,10
P00650,A01531,11
P00650,A01534,12
P00650,A00348,13
P00650,A01719,14
P00650,A01720,15
P00650,A01628,16
P00650,A01107,17
P00651,A01517,1
P00651,A01721,2
P00651,A01483,3
P00651,A01534,4
P00651,A01526,5
P00651,A01722,6
P00652,A01107,1
P00652,A00377,2
P00652,A01499,3
P00653,A01723,1
P00653,A01496,2
P00654,A00004,1
P00654,A00825,2
P00654,A01724,3
P00654,A01489,4
P00654,A01725,5
P00654,A01481,6
P00654,A01726,7
P00654,A01531,8
P00654,A01483,9
P00654,A01534,10
P00654,A00349,11
P00654,A01551,12
P00654,A01485,13
P00655,A01727,1
P00655,A00003,2
P00655,A01452,3
P00656,A00017,1
P00656,A00009,2
P00656,A01231,3
P00656,A01728,4
P00657,A01195,1
P00657,A01226,2
P00657,A00139,3
P00657,A01729,4
P00658,A01730,1
P00658,A00009,2
P00658,A00112,3
P00658,A00016,4
P00659,A01452,1
P00659,A01453,2
P00660,A01731,1
P00660,A01732,2
P00660,A01733,3
P00660,A01734,4
P00660,A01735,5
P00660,A01736,6
P00660,A01737,7
P00660,A01738,8
P00660,A01739,9
P00660,A01740,10
P00660,A01741,11
P00660,A01742,12
P00660,A01743,13
P00660,A01744,14
P00660,A01745,15
P00660,A01746,16
P00660,A01747,17
P00660,A01748,18
P00660,A01749,19
P00660,A01750,20
P00660,A01751,21
P00660,A01752,22
P00660,A01753,23
P00660,A01754,24
P00660,A01755,25
P00660,A01756,26
P00660,A01757,27
P00660,A01758,28
P00660,A01759,29
P00660,A01760,30
P00660,A01761,31
P00660,A01762,32
P00660,A01763,33
P00660,A01764,34
P00660,A01765,35
P00660,A01766,36
P00660,A01767,37
P00660,A01768,38
P00660,A01769,39
P00661,A01452,1
P00661,A01453,2
P00661,A00413,3
P00661,A00442,4
P00661,A01770,5
P00661,A00003,6
P00661,A00112,7
P00661,A01771,8
P00661,A01772,9
P00661,A01129,10
P00661,A01773,11
P00662,A00520,1
P00662,A00015,2
P00662,A00017,3
P00662,A00148,4
P00662,A00146,5
P00663,A01774,1
P00663,A00099,2
P00663,A00610,3
P00663,A01775,4
P00663,A00045,5
P00663,A00485,6
P00663,A01129,7
P00663,A00086,8
P00663,A00550,9
P00664,A01776,1
P00664,A01452,2
P00664,A00003,3
P00664,A01777,4
P00664,A00532,5
P00665,A00043,1
P00665,A00527,2
P00665,A00009,3
P00666,A00325,1
P00666,A01455,2
P00666,A00009,3
P00666,A00720,4
P00666,A00537,5
P00666,A00736,6
P00666,A01196,7
P00666,A01778,8
P00666,A00969,9
P00666,A01779,10
P00666,A00334,11
P00666,A00045,12
P00666,A00555,13
P00666,A00671,14
P00666,A00675,15
P00666,A00004,16
P00666,A01780,17
P00667,A00424,1
P00667,A01781,2
P00667,A00017,3
P00667,A00564,4
P00667,A01782,5
P00667,A01129,6
P00667,A00020,7
P00667,A00112,8
P00667,A01783,9
P00667,A01784,10
P00667,A01785,11
P00667,A01786,12
P00667,A01775,13
P00667,A00009,14
P00668,A00424,1
P00668,A00099,2
P00668,A00420,3
P00668,A00189,4
P00668,A00661,5
P00668,A00017,6
P00668,A01775,7
P00668,A00009,8
P00669,A01787,1
P00669,A00082,2
P00669,A00424,3
P00669,A00009,4
P00669,A00189,5
P00670,A00420,1
P00670,A01622,2
P00670,A01788,3
P00670,A00424,4
P00670,A00918,5
P00671,A01017,1
P00671,A01789,2
P00671,A00170,3
P00671,A00605,4
P00671,A00083,5
P00671,A00021,6
P00671,A01790,7
P00671,A01791,8
P00671,A00080,9
P00671,A00265,10
P00671,A00268,11
P00671,A01792,12
P00672,A00001,1
P00672,A00108,2
P00672,A00189,3
P00672,A01793,4
P00672,A00964,5
P00672,A00940,6
P00672,A00005,7
P00672,A01626,8
P00673,A01794,1
P00673,A01795,2
P00673,A00424,3
P00673,A01796,4
P00673,A01797,5
P00673,A00478,6
P00673,A01798,7
P00674,A01794,1
P00674,A01799,2
P00674,A01800,3
P00674,A01622,4
P00675,A01801,1
P00675,A00021,2
P00675,A01802,3
P00676,A00281,1
P00676,A00424,2
P00676,A00918,3
P00676,A00289,4
P00676,A00402,5
P00676,A01468,6
P00677,A01803,1
P00677,A01363,2
P00677,A01804,3
P00677,A01805,4
P00677,A01598,5
P00677,A01806,6
P00677,A00021,7
P00677,A00941,8
P00678,A01807,1
P00678,A01799,2
P00678,A00420,3
P00679,A01797,1
P00679,A00420,2
P00679,A00918,3
P00679,A00424,4
P00680,A01808,1
P00680,A00380,2
P00680,A00379,3
P00680,A01809,4
P00681,A01797,1
P00681,A00420,2
P00681,A01810,3
P00681,A01808,4
P00681,A00424,5
P00681,A00661,6
P00682,A01794,1
P00682,A01796,2
P00682,A01622,3
P00682,A01799,4
P00682,A00918,5
P00682,A00424,6
P00683,A01794,1
P00683,A01796,2
P00683,A01622,3
P00683,A00424,4
P00683,A00918,5
P00683,A00005,6
P00684,A01800,1
P00684,A01801,2
P00684,A00021,3
P00685,A01811,1
P00685,A00189,2
P00685,A01812,3
P00686,A01813,1
P00686,A00082,2
P00686,A01787,3
P00686,A01814,4
P00686,A00608,5
P00687,A01811,1
P00687,A01815,2
P00687,A00507,3
P00688,A01816,1
P00688,A01817,2
P00688,A01818,3
P00688,A01819,4
P00689,A01391,1
P00689,A01775,2
P00689,A01820,3
P00689,A00564,4
P00689,A01697,5
P00690,A01821,1
P00690,A00485,2
P00690,A01822,3
P00690,A01823,4
P00690,A00189,5
P00690,A01113,6
P00690,A01229,7
P00690,A01824,8
P00691,A00420,1
P00691,A01825,2
P00691,A00189,3
P00692,A01826,1
P00692,A01827,2
P00692,A01828,3
P00692,A01829,4
P00692,A01830,5
P00692,A01831,6
P00692,A01832,7
P00693,A00082,1
P00693,A00099,2
P00693,A01330,3
P00694,A01833,1
P00694,A00485,2
P00696,A01834,1
P00696,A01835,2
P00696,A01836,3
P00696,A01837,4
P00696,A01838,5
P00697,A00420,1
P00697,A01800,2
P00697,A00380,3
P00697,A01808,4
P00697,A00394,5
P00697,A01799,6
P00698,A01121,1
P00698,A00001,2
P00698,A01839,3
P00698,A01122,4
P00698,A00716,5
P00698,A01840,6
P00698,A00045,7
P00698,A00086,8
P00698,A01100,9
P00698,A01841,10
P00698,A00941,11
P00699,A01842,1
P00699,A01843,2
P00699,A01844,3
P00700,A01845,1
P00700,A00737,2
P00701,A01846,1
P00701,A00420,2
P00701,A00608,3
P00701,A00005,4
P00702,A00099,1
P00702,A01775,2
P00703,A01847,1
P00703,A00824,2
P00703,A00001,3
P00703,A00083,4
P00703,A00080,5
P00703,A01697,6
P00703,A01839,7
P00703,A01848,8
P00703,A01849,9
P00703,A00045,10
P00703,A00086,11
P00704,A01850,1
P00704,A00352,2
P00704,A00082,3
P00705,A01851,1
P00705,A00918,2
P00705,A01852,3
P00705,A00987,4
P00705,A00080,5
P00705,A00083,6
P00705,A01853,7
P00705,A00989,8
P00705,A00988,9
P00705,A00608,10
P00706,A01854,1
P00706,A00099,2
P00707,A00337,1
P00707,A00251,2
P00707,A00099,3
P00707,A01805,4
P00707,A01855,5
P00708,A01854,1
P00708,A01856,2
P00708,A01100,3
P00708,A00099,4
P00708,A01857,5
P00709,A01858,1
P00709,A01100,2
P00709,A01393,3
P00709,A00376,4
P00710,A01859,1
P00710,A01100,2
P00710,A01839,3
P00711,A01860,1
P00711,A00189,2
P00712,A01784,1
P00712,A01786,2
P00712,A01861,3
P00712,A00550,4
P00712,A01862,5
P00712,A01782,6
P00712,A01785,7
P00712,A00564,8
P00712,A01781,9
P00713,A01794,1
P00713,A01796,2
P00713,A01622,3
P00713,A00005,4
P00713,A01863,5
P00713,A00132,6
P00714,A01864,1
P00714,A00380,2
P00714,A01553,3
P00714,A01808,4
P00715,A01821,1
P00715,A01822,2
P00715,A01865,3
P00715,A01866,4
P00715,A01867,5
P00715,A01868,6
P00715,A01869,7
P00715,A01870,8
P00716,A00259,1
P00716,A01871,2
P00716,A01872,3
P00716,A00294,4
P00716,A01873,5
P00716,A01874,6
P00716,A00716,7
P00716,A00043,8
P00716,A01805,9
P00716,A01804,10
P00717,A01854,1
P00717,A00099,2
P00718,A01220,1
P00718,A00377,2
P00718,A00027,3
P00718,A00009,4
P00719,A01851,1
P00719,A00608,2
P00719,A00918,3
P00719,A00919,4
P00719,A00988,5
P00719,A01875,6
P00719,A01876,7
P00720,A00189,1
P00720,A00941,2
P00720,A01791,3
P00720,A01100,4
P00720,A00099,5
P00720,A01391,6
P00720,A00130,7
P00721,A00189,1
P00721,A00941,2
P00721,A01791,3
P00721,A01100,4
P00721,A00099,5
P00721,A01391,6
P00721,A00130,7
P00722,A01877,1
P00722,A00268,2
P00722,A00270,3
P00722,A01878,4
P00722,A00271,5
P00722,A00266,6
P00722,A01879,7
P00723,A00281,1
P00723,A00424,2
P00723,A00918,3
P00723,A00920,4
P00723,A00083,5
P00723,A00289,6
P00724,A00281,1
P00724,A00424,2
P00724,A01468,3
P00724,A00918,4
P00724,A00402,5
P00724,A00289,6
P00725,A01178,1
P00725,A00547,2
P00726,A01880,1
P00727,A01100,1
P00727,A01391,2
P00727,A01881,3
P00727,A01839,4
P00727,A01393,5
P00727,A00082,6
P00728,A01882,1
P00728,A01883,2
P00728,A01804,3
P00728,A00540,4
P00728,A01603,5
P00729,A01882,1
P00729,A00540,2
P00729,A01883,3
P00729,A01884,4
P00729,A01885,5
P00729,A01804,6
P00730,A01882,1
P00730,A01886,2
P00730,A00540,3
P00730,A01883,4
P00730,A00363,5
P00730,A01887,6
P00730,A00481,7
P00731,A01888,1
P00731,A01883,2
P00731,A00540,3
P00731,A01882,4
P00731,A01884,5
P00732,A01596,1
P00732,A01597,2
P00732,A01602,3
P00732,A01884,4
P00732,A01888,5
P00732,A01601,6
P00732,A00478,7
P00733,A01597,1
P00733,A01882,2
P00733,A01596,3
P00733,A01602,4
P00734,A01596,1
P00734,A01888,2
P00734,A01597,3
P00734,A01805,4
P00734,A01882,5
P00734,A01602,6
P00734,A01884,7
P00734,A01601,8
P00734,A01804,9
P00735,A01882,1
P00735,A01885,2
P00735,A01805,3
P00735,A01596,4
P00735,A01889,5
P00735,A01890,6
P00735,A01804,7
P00736,A01596,1
P00736,A01598,2
P00736,A01599,3
P00736,A01597,4
P00736,A00918,5
P00736,A01891,6
P00736,A01892,7
P00736,A01893,8
P00736,A01601,9
P00736,A01884,10
P00736,A00009,11
P00736,A01602,12
P00737,A01596,1
P00737,A01599,2
P00737,A01598,3
P00737,A01597,4
P00737,A01888,5
P00737,A01884,6
P00737,A00009,7
P00737,A01602,8
P00738,A01894,1
P00738,A00189,2
P00739,A01895,1
P00739,A01805,2
P00739,A01598,3
P00739,A01896,4
P00739,A00284,5
P00739,A00716,6
P00739,A01596,7
P00739,A01804,8
P00739,A01602,9
P00740,A01596,1
P00740,A01597,2
P00740,A01883,3
P00740,A01805,4
P00740,A01218,5
P00740,A01888,6
P00740,A01854,7
P00740,A01884,8
P00740,A01897,9
P00740,A00582,10
P00741,A01596,1
P00741,A01597,2
P00741,A01602,3
P00741,A00540,4
P00741,A01218,5
P00741,A01598,6
P00741,A00090,7
P00741,A00065,8
P00742,A01596,1
P00742,A01597,2
P00742,A01602,3
P00742,A01598,4
P00742,A01599,5
P00743,A01596,1
P00743,A00090,2
P00743,A01597,3
P00743,A01602,4
P00743,A01601,5
P00743,A01884,6
P00743,A01898,7
P00743,A00222,8
P00743,A01007,9
P00743,A00095,10
P00743,A00225,11
P00743,A00226,12
P00743,A00041,13
P00743,A00436,14
P00743,A00434,15
P00743,A01598,16
P00743,A00094,17
P00743,A00236,18
P00743,A00089,19
P00744,A01596,1
P00744,A01597,2
P00744,A01602,3
P00744,A01899,4
P00744,A01598,5
P00744,A01218,6
P00744,A00090,7
P00744,A00225,8
P00744,A01900,9
P00744,A00608,10
P00744,A00236,11
P00744,A00041,12
P00744,A00436,13
P00744,A00434,14
P00744,A01007,15
P00744,A00437,16
P00744,A00094,17
P00745,A01901,1
P00745,A01902,2
P00745,A01903,3
P00746,A01882,1
P00746,A01893,2
P00746,A01030,3
P00746,A01885,4
P00746,A01602,5
P00746,A01904,6
P00746,A01596,7
P00746,A01905,8
P00746,A01906,9
P00746,A01804,10
P00746,A01907,11
P00747,A00609,1
P00747,A01220,2
P00747,A01908,3
P00747,A01881,4
P00748,A01909,1
P00748,A01910,2
P00748,A00363,3
P00748,A00248,4
P00748,A01911,5
P00748,A01462,6
P00748,A00424,7
P00748,A00362,8
P00748,A01602,9
P00749,A01084,1
P00749,A01912,2
P00749,A01913,3
P00749,A01914,4
P00749,A01915,5
P00749,A01916,6
P00749,A01917,7
P00749,A01918,8
P00749,A01919,9
P00749,A01920,10
P00749,A01921,11
P00749,A01922,12
P00749,A01923,13
P00750,A01856,1
P00750,A01900,2
P00750,A00608,3
P00750,A01601,4
P00750,A01898,5
P00750,A01597,6
P00750,A01883,7
P00751,A01924,1
P00751,A01882,2
P00751,A01596,3
P00751,A01602,4
P00752,A01596,1
P00752,A01218,2
P00752,A01805,3
P00752,A01597,4
P00752,A01897,5
P00752,A01893,6
P00753,A01596,1
P00753,A01597,2
P00753,A01218,3
P00753,A01897,4
P00753,A01925,5
P00753,A00582,6
P00754,A01596,1
P00754,A01900,2
P00754,A00284,3
P00754,A01597,4
P00754,A01601,5
P00754,A01898,6
P00754,A01598,7
P00754,A00225,8
P00754,A00226,9
P00754,A00041,10
P00754,A01926,11
P00754,A00918,12
P00754,A00087,13
P00754,A01005,14
P00754,A00094,15
P00754,A00437,16
P00754,A00434,17
P00754,A00436,18
P00754,A00230,19
P00754,A00236,20
P00754,A00608,21
P00754,A01602,22
P00755,A01596,1
P00755,A01900,2
P00755,A00284,3
P00755,A01597,4
P00755,A01598,5
P00755,A01601,6
P00755,A01898,7
P00755,A00144,8
P00755,A00225,9
P00755,A00226,10
P00755,A00041,11
P00755,A01926,12
P00755,A00434,13
P00755,A00436,14
P00755,A00918,15
P00755,A00608,16
P00755,A00087,17
P00755,A01005,18
P00755,A00094,19
P00755,A00437,20
P00755,A00230,21
P00755,A00433,22
P00755,A00236,23
P00755,A01007,24
P00755,A01883,25
P00756,A01596,1
P00756,A01602,2
P00756,A00041,3
P00756,A00918,4
P00756,A00434,5
P00756,A00236,6
P00757,A01882,1
P00757,A01888,2
P00757,A01883,3
P00757,A00540,4
P00757,A01884,5
P00757,A01927,6
P00757,A01928,7
P00757,A01929,8
P00757,A01804,9
P00758,A01882,1
P00758,A00540,2
P00758,A01883,3
P00758,A01228,4
P00758,A00481,5
P00758,A01887,6
P00759,A01883,1
P00759,A01888,2
P00759,A01601,3
P00759,A01856,4
P00759,A01930,5
P00759,A01882,6
P00759,A00540,7
P00759,A01927,8
P00760,A01856,1
P00760,A01883,2
P00760,A01597,3
P00760,A01888,4
P00760,A01884,5
P00760,A01601,6
P00760,A00540,7
P00761,A01601,1
P00761,A01883,2
P00761,A01898,3
P00761,A01931,4
P00761,A01884,5
P00761,A01882,6
P00762,A00918,1
P00762,A00608,2
P00762,A00485,3
P00762,A01611,4
P00763,A01932,1
P00763,A00608,2
P00763,A00348,3
P00763,A01933,4
P00763,A01934,5
P00764,A00918,1
P00764,A00608,2
P00765,A01932,1
P00765,A00608,2
P00765,A01611,3
P00766,A00608,1
P00766,A00636,2
P00766,A01611,3
P00766,A00635,4
P00766,A01935,5
P00766,A01936,6
P00766,A00139,7
P00766,A01079,8
P00766,A01138,9
P00766,A01876,10
P00766,A00607,11
P00766,A00248,12
P00766,A01937,13
P00767,A00608,1
P00767,A01938,2
P00767,A00341,3
P00767,A01611,4
P00767,A00248,5
P00767,A01876,6
P00767,A01939,7
P00767,A00281,8
P00767,A01940,9
P00767,A00086,10
P00768,A00281,1
P00768,A00608,2
P00768,A00635,3
P00768,A01941,4
P00769,A00918,1
P00769,A00608,2
P00769,A01942,3
P00769,A00919,4
P00770,A01940,1
P00770,A01896,2
P00770,A01943,3
P00770,A00608,4
P00770,A01936,5
P00771,A01944,1
P00771,A00608,2
P00771,A01945,3
P00771,A00752,4
P00771,A01946,5
P00771,A00351,6
P00771,A00353,7
P00771,A00736,8
P00772,A01900,1
P00772,A01936,2
P00772,A00608,3
P00772,A01940,4
P00772,A01896,5
P00773,A01936,1
P00773,A01900,2
P00773,A01940,3
P00773,A00608,4
P00774,A01940,1
P00774,A01936,2
P00774,A00608,3
P00775,A01900,1
P00775,A01940,2
P00775,A01936,3
P00775,A00608,4
P00776,A01947,1
P00776,A01948,2
P00776,A01949,3
P00776,A01950,4
P00776,A01124,5
P00777,A01940,1
P00777,A01936,2
P00777,A01900,3
P00777,A00608,4
P00778,A00291,1
P00778,A00251,2
P00778,A01951,3
P00778,A01952,4
P00778,A01953,5
P00779,A01954,1
P00779,A01955,2
P00780,A01895,1
P00780,A01896,2
P00780,A00608,3
P00781,A01900,1
P00781,A01940,2
P00781,A01896,3
P00781,A00608,4
P00782,A01938,1
P00782,A00608,2
P00782,A00248,3
P00782,A01611,4
P00783,A01940,1
P00783,A01896,2
P00783,A00608,3
P00783,A01936,4
P00784,A01956,1
P00784,A01957,2
P00784,A01958,3
P00784,A01959,4
P00784,A01960,5
P00785,A00281,1
P00785,A00608,2
P00785,A00635,3
P00785,A01941,4
P00786,A01961,1
P00786,A01962,2
P00786,A01963,3
P00786,A01964,4
P00786,A01965,5
P00788,A01966,1
P00788,A00636,2
P00789,A01851,1
P00789,A00608,2
P00789,A01967,3
P00789,A00752,4
P00789,A01968,5
P00789,A01916,6
P00789,A00989,7
P00789,A00987,8
P00789,A00351,9
P00789,A00353,10
P00790,A00281,1
P00790,A01969,2
P00790,A01970,3
P00790,A00608,4
P00791,A00281,1
P00791,A00602,2
P00791,A00678,3
P00791,A00264,4
P00791,A00608,5
P00791,A01971,6
P00791,A00318,7
P00791,A00378,8
P00791,A01972,9
P00791,A00257,10
P00791,A00284,11
P00791,A00255,12
P00791,A01973,13
P00791,A01974,14
P00791,A01309,15
P00791,A01975,16
P00791,A00248,17
P00791,A00017,18
P00791,A00009,19
P00791,A01976,20
P00792,A00281,1
P00792,A00608,2
P00792,A00635,3
P00792,A01935,4
P00792,A01611,5
P00792,A00009,6
P00792,A00017,7
P00792,A01775,8
P00793,A00281,1
P00793,A00608,2
P00793,A00635,3
P00793,A01876,4
P00794,A00281,1
P00794,A00264,2
P00794,A00920,3
P00794,A00402,4
P00794,A00940,5
P00794,A00608,6
P00794,A00017,7
P00794,A00248,8
P00795,A00281,1
P00795,A00608,2
P00795,A01876,3
P00795,A01939,4
P00796,A00635,1
P00796,A00608,2
P00796,A00636,3
P00796,A01611,4
P00796,A01935,5
P00797,A01977,1
P00797,A01936,2
P00797,A00608,3
P00798,A01978,1
P00798,A01693,2
P00798,A01979,3
P00799,A01977,1
P00799,A01936,2
P00799,A00608,3
P00800,A00918,1
P00800,A00608,2
P00800,A00636,3
P00801,A00582,1
P00801,A00788,2
P00801,A00045,3
P00801,A01980,4
P00802,A01932,1
P00802,A00608,2
P00802,A00348,3
P00802,A01933,4
P00802,A01934,5
P00803,A01932,1
P00803,A00608,2
P00803,A01611,3
P00804,A01981,1
P00804,A00608,2
P00804,A00918,3
P00804,A00248,4
P00805,A01944,1
P00805,A00752,2
P00805,A00608,3
P00805,A01662,4
P00805,A00939,5
P00805,A01716,6
P00805,A01946,7
P00805,A01945,8
P00805,A00736,9
P00806,A00133,1
P00806,A00001,2
P00806,A00130,3
P00806,A00086,4
P00807,A01982,1
P00807,A01983,2
P00807,A01984,3
P00808,A01977,1
P00808,A01936,2
P00808,A00608,3
P00809,A01981,1
P00809,A00608,2
P00809,A00918,3
P00810,A01984,1
P00810,A01982,2
P00811,A00918,1
P00811,A00608,2
P00811,A01985,3
P00811,A00180,4
P00812,A01944,1
P00812,A00752,2
P00812,A00608,3
P00812,A01716,4
P00812,A01946,5
P00812,A01876,6
P00812,A01945,7
P00812,A00351,8
P00812,A00736,9
P00813,A01938,1
P00813,A00636,2
P00813,A00918,3
P00813,A00362,4
P00813,A00363,5
P00813,A00608,6
P00814,A01982,1
P00814,A01984,2
P00815,A00918,1
P00815,A01986,2
P00815,A00608,3
P00815,A01797,4
P00815,A00420,5
P00815,A00311,6
P00815,A00919,7
P00815,A01932,8
P00816,A01978,1
P00816,A01987,2
P00816,A01988,3
P00816,A01989,4
P00816,A01990,5
P00816,A01991,6
P00816,A01992,7
P00816,A01993,8
P00816,A01994,9
P00816,A01995,10
P00816,A01996,11
P00816,A01997,12
P00816,A01998,13
P00816,A01999,14
P00816,A02000,15
P00816,A02001,16
P00817,A02002,1
P00817,A02003,2
P00818,A02004,1
P00818,A02005,2
P00818,A02006,3
P00818,A02007,4
P00819,A02008,1
P00819,A02009,2
P00819,A02010,3
P00819,A01970,4
P00820,A01955,1
P00820,A02011,2
P00820,A02012,3
P00820,A02013,4
P00820,A02014,5
P00820,A02015,6
P00821,A02005,1
P00821,A02016,2
P00821,A02017,3
P00821,A02018,4
P00821,A02019,5
P00821,A02020,6
P00821,A02021,7
P00822,A02022,1
P00822,A02023,2
P00822,A02024,3
P00823,A01982,1
P00823,A01984,2
P00824,A02025,1
P00824,A01851,2
P00824,A02026,3
P00824,A02027,4
P00824,A02028,5
P00825,A02029,1
P00825,A02030,2
P00825,A02031,3
P00825,A02032,4
P00825,A02033,5
P00825,A00118,6
P00825,A02034,7
P00825,A02035,8
P00826,A02029,1
P00826,A02036,2
P00826,A02030,3
P00826,A02035,4
P00826,A00118,5
P00826,A02032,6
P00826,A02037,7
P00826,A02038,8
P00827,A00918,1
P00827,A00608,2
P00827,A00189,3
P00828,A02039,1
P00828,A02040,2
P00828,A00255,3
P00828,A00284,4
P00828,A00582,5
P00828,A02041,6
P00828,A01309,7
P00828,A02042,8
P00829,A02043,1
P00829,A01955,2
P00829,A02044,3
P00830,A02045,1
P00830,A02046,2
P00831,A02047,1
P00831,A02048,2
P00831,A02049,3
P00832,A01984,1
P00832,A01982,2
P00832,A02050,3
P00833,A00918,1
P00833,A00608,2
P00833,A00919,3
P00833,A01942,4
P00833,A00189,5
P00834,A00506,1
P00834,A02051,2
P00834,A02052,3
P00834,A02053,4
P00834,A01876,5
P00835,A01854,1
P00835,A00001,2
P00835,A00133,3
P00835,A00086,4
P00835,A00608,5
P00836,A01982,1
P00836,A01984,2
P00836,A02054,3
P00837,A00434,1
P00837,A00817,2
P00837,A02055,3
P00837,A02056,4
P00837,A02057,5
P00838,A02058,1
P00838,A02059,2
P00838,A01982,3
P00838,A01984,4
P00838,A02060,5
P00838,A02061,6
P00839,A01593,1
P00839,A01982,2
P00839,A01984,3
P00839,A02062,4
P00840,A02063,1
P00840,A02064,2
P00840,A02065,3
P00840,A02066,4
P00840,A02067,5
P00840,A02068,6
P00840,A02069,7
P00840,A02070,8
P00840,A02071,9
P00841,A02072,1
P00841,A02073,2
P00841,A00434,3
P00841,A02074,4
P00841,A02075,5
P00841,A00670,6
P00841,A00817,7
P00841,A00005,8
P00841,A00802,9
P00841,A00088,10
P00841,A00089,11
P00841,A00095,12
P00841,A00094,13
P00841,A01007,14
P00841,A00927,15
P00841,A00041,16
P00841,A00437,17
P00842,A01982,1
P00842,A01984,2
P00843,A02076,1
P00843,A01593,2
P00843,A02077,3
P00843,A00605,4
P00843,A01098,5
P00843,A00170,6
P00843,A02078,7
P00843,A02079,8
P00843,A02080,9
P00844,A00434,1
P00844,A00817,2
P00844,A02056,3
P00844,A02057,4
P00844,A00088,5
P00844,A00089,6
P00844,A00095,7
P00844,A01007,8
P00844,A00094,9
P00845,A01851,1
P00845,A02081,2
P00845,A00989,3
P00845,A00988,4
P00845,A00608,5
P00845,A00716,6
P00845,A01305,7
P00845,A00086,8
P00846,A02055,1
P00846,A00434,2
P00846,A00817,3
P00846,A02056,4
P00846,A02057,5
P00847,A02082,1
P00847,A01949,2
P00847,A00352,3
P00847,A00189,4
P00847,A02083,5
P00847,A02084,6
P00848,A01940,1
P00848,A01896,2
P00848,A00608,3
P00848,A01936,4
P00849,A02076,1
P00849,A00198,2
P00849,A00605,3
P00849,A00200,4
P00849,A02077,5
P00849,A02078,6
P00849,A00163,7
P00849,A00539,8
P00849,A00350,9
P00850,A02085,1
P00850,A00276,2
P00850,A02086,3
P00851,A00001,1
P00851,A00609,2
P00851,A00610,3
P00851,A00940,4
P00851,A00608,5
P00851,A00613,6
P00851,A00379,7
P00851,A00005,8
P00851,A00351,9
P00852,A02087,1
P00852,A02088,2
P00852,A00266,3
P00852,A01792,4
P00852,A02089,5
P00853,A02090,1
P00853,A00608,2
P00854,A00434,1
P00854,A00817,2
P00854,A02055,3
P00854,A02056,4
P00854,A02057,5
P00855,A02055,1
P00855,A00434,2
P00855,A00817,3
P00855,A02056,4
P00855,A02057,5
P00855,A00927,6
P00856,A02082,1
P00856,A01949,2
P00856,A02083,3
P00856,A02084,4
P00857,A02029,1
P00857,A02031,2
P00857,A00118,3
P00857,A02091,4
P00857,A02032,5
P00857,A02033,6
P00857,A02034,7
P00857,A02035,8
P00858,A00918,1
P00858,A01932,2
P00858,A02092,3
P00858,A02093,4
P00858,A00311,5
P00858,A02090,6
P00858,A00281,7
P00858,A01986,8
P00858,A02094,9
P00858,A00608,10
P00859,A02055,1
P00859,A00434,2
P00859,A00817,3
P00859,A02057,4
P00859,A02095,5
P00860,A02055,1
P00860,A00434,2
P00860,A00817,3
P00860,A02057,4
P00860,A02095,5
P00860,A00005,6
P00861,A02096,1
P00861,A02097,2
P00861,A02098,3
P00861,A02099,4
P00862,A02025,1
P00862,A02100,2
P00862,A02101,3
P00862,A02102,4
P00862,A01851,5
P00862,A02027,6
P00862,A02028,7
P00863,A01986,1
P00863,A00918,2
P00863,A02090,3
P00863,A00608,4
P00863,A01119,5
P00863,A02103,6
P00864,A02058,1
P00864,A02059,2
P00864,A02086,3
P00865,A01986,1
P00865,A00918,2
P00865,A02090,3
P00865,A00608,4
P00865,A02104,5
P00865,A02105,6
P00866,A02106,1
P00866,A01815,2
P00866,A02107,3
P00866,A02108,4
P00866,A00136,5
P00867,A02058,1
P00867,A02059,2
P00868,A02109,1
P00868,A02110,2
P00868,A02111,3
P00868,A02112,4
P00868,A02113,5
P00868,A02114,6
P00868,A02115,7
P00868,A02116,8
P00868,A02117,9
P00868,A02118,10
P00868,A02119,11
P00868,A02120,12
P00868,A02121,13
P00869,A01982,1
P00869,A01984,2
P00869,A02054,3
P00869,A02122,4
P00869,A02123,5
P00870,A01851,1
P00870,A00608,2
P00870,A00752,3
P00870,A02124,4
P00870,A01946,5
P00870,A01945,6
P00870,A02125,7
P00870,A02126,8
P00870,A02127,9
P00870,A00939,10
P00870,A02128,11
P00870,A02129,12
P00871,A02130,1
P00871,A00276,2
P00871,A02131,3
P00871,A00918,4
P00872,A02132,1
P00872,A00989,2
P00872,A01916,3
P00872,A00988,4
P00872,A01851,5
P00872,A02133,6
P00872,A02134,7
P00872,A00987,8
P00872,A02135,9
P00872,A02136,10
P00873,A02058,1
P00873,A02059,2
P00874,A02137,1
P00874,A02138,2
P00874,A01955,3
P00874,A02139,4
P00874,A02140,5
P00874,A02141,6
P00874,A02142,7
P00874,A02143,8
P00874,A02144,9
P00874,A02145,10
P00875,A02146,1
P00875,A00918,2
P00875,A02147,3
P00875,A00311,4
P00876,A00434,1
P00876,A02055,2
P00876,A00817,3
P00876,A02057,4
P00876,A02095,5
P00876,A00179,6
P00876,A00088,7
P00876,A00089,8
P00876,A00095,9
P00876,A01007,10
P00876,A00094,11
P00876,A01009,12
P00876,A00041,13
P00876,A00437,14
P00877,A00251,1
P00877,A02148,2
P00877,A00291,3
P00877,A00337,4
P00877,A01369,5
P00877,A00400,6
P00877,A02149,7
P00878,A02150,1
P00878,A02151,2
P00878,A02152,3
P00878,A00733,4
P00878,A01932,5
P00878,A00289,6
P00878,A02153,7
P00879,A02132,1
P00879,A00989,2
P00879,A01916,3
P00879,A00988,4
P00879,A02154,5
P00879,A01851,6
P00880,A01950,1
P00880,A01947,2
P00880,A01815,3
P00881,A02155,1
P00881,A02077,2
P00881,A02156,3
P00881,A02157,4
P00881,A02158,5
P00881,A02159,6
P00881,A02079,7
P00881,A02160,8
P00882,A02161,1
P00882,A02162,2
P00882,A02163,3
P00882,A02164,4
P00882,A02165,5
P00882,A02166,6
P00882,A02167,7
P00882,A02026,8
P00883,A02168,1
P00883,A02169,2
P00883,A02170,3
P00883,A02171,4
P00883,A02172,5
P00884,A02130,1
P00884,A02173,2
P00884,A02059,3
P00885,A00281,1
P00885,A00608,2
P00885,A00635,3
P00885,A01876,4
P00886,A02174,1
P00887,A01984,1
P00887,A01982,2
P00888,A02175,1
P00888,A02176,2
P00888,A02177,3
P00888,A02178,4
P00888,A02179,5
P00888,A02180,6
P00888,A00817,7
P00888,A00434,8
P00888,A02056,9
P00888,A02057,10
P00889,A00434,1
P00889,A00817,2
P00889,A02055,3
P00889,A02057,4
P00889,A02095,5
P00889,A00179,6
P00889,A00005,7
P00890,A02055,1
P00890,A00817,2
P00890,A00434,3
P00890,A02057,4
P00890,A02095,5
P00891,A00434,1
P00891,A00817,2
P00891,A02055,3
P00891,A02057,4
P00891,A02181,5
P00891,A00179,6
P00891,A00005,7
P00891,A00088,8
P00891,A00089,9
P00891,A00095,10
P00891,A01007,11
P00891,A00094,12
P00891,A01009,13
P00891,A00041,14
P00891,A00437,15
P00892,A02151,1
P00892,A02182,2
P00893,A00012,1
P00893,A02183,2
P00893,A02184,3
P00893,A02185,4
P00893,A02186,5
P00893,A01359,6
P00894,A00434,1
P00894,A00045,2
P00894,A00802,3
P00894,A00435,4
P00894,A01622,5
P00894,A02072,6
P00894,A00005,7
P00894,A00803,8
P00894,A00817,9
P00894,A02057,10
P00894,A02095,11
P00894,A00088,12
P00894,A00089,13
P00894,A00095,14
P00894,A01007,15
P00894,A00094,16
P00894,A00041,17
P00894,A00437,18
P00895,A02022,1
P00895,A02017,2
P00895,A02016,3
P00895,A02018,4
P00895,A02187,5
P00895,A02188,6
P00895,A02021,7
P00896,A01938,1
P00896,A00636,2
P00896,A00918,3
P00896,A00362,4
P00896,A01228,5
P00896,A00608,6
P00897,A01973,1
P00897,A02189,2
P00897,A00608,3
P00897,A00734,4
P00897,A02190,5
P00897,A02191,6
P00897,A02192,7
P00897,A00284,8
P00898,A02193,1
P00898,A02194,2
P00899,A02195,1
P00899,A02196,2
P00899,A02197,3
P00900,A02130,1
P00900,A02198,2
P00900,A02131,3
P00901,A02199,1
P00901,A02200,2
P00901,A02201,3
P00901,A02202,4
P00901,A02203,5
P00902,A02204,1
P00902,A00919,2
P00902,A01851,3
P00902,A00918,4
P00902,A02205,5
P00902,A01942,6
P00902,A02206,7
P00902,A01308,8
P00903,A02200,1
P00903,A02199,2
P00903,A02207,3
P00903,A02208,4
P00903,A02202,5
P00903,A02209,6
P00904,A02210,1
P00904,A02211,2
P00904,A02212,3
P00904,A02213,4
P00904,A02214,5
P00904,A02215,6
P00904,A02216,7
P00905,A02217,1
P00905,A02218,2
P00905,A02219,3
P00905,A02220,4
P00905,A02031,5
P00905,A02029,6
P00905,A02221,7
P00906,A02222,1
P00906,A02223,2
P00906,A02224,3
P00906,A02225,4
P00906,A02226,5
P00906,A02227,6
P00906,A02228,7
P00906,A02229,8
P00906,A02230,9
P00907,A01982,1
P00907,A01984,2
P00907,A02054,3
P00909,A01973,1
P00909,A02231,2
P00909,A02232,3
P00909,A00284,4
P00909,A02233,5
P00909,A01970,6
P00909,A02033,7
P00910,A02039,1
P00910,A02040,2
P00910,A00255,3
P00910,A00284,4
P00910,A02041,5
P00910,A01309,6
P00910,A02042,7
P00912,A01940,1
P00912,A01936,2
P00912,A00608,3
P00913,A01940,1
P00913,A01936,2
P00913,A00608,3
P00914,A02234,1
P00914,A02235,2
P00914,A02236,3
P00914,A01955,4
P00914,A02237,5
P00914,A02238,6
P00915,A02239,1
P00915,A02240,2
P00915,A02241,3
P00915,A02232,4
P00915,A02242,5
P00916,A02243,1
P00916,A02244,2
P00917,A02245,1
P00917,A02246,2
P00917,A00616,3
P00917,A02247,4
P00917,A02248,5
P00917,A02249,6
P00917,A02250,7
P00917,A02251,8
P00917,A02252,9
P00917,A02253,10
P00917,A02254,11
P00918,A02255,1
P00918,A01698,2
P00918,A02021,3
P00918,A02242,4
P00918,A02256,5
P00918,A02257,6
P00918,A02258,7
P00919,A01938,1
P00919,A00918,2
P00919,A00608,3
P00920,A02259,1
P00920,A00918,2
P00921,A02260,1
P00921,A00988,2
P00921,A01916,3
P00921,A00989,4
P00921,A01305,5
P00921,A01851,6
P00921,A00987,7
P00921,A02261,8
P00922,A02262,1
P00922,A01679,2
P00922,A02263,3
P00922,A02264,4
P00923,A00337,1
P00923,A00251,2
P00923,A00099,3
P00923,A02259,4
P00923,A01855,5
P00924,A02239,1
P00924,A02189,2
P00924,A02265,3
P00924,A02232,4
P00924,A00284,5
P00924,A02191,6
P00924,A02192,7
P00925,A00251,1
P00925,A00244,2
P00925,A00021,3
P00925,A00337,4
P00925,A00687,5
P00925,A00220,6
P00926,A01982,1
P00926,A01984,2
P00926,A02266,3
P00926,A02267,4
P00926,A01017,5
P00926,A02268,6
P00926,A02269,7
P00926,A02270,8
P00927,A02271,1
P00927,A02272,2
P00927,A02273,3
P00927,A01309,4
P00927,A02274,5
P00927,A02252,6
P00927,A00177,7
P00927,A02275,8
P00928,A02260,1
P00928,A00988,2
P00928,A02276,3
P00928,A02277,4
P00928,A01851,5
P00928,A00989,6
P00928,A02278,7
P00928,A00987,8
P00928,A00608,9
P00928,A00716,10
P00928,A00148,11
P00928,A01916,12
P00928,A01968,13
P00929,A02135,1
P00929,A00989,2
P00929,A00988,3
P00929,A02279,4
P00929,A01038,5
P00929,A00716,6
P00929,A00477,7
P00929,A00086,8
P00929,A01851,9
P00929,A00987,10
P00929,A02280,11
P00929,A01916,12
P00929,A01968,13
P00929,A01306,14
P00930,A02281,1
P00930,A01913,2
P00930,A01921,3
P00930,A02282,4
P00930,A02283,5
P00931,A02284,1
P00931,A02285,2
P00932,A02284,1
P00933,A02286,1
P00933,A02287,2
P00933,A02288,3
P00933,A02289,4
P00933,A02290,5
P00933,A02291,6
P00933,A02292,7
P00934,A00281,1
P00934,A00918,2
P00934,A02111,3
P00934,A01468,4
P00934,A00424,5
P00934,A00289,6
P00935,A02293,1
P00935,A02031,2
P00935,A02294,3
P00935,A02295,4
P00935,A02296,5
P00935,A02029,6
P00935,A02035,7
P00936,A00420,1
P00936,A01622,2
P00936,A02297,3
P00936,A00918,4
P00936,A00608,5
P00937,A01815,1
P00937,A02298,2
P00937,A02299,3
P00937,A02300,4
P00937,A01465,5
P00937,A00351,6
P00937,A00284,7
P00937,A02301,8
P00937,A00378,9
P00938,A00919,1
P00938,A00608,2
P00939,A02003,1
P00940,A01935,1
P00940,A00608,2
P00940,A00318,3
P00940,A01611,4
P00940,A01558,5
P00941,A00918,1
P00941,A00608,2
P00941,A00636,3
P00941,A01611,4
P00941,A00485,5
P00942,A00919,1
P00942,A00608,2
P00943,A00919,1
P00943,A00608,2
P00943,A00636,3
P00943,A02302,4
P00944,A02303,1
P00944,A00919,2
P00944,A00608,3
P00944,A00636,4
P00945,A02009,1
P00945,A01970,2
P00946,A01955,1
P00946,A02304,2
P00946,A02234,3
P00946,A02012,4
P00946,A02014,5
P00946,A02044,6
P00946,A02305,7
P00946,A02235,8
P00947,A02306,1
P00947,A02004,2
P00948,A00264,1
P00948,A00281,2
P00948,A02307,3
P00949,A02308,1
P00949,A02037,2
P00949,A02309,3
P00949,A02310,4
P00950,A00608,1
P00950,A01936,2
P00950,A00045,3
P00950,A01977,4
P00950,A00086,5
P00951,A00337,1
P00951,A00251,2
P00951,A00918,3
P00951,A00247,4
P00951,A01855,5
P00951,A01884,6
P00952,A00346,1
P00952,A00345,2
P00952,A01590,3
P00952,A00342,4
P00952,A00246,5
P00952,A00354,6
P00953,A02311,1
P00953,A02312,2
P00953,A00151,3
P00954,A02313,1
P00954,A02314,2
P00955,A02009,1
P00955,A01970,2
P00955,A00284,3
P00955,A02189,4
P00956,A02315,1
P00956,A02316,2
P00957,A01935,1
P00957,A00608,2
P00957,A00318,3
P00957,A01558,4
P00958,A02317,1
P00958,A02314,2
P00959,A02318,1
P00959,A01983,2
P00959,A00335,3
P00959,A02319,4
P00959,A02320,5
P00959,A02321,6
P00959,A02322,7
P00959,A02323,8
P00960,A01955,1
P00960,A02324,2
P00960,A02325,3
P00960,A02011,4
P00960,A02044,5
P00961,A02326,1
P00961,A02022,2
P00961,A02327,3
P00962,A01969,1
P00963,A02328,1
P00963,A02329,2
P00963,A02330,3
P00963,A02331,4
P00964,A02332,1
P00964,A02002,2
P00964,A02319,3
P00964,A02333,4
P00965,A02003,1
P00965,A02002,2
P00966,A02334,1
P00966,A02335,2
P00966,A02336,3
P00967,A00376,1
P00967,A02337,2
P00967,A02338,3
P00967,A02339,4
P00967,A01855,5
P00967,A01934,6
P00968,A02151,1
P00968,A02153,2
P00969,A02082,1
P00969,A01949,2
P00970,A02340,1
P00970,A02341,2
P00970,A02342,3
P00970,A02343,4
P00970,A02344,5
P00972,A00281,1
P00972,A00284,2
P00972,A00608,3
P00972,A01971,4
P00972,A00318,5
P00972,A01974,6
P00972,A02345,7
P00972,A00257,8
P00972,A01976,9
P00972,A00248,10
P00972,A00017,11
P00972,A00009,12
P00972,A00378,13
P00972,A00132,14
P00972,A00255,15
P00972,A00258,16
P00972,A01973,17
P00972,A00584,18
P00972,A02346,19
P00973,A00281,1
P00973,A00264,2
P00973,A00284,3
P00973,A00318,4
P00973,A02345,5
P00973,A01974,6
P00973,A00257,7
P00973,A01969,8
P00973,A01970,9
P00973,A01976,10
P00973,A00608,11
P00973,A01419,12
P00973,A01420,13
P00973,A00351,14
P00973,A00402,15
P00973,A01200,16
P00973,A00378,17
P00973,A00255,18
P00973,A00258,19
P00973,A01973,20
P00974,A02347,1
P00974,A02348,2
P00974,A02349,3
P00974,A02350,4
P00974,A02351,5
P00974,A02352,6
P00974,A02353,7
P00974,A02354,8
P00974,A02355,9
P00974,A02356,10
P00974,A02357,11
P00974,A02358,12
P00975,A02045,1
P00975,A02046,2
P00975,A02359,3
P00976,A02360,1
P00976,A02361,2
P00976,A02362,3
P00976,A00543,4
P00976,A02363,5
P00976,A02364,6
P00976,A02365,7
P00976,A02366,8
P00977,A02367,1
P00977,A01970,2
P00977,A02368,3
P00978,A02004,1
P00978,A02007,2
P00978,A02023,3
P00979,A02369,1
P00979,A02370,2
P00980,A02371,1
P00981,A02372,1
P00981,A01519,2
P00982,A00281,1
P00982,A00264,2
P00982,A00289,3
P00982,A00561,4
P00982,A00112,5
P00982,A00248,6
P00982,A00608,7
P00982,A02150,8
P00982,A02373,9
P00982,A00402,10
P00982,A00351,11
P00982,A02153,12
P00982,A00716,13
P00982,A01200,14
P00982,A00017,15
P00982,A01970,16
P00982,A01969,17
P00983,A00752,1
P00983,A01945,2
P00983,A00608,3
P00983,A01716,4
P00983,A01662,5
P00983,A02374,6
P00983,A01330,7
P00983,A00939,8
P00983,A01944,9
P00983,A00918,10
P00983,A02375,11
P00983,A02376,12
P00984,A01935,1
P00984,A00318,2
P00984,A00608,3
P00984,A01611,4
P00984,A01558,5
P00985,A01938,1
P00985,A00608,2
P00985,A00017,3
P00985,A00003,4
P00985,A00248,5
P00986,A01622,1
P00986,A02377,2
P00986,A01602,3
P00986,A00420,4
P00987,A00919,1
P00987,A00608,2
P00988,A01815,1
P00988,A00507,2
P00989,A00608,1
P00989,A00045,2
P00989,A01611,3
P00989,A01387,4
P00989,A00636,5
P00989,A00086,6
P00990,A00608,1
P00990,A00045,2
P00990,A00086,3
P00990,A00817,4
P00990,A01938,5
P00990,A00635,6
P00990,A01611,7
P00990,A00281,8
P00990,A01876,9
P00990,A01939,10
P00991,A02297,1
P00991,A00420,2
P00991,A00918,3
P00991,A00608,4
P00992,A01981,1
P00992,A00608,2
P00993,A02378,1
P00993,A00099,2
P00993,A02379,3
P00993,A02380,4
P00993,A02381,5
P00994,A02382,1
P00995,A01858,1
P00995,A02383,2
P00995,A01098,3
P00995,A01394,4
P00995,A01331,5
P00995,A02384,6
P00995,A02385,7
P00996,A02386,1
P00996,A00582,2
P00996,A00275,3
P00996,A02387,4
P00996,A02388,5
P00997,A01983,1
P00997,A02389,2
P00997,A02390,3
P00997,A00335,4
P00997,A02319,5
P00997,A02023,6
P00997,A02391,7
P00997,A02392,8
P00998,A02393,1
P00998,A00372,2
P00999,A01855,1
P00999,A00247,2
P00999,A00395,3
P00999,A00396,4
P01000,A02394,1
P01000,A00608,2
P01001,A01855,1
P01001,A02395,2
P01001,A00918,3
P01001,A01942,4
P01001,A02396,5
P01001,A00376,6
P01001,A02337,7
P01002,A02284,1
P01003,A01942,1
P01004,A00918,1
P01004,A00608,2
P01004,A02242,3
P01004,A01331,4
P01004,A00265,5
P01004,A02397,6
P01004,A01942,7
P01004,A00189,8
P01004,A02398,9
P01005,A02399,1
P01005,A02400,2
P01005,A02401,3
P01005,A01851,4
P01005,A01852,5
P01005,A02402,6
P01006,A00918,1
P01006,A00608,2
P01006,A00919,3
P01007,A02403,1
P01007,A01590,2
P01007,A00265,3
P01007,A00918,4
P01007,A02404,5
P01008,A02405,1
P01008,A02406,2
P01008,A02407,3
P01008,A02408,4
P01008,A02409,5
P01008,A02410,6
P01009,A01855,1
P01009,A02411,2
P01009,A02412,3
P01009,A02413,4
P01010,A01855,1
P01010,A02414,2
P01010,A00918,3
P01011,A02284,1
P01011,A02285,2
P01012,A01852,1
P01012,A02415,2
P01012,A02401,3
P01012,A02416,4
P01012,A00989,5
P01012,A02417,6
P01013,A01855,1
P01013,A02412,2
P01013,A02411,3
P01013,A02413,4
P01014,A02262,1
P01014,A01679,2
P01014,A02263,3
P01014,A02264,4
P01015,A02418,1
P01015,A01806,2
P01015,A01363,3
P01015,A02419,4
P01015,A01119,5
P01015,A01882,6
P01015,A01804,7
P01016,A01855,1
P01016,A00918,2
P01017,A01855,1
P01017,A02395,2
P01017,A02414,3
P01018,A02420,1
P01018,A02421,2
P01018,A02422,3
P01019,A00311,1
P01019,A02423,2
P01019,A00305,3
P01019,A02147,4
P01019,A00918,5
P01019,A02424,6
P01020,A02425,1
P01020,A02426,2
P01020,A02427,3
P01020,A01809,4
P01020,A00918,5
P01020,A02428,6
P01020,A00609,7
P01020,A01985,8
P01020,A02429,9
P01021,A02430,1
P01021,A02431,2
P01021,A02432,3
P01021,A00918,4
P01021,A02433,5
P01021,A01809,6
P01022,A02259,1
P01022,A00918,2
P01022,A02434,3
P01022,A02378,4
P01022,A00352,5
P01022,A00539,6
P01022,A00311,7
P01023,A02239,1
P01023,A02242,2
P01023,A02435,3
P01023,A02436,4
P01023,A02241,5
P01023,A02232,6
P01023,A02437,7
P01023,A02186,8
P01023,A00918,9
P01023,A01359,10
P01024,A02438,1
P01024,A02439,2
P01024,A02440,3
P01024,A02441,4
P01024,A02442,5
P01025,A02443,1
P01025,A02232,2
P01025,A02444,3
P01025,A02445,4
P01025,A02446,5
P01025,A02447,6
P01026,A01942,1
P01026,A00918,2
P01026,A00311,3
P01026,A02448,4
P01026,A02449,5
P01026,A02420,6
P01028,A01852,1
P01028,A02401,2
P01028,A02415,3
P01028,A02450,4
P01028,A02451,5
P01028,A02416,6
P01029,A01855,1
P01029,A02396,2
P01029,A02339,3
P01029,A02452,4
P01030,A00337,1
P01031,A02186,1
P01031,A02453,2
P01031,A00571,3
P01031,A00735,4
P01031,A00512,5
P01031,A00041,6
P01031,A02437,7
P01031,A02239,8
P01031,A00508,9
P01031,A02454,10
P01031,A02455,11
P01031,A02456,12
P01031,A01007,13
P01031,A00089,14
P01031,A00095,15
P01031,A00434,16
P01031,A00094,17
P01032,A02239,1
P01032,A02241,2
P01032,A02437,3
P01032,A02436,4
P01032,A00918,5
P01032,A02186,6
P01032,A02232,7
P01032,A02435,8
P01033,A02436,1
P01033,A02457,2
P01034,A02037,1
P01034,A02309,2
P01034,A02308,3
P01034,A02458,4
P01035,A02029,1
P01035,A02031,2
P01035,A00118,3
P01035,A02033,4
P01035,A02034,5
P01035,A02032,6
P01036,A02029,1
P01036,A02031,2
P01036,A02032,3
P01036,A02459,4
P01036,A00118,5
P01036,A02033,6
P01036,A02034,7
P01036,A02035,8
P01037,A01984,1
P01037,A01982,2
P01038,A00918,1
P01038,A00311,2
P01038,A02090,3
P01038,A00608,4
P01038,A01099,5
P01038,A00189,6
P01038,A01985,7
P01038,A01854,8
P01038,A01932,9
P01038,A02460,10
P01038,A01590,11
P01038,A00616,12
P01038,A01394,13
P01038,A00941,14
P01038,A02461,15
P01038,A01908,16
P01038,A02424,17
P01038,A01986,18
P01039,A02002,1
P01039,A02462,2
P01039,A02463,3
P01039,A02464,4
P01039,A02465,5
P01039,A02391,6
P01039,A02320,7
P01039,A02466,8
P01039,A02319,9
P01040,A02029,1
P01040,A02032,2
P01040,A02031,3
P01040,A02467,4
P01040,A02468,5
P01040,A02033,6
P01040,A02034,7
P01040,A02035,8
P01040,A02469,9
P01040,A02459,10
P01040,A02470,11
P01040,A02038,12
P01040,A02030,13
P01040,A02471,14
P01041,A01218,1
P01041,A01126,2
P01041,A00788,3
P01041,A01697,4
P01042,A01896,1
P01042,A02241,2
P01042,A01938,3
P01042,A00608,4
P01042,A00636,5
P01043,A00661,1
P01043,A01602,2
P01044,A01811,1
P01044,A01833,2
P01045,A01471,1
P01045,A00351,2
P01045,A00350,3
P01045,A02472,4
P01045,A00478,5
P01046,A00099,1
P01046,A00361,2
P01046,A00424,3
P01046,A01228,4
P01046,A01602,5
P01046,A00478,6
P01046,A02473,7
P01046,A00362,8
P01047,A01552,1
P01047,A02474,2
P01047,A02475,3
P01047,A02476,4
P01047,A02477,5
P01047,A02478,6
P01047,A02479,7
P01047,A02480,8
P01047,A02481,9
P01047,A02482,10
P01047,A02483,11
P01047,A00545,12
P01047,A02484,13
P01047,A02485,14
P01047,A02486,15
P01047,A02487,16
P01047,A00801,17
P01047,A02488,18
P01048,A02489,1
P01048,A00485,2
P01048,A01393,3
P01049,A01510,1
P01049,A00404,2
P01049,A00478,3
P01049,A00132,4
P01049,A02490,5
P01049,A02491,6
P01050,A02492,1
P01050,A00404,2
P01051,A00132,1
P01051,A02493,2
P01051,A02494,3
P01051,A01552,4
P01052,A00608,1
P01052,A01775,2
P01052,A01611,3
P01052,A01480,4
P01053,A02495,1
P01053,A02492,2
P01053,A02496,3
P01053,A02497,4
P01053,A02498,5
P01053,A00545,6
P01054,A02499,1
P01054,A02500,2
P01054,A02481,3
P01054,A02501,4
P01054,A02502,5
P01054,A01172,6
P01055,A01602,1
P01055,A02503,2
P01055,A00403,3
P01055,A02504,4
P01055,A00404,5
P01055,A02505,6
P01056,A02500,1
P01056,A02499,2
P01056,A02502,3
P01056,A02506,4
P01056,A02507,5
P01056,A02481,6
P01056,A02501,7
P01056,A00842,8
P01056,A02508,9
P01056,A01198,10
P01056,A01172,11
P01057,A00005,1
P01057,A01643,2
P01057,A00801,3
P01057,A02488,4
P01057,A02476,5
P01057,A02509,6
P01057,A00545,7
P01057,A02330,8
P01058,A00420,1
P01058,A00404,2
P01058,A00403,3
P01058,A00248,4
P01058,A02510,5
P01059,A00943,1
P01059,A02476,2
P01059,A00003,3
P01060,A00251,1
P01060,A00420,2
P01060,A02511,3
P01060,A01833,4
P01061,A00420,1
P01061,A01775,2
P01061,A00404,3
P01061,A02498,4
P01061,A01611,5
P01061,A00137,6
P01061,A02512,7
P01061,A02513,8
P01062,A01295,1
P01062,A00045,2
P01062,A01365,3
P01062,A00803,4
P01062,A00801,5
P01063,A00726,1
P01064,A01807,1
P01064,A01775,2
P01064,A00478,3
P01065,A00099,1
P01065,A02514,2
P01065,A00743,3
P01065,A00363,4
P01065,A00362,5
P01066,A01911,1
P01066,A01909,2
P01066,A01602,3
P01066,A00248,4
P01066,A00424,5
P01066,A00362,6
P01067,A01807,1
P01067,A00478,2
P01068,A01911,1
P01068,A01909,2
P01068,A00424,3
P01068,A00248,4
P01068,A01463,5
P01068,A00362,6
P01068,A01602,7
P01069,A02515,1
P01069,A02516,2
P01069,A01030,3
P01069,A02517,4
P01069,A02311,5
P01070,A02518,1
P01070,A00545,2
P01070,A02519,3
P01070,A01645,4
P01071,A02520,1
P01071,A01611,2
P01071,A01480,3
P01071,A01775,4
P01071,A02504,5
P01071,A02503,6
P01072,A01510,1
P01072,A01655,2
P01072,A00404,3
P01073,A02521,1
P01073,A02522,2
P01073,A02487,3
P01074,A00726,1
P01074,A01679,2
P01074,A00404,3
P01075,A00420,1
P01075,A00045,2
P01075,A00005,3
P01075,A00086,4
P01075,A02523,5
P01076,A02297,1
P01076,A00251,2
P01076,A00420,3
P01077,A00133,1
P01077,A00893,2
P01077,A00001,3
P01077,A00146,4
P01077,A00539,5
P01077,A00478,6
P01077,A00005,7
P01078,A00661,1
P01078,A01602,2
P01078,A00478,3
P01079,A00099,1
P01079,A02524,2
P01079,A02525,3
P01079,A02526,4
P01079,A00363,5
P01080,A02527,1
P01080,A02528,2
P01081,A00836,1
P01081,A00350,2
P01081,A00351,3
P01081,A00200,4
P01081,A00194,5
P01081,A00476,6
P01081,A00001,7
P01081,A00478,8
P01081,A00004,9
P01082,A02529,1
P01082,A00351,2
P01082,A01603,3
P01082,A01406,4
P01082,A00126,5
P01082,A00803,6
P01082,A00005,7
P01082,A00353,8
P01082,A00274,9
P01082,A01296,10
P01082,A00519,11
P01082,A00736,12
P01083,A00478,1
P01083,A01469,2
P01083,A02530,3
P01083,A02531,4
P01083,A01931,5
P01083,A01463,6
P01083,A01882,7
P01083,A01807,8
P01084,A02532,1
P01084,A01807,2
P01084,A00478,3
P01085,A01463,1
P01085,A02532,2
P01085,A01462,3
P01085,A00478,4
P01085,A02533,5
P01086,A02534,1
P01086,A01518,2
P01086,A02535,3
P01086,A00461,4
P01086,A02536,5
P01086,A02537,6
P01086,A02538,7
P01087,A02534,1
P01087,A01518,2
P01087,A02535,3
P01087,A00461,4
P01087,A02536,5
P01087,A02537,6
P01087,A02538,7
P01088,A00152,1
P01088,A00153,2
P01089,A00001,1
P01089,A00477,2
P01089,A01463,3
P01089,A01622,4
P01089,A02532,5
P01089,A01442,6
P01089,A02539,7
P01089,A00005,8
P01089,A00941,9
P01089,A00003,10
P01089,A00004,11
P01090,A00005,1
P01090,A00045,2
P01090,A00432,3
P01090,A00435,4
P01090,A01622,5
P01090,A00434,6
P01090,A02072,7
P01090,A00803,8
P01090,A01883,9
P01090,A00041,10
P01090,A00094,11
P01090,A00088,12
P01090,A00089,13
P01090,A00095,14
P01090,A00092,15
P01090,A01009,16
P01090,A00437,17
P01090,A01200,18
P01090,A01124,19
P01091,A02540,1
P01091,A02541,2
P01091,A02542,3
P01091,A02511,4
P01092,A01931,1
P01092,A01622,2
P01092,A00478,3
P01093,A00152,1
P01093,A00153,2
P01094,A00133,1
P01094,A00893,2
P01094,A00001,3
P01094,A00146,4
P01094,A00539,5
P01094,A00478,6
P01094,A00005,7
P01095,A01893,1
P01095,A02543,2
P01095,A01931,3
P01095,A01883,4
P01096,A01883,1
P01096,A01931,2
P01096,A01601,3
P01096,A02434,4
P01097,A02544,1
P01097,A02545,2
P01097,A02546,3
P01097,A02547,4
P01097,A02548,5
P01098,A02544,1
P01098,A02545,2
P01098,A02546,3
P01098,A02547,4
P01098,A02548,5
P01099,A00537,1
P01099,A00745,2
P01099,A00135,3
P01100,A02549,1
P01100,A01893,2
P01100,A02550,3
P01100,A00478,4
P01101,A00602,1
P01101,A01017,2
P01101,A00605,3
P01101,A01124,4
P01101,A02551,5
P01101,A00163,6
P01101,A02552,7
P01101,A00597,8
P01101,A02553,9
P01101,A00133,10
P01101,A00112,11
P01102,A02554,1
P01102,A02555,2
P01102,A02556,3
P01102,A02557,4
P01102,A00249,5
P01102,A02558,6
P01103,A00602,1
P01103,A00393,2
P01103,A00136,3
P01103,A02551,4
P01103,A01028,5
P01104,A00420,1
P01104,A01825,2
P01104,A01810,3
P01104,A00380,4
P01104,A00379,5
P01104,A00251,6
P01105,A02559,1
P01105,A02533,2
P01105,A01160,3
P01105,A02560,4
P01105,A01872,5
P01105,A00716,6
P01105,A00135,7
P01106,A02559,1
P01106,A02533,2
P01106,A01160,3
P01106,A02560,4
P01106,A00402,5
P01106,A01872,6
P01106,A00716,7
P01106,A00135,8
P01107,A00745,1
P01107,A00537,2
P01107,A00135,3
P01108,A01540,1
P01108,A00084,2
P01108,A00066,3
P01108,A00100,4
P01108,A00379,5
P01109,A01463,1
P01109,A00099,2
P01109,A00582,3
P01109,A00100,4
P01109,A00478,5
P01109,A01872,6
P01109,A02559,7
P01109,A00380,8
P01109,A02561,9
P01109,A02562,10
P01109,A00812,11
P01110,A02563,1
P01110,A02564,2
P01110,A00752,3
P01110,A00989,4
P01110,A00987,5
P01111,A02565,1
P01111,A01296,2
P01111,A02566,3
P01111,A01297,4
P01111,A01053,5
P01111,A02567,6
P01111,A01103,7
P01112,A00745,1
P01112,A00537,2
P01112,A00202,3
P01112,A00402,4
P01113,A02565,1
P01113,A02566,2
P01113,A01296,3
P01113,A01053,4
P01113,A01103,5
P01113,A02536,6
P01113,A01039,7
P01113,A02568,8
P01113,A02567,9
P01113,A02569,10
P01113,A02570,11
P01114,A00713,1
P01114,A02571,2
P01114,A00135,3
P01114,A02572,4
P01114,A01219,5
P01114,A00136,6
P01114,A00812,7
P01114,A01492,8
P01114,A02573,9
P01115,A01463,1
P01115,A00478,2
P01115,A00099,3
P01115,A00582,4
P01115,A00812,5
P01116,A00745,1
P01116,A00537,2
P01116,A00402,3
P01116,A00202,4
P01117,A00987,1
P01117,A00988,2
P01117,A00148,3
P01117,A00716,4
P01117,A00989,5
P01117,A01697,6
P01117,A02574,7
P01117,A01035,8
P01117,A01851,9
P01117,A02575,10
P01118,A01463,1
P01118,A00478,2
P01118,A01622,3
P01118,A01462,4
P01118,A00379,5
P01118,A02433,6
P01119,A02576,1
P01119,A01042,2
P01119,A02535,3
P01119,A01052,4
P01119,A02577,5
P01120,A01041,1
P01120,A01043,2
P01120,A01046,3
P01120,A01047,4
P01120,A01297,5
P01121,A01463,1
P01121,A02418,2
P01121,A01596,3
P01121,A02578,4
P01121,A02579,5
P01121,A01909,6
P01121,A01911,7
P01121,A00478,8
P01122,A02580,1
P01122,A02581,2
P01122,A02582,3
P01122,A01400,4
P01122,A02583,5
P01123,A02584,1
P01123,A00537,2
P01123,A00745,3
P01123,A00325,4
P01123,A01593,5
P01123,A00351,6
P01123,A00940,7
P01124,A02534,1
P01124,A01518,2
P01124,A02535,3
P01124,A00461,4
P01124,A02536,5
P01124,A02537,6
P01124,A02538,7
P01125,A01075,1
P01125,A01071,2
P01125,A02585,3
P01125,A00745,4
P01125,A02586,5
P01126,A01466,1
P01126,A00133,2
P01126,A00198,3
P01126,A02587,4
P01126,A00539,5
P01126,A00540,6
P01127,A02588,1
P01127,A01564,2
P01127,A02589,3
P01127,A01899,4
P01127,A02433,5
P01127,A00512,6
P01128,A02590,1
P01128,A02591,2
P01128,A00590,3
P01128,A02592,4
P01128,A00086,5
P01128,A02593,6
P01128,A00065,7
P01128,A02594,8
P01129,A02593,1
P01129,A02591,2
P01129,A02590,3
P01129,A00590,4
P01129,A02592,5
P01129,A02595,6
P01129,A02596,7
P01129,A02597,8
P01129,A02598,9
P01129,A02599,10
P01129,A02594,11
P01130,A02600,1
P01130,A02601,2
P01130,A02602,3
P01130,A00259,4
P01130,A00043,5
P01130,A00385,6
P01130,A01444,7
P01130,A02603,8
P01131,A02604,1
P01131,A02424,2
P01131,A00918,3
P01131,A02605,4
P01131,A00135,5
P01131,A02606,6
P01131,A00716,7
P01131,A00275,8
P01131,A02607,9
P01131,A01119,10
P01132,A01344,1
P01132,A02608,2
P01132,A02609,3
P01132,A02610,4
P01132,A02611,5
P01132,A02612,6
P01133,A02613,1
P01133,A02614,2
P01133,A02615,3
P01133,A02616,4
P01133,A02617,5
P01133,A02618,6
P01133,A02619,7
P01133,A02620,8
P01133,A02621,9
P01133,A02622,10
P01133,A02623,11
P01133,A02624,12
P01133,A02625,13
P01133,A02626,14
P01133,A02627,15
P01133,A02628,16
P01133,A02629,17
P01133,A02630,18
P01133,A02631,19
P01133,A02632,20
P01133,A02633,21
P01133,A02634,22
P01133,A02635,23
P01133,A02636,24
P01134,A02637,1
P01134,A00054,2
P01134,A00133,3
P01134,A01897,4
P01134,A00922,5
P01134,A00540,6
P01135,A02638,1
P01135,A02639,2
P01135,A02640,3
P01135,A02641,4
P01136,A00152,1
P01136,A00153,2
P01137,A00152,1
P01137,A00153,2
P01138,A00152,1
P01138,A00153,2
P01139,A02642,1
P01139,A02535,2
P01139,A01518,3
P01139,A00461,4
P01139,A02643,5
P01139,A00696,6
P01139,A00466,7
P01139,A02536,8
P01139,A02644,9
P01140,A01463,1
P01140,A00478,2
P01140,A02645,3
P01140,A02646,4
P01140,A02430,5
P01140,A00539,6
P01140,A02647,7
P01140,A02648,8
P01140,A02649,9
P01141,A02650,1
P01141,A02651,2
P01141,A01886,3
P01142,A02652,1
P01142,A00274,2
P01142,A02653,3
P01142,A02041,4
P01142,A02654,5
P01144,A00045,1
P01144,A01628,2
P01144,A00803,3
P01144,A00801,4
P01145,A00248,1
P01145,A00420,2
P01145,A01643,3
P01145,A00005,4
P01145,A00121,5
P01145,A00135,6
P01145,A00736,7
P01145,A02498,8
P01146,A00424,1
P01146,A01602,2
P01146,A00404,3
P01146,A00361,4
P01147,A02655,1
P01147,A01833,2
P01147,A02656,3
P01147,A02657,4
P01148,A00045,1
P01148,A00086,2
P01148,A00817,3
P01148,A01643,4
P01148,A01603,5
P01148,A00404,6
P01148,A01655,7
P01149,A00045,1
P01149,A01603,2
P01149,A00404,3
P01149,A00086,4
P01149,A00817,5
P01149,A01643,6
P01150,A01801,1
P01150,A00045,2
P01150,A00005,3
P01150,A01643,4
P01150,A00086,5
P01151,A01893,1
P01151,A01931,2
P01151,A02658,3
P01151,A00540,4
P01151,A02659,5
P01152,A02660,1
P01152,A02661,2
P01152,A01893,3
P01153,A00296,1
P01153,A02657,2
P01153,A02662,3
P01153,A02656,4
P01154,A00133,1
P01154,A00001,2
P01154,A00380,3
P01154,A00379,4
P01154,A00130,5
P01154,A00086,6
P01154,A02663,7
P01154,A00800,8
P01154,A00485,9
P01154,A00539,10
P01154,A00478,11
P01154,A00005,12
P01155,A00402,1
P01155,A00353,2
P01156,A01540,1
P01156,A00019,2
P01156,A00009,3
P01156,A00020,4
P01157,A01854,1
P01157,A00001,2
P01157,A00940,3
P01157,A01098,4
P01157,A00005,5
P01157,A00351,6
P01157,A00812,7
P01157,A00752,8
P01158,A01622,1
P01158,A00296,2
P01158,A00478,3
P01158,A00005,4
P01159,A00402,1
P01159,A00353,2
P01159,A00726,3
P01160,A02664,1
P01160,A02665,2
P01160,A00048,3
P01160,A02666,4
P01160,A02667,5
P01160,A00803,6
P01161,A01444,1
P01161,A00259,2
P01161,A00716,3
P01161,A01122,4
P01161,A02533,5
P01162,A01123,1
P01162,A02668,2
P01162,A00043,3
P01164,A00133,1
P01164,A00001,2
P01164,A00130,3
P01164,A00086,4
P01164,A00003,5
P01164,A00539,6
P01164,A00478,7
P01164,A00005,8
P01165,A00045,1
P01165,A01295,2
P01165,A00052,3
P01166,A00402,1
P01166,A00045,2
P01166,A02669,3
P01166,A00350,4
P01166,A00351,5
P01166,A01295,6
P01166,A00086,7
P01166,A00817,8
P01166,A00940,9
P01166,A01775,10
P01166,A00478,11
P01167,A02670,1
P01167,A00132,2
P01168,A00988,1
P01168,A00948,2
P01168,A02671,3
P01168,A01207,4
P01168,A01697,5
P01168,A00015,6
P01168,A00739,7
P01168,A02672,8
P01168,A01716,9
P01168,A00616,10
P01168,A02279,11
P01168,A00539,12
P01168,A00736,13
P01168,A00402,14
P01168,A02673,15
P01168,A01354,16
P01168,A02564,17
P01168,A00987,18
P01169,A00144,1
P01169,A00379,2
P01169,A00380,3
P01169,A01228,4
P01169,A02526,5
P01169,A01933,6
P01169,A01195,7
P01169,A00189,8
P01169,A00485,9
P01170,A02380,1
P01170,A00134,2
P01170,A00713,3
P01170,A00136,4
P01170,A00812,5
P01170,A00137,6
P01171,A02674,1
P01171,A01622,2
P01171,A00103,3
P01172,A00402,1
P01172,A00350,2
P01172,A00351,3
P01172,A00582,4
P01172,A00940,5
P01172,A01330,6
P01172,A01331,7
P01173,A02675,1
P01173,A00135,2
P01173,A00736,3
P01174,A00251,1
P01174,A00400,2
P01174,A00020,3
P01174,A00023,4
P01174,A00420,5
P01174,A02676,6
P01174,A02677,7
P01175,A00726,1
P01175,A02378,2
P01175,A00037,3
P01175,A01018,4
P01175,A00402,5
P01175,A02434,6
P01176,A02678,1
P01176,A00404,2
P01176,A02679,3
P01176,A00478,4
P01176,A01886,5
P01176,A02680,6
P01176,A01602,7
P01176,A00137,8
P01177,A00424,1
P01177,A01602,2
P01177,A00404,3
P01177,A01622,4
P01177,A00478,5
P01178,A00619,1
P01178,A00132,2
P01178,A00370,3
P01178,A02681,4
P01179,A00836,1
P01179,A00200,2
P01179,A00350,3
P01179,A00351,4
P01179,A00163,5
P01179,A00475,6
P01179,A01467,7
P01179,A00920,8
P01179,A02682,9
P01179,A02683,10
P01180,A00135,1
P01180,A00134,2
P01180,A00713,3
P01180,A00136,4
P01180,A00812,5
P01180,A00137,6
P01181,A00290,1
P01181,A00005,2
P01181,A00836,3
P01181,A01807,4
P01181,A00351,5
P01181,A00350,6
P01181,A00940,7
P01181,A00265,8
P01182,A00170,1
P01182,A00605,2
P01182,A02684,3
P01182,A01244,4
P01182,A02685,5
P01182,A02686,6
P01182,A01593,7
P01182,A01520,8
P01182,A02252,9
P01182,A00178,10
P01182,A00812,11
P01182,A01099,12
P01182,A02687,13
P01183,A00929,1
P01183,A00432,2
P01183,A00869,3
P01183,A00005,4
P01184,A00132,1
P01184,A00370,2
P01184,A01626,3
P01185,A00732,1
P01185,A01679,2
P01185,A02688,3
P01185,A02689,4
P01186,A01465,1
P01186,A00350,2
P01186,A00351,3
P01186,A01552,4
P01186,A00680,5
P01186,A02690,6
P01186,A02691,7
P01187,A00720,1
P01187,A02692,2
P01187,A02607,3
P01187,A00135,4
P01188,A00290,1
P01188,A00351,2
P01188,A00350,3
P01188,A00005,4
P01189,A00132,1
P01189,A02693,2
P01190,A00726,1
P01190,A00728,2
P01191,A02694,1
P01191,A02695,2
P01191,A02696,3
P01191,A02697,4
P01191,A02698,5
P01192,A01022,1
P01192,A00139,2
P01193,A02699,1
P01193,A00420,2
P01193,A00404,3
P01193,A00403,4
P01193,A01643,5
P01194,A00351,1
P01194,A01552,2
P01195,A02480,1
P01195,A00037,2
P01195,A02700,3
P01195,A00540,4
P01195,A00534,5
P01195,A02500,6
P01195,A02701,7
P01195,A00715,8
P01195,A01553,9
P01195,A02702,10
P01196,A01295,1
P01196,A00045,2
P01196,A02703,3
P01196,A02704,4
P01196,A01202,5
P01196,A02705,6
P01196,A00801,7
P01196,A00803,8
P01197,A00341,1
P01197,A00003,2
P01197,A00139,3
P01197,A01540,4
P01197,A00342,5
P01197,A01079,6
P01197,A00736,7
P01197,A01175,8
P01197,A00325,9
P01197,A00348,10
P01197,A02706,11
P01197,A01556,12
P01198,A00015,1
P01198,A00404,2
P01198,A00534,3
P01199,A02298,1
P01199,A01693,2
P01200,A00726,1
P01200,A00728,2
P01200,A02707,3
P01200,A00943,4
P01200,A02476,5
P01200,A02708,6
P01200,A00135,7
P01200,A00736,8
P01200,A00132,9
P01200,A01552,10
P01200,A00404,11
P01200,A02653,12
P01201,A01833,1
P01202,A00090,1
P01202,A00045,2
P01202,A00432,3
P01202,A01515,4
P01202,A00803,5
P01202,A02709,6
P01202,A01531,7
P01202,A00668,8
P01202,A00801,9
P01202,A01632,10
P01202,A00437,11
P01202,A01516,12
P01203,A00726,1
P01203,A00728,2
P01203,A02707,3
P01203,A00132,4
P01203,A01406,5
P01203,A00351,6
P01203,A00404,7
P01204,A01833,1
P01205,A00726,1
P01205,A00728,2
P01206,A00019,1
P01206,A00478,2
P01206,A02377,3
P01206,A00135,4
P01207,A00019,1
P01207,A01775,2
P01207,A00478,3
P01207,A02585,4
P01208,A00537,1
P01208,A00135,2
P01208,A02675,3
P01208,A00736,4
P01208,A01679,5
P01209,A00251,1
P01209,A00400,2
P01209,A00420,3
P01210,A00720,1
P01210,A00135,2
P01211,A00836,1
P01211,A00351,2
P01211,A00350,3
P01211,A00163,4
P01211,A00296,5
P01211,A00200,6
P01211,A02300,7
P01212,A02472,1
P01212,A02640,2
P01212,A02639,3
P01212,A02710,4
P01212,A02711,5
P01213,A00751,1
P01213,A02710,2
P01213,A02639,3
P01213,A02640,4
P01213,A02472,5
P01214,A01990,1
P01214,A02311,2
P01214,A02712,3
P01214,A02713,4
P01214,A01989,5
P01214,A02714,6
P01214,A02715,7
P01215,A00726,1
P01215,A00728,2
P01216,A00198,1
P01216,A00163,2
P01216,A00605,3
P01216,A00350,4
P01216,A00289,5
P01216,A00200,6
P01216,A00160,7
P01216,A00539,8
P01216,A02686,9
P01216,A00597,10
P01216,A00146,11
P01216,A00478,12
P01216,A00005,13
P01216,A01018,14
P01217,A00290,1
P01217,A02716,2
P01217,A00350,3
P01217,A00351,4
P01217,A02717,5
P01217,A02718,6
P01218,A02637,1
P01218,A00922,2
P01218,A00054,3
P01218,A00133,4
P01218,A00903,5
P01218,A02719,6
P01218,A00893,7
P01218,A00478,8
P01218,A00539,9
P01219,A00726,1
P01219,A00728,2
P01220,A02720,1
P01220,A02661,2
P01220,A02559,3
P01220,A02560,4
P01220,A02533,5
P01220,A02721,6
P01220,A02722,7
P01221,A00726,1
P01221,A02378,2
P01221,A00359,3
P01222,A01149,1
P01222,A00132,2
P01222,A01552,3
P01222,A02711,4
P01223,A00325,1
P01223,A00135,2
P01223,A00805,3
P01223,A02723,4
P01223,A00736,5
P01223,A02264,6
P01223,A00419,7
P01223,A00842,8
P01223,A01196,9
P01223,A02706,10
P01224,A01665,1
P01224,A00736,2
P01224,A00325,3
P01224,A00135,4
P01224,A01666,5
P01224,A00537,6
P01224,A01639,7
P01224,A02724,8
P01224,A01670,9
P01224,A01196,10
P01224,A01668,11
P01224,A01669,12
P01225,A01666,1
P01225,A00736,2
P01225,A00537,3
P01225,A01639,4
P01226,A01296,1
P01226,A01679,2
P01226,A00736,3
P01226,A02725,4
P01226,A02726,5
P01226,A00537,6
P01227,A02727,1
P01227,A00351,2
P01228,A00341,1
P01228,A00342,2
P01228,A01540,3
P01228,A00139,4
P01228,A00343,5
P01228,A00143,6
P01229,A02654,1
P01229,A02652,2
P01229,A00274,3
P01229,A02041,4
P01229,A00694,5
P01229,A02728,6
P01230,A00281,1
P01230,A02729,2
P01230,A00404,3
P01231,A02730,1
P01231,A02731,2
P01231,A00362,3
P01231,A00432,4
P01231,A00005,5
P01232,A00099,1
P01232,A01775,2
P01232,A00045,3
P01233,A02657,1
P01233,A02732,2
P01233,A02733,3
P01233,A02734,4
P01233,A02735,5
P01233,A02656,6
P01234,A01805,1
P01234,A00376,2
P01234,A02736,3
P01234,A02737,4
P01234,A00104,5
P01234,A00582,6
P01234,A00379,7
P01234,A00478,8
P01234,A00788,9
P01235,A00420,1
P01235,A00251,2
P01235,A02738,3
P01236,A01811,1
P01236,A01833,2
P01237,A00099,1
P01237,A01774,2
P01237,A00485,3
P01237,A02739,4
P01237,A01775,5
P01237,A00610,6
P01237,A02740,7
P01237,A00045,8
P01237,A00086,9
P01237,A00800,10
P01238,A02378,1
P01238,A02380,2
P01238,A00099,3
P01238,A02379,4
P01238,A00736,5
P01239,A00420,1
P01239,A02737,2
P01239,A01622,3
P01240,A00930,1
P01240,A00559,2
P01240,A00001,3
P01240,A00434,4
P01240,A00517,5
P01240,A00432,6
P01240,A00678,7
P01240,A00005,8
P01241,A00420,1
P01241,A01611,2
P01241,A02741,3
P01242,A01622,1
P01242,A00420,2
P01242,A01775,3
P01242,A02742,4
P01243,A00424,1
P01243,A01602,2
P01243,A00404,3
P01243,A00478,4
P01244,A00045,1
P01244,A01295,2
P01244,A00052,3
P01244,A02743,4
P01245,A00386,1
P01245,A02744,2
P01245,A00001,3
P01245,A00148,4
P01245,A00035,5
P01245,A00505,6
P01246,A00505,1
P01246,A01696,2
P01246,A00130,3
P01246,A00001,4
P01246,A00386,5
P01247,A01944,1
P01247,A00752,2
P01247,A01945,3
P01247,A00608,4
P01247,A01946,5
P01247,A01305,6
P01247,A00939,7
P01248,A01775,1
P01248,A00005,2
P01249,A01218,1
P01249,A00582,2
P01249,A01805,3
P01249,A01596,4
P01249,A00602,5
P01249,A00275,6
P01249,A00788,7
P01250,A02637,1
P01250,A00922,2
P01250,A02719,3
P01250,A02745,4
P01250,A02746,5
P01250,A01897,6
P01250,A02747,7
P01250,A02748,8
P01250,A00478,9
P01251,A00801,1
P01251,A00803,2
P01251,A00333,3
P01251,A02749,4
P01251,A00334,5
P01252,A00133,1
P01252,A01029,2
P01252,A00893,3
P01252,A02750,4
P01252,A00628,5
P01252,A00132,6
P01252,A00130,7
P01252,A00131,8
P01252,A00366,9
P01252,A00614,10
P01252,A02751,11
P01252,A00478,12
P01253,A00544,1
P01254,A00545,1
P01254,A02752,2
P01254,A02678,3
P01254,A02753,4
P01254,A01695,5
P01254,A00540,6
P01255,A00750,1
P01255,A02754,2
P01255,A02755,3
P01255,A02756,4
P01255,A02757,5
P01255,A02758,6
P01255,A02759,7
P01256,A02678,1
P01256,A01156,2
P01256,A00404,3
P01256,A00084,4
P01256,A01709,5
P01256,A01219,6
P01256,A02299,7
P01257,A02678,1
P01257,A00404,2
P01257,A02760,3
P01257,A00539,4
P01257,A00137,5
P01257,A01156,6
P01258,A02678,1
P01258,A00404,2
P01258,A01156,3
P01258,A00084,4
P01258,A01219,5
P01258,A02299,6
P01258,A01709,7
P01259,A02678,1
P01259,A00404,2
P01260,A00478,1
P01260,A02761,2
P01260,A00791,3
P01261,A02678,1
P01261,A00404,2
P01262,A02678,1
P01262,A00404,2
P01263,A02678,1
P01263,A01156,2
P01263,A00404,3
P01263,A00084,4
P01263,A01709,5
P01263,A01219,6
P01264,A00281,1
P01264,A01552,2
P01264,A00404,3
P01264,A01624,4
P01264,A01523,5
P01264,A01551,6
P01265,A01611,1
P01265,A02520,2
P01266,A00405,1
P01266,A00404,2
P01266,A00403,3
P01266,A02762,4
P01266,A02763,5
P01266,A02764,6
P01266,A02765,7
P01266,A01934,8
P01266,A02766,9
P01267,A00478,1
P01267,A00404,2
P01267,A01679,3
P01267,A00135,4
P01267,A00344,5
P01267,A00818,6
P01267,A01531,7
P01267,A02708,8
P01267,A00432,9
P01267,A01575,10
P01268,A00661,1
P01268,A01602,2
P01268,A02767,3
P01269,A01681,1
P01269,A01639,2
P01269,A01679,3
P01269,A00736,4
P01269,A02477,5
P01269,A01552,6
P01269,A00545,7
P01269,A02653,8
P01269,A01526,9
P01269,A00137,10
P01271,A01284,1
P01271,A01499,2
P01271,A01517,3
P01271,A01516,4
P01271,A01661,5
P01271,A01645,6
P01271,A01551,7
P01271,A01531,8
P01271,A00922,9
P01271,A01270,10
P01271,A00349,11
P01271,A00736,12
P01272,A01602,1
P01272,A00424,2
P01272,A00404,3
P01272,A00361,4
P01273,A00608,1
P01273,A00003,2
P01273,A01611,3
P01273,A01480,4
P01273,A02377,5
P01273,A00281,6
P01274,A00139,1
P01274,A00528,2
P01274,A00715,3
P01274,A00009,4
P01274,A01679,5
P01274,A01079,6
P01274,A00749,7
P01274,A00734,8
P01274,A00538,9
P01274,A00896,10
P01274,A01556,11
P01274,A00561,12
P01274,A01661,13
P01275,A01622,1
P01275,A01603,2
P01275,A01492,3
P01275,A00424,4
P01275,A00420,5
P01276,A02520,1
P01276,A01611,2
P01276,A02768,3
P01276,A01480,4
P01276,A00103,5
P01277,A02529,1
P01277,A02769,2
P01277,A00351,3
P01277,A01406,4
P01278,A02770,1
P01278,A01807,2
P01278,A00005,3
P01278,A00432,4
P01278,A00353,5
P01280,A02497,1
P01280,A02771,2
P01280,A00404,3
P01281,A01666,1
P01281,A01679,2
P01281,A00736,3
P01281,A00135,4
P01282,A02521,1
P01282,A02487,2
P01282,A02522,3
P01282,A00126,4
P01283,A01186,1
P01283,A00023,2
P01283,A01258,3
P01283,A00009,4
P01283,A02772,5
P01283,A02773,6
P01283,A00020,7
P01283,A02566,8
P01283,A02543,9
P01283,A02774,10
P01283,A01257,11
P01283,A00084,12
P01283,A02775,13
P01283,A00017,14
P01283,A00545,15
P01283,A00529,16
P01283,A02526,17
P01284,A01510,1
P01284,A00404,2
P01284,A00420,3
P01284,A01655,4
P01284,A00351,5
P01284,A01552,6
P01284,A00137,7
P01285,A01510,1
P01285,A01655,2
P01285,A00404,3
P01286,A00403,1
P01286,A00404,2
P01286,A02776,3
P01286,A02777,4
P01287,A01510,1
P01287,A00404,2
P01287,A02491,3
P01288,A00048,1
P01288,A01704,2
P01288,A00045,3
P01288,A02778,4
P01288,A00803,5
P01288,A00801,6
P01288,A02779,7
P01289,A00393,1
P01289,A01492,2
P01289,A02711,3
P01290,A02780,1
P01290,A02781,2
P01290,A01393,3
P01290,A01990,4
P01290,A02782,5
P01290,A01099,6
P01290,A01331,7
P01290,A02783,8
P01290,A00350,9
P01291,A00251,1
P01292,A02784,1
P01292,A02785,2
P01292,A02264,3
P01292,A02786,4
P01292,A02787,5
P01292,A02788,6
P01292,A02789,7
P01293,A00260,1
P01293,A00693,2
P01293,A02790,3
P01293,A02791,4
P01293,A02792,5
P01293,A02793,6
P01293,A00726,7
P01293,A02794,8
P01294,A02795,1
P01294,A02796,2
P01295,A02797,1
P01295,A02798,2
P01296,A02799,1
P01296,A02713,2
P01296,A02430,3
P01296,A02311,4
P01297,A02800,1
P01297,A00135,2
P01297,A00713,3
P01297,A01076,4
P01297,A00812,5
P01297,A00813,6
P01297,A00136,7
P01298,A01076,1
P01298,A00736,2
P01298,A01679,3
P01298,A02378,4
P01298,A02675,5
P01298,A00135,6
P01298,A00402,7
P01298,A02800,8
P01298,A00812,9
P01299,A02801,1
P01299,A02802,2
P01299,A01295,3
P01299,A00670,4
P01299,A00045,5
P01299,A00539,6
P01299,A00602,7
P01299,A00127,8
P01299,A00736,9
P01300,A01787,1
P01300,A00082,2
P01300,A00942,3
P01300,A01099,4
P01300,A00743,5
P01300,A02803,6
P01301,A02386,1
P01301,A00582,2
P01301,A00402,3
P01301,A01218,4
P01301,A02383,5
P01302,A00282,1
P01302,A02804,2
P01302,A02805,3
P01302,A00614,4
P01302,A02555,5
P01302,A01400,6
P01302,A02806,7
P01302,A00402,8
P01302,A02807,9
P01302,A00238,10
P01303,A02808,1
P01304,A02754,1
P01304,A02809,2
P01304,A02810,3
P01304,A02811,4
P01304,A00504,5
P01304,A02812,6
P01304,A02813,7
P01305,A00920,1
P01305,A00350,2
P01305,A00351,3
P01305,A00940,4
P01305,A02433,5
P01305,A00812,6
P01305,A00353,7
P01305,A02430,8
P01306,A00133,1
P01306,A00893,2
P01306,A01029,3
P01306,A02814,4
P01306,A00198,5
P01306,A00963,6
P01306,A00130,7
P01306,A00131,8
P01306,A00146,9
P01306,A00478,10
P01306,A00539,11
P01307,A01805,1
P01307,A01148,2
P01307,A00521,3
P01307,A02815,4
P01307,A02816,5
P01307,A00965,6
P01307,A01237,7
P01307,A00582,8
P01307,A02817,9
P01307,A02818,10
P01307,A01218,11
P01307,A02819,12
P01307,A00275,13
P01307,A00788,14
P01307,A00716,15
P01307,A02820,16
P01307,A02821,17
P01307,A02822,18
P01308,A00133,1
P01308,A00893,2
P01308,A00198,3
P01308,A00148,4
P01308,A00131,5
P01308,A00146,6
P01308,A00401,7
P01308,A01220,8
P01308,A00075,9
P01309,A00457,1
P01309,A02823,2
P01309,A00198,3
P01309,A02824,4
P01309,A00539,5
P01309,A02825,6
P01309,A02826,7
P01310,A02827,1
P01310,A00478,2
P01311,A00702,1
P01311,A00705,2
P01311,A00111,3
P01311,A00704,4
P01311,A02828,5
P01311,A00024,6
P01311,A00151,7
P01311,A00706,8
P01311,A00603,9
P01311,A00707,10
P01311,A00025,11
P01311,A00080,12
P01311,A00708,13
P01311,A00026,14
P01311,A00083,15
P01312,A00997,1
P01312,A02829,2
P01312,A00198,3
P01312,A02802,4
P01312,A02830,5
P01312,A02831,6
P01312,A02832,7
P01312,A01878,8
P01312,A02833,9
P01312,A00602,10
P01313,A02834,1
P01313,A00126,2
P01313,A02522,3
P01314,A00132,1
P01314,A02835,2
P01314,A00372,3
P01315,A02533,1
P01315,A02559,2
P01315,A02661,3
P01315,A02722,4
P01315,A01440,5
P01315,A02836,6
P01315,A02560,7
P01315,A00160,8
P01315,A00156,9
P01316,A00616,1
P01316,A00001,2
P01316,A01331,3
P01316,A02837,4
P01316,A02838,5
P01316,A00505,6
P01316,A00402,7
P01316,A02839,8
P01316,A01220,9
P01316,A02840,10
P01316,A01804,11
P01317,A02681,1
P01317,A00619,2
P01318,A00152,1
P01318,A00153,2
P01319,A02841,1
P01319,A00920,2
P01319,A00350,3
P01319,A00351,4
P01319,A00353,5
P01320,A01076,1
P01320,A00736,2
P01320,A01679,3
P01320,A00713,4
P01320,A00135,5
P01320,A02842,6
P01320,A01023,7
P01320,A02843,8
P01320,A00732,9
P01320,A02844,10
P01320,A00136,11
P01320,A00812,12
P01320,A02433,13
P01321,A00963,1
P01321,A02845,2
P01321,A01404,3
P01321,A00127,4
P01321,A01697,5
P01322,A00402,1
P01322,A00353,2
P01323,A00920,1
P01323,A00350,2
P01323,A00351,3
P01323,A00402,4
P01323,A00353,5
P01324,A02846,1
P01324,A02847,2
P01324,A02848,3
P01325,A01878,1
P01325,A02849,2
P01325,A01877,3
P01325,A00270,4
P01325,A00268,5
P01325,A00266,6
P01325,A00271,7
P01325,A02850,8
P01326,A02785,1
P01326,A01679,2
P01326,A02264,3
P01326,A02851,4
P01326,A02688,5
P01327,A01306,1
P01327,A00988,2
P01327,A00716,3
P01327,A00989,4
P01327,A00477,5
P01327,A01038,6
P01327,A02852,7
P01327,A00045,8
P01327,A00434,9
P01327,A00987,10
P01327,A01851,11
P01327,A02280,12
P01328,A02853,1
P01328,A02854,2
P01328,A02855,3
P01328,A01593,4
P01328,A02856,5
P01329,A02857,1
P01329,A01233,2
P01329,A00920,3
P01329,A00573,4
P01329,A02533,5
P01329,A02591,6
P01329,A02854,7
P01329,A00027,8
P01329,A01468,9
P01329,A02858,10
P01329,A00623,11
P01330,A02859,1
P01330,A02860,2
P01330,A02861,3
P01330,A02862,4
P01330,A00602,5
P01331,A02863,1
P01331,A01297,2
P01331,A01041,3
P01331,A02864,4
P01331,A01046,5
P01331,A01052,6
P01331,A00602,7
P01332,A00402,1
P01332,A00353,2
P01332,A00920,3
P01332,A00918,4
P01333,A02865,1
P01333,A02866,2
P01333,A01052,3
P01333,A01308,4
P01333,A02135,5
P01333,A02563,6
P01333,A02565,7
P01333,A01297,8
P01334,A02867,1
P01334,A02757,2
P01334,A02206,3
P01334,A02758,4
P01334,A01308,5
P01334,A00477,6
P01334,A00001,7
P01334,A00716,8
P01334,A02868,9
P01334,A02869,10
P01334,A00628,11
P01334,A01851,12
P01334,A01306,13
P01334,A00067,14
P01334,A02754,15
P01334,A02755,16
P01334,A00750,17
P01334,A00539,18
P01334,A00005,19
P01334,A01018,20
P01334,A01916,21
P01334,A02870,22
P01335,A00987,1
P01335,A00988,2
P01335,A02575,3
P01335,A00130,4
P01335,A00716,5
P01335,A00989,6
P01335,A01851,7
P01335,A00137,8
P01335,A01036,9
P01335,A02574,10
P01335,A02871,11
P01335,A02563,12
P01336,A00624,1
P01336,A01593,2
P01336,A00589,3
P01337,A02872,1
P01337,A00893,2
P01337,A00402,3
P01338,A02873,1
P01338,A01396,2
P01338,A01397,3
P01339,A01895,1
P01339,A01805,2
P01339,A01804,3
P01339,A00716,4
P01339,A01220,5
P01339,A01598,6
P01339,A01462,7
P01339,A00265,8
P01339,A00136,9
P01340,A02874,1
P01340,A02875,2
P01340,A00239,3
P01340,A00086,4
P01340,A00282,5
P01340,A00005,6
P01340,A00817,7
P01340,A00434,8
P01340,A02057,9
P01340,A02095,10
P01341,A02876,1
P01341,A01895,2
P01341,A01805,3
P01341,A01162,4
P01341,A00716,5
P01341,A00052,6
P01342,A02262,1
P01342,A00135,2
P01342,A00121,3
P01342,A00354,4
P01342,A00393,5
P01342,A02433,6
P01342,A00136,7
P01343,A02861,1
P01343,A01405,2
P01343,A02877,3
P01343,A00821,4
P01343,A02878,5
P01343,A00051,6
P01343,A00602,7
P01343,A02757,8
P01343,A01697,9
P01344,A00135,1
P01344,A02879,2
P01344,A00134,3
P01344,A02880,4
P01344,A00812,5
P01344,A02433,6
P01344,A00137,7
P01345,A00821,1
P01345,A02881,2
P01345,A01405,3
P01345,A01482,4
P01345,A00723,5
P01345,A02861,6
P01345,A02882,7
P01345,A00352,8
P01345,A00743,9
P01345,A01031,10
P01345,A02883,11
P01346,A02884,1
P01346,A00133,2
P01346,A01232,3
P01346,A02885,4
P01346,A00203,5
P01346,A00993,6
P01346,A02369,7
P01346,A02886,8
P01346,A02887,9
P01346,A02888,10
P01346,A02889,11
P01346,A01030,12
P01346,A00392,13
P01346,A02686,14
P01346,A00353,15
P01348,A02890,1
P01348,A00086,2
P01348,A00051,3
P01348,A00817,4
P01349,A02074,1
P01349,A00517,2
P01349,A02891,3
P01349,A00045,4
P01349,A02111,5
P01349,A02892,6
P01349,A00876,7
P01349,A02893,8
P01350,A02894,1
P01350,A01422,2
P01350,A02895,3
P01350,A02896,4
P01351,A00133,1
P01351,A00617,2
P01351,A00589,3
P01351,A00198,4
P01351,A00132,5
P01351,A02897,6
P01352,A02898,1
P01352,A02899,2
P01352,A02039,3
P01352,A02900,4
P01352,A02040,5
P01352,A00274,6
P01352,A02901,7
P01353,A02902,1
P01353,A02903,2
P01353,A02904,3
P01353,A02905,4
P01353,A02906,5
P01353,A02907,6
P01353,A02908,7
P01354,A02039,1
P01354,A02040,2
P01354,A02239,3
P01354,A02041,4
P01354,A02901,5
P01354,A02447,6
P01354,A02232,7
P01354,A00255,8
P01354,A02798,9
P01354,A02909,10
P01355,A02898,1
P01355,A02899,2
P01355,A02910,3
P01355,A02901,4
P01355,A02900,5
P01355,A02040,6
P01355,A00274,7
P01356,A01792,1
P01356,A02911,2
P01356,A02912,3
P01356,A00090,4
P01356,A02913,5
P01356,A02914,6
P01356,A02915,7
P01356,A02916,8
P01356,A02917,9
P01356,A02918,10
P01356,A02919,11
P01356,A02920,12
P01356,A02921,13
P01356,A02922,14
P01356,A02923,15
P01356,A02924,16
P01356,A02925,17
P01356,A02087,18
P01356,A02926,19
P01356,A02927,20
P01356,A02928,21
P01356,A02929,22
P01356,A02930,23
P01356,A02931,24
P01356,A01897,25
P01356,A02932,26
P01356,A02933,27
P01356,A01054,28
P01357,A02934,1
P01357,A00537,2
P01357,A02822,3
P01357,A00736,4
P01358,A01443,1
P01358,A02935,2
P01358,A01162,3
P01358,A02936,4
P01358,A00043,5
P01358,A00038,6
P01358,A01444,7
P01358,A01446,8
P01359,A00082,1
P01359,A01219,2
P01359,A00473,3
P01359,A00485,4
P01359,A01220,5
P01359,A00402,6
P01359,A00539,7
P01360,A02937,1
P01360,A02640,2
P01360,A02472,3
P01361,A02938,1
P01361,A02939,2
P01361,A02640,3
P01361,A02472,4
P01362,A00082,1
P01362,A00473,2
P01362,A01219,3
P01362,A00485,4
P01362,A01220,5
P01362,A00402,6
P01362,A00539,7
P01363,A02940,1
P01363,A00485,2
P01363,A01775,3
P01363,A01391,4
P01363,A00351,5
P01364,A01593,1
P01364,A02941,2
P01364,A02942,3
P01364,A02579,4
P01364,A02943,5
P01364,A00812,6
P01364,A00813,7
P01365,A01716,1
P01365,A00045,2
P01365,A02419,3
P01365,A00582,4
P01366,A02693,1
P01366,A00132,2
P01366,A02944,3
P01367,A00117,1
P01367,A00115,2
P01367,A02945,3
P01367,A02946,4
P01367,A02947,5
P01367,A00803,6
P01367,A00045,7
P01368,A00893,1
P01368,A00402,2
P01368,A00683,3
P01368,A00350,4
P01368,A00351,5
P01368,A00521,6
P01369,A02948,1
P01369,A00350,2
P01369,A00351,3
P01369,A02646,4
P01369,A02949,5
P01369,A01609,6
P01369,A01465,7
P01369,A00402,8
P01370,A01805,1
P01370,A00275,2
P01370,A00582,3
P01370,A00788,4
P01371,A00170,1
P01371,A00605,2
P01371,A02950,3
P01371,A02274,4
P01371,A01098,5
P01371,A00602,6
P01371,A02753,7
P01372,A00988,1
P01372,A01716,2
P01372,A02671,3
P01372,A00739,4
P01372,A02672,5
P01372,A00478,6
P01372,A00948,7
P01372,A00616,8
P01372,A00539,9
P01372,A00402,10
P01372,A01354,11
P01372,A02673,12
P01372,A01038,13
P01372,A02643,14
P01372,A00736,15
P01373,A02557,1
P01373,A02596,2
P01373,A02951,3
P01373,A00349,4
P01373,A00351,5
P01373,A02555,6
P01373,A02952,7
P01373,A00086,8
P01374,A00726,1
P01375,A00836,1
P01375,A00350,2
P01375,A00351,3
P01375,A00200,4
P01375,A01465,5
P01375,A00131,6
P01376,A02403,1
P01376,A00720,2
P01376,A00050,3
P01376,A02953,4
P01376,A01590,5
P01376,A00136,6
P01376,A01200,7
P01376,A00736,8
P01377,A02954,1
P01377,A02955,2
P01377,A02956,3
P01377,A02957,4
P01377,A01690,5
P01377,A00268,6
P01377,A00005,7
P01377,A00432,8
P01377,A00736,9
P01377,A00497,10
P01378,A02875,1
P01378,A00239,2
P01378,A00238,3
P01378,A02556,4
P01379,A00988,1
P01379,A00989,2
P01379,A01851,3
P01379,A00987,4
P01380,A00197,1
P01380,A02958,2
P01380,A00310,3
P01380,A00289,4
P01380,A01679,5
P01381,A01307,1
P01381,A00752,2
P01381,A01945,3
P01382,A01593,1
P01383,A01307,1
P01383,A02959,2
P01383,A00402,3
P01383,A00284,4
P01383,A02189,5
P01384,A02938,1
P01384,A02640,2
P01384,A02710,3
P01384,A02472,4
P01385,A01307,1
P01385,A00752,2
P01385,A01944,3
P01386,A02960,1
P01386,A02522,2
P01386,A02961,3
P01387,A02562,1
P01387,A00393,2
P01387,A00139,3
P01387,A00047,4
P01387,A00026,5
P01388,A02386,1
P01388,A01444,2
P01388,A02962,3
P01388,A00379,4
P01388,A00478,5
P01388,A00788,6
P01388,A01805,7
P01388,A00504,8
P01388,A00716,9
P01389,A00745,1
P01389,A00537,2
P01390,A01295,1
P01390,A00045,2
P01390,A00052,3
P01391,A01218,1
P01391,A00788,2
P01391,A01805,3
P01391,A00716,4
P01391,A00275,5
P01391,A00582,6
P01391,A02963,7
P01391,A01632,8
P01392,A01291,1
P01392,A00537,2
P01392,A00720,3
P01392,A01872,4
P01392,A02964,5
P01393,A00713,1
P01393,A02380,2
P01393,A01076,3
P01393,A02800,4
P01393,A00736,5
P01393,A00136,6
P01393,A00812,7
P01394,A01218,1
P01394,A00788,2
P01394,A01805,3
P01394,A01053,4
P01394,A00582,5
P01394,A00275,6
P01395,A01218,1
P01395,A00788,2
P01395,A00716,3
P01395,A01805,4
P01395,A00582,5
P01395,A00275,6
P01396,A01433,1
P01396,A00840,2
P01396,A02965,3
P01396,A00733,4
P01396,A02966,5
P01396,A01432,6
P01396,A02967,7
P01396,A01438,8
P01397,A02968,1
P01397,A02969,2
P01397,A01218,3
P01397,A00661,4
P01397,A02970,5
P01397,A02971,6
P01397,A00380,7
P01397,A00582,8
P01397,A02972,9
P01397,A00478,10
P01398,A00752,1
P01398,A01662,2
P01398,A01330,3
P01398,A00939,4
P01398,A02375,5
P01398,A01407,6
P01398,A01716,7
P01398,A00736,8
P01398,A00351,9
P01399,A00170,1
P01399,A02973,2
P01399,A02252,3
P01399,A00605,4
P01399,A01305,5
P01399,A00125,6
P01399,A00137,7
P01399,A00402,8
P01400,A02596,1
P01400,A02974,2
P01400,A02557,3
P01400,A02951,4
P01400,A02975,5
P01400,A00349,6
P01400,A00351,7
P01401,A02976,1
P01401,A02977,2
P01401,A02978,3
P01401,A00821,4
P01401,A00231,5
P01402,A00135,1
P01402,A00537,2
P01402,A02733,3
P01402,A00736,4
P01402,A01679,5
P01402,A00728,6
P01402,A00726,7
P01403,A02979,1
P01403,A02847,2
P01403,A02980,3
P01404,A02834,1
P01404,A02242,2
P01404,A02981,3
P01404,A02982,4
P01404,A02983,5
P01404,A02984,6
P01405,A02985,1
P01405,A00976,2
P01406,A02978,1
P01406,A00821,2
P01406,A02986,3
P01406,A02878,4
P01406,A00734,5
P01406,A00733,6
P01406,A02663,7
P01406,A00020,8
P01407,A02987,1
P01407,A02988,2
P01407,A02989,3
P01407,A02990,4
P01407,A02991,5
P01408,A02812,1
P01408,A00587,2
P01408,A00747,3
P01408,A02809,4
P01408,A02810,5
P01408,A02992,6
P01408,A02959,7
P01408,A00351,8
P01408,A00920,9
P01408,A00005,10
P01408,A00836,11
P01408,A02813,12
P01409,A02592,1
P01409,A00344,2
P01409,A00351,3
P01409,A00352,4
P01409,A00192,5
P01409,A00349,6
P01409,A02993,7
P01410,A01983,1
P01410,A02875,2
P01410,A01553,3
P01410,A00005,4
P01411,A02994,1
P01411,A02952,2
P01411,A02596,3
P01411,A02591,4
P01411,A00517,5
P01411,A00041,6
P01412,A01805,1
P01412,A01949,2
P01412,A01218,3
P01412,A00716,4
P01412,A00507,5
P01412,A00582,6
P01412,A00788,7
P01412,A00137,8
P01412,A00259,9
P01413,A02808,1
P01414,A02995,1
P01414,A02996,2
P01414,A02083,3
P01414,A00352,4
P01415,A02997,1
P01415,A02998,2
P01415,A02999,3
P01415,A03000,4
P01415,A03001,5
P01415,A03002,6
P01415,A00265,7
P01415,A03003,8
P01416,A03004,1
P01416,A03005,2
P01416,A03006,3
P01416,A03007,4
P01416,A00582,5
P01416,A00275,6
P01416,A00005,7
P01416,A03008,8
P01417,A02986,1
P01417,A00821,2
P01417,A02978,3
P01417,A00353,4
P01418,A02827,1
P01418,A00478,2
P01419,A02827,1
P01420,A00290,1
P01420,A02596,2
P01421,A00152,1
P01421,A00153,2
P01422,A01662,1
P01423,A00152,1
P01423,A00153,2
P01424,A00152,1
P01424,A00153,2
P01425,A00745,1
P01425,A01076,2
P01425,A02607,3
P01425,A00537,4
P01425,A00135,5
P01425,A02842,6
P01425,A00478,7
P01425,A02433,8
P01425,A00736,9
P01425,A00812,10
P01426,A01306,1
P01426,A00752,2
P01426,A00716,3
P01426,A03009,4
P01426,A02374,5
P01426,A01662,6
P01426,A01330,7
P01426,A00939,8
P01426,A00130,9
P01426,A01946,10
P01426,A01851,11
P01426,A01945,12
P01427,A00745,1
P01427,A00537,2
P01428,A02869,1
P01428,A02757,2
P01428,A02758,3
P01428,A03010,4
P01428,A03011,5
P01428,A02754,6
P01428,A02755,7
P01428,A00750,8
P01428,A00005,9
P01428,A00067,10
P01429,A00988,1
P01429,A02672,2
P01429,A02671,3
P01429,A02643,4
P01429,A01716,5
P01429,A00539,6
P01429,A00402,7
P01429,A00616,8
P01429,A01038,9
P01429,A02673,10
P01429,A00478,11
P01429,A00350,12
P01430,A02890,1
P01430,A00086,2
P01430,A00051,3
P01430,A00121,4
P01431,A01295,1
P01431,A03012,2
P01431,A03013,3
P01431,A03014,4
P01431,A00045,5
P01431,A00052,6
P01431,A03015,7
P01432,A03016,1
P01432,A00601,2
P01433,A00231,1
P01433,A03017,2
P01433,A00297,3
P01433,A03018,4
P01433,A00473,5
P01433,A02803,6
P01433,A00958,7
P01434,A02827,1
P01434,A03019,2
P01435,A03020,1
P01435,A01593,2
P01435,A00505,3
P01436,A00281,1
P01436,A03021,2
P01437,A03022,1
P01437,A02963,2
P01437,A03023,3
P01437,A03024,4
P01437,A03025,5
P01437,A03026,6
P01437,A03027,7
P01437,A03028,8
P01438,A03029,1
P01438,A00457,2
P01439,A00046,1
P01439,A00333,2
P01439,A00052,3
P01439,A00045,4
P01439,A00354,5
P01440,A01160,1
P01440,A02559,2
P01440,A03030,3
P01440,A02533,4
P01440,A01803,5
P01440,A02972,6
P01440,A03031,7
P01440,A01241,8
P01440,A02380,9
P01440,A02560,10
P01441,A03032,1
P01441,A02424,2
P01441,A03033,3
P01441,A00716,4
P01441,A02379,5
P01441,A01076,6
P01441,A01220,7
P01442,A03034,1
P01442,A03035,2
P01442,A03036,3
P01443,A00438,1
P01443,A01218,2
P01443,A00275,3
P01444,A00281,1
P01444,A03021,2
P01444,A03037,3
P01444,A03038,4
P01444,A03039,5
P01444,A03040,6
P01445,A03041,1
P01445,A01840,2
P01445,A02533,3
P01445,A00043,4
P01446,A03042,1
P01446,A03043,2
P01446,A02781,3
P01446,A03044,4
P01446,A03045,5
P01446,A03046,6
P01446,A03047,7
P01446,A03048,8
P01446,A03049,9
P01446,A03050,10
P01446,A03051,11
P01446,A02782,12
P01446,A03052,13
P01446,A03053,14
P01446,A03054,15
P01446,A03055,16
P01446,A03056,17
P01446,A01468,18
P01447,A03057,1
P01447,A03058,2
P01447,A03059,3
P01447,A00274,4
P01447,A02652,5
P01447,A03060,6
P01448,A02559,1
P01448,A02533,2
P01448,A01160,3
P01448,A02560,4
P01448,A02378,5
P01448,A02661,6
P01448,A01872,7
P01448,A00402,8
P01449,A01423,1
P01449,A00439,2
P01449,A00836,3
P01449,A00296,4
P01449,A00259,5
P01450,A03061,1
P01450,A01296,2
P01450,A01053,3
P01450,A03062,4
P01450,A03063,5
P01451,A02843,1
P01451,A02264,2
P01451,A01679,3
P01451,A00661,4
P01452,A02403,1
P01452,A00720,2
P01452,A00050,3
P01452,A02953,4
P01452,A01590,5
P01452,A03064,6
P01452,A03065,7
P01452,A01200,8
P01452,A00136,9
P01453,A03061,1
P01453,A01296,2
P01453,A01053,3
P01453,A03063,4
P01454,A03066,1
P01454,A03067,2
P01454,A03068,3
P01454,A01679,4
P01454,A00265,5
P01455,A01444,1
P01455,A01840,2
P01455,A00716,3
P01455,A01122,4
P01456,A03068,1
P01456,A03066,2
P01456,A03067,3
P01456,A01679,4
P01457,A03069,1
P01457,A00728,2
P01457,A00726,3
P01458,A02559,1
P01458,A02533,2
P01458,A01160,3
P01458,A02560,4
P01458,A02378,5
P01458,A02661,6
P01458,A01872,7
P01458,A00402,8
P01459,A03070,1
P01459,A00537,2
P01459,A00745,3
P01459,A00726,4
P01459,A00728,5
P01459,A00943,6
P01459,A03069,7
P01460,A03071,1
P01460,A00965,2
P01460,A00498,3
P01460,A00521,4
P01460,A01114,5
P01460,A00966,6
P01460,A03072,7
P01460,A01679,8
P01460,A00446,9
P01460,A00888,10
P01461,A02720,1
P01461,A00128,2
P01461,A02533,3
P01462,A00726,1
P01462,A00728,2
P01463,A02757,1
P01463,A02755,2
P01463,A00750,3
P01463,A02754,4
P01463,A02758,5
P01463,A02869,6
P01463,A03073,7
P01463,A03074,8
P01463,A03075,9
P01463,A00067,10
P01464,A02720,1
P01464,A00128,2
P01464,A00156,3
P01464,A00162,4
P01464,A00160,5
P01464,A02533,6
P01464,A03076,7
P01465,A00199,1
P01465,A00537,2
P01466,A02757,1
P01466,A02869,2
P01466,A02868,3
P01466,A02758,4
P01466,A02754,5
P01466,A00067,6
P01466,A00988,7
P01466,A02755,8
P01466,A00750,9
P01466,A02783,10
P01466,A00005,11
P01466,A00915,12
P01466,A03061,13
P01467,A02869,1
P01467,A02757,2
P01467,A02758,3
P01467,A03010,4
P01467,A03011,5
P01467,A00067,6
P01467,A02754,7
P01467,A02755,8
P01467,A00750,9
P01467,A00005,10
P01468,A00257,1
P01468,A00255,2
P01468,A00284,3
P01468,A00258,4
P01468,A01973,5
P01468,A03077,6
P01468,A03078,7
P01468,A03079,8
P01468,A03080,9
P01468,A03081,10
P01468,A02189,11
P01468,A02522,12
P01469,A03082,1
P01469,A03083,2
P01469,A03084,3
P01469,A03085,4
P01469,A01125,5
P01469,A03086,6
P01470,A02938,1
P01470,A02639,2
P01470,A02640,3
P01470,A02710,4
P01470,A02472,5
P01471,A01123,1
P01471,A03087,2
P01471,A00043,3
P01472,A00353,1
P01474,A03088,1
P01474,A03061,2
P01474,A03089,3
P01474,A03090,4
P01475,A03091,1
P01475,A00948,2
P01475,A01035,3
P01475,A03092,4
P01475,A01036,5
P01475,A00947,6
P01475,A00462,7
P01475,A01037,8
P01475,A03093,9
P01475,A00459,10
P01475,A03094,11
P01475,A01034,12
P01475,A03095,13
P01475,A03096,14
P01476,A02834,1
P01476,A02257,2
P01476,A00126,3
P01476,A02568,4
P01476,A02522,5
P01476,A03097,6
P01477,A03098,1
P01477,A00133,2
P01477,A03099,3
P01477,A00198,4
P01477,A03100,5
P01478,A00270,1
P01478,A00268,2
P01478,A00266,3
P01478,A01879,4
P01478,A00271,5
P01478,A03101,6
P01478,A03102,7
P01479,A00943,1
P01479,A03069,2
P01479,A00726,3
P01479,A00728,4
P01479,A00537,5
P01479,A00745,6
P01479,A03070,7
P01480,A02254,1
P01480,A02252,2
P01480,A02274,3
P01480,A02757,4
P01480,A03103,5
P01480,A02253,6
P01480,A02246,7
P01480,A03104,8
P01481,A03105,1
P01481,A00941,2
P01481,A03106,3
P01481,A00290,4
P01481,A02107,5
P01481,A03107,6
P01482,A03108,1
P01482,A03109,2
P01482,A01220,3
P01482,A00475,4
P01482,A00198,5
P01482,A01468,6
P01483,A02877,1
P01483,A02978,2
P01483,A02861,3
P01483,A00821,4
P01483,A02878,5
P01483,A02383,6
P01483,A01406,7
P01483,A03110,8
P01483,A03111,9
P01483,A03112,10
P01483,A00097,11
P01483,A01200,12
P01483,A00920,13
P01484,A00198,1
P01484,A01468,2
P01484,A00350,3
P01484,A00200,4
P01484,A00605,5
P01484,A00539,6
P01484,A00163,7
P01484,A01244,8
P01484,A00743,9
P01484,A00478,10
P01485,A03113,1
P01485,A03114,2
P01485,A03115,3
P01485,A03116,4
P01485,A01037,5
P01485,A00067,6
P01485,A00062,7
P01485,A02757,8
P01485,A01101,9
P01486,A03104,1
P01486,A02252,2
P01486,A02757,3
P01486,A03117,4
P01486,A03118,5
P01486,A02254,6
P01486,A03119,7
P01486,A03120,8
P01486,A02253,9
P01486,A02246,10
P01487,A02877,1
P01487,A02978,2
P01487,A02861,3
P01487,A00821,4
P01487,A02878,5
P01487,A02383,6
P01487,A03111,7
P01487,A01406,8
P01487,A03110,9
P01488,A03115,1
P01488,A03114,2
P01488,A03113,3
P01488,A03116,4
P01488,A00067,5
P01488,A00065,6
P01488,A00056,7
P01488,A03121,8
P01488,A03122,9
P01488,A02757,10
P01488,A02572,11
P01489,A03098,1
P01489,A00133,2
P01489,A03099,3
P01489,A00198,4
P01489,A03100,5
P01490,A00959,1
P01490,A03123,2
P01490,A03124,3
P01490,A00189,4
P01490,A00151,5
P01490,A03125,6
P01491,A02964,1
P01491,A00537,2
P01491,A01291,3
P01491,A00199,4
P01492,A03115,1
P01492,A03126,2
P01492,A00062,3
P01492,A03116,4
P01492,A03113,5
P01492,A03114,6
P01492,A01037,7
P01492,A00067,8
P01492,A03127,9
P01492,A03128,10
P01492,A03129,11
P01493,A01564,1
P01493,A03130,2
P01493,A01565,3
P01493,A00351,4
P01493,A01575,5
P01493,A03131,6
P01494,A00351,1
P01494,A02711,2
P01494,A01552,3
P01494,A00353,4
P01495,A03132,1
P01495,A03133,2
P01495,A00958,3
P01495,A01107,4
P01495,A01416,5
P01495,A00351,6
P01495,A01515,7
P01495,A00825,8
P01495,A01262,9
P01495,A03134,10
P01495,A03135,11
P01496,A02519,1
P01496,A00351,2
P01496,A03136,3
P01497,A00069,1
P01497,A00351,2
P01497,A02519,3
P01497,A01645,4
P01497,A03136,5
P01497,A00137,6
P01498,A00126,1
P01498,A03137,2
P01498,A03138,3
P01498,A00303,4
P01498,A01833,5
P01498,A03139,6
P01498,A00589,7
P01498,A03140,8
P01498,A03141,9
P01498,A01456,10
P01498,A03142,11
P01499,A00351,1
P01499,A01552,2
P01500,A02676,1
P01500,A00457,2
P01500,A03143,3
P01501,A02676,1
P01501,A00457,2
P01501,A03143,3
P01502,A02676,1
P01502,A00457,2
P01502,A03143,3
P01503,A03144,1
P01503,A00201,2
P01503,A02040,3
P01504,A02559,1
P01504,A01160,2
P01504,A03030,3
P01504,A02533,4
P01504,A03031,5
P01504,A01872,6
P01504,A00135,7
P01504,A00716,8
P01504,A00534,9
P01504,A00537,10
P01505,A01463,1
P01505,A00537,2
P01505,A00325,3
P01505,A00745,4
P01505,A00126,5
P01506,A03145,1
P01506,A01624,2
P01506,A03146,3
P01506,A03147,4
P01507,A03148,1
P01507,A00420,2
P01507,A03149,3
P01507,A03150,4
P01507,A03151,5
P01508,A03152,1
P01508,A01512,2
P01508,A00968,3
P01508,A01202,4
P01508,A03153,5
P01509,A00736,1
P01510,A01506,1
P01511,A00353,1
P01511,A01552,2
P01511,A00351,3
P01512,A00477,1
P01512,A00351,2
P01512,A01593,3
P01513,A00353,1
P01513,A00351,2
P01514,A03154,1
P01514,A03155,2
P01514,A00351,3
P01514,A01614,4
P01515,A00825,1
P01515,A01724,2
P01515,A02474,3
P01516,A00353,1
P01516,A01552,2
P01516,A00351,3
P01517,A03156,1
P01517,A02653,2
P01517,A03157,3
P01518,A00353,1
P01518,A00351,2
P01518,A01552,3
P01519,A00477,1
P01519,A03158,2
P01519,A00351,3
P01519,A01683,4
P01519,A01155,5
P01520,A00353,1
P01520,A00351,2
P01520,A01552,3
P01521,A01646,1
P01521,A03159,2
P01521,A02474,3
P01522,A02678,1
P01522,A00404,2
P01522,A02760,3
P01522,A03160,4
P01522,A00137,5
P01523,A00350,1
P01523,A01552,2
P01523,A00351,3
P01523,A00716,4
P01523,A00393,5
P01523,A00136,6
P01523,A00137,7
P01524,A00015,1
P01524,A00544,2
P01525,A03161,1
P01525,A02299,2
P01525,A00350,3
P01526,A00819,1
P01526,A00127,2
P01526,A02519,3
P01526,A00351,4
P01526,A03162,5
P01526,A03163,6
P01527,A00895,1
P01527,A02299,2
P01527,A00350,3
P01528,A00126,1
P01528,A03137,2
P01528,A01833,3
P01528,A02655,4
P01528,A00251,5
P01528,A00589,6
P01528,A03142,7
P01528,A03141,8
P01529,A03164,1
P01529,A00353,2
P01529,A00351,3
P01530,A02735,1
P01530,A01833,2
P01531,A00251,1
P01531,A00400,2
P01531,A00420,3
P01531,A03165,4
P01531,A00351,5
P01532,A00895,1
P01532,A02299,2
P01532,A00350,3
P01533,A02676,1
P01533,A00353,2
P01534,A00895,1
P01534,A02299,2
P01534,A00350,3
P01534,A02519,4
P01535,A00895,1
P01535,A02299,2
P01535,A00350,3
P01535,A03166,4
P01535,A00137,5
P01536,A01833,1
P01536,A00420,2
P01536,A02655,3
P01537,A00548,1
P01537,A00591,2
P01537,A00130,3
P01537,A00502,4
P01537,A03167,5
P01537,A00572,6
P01537,A00351,7
P01537,A00526,8
P01538,A02676,1
P01538,A00353,2
P01539,A02676,1
P01539,A00353,2
P01540,A01909,1
P01540,A03168,2
P01540,A01465,3
P01540,A00351,4
P01540,A03169,5
P01541,A01463,1
P01541,A00045,2
P01541,A00537,3
P01541,A00325,4
P01541,A03170,5
P01541,A00052,6
P01541,A01295,7
P01541,A00736,8
P01542,A00350,1
P01542,A00539,2
P01542,A03171,3
P01542,A00582,4
P01542,A03172,5
P01542,A01465,6
P01542,A03173,7
P01543,A00350,1
P01543,A00539,2
P01543,A03171,3
P01543,A00582,4
P01543,A03172,5
P01543,A01465,6
P01543,A03173,7
P01544,A01662,1
P01544,A01418,2
P01544,A03174,3
P01544,A02702,4
P01544,A01669,5
P01544,A03175,6
P01544,A00325,7
P01544,A00687,8
P01544,A01645,9
P01544,A01593,10
P01544,A00538,11
P01544,A00419,12
P01544,A01113,13
P01544,A00281,14
P01544,A03176,15
P01544,A03177,16
P01544,A03178,17
P01544,A03179,18
P01544,A00739,19
P01544,A00734,20
P01544,A01344,21
P01544,A03180,22
P01544,A01556,23
P01544,A00715,24
P01544,A02706,25
P01544,A03181,26
P01544,A03182,27
P01544,A01666,28
P01544,A01503,29
P01544,A03183,30
P01544,A03184,31
P01544,A03110,32
P01544,A01716,33
P01544,A00009,34
P01544,A00263,35
P01544,A00736,36
P01544,A00412,37
P01544,A00274,38
P01545,A02653,1
P01545,A03157,2
P01545,A02476,3
P01545,A01552,4
P01545,A02482,5
P01546,A03157,1
P01546,A02476,2
P01546,A02653,3
P01546,A02482,4
P01547,A02476,1
P01547,A00726,2
P01547,A02708,3
P01547,A00728,4
P01547,A01697,5
P01547,A02653,6
P01548,A03185,1
P01548,A03186,2
P01548,A00420,3
P01549,A03150,1
P01549,A00420,2
P01549,A00137,3
P01549,A02653,4
P01550,A03187,1
P01550,A01661,2
P01550,A00734,3
P01550,A00736,4
P01550,A01669,5
P01550,A01670,6
P01550,A00805,7
P01550,A00715,8
P01550,A00820,9
P01550,A02702,10
P01550,A03188,11
P01551,A00420,1
P01551,A03150,2
P01551,A01833,3
P01551,A00478,4
P01551,A01603,5
P01551,A00517,6
P01551,A00534,7
P01552,A02510,1
P01552,A00420,2
P01552,A00015,3
P01552,A01502,4
P01553,A02655,1
P01553,A01833,2
P01554,A03189,1
P01554,A01480,2
P01555,A00097,1
P01555,A00117,2
P01555,A00049,3
P01555,A03190,4
P01555,A00553,5
P01555,A00552,6
P01555,A02705,7
P01555,A00559,8
P01555,A00098,9
P01555,A00121,10
P01555,A03191,11
P01556,A01463,1
P01556,A00478,2
P01556,A00619,3
P01557,A02523,1
P01557,A01593,2
P01558,A00548,1
P01558,A00591,2
P01559,A00477,1
P01559,A00591,2
P01559,A01912,3
P01559,A03192,4
P01559,A01155,5
P01559,A00349,6
P01559,A00351,7
P01559,A01516,8
P01560,A00015,1
P01560,A00404,2
P01560,A00003,3
P01560,A02678,4
P01560,A01552,5
P01561,A01463,1
P01561,A00325,2
P01561,A00537,3
P01561,A03170,4
P01561,A03193,5
P01561,A00745,6
P01561,A00736,7
P01562,A02831,1
P01562,A00537,2
P01562,A03194,3
P01563,A02833,1
P01563,A02978,2
P01563,A00733,3
P01564,A03195,1
P01564,A03196,2
P01564,A03197,3
P01565,A01840,1
P01565,A01679,2
P01565,A00478,3
P01565,A02264,4
P01566,A03198,1
P01566,A01639,2
P01566,A03199,3
P01566,A00736,4
P01566,A03200,5
P01566,A00408,6
P01566,A01485,7
P01566,A00499,8
P01566,A03201,9
P01566,A03202,10
P01566,A00805,11
P01566,A00349,12
P01566,A00348,13
P01566,A01013,14
P01566,A03203,15
P01566,A01502,16
P01567,A01666,1
P01567,A00736,2
P01567,A01639,3
P01567,A00537,4
P01567,A00135,5
P01567,A03204,6
P01567,A03198,7
P01568,A00537,1
P01568,A00135,2
P01568,A01679,3
P01569,A00537,1
P01569,A03205,2
P01569,A01639,3
P01569,A00135,4
P01569,A03206,5
P01569,A01679,6
P01570,A00341,1
P01570,A01156,2
P01570,A01518,3
P01570,A00084,4
P01570,A00135,5
P01570,A01540,6
P01570,A00342,7
P01570,A03207,8
P01570,A01219,9
P01570,A01709,10
P01570,A02299,11
P01570,A02610,12
P01570,A03208,13
P01571,A00537,1
P01571,A00135,2
P01571,A01679,3
P01571,A00801,4
P01571,A00803,5
P01571,A00325,6
P01572,A01897,1
P01572,A01688,2
P01572,A01262,3
P01572,A01200,4
P01572,A00796,5
P01572,A00350,6
P01572,A03209,7
P01572,A03210,8
P01572,A01260,9
P01572,A01275,10
P01572,A03211,11
P01573,A02675,1
P01573,A00135,2
P01573,A00736,3
P01574,A02831,1
P01574,A00948,2
P01574,A03212,3
P01574,A03194,4
P01574,A03092,5
P01574,A03213,6
P01574,A00537,7
P01574,A02830,8
P01574,A03214,9
P01574,A00947,10
P01574,A00462,11
P01575,A00537,1
P01575,A01679,2
P01575,A00135,3
P01575,A00538,4
P01575,A00534,5
P01575,A00733,6
P01575,A00922,7
P01575,A00805,8
P01575,A02706,9
P01575,A00560,10
P01576,A01201,1
P01576,A01196,2
P01576,A03215,3
P01576,A01164,4
P01576,A00537,5
P01576,A01354,6
P01576,A00825,7
P01576,A01208,8
P01576,A00736,9
P01576,A01642,10
P01576,A00793,11
P01576,A01085,12
P01576,A03216,13
P01576,A00722,14
P01576,A01778,15
P01576,A01166,16
P01576,A03217,17
P01577,A02833,1
P01577,A02978,2
P01577,A00538,3
P01577,A00734,4
P01577,A03218,5
P01577,A03219,6
P01578,A02833,1
P01578,A02601,2
P01578,A03220,3
P01578,A01145,4
P01578,A03218,5
P01578,A02860,6
P01578,A02675,7
P01578,A00135,8
P01579,A03187,1
P01579,A01503,2
P01579,A01661,3
P01579,A00009,4
P01579,A00958,5
P01579,A03221,6
P01580,A00537,1
P01580,A00135,2
P01581,A00537,1
P01581,A03222,2
P01581,A00325,3
P01582,A00318,1
P01582,A00255,2
P01582,A00258,3
P01582,A00736,4
P01582,A01973,5
P01582,A03223,6
P01583,A00117,1
P01583,A00121,2
P01583,A00097,3
P01583,A00490,4
P01583,A00052,5
P01583,A03014,6
P01583,A00005,7
P01583,A00045,8
P01583,A00801,9
P01583,A00736,10
P01583,A00098,11
P01584,A02831,1
P01584,A00720,2
P01584,A00537,3
P01584,A03194,4
P01584,A03213,5
P01584,A00948,6
P01584,A00177,7
P01584,A03224,8
P01584,A03225,9
P01584,A03226,10
P01584,A00676,11
P01585,A01633,1
P01585,A00139,2
P01585,A00341,3
P01585,A01716,4
P01586,A01661,1
P01586,A01662,2
P01586,A03184,3
P01586,A00009,4
P01586,A00468,5
P01586,A03174,6
P01586,A00734,7
P01586,A00736,8
P01586,A01716,9
P01586,A01671,10
P01586,A03227,11
P01586,A01664,12
P01586,A01354,13
P01586,A03228,14
P01586,A00866,15
P01586,A03229,16
P01586,A02706,17
P01586,A03157,18
P01586,A00538,19
P01586,A01556,20
P01586,A03181,21
P01586,A03110,22
P01586,A03230,23
P01586,A03187,24
P01586,A02723,25
P01586,A02663,26
P01586,A01658,27
P01586,A02480,28
P01586,A00687,29
P01586,A01660,30
P01586,A01503,31
P01586,A01552,32
P01586,A03231,33
P01586,A03232,34
P01586,A03233,35
P01586,A01593,36
P01586,A00139,37
P01586,A00274,38
P01586,A01407,39
P01586,A03234,40
P01586,A01426,41
P01586,A03235,42
P01586,A01079,43
P01586,A01657,44
P01586,A03180,45
P01586,A01666,46
P01586,A00351,47
P01586,A01155,48
P01586,A03236,49
P01586,A03237,50
P01586,A03178,51
P01586,A03221,52
P01586,A01113,53
P01586,A03179,54
P01586,A01663,55
P01586,A01624,56
P01586,A00528,57
P01586,A00325,58
P01586,A02404,59
P01587,A03238,1
P01587,A03239,2
P01587,A01801,3
P01587,A00736,4
P01587,A03240,5
P01587,A03241,6
P01588,A01053,1
P01588,A01468,2
P01588,A02568,3
P01588,A02565,4
P01588,A03242,5
P01588,A01103,6
P01588,A03061,7
P01588,A03243,8
P01588,A01297,9
P01588,A00539,10
P01588,A00350,11
P01588,A01102,12
P01588,A01101,13
P01588,A01296,14
P01589,A03244,1
P01589,A00720,2
P01589,A01162,3
P01589,A01159,4
P01589,A03170,5
P01589,A00736,6
P01589,A01124,7
P01590,A03245,1
P01590,A00605,2
P01590,A00163,3
P01590,A03246,4
P01590,A02684,5
P01590,A03020,6
P01590,A03247,7
P01590,A03248,8
P01590,A03249,9
P01590,A03250,10
P01590,A03251,11
P01590,A03252,12
P01591,A02758,1
P01591,A02757,2
P01591,A00067,3
P01591,A03253,4
P01591,A02062,5
P01591,A01521,6
P01591,A02783,7
P01592,A03254,1
P01592,A02901,2
P01592,A02898,3
P01592,A02232,4
P01592,A02239,5
P01592,A03255,6
P01593,A03256,1
P01593,A02522,2
P01593,A02487,3
P01593,A02521,4
P01593,A03257,5
P01594,A02861,1
P01594,A01405,2
P01594,A00097,3
P01594,A03258,4
P01594,A00821,5
P01594,A03259,6
P01594,A02663,7
P01594,A03260,8
P01594,A01200,9
P01595,A01053,1
P01595,A01218,2
P01595,A02568,3
P01595,A02565,4
P01595,A03242,5
P01595,A01103,6
P01595,A00803,7
P01595,A00694,8
P01595,A01296,9
P01595,A03261,10
P01596,A02901,1
P01596,A02898,2
P01596,A02447,3
P01596,A00274,4
P01597,A03254,1
P01597,A02901,2
P01597,A02900,3
P01597,A02898,4
P01598,A02834,1
P01598,A02568,2
P01598,A02257,3
P01598,A00126,4
P01598,A02522,5
P01598,A03097,6
P01598,A03262,7
P01598,A03263,8
P01599,A03264,1
P01599,A00043,2
P01599,A01162,3
P01599,A03265,4
P01599,A00259,5
P01599,A00104,6
P01600,A00260,1
P01600,A00284,2
P01600,A00255,3
P01600,A02189,4
P01600,A03266,5
P01600,A00402,6
P01600,A03267,7
P01600,A03268,8
P01601,A02715,1
P01601,A02640,2
P01601,A02472,3
P01601,A03269,4
P01602,A03270,1
P01602,A01159,2
P01602,A01363,3
P01602,A01162,4
P01602,A03258,5
P01602,A03271,6
P01602,A00736,7
P01603,A02758,1
P01603,A02757,2
P01603,A00067,3
P01603,A03253,4
P01603,A02062,5
P01603,A01521,6
P01604,A00587,1
P01604,A02812,2
P01604,A00747,3
P01604,A00005,4
P01604,A02810,5
P01604,A02809,6
P01604,A02754,7
P01604,A02813,8
P01605,A03272,1
P01605,A02429,2
P01605,A00589,3
P01605,A02781,4
P01606,A03273,1
P01606,A03274,2
P01606,A00170,3
P01606,A00171,4
P01607,A00733,1
P01607,A00135,2
P01607,A00736,3
P01607,A00537,4
P01607,A02675,5
P01608,A02733,1
P01608,A03275,2
P01608,A03276,3
P01608,A00351,4
P01608,A00350,5
P01608,A02300,6
P01608,A01331,7
P01608,A01552,8
P01609,A01854,1
P01609,A02651,2
P01609,A01195,3
P01609,A01943,4
P01609,A03277,5
P01609,A00104,6
P01609,A00380,7
P01609,A00582,8
P01609,A00379,9
P01609,A00478,10
P01609,A01716,11
P01610,A00100,1
P01610,A00379,2
P01610,A00380,3
P01610,A02561,4
P01610,A00103,5
P01611,A01364,1
P01611,A00334,2
P01611,A00052,3
P01611,A00088,4
P01611,A00040,5
P01612,A00152,1
P01612,A00153,2
P01613,A00296,1
P01613,A02657,2
P01613,A02733,3
P01613,A02656,4
P01614,A03277,1
P01614,A00716,2
P01614,A01871,3
P01614,A00788,4
P01614,A01973,5
P01615,A03275,1
P01615,A02300,2
P01616,A03278,1
P01616,A03279,2
P01616,A03280,3
P01616,A01804,4
P01616,A02878,5
P01616,A03281,6
P01616,A03282,7
P01616,A03283,8
P01616,A00244,9
P01616,A03284,10
P01616,A03285,11
P01616,A03286,12
P01616,A00354,13
P01616,A03287,14
P01616,A01118,15
P01616,A03288,16
P01616,A03289,17
P01616,A03290,18
P01616,A03291,19
P01616,A03292,20
P01616,A03293,21
P01616,A03294,22
P01616,A03295,23
P01616,A03296,24
P01616,A03297,25
P01617,A00152,1
P01617,A00153,2
P01618,A01833,1
P01618,A01850,2
P01618,A00303,3
P01619,A00152,1
P01619,A00153,2
P01620,A01017,1
P01620,A01565,2
P01620,A00353,3
P01620,A00539,4
P01620,A01465,5
P01620,A00824,6
P01621,A00152,1
P01621,A00153,2
P01622,A01850,1
P01622,A01833,2
P01623,A02737,1
P01623,A00420,2
P01623,A00005,3
P01624,A00135,1
P01624,A02675,2
P01624,A00713,3
P01624,A00745,4
P01624,A03204,5
P01625,A00821,1
P01625,A01405,2
P01625,A02976,3
P01625,A00733,4
P01625,A02977,5
P01625,A03298,6
P01626,A00296,1
P01626,A02657,2
P01627,A00152,1
P01627,A00153,2
P01628,A03275,1
P01628,A02300,2
P01628,A01331,3
P01628,A00351,4
P01628,A00350,5
P01629,A02806,1
P01629,A01564,2
P01629,A00457,3
P01629,A03299,4
P01630,A03300,1
P01630,A00473,2
P01630,A00082,3
P01631,A03301,1
P01631,A00729,2
P01631,A01122,3
P01631,A00716,4
P01631,A00788,5
P01631,A01840,6
P01632,A00152,1
P01632,A00153,2
P01633,A00475,1
P01633,A00200,2
P01633,A02299,3
P01633,A03302,4
P01633,A03181,5
P01634,A03303,1
P01634,A00486,2
P01634,A00534,3
P01635,A03304,1
P01635,A01298,2
P01635,A00788,3
P01636,A01850,1
P01636,A01833,2
P01637,A03305,1
P01637,A03306,2
P01638,A00152,1
P01638,A00153,2
P01639,A00713,1
P01639,A00135,2
P01639,A00720,3
P01639,A00745,4
P01639,A03307,5
P01639,A00136,6
P01639,A03204,7
P01640,A03308,1
P01640,A01492,2
P01640,A02662,3
P01640,A01623,4
P01640,A00132,5
P01641,A02153,1
P01641,A03309,2
P01641,A01849,3
P01641,A03310,4
P01641,A03311,5
P01641,A02051,6
P01641,A03312,7
P01641,A03313,8
P01641,A00636,9
P01642,A01410,1
P01642,A03314,2
P01642,A00350,3
P01642,A03071,4
P01642,A01564,5
P01642,A03161,6
P01643,A03195,1
P01643,A03315,2
P01643,A03316,3
P01643,A03196,4
P01644,A00920,1
P01644,A00350,2
P01644,A00351,3
P01644,A00402,4
P01644,A00353,5
P01644,A02525,6
P01645,A00152,1
P01645,A00153,2
P01646,A02737,1
P01646,A00420,2
P01646,A00251,3
P01647,A00152,1
P01647,A00153,2
P01648,A03314,1
P01648,A00351,2
P01648,A00350,3
P01648,A03171,4
P01649,A03317,1
P01649,A00132,2
P01649,A00619,3
P01649,A00370,4
P01650,A01244,1
P01651,A00263,1
P01651,A00591,2
P01652,A00821,1
P01652,A00733,2
P01653,A02565,1
P01653,A02566,2
P01653,A01296,3
P01653,A01053,4
P01653,A01035,5
P01653,A01042,6
P01653,A02536,7
P01653,A01039,8
P01653,A02568,9
P01653,A02567,10
P01653,A02570,11
P01654,A01813,1
P01654,A01787,2
P01654,A00082,3
P01655,A00609,1
P01655,A00824,2
P01655,A00001,3
P01655,A01330,4
P01655,A01697,5
P01655,A00132,6
P01656,A02031,1
P01656,A02029,2
P01656,A03318,3
P01656,A03319,4
P01656,A02033,5
P01656,A02035,6
P01657,A02733,1
P01657,A01807,2
P01657,A03171,3
P01657,A00351,4
P01657,A00350,5
P01657,A02525,6
P01657,A00736,7
P01658,A01032,1
P01658,A00812,2
P01658,A03320,3
P01658,A00813,4
P01658,A02711,5
P01658,A00821,6
P01659,A00740,1
P01659,A00063,2
P01659,A00715,3
P01659,A01438,4
P01659,A00736,5
P01659,A01231,6
P01659,A03321,7
P01659,A01185,8
P01659,A03322,9
P01659,A03323,10
P01659,A03324,11
P01659,A01401,12
P01659,A01632,13
P01659,A03325,14
P01659,A02453,15
P01659,A00067,16
P01659,A03326,17
P01659,A01198,18
P01659,A00807,19
P01659,A03327,20
P01659,A01164,21
P01659,A00735,22
P01659,A02543,23
P01659,A00784,24
P01659,A01234,25
P01659,A00673,26
P01659,A02702,27
P01659,A03328,28
P01659,A03329,29
P01659,A00672,30
P01660,A03330,1
P01660,A00738,2
P01660,A00866,3
P01660,A00135,4
P01661,A02457,1
P01661,A03331,2
P01661,A03332,3
P01662,A03333,1
P01662,A03261,2
P01662,A00012,3
P01662,A03334,4
P01662,A03335,5
P01662,A03336,6
P01662,A03337,7
P01662,A03338,8
P01662,A03339,9
P01663,A00693,1
P01663,A03340,2
P01663,A03341,3
P01663,A03342,4
P01663,A03343,5
P01664,A02791,1
P01664,A00695,2
P01664,A00693,3
P01664,A03344,4
P01664,A03345,5
P01664,A02239,6
P01664,A02232,7
P01664,A03346,8
P01664,A03347,9
P01664,A03348,10
P01665,A00281,1
P01665,A03349,2
P01665,A03350,3
P01665,A03351,4
P01665,A02729,5
P01665,A03021,6
P01665,A03352,7
P01665,A03039,8
P01665,A03038,9
P01666,A03353,1
P01666,A00602,2
P01667,A00045,1
P01667,A03354,2
P01667,A00086,3
P01667,A00817,4
P01668,A02568,1
P01668,A01053,2
P01668,A02725,3
P01668,A01296,4
P01668,A03261,5
P01668,A00803,6
P01669,A03171,1
P01669,A00351,2
P01669,A00350,3
P01669,A00582,4
P01669,A01552,5
P01669,A00736,6
P01670,A00033,1
P01670,A00920,2
P01670,A00031,3
P01670,A00232,4
P01671,A03355,1
P01671,A02300,2
P01671,A00367,3
P01671,A03356,4
P01671,A03357,5
P01672,A00176,1
P01672,A01192,2
P01672,A00605,3
P01672,A03225,4
P01672,A00948,5
P01672,A00673,6
P01672,A00177,7
P01672,A03358,8
P01672,A02274,9
P01672,A02252,10
P01672,A00178,11
P01673,A01406,1
P01673,A03110,2
P01673,A00036,3
P01673,A01405,4
P01673,A03359,5
P01673,A03259,6
P01674,A03317,1
P01674,A00132,2
P01674,A00619,3
P01674,A00370,4
P01675,A03314,1
P01675,A00350,2
P01675,A00351,3
P01675,A00352,4
P01676,A03360,1
P01676,A03361,2
P01676,A02555,3
P01676,A00351,4
P01677,A01510,1
P01678,A03362,1
P01678,A01213,2
P01678,A03363,3
P01678,A03364,4
P01678,A03365,5
P01678,A03366,6
P01679,A02837,1
P01679,A00082,2
P01679,A01341,3
P01679,A01098,4
P01679,A01220,5
P01679,A01331,6
P01679,A03158,7
P01679,A01787,8
P01680,A01814,1
P01680,A00082,2
P01680,A01018,3
P01680,A00015,4
P01680,A00393,5
P01680,A00539,6
P01680,A00352,7
P01680,A00497,8
P01681,A01444,1
P01681,A01840,2
P01681,A00716,3
P01681,A01122,4
P01681,A00296,5
P01682,A02591,1
P01682,A02590,2
P01682,A01305,3
P01682,A01043,4
P01682,A00086,5
P01682,A02596,6
P01682,A01308,7
P01682,A03344,8
P01682,A02952,9
P01682,A00927,10
P01683,A00135,1
P01683,A00713,2
P01683,A03204,3
P01684,A02062,1
P01684,A01521,2
P01684,A00605,3
P01684,A00355,4
P01684,A03367,5
P01684,A00170,6
P01684,A02950,7
P01684,A00001,8
P01685,A00472,1
P01685,A01500,2
P01685,A00475,3
P01685,A00200,4
P01685,A00468,5
P01685,A03368,6
P01686,A00614,1
P01686,A00086,2
P01686,A00097,3
P01686,A00817,4
P01687,A03369,1
P01687,A03370,2
P01687,A03371,3
P01687,A03372,4
P01687,A00795,5
P01688,A00001,1
P01688,A00964,2
P01688,A00477,3
P01688,A00505,4
P01688,A00940,5
P01688,A00788,6
P01688,A00789,7
P01688,A00132,8
P01688,A00005,9
P01689,A02590,1
P01689,A02591,2
P01689,A00086,3
P01689,A01305,4
P01689,A01043,5
P01690,A01423,1
P01690,A00472,2
P01690,A00296,3
P01690,A01840,4
P01690,A02326,5
P01691,A00597,1
P01691,A00601,2
P01691,A01593,3
P01691,A03305,4
P01691,A00605,5
P01691,A03306,6
P01691,A02682,7
P01691,A01564,8
P01691,A00355,9
P01691,A00001,10
P01692,A03373,1
P01692,A03130,2
P01692,A03374,3
P01692,A03375,4
P01692,A03376,5
P01692,A00457,6
P01692,A03377,7
P01692,A03378,8
P01692,A01535,9
P01693,A03180,1
P01693,A01406,2
P01693,A03071,3
P01693,A03379,4
P01693,A02701,5
P01693,A00062,6
P01694,A00097,1
P01694,A00434,2
P01694,A00052,3
P01694,A01439,4
P01694,A00354,5
P01694,A01405,6
P01694,A00821,7
P01694,A00086,8
P01694,A03259,9
P01694,A02861,10
P01694,A02986,11
P01694,A02881,12
P01694,A00734,13
P01694,A00117,14
P01694,A03380,15
P01694,A03381,16
P01694,A01713,17
P01694,A00089,18
P01694,A00088,19
P01694,A00092,20
P01694,A00094,21
P01694,A00581,22
P01694,A00435,23
P01694,A00736,24
P01695,A03382,1
P01695,A00457,2
P01695,A03111,3
P01695,A02381,4
P01695,A03383,5
P01696,A03111,1
P01696,A03143,2
P01696,A01593,3
P01696,A01564,4
P01696,A00548,5
P01696,A02883,6
P01697,A03384,1
P01697,A03385,2
P01697,A01990,3
P01697,A02712,4
P01697,A03386,5
P01697,A02472,6
P01697,A02640,7
P01697,A03387,8
P01698,A00711,1
P01698,A00393,2
P01698,A00478,3
P01698,A00351,4
P01698,A00534,5
P01699,A01850,1
P01699,A01978,2
P01699,A01693,3
P01699,A01833,4
P01699,A01852,5
P01700,A03388,1
P01700,A01521,2
P01700,A01046,3
P01700,A03104,4
P01700,A03389,5
P01700,A03390,6
P01700,A02062,7
P01700,A03391,8
P01701,A03392,1
P01701,A03393,2
P01701,A01206,3
P01701,A03394,4
P01701,A01809,5
P01701,A00351,6
P01701,A00353,7
P01701,A03395,8
P01702,A01811,1
P01702,A00189,2
P01702,A00661,3
P01703,A00290,1
P01703,A02716,2
P01703,A00351,3
P01703,A00350,4
P01703,A02718,5
P01703,A00005,6
P01704,A02568,1
P01704,A03262,2
P01704,A03263,3
P01704,A00126,4
P01704,A03396,5
P01704,A01103,6
P01704,A01053,7
P01704,A03242,8
P01704,A03397,9
P01704,A01102,10
P01704,A01296,11
P01705,A02568,1
P01705,A01053,2
P01705,A00126,3
P01705,A01103,4
P01705,A02565,5
P01705,A03261,6
P01705,A01102,7
P01705,A01296,8
P01706,A03398,1
P01706,A03399,2
P01706,A00275,3
P01707,A00001,1
P01707,A00512,2
P01707,A01229,3
P01707,A00147,4
P01707,A00489,5
P01707,A00964,6
P01707,A00940,7
P01707,A00609,8
P01707,A00610,9
P01707,A00005,10
P01707,A00351,11
P01707,A00353,12
P01708,A02715,1
P01708,A02640,2
P01708,A03400,3
P01708,A02472,4
P01709,A01035,1
P01709,A03401,2
P01709,A03402,3
P01709,A03403,4
P01709,A03404,5
P01709,A03405,6
P01709,A01039,7
P01709,A03406,8
P01709,A01036,9
P01710,A03407,1
P01710,A03408,2
P01710,A02079,3
P01710,A03409,4
P01710,A01913,5
P01710,A03410,6
P01711,A00597,1
P01711,A00601,2
P01712,A02429,1
P01712,A00136,2
P01712,A00457,3
P01712,A01394,4
P01712,A03272,5
P01712,A00589,6
P01713,A01306,1
P01713,A00988,2
P01713,A00716,3
P01713,A01916,4
P01713,A00989,5
P01713,A00477,6
P01713,A01042,7
P01713,A03411,8
P01713,A00987,9
P01713,A01035,10
P01713,A01036,11
P01713,A01851,12
P01713,A02280,13
P01714,A00152,1
P01714,A00153,2
P01715,A00459,1
P01715,A00460,2
P01715,A00461,3
P01715,A00462,4
P01715,A00463,5
P01715,A00466,6
P01715,A02643,7
P01715,A03412,8
P01716,A03413,1
P01716,A01635,2
P01716,A00626,3
P01716,A02433,4
P01716,A03414,5
P01716,A00847,6
P01716,A01499,7
P01716,A03415,8
P01716,A00888,9
P01716,A03416,10
P01716,A00388,11
P01716,A03417,12
P01716,A00593,13
P01716,A03418,14
P01716,A03419,15
P01716,A00970,16
P01716,A03071,17
P01716,A03420,18
P01716,A01029,19
P01716,A00592,20
P01716,A03421,21
P01716,A00446,22
P01716,A00698,23
P01716,A00566,24
P01716,A00922,25
P01717,A02280,1
P01717,A00988,2
P01717,A00067,3
P01717,A02279,4
P01717,A03422,5
P01717,A00989,6
P01717,A00716,7
P01717,A00130,8
P01717,A02671,9
P01717,A00948,10
P01717,A02852,11
P01717,A00170,12
P01717,A00987,13
P01717,A01851,14
P01718,A03423,1
P01718,A03424,2
P01718,A03425,3
P01718,A03426,4
P01719,A01359,1
P01719,A03427,2
P01719,A01955,3
P01719,A01218,4
P01719,A03428,5
P01720,A03429,1
P01720,A03430,2
P01720,A03431,3
P01720,A03255,4
P01720,A03432,5
P01720,A03433,6
P01720,A02901,7
P01720,A03434,8
P01720,A03435,9
P01720,A03436,10
P01720,A03437,11
P01720,A03438,12
P01720,A03439,13
P01720,A03440,14
P01720,A03441,15
P01720,A01657,16
P01720,A01973,17
P01720,A03442,18
P01720,A03443,19
P01720,A03444,20
P01722,A00708,1
P01722,A00111,2
P01722,A03445,3
P01722,A03446,4
P01722,A00370,5
P01723,A03447,1
P01723,A02233,2
P01724,A02734,1
P01724,A03448,2
P01724,A02732,3
P01724,A03449,4
P01724,A03450,5
P01724,A03451,6
P01724,A03452,7
P01724,A03453,8
P01725,A03454,1
P01725,A01937,2
P01725,A03455,3
P01726,A00439,1
P01726,A03456,2
P01726,A03315,3
P01726,A03457,4
P01727,A03458,1
P01728,A03459,1
P01728,A01591,2
P01728,A03460,3
P01729,A02990,1
P01729,A03461,2
P01730,A02894,1
P01730,A01422,2
P01730,A03462,3
P01730,A02895,4
P01730,A03463,5
P01730,A03464,6
P01731,A03034,1
P01731,A03465,2
P01731,A03466,3
P01731,A03467,4
P01732,A00439,1
P01732,A03468,2
P01732,A03469,3
P01732,A01423,4
P01732,A00440,5
P01732,A03470,6
P01733,A03471,1
P01733,A00005,2
P01733,A03007,3
P01733,A03472,4
P01733,A01886,5
P01734,A01984,1
P01734,A01982,2
P01735,A03473,1
P01735,A03474,2
P01735,A03475,3
P01736,A02795,1
P01736,A03476,2
P01736,A03477,3
P01736,A03478,4
P01736,A03479,5
P01736,A03480,6
P01736,A03481,7
P01737,A03475,1
P01737,A03474,2
P01737,A03482,3
P01739,A01643,1
P01739,A03483,2
P01739,A00005,3
P01739,A03484,4
P01739,A03485,5
P01740,A03143,1
P01740,A02716,2
P01740,A00505,3
P01742,A03486,1
P01742,A02082,2
P01742,A02300,3
P01744,A01429,1
P01744,A03487,2
P01744,A03488,3
P01745,A01422,1
P01745,A03489,2
P01745,A03490,3
P01745,A03491,4
P01746,A02894,1
P01746,A02895,2
P01746,A01422,3
P01746,A03463,4
P01747,A03492,1
P01747,A03493,2
P01747,A02693,3
P01747,A00694,4
P01748,A02135,1
P01748,A00989,2
P01748,A00988,3
P01748,A00602,4
P01748,A00716,5
P01748,A00477,6
P01748,A02671,7
P01748,A00987,8
P01748,A02280,9
P01748,A01305,10
P01748,A01038,11
P01748,A01851,12
P01748,A02871,13
P01748,A01916,14
P01748,A01968,15
P01749,A03494,1
P01749,A03495,2
P01749,A03496,3
P01750,A02076,1
P01750,A03497,2
P01750,A03498,3
P01750,A03499,4
P01751,A03500,1
P01751,A03061,2
P01751,A03088,3
P01751,A03089,4
P01751,A01053,5
P01752,A03501,1
P01752,A02246,2
P01752,A03104,3
P01752,A02253,4
P01752,A02252,5
P01753,A02031,1
P01753,A02029,2
P01753,A03502,3
P01753,A03503,4
P01753,A03504,5
P01754,A03505,1
P01754,A00052,2
P01754,A00334,3
P01754,A00045,4
P01754,A00817,5
P01755,A03506,1
P01755,A03507,2
P01755,A02892,3
P01755,A02257,4
P01755,A03508,5
P01756,A03509,1
P01757,A03510,1
P01757,A03511,2
P01757,A01401,3
P01757,A02663,4
P01757,A03512,5
P01757,A03513,6
P01758,A02894,1
P01758,A01422,2
P01758,A03514,3
P01758,A02895,4
P01758,A03515,5
P01758,A02896,6
P01759,A03516,1
P01760,A00713,1
P01760,A00064,2
P01760,A03517,3
P01760,A00199,4
P01760,A03518,5
P01760,A02606,6
P01760,A00716,7
P01760,A00063,8
P01760,A00722,9
P01761,A00274,1
P01761,A02041,2
P01761,A01426,3
P01761,A02239,4
P01761,A03519,5
P01761,A02232,6
P01761,A01801,7
P01761,A03520,8
P01761,A03521,9
P01761,A03522,10
P01761,A02898,11
P01761,A03436,12
P01761,A00037,13
P01761,A03523,14
P01761,A03524,15
P01761,A03525,16
P01761,A03526,17
P01761,A03527,18
P01761,A03528,19
P01762,A00296,1
P01762,A00043,2
P01762,A00294,3
P01762,A00803,4
P01762,A01116,5
P01763,A00353,1
P01763,A02525,2
P01763,A00402,3
P01763,A00351,4
P01763,A00350,5
P01763,A03529,6
P01763,A01153,7
P01763,A01980,8
P01764,A00135,1
P01764,A02879,2
P01764,A00134,3
P01764,A02880,4
P01764,A03530,5
P01764,A03204,6
P01764,A00137,7
P01764,A00136,8
P01766,A00726,1
P01766,A01590,2
P01766,A03531,3
P01766,A03532,4
P01766,A03533,5
P01767,A03534,1
P01768,A02757,1
P01768,A03011,2
P01768,A02758,3
P01768,A03535,4
P01768,A00539,5
P01768,A00434,6
P01768,A00005,7
P01768,A00067,8
P01768,A02754,9
P01768,A02755,10
P01768,A00750,11
P01769,A02869,1
P01769,A02757,2
P01769,A02758,3
P01769,A02754,4
P01769,A02755,5
P01769,A03536,6
P01769,A00750,7
P01769,A00067,8
P01770,A00806,1
P01770,A00807,2
P01770,A00810,3
P01770,A00808,4
P01770,A00043,5
P01771,A02443,1
P01771,A03537,2
P01772,A00726,1
P01772,A00736,2
P01772,A00135,3
P01772,A00728,4
P01772,A00132,5
P01772,A00537,6
P01772,A00478,7
P01772,A00351,8
P01772,A01679,9
P01772,A03142,10
P01772,A01552,11
P01772,A00517,12
P01772,A02476,13
P01772,A03257,14
P01772,A00801,15
P01772,A00404,16
P01772,A02653,17
P01772,A02487,18
P01773,A00255,1
P01773,A01590,2
P01773,A02652,3
P01773,A02798,4
P01773,A00260,5
P01773,A03538,6
P01773,A00734,7
P01773,A02725,8
P01773,A03539,9
P01773,A00318,10
P01773,A03540,11
P01774,A03541,1
P01774,A00318,2
P01774,A00255,3
P01774,A02476,4
P01774,A03542,5
P01774,A00258,6
P01774,A01973,7
P01774,A03543,8
P01774,A03544,9
P01774,A00278,10
P01774,A03545,11
P01775,A03546,1
P01775,A03547,2
P01776,A01593,1
P01776,A03143,2
P01776,A00351,3
P01776,A01552,4
P01776,A01697,5
P01776,A01575,6
P01776,A03131,7
P01777,A03359,1
P01777,A01801,2
P01777,A02496,3
P01777,A03548,4
P01777,A00849,5
P01777,A03549,6
P01778,A01149,1
P01778,A00132,2
P01779,A01638,1
P01779,A01635,2
P01780,A01591,1
P01780,A01422,2
P01780,A01423,3
P01780,A03550,4
P01780,A00734,5
P01780,A03551,6
P01780,A00569,7
P01781,A00145,1
P01781,A00001,2
P01781,A00146,3
P01781,A00149,4
P01781,A00364,5
P01782,A00681,1
P01782,A00001,2
P01782,A03552,3
P01782,A03553,4
P01782,A03554,5
P01782,A00005,6
P01783,A02515,1
P01783,A03555,2
P01783,A02517,3
P01783,A01030,4
P01783,A02298,5
P01783,A02311,6
P01784,A01438,1
P01784,A01656,2
P01784,A01284,3
P01784,A03556,4
P01784,A01593,5
P01784,A01160,6
P01784,A00412,7
P01784,A00349,8
P01784,A01649,9
P01785,A01638,1
P01785,A03557,2
P01785,A01635,3
P01786,A01638,1
P01786,A01635,2
P01787,A03558,1
P01787,A03559,2
P01787,A03560,3
P01787,A03561,4
P01787,A03562,5
P01787,A00736,6
P01787,A03563,7
P01788,A01638,1
P01788,A03564,2
P01788,A01635,3
P01789,A03565,1
P01789,A00420,2
P01789,A01833,3
P01789,A03566,4
P01789,A00121,5
P01790,A03327,1
P01790,A03567,2
P01790,A02965,3
P01790,A03568,4
P01791,A02694,1
P01791,A03569,2
P01792,A03570,1
P01792,A00005,2
P01792,A00432,3
P01792,A02945,4
P01792,A02095,5
P01793,A01465,1
P01793,A00660,2
P01793,A03571,3
P01793,A00099,4
P01793,A03572,5
P01793,A01331,6
P01793,A01220,7
P01793,A00539,8
P01793,A00350,9
P01793,A02691,10
P01794,A01306,1
P01794,A00988,2
P01794,A01945,3
P01794,A00716,4
P01794,A00477,5
P01794,A00989,6
P01794,A01697,7
P01794,A03573,8
P01794,A03574,9
P01795,A00920,1
P01795,A01331,2
P01795,A00350,3
P01795,A00351,4
P01795,A02255,5
P01795,A02525,6
P01796,A03575,1
P01796,A01309,2
P01796,A01974,3
P01796,A03576,4
P01796,A03577,5
P01796,A03117,6
P01796,A03578,7
P01796,A03579,8
P01796,A03580,9
P01796,A03581,10
P01796,A02057,11
P01796,A02095,12
P01797,A01306,1
P01797,A03582,2
P01797,A00716,3
P01797,A00988,4
P01797,A00989,5
P01797,A02280,6
P01797,A00477,7
P01797,A02812,8
P01797,A01038,9
P01797,A01851,10
P01797,A00987,11
P01797,A02126,12
P01797,A02135,13
P01797,A03583,14
P01797,A03584,15
P01797,A03585,16
P01798,A00941,1
P01798,A01784,2
P01798,A00080,3
P01798,A01100,4
P01798,A03586,5
P01798,A03587,6
P01799,A01468,1
P01799,A00350,2
P01799,A00539,3
P01800,A01622,1
P01800,A01123,2
P01800,A02530,3
P01801,A02430,1
P01801,A03588,2
P01801,A03589,3
P01801,A03387,4
P01801,A01929,5
P01801,A03590,6
P01801,A01890,7
P01801,A00694,8
P01802,A00801,1
P01802,A01643,2
P01802,A02488,3
P01802,A00803,4
P01802,A00005,5
P01802,A00517,6
P01802,A03591,7
P01802,A03592,8
P01802,A00519,9
P01803,A01220,1
P01803,A01331,2
P01803,A01330,3
P01803,A00402,4
P01803,A00539,5
P01803,A03593,6
P01804,A02040,1
P01804,A02900,2
P01804,A03431,3
P01804,A03255,4
P01804,A03594,5
P01804,A03595,6
P01804,A03596,7
P01804,A02189,8
P01804,A02898,9
P01804,A03597,10
P01804,A03598,11
P01804,A03599,12
P01804,A00201,13
P01804,A03600,14
P01804,A03601,15
P01804,A03602,16
P01804,A03603,17
P01804,A03604,18
P01804,A03605,19
P01804,A03436,20
P01804,A03606,21
P01804,A00274,22
P01804,A03607,23
P01804,A03608,24
P01804,A02232,25
P01804,A03609,26
P01804,A03610,27
P01804,A03611,28
P01804,A00284,29
P01804,A03612,30
P01804,A03613,31
P01804,A03614,32
P01804,A03144,33
P01804,A03615,34
P01804,A03616,35
P01804,A03617,36
P01804,A03618,37
P01805,A03619,1
P01805,A03620,2
P01805,A03621,3
P01805,A03622,4
P01805,A03623,5
P01805,A00736,6
P01806,A02497,1
P01806,A02771,2
P01806,A00404,3
P01806,A03148,4
P01807,A01662,1
P01807,A02953,2
P01807,A03183,3
P01807,A03624,4
P01807,A00135,5
P01807,A00736,6
P01807,A00534,7
P01808,A00045,1
P01808,A01643,2
P01808,A03625,3
P01808,A00736,4
P01808,A00801,5
P01808,A00803,6
P01809,A03204,1
P01809,A00135,2
P01809,A00537,3
P01809,A03626,4
P01809,A01639,5
P01809,A03627,6
P01810,A03172,1
P01810,A00716,2
P01810,A00724,3
P01810,A00539,4
P01810,A03593,5
P01810,A03628,6
P01811,A03629,1
P01812,A00132,1
P01813,A00617,1
P01813,A00505,2
P01813,A00132,3
P01813,A00001,4
P01813,A01207,5
P01813,A00386,6
P01814,A02041,1
P01814,A02652,2
P01814,A00274,3
P01814,A02654,4
P01814,A01018,5
P01815,A00802,1
P01815,A00434,2
P01815,A02667,3
P01815,A00005,4
P01816,A03007,1
P01816,A00005,2
P01816,A03471,3
P01816,A02529,4
P01816,A03630,5
P01818,A01622,1
P01818,A01492,2
P01819,A00045,1
P01819,A01295,2
P01819,A00086,3
P01819,A00817,4
P01819,A00052,5
P01819,A00564,6
P01820,A03631,1
P01820,A00126,2
P01820,A03632,3
P01820,A03633,4
P01820,A03634,5
P01820,A03635,6
P01821,A03171,1
P01821,A00351,2
P01821,A01622,3
P01821,A00582,4
P01821,A00350,5
P01821,A01552,6
P01821,A00716,7
P01821,A02733,8
P01822,A03171,1
P01822,A01622,2
P01822,A00351,3
P01822,A00350,4
P01822,A00582,5
P01822,A01552,6
P01822,A02733,7
P01823,A03071,1
P01823,A01148,2
P01823,A03325,3
P01823,A00498,4
P01823,A01195,5
P01823,A00965,6
P01823,A00521,7
P01823,A01114,8
P01823,A03636,9
P01823,A00966,10
P01823,A03072,11
P01823,A02433,12
P01823,A03637,13
P01823,A03638,14
P01823,A01679,15
P01824,A03639,1
P01824,A03061,2
P01824,A01296,3
P01824,A01053,4
P01825,A01846,1
P01825,A00420,2
P01826,A03509,1
P01826,A02482,2
P01826,A03640,3
P01827,A00736,1
P01828,A00726,1
P01828,A02708,2
P01828,A00728,3
P01828,A02476,4
P01828,A00736,5
P01829,A02707,1
P01829,A00728,2
P01830,A00005,1
P01830,A00736,2
P01830,A02965,3
P01830,A01643,4
P01830,A00801,5
P01830,A02488,6
P01830,A00803,7
P01830,A01575,8
P01831,A00517,1
P01831,A00678,2
P01831,A02074,3
P01831,A00048,4
P01831,A00432,5
P01831,A03641,6
P01831,A00005,7
P01832,A03642,1
P01832,A00052,2
P01832,A00045,3
P01832,A00121,4
P01832,A00051,5
P01832,A00179,6
P01832,A03643,7
P01833,A02074,1
P01833,A00517,2
P01833,A03641,3
P01833,A03644,4
P01834,A03171,1
P01834,A00351,2
P01834,A00350,3
P01834,A00582,4
P01834,A02733,5
P01834,A01552,6
P01835,A02559,1
P01835,A01160,2
P01835,A02533,3
P01835,A02560,4
P01835,A03031,5
P01835,A03030,6
P01835,A00537,7
P01835,A00716,8
P01835,A00135,9
P01835,A01872,10
P01836,A02425,1
P01836,A00918,2
P01836,A01809,3
P01836,A02427,4
P01836,A02429,5
P01836,A01394,6
P01836,A02604,7
P01836,A03645,8
P01836,A03646,9
P01836,A01990,10
P01836,A01465,11
P01836,A03647,12
P01836,A03648,13
P01836,A03649,14
P01837,A03650,1
P01837,A03276,2
P01837,A03651,3
P01838,A03652,1
P01838,A02837,2
P01838,A03653,3
P01838,A02757,4
P01838,A03654,5
P01838,A02861,6
P01838,A00601,7
P01838,A03655,8
P01838,A03158,9
P01838,A03656,10
P01838,A03657,11
P01838,A03658,12
P01839,A02497,1
P01839,A01501,2
P01839,A00404,3
P01839,A02518,4
P01839,A03659,5
P01839,A02894,6
P01839,A03462,7
P01839,A03660,8
P01839,A01552,9
P01839,A03661,10
P01840,A02497,1
P01840,A03662,2
P01841,A03088,1
P01841,A03061,2
P01841,A03663,3
P01841,A03063,4
P01842,A00005,1
P01842,A02783,2
P01842,A00736,3
P01842,A00350,4
P01842,A03664,5
P01842,A01018,6
P01842,A00726,7
P01842,A00802,8
P01842,A00402,9
P01842,A01833,10
P01842,A00037,11
P01842,A03471,12
P01842,A00325,13
P01842,A02380,14
P01842,A00132,15
P01842,A03449,16
P01842,A03665,17
P01842,A03172,18
P01842,A01643,19
P01842,A00517,20
P01844,A00478,1
P01844,A01679,2
P01844,A01516,3
P01844,A01517,4
P01844,A01541,5
P01845,A03148,1
P01845,A00420,2
P01845,A01214,3
P01845,A01178,4
P01846,A00045,1
P01846,A01455,2
P01846,A00736,3
P01846,A00135,4
P01846,A00801,5
P01846,A00803,6
P01846,A01628,7
P01847,A00726,1
P01847,A02476,2
P01848,A01666,1
P01848,A01679,2
P01848,A00135,3
P01848,A00351,4
P01848,A00724,5
P01849,A00726,1
P01849,A00728,2
P01850,A00726,1
P01850,A00728,2
P01850,A02708,3
P01850,A02476,4
P01850,A00137,5
P01850,A00736,6
P01850,A00545,7
P01851,A03359,1
P01851,A03238,2
P01851,A01160,3
P01851,A03666,4
P01851,A01801,5
P01851,A03667,6
P01851,A03668,7
P01852,A00726,1
P01852,A00728,2
P01852,A01246,3
P01852,A01552,4
P01852,A00736,5
P01852,A02653,6
P01853,A01622,1
P01853,A01492,2
P01853,A02662,3
P01854,A03185,1
P01854,A03186,2
P01854,A00420,3
P01855,A02041,1
P01855,A02652,2
P01855,A00274,3
P01855,A02654,4
P01855,A02653,5
P01855,A02482,6
P01856,A01801,1
P01856,A00005,2
P01856,A01622,3
P01856,A00086,4
P01856,A01365,5
P01856,A03669,6
P01856,A01611,7
P01857,A03670,1
P01857,A02643,2
P01857,A02673,3
P01857,A03671,4
P01857,A00736,5
P01859,A02529,1
P01859,A03672,2
P01859,A03673,3
P01860,A00745,1
P01860,A00135,2
P01860,A01679,3
P01860,A03674,4
P01860,A00137,5
P01861,A02122,1
P01861,A03184,2
P01861,A00476,3
P01861,A00351,4
P01861,A03174,5
P01862,A03675,1
P01862,A01295,2
P01862,A00045,3
P01862,A02703,4
P01862,A02704,5
P01862,A01202,6
P01862,A00801,7
P01862,A02488,8
P01862,A00803,9
P01863,A00678,1
P01863,A00005,2
P01863,A00517,3
P01863,A01643,4
P01863,A00045,5
P01863,A00509,6
P01863,A01347,7
P01864,A00424,1
P01864,A01602,2
P01864,A00404,3
P01864,A00478,4
P01864,A00251,5
P01864,A01807,6
P01864,A01775,7
P01865,A01295,1
P01865,A01365,2
P01865,A00045,3
P01865,A00052,4
P01865,A00803,5
P01865,A00801,6
P01865,A02704,7
P01865,A01202,8
P01866,A03676,1
P01866,A00005,2
P01866,A01643,3
P01866,A00817,4
P01866,A02056,5
P01866,A00045,6
P01866,A03677,7
P01867,A00424,1
P01867,A01602,2
P01867,A00404,3
P01867,A02264,4
P01867,A01668,5
P01868,A01295,1
P01868,A00045,2
P01868,A01365,3
P01868,A03678,4
P01868,A00534,5
P01868,A00738,6
P01868,A00803,7
P01868,A00801,8
P01869,A00716,1
P01869,A03679,2
P01869,A01716,3
P01869,A00736,4
P01870,A03680,1
P01871,A00813,1
P01871,A00812,2
P01871,A00351,3
P01871,A00534,4
P01871,A01492,5
P01871,A01559,6
P01871,A03320,7
P01872,A03681,1
P01872,A02727,2
P01872,A02487,3
P01872,A03682,4
P01873,A00420,1
P01873,A03683,2
P01873,A01833,3
P01873,A03684,4
P01874,A01794,1
P01874,A00251,2
P01875,A00435,1
P01875,A00005,2
P01875,A01429,3
P01875,A01643,4
P01875,A00086,5
P01875,A00519,6
P01875,A00927,7
P01875,A00336,8
P01875,A03685,9
P01876,A03275,1
P01876,A03276,2
P01876,A02300,3
P01876,A02733,4
P01876,A00351,5
P01876,A00350,6
P01876,A01552,7
P01876,A01331,8
P01877,A01465,1
P01877,A00350,2
P01877,A00351,3
P01877,A00680,4
P01877,A02690,5
P01877,A03686,6
P01877,A02691,7
P01877,A00132,8
P01878,A00733,1
P01878,A03687,2
P01878,A03688,3
P01878,A01656,4
P01878,A00821,5
P01878,A00734,6
P01878,A03689,7
P01878,A00135,8
P01878,A01438,9
P01878,A03690,10
P01878,A00561,11
P01879,A03691,1
P01879,A00039,2
P01879,A00515,3
P01879,A00111,4
P01879,A03692,5
P01879,A03170,6
P01879,A00468,7
P01879,A00788,8
P01879,A00716,9
P01879,A03693,10
P01879,A02379,11
P01880,A03694,1
P01880,A01639,2
P01880,A00135,3
P01880,A01679,4
P01880,A00736,5
P01880,A01666,6
P01880,A00790,7
P01880,A00957,8
P01880,A03695,9
P01880,A03696,10
P01880,A00522,11
P01880,A00551,12
P01880,A03697,13
P01881,A00135,1
P01881,A00736,2
P01881,A00801,3
P01881,A03698,4
P01881,A02653,5
P01882,A02206,1
P01882,A02725,2
P01882,A01102,3
P01882,A01296,4
P01882,A03261,5
P01882,A00715,6
P01882,A00736,7
P01882,A02724,8
P01882,A03699,9
P01883,A03276,1
P01883,A02300,2
P01883,A03191,3
P01883,A00367,4
P01883,A03700,5
P01883,A03701,6
P01883,A00351,7
P01884,A02688,1
P01884,A02529,2
P01884,A03702,3
P01884,A03703,4
P01884,A03704,5
P01885,A02529,1
P01885,A00351,2
P01885,A00005,3
P01885,A00353,4
P01885,A00132,5
P01885,A02690,6
P01886,A02834,1
P01886,A00126,2
P01886,A02257,3
P01886,A02568,4
P01886,A02522,5
P01886,A03097,6
P01886,A03705,7
P01887,A03706,1
P01887,A03707,2
P01887,A00043,3
P01887,A02966,4
P01887,A03708,5
P01887,A03709,6
P01887,A01434,7
P01887,A01438,8
P01888,A02851,1
P01888,A03704,2
P01889,A03157,1
P01889,A03710,2
P01890,A00135,1
P01890,A00736,2
P01890,A02475,3
P01890,A01552,4
P01890,A00545,5
P01890,A01624,6
P01890,A01526,7
P01891,A03711,1
P01892,A01679,1
P01892,A02264,2
P01892,A00395,3
P01892,A02477,4
P01893,A00132,1
P01893,A01626,2
P01893,A01271,3
P01894,A00490,1
P01894,A00517,2
P01894,A03712,3
P01894,A01260,4
P01895,A01149,1
P01895,A00132,2
P01895,A03529,3
P01895,A03713,4
P01896,A01149,1
P01896,A00132,2
P01896,A03529,3
P01897,A03071,1
P01897,A00965,2
P01897,A00966,3
P01897,A01679,4
P01897,A01642,5
P01897,A03714,6
P01897,A03715,7
P01898,A01246,1
P01898,A00351,2
P01898,A02711,3
P01898,A02519,4
P01898,A01552,5
P01898,A03716,6
P01898,A03136,7
P01899,A02707,1
P01899,A00728,2
P01899,A00726,3
P01900,A03717,1
P01900,A03718,2
P01900,A03719,3
P01900,A03720,4
P01901,A00678,1
P01901,A00005,2
P01901,A00517,3
P01901,A01643,4
P01901,A00045,5
P01901,A00509,6
P01902,A03721,1
P01902,A00325,2
P01902,A03722,3
P01902,A01455,4
P01902,A02706,5
P01902,A01196,6
P01902,A03723,7
P01902,A00736,8
P01903,A01295,1
P01903,A00045,2
P01903,A02703,3
P01903,A02704,4
P01903,A01202,5
P01903,A00801,6
P01903,A00803,7
P01904,A00720,1
P01904,A00135,2
P01904,A01196,3
P01904,A03724,4
P01904,A03725,5
P01904,A03217,6
P01905,A01465,1
P01905,A00350,2
P01905,A00351,3
P01905,A00582,4
P01905,A01138,5
P01905,A00341,6
P01905,A00128,7
P01905,A00716,8
P01905,A01552,9
P01905,A02691,10
P01906,A00045,1
P01906,A02056,2
P01906,A00086,3
P01906,A00817,4
P01906,A00005,5
P01906,A01643,6
P01906,A00137,7
P01907,A00461,1
P01907,A02643,2
P01907,A03726,3
P01907,A03727,4
P01907,A00466,5
P01907,A02959,6
P01907,A01038,7
P01907,A00801,8
P01907,A00803,9
P01907,A00678,10
P01908,A02733,1
P01908,A00351,2
P01908,A00350,3
P01908,A03728,4
P01908,A00736,5
P01909,A03359,1
P01909,A03729,2
P01909,A00420,3
P01909,A03509,4
P01909,A03666,5
P01910,A01840,1
P01910,A03730,2
P01910,A01679,3
P01910,A03633,4
P01911,A01679,1
P01911,A02264,2
P01911,A00468,3
P01911,A00039,4
P01911,A00439,5
P01911,A02856,6
P01912,A00289,1
P01912,A00538,2
P01912,A00004,3
P01912,A00135,4
P01912,A00537,5
P01912,A00563,6
P01912,A01199,7
P01913,A00920,1
P01913,A00350,2
P01913,A00351,3
P01913,A00005,4
P01913,A00716,5
P01913,A01331,6
P01913,A00940,7
P01913,A00353,8
P01913,A00132,9
P01913,A02690,10
P01914,A02785,1
P01914,A02822,2
P01914,A02264,3
P01914,A02965,4
P01914,A00732,5
P01915,A03731,1
P01915,A03732,2
P01915,A02067,3
P01915,A02753,4
P01915,A03733,5
P01916,A00920,1
P01916,A00350,2
P01916,A00351,3
P01916,A00402,4
P01916,A01809,5
P01916,A03734,6
P01916,A00918,7
P01916,A02525,8
P01916,A03735,9
P01916,A00132,10
P01916,A00353,11
P01916,A01980,12
P01916,A03736,13
P01916,A02430,14
P01916,A00099,15
P01916,A01911,16
P01917,A03737,1
P01917,A00086,2
P01917,A00817,3
P01917,A00051,4
P01917,A01050,5
P01917,A00112,6
P01917,A00334,7
P01917,A03738,8
P01917,A00005,9
P01917,A01018,10
P01917,A00539,11
P01917,A01659,12
P01917,A00667,13
P01917,A03321,14
P01917,A03739,15
P01917,A00041,16
P01917,A00437,17
P01917,A01007,18
P01917,A00089,19
P01917,A00088,20
P01917,A00434,21
P01917,A00553,22
P01917,A00236,23
P01917,A00087,24
P01917,A03740,25
P01917,A01005,26
P01917,A00870,27
P01917,A00637,28
P01917,A01006,29
P01917,A00225,30
P01917,A00226,31
P01917,A00802,32
P01917,A00094,33
P01918,A00920,1
P01918,A00350,2
P01918,A00351,3
P01918,A02377,4
P01918,A00001,5
P01918,A01331,6
P01918,A01330,7
P01918,A00135,8
P01918,A02525,9
P01918,A00402,10
P01919,A02707,1
P01919,A00728,2
P01919,A00726,3
P01919,A03741,4
P01920,A02300,1
P01920,A03275,2
P01920,A01331,3
P01920,A00351,4
P01920,A00350,5
P01921,A03742,1
P01921,A03466,2
P01921,A03743,3
P01921,A03744,4
P01921,A01422,5
P01921,A01423,6
P01921,A03745,7
P01921,A03489,8
P01922,A02758,1
P01922,A02757,2
P01922,A00067,3
P01922,A02754,4
P01922,A02755,5
P01922,A00750,6
P01923,A02529,1
P01923,A03703,2
P01923,A03007,3
P01926,A00537,1
P01926,A01639,2
P01926,A01516,3
P01926,A01502,4
P01926,A01679,5
P01927,A00281,1
P01927,A01666,2
P01927,A00478,3
P01927,A01679,4
P01928,A03680,1
P01928,A03142,2
P01928,A02476,3
P01928,A02656,4
P01928,A00137,5
P01928,A01221,6
P01928,A03746,7
P01929,A01455,1
P01929,A00045,2
P01929,A00135,3
P01929,A00801,4
P01929,A00736,5
P01930,A00726,1
P01930,A02476,2
P01930,A02708,3
P01930,A00137,4
P01930,A02487,5
P01931,A03157,1
P01931,A02482,2
P01931,A02653,3
P01931,A03747,4
P01932,A00726,1
P01932,A00728,2
P01933,A00045,1
P01933,A03748,2
P01933,A03221,3
P01933,A00801,4
P01933,A00803,5
P01933,A01628,6
P01934,A03156,1
P01934,A02653,2
P01934,A02482,3
P01934,A03157,4
P01935,A03749,1
P01935,A03142,2
P01935,A03680,3
P01935,A00178,4
P01936,A03680,1
P01936,A02476,2
P01936,A00325,3
P01936,A00736,4
P01936,A01679,5
P01936,A00135,6
P01936,A03750,7
P01936,A02656,8
P01936,A00534,9
P01936,A00517,10
P01937,A00726,1
P01937,A00728,2
P01937,A01246,3
P01937,A01552,4
P01938,A02675,1
P01938,A00135,2
P01938,A03204,3
P01939,A03680,1
P01939,A00325,2
P01939,A01492,3
P01939,A00736,4
P01939,A03751,5
P01939,A03235,6
P01940,A03752,1
P01940,A00203,2
P01940,A03753,3
P01941,A02707,1
P01941,A00728,2
P01941,A00726,3
P01941,A03741,4
P01942,A03754,1
P01942,A03017,2
P01942,A00231,3
P01942,A00687,4
P01942,A00297,5
P01943,A03755,1
P01943,A03756,2
P01943,A00299,3
P01943,A03757,4
P01943,A00663,5
P01943,A00192,6
P01943,A00157,7
P01943,A03758,8
P01943,A03759,9
P01943,A00041,10
P01943,A00092,11
P01943,A00216,12
P01943,A01009,13
P01943,A00230,14
P01943,A00432,15
P01943,A00437,16
P01943,A00086,17
P01943,A00095,18
P01943,A00112,19
P01943,A00093,20
P01943,A01591,21
P01944,A01040,1
P01944,A00473,2
P01944,A01288,3
P01944,A00468,4
P01945,A00112,1
P01945,A01002,2
P01945,A01369,3
P01945,A00518,4
P01945,A01135,5
P01945,A00698,6
P01946,A02655,1
P01946,A01221,2
P01946,A00611,3
P01946,A00289,4
P01946,A02040,5
P01946,A03760,6
P01946,A00473,7
P01946,A03761,8
P01946,A02035,9
P01947,A00963,1
P01947,A00520,2
P01947,A03762,3
P01947,A00471,4
P01948,A03763,1
P01948,A01429,2
P01948,A00263,3
P01949,A00289,1
P01949,A00127,2
P01950,A00425,1
P01950,A00139,2
P01950,A00343,3
P01950,A00341,4
P01950,A03183,5
P01951,A00468,1
P01951,A00439,2
P01951,A03764,3
P01951,A03765,4
P01951,A01288,5
P01951,A00473,6
P01951,A00474,7
P01951,A00289,8
P01951,A00139,9
P01951,A00400,10
P01951,A00698,11
P01951,A03766,12
P01952,A00468,1
P01952,A01288,2
P01952,A03765,3
P01952,A00439,4
P01952,A00473,5
P01952,A00474,6
P01952,A00400,7
P01952,A00139,8
P01952,A00200,9
P01952,A00289,10
P01952,A00477,11
P01952,A00001,12
P01952,A00348,13
P01952,A00711,14
P01952,A00698,15
P01952,A02702,16
P01952,A01208,17
P01953,A00382,1
P01953,A00542,2
P01953,A03767,3
P01953,A00364,4
P01953,A00384,5
P01953,A00477,6
P01953,A03768,7
P01954,A03769,1
P01954,A00489,2
P01954,A00667,3
P01954,A03759,4
P01954,A00157,5
P01954,A03758,6
P01954,A03770,7
P01955,A00468,1
P01955,A03771,2
P01955,A01288,3
P01955,A00473,4
P01955,A00474,5
P01955,A00400,6
P01955,A00348,7
P01955,A01418,8
P01955,A02603,9
P01955,A01027,10
P01955,A00723,11
P01955,A00698,12
P01956,A00289,1
P01956,A00468,2
P01956,A03771,3
P01956,A01288,4
P01956,A00473,5
P01956,A00474,6
P01956,A00001,7
P01956,A00130,8
P01956,A00698,9
P01956,A03772,10
P01956,A00723,11
P01957,A02858,1
P01957,A03773,2
P01957,A03774,3
P01957,A03775,4
P01957,A03776,5
P01957,A00927,6
P01958,A02858,1
P01958,A03773,2
P01958,A03774,3
P01958,A03777,4
P01958,A03778,5
P01958,A03779,6
P01958,A01307,7
P01958,A00927,8
P01959,A00086,1
P01959,A00670,2
P01959,A01003,3
P01959,A00091,4
P01959,A00041,5
P01959,A00045,6
P01959,A00112,7
P01959,A00263,8
P01959,A00087,9
P01959,A00873,10
P01959,A00870,11
P01959,A00637,12
P01959,A01006,13
P01959,A00553,14
P01959,A00225,15
P01959,A00236,16
P01959,A00432,17
P01959,A00226,18
P01959,A00559,19
P01959,A00581,20
P01959,A00092,21
P01959,A00094,22
P01959,A00437,23
P01960,A00468,1
P01960,A03780,2
P01960,A01288,3
P01960,A00472,4
P01960,A00473,5
P01960,A01040,6
P01960,A00474,7
P01960,A00289,8
P01960,A01032,9
P01960,A00001,10
P01960,A00130,11
P01960,A00698,12
P01961,A03781,1
P01961,A00473,2
P01961,A00289,3
P01961,A00468,4
P01962,A00468,1
P01962,A03782,2
P01962,A01288,3
P01962,A00472,4
P01962,A00473,5
P01962,A00474,6
P01962,A03772,7
P01962,A00393,8
P01963,A03783,1
P01963,A03784,2
P01964,A03785,1
P01964,A00869,2
P01964,A00226,3
P01964,A00493,4
P01964,A00495,5
P01964,A00494,6
P01964,A00498,7
P01964,A00927,8
P01964,A02072,9
P01965,A00425,1
P01965,A03183,2
P01965,A00343,3
P01965,A00139,4
P01965,A03786,5
P01965,A00075,6
P01965,A03787,7
P01965,A03788,8
P01966,A00468,1
P01966,A00289,2
P01966,A00001,3
P01966,A00473,4
P01966,A01288,5
P01966,A00470,6
P01966,A00472,7
P01966,A00723,8
P01967,A00343,1
P01967,A00139,2
P01967,A00425,3
P01967,A03183,4
P01967,A01010,5
P01968,A03789,1
P01968,A02655,2
P01968,A03308,3
P01968,A00289,4
P01968,A03790,5
P01969,A03791,1
P01969,A02008,2
P01969,A03792,3
P01969,A03793,4
P01970,A00112,1
P01970,A01107,2
P01971,A00194,1
P01971,A00341,2
P01971,A00192,3
P01971,A00263,4
P01971,A00698,5
P01971,A00738,6
P01971,A01119,7
P01971,A01079,8
P01971,A00139,9
P01971,A00143,10
P01971,A00475,11
P01971,A00112,12
P01971,A00146,13
P01971,A03794,14
P01971,A03795,15
P01972,A00289,1
P01972,A03796,2
P01973,A00922,1
P01973,A00328,2
P01973,A00957,3
P01973,A00903,4
P01973,A01165,5
P01973,A03797,6
P01973,A03798,7
P01973,A03799,8
P01973,A03800,9
P01973,A00698,10
P01973,A00566,11
P01973,A03801,12
P01973,A01511,13
P01973,A03802,14
P01973,A00968,15
P01973,A00592,16
P01973,A01230,17
P01973,A00593,18
P01973,A03803,19
P01973,A03804,20
P01973,A00965,21
P01973,A03805,22
P01973,A00888,23
P01973,A00970,24
P01973,A03806,25
P01973,A00886,26
P01973,A00812,27
P01973,A03807,28
P01973,A03808,29
P01973,A03809,30
P01973,A03810,31
P01973,A00388,32
P01973,A01499,33
P01973,A00223,34
P01973,A00446,35
P01973,A00348,36
P01973,A00820,37
P01973,A03811,38
P01973,A01202,39
P01973,A01175,40
P01973,A03812,41
P01973,A01632,42
P01974,A00471,1
P01974,A00004,2
P01974,A00289,3
P01974,A00384,4
P01974,A03813,5
P01974,A00712,6
P01974,A00926,7
P01974,A00075,8
P01975,A03814,1
P01975,A00149,2
P01975,A00145,3
P01975,A00146,4
P01975,A00200,5
P01975,A00390,6
P01975,A00389,7
P01976,A00471,1
P01976,A00004,2
P01976,A00384,3
P01976,A03815,4
P01976,A00468,5
P01976,A00289,6
P01976,A00475,7
P01977,A03816,1
P01977,A03817,2
P01977,A00089,3
P01977,A00578,4
P01977,A00093,5
P01977,A00086,6
P01977,A00041,7
P01977,A00005,8
P01977,A00435,9
P01977,A00112,10
P01977,A01018,11
P01977,A01007,12
P01977,A00088,13
P01977,A00581,14
P01977,A00437,15
P01977,A03818,16
P01977,A03819,17
P01978,A03783,1
P01978,A01058,2
P01978,A01059,3
P01978,A03784,4
P01978,A03820,5
P01978,A03821,6
P01979,A01009,1
P01979,A00816,2
P01979,A00668,3
P01979,A00581,4
P01979,A00670,5
P01979,A00146,6
P01980,A03822,1
P01980,A01148,2
P01980,A03823,3
P01981,A00147,1
P01981,A00489,2
P01981,A00364,3
P01981,A00685,4
P01981,A00115,5
P01981,A00343,6
P01981,A00349,7
P01981,A00498,8
P01981,A00499,9
P01981,A03824,10
P01981,A00468,11
P01981,A01010,12
P01981,A01499,13
P01981,A00500,14
P01981,A00301,15
P01981,A00298,16
P01982,A00069,1
P01982,A00491,2
P01983,A03825,1
P01983,A03826,2
P01983,A03827,3
P01983,A03828,4
P01984,A03587,1
P01984,A01212,2
P01985,A00468,1
P01985,A03765,2
P01985,A03829,3
P01985,A00489,4
P01985,A00147,5
P01985,A00303,6
P01985,A03830,7
P01985,A03831,8
P01985,A00498,9
P01985,A00497,10
P01985,A01010,11
P01985,A01499,12
P01985,A00301,13
P01985,A00004,14
P01985,A00348,15
P01985,A00039,16
P01985,A00222,17
P01985,A00354,18
P01985,A00086,19
P01985,A03832,20
P01985,A03833,21
P01985,A03834,22
P01986,A00945,1
P01986,A01679,2
P01986,A00341,3
P01987,A01046,1
P01987,A03390,2
P01987,A00231,3
P01987,A01297,4
P01988,A03835,1
P01988,A03836,2
P01988,A03837,3
P01988,A00342,4
P01989,A00491,1
P01989,A01434,2
P01989,A03706,3
P01989,A00930,4
P01989,A00727,5
P01989,A03838,6
P01989,A01438,7
P01989,A01433,8
P01989,A03839,9
P01989,A00490,10
P01989,A00200,11
P01989,A00145,12
P01989,A01270,13
P01989,A01432,14
P01989,A01430,15
P01990,A03840,1
P01990,A01400,2
P01990,A03114,3
P01990,A03841,4
P01990,A03842,5
P01990,A03843,6
P01990,A03844,7
P01990,A01520,8
P01991,A03845,1
P01991,A03846,2
P01991,A03847,3
P01991,A03848,4
P01991,A03849,5
P01991,A00354,6
P01992,A03850,1
P01992,A03851,2
P01992,A03381,3
P01992,A03852,4
P01992,A03823,5
P01992,A00354,6
P01992,A03853,7
P01993,A03854,1
P01993,A03855,2
P01993,A03856,3
P01993,A03857,4
P01993,A03858,5
P01993,A03859,6
P01993,A03860,7
P01993,A03861,8
P01993,A03862,9
P01994,A03769,1
P01994,A00489,2
P01994,A00147,3
P01994,A03863,4
P01994,A03864,5
P01994,A00004,6
P01994,A00145,7
P01994,A00542,8
P01994,A03865,9
P01995,A00289,1
P01995,A00200,2
P01995,A00566,3
P01995,A00078,4
P01995,A03691,5
P01995,A00738,6
P01995,A02299,7
P01996,A00282,1
P01996,A01400,2
P01996,A00041,3
P01996,A03840,4
P01996,A03114,5
P01996,A03844,6
P01996,A01009,7
P01996,A00977,8
P01996,A02994,9
P01996,A00086,10
P01996,A00112,11
P01996,A00432,12
P01996,A00581,13
P01996,A00437,14
P01996,A00236,15
P01996,A00225,16
P01996,A00226,17
P01996,A00094,18
P01996,A00334,19
P01996,A00089,20
P01996,A00088,21
P01996,A01007,22
P01997,A02668,1
P01997,A03866,2
P01997,A03867,3
P01997,A03868,4
P01997,A03869,5
P01997,A03870,6
P01997,A03871,7
P01997,A03872,8
P01997,A03873,9
P01997,A02263,10
P01997,A03874,11
P01997,A03875,12
P01997,A03876,13
P01997,A03877,14
P01997,A01079,15
P01997,A03878,16
P01997,A03879,17
P01997,A03880,18
P01997,A00354,19
P01997,A00241,20
P01997,A03881,21
P01997,A00238,22
P01997,A03882,23
P01998,A03883,1
P01998,A00462,2
P01998,A03092,3
P01998,A00951,4
P01998,A03884,5
P01998,A03885,6
P01998,A03886,7
P01998,A03887,8
P01999,A02592,1
P01999,A00192,2
P01999,A03888,3
P01999,A03692,4
P01999,A03889,5
P01999,A02456,6
P01999,A03890,7
P01999,A03891,8
P01999,A03892,9
P01999,A00344,10
P01999,A00354,11
P01999,A02594,12
P02000,A03893,1
P02000,A03894,2
P02001,A03895,1
P02001,A00240,2
P02001,A01429,3
P02001,A00263,4
P02001,A03896,5
P02001,A03897,6
P02002,A01690,1
P02002,A00139,2
P02002,A00343,3
P02003,A03898,1
P02003,A00468,2
P02003,A00346,3
P02003,A00141,4
P02003,A00139,5
P02003,A00518,6
P02004,A00747,1
P02004,A00084,2
P02004,A01944,3
P02004,A00460,4
P02004,A03899,5
P02004,A00491,6
P02004,A01519,7
P02004,A00429,8
P02005,A02637,1
P02005,A03210,2
P02005,A01897,3
P02005,A00090,4
P02005,A00086,5
P02005,A00139,6
P02005,A00354,7
P02005,A02932,8
P02006,A03769,1
P02006,A00489,2
P02006,A00147,3
P02006,A03900,4
P02006,A03864,5
P02006,A01010,6
P02006,A03758,7
P02006,A03901,8
P02006,A00157,9
P02006,A03902,10
P02006,A01933,11
P02007,A03903,1
P02007,A03904,2
P02007,A03905,3
P02007,A03906,4
P02008,A03907,1
P02008,A00951,2
P02008,A00948,3
P02008,A03908,4
P02008,A03909,5
P02009,A00696,1
P02009,A00084,2
P02009,A00429,3
P02009,A03569,4
P02010,A01356,1
P02010,A03910,2
P02010,A02583,3
P02010,A03911,4
P02011,A01216,1
P02011,A03912,2
P02011,A03913,3
P02011,A03914,4
P02011,A03915,5
P02011,A03916,6
P02011,A03917,7
P02011,A01175,8
P02012,A03034,1
P02012,A03918,2
P02013,A03919,1
P02014,A03920,1
P02014,A03921,2
P02014,A03922,3
P02014,A02328,4
P02014,A03923,5
P02014,A03924,6
P02014,A03906,7
P02014,A03925,8
P02015,A03920,1
P02015,A03921,2
P02015,A03922,3
P02015,A03906,4
P02015,A03924,5
P02015,A03925,6
P02015,A03926,7
P02015,A03927,8
P02015,A03928,9
P02015,A03832,10
P02016,A03929,1
P02016,A02289,2
P02016,A03930,3
P02016,A03931,4
P02016,A00608,5
P02016,A03882,6
P02017,A03904,1
P02017,A03903,2
P02018,A00139,1
P02018,A00234,2
P02018,A00784,3
P02018,A03932,4
P02018,A01079,5
P02018,A00143,6
P02018,A02819,7
P02018,A00452,8
P02018,A00447,9
P02018,A00354,10
P02019,A03308,1
P02019,A01492,2
P02020,A01980,1
P02020,A01119,2
P02020,A03933,3
P02020,A03132,4
P02020,A01122,5
P02021,A00482,1
P02021,A03934,2
P02021,A01593,3
P02021,A01613,4
P02022,A00194,1
P02022,A00139,2
P02022,A00344,3
P02023,A02955,1
P02023,A00086,2
P02023,A00139,3
P02023,A03935,4
P02023,A02956,5
P02023,A03936,6
P02023,A02957,7
P02023,A00112,8
P02024,A03210,1
P02024,A03937,2
P02024,A03935,3
P02024,A00509,4
P02024,A01686,5
P02024,A03938,6
P02024,A03939,7
P02024,A00234,8
P02024,A00349,9
P02025,A03940,1
P02025,A00346,2
P02025,A00345,3
P02025,A00468,4
P02025,A00139,5
P02025,A00039,6
P02025,A00354,7
P02025,A01079,8
P02026,A00542,1
P02026,A00489,2
P02026,A00147,3
P02026,A00685,4
P02026,A00004,5
P02026,A00364,6
P02026,A03900,7
P02026,A00498,8
P02026,A00499,9
P02026,A03824,10
P02026,A01499,11
P02026,A00349,12
P02026,A01010,13
P02026,A00500,14
P02026,A00301,15
P02027,A01878,1
P02027,A00816,2
P02027,A03941,3
P02027,A03210,4
P02028,A00343,1
P02028,A00139,2
P02028,A00194,3
P02028,A00344,4
P02028,A01499,5
P02029,A00234,1
P02029,A00139,2
P02029,A03942,3
P02030,A03662,1
P02031,A03943,1
P02031,A02543,2
P02031,A03944,3
P02031,A00425,4
P02031,A03945,5
P02031,A03946,6
P02031,A00784,7
P02031,A00667,8
P02031,A03947,9
P02031,A03948,10
P02032,A00298,1
P02032,A00139,2
P02032,A00491,3
P02032,A00301,4
P02032,A00428,5
P02032,A00500,6
P02032,A03949,7
P02032,A00106,8
P02032,A01010,9
P02032,A00349,10
P02032,A01499,11
P02032,A03739,12
P02032,A01458,13
P02032,A00075,14
P02032,A00498,15
P02032,A00499,16
P02032,A01012,17
P02032,A01013,18
P02032,A00497,19
P02033,A00232,1
P02033,A00004,2
P02033,A00489,3
P02033,A00200,4
P02033,A01140,5
P02033,A00139,6
P02033,A00364,7
P02033,A02453,8
P02034,A03950,1
P02034,A03951,2
P02034,A00318,3
P02034,A03952,4
P02035,A01346,1
P02035,A01259,2
P02035,A03953,3
P02035,A02688,4
P02036,A01346,1
P02036,A01259,2
P02037,A00582,1
P02037,A01679,2
P02037,A02264,3
P02037,A03954,4
P02037,A03955,5
P02037,A03956,6
P02038,A00234,1
P02038,A00139,2
P02038,A00341,3
P02038,A01138,4
P02038,A00004,5
P02038,A00521,6
P02038,A00923,7
P02038,A01181,8
P02038,A00348,9
P02039,A00226,1
P02039,A00922,2
P02039,A00957,3
P02039,A00004,4
P02039,A00518,5
P02039,A00675,6
P02039,A00850,7
P02039,A01165,8
P02039,A01181,9
P02039,A03724,10
P02039,A00349,11
P02039,A01260,12
P02039,A03751,13
P02039,A03725,14
P02039,A03217,15
P02040,A01511,1
P02040,A00518,2
P02040,A00566,3
P02040,A00820,4
P02041,A02040,1
P02041,A03144,2
P02041,A01482,3
P02041,A02041,4
P02042,A02831,1
P02042,A03130,2
P02042,A03957,3
P02042,A03958,4
P02042,A00004,5
P02042,A00842,6
P02042,A01144,7
P02043,A02592,1
P02043,A00344,2
P02043,A00192,3
P02043,A00194,4
P02043,A00349,5
P02043,A00348,6
P02043,A00497,7
P02043,A03735,8
P02043,A03018,9
P02044,A00039,1
P02044,A03959,2
P02044,A01010,3
P02044,A03960,4
P02044,A00468,5
P02044,A03961,6
P02044,A03962,7
P02044,A03963,8
P02044,A03964,9
P02044,A00346,10
P02044,A03965,11
P02045,A00343,1
P02045,A00139,2
P02045,A00425,3
P02045,A03966,4
P02045,A03183,5
P02045,A00298,6
P02045,A00194,7
P02045,A01010,8
P02045,A01499,9
P02045,A00429,10
P02046,A03967,1
P02046,A00670,2
P02046,A01511,3
P02046,A00965,4
P02046,A00446,5
P02046,A03807,6
P02046,A03968,7
P02047,A00200,1
P02047,A00349,2
P02047,A03969,3
P02047,A00075,4
P02047,A00232,5
P02047,A03970,6
P02047,A00298,7
P02047,A00139,8
P02047,A00453,9
P02047,A00201,10
P02047,A00542,11
P02048,A01046,1
P02048,A03390,2
P02048,A00888,3
P02048,A00673,4
P02048,A01042,5
P02048,A03971,6
P02048,A03972,7
P02048,A03973,8
P02048,A03974,9
P02048,A03975,10
P02049,A03976,1
P02049,A01492,2
P02049,A01623,3
P02049,A01276,4
P02050,A00095,1
P02050,A00041,2
P02050,A00092,3
P02050,A01399,4
P02050,A00299,5
P02050,A00553,6
P02050,A00559,7
P02050,A00094,8
P02050,A00089,9
P02050,A00088,10
P02050,A00435,11
P02050,A01009,12
P02050,A01008,13
P02050,A00437,14
P02050,A00958,15
P02050,A00667,16
P02050,A00086,17
P02050,A00519,18
P02050,A00097,19
P02050,A00139,20
P02051,A03614,1
P02051,A00491,2
P02051,A03598,3
P02051,A03977,4
P02051,A00512,5
P02051,A00139,6
P02051,A03609,7
P02051,A03617,8
P02051,A03978,9
P02052,A03767,1
P02052,A00384,2
P02052,A03979,3
P02052,A00004,4
P02052,A00390,5
P02052,A00389,6
P02053,A03980,1
P02053,A03981,2
P02053,A03982,3
P02053,A03983,4
P02053,A01079,5
P02053,A00139,6
P02054,A00141,1
P02054,A01079,2
P02054,A00143,3
P02054,A00139,4
P02055,A01587,1
P02055,A00577,2
P02055,A00192,3
P02055,A03984,4
P02055,A00298,5
P02055,A00343,6
P02056,A03985,1
P02056,A00086,2
P02056,A00670,3
P02056,A00519,4
P02056,A00575,5
P02056,A00667,6
P02056,A03321,7
P02056,A03739,8
P02056,A03986,9
P02056,A01659,10
P02056,A00452,11
P02056,A00556,12
P02056,A00139,13
P02057,A03840,1
P02057,A01400,2
P02057,A03987,3
P02057,A03841,4
P02057,A03842,5
P02057,A01520,6
P02057,A00282,7
P02057,A00086,8
P02057,A00817,9
P02057,A00051,10
P02057,A00041,11
P02058,A03988,1
P02058,A00473,2
P02058,A01040,3
P02059,A03989,1
P02059,A03990,2
P02059,A00853,3
P02059,A00234,4
P02059,A03991,5
P02059,A03992,6
P02059,A01499,7
P02059,A00232,8
P02059,A03993,9
P02060,A00139,1
P02060,A00343,2
P02060,A00194,3
P02060,A00298,4
P02060,A00232,5
P02060,A01499,6
P02060,A00341,7
P02060,A00143,8
P02060,A01079,9
P02060,A03994,10
P02060,A01010,11
P02060,A00349,12
P02060,A00348,13
P02060,A00141,14
P02060,A03995,15
P02060,A00245,16
P02061,A00139,1
P02061,A00343,2
P02061,A03183,3
P02061,A00194,4
P02061,A00298,5
P02061,A00232,6
P02061,A01499,7
P02061,A00341,8
P02061,A00143,9
P02061,A01079,10
P02061,A03994,11
P02061,A01010,12
P02061,A00348,13
P02061,A00141,14
P02061,A03995,15
P02061,A00245,16
P02062,A00093,1
P02062,A00086,2
P02062,A00048,3
P02062,A03996,4
P02062,A01124,5
P02062,A00112,6
P02062,A00973,7
P02062,A00974,8
P02062,A00817,9
P02062,A03997,10
P02062,A02543,11
P02063,A02008,1
P02063,A03792,2
P02063,A03998,3
P02063,A03999,4
P02063,A04000,5
P02063,A04001,6
P02064,A03976,1
P02064,A01492,2
P02064,A01623,3
P02064,A03614,4
P02065,A00903,1
P02065,A00923,2
P02065,A04002,3
P02065,A00139,4
P02065,A01079,5
P02065,A04003,6
P02065,A00341,7
P02066,A04004,1
P02066,A01616,2
P02066,A01613,3
P02066,A04005,4
P02067,A00582,1
P02067,A01679,2
P02067,A00720,3
P02067,A03181,4
P02067,A03751,5
P02067,A00468,6
P02068,A01346,1
P02068,A01259,2
P02068,A04006,3
P02069,A04007,1
P02069,A03995,2
P02069,A00139,3
P02069,A04008,4
P02069,A00591,5
P02069,A00586,6
P02069,A02388,7
P02069,A04009,8
P02070,A03003,1
P02070,A04010,2
P02070,A04011,3
P02070,A01638,4
P02070,A04012,5
P02071,A00194,1
P02071,A00139,2
P02071,A00343,3
P02072,A00215,1
P02072,A03963,2
P02072,A03961,3
P02072,A00521,4
P02072,A00512,5
P02072,A01140,6
P02072,A00263,7
P02072,A04013,8
P02072,A00958,9
P02072,A01270,10
P02072,A04014,11
P02072,A00300,12
P02073,A00345,1
P02073,A04015,2
P02073,A04016,3
P02073,A03940,4
P02073,A00346,5
P02073,A00354,6
P02073,A00263,7
P02073,A00039,8
P02073,A01934,9
P02073,A01079,10
P02074,A00490,1
P02074,A00491,2
P02074,A00476,3
P02074,A00698,4
P02075,A03851,1
P02075,A01242,2
P02075,A04017,3
P02075,A03852,4
P02075,A00499,5
P02075,A02819,6
P02076,A00429,1
P02076,A00084,2
P02076,A00784,3
P02076,A00341,4
P02077,A00491,1
P02077,A00200,2
P02077,A00146,3
P02077,A01184,4
P02077,A00348,5
P02078,A01141,1
P02078,A00341,2
P02078,A00139,3
P02078,A00194,4
P02078,A01143,5
P02079,A01079,1
P02079,A00341,2
P02079,A00139,3
P02079,A00194,4
P02079,A00143,5
P02079,A00698,6
P02079,A00146,7
P02079,A00526,8
P02080,A00194,1
P02080,A00341,2
P02080,A00139,3
P02080,A01079,4
P02080,A00342,5
P02080,A03943,6
P02080,A00534,7
P02080,A00146,8
P02080,A00698,9
P02081,A00386,1
P02081,A00004,2
P02081,A00471,3
P02081,A00534,4
P02081,A00557,5
P02081,A04018,6
P02081,A00923,7
P02081,A00526,8
P02081,A00698,9
P02081,A00632,10
P02081,A00194,11
P02081,A00341,12
P02082,A04019,1
P02082,A04020,2
P02082,A00715,3
P02082,A03715,4
P02082,A03217,5
P02082,A04021,6
P02082,A04022,7
P02082,A04023,8
P02082,A01683,9
P02082,A04024,10
P02082,A04025,11
P02082,A04026,12
P02082,A04027,13
P02083,A00234,1
P02083,A00139,2
P02083,A01138,3
P02083,A00341,4
P02083,A00142,5
P02083,A04028,6
P02083,A04029,7
P02083,A00923,8
P02083,A00551,9
P02083,A04030,10
P02083,A04031,11
P02083,A00866,12
P02083,A03156,13
P02084,A00696,1
P02084,A00386,2
P02084,A00004,3
P02084,A01465,4
P02084,A00477,5
P02084,A00671,6
P02084,A00556,7
P02084,A00675,8
P02085,A00341,1
P02085,A00139,2
P02085,A00194,3
P02085,A00343,4
P02085,A01079,5
P02085,A04032,6
P02085,A03893,7
P02085,A00245,8
P02086,A00221,1
P02086,A03831,2
P02086,A04033,3
P02086,A01399,4
P02086,A03963,5
P02086,A00784,6
P02086,A00354,7
P02086,A01499,8
P02087,A04034,1
P02087,A00869,2
P02087,A00041,3
P02087,A02666,4
P02087,A00436,5
P02088,A04035,1
P02088,A00139,2
P02088,A00143,3
P02088,A01079,4
P02088,A04036,5
P02088,A04037,6
P02088,A03980,7
P02088,A03981,8
P02089,A04035,1
P02089,A04038,2
P02089,A03981,3
P02089,A04039,4
P02089,A00139,5
P02090,A01423,1
P02090,A00439,2
P02090,A02326,3
P02090,A00468,4
P02091,A00197,1
P02091,A00232,2
P02091,A00310,3
P02091,A04040,4
P02091,A02958,5
P02092,A03967,1
P02092,A00670,2
P02092,A00491,3
P02092,A00436,4
P02092,A00226,5
P02092,A00498,6
P02092,A01013,7
P02092,A01012,8
P02092,A00494,9
P02093,A01529,1
P02093,A00498,2
P02093,A00861,3
P02093,A00223,4
P02093,A00349,5
P02093,A01512,6
P02094,A00578,1
P02094,A00089,2
P02094,A00579,3
P02094,A00040,4
P02094,A00041,5
P02094,A00086,6
P02094,A00559,7
P02094,A00580,8
P02094,A00977,9
P02094,A00053,10
P02094,A00474,11
P02094,A03940,12
P02094,A00434,13
P02094,A00817,14
P02094,A02056,15
P02094,A02057,16
P02094,A02095,17
P02094,A04041,18
P02095,A01046,1
P02095,A03390,2
P02095,A04042,3
P02095,A04043,4
P02096,A04044,1
P02097,A04045,1
P02097,A00439,2
P02097,A00468,3
P02097,A00473,4
P02098,A03845,1
P02098,A03846,2
P02098,A03847,3
P02099,A00922,1
P02099,A03798,2
P02099,A03413,3
P02099,A00686,4
P02099,A04046,5
P02099,A00957,6
P02099,A00818,7
P02099,A00145,8
P02099,A03815,9
P02099,A00328,10
P02099,A00632,11
P02099,A00446,12
P02099,A00965,13
P02099,A00593,14
P02099,A04047,15
P02099,A03809,16
P02099,A04048,17
P02099,A01165,18
P02099,A04049,19
P02099,A04050,20
P02099,A00698,21
P02099,A04051,22
P02099,A00566,23
P02099,A02883,24
P02099,A00888,25
P02099,A03802,26
P02099,A04052,27
P02099,A03797,28
P02099,A01403,29
P02099,A04053,30
P02099,A01511,31
P02099,A00903,32
P02099,A03321,33
P02099,A00348,34
P02099,A04054,35
P02099,A00970,36
P02099,A00232,37
P02100,A04055,1
P02100,A00344,2
P02100,A00232,3
P02100,A01431,4
P02100,A04056,5
P02100,A00004,6
P02101,A04057,1
P02102,A00922,1
P02102,A00818,2
P02102,A03815,3
P02102,A00328,4
P02102,A00686,5
P02102,A03798,6
P02102,A00957,7
P02102,A04046,8
P02102,A00632,9
P02102,A00145,10
P02102,A00446,11
P02102,A00965,12
P02102,A00593,13
P02102,A04047,14
P02102,A03809,15
P02102,A04048,16
P02102,A01165,17
P02102,A04049,18
P02102,A00698,19
P02102,A00348,20
P02102,A04051,21
P02102,A00566,22
P02102,A02883,23
P02102,A03802,24
P02102,A03797,25
P02102,A04053,26
P02102,A01511,27
P02102,A00903,28
P02102,A04054,29
P02102,A04052,30
P02102,A01403,31
P02102,A00232,32
P02103,A04058,1
P02103,A03920,2
P02103,A04059,3
P02103,A01713,4
P02103,A03925,5
P02103,A03906,6
P02103,A03924,7
P02103,A04060,8
P02103,A04061,9
P02103,A03927,10
P02104,A03920,1
P02104,A03921,2
P02104,A03922,3
P02104,A04062,4
P02104,A04063,5
P02105,A04064,1
P02105,A04065,2
P02105,A04066,3
P02105,A04067,4
P02106,A02072,1
P02106,A04068,2
P02106,A04069,3
P02106,A00139,4
P02106,A00518,5
P02106,A00473,6
P02107,A01272,1
P02107,A00086,2
P02107,A00869,3
P02107,A00922,4
P02107,A00226,5
P02107,A00957,6
P02107,A00560,7
P02107,A00671,8
P02107,A00842,9
P02107,A01196,10
P02107,A02706,11
P02107,A03217,12
P02107,A00566,13
P02107,A00686,14
P02107,A03228,15
P02107,A04070,16
P02108,A00084,1
P02108,A04071,2
P02108,A04072,3
P02109,A04073,1
P02110,A04074,1
P02110,A00439,2
P02110,A04075,3
P02110,A00468,4
P02111,A00194,1
P02111,A00341,2
P02111,A00139,3
P02111,A01201,4
P02111,A01079,5
P02111,A00143,6
P02112,A00840,1
P02112,A00043,2
P02112,A03689,3
P02112,A00582,4
P02112,A03687,5
P02112,A01663,6
P02112,A01651,7
P02112,A03217,8
P02112,A02706,9
P02112,A03751,10
P02113,A03835,1
P02113,A00342,2
P02113,A04076,3
P02113,A00341,4
P02114,A04077,1
P02114,A04078,2
P02114,A04079,3
P02115,A00520,1
P02115,A00477,2
P02115,A00004,3
P02115,A00554,4
P02115,A00555,5
P02115,A00471,6
P02115,A00522,7
P02116,A01686,1
P02116,A04080,2
P02116,A00711,3
P02116,A04081,4
P02116,A04082,5
P02116,A04083,6
P02116,A02955,7
P02117,A01148,1
P02118,A00572,1
P02118,A00671,2
P02118,A00573,3
P02118,A00004,4
P02118,A00554,5
P02118,A04002,6
P02119,A00572,1
P02119,A00573,2
P02119,A00004,3
P02119,A00574,4
P02119,A00471,5
P02120,A01864,1
P02120,A00139,2
P02120,A00066,3
P02120,A00084,4
P02121,A04058,1
P02121,A03920,2
P02121,A04059,3
P02121,A03921,4
P02121,A03922,5
P02121,A04062,6
P02121,A04061,7
P02122,A04084,1
P02122,A04085,2
P02123,A04086,1
P02123,A00245,2
P02123,A01590,3
P02123,A01591,4
P02124,A00582,1
P02124,A01679,2
P02124,A03181,3
P02124,A03751,4
P02125,A00043,1
P02125,A00733,2
P02125,A03795,3
P02125,A00734,4
P02125,A00289,5
P02125,A00052,6
P02126,A00234,1
P02126,A00853,2
P02126,A03992,3
P02126,A00139,4
P02126,A02453,5
P02126,A03932,6
P02126,A00232,7
P02126,A01079,8
P02126,A00143,9
P02126,A01499,10
P02126,A03018,11
P02126,A00349,12
P02126,A01010,13
P02126,A02819,14
P02126,A00452,15
P02127,A00343,1
P02127,A00139,2
P02127,A00194,3
P02127,A00341,4
P02127,A01079,5
P02128,A04087,1
P02128,A00139,2
P02128,A00957,3
P02129,A00232,1
P02129,A00004,2
P02129,A00489,3
P02129,A00364,4
P02129,A00925,5
P02129,A00147,6
P02129,A00685,7
P02129,A03183,8
P02129,A00075,9
P02129,A00349,10
P02129,A01140,11
P02129,A00139,12
P02129,A00298,13
P02129,A00500,14
P02129,A01499,15
P02129,A03830,16
P02129,A00667,17
P02129,A00837,18
P02129,A02819,19
P02129,A00476,20
P02130,A03910,1
P02130,A01356,2
P02130,A02583,3
P02130,A03911,4
P02130,A00349,5
P02130,A01499,6
P02130,A00500,7
P02130,A00667,8
P02131,A00194,1
P02131,A00139,2
P02131,A00341,3
P02131,A00344,4
P02131,A00342,5
P02132,A04088,1
P02132,A04089,2
P02132,A04090,3
P02132,A03727,4
P02133,A04091,1
P02133,A02538,2
P02133,A04092,3
P02134,A04093,1
P02134,A04094,2
P02134,A04095,3
P02134,A04096,4
P02134,A04097,5
P02135,A01864,1
P02135,A00139,2
P02135,A01279,3
P02135,A00379,4
P02135,A00393,5
P02135,A00341,6
P02135,A00063,7
P02135,A00194,8
P02135,A01195,9
P02135,A00343,10
P02135,A04007,11
P02136,A03906,1
P02136,A04027,2
P02136,A04098,3
P02136,A04099,4
P02137,A03614,1
P02137,A00491,2
P02137,A03598,3
P02137,A03977,4
P02137,A00512,5
P02137,A02543,6
P02137,A03609,7
P02137,A03617,8
P02137,A04100,9
P02138,A00194,1
P02138,A00139,2
P02138,A00341,3
P02138,A01079,4
P02139,A00523,1
P02139,A00139,2
P02139,A00343,3
P02139,A04032,4
P02139,A01549,5
P02139,A01079,6
P02140,A01142,1
P02140,A00139,2
P02140,A00523,3
P02140,A01549,4
P02141,A00343,1
P02141,A00139,2
P02141,A00341,3
P02142,A04101,1
P02142,A03893,2
P02142,A00234,3
P02142,A00139,4
P02142,A01499,5
P02142,A01138,6
P02143,A00343,1
P02143,A00139,2
P02143,A00194,3
P02143,A00341,4
P02143,A01079,5
P02143,A03893,6
P02143,A04032,7
P02143,A00348,8
P02144,A00491,1
P02144,A00298,2
P02144,A00084,3
P02144,A00139,4
P02144,A01013,5
P02145,A00434,1
P02145,A00817,2
P02145,A02056,3
P02145,A02057,4
P02145,A00088,5
P02145,A00089,6
P02145,A00095,7
P02145,A01007,8
P02145,A00094,9
P02145,A00539,10
P02145,A01018,11
P02145,A00005,12
P02146,A03769,1
P02146,A00489,2
P02146,A00147,3
P02146,A03864,4
P02146,A00542,5
P02146,A01933,6
P02146,A00476,7
P02146,A00468,8
P02146,A00498,9
P02146,A00499,10
P02146,A03824,11
P02146,A01010,12
P02146,A00349,13
P02146,A00354,14
P02147,A00197,1
P02147,A00200,2
P02147,A00535,3
P02147,A00004,4
P02147,A00893,5
P02147,A04102,6
P02148,A03835,1
P02148,A00342,2
P02148,A00341,3
P02148,A04076,4
P02148,A00784,5
P02148,A01662,6
P02148,A00945,7
P02149,A00341,1
P02149,A00194,2
P02149,A00342,3
P02149,A00945,4
P02149,A00586,5
P02149,A00347,6
P02149,A00063,7
P02149,A03835,8
P02149,A04103,9
P02149,A00672,10
P02150,A00200,1
P02150,A00836,2
P02150,A01060,3
P02150,A04104,4
P02150,A01059,5
P02150,A00350,6
P02150,A01058,7
P02150,A03820,8
P02151,A04094,1
P02151,A03906,2
P02151,A04105,3
P02151,A04106,4
P02152,A00194,1
P02152,A00139,2
P02152,A00344,3
P02152,A00341,4
P02152,A00342,5
P02152,A00343,6
P02152,A03831,7
P02152,A01499,8
P02153,A04088,1
P02153,A04089,2
P02153,A04107,3
P02153,A04108,4
P02153,A02040,5
P02154,A03980,1
P02154,A00139,2
P02154,A00195,3
P02154,A03981,4
P02154,A04037,5
P02154,A04036,6
P02154,A04109,7
P02154,A04039,8
P02155,A00711,1
P02155,A00133,2
P02155,A00160,3
P02155,A01613,4
P02155,A04110,5
P02155,A00385,6
P02155,A01028,7
P02155,A00393,8
P02156,A03980,1
P02156,A00139,2
P02156,A00141,3
P02156,A00195,4
P02156,A03981,5
P02157,A00139,1
P02157,A01142,2
P02157,A00298,3
P02157,A00301,4
P02157,A03948,5
P02157,A00341,6
P02157,A01499,7
P02157,A00349,8
P02157,A01010,9
P02157,A00343,10
P02157,A00084,11
P02157,A01079,12
P02157,A00143,13
P02157,A01458,14
P02157,A00245,15
P02158,A04111,1
P02158,A04112,2
P02159,A04113,1
P02159,A00439,2
P02159,A02326,3
P02159,A04114,4
P02159,A04045,5
P02160,A04074,1
P02161,A00438,1
P02161,A04115,2
P02162,A04116,1
P02162,A04117,2
P02162,A00439,3
P02163,A00438,1
P02163,A00439,2
P02164,A01423,1
P02164,A00472,2
P02164,A00438,3
P02164,A04118,4
P02165,A04119,1
P02165,A03880,2
P02165,A04027,3
P02166,A04120,1
P02166,A03866,2
P02166,A03867,3
P02166,A03868,4
P02166,A04121,5
P02166,A03870,6
P02166,A04122,7
P02166,A03873,8
P02166,A02263,9
P02166,A03874,10
P02166,A04123,11
P02166,A03876,12
P02166,A03877,13
P02166,A01079,14
P02166,A03878,15
P02166,A03879,16
P02166,A04124,17
P02166,A00354,18
P02166,A00241,19
P02166,A04125,20
P02166,A00238,21
P02166,A04126,22
P02167,A02554,1
P02167,A04127,2
P02167,A02089,3
P02168,A04128,1
P02168,A04129,2
P02168,A04130,3
P02168,A01158,4
P02168,A00925,5
P02168,A00793,6
P02168,A04131,7
P02168,A04132,8
P02169,A04133,1
P02169,A04134,2
P02169,A04135,3
P02169,A04136,4
P02169,A04137,5
P02169,A04138,6
P02170,A03905,1
P02170,A04139,2
P02170,A04073,3
P02170,A03904,4
P02170,A04140,5
P02170,A04141,6
P02171,A04142,1
P02171,A00698,2
P02171,A00004,3
P02171,A00139,4
P02171,A00923,5
P02171,A00957,6
P02172,A04143,1
P02172,A00428,2
P02172,A04144,3
P02172,A01617,4
P02172,A00497,5
P02172,A00348,6
P02173,A00141,1
P02173,A00139,2
P02173,A00143,3
P02173,A01079,4
P02174,A00468,1
P02174,A03764,2
P02174,A03771,3
P02174,A01288,4
P02174,A00473,5
P02174,A00474,6
P02174,A00400,7
P02174,A00289,8
P02174,A01467,9
P02174,A01027,10
P02174,A00723,11
P02174,A00698,12
P02175,A00079,1
P02175,A00807,2
P02175,A00810,3
P02175,A00538,4
P02175,A00806,5
P02175,A04145,6
P02175,A00419,7
P02175,A02601,8
P02175,A01145,9
P02175,A00922,10
P02175,A03218,11
P02175,A00824,12
P02175,A04146,13
P02176,A01261,1
P02176,A00041,2
P02176,A00559,3
P02176,A00801,4
P02176,A00334,5
P02176,A00580,6
P02176,A00090,7
P02176,A02543,8
P02177,A00956,1
P02177,A00484,2
P02177,A00692,3
P02177,A00922,4
P02177,A00957,5
P02178,A00468,1
P02178,A03765,2
P02178,A00497,3
P02178,A00498,4
P02178,A00039,5
P02178,A03830,6
P02178,A01010,7
P02178,A01013,8
P02178,A00348,9
P02178,A00816,10
P02178,A00222,11
P02178,A00349,12
P02178,A01499,13
P02178,A00493,14
P02178,A00716,15
P02178,A00139,16
P02178,A00354,17
P02178,A00086,18
P02179,A04147,1
P02179,A04148,2
P02179,A01112,3
P02179,A04149,4
P02179,A02831,5
P02179,A04092,6
P02179,A01110,7
P02180,A00945,1
P02180,A01679,2
P02180,A00732,3
P02180,A00341,4
P02180,A00720,5
P02181,A03312,1
P02181,A04150,2
P02181,A02646,3
P02181,A04151,4
P02181,A02589,5
P02181,A04152,6
P02181,A04153,7
P02182,A00200,1
P02182,A00004,2
P02182,A00473,3
P02182,A00491,4
P02182,A00582,5
P02183,A01167,1
P02183,A04154,2
P02183,A04155,3
P02184,A04156,1
P02184,A04157,2
P02184,A04158,3
P02184,A00594,4
P02184,A04159,5
P02184,A04160,6
P02184,A04161,7
P02184,A04162,8
P02185,A00575,1
P02185,A00086,2
P02185,A00009,3
P02186,A01139,1
P02186,A00139,2
P02186,A00341,3
P02187,A00345,1
P02187,A00346,2
P02187,A04163,3
P02187,A00017,4
P02187,A03532,5
P02187,A02662,6
P02187,A04164,7
P02187,A01259,8
P02187,A00139,9
P02188,A01261,1
P02188,A00041,2
P02188,A00090,3
P02188,A00559,4
P02188,A00580,5
P02188,A00089,6
P02188,A00048,7
P02188,A00334,8
P02188,A01531,9
P02188,A01260,10
P02188,A04165,11
P02188,A00849,12
P02188,A00069,13
P02188,A00245,14
P02188,A00009,15
P02189,A00523,1
P02189,A00348,2
P02189,A01492,3
P02189,A00004,4
P02189,A00139,5
P02189,A03893,6
P02189,A00521,7
P02190,A00194,1
P02190,A00341,2
P02190,A00139,3
P02190,A01079,4
P02191,A04147,1
P02191,A04092,2
P02191,A01166,3
P02191,A00922,4
P02191,A00827,5
P02191,A00957,6
P02191,A00675,7
P02191,A01164,8
P02191,A00356,9
P02191,A03092,10
P02191,A04166,11
P02191,A00022,12
P02191,A04167,13
P02191,A01163,14
P02192,A00491,1
P02192,A01184,2
P02192,A00146,3
P02192,A00556,4
P02192,A00001,5
P02192,A00348,6
P02192,A00698,7
P02193,A00139,1
P02193,A00194,2
P02193,A00343,3
P02193,A00341,4
P02193,A01079,5
P02193,A04168,6
P02193,A04169,7
P02194,A00468,1
P02194,A03765,2
P02194,A04170,3
P02194,A04171,4
P02194,A04172,5
P02194,A04173,6
P02194,A02433,7
P02194,A00812,8
P02194,A00366,9
P02194,A00663,10
P02194,A00497,11
P02194,A00965,12
P02194,A00886,13
P02194,A00039,14
P02194,A00970,15
P02194,A00473,16
P02194,A00200,17
P02194,A02856,18
P02194,A00698,19
P02194,A00498,20
P02194,A00349,21
P02194,A00348,22
P02195,A03756,1
P02195,A00192,2
P02195,A00229,3
P02195,A00865,4
P02195,A00542,5
P02195,A00945,6
P02195,A03769,7
P02195,A00489,8
P02195,A00147,9
P02195,A00216,10
P02195,A00194,11
P02195,A01435,12
P02195,A03755,13
P02196,A04174,1
P02196,A03598,2
P02196,A03609,3
P02196,A03614,4
P02197,A00945,1
P02197,A00341,2
P02197,A00497,3
P02197,A03756,4
P02197,A00366,5
P02197,A00342,6
P02197,A00222,7
P02197,A00343,8
P02197,A00586,9
P02197,A00745,10
P02198,A00141,1
P02198,A00139,2
P02198,A04007,3
P02198,A04008,4
P02198,A04175,5
P02198,A03995,6
P02199,A00138,1
P02199,A00139,2
P02199,A00141,3
P02199,A00343,4
P02199,A00341,5
P02199,A00063,6
P02199,A00140,7
P02200,A00425,1
P02200,A04176,2
P02200,A04177,3
P02200,A04178,4
P02200,A04179,5
P02200,A04180,6
P02200,A04181,7
P02200,A04182,8
P02200,A00139,9
P02201,A03756,1
P02201,A03963,2
P02201,A03961,3
P02201,A00862,4
P02201,A01586,5
P02201,A03758,6
P02201,A03962,7
P02201,A01242,8
P02201,A00497,9
P02201,A00663,10
P02201,A00512,11
P02201,A00444,12
P02201,A00498,13
P02202,A04183,1
P02202,A04184,2
P02202,A04185,3
P02202,A04186,4
P02202,A04187,5
P02203,A00543,1
P02203,A04188,2
P02203,A04189,3
P02204,A03469,1
P02204,A00439,2
P02204,A04190,3
P02205,A00438,1
P02205,A00439,2
P02205,A03470,3
P02205,A04191,4
P02205,A00440,5
P02206,A04192,1
P02206,A03880,2
P02206,A04193,3
P02206,A00336,4
P02206,A04194,5
P02206,A03832,6
P02207,A04195,1
P02207,A04183,2
P02207,A04184,3
P02207,A04196,4
P02207,A04185,5
P02207,A04186,6
P02207,A04197,7
P02207,A04187,8
P02207,A04198,9
P02208,A00946,1
P02208,A01102,2
P02208,A04199,3
P02208,A01308,4
P02208,A01103,5
P02208,A03639,6
P02208,A01039,7
P02208,A03261,8
P02208,A01053,9
P02209,A00145,1
P02209,A04200,2
P02209,A04201,3
P02209,A00001,4
P02209,A04202,5
P02209,A00748,6
P02209,A02337,7
P02209,A00149,8
P02209,A00471,9
P02209,A04203,10
P02209,A00146,11
P02209,A04204,12
P02209,A00698,13
P02209,A00041,14
P02209,A00225,15
P02209,A00094,16
P02209,A00236,17
P02209,A00226,18
P02209,A00802,19
P02209,A00087,20
P02209,A01005,21
P02209,A00437,22
P02209,A00052,23
P02210,A04007,1
P02210,A03995,2
P02210,A00586,3
P02210,A04008,4
P02210,A02388,5
P02211,A04087,1
P02211,A00698,2
P02211,A00139,3
P02211,A00009,4
P02211,A00957,5
P02212,A00575,1
P02212,A00086,2
P02212,A00669,3
P02212,A00815,4
P02212,A01272,5
P02212,A01129,6
P02212,A00009,7
P02212,A00139,8
P02212,A02856,9
P02212,A00707,10
P02213,A04205,1
P02213,A03995,2
P02213,A00489,3
P02213,A00141,4
P02213,A00586,5
P02213,A00232,6
P02213,A04008,7
P02214,A04206,1
P02214,A04124,2
P02214,A04094,3
P02215,A04207,1
P02216,A01195,1
P02216,A00139,2
P02216,A01864,3
P02216,A00380,4
P02216,A00363,5
P02216,A00379,6
P02216,A01279,7
P02216,A00407,8
P02216,A01505,9
P02216,A00362,10
P02217,A04208,1
P02217,A03989,2
P02217,A04209,3
P02217,A00303,4
P02217,A00234,5
P02217,A02456,6
P02217,A03977,7
P02218,A01864,1
P02218,A00139,2
P02219,A04210,1
P02219,A04211,2
P02220,A04212,1
P02220,A04213,2
P02220,A04214,3
P02221,A00471,1
P02221,A00004,2
P02221,A01061,3
P02221,A00328,4
P02221,A00556,5
P02221,A00671,6
P02221,A00554,7
P02221,A00923,8
P02221,A00522,9
P02222,A04215,1
P02222,A04216,2
P02222,A04217,3
P02222,A04218,4
P02223,A00733,1
P02223,A04219,2
P02223,A00538,3
P02223,A00734,4
P02223,A00135,5
P02223,A01438,6
P02223,A00043,7
P02224,A01017,1
P02224,A00268,2
P02224,A00271,3
P02224,A02850,4
P02224,A02089,5
P02224,A04220,6
P02224,A00189,7
P02225,A04221,1
P02225,A04222,2
P02225,A04223,3
P02225,A04224,4
P02225,A04225,5
P02225,A04226,6
P02225,A04227,7
P02225,A01890,8
P02226,A02550,1
P02226,A04228,2
P02226,A04229,3
P02226,A04230,4
P02226,A00043,5
P02226,A00742,6
P02226,A02504,7
P02226,A04231,8
P02227,A01017,1
P02227,A04220,2
P02227,A04232,3
P02227,A03111,4
P02227,A00696,5
P02228,A04233,1
P02228,A04234,2
P02228,A04235,3
P02229,A03774,1
P02229,A01199,2
P02229,A04236,3
P02229,A03507,4
P02229,A04237,5
P02229,A04238,6
P02229,A04220,7
P02229,A04239,8
P02229,A04240,9
P02230,A04226,1
P02230,A04225,2
P02231,A04241,1
P02231,A04242,2
P02231,A01017,3
P02231,A04243,4
P02231,A04244,5
P02231,A00979,6
P02232,A04220,1
P02232,A04240,2
P02232,A04245,3
P02233,A04233,1
P02233,A04235,2
P02233,A02503,3
P02234,A04241,1
P02235,A02550,1
P02235,A04246,2
P02235,A02549,3
P02235,A04220,4
P02235,A02336,5
P02236,A02504,1
P02236,A02503,2
P02236,A04247,3
P02236,A04248,4
P02236,A02336,5
P02236,A02505,6
P02236,A04226,7
P02236,A04249,8
P02236,A04235,9
P02237,A04235,1
P02237,A04233,2
P02237,A04245,3
P02238,A04250,1
P02238,A04251,2
P02238,A04252,3
P02238,A04253,4
P02238,A04254,5
P02238,A04255,6
P02238,A04256,7
P02238,A04257,8
P02238,A04249,9
P02238,A04258,10
P02238,A04245,11
P02238,A04259,12
P02238,A04260,13
P02238,A04261,14
P02238,A01885,15
P02238,A03305,16
P02238,A04262,17
P02238,A02640,18
P02238,A04263,19
P02238,A01590,20
P02238,A01890,21
P02238,A04264,22
P02238,A04265,23
P02238,A00121,24
P02238,A00052,25
P02238,A00086,26
P02238,A01992,27
P02238,A02973,28
P02238,A04235,29
P02239,A02504,1
P02239,A02503,2
P02239,A04266,3
P02239,A04247,4
P02239,A04248,5
P02239,A02336,6
P02239,A02505,7
P02239,A04226,8
P02239,A04267,9
P02239,A04249,10
P02239,A04235,11
P02240,A04226,1
P02240,A04268,2
P02241,A04269,1
P02241,A02550,2
P02241,A02549,3
P02242,A04270,1
P02243,A04270,1
P02243,A04220,2
P02243,A02336,3
P02244,A04271,1
P02244,A04272,2
P02244,A04273,3
P02245,A04272,1
P02245,A04271,2
P02245,A04273,3
P02245,A04222,4
P02246,A04274,1
P02246,A02504,2
P02246,A02503,3
P02246,A04267,4
P02246,A02505,5
P02246,A02336,6
P02247,A02504,1
P02247,A02503,2
P02247,A04247,3
P02247,A04248,4
P02247,A02336,5
P02247,A02505,6
P02247,A04226,7
P02247,A04249,8
P02247,A04235,9
P02248,A02503,1
P02248,A02504,2
P02248,A04226,3
P02248,A02336,4
P02249,A00329,1
P02249,A00328,2
P02249,A00330,3
P02250,A00394,1
P02250,A00687,2
P02250,A00017,3
P02251,A00421,1
P02251,A00422,2
P02251,A04275,3
P02251,A02512,4
P02252,A00303,1
P02252,A03989,2
P02252,A01833,3
P02252,A00017,4
P02252,A00009,5
P02252,A00958,6
P02253,A00303,1
P02253,A03989,2
P02253,A04276,3
P02253,A03990,4
P02253,A01833,5
P02253,A00009,6
P02253,A00818,7
P02254,A00438,1
P02254,A00439,2
P02255,A00017,1
P02255,A00009,2
P02255,A00414,3
P02255,A00015,4
P02255,A00500,5
P02255,A00958,6
P02255,A01231,7
P02255,A00016,8
P02255,A00687,9
P02255,A00679,10
P02256,A00086,1
P02256,A04277,2
P02256,A00669,3
P02256,A00041,4
P02256,A00815,5
P02256,A04278,6
P02256,A04279,7
P02256,A00090,8
P02256,A00093,9
P02256,A04280,10
P02256,A00973,11
P02256,A00048,12
P02256,A00089,13
P02256,A01002,14
P02256,A00112,15
P02257,A04281,1
P02257,A02330,2
P02258,A00331,1
P02258,A00328,2
P02258,A00329,3
P02258,A00052,4
P02258,A00115,5
P02258,A00330,6
P02259,A00251,1
P02259,A04282,2
P02259,A00400,3
P02259,A04283,4
P02260,A00377,1
P02260,A00709,2
P02260,A01972,3
P02261,A00220,1
P02261,A00687,2
P02261,A00017,3
P02261,A02337,4
P02261,A00021,5
P02262,A04284,1
P02262,A03846,2
P02262,A03847,3
P02262,A04285,4
P02262,A02456,5
P02262,A04286,6
P02262,A04287,7
P02262,A00497,8
P02263,A00975,1
P02263,A00239,2
P02263,A00238,3
P02264,A04288,1
P02265,A00975,1
P02265,A00239,2
P02265,A00238,3
P02265,A00241,4
P02265,A04289,5
P02265,A04290,6
P02265,A00534,7
P02265,A00244,8
P02266,A04291,1
P02266,A04292,2
P02266,A04293,3
P02266,A04294,4
P02267,A00251,1
P02267,A01369,2
P02267,A01884,3
P02267,A04295,4
P02267,A02149,5
P02268,A01596,1
P02268,A01898,2
P02268,A04296,3
P02268,A01602,4
P02269,A01195,1
P02269,A00139,2
P02269,A00143,3
P02269,A01079,4
P02269,A01225,5
P02269,A01226,6
P02269,A04297,7
P02269,A03981,8
