paper_id,DOI,title,year,journal,publisher,paper_type,go_canada_status,is_known_false_positive
P00001,10.1029/169gm17,Ionospheric signatures of ULF waves: Passive radar techniques,2006,Geophysical Monograph Series,American Geophysical Union,Book chapter,candidate,False
P00002,10.1128/9781555815882.ch5,Analytical Imaging and Microscopy Techniques,2007,Manual of Environmental Microbiology,Wiley,Book chapter,candidate,False
P00003,10.1029/2011gm001105,A New RST-Based Approach for Continuous Oil Spill Detection in TIR Range: The Case of the Deepwater Horizon Platform in the Gulf of Mexico,2011,Geophysical Monograph Series,American Geophysical Union,Book chapter,candidate,False
P00004,10.4028/www.scientific.net/amm.263-266.2566,Phased Array Radar Signal Recognition Method Based on Ant Colony Optimization and SVM,2012,Applied Mechanics and Materials,"Trans Tech Publications, Ltd.",Peer-reviewed journal article,candidate,False
P00005,10.1002/rds.20031,A comparison of SuperDARN ACF fitting methods,2013,Radio Science,American Geophysical Union (AGU),Peer-reviewed journal article,candidate,False
P00006,10.1002/grl.50960,A new type of Doppler velocity fluctuations in HF ground scatter from the polar cap,2013,Geophysical Research Letters,American Geophysical Union (AGU),Peer-reviewed journal article,candidate,False
P00007,10.5194/gi-2-213-2013,A radiation hardened digital fluxgate magnetometer for space applications,2013,"Geoscientific Instrumentation, Methods and Data Systems",Copernicus GmbH,Peer-reviewed journal article,candidate,False
P00008,10.1002/rds.20032,A realistic radar data simulator for the Super Dual Auroral Radar Network,2013,Radio Science,American Geophysical Union (AGU),Peer-reviewed journal article,candidate,False
P00009,10.1016/j.jastp.2013.05.018,A reassessment of SuperDARN meteor echoes from the upper mesosphere and lower thermosphere,2013,Journal of Atmospheric and Solar-Terrestrial Physics,Elsevier,Peer-reviewed journal article,candidate,False
P00010,10.1002/jgra.50598,A reexamination of latitudinal limits of substorm‐produced energetic electron precipitation,2013,Journal of Geophysical Research: Space Physics,American Geophysical Union (AGU),Peer-reviewed journal article,candidate,False
P00011,10.2118/167628-stu,"A Study On Horizontal Well Efficiency With Reference To Improved Oil Recovery Of The Fractured Basement Reservoir In The Cuu Long Basin, Vietnam",2013,SPE Annual Technical Conference and Exhibition,SPE,Conference paper,candidate,False
P00012,10.2478/eletel-2013-0029,Accurate Phase Calibration for Digital Beam-Forming in Multi-Transceiver HF Radar System,2013,International Journal of Electronics and Telecommunications,Polish Academy of Sciences Chancellery,Peer-reviewed journal article,candidate,False
P00013,10.4401/ag-6227,An interhemispheric comparison of GPS phase scintillation with auroral emission observed at the South Pole and from the DMSP satellite,2013,Annals of Geophysics,"Instituto Nazionale di Geofisica e Vulcanologia, INGV",Peer-reviewed journal article,candidate,False
P00014,10.1002/jgra.50526,An investigation of the characteristics of the convection reversal boundary under southward interplanetary magnetic field,2013,Journal of Geophysical Research: Space Physics,American Geophysical Union (AGU),Peer-reviewed journal article,candidate,False
P00015,10.1029/2011gm001189,Auroral Arc Electrodynamics: Review and Outlook,2013,Geophysical Monograph Series,American Geophysical Union,Book chapter,candidate,False
P00016,10.1029/2011gm001152,Auroral Disturbances as a Manifestation of Interplay Between Large-Scale and Mesoscale Structure of Magnetosphere-Ionosphere Electrodynamical Coupling,2013,Geophysical Monograph Series,American Geophysical Union,Book chapter,candidate,False
P00017,10.1029/2011gm001156,Auroral Morphology: A Historical Account and Major Auroral Features During Auroral Substorms,2013,Geophysical Monograph Series,American Geophysical Union,Book chapter,candidate,False
P00018,10.1029/gm064p0333,Auroral Signatures of Substorm Recovery Phase: A Case Study,2013,Geophysical Monograph Series,American Geophysical Union,Book chapter,candidate,False
P00019,10.1029/2012gm001231,Auroral Signatures of the Dynamic Plasma Sheet,2013,Geophysical Monograph Series,American Geophysical Union,Book chapter,candidate,False
P00020,10.1029/2011gm001165,"Auroral Substorms, Poleward Boundary Activations, Auroral Streamers, Omega Bands, and Onset Precursor Activity",2013,Geophysical Monograph Series,American Geophysical Union,Book chapter,candidate,False
P00021,10.1002/2013ja019068,Auroral wave structures and ballooning instabilities in the plasma sheet,2013,Journal of Geophysical Research: Space Physics,American Geophysical Union (AGU),Peer-reviewed journal article,candidate,False
P00022,10.5194/amt-6-1761-2013,Calibration and validation of the advanced E-Region Wind Interferometer,2013,Atmospheric Measurement Techniques,Copernicus GmbH,Peer-reviewed journal article,candidate,False
P00023,10.1109/igarss.2013.6723017,Calibration of a SuperDARN radar antenna by means of a satellite beacon on a CubeSat,2013,2013 IEEE International Geoscience and Remote Sensing Symposium - IGARSS,IEEE,Conference paper,candidate,False
P00024,10.1002/jgra.50515,Characteristics of medium‐scale traveling ionospheric disturbances observed near the Antarctic Peninsula by HF radar,2013,Journal of Geophysical Research: Space Physics,American Geophysical Union (AGU),Peer-reviewed journal article,candidate,False
P00025,10.1007/978-3-642-31337-0_55,Climatic and Structural Controls to Slope Instabilities in Val Veny (Italy),2013,Landslide Science and Practice,Springer Berlin Heidelberg,Book chapter,candidate,False
P00026,10.1002/jgra.50336,Comment on “Formation of substorm Pi2: A coherent response to auroral streamers and currents” by Y. Nishimura et al.,2013,Journal of Geophysical Research: Space Physics,American Geophysical Union (AGU),Peer-reviewed journal article,candidate,False
P00027,10.1002/jgra.50103,Comparative analysis of low‐altitude ENA emissions in two substorms,2013,Journal of Geophysical Research: Space Physics,American Geophysical Union (AGU),Peer-reviewed journal article,candidate,False
P00028,10.1088/0004-637x/764/2/149,COMPARING Hα AND H I SURVEYS AS MEANS TO A COMPLETE LOCAL GALAXY CATALOG IN THE ADVANCED LIGO/VIRGO ERA,2013,The Astrophysical Journal,American Astronomical Society,Peer-reviewed journal article,candidate,False
P00029,,Comparison of observation models and ionospheric elimination approaches for single frequency precise point positioning,2013,Wuhan Daxue Xuebao (Xinxi Kexue Ban)/Geomatics and Information Science of Wuhan University,,Peer-reviewed journal article,candidate,False
P00030,10.1016/j.jastp.2013.02.002,Comparison of SuperDARN irregularity drift measurements and F-region ion velocities from the resolute bay ISR,2013,Journal of Atmospheric and Solar-Terrestrial Physics,Elsevier,Peer-reviewed journal article,candidate,False
P00031,10.1002/jgra.50419,Conjugate observations of flow diversion in the magnetotail and auroral arc extension in the ionosphere,2013,Journal of Geophysical Research: Space Physics,American Geophysical Union (AGU),Peer-reviewed journal article,candidate,False
P00032,10.1002/jgra.50372,"Coordinated THEMIS spacecraft and all‐sky imager observations of interplanetary shock effects on plasma sheet flow bursts, poleward boundary intensifications, and streamers",2013,Journal of Geophysical Research: Space Physics,American Geophysical Union (AGU),Peer-reviewed journal article,candidate,False
P00033,,Design of an electrodynamic tether nanosatellite mission for space debris removal demonstration and radio science experiment,2013,Advances in the Astronautical Sciences,,Conference paper,candidate,False
P00034,,"Determining position, rotation and orientation for tethered twin NANO satellite to map data from an interferometer",2013,"Proceedings of the International Astronautical Congress, IAC","International Astronautical Federation, IAF",Conference paper,candidate,False
P00035,10.1007/s10291-012-0284-6,Determining receiver biases in GPS-derived total electron content in the auroral oval and polar cap region using ionosonde measurements,2013,GPS Solutions,Springer Nature,Peer-reviewed journal article,candidate,False
P00036,10.1007/s10846-012-9735-0,Development of a GPU Accelerated Terrain Referenced UAV Localization and Navigation Algorithm,2013,Journal of Intelligent &amp; Robotic Systems,Springer Science and Business Media LLC,Peer-reviewed journal article,candidate,False
P00037,10.1126/science.1231487,Direct Observations of the Evolution of Polar Cap Ionization Patches,2013,Science,AAAS,Peer-reviewed journal article,candidate,False
P00038,10.1002/jgra.50116,Direct observations of the role of convection electric field in the formation of a polar tongue of ionization from storm enhanced density,2013,Journal of Geophysical Research: Space Physics,American Geophysical Union (AGU),Peer-reviewed journal article,candidate,False
P00039,10.1038/ncomms3795,Discovery of the action of a geophysical synchrotron in the Earth’s Van Allen radiation belts,2013,Nature Communications,Springer Nature,Peer-reviewed journal article,candidate,False
P00040,10.1002/jgra.50384,Distinction between auroral substorm onset and traditional ground magnetic onset signatures,2013,Journal of Geophysical Research: Space Physics,American Geophysical Union (AGU),Peer-reviewed journal article,candidate,False
P00041,10.1002/jgra.50131,DOI only: 10.1002/jgra.50131,2013,Journal of Geophysical Research: Space Physics,Blackwell Publishing Ltd,Unknown,candidate,False
P00042,10.1016/j.jastp.2013.07.011,DOI only: 10.1016/j.jastp.2013.07.011,2013,Journal of Atmospheric and Solar-Terrestrial Physics,,Unknown,candidate,False
P00043,10.1002/jgra.50120,Electrodynamics of the high‐latitude trough: Its relationship with convection flows and field‐aligned currents,2013,Journal of Geophysical Research: Space Physics,American Geophysical Union (AGU),Peer-reviewed journal article,candidate,False
P00044,10.1002/2013rs005157,Elevation angle‐of‐arrival determination for a standard and a modified superDARN HF radar layout,2013,Radio Science,American Geophysical Union (AGU),Peer-reviewed journal article,candidate,False
P00045,10.1002/jgra.50486,EMIC waves observed by Cluster near the plasmapause,2013,Journal of Geophysical Research: Space Physics,American Geophysical Union (AGU),Peer-reviewed journal article,candidate,False
P00046,10.1002/2013ja019067,Energetic electron precipitation characteristics observed from Antarctica during a flux dropout event,2013,Journal of Geophysical Research: Space Physics,American Geophysical Union (AGU),Peer-reviewed journal article,candidate,False
P00047,10.1002/jgra.50371,Energization of O<sup>+</sup> ions in the Earth's inner magnetosphere and the effects on ring current buildup: A review of previous observations and possible mechanisms,2013,Journal of Geophysical Research: Space Physics,American Geophysical Union (AGU),Peer-reviewed journal article,candidate,False
P00048,10.5194/angeo-31-1267-2013,"Eureka, 80° N, SKiYMET meteor radar temperatures compared with Aura MLS values",2013,Annales Geophysicae,Copernicus Publications,Peer-reviewed journal article,candidate,False
P00049,10.5194/angeo-31-1709-2013,Extracting gravity wave parameters during the September 2002 Southern Hemisphere major sudden stratospheric warming using a SANAE imaging riometer,2013,Annales Geophysicae,Copernicus GmbH,Peer-reviewed journal article,candidate,False
P00050,10.1007/s00445-013-0717-2,"From feeder dykes to scoria cones: the tectonically controlled plumbing system of the Rauðhólar volcanic chain, Northern Volcanic Zone, Iceland",2013,Bulletin of Volcanology,Springer Science and Business Media LLC,Peer-reviewed journal article,candidate,False
P00051,10.1002/jgra.50385,Global characteristics of electromagnetic ion cyclotron waves: Occurrence rate and its storm dependence,2013,Journal of Geophysical Research: Space Physics,American Geophysical Union (AGU),Peer-reviewed journal article,candidate,False
P00052,10.1016/j.asr.2013.06.035,GPS phase difference variation statistics: A comparison between phase scintillation index and proxy indices,2013,Advances in Space Research,Elsevier,Peer-reviewed journal article,candidate,False
P00053,10.5194/angeo-31-805-2013,GPS phase scintillation and proxy index at high latitudes during a moderate geomagnetic storm,2013,Annales Geophysicae,Copernicus Publications,Peer-reviewed journal article,candidate,False
P00054,10.1029/2011gm001154,Ground-Based Aurora Conjugacy and Dynamic Tracing of Geomagnetic Conjugate Points,2013,Geophysical Monograph Series,American Geophysical Union,Book chapter,candidate,False
P00055,,Helicopter flight and landing RADAR - A new technology developed in the European EUROSTARS program,2013,Proceedings International Radar Symposium,IEEE Computer Society,Conference paper,candidate,False
P00056,10.1002/jgra.50407,Identifying the magnetotail source region leading to preonset poleward boundary intensifications,2013,Journal of Geophysical Research: Space Physics,American Geophysical Union (AGU),Peer-reviewed journal article,candidate,False
P00057,10.1029/2012ja018319,Impact of cold O<sup>+</sup> ions on the generation and evolution of EMIC waves,2013,Journal of Geophysical Research: Space Physics,American Geophysical Union (AGU),Peer-reviewed journal article,candidate,False
P00058,10.1109/radar.2013.6652026,Improved impedance matching for SuperDARN TTFD antennas,2013,2013 International Conference on Radar,IEEE,Conference paper,candidate,False
P00059,10.1002/jgrd.50228,Inertia‐gravity wave in the polar mesopause region inferred from successive images of a meteor train,2013,Journal of Geophysical Research: Atmospheres,American Geophysical Union (AGU),Peer-reviewed journal article,candidate,False
P00060,10.5194/nhess-13-1285-2013,Instant tsunami early warning based on real-time GPS  – Tohoku 2011 case study,2013,Natural Hazards and Earth System Sciences,Copernicus GmbH,Peer-reviewed journal article,candidate,False
P00061,10.1002/jgra.50137,Interhemispheric magnetic conjugacy,2013,Journal of Geophysical Research: Space Physics,American Geophysical Union (AGU),Peer-reviewed journal article,candidate,False
P00062,10.1002/jgra.50167,Ion gyro‐harmonic structuring in the stimulated radiation spectrum and optical emissions during electron gyro‐harmonic heating,2013,Journal of Geophysical Research: Space Physics,American Geophysical Union (AGU),Peer-reviewed journal article,candidate,False
P00063,10.1007/978-3-642-37407-4_10,Ionospheric Grid Modeling of Regional Satellite Navigation System with Spherical Harmonics,2013,Lecture Notes in Electrical Engineering,Springer Berlin Heidelberg,Book chapter,candidate,False
P00064,10.1002/jgra.50190,Ionospheric response to oscillatory flow braking in the magnetotail,2013,Journal of Geophysical Research: Space Physics,American Geophysical Union (AGU),Peer-reviewed journal article,candidate,False
P00065,10.3319/tao.2012.09.11.01(sec,Ionospheric response to solar wind pressure pulses under northward IMF conditions,2013,"Terrestrial, Atmospheric and Oceanic Sciences",,Unknown,candidate,False
P00066,10.1134/s0016793213050095,Isolated nighttime substorms and morning geomagnetic Pc5 pulsations from ground-based and satellite (THEMIS) observations,2013,Geomagnetism and Aeronomy,Pleiades Publishing Ltd,Peer-reviewed journal article,candidate,False
P00067,10.1002/grl.50958,Large flow shears around auroral beads at substorm onset,2013,Geophysical Research Letters,American Geophysical Union (AGU),Peer-reviewed journal article,candidate,False
P00068,10.1002/9783527652051,Magnetoseismology,2013,Magnetoseismology: Ground-Based Remote Sensing of Earth's Magnetosphere,Wiley,Book,candidate,False
P00069,10.5047/eps.2013.10.003,Magnetospheric ULF wave studies in the frame of Swarm mission: a time-frequency analysis tool for automated detection of pulsations in magnetic and electric field observations,2013,"Earth, Planets and Space",Springer Nature,Peer-reviewed journal article,candidate,False
P00070,,Maneuvering detecting targets from HF radars via RST,2013,Huazhong Keji Daxue Xuebao (Ziran Kexue Ban)/Journal of Huazhong University of Science and Technology (Natural Science Edition),,Peer-reviewed journal article,candidate,False
P00071,10.5194/angeo-31-1993-2013,Mapping of the quasi-periodic oscillations at the flank magnetopause into the ionosphere,2013,Annales Geophysicae,Copernicus Publications,Peer-reviewed journal article,candidate,False
P00072,10.1002/2013ja019319,Mesoscale and large‐scale variability in high‐latitude ionospheric convection: Dominant modes and spatial/temporal coherence,2013,Journal of Geophysical Research: Space Physics,American Geophysical Union (AGU),Peer-reviewed journal article,candidate,False
P00073,10.5047/eps.2013.07.009,"Mesosphere summer echoes observed with the SuperDARN Hokkaido HF radar at Rikubetsu, Japan (43.5°N)",2013,"Earth, Planets and Space",Springer Science and Business Media LLC,Peer-reviewed journal article,candidate,False
P00074,10.1051/swsc/2013052,Model of traveling ionospheric disturbances,2013,Journal of Space Weather and Space Climate,EDP Sciences,Peer-reviewed journal article,candidate,False
P00075,10.1002/jgra.50291,"Multi‐instrument observations from Svalbard of a traveling convection vortex, electromagnetic ion cyclotron wave burst, and proton precipitation associated with a bow shock instability",2013,Journal of Geophysical Research: Space Physics,American Geophysical Union (AGU),Peer-reviewed journal article,candidate,False
P00076,10.1002/2013ja018860,Multi‐instrument observations of SED during 24–25 October 2011 storm: Implications for SED formation processes,2013,Journal of Geophysical Research: Space Physics,American Geophysical Union (AGU),Peer-reviewed journal article,candidate,False
P00077,10.1002/jgra.50454,Multiprobe estimation of field line curvature radius in the equatorial magnetosphere and the use of proton precipitations in magnetosphere‐ionosphere mapping,2013,Journal of Geophysical Research: Space Physics,American Geophysical Union (AGU),Peer-reviewed journal article,candidate,False
P00078,10.1002/jgra.50405,Multispacecraft observations of fundamental poloidal waves without ground magnetic signatures,2013,Journal of Geophysical Research: Space Physics,American Geophysical Union (AGU),Peer-reviewed journal article,candidate,False
P00079,10.1029/2011gm001163,Mutual Evolution of Aurora and Ionospheric Electrodynamic Features Near the Harang Reversal During Substorms,2013,Geophysical Monograph Series,American Geophysical Union (AGU),Book chapter,candidate,False
P00080,10.1002/2013rs005156,New antenna layout for a SuperDARN HF radar,2013,Radio Science,American Geophysical Union (AGU),Peer-reviewed journal article,candidate,False
P00081,10.1016/j.jastp.2013.09.005,Observations of field line resonance with global auroral images,2013,Journal of Atmospheric and Solar-Terrestrial Physics,Elsevier,Peer-reviewed journal article,candidate,False
P00082,10.1002/jgra.50092,On the current sheets surrounding dipolarizing flux bundles in the magnetotail: The case for wedgelets,2013,Journal of Geophysical Research: Space Physics,American Geophysical Union (AGU),Peer-reviewed journal article,candidate,False
P00083,10.1002/swe.20055,On the performance of global magnetohydrodynamic models in the Earth's magnetosphere,2013,Space Weather,American Geophysical Union (AGU),Peer-reviewed journal article,candidate,False
P00084,10.1002/jgra.50475,On the spatial distribution of decameter‒scale subauroral ionospheric irregularities observed by SuperDARN radars,2013,Journal of Geophysical Research: Space Physics,American Geophysical Union (AGU),Peer-reviewed journal article,candidate,False
P00085,10.1002/jgra.50151,On the storm‐time evolution of relativistic electron phase space density in Earth's outer radiation belt,2013,Journal of Geophysical Research: Space Physics,American Geophysical Union (AGU),Peer-reviewed journal article,candidate,False
P00086,10.1016/j.jastp.2013.08.021,On the variability of the terdiurnal tide over a Brazilian equatorial station using meteor radar observations,2013,Journal of Atmospheric and Solar-Terrestrial Physics,Elsevier BV,Peer-reviewed journal article,candidate,False
P00087,10.2118/164746-ms,Optimization Of Horizontal Well Length: A Case Study In The Fractured Basement Reservoir Of The South-east Dragon Oil Field In Viet Nam.,2013,North Africa Technical Conference and Exhibition,SPE,Conference paper,candidate,False
P00088,10.1029/2012ja018165,Periodicities of polar cap patches,2013,Journal of Geophysical Research: Space Physics,American Geophysical Union (AGU),Peer-reviewed journal article,candidate,False
P00089,10.1002/jgra.50301,"Persistent, widespread pulsating aurora: A case study",2013,Journal of Geophysical Research: Space Physics,American Geophysical Union (AGU),Peer-reviewed journal article,candidate,False
P00090,10.1016/j.jastp.2013.10.008,Planetary wave oscillations observed in ozone and PMSE data from Antarctica,2013,Journal of Atmospheric and Solar-Terrestrial Physics,Elsevier BV,Peer-reviewed journal article,candidate,False
P00091,10.1016/j.jastp.2012.10.001,Plasma modifications induced by an X-mode HF heater wave in the high latitude F region of the ionosphere,2013,Journal of Atmospheric and Solar-Terrestrial Physics,Elsevier BV,Peer-reviewed journal article,candidate,False
P00092,10.1029/2012ja017998,POES satellite observations of EMIC‐wave driven relativistic electron precipitation during 1998–2010,2013,Journal of Geophysical Research: Space Physics,American Geophysical Union (AGU),Peer-reviewed journal article,candidate,False
P00093,10.1029/gm064p0387,Polar Hiss Observed by Isis Satellites,2013,Geophysical Monograph Series,American Geophysical Union,Book chapter,candidate,False
P00094,10.1016/j.jastp.2012.11.013,Potential impact of Swarm electric field data on global 2D convection mapping in combination with SuperDARN radar data,2013,Journal of Atmospheric and Solar-Terrestrial Physics,Elsevier,Peer-reviewed journal article,candidate,False
P00095,10.1002/swe.20065,Prediction of extreme geomagnetically induced currents in the UK high‐voltage network,2013,Space Weather,American Geophysical Union (AGU),Peer-reviewed journal article,candidate,False
P00096,10.4401/ag-6219,Probabilistic forecasting of ionospheric scintillation and GNSS receiver signal tracking performance at high latitudes,2013,Annals of Geophysics,"Instituto Nazionale di Geofisica e Vulcanologia, INGV",Peer-reviewed journal article,candidate,False
P00097,10.1016/j.jastp.2012.12.004,Properties of auroral radio absorption patches observed in the morning sector using imaging riometer and incoherent-scatter radar,2013,Journal of Atmospheric and Solar-Terrestrial Physics,Elsevier BV,Peer-reviewed journal article,candidate,False
P00098,10.1002/jgra.50434,Pulsating auroral electron flux modulations in the equatorial magnetosphere,2013,Journal of Geophysical Research: Space Physics,American Geophysical Union (AGU),Peer-reviewed journal article,candidate,False
P00099,10.5194/angeo-31-1077-2013,Quasi-parallel electron beams and their possible application in inferring the auroral arc's root in the magnetosphere,2013,Annales Geophysicae,Copernicus Publications,Peer-reviewed journal article,candidate,False
P00100,10.1029/155gm06,Quick Response of the Near-Earth Magnetotail to Changes in the Interplanetary Magnetic Field,2013,Geophysical Monograph Series,American Geophysical Union,Book chapter,candidate,False
P00101,10.1002/jgra.50333,Reply to comment by Rae et al. on “Formation of substorm Pi2: A coherent response to auroral streamers and currents”,2013,Journal of Geophysical Research: Space Physics,American Geophysical Union (AGU),Peer-reviewed journal article,candidate,False
P00102,10.2481/dsj.wds-036,Research Environment and Information Service of the Space Weather Cloud,2013,Data Science Journal,"Ubiquity Press, Ltd.",Peer-reviewed journal article,candidate,False
P00103,,Research on rainstorm-induced flood risk assessment in China based on 1 km grid data,2013,IAHS-AISH Publication,,Conference paper,candidate,False
P00104,10.1002/jgra.50267,Response of the equatorial and low‐latitude ionosphere to an intense X‐class solar flare (X7/2B) as observed on 09 August 2011,2013,Journal of Geophysical Research: Space Physics,American Geophysical Union (AGU),Peer-reviewed journal article,candidate,False
P00105,10.1002/jgra.50437,Responses of Earth's radiation belts to solar wind dynamic pressure variations in 2002 analyzed using multisatellite data and Kalman filtering,2013,Journal of Geophysical Research: Space Physics,American Geophysical Union (AGU),Peer-reviewed journal article,candidate,False
P00106,10.1007/978-1-4899-7433-4_10,"Science Goals and Overview of the Radiation Belt Storm Probes (RBSP) Energetic Particle, Composition, and Thermal Plasma (ECT) Suite on NASA’s Van Allen Probes Mission",2013,The Van Allen Probes Mission,Springer US,Book chapter,candidate,False
P00107,10.1007/s11214-013-0007-5,"Science Goals and Overview of the Radiation Belt Storm Probes (RBSP) Energetic Particle, Composition, and Thermal Plasma (ECT) Suite on NASA’s Van Allen Probes Mission",2013,Space Science Reviews,Springer Science and Business Media LLC,Peer-reviewed journal article,candidate,False
P00108,10.1002/2013ja018796,"Simultaneous ground and satellite observations of discrete auroral arcs, substorm aurora, and Alfvénic aurora with FAST and THEMIS GBO",2013,Journal of Geophysical Research: Space Physics,American Geophysical Union (AGU),Peer-reviewed journal article,candidate,False
P00109,10.15094/00009707,"Simultaneous observations of noctilucent clouds and polar mesosphere summer echoes at Syowa Station, Antarctica",2013,DOAJ (DOAJ: Directory of Open Access Journals),National Institute of Polar Research,Peer-reviewed journal article,candidate,False
P00110,10.5194/angeo-31-1793-2013,"Simultaneous PMC and PMSE observations with a ground-based lidar and SuperDARN HF radar at Syowa Station, Antarctica",2013,Annales Geophysicae,Copernicus GmbH,Peer-reviewed journal article,candidate,False
P00111,10.1002/jgra.50604,Simultaneous traveling convection vortex events and Pc1 wave bursts at cusp latitudes observed in Arctic Canada and Svalbard,2013,Journal of Geophysical Research: Space Physics,American Geophysical Union (AGU),Peer-reviewed journal article,candidate,False
P00112,10.1002/jgra.50509,Solar cycle variations in polar cap area measured by the superDARN radars,2013,Journal of Geophysical Research: Space Physics,American Geophysical Union (AGU),Peer-reviewed journal article,candidate,False
P00113,10.1051/swsc/2013025,Space weather challenges of the polar cap ionosphere,2013,Journal of Space Weather and Space Climate,EDP Sciences,Peer-reviewed journal article,candidate,False
P00114,10.1002/jgra.50464,Statistical analysis of EMIC waves in plasmaspheric plumes from Cluster observations,2013,Journal of Geophysical Research: Space Physics,American Geophysical Union (AGU),Peer-reviewed journal article,candidate,False
P00115,10.1002/jgra.50503,Statistical occurrence and dynamics of the Harang discontinuity during steady magnetospheric convection,2013,Journal of Geophysical Research: Space Physics,American Geophysical Union (AGU),Peer-reviewed journal article,candidate,False
P00116,10.1002/jgra.50140,Statistical study of global modes outside the plasmasphere,2013,Journal of Geophysical Research: Space Physics,American Geophysical Union (AGU),Peer-reviewed journal article,candidate,False
P00117,10.1002/jgra.50423,Statistical study of large‐scale traveling ionospheric disturbances generated by the solar terminator over China,2013,Journal of Geophysical Research: Space Physics,American Geophysical Union (AGU),Peer-reviewed journal article,candidate,False
P00118,10.1029/2012ja018207,Strong diffusion limit in the realistic magnetosphere: Dependence on geomagnetic condition and spatial location,2013,Journal of Geophysical Research: Space Physics,American Geophysical Union (AGU),Peer-reviewed journal article,candidate,False
P00119,10.1029/2012ja018242,Structures of dayside whistler‐mode waves deduced from conjugate diffuse aurora,2013,Journal of Geophysical Research: Space Physics,American Geophysical Union (AGU),Peer-reviewed journal article,candidate,False
P00120,10.1016/j.jastp.2013.04.012,"Studies on planetary waves and tide interaction in the mesosphere/lower thermosphere region using meteor RADAR data from Rothera (68°S, 68°W), Antarctica",2013,Journal of Atmospheric and Solar-Terrestrial Physics,Elsevier BV,Peer-reviewed journal article,candidate,False
P00121,10.1016/j.jastp.2012.09.018,Sub-oval proton aurora spots: Mapping relatively to the plasmapause,2013,Journal of Atmospheric and Solar-Terrestrial Physics,Elsevier BV,Peer-reviewed journal article,candidate,False
P00122,10.1002/jgra.50344,Substorm‐associated explosive magnetic field stretching near the earthward edge of the plasma sheet,2013,Journal of Geophysical Research: Space Physics,American Geophysical Union (AGU),Peer-reviewed journal article,candidate,False
P00123,10.1029/155gm24,Substorm Associated Spikes in High Energy Particle Precipitation,2013,Geophysical Monograph Series,American Geophysical Union (AGU),Book chapter,candidate,False
P00124,10.1002/jgra.50279,Substorm onset and expansion phase intensification precursors seen in polar cap patches and arcs,2013,Journal of Geophysical Research: Space Physics,American Geophysical Union (AGU),Peer-reviewed journal article,candidate,False
P00125,10.1002/2013ja019321,SuperDARN assimilative mapping,2013,Journal of Geophysical Research: Space Physics,American Geophysical Union (AGU),Peer-reviewed journal article,candidate,False
P00126,10.1016/j.asr.2013.06.019,SuperDARN cross polar cap potential dependence on the solar wind conditions and comparisons with models,2013,Advances in Space Research,Elsevier,Peer-reviewed journal article,candidate,False
P00127,10.5047/eps.2013.08.006,Swarm SCARF Dedicated Ionospheric Field Inversion chain,2013,"Earth, Planets and Space",Springer Science and Business Media LLC,Peer-reviewed journal article,candidate,False
P00128,10.1002/jgra.50549,Tail reconnection region versus auroral activity inferred from conjugate ARTEMIS plasma sheet flow and auroral observations,2013,Journal of Geophysical Research: Space Physics,American Geophysical Union (AGU),Peer-reviewed journal article,candidate,False
P00129,,"Targeting geothermal resources in the Lahontan Valley, Nevada; analysis of neogene faulting through 2D seismic, topographic, and satellite imagery analysis",2013,Transactions - Geothermal Resources Council,,Conference paper,candidate,False
P00130,10.1002/2013ja018979,The detailed spatial structure of field‐aligned currents comprising the substorm current wedge,2013,Journal of Geophysical Research: Space Physics,American Geophysical Union (AGU),Peer-reviewed journal article,candidate,False
P00131,10.1007/978-1-4899-7433-4_5,The Electric and Magnetic Field Instrument Suite and Integrated Science (EMFISIS) on RBSP,2013,The Van Allen Probes Mission,Springer US,Book chapter,candidate,False
P00132,10.1007/s11214-013-9993-6,The Electric and Magnetic Field Instrument Suite and Integrated Science (EMFISIS) on RBSP,2013,Space Science Reviews,Springer Science and Business Media LLC,Peer-reviewed journal article,candidate,False
P00133,10.1029/2012ja018222,The Heppner‐Maynard Boundary measured by SuperDARN as a proxy for the latitude of the auroral oval,2013,Journal of Geophysical Research: Space Physics,American Geophysical Union (AGU),Peer-reviewed journal article,candidate,False
P00134,10.1007/s10686-013-9348-z,The Herschel PACS photometer calibration,2013,Experimental Astronomy,Springer Science and Business Media LLC,Peer-reviewed journal article,candidate,False
P00135,10.1002/2013ja019196,The interconnection between cross‒polar cap convection and the luminosity of polar cap patches,2013,Journal of Geophysical Research: Space Physics,American Geophysical Union (AGU),Peer-reviewed journal article,candidate,False
P00136,10.5194/angeo-31-689-2013,The mechanism of mid-latitude Pi2 waves in the upper ionosphere as revealed by combined Doppler and magnetometer observations,2013,Annales Geophysicae,Copernicus GmbH,Peer-reviewed journal article,candidate,False
P00137,10.1002/2013ja018912,The role of compressional Pc5 pulsations in modulating precipitation of energetic electrons,2013,Journal of Geophysical Research: Space Physics,American Geophysical Union (AGU),Peer-reviewed journal article,candidate,False
P00138,10.1017/s1743921313007011,The SED Machine - Fast classification of transient objects,2013,Proceedings of the International Astronomical Union,Cambridge University Press (CUP),Peer-reviewed journal article,candidate,False
P00139,10.1002/jgra.50187,The substorm current wedge in MHD simulations,2013,Journal of Geophysical Research: Space Physics,American Geophysical Union (AGU),Peer-reviewed journal article,candidate,False
P00140,10.1002/jgra.50418,THEMIS observations of electron acceleration associated with the evolution of substorm dipolarization in the near‐Earth tail,2013,Journal of Geophysical Research: Space Physics,American Geophysical Union (AGU),Peer-reviewed journal article,candidate,False
P00141,10.1002/grl.50271,Transition of Pi2 ULF wave polarization structure from the ionosphere to the ground,2013,Geophysical Research Letters,American Geophysical Union (AGU),Peer-reviewed journal article,candidate,False
P00142,10.1002/jgra.50566,Traveling ionospheric disturbances in the Weddell Sea Anomaly associated with geomagnetic activity,2013,Journal of Geophysical Research: Space Physics,American Geophysical Union (AGU),Peer-reviewed journal article,candidate,False
P00143,10.1002/jgra.50577,Two‐dimensional direct imaging of structuring of polar cap patches,2013,Journal of Geophysical Research: Space Physics,American Geophysical Union (AGU),Peer-reviewed journal article,candidate,False
P00144,10.1002/jgra.50124,Two models of cross polar cap potential saturation compared: Siscoe‐Hill model versus Kivelson‐Ridley model,2013,Journal of Geophysical Research: Space Physics,American Geophysical Union (AGU),Peer-reviewed journal article,candidate,False
P00145,10.1002/jgra.50180,Universal time control of AKR: Earth is a spin‐modulated variable radio source,2013,Journal of Geophysical Research: Space Physics,American Geophysical Union (AGU),Peer-reviewed journal article,candidate,False
P00146,10.1038/nphys2760,Unusual stable trapping of the ultrarelativistic electrons in the Van Allen radiation belts,2013,Nature Physics,Springer Nature,Peer-reviewed journal article,candidate,False
P00147,,Use of very small UAS for precise feature mapping applications,2013,AUVSI Unmanned Systems 2013,Association for Unmanned Vehicle Systems International,Conference paper,candidate,False
P00148,10.1002/grl.50901,Van Allen Probes observation of localized drift resonance between poloidal mode ultra‐low frequency waves and 60 keV electrons,2013,Geophysical Research Letters,American Geophysical Union (AGU),Peer-reviewed journal article,candidate,False
P00149,10.1029/gm064p0241,Viking Optical Substorm Signatures,2013,Geophysical Monograph Series,American Geophysical Union,Book chapter,candidate,False
P00150,10.1002/2013ja019334,Westward traveling surges: Sliding along boundary arcs and distinction from onset arc brightening,2013,Journal of Geophysical Research: Space Physics,American Geophysical Union (AGU),Peer-reviewed journal article,candidate,False
P00151,10.1002/swe.20018,ZACUBE‐1 Space Weather Mission: Characterize the SuperDARN HF Radar Antenna Array at SANAE‐IV,2013,Space Weather,American Geophysical Union (AGU),Peer-reviewed journal article,candidate,False
P00152,,53rd South African National Antarctic Expedition (SANAE) and Denel Spaceteq School Outreach Program,2014,"Proceedings of the International Astronautical Congress, IAC","International Astronautical Federation, IAF",Conference paper,candidate,False
P00153,,A comparison of FFT-based techniques for Doppler velocity estimation in SuperDARN radars,2014,"Proceedings of 2014 International Symposium on Information Theory and Its Applications, ISITA 2014",Institute of Electrical and Electronics Engineers Inc.,Conference paper,candidate,False
P00154,10.1016/j.jmb.2014.08.018,A Conserved Isoleucine Maintains the Inactive State of Bruton's Tyrosine Kinase,2014,Journal of Molecular Biology,Elsevier BV,Peer-reviewed journal article,candidate,False
P00155,10.1117/12.2065931,A new template matching method based on contour information,2014,SPIE Proceedings,SPIE,Conference paper,candidate,False
P00156,10.1002/2013ja019715,A statistical approach to determining energetic outer radiation belt electron precipitation fluxes,2014,Journal of Geophysical Research: Space Physics,American Geophysical Union (AGU),Peer-reviewed journal article,candidate,False
P00157,10.1016/j.asr.2014.07.005,A superposed epoch study of the effects of solar wind stream interface events on the upper mesospheric and lower thermospheric temperature,2014,Advances in Space Research,Elsevier BV,Peer-reviewed journal article,candidate,False
P00158,10.1002/2013ja019469,A survey of quiet auroral arc orientation and the effects of the interplanetary magnetic field,2014,Journal of Geophysical Research: Space Physics,American Geophysical Union (AGU),Peer-reviewed journal article,candidate,False
P00159,10.1002/2014ja020052,A top to bottom evaluation of IRI 2007 within the polar cap,2014,Journal of Geophysical Research: Space Physics,American Geophysical Union (AGU),Peer-reviewed journal article,candidate,False
P00160,10.1002/2014gl061253,A ULF wave driver of ring current energization,2014,Geophysical Research Letters,American Geophysical Union (AGU),Peer-reviewed journal article,candidate,False
P00161,10.1109/eftf.2014.7331535,Absolute calibration of GNSS time transfer systems at CNES,2014,2014 European Frequency and Time Forum (EFTF),IEEE,Conference paper,candidate,False
P00162,,Absolute calibration of GPS time transfer systems and extension to Galileo,2014,"Proceedings of the Annual Precise Time and Time Interval Systems and Applications Meeting, PTTI",Institute of Electrical and Electronics Engineers Inc.,Conference paper,candidate,False
P00163,10.1109/lgrs.2014.2313881,Adaptive Subspace Detection for Wideband Radar Using Sparsity in Sinc Basis,2014,IEEE Geoscience and Remote Sensing Letters,Institute of Electrical and Electronics Engineers (IEEE),Peer-reviewed journal article,candidate,False
P00164,10.1002/2014ja020264,Altitude‐adjusted corrected geomagnetic coordinates: Definition and functional approximations,2014,Journal of Geophysical Research: Space Physics,American Geophysical Union (AGU),Peer-reviewed journal article,candidate,False
P00165,10.1109/plans.2014.6851503,Analysis of notch filtering methods for narrowband interference mitigation,2014,"2014 IEEE/ION Position, Location and Navigation Symposium - PLANS 2014",IEEE,Conference paper,candidate,False
P00166,10.1186/s40623-014-0159-x,Aspect angle sensitivity of pump-induced optical emissions at EISCAT,2014,"Earth, Planets and Space",Springer Science and Business Media LLC,Peer-reviewed journal article,candidate,False
P00167,10.1002/2013ja019275,Association of consecutive Pi2‐Ps6 band pulsations with earthward fast flows in the plasma sheet in response to IMF variations,2014,Journal of Geophysical Research: Space Physics,American Geophysical Union (AGU),Peer-reviewed journal article,candidate,False
P00168,10.1109/ursigass.2014.6929747,Attenuation of scintillation of discrete cosmic sources in the case of non-resonance HF heating of the upper ionosphere,2014,2014 XXXIth URSI General Assembly and Scientific Symposium (URSI GASS),IEEE,Conference paper,candidate,False
P00169,10.5194/gi-3-71-2014,Auroral spectral estimation with wide-band color mosaic CCDs,2014,"Geoscientific Instrumentation, Methods and Data Systems",Copernicus Publications,Peer-reviewed journal article,candidate,False
P00170,10.1002/2013ja018773,Automated determination of auroral breakup during the substorm expansion phase using all‐sky imager data,2014,Journal of Geophysical Research: Space Physics,American Geophysical Union (AGU),Peer-reviewed journal article,candidate,False
P00171,10.1371/journal.pone.0091386,Boosting In Planta Production of Antigens Derived from the Porcine Reproductive and Respiratory Syndrome Virus (PRRSV) and Subsequent Evaluation of Their Immunogenicity,2014,PLoS ONE,Public Library of Science (PLoS),Peer-reviewed journal article,candidate,False
P00172,10.5194/angeo-32-91-2014,Characteristics of equatorial ionization anomaly (EIA) in relation to transionospheric satellite links around the northern crest in the Indian longitude sector,2014,Annales Geophysicae,Copernicus GmbH,Peer-reviewed journal article,candidate,False
P00173,10.1016/j.asr.2014.08.012,Characterization of ionospheric amplitude scintillations using wavelet entropy detrended GNSS data,2014,Advances in Space Research,Elsevier,Peer-reviewed journal article,candidate,False
P00174,10.1007/s11214-014-0104-0,Circulation of Heavy Ions and Their Dynamical Effects in the Magnetosphere: Recent Observations and Models,2014,Space Science Reviews,Springer Science and Business Media LLC,Peer-reviewed journal article,candidate,False
P00175,10.1002/2013ja019574,Circumpolar ground‐based optical measurements of proton and electron shock aurora,2014,Journal of Geophysical Research: Space Physics,American Geophysical Union (AGU),Peer-reviewed journal article,candidate,False
P00176,10.1002/2014ja020105,Classification of fast flows in central plasma sheet: Superposed epoch analysis based on THEMIS observations,2014,Journal of Geophysical Research: Space Physics,American Geophysical Union (AGU),Peer-reviewed journal article,candidate,False
P00177,10.1002/2014ja019870,Climatology of medium‐scale traveling ionospheric disturbances observed by the midlatitude Blackstone SuperDARN radar,2014,Journal of Geophysical Research: Space Physics,American Geophysical Union (AGU),Peer-reviewed journal article,candidate,False
P00178,10.1002/2014ja019770,Competing source and loss mechanisms due to wave‐particle interactions in Earth's outer radiation belt during the 30 September to 3 October 2012 geomagnetic storm,2014,Journal of Geophysical Research: Space Physics,American Geophysical Union (AGU),Peer-reviewed journal article,candidate,False
P00179,10.1007/s11431-014-5701-3,Compression-related EMIC waves drive relativistic electron precipitation,2014,Science China Technological Sciences,Springer Science and Business Media LLC,Peer-reviewed journal article,candidate,False
P00180,10.1002/2014ja019773,Coordinated ionospheric observations indicating coupling between preonset flow bursts and waves that lead to substorm onset,2014,Journal of Geophysical Research: Space Physics,American Geophysical Union (AGU),Peer-reviewed journal article,candidate,False
P00181,10.1002/2013ja019245,Coordinated SuperDARN THEMIS ASI observations of mesoscale flow bursts associated with auroral streamers,2014,Journal of Geophysical Research: Space Physics,American Geophysical Union (AGU),Peer-reviewed journal article,candidate,False
P00182,10.1002/2014ja020186,Current reduction in a pseudo‐breakup event: THEMIS observations,2014,Journal of Geophysical Research: Space Physics,American Geophysical Union (AGU),Peer-reviewed journal article,candidate,False
P00183,10.1002/2014gl060301,Day‐night coupling by a localized flow channel visualized by polar cap patch propagation,2014,Geophysical Research Letters,American Geophysical Union (AGU),Peer-reviewed journal article,candidate,False
P00184,10.1109/ursigass.2014.6929920,Detecting space weather events with subionospheric VLF observations: Producing quiet day curves from AARDDVARK data,2014,2014 XXXIth URSI General Assembly and Scientific Symposium (URSI GASS),IEEE,Conference paper,candidate,False
P00185,10.1002/2014ja020076,Determination of ionospheric parameters in real time using SuperDARN HF Radars,2014,Journal of Geophysical Research: Space Physics,American Geophysical Union (AGU),Peer-reviewed journal article,candidate,False
P00186,10.1002/2013ja019024,Dynamics of the correlation between polar cap radio absorption and solar energetic proton fluxes in the interplanetary medium,2014,Journal of Geophysical Research: Space Physics,American Geophysical Union (AGU),Peer-reviewed journal article,candidate,False
P00187,10.1002/2013gl059024,Effect of EMIC waves on relativistic and ultrarelativistic electron populations: Ground‐based and Van Allen Probes observations,2014,Geophysical Research Letters,American Geophysical Union (AGU),Peer-reviewed journal article,candidate,False
P00188,10.1002/2013sw000982,Effects of solar cycle 24 activity on WAAS navigation,2014,Space Weather,American Geophysical Union (AGU),Peer-reviewed journal article,candidate,False
P00189,10.1002/2013ja019146,Electromagnetic ion cyclotron rising tone emissions observed by THEMIS probes outside the plasmapause,2014,Journal of Geophysical Research: Space Physics,American Geophysical Union (AGU),Peer-reviewed journal article,candidate,False
P00190,10.1002/2013ja019595,Electromagnetic ion cyclotron wave modeling during the geospace environment modeling challenge event,2014,Journal of Geophysical Research: Space Physics,American Geophysical Union (AGU),Peer-reviewed journal article,candidate,False
P00191,10.1002/2014rs005579,Electron density and electric field over Resolute Bay and<i>F</i>region ionospheric echo detection with the Rankin Inlet and Inuvik SuperDARN radars,2014,Radio Science,American Geophysical Union (AGU),Peer-reviewed journal article,candidate,False
P00192,10.1016/j.asr.2013.01.008,Estimation of GPS instrumental biases from small scale network,2014,Advances in Space Research,Elsevier BV,Peer-reviewed journal article,candidate,False
P00193,10.1002/2014ja020029,Evolution of nightside subauroral proton aurora caused by transient plasma sheet flows,2014,Journal of Geophysical Research: Space Physics,American Geophysical Union (AGU),Peer-reviewed journal article,candidate,False
P00194,10.1002/2014ja019931,Extent of ECH wave emissions in the Earth's magnetotail,2014,Journal of Geophysical Research: Space Physics,American Geophysical Union (AGU),Peer-reviewed journal article,candidate,False
P00195,10.1002/2013gl058442,F region dusk ion temperature spikes at the equatorward edge of the high‐latitude convection pattern,2014,Geophysical Research Letters,American Geophysical Union (AGU),Peer-reviewed journal article,candidate,False
P00196,10.1134/s0016793214020121,Features of poleward expansion of the outer radiation belt during magnetospheric substorms,2014,Geomagnetism and Aeronomy,Pleiades Publishing,Peer-reviewed journal article,candidate,False
P00197,10.9753/icce.v34.posters.8,FIELD INVESTIGATION OF LONG-TERM MOORING CHAIN SYSTEM DURABILITY OF THE GPS TSUNAMI-WAVE METER,2014,Coastal Engineering Proceedings,Coastal Engineering Research Council,Peer-reviewed journal article,candidate,False
P00198,10.1002/2013ja018889,Field line resonances as a trigger and a tracer for substorm onset,2014,Journal of Geophysical Research: Space Physics,American Geophysical Union (AGU),Peer-reviewed journal article,candidate,False
P00199,10.1002/2014ja019821,Fine structure of subauroral electric field and electron content,2014,Journal of Geophysical Research: Space Physics,American Geophysical Union (AGU),Peer-reviewed journal article,candidate,False
P00200,10.1063/1.4905065,Frequency sweep rates of rising tone electromagnetic ion cyclotron waves: Comparison between nonlinear theory and Cluster observation,2014,Physics of Plasmas,AIP Publishing,Peer-reviewed journal article,candidate,False
P00201,10.1007/978-94-007-7545-9,Fundamentals of Fluorescence Microscopy,2014,Fundamentals of Fluorescence Microscopy: Exploring Life with Light,Springer Netherlands,Book,candidate,False
P00202,10.1130/ges00937.1,"Geological data extraction from lidar 3-D photorealistic models: A case study in an organic-rich mudstone, Eagle Ford Formation, Texas",2014,Geosphere,Geological Society of America,Peer-reviewed journal article,candidate,False
P00203,10.1002/2013gl058748,Global imaging of polar cap patches with dual airglow imagers,2014,Geophysical Research Letters,American Geophysical Union (AGU),Peer-reviewed journal article,candidate,False
P00204,10.1002/2014ja020064,Global morphology and spectral properties of EMIC waves derived from CRRES observations,2014,Journal of Geophysical Research: Space Physics,American Geophysical Union (AGU),Peer-reviewed journal article,candidate,False
P00205,10.1002/2013ja019175,Global‐scale ionospheric flow and aurora precursors of auroral substorms: Coordinated SuperDARN and IMAGE/WIC observations,2014,Journal of Geophysical Research: Space Physics,American Geophysical Union (AGU),Peer-reviewed journal article,candidate,False
P00206,10.1002/2014ja020114,GPS scintillation and irregularities at the front of an ionization tongue in the nightside polar ionosphere,2014,Journal of Geophysical Research: Space Physics,American Geophysical Union (AGU),Peer-reviewed journal article,candidate,False
P00207,10.1051/swsc/2014019,GPS scintillation effects associated with polar cap patches and substorm auroral activity: direct comparison,2014,Journal of Space Weather and Space Climate,EDP Sciences,Peer-reviewed journal article,candidate,False
P00208,10.1002/2014ja020161,Ground‐based ELF/VLF chorus observations at subauroral latitudes—VLF‐CHAIN Campaign,2014,Journal of Geophysical Research: Space Physics,American Geophysical Union (AGU),Peer-reviewed journal article,candidate,False
P00209,10.1002/2014ja019881,Ground‐based observations of nitric oxide in the mesosphere and lower thermosphere over Antarctica in 2012–2013,2014,Journal of Geophysical Research: Space Physics,American Geophysical Union (AGU),Peer-reviewed journal article,candidate,False
P00210,10.1093/gji/ggu008,GTm-III: a new global empirical model for mapping zenith wet delays onto precipitable water vapour,2014,Geophysical Journal International,Oxford University Press (OUP),Peer-reviewed journal article,candidate,False
P00211,10.1186/1880-5981-66-62,High-latitude GPS phase scintillation and cycle slips during high-speed solar wind streams and interplanetary coronal mass ejections: a superposed epoch analysis,2014,"Earth, Planets and Space",Springer Nature,Peer-reviewed journal article,candidate,False
P00212,10.1002/2013ja019422,Hokkaido HF radar signatures of periodically reoccurring nighttime medium‐scale traveling ionospheric disturbances detected at short ranges,2014,Journal of Geophysical Research: Space Physics,American Geophysical Union (AGU),Peer-reviewed journal article,candidate,False
P00213,10.5194/angeo-32-1217-2014,Identification of the propagation mode of a solar wind wave associated with Pc5 pulsations in the magnetosphere,2014,Annales Geophysicae,Copernicus GmbH,Peer-reviewed journal article,candidate,False
P00214,10.1109/scat.2014.7055122,Implementation considerations for SDF technique,2014,"Proceedings of the 2nd Pan African International Conference on Science, Computing and Telecommunications (PACT 2014)",IEEE,Conference paper,candidate,False
P00215,10.1002/2013ja019302,In situ spatiotemporal measurements of the detailed azimuthal substructure of the substorm current wedge,2014,Journal of Geophysical Research: Space Physics,American Geophysical Union (AGU),Peer-reviewed journal article,candidate,False
P00216,10.1002/2014gl062400,Increases in plasma sheet temperature with solar wind driving during substorm growth phases,2014,Geophysical Research Letters,American Geophysical Union (AGU),Peer-reviewed journal article,candidate,False
P00217,10.1002/2014ja019795,Inner magnetospheric onset preceding reconnection and tail dynamics during substorms: Can substorms initiate in two different regions?,2014,Journal of Geophysical Research: Space Physics,American Geophysical Union (AGU),Peer-reviewed journal article,candidate,False
P00218,10.1002/2013ja019455,Interplanetary magnetic field control of the ionospheric field‐aligned current and convection distributions,2014,Journal of Geophysical Research: Space Physics,American Geophysical Union (AGU),Peer-reviewed journal article,candidate,False
P00219,10.1002/2013ja019512,Interrelationship between preonset auroral and magnetic signatures at a geomagnetically conjugate Iceland‐Syowa pair,2014,Journal of Geophysical Research: Space Physics,American Geophysical Union (AGU),Peer-reviewed journal article,candidate,False
P00220,10.1002/2014gl061331,Investigating high‐latitude ionospheric turbulence using global positioning system data,2014,Geophysical Research Letters,American Geophysical Union (AGU),Peer-reviewed journal article,candidate,False
P00221,10.1016/j.asr.2014.02.011,Investigation of ionospheric response to two moderate geomagnetic storms using GPS–TEC measurements in the South American and African sectors during the ascending phase of solar cycle 24,2014,Advances in Space Research,Elsevier BV,Peer-reviewed journal article,candidate,False
P00222,10.1016/j.jastp.2014.04.004,Investigation of localized 2D convection mapping based on artificially generated Swarm ion drift data,2014,Journal of Atmospheric and Solar-Terrestrial Physics,Elsevier BV,Peer-reviewed journal article,candidate,False
P00223,10.1002/2014ja020005,Investigation of storm time magnetotail and ion injection using three‐dimensional global hybrid simulation,2014,Journal of Geophysical Research: Space Physics,American Geophysical Union (AGU),Peer-reviewed journal article,candidate,False
P00224,10.1002/2014ja020541,"Investigation of sudden electron density depletions observed in the dusk sector by the Poker Flat, Alaska incoherent scatter radar in summer",2014,Journal of Geophysical Research: Space Physics,American Geophysical Union (AGU),Peer-reviewed journal article,candidate,False
P00225,10.1109/ursigass.2014.6929950,Investigation of the generation source of decameter-scale sub-auroral ionospheric irregularities during geomagnetically quiet periods,2014,2014 XXXIth URSI General Assembly and Scientific Symposium (URSI GASS),IEEE,Conference paper,candidate,False
P00226,10.1002/2013ja019643,Investigation of the temperature gradient instability as the source of midlatitude quiet time decameter‐scale ionospheric irregularities: 1. Observations,2014,Journal of Geophysical Research: Space Physics,American Geophysical Union (AGU),Peer-reviewed journal article,candidate,False
P00227,10.1002/2013ja019644,Investigation of the temperature gradient instability as the source of midlatitude quiet time decameter‐scale ionospheric irregularities: 2. Linear analysis,2014,Journal of Geophysical Research: Space Physics,American Geophysical Union (AGU),Peer-reviewed journal article,candidate,False
P00228,10.1002/2014ja020298,Ionospheric flow structures associated with auroral beading at substorm auroral onset,2014,Journal of Geophysical Research: Space Physics,American Geophysical Union (AGU),Peer-reviewed journal article,candidate,False
P00229,10.1002/2014ja019917,Large plasma density enhancements occurring in the northern polar region during the 6 April 2000 superstorm,2014,Journal of Geophysical Research: Space Physics,American Geophysical Union (AGU),Peer-reviewed journal article,candidate,False
P00230,10.1130/ges00924.1,"Late Quaternary faulting history of the Carrizal and related faults, La Paz region, Baja California Sur, Mexico",2014,Geosphere,Geological Society of America,Peer-reviewed journal article,candidate,False
P00231,10.1002/2014ja020524,Local geomagnetic indices and the prediction of auroral power,2014,Journal of Geophysical Research: Space Physics,American Geophysical Union (AGU),Peer-reviewed journal article,candidate,False
P00232,10.1002/2014ja020215,Low‐latitude ionospheric height variation as observed by meridional ionosonde chain: Formation of ionospheric ceiling over the magnetic equator,2014,Journal of Geophysical Research: Space Physics,American Geophysical Union (AGU),Peer-reviewed journal article,candidate,False
P00233,10.5194/angeo-32-333-2014,M–I coupling across the auroral oval at dusk and midnight: repetitive substorm activity driven by interplanetary coronal mass ejections (CMEs),2014,Annales Geophysicae,Copernicus GmbH,Peer-reviewed journal article,candidate,False
P00234,10.1002/2013ja019085,Magnetosphere‐ionosphere coupling of global Pi2 pulsations,2014,Journal of Geophysical Research: Space Physics,American Geophysical Union (AGU),Peer-reviewed journal article,candidate,False
P00235,10.1016/j.jastp.2014.01.010,Modulation of auroras by Pc5 pulsations in the dawn sector in association with reappearance of energetic particles at geosynchronous orbit,2014,Journal of Atmospheric and Solar-Terrestrial Physics,Elsevier,Peer-reviewed journal article,candidate,False
P00236,10.1063/1.4894032,Monte Carlo simulation of the data acquisition chain of scintillation detectors,2014,AIP Conference Proceedings,AIP Publishing LLC,Conference paper,candidate,False
P00237,10.1007/s11430-013-4632-3,"Multipoint observations of Pi2 pulsations and correlation with dynamic processes in the near-Earth magnetotail on March 18, 2009",2014,Science China Earth Sciences,Springer Nature,Peer-reviewed journal article,candidate,False
P00238,10.1002/2014gl061371,Multipoint visualization of ULF oscillations using the Super Dual Auroral Radar Network,2014,Geophysical Research Letters,American Geophysical Union (AGU),Peer-reviewed journal article,candidate,False
P00239,10.1109/ursigass.2014.6929955,Narrowband stimulated electromagnetic emissions (SEE) spectra: A new ionospheric diagnostic technique,2014,2014 XXXIth URSI General Assembly and Scientific Symposium (URSI GASS),IEEE,Conference paper,candidate,False
P00240,10.1002/2014gl061273,Neutral density variation from specular meteor echo observations spanning one solar cycle,2014,Geophysical Research Letters,American Geophysical Union (AGU),Peer-reviewed journal article,candidate,False
P00241,10.1109/ursigass.2014.6929956,New stimulated electromagnetic emission experiment at EISCAT,2014,2014 XXXIth URSI General Assembly and Scientific Symposium (URSI GASS),IEEE,Conference paper,candidate,False
P00242,10.1002/2014ja020314,Nonlinear evolution of the temperature gradient instability in the midlatitude ionosphere,2014,Journal of Geophysical Research: Space Physics,American Geophysical Union (AGU),Peer-reviewed journal article,candidate,False
P00243,10.1002/2014gl061119,Observational evidence for temporary planetary wave forcing of the MLT during fall equinox,2014,Geophysical Research Letters,American Geophysical Union (AGU),Peer-reviewed journal article,candidate,False
P00244,10.1007/s11434-014-0527-8,Observations of thermospheric vector wind over Yellow River Station during auroral substorm events,2014,Chinese Science Bulletin,Springer Science and Business Media LLC,Peer-reviewed journal article,candidate,False
P00245,10.1002/2014ja020408,On the generation/decay of the storm‐enhanced density plumes: Role of the convection flow and field‐aligned ion flow,2014,Journal of Geophysical Research: Space Physics,American Geophysical Union (AGU),Peer-reviewed journal article,candidate,False
P00246,10.1002/2014ja019960,On the performance of the IRI‐2012 and NeQuick2 models during the increasing phase of the unusual 24th solar cycle in the Brazilian equatorial and low‐latitude sectors,2014,Journal of Geophysical Research: Space Physics,American Geophysical Union (AGU),Peer-reviewed journal article,candidate,False
P00247,10.1109/ursigass.2014.6929726,On the relation between auroral &amp;#x201C;scintillation&amp;#x201D; and &amp;#x201C;phase without amplitude&amp;#x201D; scintillation: Initial investigations,2014,2014 XXXIth URSI General Assembly and Scientific Symposium (URSI GASS),IEEE,Conference paper,candidate,False
P00248,10.1002/2013ja019540,On the relationship of electrostatic cyclotron harmonic emissions with electron injections and dipolarization fronts,2014,Journal of Geophysical Research: Space Physics,American Geophysical Union (AGU),Peer-reviewed journal article,candidate,False
P00249,10.3103/s088459131405002x,On the structure of azimuthally small-scale ULF oscillations of hot space plasma in a curved magnetic field. Modes with continuous spectrum,2014,Kinematics and Physics of Celestial Bodies,Allerton Press,Peer-reviewed journal article,candidate,False
P00250,10.1002/2013ja019530,On the use of geomagnetic indices and ULF waves for earthquake precursor signatures,2014,Journal of Geophysical Research: Space Physics,American Geophysical Union (AGU),Peer-reviewed journal article,candidate,False
P00251,10.1021/am506024s,Optimized Grafting Density of End-Functionalized Polymers to Polar Dielectric Surfaces for Solution-Processed Organic Field-Effect Transistors,2014,ACS Applied Materials &amp; Interfaces,American Chemical Society (ACS),Peer-reviewed journal article,candidate,False
P00252,10.1002/2014gc005298,Paleointensity of the geomagnetic field in the Late Cretaceous and earliest Paleogene obtained from drill cores of the Louisville seamount trail,2014,"Geochemistry, Geophysics, Geosystems",American Geophysical Union (AGU),Peer-reviewed journal article,candidate,False
P00253,10.1002/2012ja018585,Pi2 pulsation simultaneously observed in the <i>E</i> and <i>F</i> region ionosphere with the SuperDARN Hokkaido radar,2014,Journal of Geophysical Research: Space Physics,American Geophysical Union (AGU),Peer-reviewed journal article,candidate,False
P00254,,Point clouds (1),2014,GIM International,Geomatics Information and Trading Centre B.V.,Peer-reviewed journal article,candidate,False
P00255,,Precise cooperative positioning: A case study in Canada,2014,"27th International Technical Meeting of the Satellite Division of the Institute of Navigation, ION GNSS 2014",Institute of Navigation,Conference paper,candidate,False
P00256,10.1002/2014rs005409,Predictions of HF system performance for propagation through disturbed ionospheres measured using low-Earth-orbit satellite radio beacon tomography,2014,Radio Science,American Geophysical Union (AGU),Peer-reviewed journal article,candidate,False
P00257,10.1002/2014ja020207,RCM‐E and AMIE studies of the Harang reversal formation during a steady magnetospheric convection event,2014,Journal of Geophysical Research: Space Physics,American Geophysical Union (AGU),Peer-reviewed journal article,candidate,False
P00258,10.1002/2014gl059840,RCM‐E simulation of a thin arc preceded by a north‐south‐aligned auroral streamer,2014,Geophysical Research Letters,American Geophysical Union (AGU),Peer-reviewed journal article,candidate,False
P00259,,Reference oscillator short-term drift as it's sensed by GNSS receiver,2014,"27th International Technical Meeting of the Satellite Division of the Institute of Navigation, ION GNSS 2014",Institute of Navigation,Conference paper,candidate,False
P00260,10.1109/scat.2014.7055121,Scale factor considerations for SDF technique,2014,"Proceedings of the 2nd Pan African International Conference on Science, Computing and Telecommunications (PACT 2014)",IEEE,Conference paper,candidate,False
P00261,10.1002/2014ja020726,"Seasonal and diurnal variations of PolarDARN
                    <i>F</i>
                    region echo occurrence in the polar cap and their causes",2014,Journal of Geophysical Research: Space Physics,American Geophysical Union (AGU),Peer-reviewed journal article,candidate,False
P00262,10.1109/siu.2014.6830506,Ship positioning by matching radar images and map data,2014,2014 22nd Signal Processing and Communications Applications Conference (SIU),IEEE,Conference paper,candidate,False
P00263,,Spatial characterization of high latitude ionosphere scintillation using an array of software receiver measurements,2014,"27th International Technical Meeting of the Satellite Division of the Institute of Navigation, ION GNSS 2014",Institute of Navigation,Conference paper,candidate,False
P00264,10.1002/2013gl058581,Spatial localization and ducting of EMIC waves: Van Allen Probes and ground‐based observations,2014,Geophysical Research Letters,American Geophysical Union (AGU),Peer-reviewed journal article,candidate,False
P00265,10.1134/s0010952514040054,"Specific features of daytime long-period pulsations observed during the solar wind impulse against a background of the substorm of August 1, 1998",2014,Cosmic Research,Pleiades Publishing Ltd,Peer-reviewed journal article,candidate,False
P00266,10.1109/scat.2014.7055120,Spectrum Difference Function technique for measuring velocity,2014,"Proceedings of the 2nd Pan African International Conference on Science, Computing and Telecommunications (PACT 2014)",IEEE,Conference paper,candidate,False
P00267,10.1002/2013ja019501,Spherical cap harmonic analysis of the Arctic ionospheric TEC for one solar cycle,2014,Journal of Geophysical Research: Space Physics,American Geophysical Union (AGU),Peer-reviewed journal article,candidate,False
P00268,10.1002/2014ja020082,Statistical characteristics of EMIC wave‐driven relativistic electron precipitation with observations of POES satellites: Revisit,2014,Journal of Geophysical Research: Space Physics,American Geophysical Union (AGU),Peer-reviewed journal article,candidate,False
P00269,10.1002/2014sw001082,Statistical comparison of seasonal variations in the GUMICS‐4 global MHD model ionosphere and measurements,2014,Space Weather,American Geophysical Union (AGU),Peer-reviewed journal article,candidate,False
P00270,10.1002/2013ja019269,Statistical relationships between enhanced polar cap flows and PBIs,2014,Journal of Geophysical Research: Space Physics,American Geophysical Union (AGU),Peer-reviewed journal article,candidate,False
P00271,10.5194/angeo-32-99-2014,Statistical visualization of the Earth's magnetotail and the implied mechanism of substorm triggering based on superposed-epoch analysis of THEMIS data,2014,Annales Geophysicae,Copernicus Publications,Peer-reviewed journal article,candidate,False
P00272,10.1002/2014ja020290,Strong <i>E</i> region ionization caused by the 1767 trail during the 2002 Leonids,2014,Journal of Geophysical Research: Space Physics,American Geophysical Union (AGU),Peer-reviewed journal article,candidate,False
P00273,10.1016/j.asr.2014.01.011,Study of mid-latitude ionospheric convection during quiet and disturbed periods using the SuperDARN Hokkaido radar,2014,Advances in Space Research,Elsevier BV,Peer-reviewed journal article,candidate,False
P00274,10.1186/s40623-014-0140-8,"Study of Pc1 pearl structures observed at multi-point ground stations in Russia, Japan, and Canada",2014,"Earth, Planets and Space",Springer Science and Business Media LLC,Peer-reviewed journal article,candidate,False
P00275,10.15094/00010274,Study of the substorm: Part 1: From the observation at Syowa Station to the motivation for simulation,2014,DOAJ (DOAJ: Directory of Open Access Journals),National Institute of Polar Research,Peer-reviewed journal article,candidate,False
P00276,10.1002/2013ja019442,Substorm onset process: Ignition of auroral acceleration and related substorm phases,2014,Journal of Geophysical Research: Space Physics,American Geophysical Union (AGU),Peer-reviewed journal article,candidate,False
P00277,10.1002/2013jd019850,The climatology of zonal wave numbers 1 and 2 planetary wave structure in the MLT using a chain of Northern Hemisphere SuperDARN radars,2014,Journal of Geophysical Research: Atmospheres,American Geophysical Union (AGU),Peer-reviewed journal article,candidate,False
P00278,10.1002/2014gl062171,The current system associated with the boundary of plasma bubbles,2014,Geophysical Research Letters,American Geophysical Union (AGU),Peer-reviewed journal article,candidate,False
P00279,10.1002/2014ja019890,The kinetic ballooning/interchange instability as a source of dipolarization fronts and auroral streamers,2014,Journal of Geophysical Research: Space Physics,American Geophysical Union (AGU),Peer-reviewed journal article,candidate,False
P00280,10.1002/2013ja019435,The quiet evening auroral arc and the structure of the growth phase near‐Earth plasma sheet,2014,Journal of Geophysical Research: Space Physics,American Geophysical Union (AGU),Peer-reviewed journal article,candidate,False
P00281,10.1002/2014ja020171,Three‐dimensional data assimilation and reanalysis of radiation belt electrons: Observations of a four‐zone structure using five spacecraft and the VERB code,2014,Journal of Geophysical Research: Space Physics,American Geophysical Union (AGU),Peer-reviewed journal article,candidate,False
P00282,10.1016/j.asr.2013.08.003,Time variations of the total electron content in the Southeast Asian equatorial ionization anomaly for the period 2006–2011,2014,Advances in Space Research,Elsevier BV,Peer-reviewed journal article,candidate,False
P00283,10.5194/angeo-32-1311-2014,Validation of COSMIC ionospheric peak parameters by the measurements of an ionosonde chain in China,2014,Annales Geophysicae,Copernicus GmbH,Peer-reviewed journal article,candidate,False
P00284,10.5194/angeo-32-147-2014,Variations in the occurrence of SuperDARN F region echoes,2014,Annales Geophysicae,Copernicus Publications,Peer-reviewed journal article,candidate,False
P00285,10.1002/2015ja021381,A direct link between chorus emissions and pulsating aurora on timescales from milliseconds to minutes: A case study at subauroral latitudes,2015,Journal of Geophysical Research: Space Physics,American Geophysical Union (AGU),Peer-reviewed journal article,candidate,False
P00286,10.1002/2015ja021343,A new technique for determining Substorm Onsets and Phases from Indices of the Electrojet (SOPHIE),2015,Journal of Geophysical Research: Space Physics,American Geophysical Union (AGU),Peer-reviewed journal article,candidate,False
P00287,10.5194/angeo-33-505-2015,A quantitative study of magnetospheric magnetic field line deformation by a two-loop substorm current wedge,2015,Annales Geophysicae,Copernicus Publications,Peer-reviewed journal article,candidate,False
P00288,10.1130/g36247.1,A stable Ediacaran Earth recorded by single silicate crystals of the ca. 565 Ma Sept-Îles intrusion,2015,Geology,Geological Society of America,Peer-reviewed journal article,candidate,False
P00289,10.1002/2015gl064101,"A thermospheric Na layer event observed up to 140 km over Syowa Station (69.0°S, 39.6°E) in Antarctica",2015,Geophysical Research Letters,American Geophysical Union (AGU),Peer-reviewed journal article,candidate,False
P00290,10.1117/12.2207359,Accuracy analysis by using WARIMA model to forecast TEC in China,2015,SPIE Proceedings,SPIE,Conference paper,candidate,False
P00291,10.1002/2015gl064707,Accurately specifying storm‐time ULF wave radial diffusion in the radiation belts,2015,Geophysical Research Letters,American Geophysical Union (AGU),Peer-reviewed journal article,candidate,False
P00292,10.1088/0741-3335/57/1/014011,Alfven wave acceleration of particles in the aurora,2015,Plasma Physics and Controlled Fusion,IOP Publishing,Peer-reviewed journal article,candidate,False
P00293,10.1016/j.jastp.2015.08.014,An interpretation of spacecraft and ground based observations of multiple omega band events,2015,Journal of Atmospheric and Solar-Terrestrial Physics,Elsevier,Peer-reviewed journal article,candidate,False
P00294,10.17159/sajs.2015/20130391,An investigation of the nature of a Pc5 pulsation event using SuperDARN and magnetometer data,2015,South African Journal of Science,Academy of Science of South Africa,Peer-reviewed journal article,candidate,False
P00295,10.1002/2015gl064057,Anharmonic oscillatory flow braking in the Earth's magnetotail,2015,Geophysical Research Letters,American Geophysical Union (AGU),Peer-reviewed journal article,candidate,False
P00296,10.1002/2015rs005703,Application of adaptive optics to scintillation correction in phased array high-frequency radar,2015,Radio Science,American Geophysical Union (AGU),Peer-reviewed journal article,candidate,False
P00297,10.1186/s40623-015-0310-3,Application of ground scatter returns for calibration of HF interferometry data,2015,"Earth, Planets and Space",Springer Nature,Peer-reviewed journal article,candidate,False
P00298,10.5194/angeo-33-395-2015,Are dayside long-period pulsations related to the cusp?,2015,Annales Geophysicae,Copernicus GmbH,Peer-reviewed journal article,candidate,False
P00299,10.1051/swsc/2015009,Assimilation of real-time riometer measurements into models of 30 MHz polar cap absorption,2015,Journal of Space Weather and Space Climate,EDP Sciences,Peer-reviewed journal article,candidate,False
P00300,10.1186/s40645-015-0050-9,Auroral substorms as an electrical discharge phenomenon,2015,Progress in Earth and Planetary Science,Springer Science and Business Media LLC,Peer-reviewed journal article,candidate,False
P00301,10.1002/2015rs005808,Automatically determining the origin direction and propagation mode of high-frequency radar backscatter,2015,Radio Science,American Geophysical Union (AGU),Peer-reviewed journal article,candidate,False
P00302,10.1002/2015ja021023,Azimuthal flow bursts in the inner plasma sheet and possible connection with SAPS and plasma sheet earthward flow bursts,2015,Journal of Geophysical Research: Space Physics,American Geophysical Union (AGU),Peer-reviewed journal article,candidate,False
P00303,10.5194/angeo-33-245-2015,Azimuthal velocity shear within an Earthward fast flow – further evidence for magnetotail untwisting?,2015,Annales Geophysicae,Copernicus Publications,Peer-reviewed journal article,candidate,False
P00304,10.1007/s10509-015-2331-6,"Backward mapping solutions of the Boltzmann equation in cylindrically symmetric, uniformly charged auroral ionosphere",2015,Astrophysics and Space Science,Springer Science and Business Media LLC,Peer-reviewed journal article,candidate,False
P00305,10.1016/j.jastp.2014.12.003,Characterisation of quasi-stationary planetary waves in the Northern MLT during summer,2015,Journal of Atmospheric and Solar-Terrestrial Physics,Elsevier,Peer-reviewed journal article,candidate,False
P00306,10.1002/2014ja020027,Characterization of the energy‐dependent response of riometer absorption,2015,Journal of Geophysical Research: Space Physics,American Geophysical Union (AGU),Peer-reviewed journal article,candidate,False
P00307,10.5194/angeo-33-531-2015,Climatology of GPS phase scintillation at northern high latitudes for the period from 2008 to 2013,2015,Annales Geophysicae,Copernicus Publications,Peer-reviewed journal article,candidate,False
P00308,10.5194/angeo-33-1173-2015,Combined effects of concurrent Pc5 and chorus waves on relativistic electron dynamics,2015,Annales Geophysicae,Copernicus Publications,Peer-reviewed journal article,candidate,False
P00309,10.1002/2015rs005725,Comparison of observed and predicted MUF(3000)F2 in the polar cap region,2015,Radio Science,American Geophysical Union (AGU),Peer-reviewed journal article,candidate,False
P00310,,"Comparison of polar, sub-polar and mid-latitude ionospheric variability using ionosonde and superdarn data",2015,Progress in Electromagnetics Research Symposium,Electromagnetics Academy,Conference paper,candidate,False
P00311,10.1002/2015ja021085,Comprehensive analysis of the flux dropout during 7–8 November 2008 storm using multisatellite observations and RBE model,2015,Journal of Geophysical Research: Space Physics,American Geophysical Union (AGU),Peer-reviewed journal article,candidate,False
P00312,,Correction of the ekaterinburg SuperDARN data mapping using ionospheric vertical sounding,2015,Progress in Electromagnetics Research Symposium,Electromagnetics Academy,Conference paper,candidate,False
P00313,10.1016/j.geomorph.2014.12.013,"Coupling channel evolution monitoring and RFID tracking in a large, wandering, gravel-bed river: Insights into sediment routing on geomorphic continuity through a riffle–pool sequence",2015,Geomorphology,Elsevier BV,Peer-reviewed journal article,candidate,False
P00314,10.1039/c5py00254k,Crystalline structures and crystallization behaviors of poly(<scp>l</scp>-lactide) in poly(<scp>l</scp>-lactide)/graphene nanosheet composites,2015,Polymer Chemistry,Royal Society of Chemistry (RSC),Peer-reviewed journal article,candidate,False
P00315,10.1002/2015ja021307,Day‐to‐day variability of equatorial electrojet and its role on the day‐to‐day characteristics of the equatorial ionization anomaly over the Indian and Brazilian sectors,2015,Journal of Geophysical Research: Space Physics,American Geophysical Union (AGU),Peer-reviewed journal article,candidate,False
P00316,,Design of indoor laser radar navigation system,2015,Hongwai yu Jiguang Gongcheng/Infrared and Laser Engineering,Chinese Society of Astronautics,Peer-reviewed journal article,candidate,False
P00317,10.1002/2014rs005617,Detection of traveling ionospheric disturbances by medium‐frequency Doppler sounding using AM radio transmissions,2015,Radio Science,American Geophysical Union (AGU),Peer-reviewed journal article,candidate,False
P00318,10.1002/2015ja021172,Direct observations of the full Dungey convection cycle in the polar ionosphere for southward interplanetary magnetic field conditions,2015,Journal of Geophysical Research: Space Physics,American Geophysical Union (AGU),Peer-reviewed journal article,candidate,False
P00319,10.1002/2014rs005589,DOI only: 10.1002/2014rs005589,2015,Radio Science,Blackwell Publishing Ltd,Unknown,candidate,False
P00320,10.1002/2015ja021481,DOI only: 10.1002/2015ja021481,2015,Journal of Geophysical Research: Space Physics,,Unknown,candidate,False
P00321,10.1109/cse.2014.196,DOI only: 10.1109/cse.2014.196,2015,"Proceedings - 17th IEEE International Conference on Computational Science and Engineering, CSE 2014, Jointly with 13th IEEE International Conference on Ubiquitous Computing and Communications, IUCC 2014, 13th International Symposium on Pervasive Systems, Algorithms, and Networks, I-SPAN 2014 and 8th International Conference on Frontier of Computer Science and Technology, FCST 2014",Institute of Electrical and Electronics Engineers Inc.,Unknown,candidate,False
P00322,10.1186/s40623-015-0299-7,DOI only: 10.1186/s40623-015-0299-7,2015,"Earth, Planets and Space",Springer Berlin,Unknown,candidate,False
P00323,10.1016/j.jsr.2015.03.010,Driving context influences drivers' decision to engage in visual–manual phone tasks: Evidence from a naturalistic driving study,2015,Journal of Safety Research,Elsevier BV,Peer-reviewed journal article,candidate,False
P00324,10.1002/2015ja021664,Dual radar investigation of <i>E</i> region plasma waves in the southern polar cap,2015,Journal of Geophysical Research: Space Physics,American Geophysical Union (AGU),Peer-reviewed journal article,candidate,False
P00325,10.1002/9781118978719.ch8,Dynamics Related to Plasmasheet Flow Bursts as Revealed from the Aurora,2015,Geophysical Monograph Series,Wiley,Unknown,candidate,False
P00326,10.1002/2014ja020081,East‐west type precursor activity prior to the auroral onset: Ground‐based and THEMIS observations,2015,Journal of Geophysical Research: Space Physics,American Geophysical Union (AGU),Peer-reviewed journal article,candidate,False
P00327,10.1186/s40623-015-0350-8,Eastward-expanding auroral surges observed in the post-midnight sector during a multiple-onset substorm,2015,"Earth, Planets and Space",Springer Science and Business Media LLC,Peer-reviewed journal article,candidate,False
P00328,10.1002/2014ja020844,"Electric field control of
                    <i>E</i>
                    region coherent echoes: Evidence from radar observations at the South Pole",2015,Journal of Geophysical Research: Space Physics,American Geophysical Union (AGU),Peer-reviewed journal article,candidate,False
P00329,10.1002/2015ja021090,Electron precipitation from EMIC waves: A case study from 31 May 2013,2015,Journal of Geophysical Research: Space Physics,American Geophysical Union (AGU),Peer-reviewed journal article,candidate,False
P00330,10.1002/2014ja020233,EMIC waves observed by the low‐altitude satellite DEMETER during the November 2004 magnetic storm,2015,Journal of Geophysical Research: Space Physics,American Geophysical Union (AGU),Peer-reviewed journal article,candidate,False
P00331,10.1002/2015ja021226,Empirical modeling of 3‐D force‐balanced plasma and magnetic field structures during substorm growth phase,2015,Journal of Geophysical Research: Space Physics,American Geophysical Union (AGU),Peer-reviewed journal article,candidate,False
P00332,10.1201/b18376,Environmental Applications of Instrumental Chemical Analysis,2015,Environmental Applications of Instrumental Chemical Analysis,Apple Academic Press,Book chapter,candidate,False
P00333,10.5194/angeo-33-829-2015,Estimating along-track plasma drift speed from electron density measurements by the three Swarm satellites,2015,Annales Geophysicae,Copernicus GmbH,Peer-reviewed journal article,candidate,False
P00334,10.1002/2015rs005706,Estimating self‐clutter of the multiple‐pulse technique,2015,Radio Science,American Geophysical Union (AGU),Peer-reviewed journal article,candidate,False
P00335,10.3319/tao.2015.03.06.01(aa,Evidence of polar mesosphere summer echoes observed by SuperDARN SANAE HF Radar in Antarctica,2015,"Terrestrial, Atmospheric and Oceanic Sciences",Chinese Geoscience Union,Unknown,candidate,False
P00336,10.23919/oceans.2015.7404579,Extreme and non-tidal events in the Chesapeake Bay high frequency radar surface currents record,2015,OCEANS 2015 - MTS/IEEE Washington,IEEE,Conference paper,candidate,False
P00337,10.1007/978-3-319-16181-5_48,Fast 3-D Urban Object Detection on Streaming Point Clouds,2015,Lecture Notes in Computer Science,Springer International Publishing,Book chapter,candidate,False
P00338,10.1016/j.jastp.2015.05.017,First results of the high-resolution multibeam ULF wave experiment at the Ekaterinburg SuperDARN radar: Ionospheric signatures of coupled poloidal Alfvén and drift-compressional modes,2015,Journal of Atmospheric and Solar-Terrestrial Physics,Elsevier,Peer-reviewed journal article,candidate,False
P00339,10.1002/2014ja020954,"Flow bursts, breakup arc, and substorm current wedge",2015,Journal of Geophysical Research: Space Physics,American Geophysical Union (AGU),Peer-reviewed journal article,candidate,False
P00340,10.1002/2015ja021393,Formation of polar ionospheric tongue of ionization during minor geomagnetic disturbed conditions,2015,Journal of Geophysical Research: Space Physics,American Geophysical Union (AGU),Peer-reviewed journal article,candidate,False
P00341,10.1002/2015ja021592,Giant pulsations on the afternoonside: Geostationary satellite and ground observations,2015,Journal of Geophysical Research: Space Physics,American Geophysical Union (AGU),Peer-reviewed journal article,candidate,False
P00342,10.1038/nature14515,Global-scale coherence modulation of radiation-belt electron loss from plasmaspheric hiss,2015,Nature,Springer Nature,Peer-reviewed journal article,candidate,False
P00343,10.5194/angeo-33-637-2015,GPS phase scintillation at high latitudes during geomagnetic storms of 7–17 March 2012 – Part 1: The North American sector,2015,Annales Geophysicae,Copernicus Publications,Peer-reviewed journal article,candidate,False
P00344,10.5194/angeo-33-657-2015,GPS phase scintillation at high latitudes during geomagnetic storms of 7–17 March 2012 – Part 2: Interhemispheric comparison,2015,Annales Geophysicae,Copernicus Publications,Peer-reviewed journal article,candidate,False
P00345,10.1002/9781118978719.ch15,GPS Phase Scintillation at High Latitudes during Two Geomagnetic Storms,2015,Geophysical Monograph Series,Wiley,Unknown,candidate,False
P00346,10.1002/2015ja021304,High‐latitude intermittent ionospheric scintillations: Exploring the Castaing distribution,2015,Journal of Geophysical Research: Space Physics,American Geophysical Union (AGU),Peer-reviewed journal article,candidate,False
P00347,10.1002/2014ja020553,High‐latitude ionospheric drivers and their effects on wind patterns in the thermosphere,2015,Journal of Geophysical Research: Space Physics,American Geophysical Union (AGU),Peer-reviewed journal article,candidate,False
P00348,10.1002/2015ja021026,High‐latitude thermospheric wind observations and simulations with SuperDARN data driven NCAR TIEGCM during the December 2006 magnetic storm,2015,Journal of Geophysical Research: Space Physics,American Geophysical Union (AGU),Peer-reviewed journal article,candidate,False
P00349,10.1186/s40623-015-0187-1,High-midlatitude ionosphere response to major stratospheric warming,2015,"Earth, Planets and Space",Springer Science and Business Media LLC,Peer-reviewed journal article,candidate,False
P00350,10.1186/s40623-015-0360-6,IMF-By dependence of transient ionospheric flow perturbation associated with sudden impulses: SuperDARN observations,2015,"Earth, Planets and Space",Springer Nature,Peer-reviewed journal article,candidate,False
P00351,10.1002/9781118978719.ch11,Interhemispheric Symmetries and Asymmetries of Aurora from Ground‐Based Conjugate Observations,2015,Geophysical Monograph Series,Wiley,Book chapter,candidate,False
P00352,10.1002/2014ja020586,Interplanetary magnetic field and solar cycle dependence of Northern Hemisphere <i>F</i> region joule heating,2015,Journal of Geophysical Research: Space Physics,American Geophysical Union (AGU),Peer-reviewed journal article,candidate,False
P00353,10.1186/s40623-015-0315-y,Inverting magnetic meridian data using nonlinear optimization,2015,"Earth, Planets and Space",Springer Nature,Peer-reviewed journal article,candidate,False
P00354,10.1002/2014ja020598,Investigating storm‐enhanced density and polar tongue of ionization development during the 22 October 1999 great storm,2015,Journal of Geophysical Research: Space Physics,American Geophysical Union (AGU),Peer-reviewed journal article,candidate,False
P00355,10.1002/9781118978719.ch1,Investigations of the Many Distinct Types of Auroras,2015,Geophysical Monograph Series,Wiley,Unknown,candidate,False
P00356,10.1017/s0022377814000440,Ion temperature anisotropy effects on the dispersion relation and threshold conditions of a sheared current-driven electrostatic ion-acoustic instability with applications to the collisional high-latitude F-region,2015,Journal of Plasma Physics,Cambridge University Press (CUP),Peer-reviewed journal article,candidate,False
P00357,,Ionosphere response to stratospheric circulation in high-midlatitudes,2015,Progress in Electromagnetics Research Symposium,Electromagnetics Academy,Conference paper,candidate,False
P00358,10.1002/2013ja019255,Ionospheric flow shear associated with the preexisting auroral arc: A statistical study from the FAST spacecraft data,2015,Journal of Geophysical Research: Space Physics,American Geophysical Union (AGU),Peer-reviewed journal article,candidate,False
P00359,10.1002/9781118978719.ch5,Isolated Proton Auroras and Pc1/EMIC Waves at Subauroral Latitudes,2015,Geophysical Monograph Series,Wiley,Unknown,candidate,False
P00360,10.5302/j.icros.2015.14.9005,Lane Map-based Vehicle Localization for Robust Lateral Control of an Automated Vehicle,2015,"Journal of Institute of Control, Robotics and Systems","Institute of Control, Robotics and Systems",Peer-reviewed journal article,candidate,False
P00361,10.1109/ivs.2015.7225763,Lane map building and localization for automated driving using 2D laser rangefinder,2015,2015 IEEE Intelligent Vehicles Symposium (IV),IEEE,Conference paper,candidate,False
P00362,10.1002/2015ja021517,Large‐amplitude GPS TEC variations associated with Pc5–6 magnetic field variations observed on the ground and at geosynchronous orbit,2015,Journal of Geophysical Research: Space Physics,American Geophysical Union (AGU),Peer-reviewed journal article,candidate,False
P00363,10.1002/2014ja020863,Link between premidnight second harmonic poloidal waves and auroral undulations: Conjugate observations with a Van Allen Probe spacecraft and a THEMIS all‐sky imager,2015,Journal of Geophysical Research: Space Physics,American Geophysical Union (AGU),Peer-reviewed journal article,candidate,False
P00364,10.1002/2014ja020946,"Localized polar cap flow enhancement tracing using airglow patches: Statistical properties, IMF dependence, and contribution to polar cap convection",2015,Journal of Geophysical Research: Space Physics,American Geophysical Union (AGU),Peer-reviewed journal article,candidate,False
P00365,10.1002/2015ja021625,Long‐term variations in the intensity of polar cap plasma flows inferred from SuperDARN,2015,Journal of Geophysical Research: Space Physics,American Geophysical Union (AGU),Peer-reviewed journal article,candidate,False
P00366,10.1002/2015ja021509,Low‐latitude ionosphere response to super geomagnetic storm of 17/18 March 2015: Results from a chain of ground‐based observations over Indian sector,2015,Journal of Geophysical Research: Space Physics,American Geophysical Union (AGU),Peer-reviewed journal article,candidate,False
P00367,10.1002/9781118978719.ch12,Magnetospheric Substorm Onset by Current Disruption Processes,2015,Geophysical Monograph Series,Wiley,Book chapter,candidate,False
P00368,10.1002/2014ja020463,Mapping high‐latitude ionospheric electrodynamics with SuperDARN and AMPERE,2015,Journal of Geophysical Research: Space Physics,American Geophysical Union (AGU),Peer-reviewed journal article,candidate,False
P00369,10.5194/acp-15-9917-2015,"Meteor radar quasi 2-day wave observations over 10 years at Collm (51.3° N, 13.0° E)",2015,Atmospheric Chemistry and Physics,Copernicus GmbH,Peer-reviewed journal article,candidate,False
P00370,10.1186/s40645-015-0060-7,MF and HF radar techniques for investigating the dynamics and structure of the 50 to 110 km height region: a review,2015,Progress in Earth and Planetary Science,Springer Science and Business Media LLC,Peer-reviewed journal article,candidate,False
P00371,10.1002/2015rs005672,"Multi‐instrument, high‐resolution imaging of polar cap patch transportation",2015,Radio Science,American Geophysical Union (AGU),Peer-reviewed journal article,candidate,False
P00372,10.5194/angeo-33-1237-2015,Multi-satellite study of the excitation of Pc3 and Pc4-5 ULF waves and their penetration across the plasmapause during the 2003 Halloween superstorm,2015,Annales Geophysicae,Copernicus Publications,Peer-reviewed journal article,candidate,False
P00373,10.1002/2015ja021460,Multiple loss processes of relativistic electrons outside the heart of outer radiation belt during a storm sudden commencement,2015,Journal of Geophysical Research: Space Physics,American Geophysical Union (AGU),Peer-reviewed journal article,candidate,False
P00374,10.1063/1.4936465,Nonlinear plasma experiments in geospace with gigawatts of RF power at HAARP,2015,AIP Conference Proceedings,EURATOM,Conference paper,candidate,False
P00375,10.1002/2014gl062590,Observation of polar cap patches and calculation of gradient drift instability growth times: A Swarm case study,2015,Geophysical Research Letters,American Geophysical Union (AGU),Peer-reviewed journal article,candidate,False
P00376,10.1002/2015gl065245,Observations of coincident EMIC wave activity and duskside energetic electron precipitation on 18–19 January 2013,2015,Geophysical Research Letters,American Geophysical Union (AGU),Peer-reviewed journal article,candidate,False
P00377,10.1186/s40623-015-0302-3,Observations of field-aligned ionospheric irregularities during quiet and disturbed conditions with EKB radar: first results,2015,"Earth, Planets and Space",Springer Nature,Peer-reviewed journal article,candidate,False
P00378,10.5194/acp-15-4997-2015,Observations of planetary waves in the mesosphere-lower thermosphere during stratospheric warming events,2015,Atmospheric Chemistry and Physics,Copernicus Publications,Peer-reviewed journal article,candidate,False
P00379,10.1002/2015ja021475,Observations of storm time midlatitude ion‐neutral coupling using SuperDARN radars and NATION Fabry‐Perot interferometers,2015,Journal of Geophysical Research: Space Physics,American Geophysical Union (AGU),Peer-reviewed journal article,candidate,False
P00380,10.1002/2015ja021199,"Observations of the relationship between ionospheric central polar cap and dayside throat convection velocities, and solar wind/IMF driving",2015,Journal of Geophysical Research: Space Physics,American Geophysical Union (AGU),Peer-reviewed journal article,candidate,False
P00381,10.1002/2014ja020694,On a possible connection between the longitudinally propagating near‐Earth plasma sheet and auroral arc waves: A reexamination,2015,Journal of Geophysical Research: Space Physics,American Geophysical Union (AGU),Peer-reviewed journal article,candidate,False
P00382,10.1002/2015ja021449,On the collocation of the cusp aurora and the GPS phase scintillation: A statistical study,2015,Journal of Geophysical Research: Space Physics,American Geophysical Union (AGU),Peer-reviewed journal article,candidate,False
P00383,10.1002/2015gl066592,On the dependence of storm time ULF wave power on magnetopause location: Impacts for ULF wave radial diffusion,2015,Geophysical Research Letters,American Geophysical Union (AGU),Peer-reviewed journal article,candidate,False
P00384,10.1002/2015ja021676,On the formation and origin of substorm growth phase/onset auroral arcs inferred from conjugate space‐ground observations,2015,Journal of Geophysical Research: Space Physics,American Geophysical Union (AGU),Peer-reviewed journal article,candidate,False
P00385,10.1134/s0016793215010107,"On the magnetic precursor of the Chilean earthquake of February 27, 2010",2015,Geomagnetism and Aeronomy,Pleiades Publishing,Peer-reviewed journal article,candidate,False
P00386,10.1016/j.pss.2014.12.008,On the origin of burst Pc1 pulsations produced in interaction with an oblique interplanetary shock,2015,Planetary and Space Science,Elsevier BV,Peer-reviewed journal article,candidate,False
P00387,10.1134/s0016793215020103,On the physical nature of auroral breakup precursors as observed in an event on 5 March 2008,2015,Geomagnetism and Aeronomy,Pleiades Publishing,Peer-reviewed journal article,candidate,False
P00388,10.1002/2014ja020914,On the symmetry of ionospheric polar cap patch exits around magnetic midnight,2015,Journal of Geophysical Research: Space Physics,American Geophysical Union (AGU),Peer-reviewed journal article,candidate,False
P00389,10.1109/vtcfall.2015.7391066,Path Hiding for Privacy Enhancement in Vehicular Ad-Hoc Networks,2015,2015 IEEE 82nd Vehicular Technology Conference (VTC2015-Fall),IEEE,Conference paper,candidate,False
P00390,10.5194/angeo-33-1117-2015,Polar cap patches observed during the magnetic storm of  November 2003: observations and modeling,2015,Annales Geophysicae,Copernicus GmbH,Peer-reviewed journal article,candidate,False
P00391,10.1002/2015ja021816,Polar cap precursor of nightside auroral oval intensifications using polar cap arcs,2015,Journal of Geophysical Research: Space Physics,American Geophysical Union (AGU),Peer-reviewed journal article,candidate,False
P00392,10.1186/s40623-014-0178-7,Polarization analysis of VLF/ELF waves observed at subauroral latitudes during the VLF-CHAIN campaign,2015,"Earth, Planets and Space",Springer Science and Business Media LLC,Peer-reviewed journal article,candidate,False
P00393,,Possibilities of selected space weather and atmospheric studies in JEM-EUSO project?,2015,Proceedings of Science,Proceedings of Science (PoS),Conference paper,candidate,False
P00394,10.1186/s40623-015-0334-8,Relationship between wave-like auroral arcs and Pi2 disturbances in plasma sheet prior to substorm onset,2015,"Earth, Planets and Space",Springer Nature,Peer-reviewed journal article,candidate,False
P00395,10.1002/2015gl064564,Relativistic electron precipitations in association with diffuse aurora: Conjugate observation of SAMPEX and the all‐sky TV camera at Syowa Station,2015,Geophysical Research Letters,American Geophysical Union (AGU),Peer-reviewed journal article,candidate,False
P00396,10.1002/2015ja021466,Resonant scattering of outer zone relativistic electrons by multiband EMIC waves and resultant electron loss time scales,2015,Journal of Geophysical Research: Space Physics,American Geophysical Union (AGU),Peer-reviewed journal article,candidate,False
P00397,10.1002/2015ja021528,Scintillation and loss of signal lock from poleward moving auroral forms in the cusp ionosphere,2015,Journal of Geophysical Research: Space Physics,American Geophysical Union (AGU),Peer-reviewed journal article,candidate,False
P00398,10.1002/2015ja021819,Severe and localized GNSS scintillation at the poleward edge of the nightside auroral oval during intense substorm aurora,2015,Journal of Geophysical Research: Space Physics,American Geophysical Union (AGU),Peer-reviewed journal article,candidate,False
P00399,,Simulation of HF ground backscatter measured by the ekaterinburg SuperDARN radar. Comparison with observations,2015,Progress in Electromagnetics Research Symposium,Electromagnetics Academy,Conference paper,candidate,False
P00400,10.1186/s40623-015-0291-2,Simultaneous ground-based optical and SuperDARN observations of the shock aurora at MLT noon,2015,"Earth, Planets and Space",Springer Nature,Peer-reviewed journal article,candidate,False
P00401,10.1109/iccvw.2015.136,Single Frame Based Video Geo-Localisation Using Structure Projection,2015,2015 IEEE International Conference on Computer Vision Workshop (ICCVW),IEEE,Conference paper,candidate,False
P00402,10.1002/2015ja021663,Solar control of <i>F</i> region radar backscatter: Further insights from observations in the southern polar cap,2015,Journal of Geophysical Research: Space Physics,American Geophysical Union (AGU),Peer-reviewed journal article,candidate,False
P00403,10.1002/2014ja020791,Solar cycle dependence of ion cyclotron wave frequencies,2015,Journal of Geophysical Research: Space Physics,American Geophysical Union (AGU),Peer-reviewed journal article,candidate,False
P00404,,Space weather variations and corpuscular ionization,2015,Progress in Electromagnetics Research Symposium,Electromagnetics Academy,Conference paper,candidate,False
P00405,10.1016/j.asr.2014.09.001,Spatio-temporal characteristics of the Equatorial Ionization Anomaly (EIA) in the East African region via ionospheric tomography during the year 2012,2015,Advances in Space Research,Elsevier BV,Peer-reviewed journal article,candidate,False
P00406,10.1002/2015ja021790,Spatiotemporally resolved electrodynamic properties of a Sun‐aligned arc over Resolute Bay,2015,Journal of Geophysical Research: Space Physics,American Geophysical Union (AGU),Peer-reviewed journal article,candidate,False
P00407,10.1002/2015ja021089,Statistical characteristics of EMIC waves: Van Allen Probe observations,2015,Journal of Geophysical Research: Space Physics,American Geophysical Union (AGU),Peer-reviewed journal article,candidate,False
P00408,10.1002/2015ja021470,Statistical characterization of the growth and spatial scales of the substorm onset arc,2015,Journal of Geophysical Research: Space Physics,American Geophysical Union (AGU),Peer-reviewed journal article,candidate,False
P00409,10.1002/2015ja021000,Statistical study of auroral fragmentation into patches,2015,Journal of Geophysical Research: Space Physics,American Geophysical Union (AGU),Peer-reviewed journal article,candidate,False
P00410,10.6038/cjg20150702,Statistical study of IPDP events observed by the CARISMA network of magnetometers,2015,Chinese Journal of Geophysics,,Peer-reviewed journal article,candidate,False
P00411,10.1186/s40623-015-0192-4,Statistical study of medium-scale traveling ionospheric disturbances using SuperDARN Hokkaido ground backscatter data for 2011,2015,"Earth, Planets and Space",Springer Science and Business Media LLC,Peer-reviewed journal article,candidate,False
P00412,10.1002/2015ja021685,Statistical study of midlatitude <i>E</i> region echoes observed by the Hokkaido SuperDARN HF radar,2015,Journal of Geophysical Research: Space Physics,American Geophysical Union (AGU),Peer-reviewed journal article,candidate,False
P00413,10.5194/angeo-33-983-2015,Stimulated Brillouin scattering during electron gyro-harmonic heating at EISCAT,2015,Annales Geophysicae,Copernicus GmbH,Peer-reviewed journal article,candidate,False
P00414,10.1002/2014ja020980,Storm‐enhanced plasma density and polar tongue of ionization development during the 15 May 2005 superstorm,2015,Journal of Geophysical Research: Space Physics,American Geophysical Union (AGU),Peer-reviewed journal article,candidate,False
P00415,10.1016/j.asr.2015.04.002,Storm-time characteristics of the equatorial ionization anomaly in the East African sector,2015,Advances in Space Research,Elsevier BV,Peer-reviewed journal article,candidate,False
P00416,10.1002/9781118978719.ch13,Substorm Auroral Dynamics Reproduced by Advanced Global Magnetosphere−Ionosphere (M–I) Coupling Simulation,2015,Geophysical Monograph Series,Wiley,Book chapter,candidate,False
P00417,10.1002/2014ja020571,Substorm onset: Current sheet avalanche and stop layer,2015,Journal of Geophysical Research: Space Physics,American Geophysical Union (AGU),Peer-reviewed journal article,candidate,False
P00418,10.1002/2014ja020652,Survey of ULF wave signatures seen in the Tasman International Geospace Environment Radars data,2015,Journal of Geophysical Research: Space Physics,American Geophysical Union (AGU),Peer-reviewed journal article,candidate,False
P00419,10.1002/2014gl062610,Swarm in situ observations of <b><i>F</i></b> region polar cap patches created by cusp precipitation,2015,Geophysical Research Letters,American Geophysical Union (AGU),Peer-reviewed journal article,candidate,False
P00420,10.1002/2015ja021416,Swarm observations of field‐aligned currents associated with pulsating auroral patches,2015,Journal of Geophysical Research: Space Physics,American Geophysical Union (AGU),Peer-reviewed journal article,candidate,False
P00421,10.1002/2014ja020960,Temporal and spatial resolved SuperDARN line of sight velocity measurements corrected for plasma index of refraction using Bayesian inference,2015,Journal of Geophysical Research: Space Physics,American Geophysical Union (AGU),Peer-reviewed journal article,candidate,False
P00422,10.1016/j.actaastro.2015.01.016,The Canadian CASSIOPE small satellite mission: The enhanced polar outflow probe and Cascade technology demonstration payloads,2015,Acta Astronautica,Elsevier BV,Peer-reviewed journal article,candidate,False
P00423,10.1016/j.actaastro.2015.01.016,The Canadian CASSIOPE small satellite mission: The enhanced polar outflow probe and Cascade technology demonstration payloads,2015,Acta Astronautica,Elsevier BV,Peer-reviewed journal article,candidate,False
P00424,10.1007/s11214-014-0105-z,The CASSIOPE/e-POP Magnetic Field Instrument (MGF),2015,Space Science Reviews,Springer Nature,Peer-reviewed journal article,candidate,False
P00425,10.1007/s11214-015-0151-1,The CASSIOPE/e-POP Suprathermal Electron Imager (SEI),2015,Space Science Reviews,Springer Nature,Peer-reviewed journal article,candidate,False
P00426,10.1007/s11214-014-0110-2,The CERTO Beacon on CASSIOPE/e-POP and Experiments Using High-Power HF Ionospheric Heaters,2015,Space Science Reviews,Springer Science and Business Media LLC,Peer-reviewed journal article,candidate,False
P00427,10.1002/2015ja021639,The nature of GPS differential receiver bias variability: An examination in the polar cap region,2015,Journal of Geophysical Research: Space Physics,American Geophysical Union (AGU),Peer-reviewed journal article,candidate,False
P00428,10.1002/9781118978719.ch14,The Radar Aurora,2015,Geophysical Monograph Series,Wiley,Book chapter,candidate,False
P00429,10.1002/2015ja021298,The statistical difference between bending arcs and regular polar arcs,2015,Journal of Geophysical Research: Space Physics,American Geophysical Union (AGU),Peer-reviewed journal article,candidate,False
P00430,10.1002/2014ja020925,Thin current sheet formation in response to the loading and the depletion of magnetic flux during the substorm growth phase,2015,Journal of Geophysical Research: Space Physics,American Geophysical Union (AGU),Peer-reviewed journal article,candidate,False
P00431,10.1002/2015ja021040,Three‐dimensional current systems and ionospheric effects associated with small dipolarization fronts,2015,Journal of Geophysical Research: Space Physics,American Geophysical Union (AGU),Peer-reviewed journal article,candidate,False
P00432,10.1002/2014ja020912,Transpolar arc observation after solar wind entry into the high‐latitude magnetosphere,2015,Journal of Geophysical Research: Space Physics,American Geophysical Union (AGU),Peer-reviewed journal article,candidate,False
P00433,10.1016/j.asr.2014.09.032,Two-day wave observations over the middle and high latitudes in the NH and SH using COSMIC GPSRO measurements,2015,Advances in Space Research,Elsevier BV,Peer-reviewed journal article,candidate,False
P00434,10.1002/2015gl064700,Using patchy pulsating aurora to remote sense magnetospheric convection,2015,Geophysical Research Letters,American Geophysical Union (AGU),Peer-reviewed journal article,candidate,False
P00435,10.1002/2015ja021227,"Van Allen probes, NOAA, GOES, and ground observations of an intense EMIC wave event extending over 12 h in magnetic local time",2015,Journal of Geophysical Research: Space Physics,American Geophysical Union (AGU),Peer-reviewed journal article,candidate,False
P00436,10.1007/s12040-015-0638-x,"Variation of surface electric field during geomagnetic disturbed period at Maitri, Antarctica",2015,Journal of Earth System Science,Springer Nature,Peer-reviewed journal article,candidate,False
P00437,10.1016/j.asr.2015.07.043,Where does the Thermospheric Ionospheric GEospheric Research (TIGER) Program go?,2015,Advances in Space Research,Elsevier BV,Peer-reviewed journal article,candidate,False
P00438,10.1007/s11214-014-0054-6,25 Years of Self-Organized Criticality: Solar and Astrophysics,2016,Space Science Reviews,Springer Science and Business Media LLC,Peer-reviewed journal article,candidate,False
P00439,10.1007/s11214-015-0225-0,25 Years of Self-organized Criticality: Space and Laboratory Plasmas,2016,Space Science Reviews,Springer Science and Business Media LLC,Peer-reviewed journal article,candidate,False
P00440,10.1002/2016gl069230,A comparison between large‐scale irregularities and scintillations in the polar ionosphere,2016,Geophysical Research Letters,American Geophysical Union (AGU),Peer-reviewed journal article,candidate,False
P00441,10.1002/2016ja023147,"A miniature, low‐power scientific fluxgate magnetometer: A stepping‐stone to cube‐satellite constellation missions",2016,Journal of Geophysical Research: Space Physics,American Geophysical Union (AGU),Peer-reviewed journal article,candidate,False
P00442,10.5194/angeo-34-709-2016,A modeling study of asymmetries in plasma irregularity characteristics near gradient reversals,2016,Annales Geophysicae,Copernicus GmbH,Peer-reviewed journal article,candidate,False
P00443,10.1063/1.4953565,A parametric study of the linear growth of magnetospheric EMIC waves in a hot plasma,2016,Physics of Plasmas,AIP Publishing,Peer-reviewed journal article,candidate,False
P00444,10.1109/tns.2016.2530828,A Study of Radioactive Contamination of Crystals for the AMoRE Experiment,2016,IEEE Transactions on Nuclear Science,Institute of Electrical and Electronics Engineers (IEEE),Peer-reviewed journal article,candidate,False
P00445,10.1002/2015ja021804,A subauroral polarization stream driven by field‐aligned currents associated with precipitating energetic ions caused by EMIC waves: A case study,2016,Journal of Geophysical Research: Space Physics,American Geophysical Union (AGU),Peer-reviewed journal article,candidate,False
P00446,10.1002/2016ja023105,A theoretical framework for the changing spectral properties of meter‐scale Farley‐Buneman waves between 90 and 125 km altitudes,2016,Journal of Geophysical Research: Space Physics,American Geophysical Union (AGU),Peer-reviewed journal article,candidate,False
P00447,10.1002/2016ja022618,Accurately characterizing the importance of wave‐particle interactions in radiation belt dynamics: The pitfalls of statistical wave representations,2016,Journal of Geophysical Research: Space Physics,American Geophysical Union (AGU),Peer-reviewed journal article,candidate,False
P00448,10.1016/j.asr.2016.06.036,Ameliorating calculation of ionospheric amplitude scintillation index from under-sampled phase measurement,2016,Advances in Space Research,Elsevier,Peer-reviewed journal article,candidate,False
P00449,10.1186/s40623-016-0524-z,Analysis of close conjunctions between dayside polar cap airglow patches and flow channels by all-sky imager and DMSP,2016,"Earth, Planets and Space",Springer Nature,Peer-reviewed journal article,candidate,False
P00450,10.1002/navi.141,Assessing the Occurrence Pattern of Large Ionospheric TEC Gradients over the Brazilian Airspace,2016,NAVIGATION,Institute of Navigation,Peer-reviewed journal article,candidate,False
P00451,10.5194/gi-5-493-2016,Auroral meridian scanning photometer calibration using Jupiter,2016,"Geoscientific Instrumentation, Methods and Data Systems",Copernicus Publications,Peer-reviewed journal article,candidate,False
P00452,10.5194/gi-5-289-2016,Automatic georeferencing of astronaut auroral photography,2016,"Geoscientific Instrumentation, Methods and Data Systems",Copernicus GmbH,Peer-reviewed journal article,candidate,False
P00453,10.3788/aos201636.1028002,Building Extraction from Airborne Laser Point Cloud Using NDVI Constrained Watershed Algorithm,2016,Acta Optica Sinica,Shanghai Institute of Optics and Fine Mechanics,Peer-reviewed journal article,candidate,False
P00454,10.1186/s40623-016-0472-7,Calibration and assessment of Swarm ion drift measurements using a comparison with a statistical convection model,2016,"Earth, Planets and Space",Springer Science and Business Media LLC,Peer-reviewed journal article,candidate,False
P00455,10.1186/s40623-016-0532-z,Calibration of imaging parameters for space-borne airglow photography using city light positions,2016,"Earth, Planets and Space",Springer Science and Business Media LLC,Peer-reviewed journal article,candidate,False
P00456,10.1039/c6nr04489a,Carbohydrate-based amphiphilic nano delivery systems for cancer therapy,2016,Nanoscale,Royal Society of Chemistry (RSC),Peer-reviewed journal article,candidate,False
P00457,10.1002/2015ja022275,Characteristics of GPS TEC variations in the polar cap ionosphere,2016,Journal of Geophysical Research: Space Physics,American Geophysical Union (AGU),Peer-reviewed journal article,candidate,False
P00458,10.1016/j.jastp.2015.11.011,Characteristics of Total Electron Content (TEC) observed from a chain of stations near the northern crest of the Equatorial Ionization Anomaly (EIA) along 88.5°E meridian in India,2016,Journal of Atmospheric and Solar-Terrestrial Physics,Elsevier BV,Peer-reviewed journal article,candidate,False
P00459,10.1002/2015ja022004,Climatological response of Indian low‐latitude ionosphere to geomagnetic storms,2016,Journal of Geophysical Research: Space Physics,American Geophysical Union (AGU),Peer-reviewed journal article,candidate,False
P00460,10.1016/j.jastp.2016.03.002,Comparison of DMSP and SECS region-1 and region-2 ionospheric current boundary,2016,Journal of Atmospheric and Solar-Terrestrial Physics,Elsevier,Peer-reviewed journal article,candidate,False
P00461,10.1063/1.4953899,Compression-amplified EMIC waves and their effects on relativistic electrons,2016,Physics of Plasmas,AIP Publishing,Peer-reviewed journal article,candidate,False
P00462,10.1002/2015ja022224,Confirmation of EMIC wave‐driven relativistic electron precipitation,2016,Journal of Geophysical Research: Space Physics,American Geophysical Union (AGU),Peer-reviewed journal article,candidate,False
P00463,10.1002/2016ja023119,Conjugate hemisphere ionospheric response to the St. Patrick's Day storms of 2013 and 2015 in the 100°E longitude sector,2016,Journal of Geophysical Research: Space Physics,American Geophysical Union (AGU),Peer-reviewed journal article,candidate,False
P00464,10.1002/2016ja022774,"Conjugate observations of quasiperiodic emissions by the Cluster, Van Allen Probes, and THEMIS spacecraft",2016,Journal of Geophysical Research: Space Physics,American Geophysical Union (AGU),Peer-reviewed journal article,candidate,False
P00465,10.1016/j.asr.2016.03.023,Contribution of Latin–American scientists to the study of the magnetosphere of the Earth. A review,2016,Advances in Space Research,Elsevier BV,Peer-reviewed journal article,candidate,False
P00466,10.1002/2016ja022459,Dayside magnetospheric and ionospheric responses to solar wind pressure increase: Multispacecraft and ground observations,2016,Journal of Geophysical Research: Space Physics,American Geophysical Union (AGU),Peer-reviewed journal article,candidate,False
P00467,,Designing software to generate mesh model as a digital elevation model using engineering survey data and performing 3D Hydrographic analysis,2016,"37th Asian Conference on Remote Sensing, ACRS 2016",Asian Association on Remote Sensing,Conference paper,candidate,False
P00468,10.1002/2016gl070980,Dipolarization front and current disruption,2016,Geophysical Research Letters,American Geophysical Union (AGU),Peer-reviewed journal article,candidate,False
P00469,10.1002/2016ja022521,Direct evidence for EMIC wave scattering of relativistic electrons in space,2016,Journal of Geophysical Research: Space Physics,American Geophysical Union (AGU),Peer-reviewed journal article,candidate,False
P00470,10.1186/s40623-015-0378-9,Diurnal and seasonal behavior of the Hokkaido East SuperDARN ground backscatter: simulation and observation,2016,"Earth, Planets and Space",Springer Science and Business Media LLC,Peer-reviewed journal article,candidate,False
P00471,10.1002/2016rs005957,DOI only: 10.1002/2016rs005957,2016,Radio Science,Blackwell Publishing Ltd,Unknown,candidate,False
P00472,10.1002/2015ja022058,Dynamic effects of restoring footpoint symmetry on closed magnetic field lines,2016,Journal of Geophysical Research: Space Physics,American Geophysical Union (AGU),Peer-reviewed journal article,candidate,False
P00473,10.1002/2015ja021960,Edge of polar cap patches,2016,Journal of Geophysical Research: Space Physics,American Geophysical Union (AGU),Peer-reviewed journal article,candidate,False
P00474,10.1134/s0010952516010147,Effect of magnetic storms and substorms on GPS slips at high latitudes,2016,Cosmic Research,Pleiades Publishing,Peer-reviewed journal article,candidate,False
P00475,10.1002/pc.23417,Effects of anhydrites before and after modification as well as their contents on the thermal and mechanical properties of polyamide 6/anhydrite composites,2016,Polymer Composites,Wiley,Peer-reviewed journal article,candidate,False
P00476,10.1007/s00190-016-0931-8,Effects of space weather on GOCE electrostatic gravity gradiometer measurements,2016,Journal of Geodesy,Springer Nature,Peer-reviewed journal article,candidate,False
P00477,10.1016/j.jastp.2015.12.015,"Effects of the intense geomagnetic storm of September–October 2012 on the equatorial, low- and mid-latitude F region in the American and African sector during the unusual 24th solar cycle",2016,Journal of Atmospheric and Solar-Terrestrial Physics,Elsevier BV,Peer-reviewed journal article,candidate,False
P00478,10.1002/2015ja022264,ELF/VLF wave propagation at subauroral latitudes: Conjugate observation between the ground and Van Allen Probes A,2016,Journal of Geophysical Research: Space Physics,American Geophysical Union (AGU),Peer-reviewed journal article,candidate,False
P00479,10.1002/2015ja021968,"EMIC waves observed at geosynchronous orbit under quiet geomagnetic conditions (
                    <i>Kp</i>
                     ≤ 1)",2016,Journal of Geophysical Research: Space Physics,American Geophysical Union (AGU),Peer-reviewed journal article,candidate,False
P00480,10.1016/b978-0-443-14009-9.00010-9,Enhancing transboundary flood forecasting for early warnings in the Gash River basin,2016,Flood Forecasting,Elsevier,Book chapter,candidate,False
P00481,10.1016/j.jastp.2016.04.012,Equatorward evolution of auroras from the poleward auroral boundary,2016,Journal of Atmospheric and Solar-Terrestrial Physics,Elsevier,Peer-reviewed journal article,candidate,False
P00482,10.5194/angeo-34-379-2016,Equivalent currents associated with morning-sector geomagnetic Pc5  pulsations during auroral substorms,2016,Annales Geophysicae,Copernicus Publications,Peer-reviewed journal article,candidate,False
P00483,10.1016/j.geog.2016.02.001,Establishment and analysis of global gridded Tm − Ts relationship model,2016,Geodesy and Geodynamics,Elsevier BV,Peer-reviewed journal article,candidate,False
P00484,10.1007/n972015-01102,Establishment of a global zenith tropospheric delay model using multi-source data,2016,Kexue Tongbao/Chinese Science Bulletin,Chinese Academy of Sciences,Peer-reviewed journal article,candidate,False
P00485,10.1109/icl-gnss.2016.7533685,Evaluating the security of one-way key chains in TESLA-based GNSS Navigation Message Authentication schemes,2016,2016 International Conference on Localization and GNSS (ICL-GNSS),IEEE,Conference paper,candidate,False
P00486,10.1002/2016ja022391,Evolution of partial ring current ion pitch angle distributions during the main phase of a storm on 17 March 2015,2016,Journal of Geophysical Research: Space Physics,American Geophysical Union (AGU),Peer-reviewed journal article,candidate,False
P00487,10.1002/2016sw001461,Examination of the relationship between riometer-derived absorption and the integral proton flux in the context of modeling polar cap absorption,2016,Space Weather,American Geophysical Union (AGU),Peer-reviewed journal article,candidate,False
P00488,10.5139/ijass.2016.17.1.64,Extending Ionospheric Correction Coverage Area By Using A Neural Network Method,2016,International Journal of Aeronautical and Space Sciences,The Korean Society for Aeronautical & Space Sciences,Peer-reviewed journal article,candidate,False
P00489,10.3390/rs8050383,Fast and Accurate Plane Segmentation of Airborne LiDAR Point Cloud Using Cross-Line Elements,2016,Remote Sensing,MDPI AG,Peer-reviewed journal article,candidate,False
P00490,10.1002/2016gl070008,Fast modulations of pulsating proton aurora related to subpacket structures of Pc1 geomagnetic pulsations at subauroral latitudes,2016,Geophysical Research Letters,American Geophysical Union (AGU),Peer-reviewed journal article,candidate,False
P00491,10.1134/s001679321506002x,"Features of Pc5 pulsations in the geomagnetic field, auroral luminosity, and Riometer absorption",2016,Geomagnetism and Aeronomy,Pleiades Publishing,Peer-reviewed journal article,candidate,False
P00492,10.1002/2016rs006062,First observations from the RISR-C incoherent scatter radar,2016,Radio Science,American Geophysical Union (AGU),Peer-reviewed journal article,candidate,False
P00493,10.1186/s40623-016-0481-6,First results from the Swarm Dedicated Ionospheric Field Inversion chain,2016,"Earth, Planets and Space",Springer Science and Business Media LLC,Peer-reviewed journal article,candidate,False
P00494,10.1002/2015gl066978,"Full‐wave modeling of EMIC waves near the He
                    <sup>+</sup>
                    gyrofrequency",2016,Geophysical Research Letters,American Geophysical Union (AGU),Peer-reviewed journal article,candidate,False
P00495,10.1002/2015ja022318,Geomagnetic storms and EMIC waves: Van Allen Probe observations,2016,Journal of Geophysical Research: Space Physics,American Geophysical Union (AGU),Peer-reviewed journal article,candidate,False
P00496,10.1002/2016ja023344,Geomagnetically induced currents around the world during the 17 March 2015 storm,2016,Journal of Geophysical Research: Space Physics,American Geophysical Union (AGU),Peer-reviewed journal article,candidate,False
P00497,10.1109/usnc-ursi-nrsm.2016.7436250,GPS and radar data analysis of midlatitude ionospheric plasma wave irregularities,2016,2016 United States National Committee of URSI National Radio Science Meeting (USNC-URSI NRSM),IEEE,Conference paper,candidate,False
P00498,10.1002/2016ja023171,GPS phase scintillation at high latitudes during the geomagnetic storm of 17–18 March 2015,2016,Journal of Geophysical Research: Space Physics,American Geophysical Union (AGU),Peer-reviewed journal article,candidate,False
P00499,10.1002/2015ja022199,GPS scintillations in the high latitudes during periods of dayside and nightside reconnection,2016,Journal of Geophysical Research: Space Physics,American Geophysical Union (AGU),Peer-reviewed journal article,candidate,False
P00500,10.1002/2015ja022253,GPS TEC response to Pc4 “giant pulsations”,2016,Journal of Geophysical Research: Space Physics,American Geophysical Union (AGU),Peer-reviewed journal article,candidate,False
P00501,10.1002/2016ja022937,GPS TEC variations in the polar cap ionosphere: Solar wind and IMF dependence,2016,Journal of Geophysical Research: Space Physics,American Geophysical Union (AGU),Peer-reviewed journal article,candidate,False
P00502,10.1002/2016jd024935,HF radar observations of a quasi‐biennial oscillation in midlatitude mesospheric winds,2016,Journal of Geophysical Research: Atmospheres,American Geophysical Union (AGU),Peer-reviewed journal article,candidate,False
P00503,10.1002/2015ja022294,High‐latitude energy input and its impact on the thermosphere,2016,Journal of Geophysical Research: Space Physics,American Geophysical Union (AGU),Peer-reviewed journal article,candidate,False
P00504,10.1002/2015gl067580,High‐resolution auroral acceleration signatures within a highly dynamic onset arc,2016,Geophysical Research Letters,American Geophysical Union (AGU),Peer-reviewed journal article,candidate,False
P00505,10.1002/2015ja022235,High spatial resolution radar observations of ultralow frequency waves in the southern polar cap,2016,Journal of Geophysical Research: Space Physics,American Geophysical Union (AGU),Peer-reviewed journal article,candidate,False
P00506,10.1002/2015ja021862,High‐spatial‐resolution velocity measurements derived using Local Divergence‐Free Fitting of SuperDARN observations,2016,Journal of Geophysical Research: Space Physics,American Geophysical Union (AGU),Peer-reviewed journal article,candidate,False
P00507,10.1186/s40562-016-0057-0,Impact and mitigation of space weather effects on GNSS receiver performance,2016,Geoscience Letters,Springer Nature,Peer-reviewed journal article,candidate,False
P00508,10.1002/2016sw001527,Improving the twilight model for polar cap absorption nowcasts,2016,Space Weather,American Geophysical Union (AGU),Peer-reviewed journal article,candidate,False
P00509,10.1002/2016gl069840,Inverse energy dispersion of energetic ions observed in the magnetosheath,2016,Geophysical Research Letters,American Geophysical Union (AGU),Peer-reviewed journal article,candidate,False
P00510,10.1134/s0016793216060165,Investigation of isolated substorms: Generation conditions and characteristics of different phases,2016,Geomagnetism and Aeronomy,Pleiades Publishing Ltd,Peer-reviewed journal article,candidate,False
P00511,10.1063/1.4972541,Investigation of powder dynamics in silane-argon discharge using impedance analyser,2016,Physics of Plasmas,AIP Publishing,Peer-reviewed journal article,candidate,False
P00512,10.1002/2015rs005790,Investigation of the role of plasma wave cascading processes in the formation of midlatitude irregularities utilizing GPS and radar observations,2016,Radio Science,American Geophysical Union (AGU),Peer-reviewed journal article,candidate,False
P00513,10.1002/2016ja023128,Investigation of triggering of poleward moving auroral forms using satellite‐imager coordinated observations,2016,Journal of Geophysical Research: Space Physics,American Geophysical Union (AGU),Peer-reviewed journal article,candidate,False
P00514,10.1002/2016gl070248,Ionospheric conductances and currents of a morning sector auroral arc from Swarm‐A electric and magnetic field measurements,2016,Geophysical Research Letters,American Geophysical Union (AGU),Peer-reviewed journal article,candidate,False
P00515,10.1002/2016ja022788,Ionospheric electron number densities from CUTLASS dual‐frequency velocity measurements using artificial backscatter over EISCAT,2016,Journal of Geophysical Research: Space Physics,American Geophysical Union (AGU),Peer-reviewed journal article,candidate,False
P00516,10.1021/acs.jpca.6b01746,Is the Reaction of C<sub>3</sub>N<sup>–</sup> with C<sub>2</sub>H<sub>2</sub> a Possible Process for Chain Elongation in Titan’s Ionosphere?,2016,The Journal of Physical Chemistry A,American Chemical Society (ACS),Peer-reviewed journal article,candidate,False
P00517,10.5194/angeo-34-857-2016,"Large-scale coordinated observations of Pc5 pulsation
events",2016,Annales Geophysicae,Copernicus Publications,Peer-reviewed journal article,candidate,False
P00518,10.1007/s12036-016-9389-6,Large Scale Earth’s Bow Shock with Northern IMF as Simulated by PIC Code in Parallel with MHD Model,2016,Journal of Astrophysics and Astronomy,Springer Science and Business Media LLC,Peer-reviewed journal article,candidate,False
P00519,10.1186/s40623-016-0397-1,Latitudinal dependence on the frequency of Pi2 pulsations near the plasmapause using THEMIS satellites and Asian-Oceanian SuperDARN radars,2016,"Earth, Planets and Space",Springer Science and Business Media LLC,Peer-reviewed journal article,candidate,False
P00520,10.6038/cjg20161101,Local time dependence of ionospheric equinoctial asymmetry,2016,Acta Geophysica Sinica,,Unknown,candidate,False
P00521,10.1002/2016ja022665,Localized field‐aligned currents in the polar cap associated with airglow patches,2016,Journal of Geophysical Research: Space Physics,American Geophysical Union (AGU),Peer-reviewed journal article,candidate,False
P00522,10.1002/2015ja022128,Localized reconnection in the magnetotail driven by lobe flow channels: Global MHD simulation,2016,Journal of Geophysical Research: Space Physics,American Geophysical Union (AGU),Peer-reviewed journal article,candidate,False
P00523,10.1002/2015gl067536,Longitudinal frequency variation of long‐lasting EMIC Pc1‐Pc2 waves localized in the inner magnetosphere,2016,Geophysical Research Letters,American Geophysical Union (AGU),Peer-reviewed journal article,candidate,False
P00524,10.1002/2015ja022129,Lower thermospheric wind variations in auroral patches during the substorm recovery phase,2016,Journal of Geophysical Research: Space Physics,American Geophysical Union (AGU),Peer-reviewed journal article,candidate,False
P00525,10.1117/12.2247925,Magnetically oriented irregularities of the ionosphere and super dual auroral radar network (SuperDARN),2016,SPIE Proceedings,SPIE,Conference paper,candidate,False
P00526,10.1038/nphys3879,Magnetotail energy dissipation during an auroral substorm,2016,Nature Physics,Springer Nature,Peer-reviewed journal article,candidate,False
P00527,10.5194/angeo-34-55-2016,Mapping of steady-state electric fields and convective drifts in  geomagnetic fields – Part 1: Elementary models,2016,Annales Geophysicae,Copernicus GmbH,Peer-reviewed journal article,candidate,False
P00528,10.5194/angeo-34-67-2016,Mapping of steady-state electric fields and convective drifts in  geomagnetic fields – Part 2: The IGRF,2016,Annales Geophysicae,Copernicus GmbH,Peer-reviewed journal article,candidate,False
P00529,10.1002/2015ja021980,Midlatitude ionospheric responses to the 2013 SSW under high solar activity,2016,Journal of Geophysical Research: Space Physics,American Geophysical Union (AGU),Peer-reviewed journal article,candidate,False
P00530,10.1080/01431161.2016.1157642,"Modelling and mapping permafrost at high spatial resolution using Landsat and Radarsat images in northern Ontario, Canada: part 1 – model calibration",2016,International Journal of Remote Sensing,Informa UK Limited,Peer-reviewed journal article,candidate,False
P00531,10.1007/s11141-016-9629-2,Modification of the High-Latitude Ionospheric F Region By High-Power HF Radio Waves at Frequencies Near the fifth and Sixth Electron Gyroharmonics,2016,Radiophysics and Quantum Electronics,Springer Science and Business Media LLC,Peer-reviewed journal article,candidate,False
P00532,10.1002/2015ja022262,Modulation of the substorm current wedge by bursty bulk flows: 8 September 2002—Revisited,2016,Journal of Geophysical Research: Space Physics,American Geophysical Union (AGU),Peer-reviewed journal article,candidate,False
P00533,10.1002/2016rs006088,Morphology and possible origins of near‐range oblique HF backscatter at high and midlatitudes,2016,Radio Science,American Geophysical Union (AGU),Peer-reviewed journal article,candidate,False
P00534,10.1002/2016rs006096,MUF variability in the Arctic region: A statistical comparison with the ITU‐R variability factors,2016,Radio Science,American Geophysical Union (AGU),Peer-reviewed journal article,candidate,False
P00535,10.5194/angeo-34-985-2016,Multipoint spacecraft observations of long-lasting poloidal Pc4 pulsations in the dayside magnetosphere on 1–2 May 2014,2016,Annales Geophysicae,Copernicus GmbH,Peer-reviewed journal article,candidate,False
P00536,10.1002/2015ja022102,Multiradar observations of substorm‐driven ULF waves,2016,Journal of Geophysical Research: Space Physics,American Geophysical Union (AGU),Peer-reviewed journal article,candidate,False
P00537,10.1002/2015rs005880,Near real‐time input to a propagation model for nowcasting of HF communications with aircraft on polar routes,2016,Radio Science,American Geophysical Union (AGU),Peer-reviewed journal article,candidate,False
P00538,10.1142/s0218194016500297,Novel Research on a Fibration Knowledge-Based Solution for Engineered Surface Tolerances within the Modern GPS Context,2016,International Journal of Software Engineering and Knowledge Engineering,World Scientific Pub Co Pte Lt,Peer-reviewed journal article,candidate,False
P00539,10.1186/s40623-016-0476-3,Observations of high-latitude geomagnetic field fluctuations during St. Patrick’s Day storm: Swarm and SuperDARN measurements,2016,"Earth, Planets and Space",Springer Nature,Peer-reviewed journal article,candidate,False
P00540,10.1134/s0016793216010114,Observations of large-scale plasma convection in the magnetosphere with respect to the geomagnetic activity level,2016,Geomagnetism and Aeronomy,Pleiades Publishing Ltd,Peer-reviewed journal article,candidate,False
P00541,10.1002/2016ja023108,Occurrence of EMIC waves and plasmaspheric plasmas derived from THEMIS observations in the outer magnetosphere: Revisit,2016,Journal of Geophysical Research: Space Physics,American Geophysical Union (AGU),Peer-reviewed journal article,candidate,False
P00542,10.1002/2016ja022901,On the 630 nm red‐line pulsating aurora: Red‐line Emission Geospace Observatory observations and model simulations,2016,Journal of Geophysical Research: Space Physics,American Geophysical Union (AGU),Peer-reviewed journal article,candidate,False
P00543,10.1002/2016rs006134,On the consistency of the SuperDARN radar velocity and <b>E</b> × <b>B</b> plasma drift,2016,Radio Science,American Geophysical Union (AGU),Peer-reviewed journal article,candidate,False
P00544,10.5194/se-7-1537-2016,"On the mechanical behaviour of a low-angle normal fault: the Alto Tiberina fault (Northern Apennines, Italy) system case study",2016,Solid Earth,Copernicus GmbH,Peer-reviewed journal article,candidate,False
P00545,10.1002/2016rs005975,On the statistics of SuperDARN autocorrelation function estimates,2016,Radio Science,American Geophysical Union (AGU),Peer-reviewed journal article,candidate,False
P00546,10.3103/s0884591316030028,On the structure of azimuthally small-scale ulf oscillations of a hot space plasma in a curved magnetic field: Modes with discrete spectra,2016,Kinematics and Physics of Celestial Bodies,Allerton Press,Peer-reviewed journal article,candidate,False
P00547,10.1134/s0016793216010096,Peculiarities of the azimuthal propagation of perturbations in discrete auroral arcs during the substorm growth phase,2016,Geomagnetism and Aeronomy,Pleiades Publishing Ltd,Peer-reviewed journal article,candidate,False
P00548,10.1002/2015ja022221,Periodic creation of polar cap patches from auroral transients in the cusp,2016,Journal of Geophysical Research: Space Physics,American Geophysical Union (AGU),Peer-reviewed journal article,candidate,False
P00549,10.1002/2016rs006089,Phase calibration of interferometer arrays at high‐frequency radars,2016,Radio Science,American Geophysical Union (AGU),Peer-reviewed journal article,candidate,False
P00550,10.1002/2016ja022517,Physical mechanism causing rapid changes in ultrarelativistic electron pitch angle distributions right after a shock arrival: Evaluation of an electron dropout event,2016,Journal of Geophysical Research: Space Physics,American Geophysical Union (AGU),Peer-reviewed journal article,candidate,False
P00551,,"Plasmas and energetic processes in the geomagnetosphere: Volume II: Plasmas/magnetic and current sheets, reconnections, particle acceleration, and substorms",2016,"Plasmas and Energetic Processes in the Geomagnetosphere: Volume II: Plasmas/Magnetic and Current Sheets, Reconnections, Particle Acceleration, and Substorms","Nova Science Publishers, Inc.",Book,candidate,False
P00552,10.1002/2016ja022443,Polar cap patch transportation beyond the classic scenario,2016,Journal of Geophysical Research: Space Physics,American Geophysical Union (AGU),Peer-reviewed journal article,candidate,False
P00553,10.1051/e3sconf/20161202002,Polarisation properties of [SQUID]<sup>2</sup>horizontal components at the LSBB (<i>Laboratoire Souterrain à Bas Bruit</i>),2016,E3S Web of Conferences,EDP Sciences,Peer-reviewed journal article,candidate,False
P00554,10.1002/2015ja022214,Positive and negative GPS‐TEC ionospheric storm effects during the extreme space weather event of March 2015 over the Brazilian sector,2016,Journal of Geophysical Research: Space Physics,American Geophysical Union (AGU),Peer-reviewed journal article,candidate,False
P00555,10.1002/2015ja022123,"Possible generation mechanisms for Pc1 pearl structures in the ionosphere based on 6 years of ground observations in Canada, Russia, and Japan",2016,Journal of Geophysical Research: Space Physics,American Geophysical Union (AGU),Peer-reviewed journal article,candidate,False
P00556,10.1002/2016ja023360,Postmidnight ionospheric troughs in summer at high latitudes,2016,Journal of Geophysical Research: Space Physics,American Geophysical Union (AGU),Peer-reviewed journal article,candidate,False
P00557,10.1016/j.jastp.2016.10.002,"Preliminary observations and simulation of nocturnal variations of airglow temperature and emission rates at Pune (18.5°N), India",2016,Journal of Atmospheric and Solar-Terrestrial Physics,Elsevier BV,Peer-reviewed journal article,candidate,False
P00558,,"Proceedings of 2016 International Conference on Localization and GNSS, ICL-GNSS 2016",2016,"Proceedings of 2016 International Conference on Localization and GNSS, ICL-GNSS 2016",Institute of Electrical and Electronics Engineers Inc.,Conference paper,candidate,False
P00559,10.1109/fcs.2016.7546776,Progress on absolute calibrations of GNSS reception chains at CNES,2016,2016 IEEE International Frequency Control Symposium (IFCS),IEEE,Conference paper,candidate,False
P00560,10.1002/2015ja021681,Pulsating proton aurora caused by rising tone Pc1 waves,2016,Journal of Geophysical Research: Space Physics,American Geophysical Union (AGU),Peer-reviewed journal article,candidate,False
P00561,10.16943/ptinsa/2016/48499,Recent Advances in the Indian Tsunami Early Warning System,2016,Proceedings of the Indian National Science Academy,Indian National Science Academy,Peer-reviewed journal article,candidate,False
P00562,10.1134/s0016793216030105,Relationship between auroral oval poleward boundary intensifications and magnetic field variations in the solar wind,2016,Geomagnetism and Aeronomy,Pleiades Publishing Ltd,Peer-reviewed journal article,candidate,False
P00563,10.1103/physrevlett.117.215101,Relativistic Electrons Produced by Foreshock Disturbances Observed Upstream of Earth’s Bow Shock,2016,Physical Review Letters,American Physical Society (APS),Peer-reviewed journal article,candidate,False
P00564,10.1002/2016gl068039,Response of northern winter polar cap to auroral substorms,2016,Geophysical Research Letters,American Geophysical Union (AGU),Peer-reviewed journal article,candidate,False
P00565,10.1134/s0016793216060037,Response of the night aurora to a negative sudden impulse,2016,Geomagnetism and Aeronomy,Pleiades Publishing,Peer-reviewed journal article,candidate,False
P00566,10.1002/2016ja022943,Satellite‐beacon Ionospheric‐scintillation Global Model of the upper Atmosphere (SIGMA) II: Inverse modeling with high‐latitude observations to deduce irregularity physics,2016,Journal of Geophysical Research: Space Physics,American Geophysical Union (AGU),Peer-reviewed journal article,candidate,False
P00567,10.1002/2016ja022708,Scintillation and irregularities from the nightside part of a Sun‐aligned polar cap arc,2016,Journal of Geophysical Research: Space Physics,American Geophysical Union (AGU),Peer-reviewed journal article,candidate,False
P00568,10.5194/angeo-34-227-2016,Seasonal and solar cycle variations in the ionospheric convection reversal  boundary location inferred from monthly SuperDARN data sets,2016,Annales Geophysicae,Copernicus Publications,Peer-reviewed journal article,candidate,False
P00569,10.1002/2016ja022627,Selection of FUV auroral imagers for satellite missions,2016,Journal of Geophysical Research: Space Physics,American Geophysical Union (AGU),Peer-reviewed journal article,candidate,False
P00570,10.1002/2016ja022445,Signal propagation time from the magnetotail to the ionosphere: OpenGGCM simulation,2016,Journal of Geophysical Research: Space Physics,American Geophysical Union (AGU),Peer-reviewed journal article,candidate,False
P00571,10.1117/12.2223261,Simulation of a Doppler lidar system for autonomous navigation and hazard avoidance during planetary landing,2016,SPIE Proceedings,SPIE,Conference paper,candidate,False
P00572,10.1016/j.icarus.2015.08.021,Simultaneous multi-scale and multi-instrument observations of Saturn’s aurorae during the 2013 observing campaign,2016,Icarus,Elsevier BV,Peer-reviewed journal article,candidate,False
P00573,10.1145/3009939.3009954,Slicing the Aurora,2016,Proceedings of the 2016 ACM Companion on Interactive Surfaces and Spaces,ACM,Conference paper,candidate,False
P00574,10.1002/2016ja022664,Solar activity variability in the IRI at high latitudes: Comparisons with GPS total electron content,2016,Journal of Geophysical Research: Space Physics,American Geophysical Union (AGU),Peer-reviewed journal article,candidate,False
P00575,10.1002/9781118929216.ch6,Solar Cycle 24 Observations of Storm‐Enhanced Density and the Tongue of Ionization,2016,Geophysical Monograph Series,Wiley,Unknown,candidate,False
P00576,10.1002/2016ja023477,Solar wind‐driven Pc5 waves observed at a polar cap station and in the near cusp ionosphere,2016,Journal of Geophysical Research: Space Physics,American Geophysical Union (AGU),Peer-reviewed journal article,candidate,False
P00577,10.1002/2016ja022657,Source of the dayside cusp aurora,2016,Journal of Geophysical Research: Space Physics,American Geophysical Union (AGU),Peer-reviewed journal article,candidate,False
P00578,10.1002/2015ja022168,Sources and characteristics of medium‐scale traveling ionospheric disturbances observed by high‐frequency radars in the North American sector,2016,Journal of Geophysical Research: Space Physics,American Geophysical Union (AGU),Peer-reviewed journal article,candidate,False
P00579,10.21046/2070-7401-2016-13-5-204-215,Spatial variations of the ionosphere parameters over the Northern Hemisphere winter jet streams,2016,Current problems in remote sensing of the Earth from space,Space Research Institute RAS,Peer-reviewed journal article,candidate,False
P00580,10.1186/s40623-016-0471-8,Special issue “The 12th International Conference on Substorms”,2016,"Earth, Planets and Space",Springer Science and Business Media LLC,Peer-reviewed journal article,candidate,False
P00581,10.1002/2016ja022957,Spectral characteristics of steady quiet‐time EMIC waves observed at geosynchronous orbit,2016,Journal of Geophysical Research: Space Physics,American Geophysical Union (AGU),Peer-reviewed journal article,candidate,False
P00582,10.1186/s40623-016-0390-8,Statistical characteristics of medium-scale traveling ionospheric disturbances revealed from the Hokkaido East and Ekaterinburg HF radar data,2016,"Earth, Planets and Space",Springer Nature,Peer-reviewed journal article,candidate,False
P00583,10.1002/2016ja022801,Statistical properties of substorm auroral onset beads/rays,2016,Journal of Geophysical Research: Space Physics,American Geophysical Union (AGU),Peer-reviewed journal article,candidate,False
P00584,10.1002/2016ja022613,Statistical study of the GNSS phase scintillation associated with two types of auroral blobs,2016,Journal of Geophysical Research: Space Physics,American Geophysical Union (AGU),Peer-reviewed journal article,candidate,False
P00585,10.1002/2016ja022532,Strong ambipolar‐driven ion upflow within the cleft ion fountain during low geomagnetic activity,2016,Journal of Geophysical Research: Space Physics,American Geophysical Union (AGU),Peer-reviewed journal article,candidate,False
P00586,10.6038/cjg20160102,"Study on F-lacuna characteristics at Zhongshan station, Antarctic",2016,Acta Geophysica Sinica,,Unknown,candidate,False
P00587,10.1002/2016gl069114,Substorm onset: A switch on the sequence of transport from decreasing entropy to increasing entropy,2016,Geophysical Research Letters,American Geophysical Union (AGU),Peer-reviewed journal article,candidate,False
P00588,10.1002/2015ja021831,Substorm simulation: Quiet and N‐S arcs preceding auroral breakup,2016,Journal of Geophysical Research: Space Physics,American Geophysical Union (AGU),Peer-reviewed journal article,candidate,False
P00589,10.1002/2016rs005960,SuperDARN backscatter during intense geomagnetic storms,2016,Radio Science,American Geophysical Union (AGU),Peer-reviewed journal article,candidate,False
P00590,10.1002/2016rs006081,SuperDARN scalar radar equations,2016,Radio Science,American Geophysical Union (AGU),Peer-reviewed journal article,candidate,False
P00591,10.1002/2016ja023237,The 17 March 2013 storm: Synergy of observations related to electric field modes and their ionospheric and magnetospheric Effects,2016,Journal of Geophysical Research: Space Physics,American Geophysical Union (AGU),Peer-reviewed journal article,candidate,False
P00592,10.1002/2015ja022000,The “Alfvénic surge” at substorm onset/expansion and the formation of “Inverted Vs”: Cluster and IMAGE observations,2016,Journal of Geophysical Research: Space Physics,American Geophysical Union (AGU),Peer-reviewed journal article,candidate,False
P00593,10.1002/2016gl067766,The auroral ionosphere TEC response to an interplanetary shock,2016,Geophysical Research Letters,American Geophysical Union (AGU),Peer-reviewed journal article,candidate,False
P00594,10.1186/s40623-015-0354-4,"The AUTUMNX magnetometer meridian chain in Québec, Canada",2016,"Earth, Planets and Space",Springer Nature,Peer-reviewed journal article,candidate,False
P00595,10.1016/j.jastp.2015.11.005,THEMIS observations and riometry: A data comparison with a view to proxy and prediction,2016,Journal of Atmospheric and Solar-Terrestrial Physics,Elsevier BV,Peer-reviewed journal article,candidate,False
P00596,10.1016/j.jastp.2016.06.003,Thermosphere variation at different altitudes over the northern polar cap during magnetic storms,2016,Journal of Atmospheric and Solar-Terrestrial Physics,Elsevier BV,Peer-reviewed journal article,candidate,False
P00597,10.1002/9781118929216.ch11,Tomographic Reconstruction of Ionospheric Electron Density Using Altitude‐Dependent Regularization Strength over the Eastern Africa Longitude Sector,2016,Geophysical Monograph Series,Wiley,Book chapter,candidate,False
P00598,10.3141/2596-06,Understanding Freight Trip-Chaining Behavior Using a Spatial Data-Mining Approach with GPS Data,2016,Transportation Research Record: Journal of the Transportation Research Board,SAGE Publications,Peer-reviewed journal article,candidate,False
P00599,10.1002/2016ja022437,"Unsolved problems: Mesoscale polar cap flow channels' structure, propagation, and effects on space weather disturbances",2016,Journal of Geophysical Research: Space Physics,American Geophysical Union (AGU),Peer-reviewed journal article,candidate,False
P00600,10.1002/2016ja022841,Van Allen Probes observations of electromagnetic ion cyclotron waves triggered by enhanced solar wind dynamic pressure,2016,Journal of Geophysical Research: Space Physics,American Geophysical Union (AGU),Peer-reviewed journal article,candidate,False
P00601,10.1109/ecticon.2016.7561331,Variations of ionospheric slab thickness over the magnetic equator of Southeast Asia,2016,"2016 13th International Conference on Electrical Engineering/Electronics, Computer, Telecommunications and Information Technology (ECTI-CON)",IEEE,Conference paper,candidate,False
P00602,10.1134/s0016793216050066,Vertical plasma drift velocities in the polarization jet observation by ground Doppler measurements and driftmeters on DMSP satellites,2016,Geomagnetism and Aeronomy,Pleiades Publishing Ltd,Peer-reviewed journal article,candidate,False
P00603,10.1002/2017ja023915,"27 August 2001 substorm: Preonset phenomena, two main onsets, field‐aligned current systems, and plasma flow channels in the ionosphere and in the magnetosphere",2017,Journal of Geophysical Research: Space Physics,American Geophysical Union (AGU),Peer-reviewed journal article,candidate,False
P00604,10.1002/2016ja023391,A case study of EMIC waves associated with sudden geosynchronous magnetic field changes,2017,Journal of Geophysical Research: Space Physics,American Geophysical Union (AGU),Peer-reviewed journal article,candidate,False
P00605,10.1002/2016ja022630,A dedicated H‐beta meridian scanning photometer for proton aurora measurement,2017,Journal of Geophysical Research: Space Physics,American Geophysical Union (AGU),Peer-reviewed journal article,candidate,False
P00606,10.1002/2016rs006192,A neural network-based foF2 model for a single station in the polar cap,2017,Radio Science,American Geophysical Union (AGU),Peer-reviewed journal article,candidate,False
P00607,10.1007/s11356-017-8547-y,A new LDMI decomposition approach to explain emission development in the EU: individual and set contribution,2017,Environmental Science and Pollution Research,Springer Science and Business Media LLC,Peer-reviewed journal article,candidate,False
P00608,10.1002/2016ja023235,A new methodology for the development of high‐latitude ionospheric climatologies and empirical models,2017,Journal of Geophysical Research: Space Physics,American Geophysical Union (AGU),Peer-reviewed journal article,candidate,False
P00609,10.1109/sii.2017.8279226,A reliable communication and localization method for gas pipeline robot chain based on RSSI theory,2017,2017 IEEE/SICE International Symposium on System Integration (SII),IEEE,Conference paper,candidate,False
P00610,10.1186/s40623-017-0738-8,A statistical analysis of Pc1–2 waves at a near-cusp station in Antarctica,2017,"Earth, Planets and Space",Springer Science and Business Media LLC,Peer-reviewed journal article,candidate,False
P00611,10.5194/angeo-35-217-2017,A statistical study of the motion of pulsating aurora patches: using the THEMIS All-Sky Imager,2017,Annales Geophysicae,Copernicus Publications,Peer-reviewed journal article,candidate,False
P00612,10.1002/2016ja023527,"Alfvén waves in the auroral region, their Poynting flux, and reflection coefficient as estimated from Swarm observations",2017,Journal of Geophysical Research: Space Physics,American Geophysical Union (AGU),Peer-reviewed journal article,candidate,False
P00613,10.23919/ursigass.2017.8105114,Analysis of the ionospheric scintillations during 20–21 January 2016 from SANAE by means of the DemoGRAPE scintillation receivers,2017,2017 XXXIInd General Assembly and Scientific Symposium of the International Union of Radio Science (URSI GASS),IEEE,Conference paper,candidate,False
P00614,10.1186/s40562-017-0075-6,Auroral streamer and its role in driving wave-like pre-onset aurora,2017,Geoscience Letters,Springer Nature,Peer-reviewed journal article,candidate,False
P00615,10.1007/s11214-017-0363-7,Auroral Substorms: Search for Processes Causing the Expansion Phase in Terms of the Electric Current Approach,2017,Space Science Reviews,Springer Science and Business Media LLC,Peer-reviewed journal article,candidate,False
P00616,10.4267/2042/67877,Bercé avant la forêt. Premiers résultats des traitements cartographiques et prospections lidar sur la forêt de Bercé (Sarthe),2017,Revue Forestière Française,Universite de Bordeaux,Peer-reviewed journal article,candidate,False
P00617,10.1002/2016ja023789,Birkeland current boundary flows,2017,Journal of Geophysical Research: Space Physics,American Geophysical Union (AGU),Peer-reviewed journal article,candidate,False
P00618,10.1002/2017ja023991,"Comparative study of large‐scale auroral signatures of substorms, steady magnetospheric convection events, and sawtooth events",2017,Journal of Geophysical Research: Space Physics,American Geophysical Union (AGU),Peer-reviewed journal article,candidate,False
P00619,10.1007/s11207-017-1186-0,"Comprehensive Analysis of the Geoeffective Solar Event of 21 June 2015: Effects on the Magnetosphere, Plasmasphere, and Ionosphere Systems",2017,Solar Physics,Springer Nature,Peer-reviewed journal article,candidate,False
P00620,10.1002/2016ja023774,Conjugate observation of auroral finger‐like structures by ground‐based all‐sky cameras and THEMIS satellites,2017,Journal of Geophysical Research: Space Physics,American Geophysical Union (AGU),Peer-reviewed journal article,candidate,False
P00621,10.1002/2017ja024108,Conjugate observations of electromagnetic ion cyclotron waves associated with traveling convection vortex events,2017,Journal of Geophysical Research: Space Physics,American Geophysical Union (AGU),Peer-reviewed journal article,candidate,False
P00622,10.26464/epp2017005,Correlations between plasmapause evolutions and auroral signatures during substorms observed by Chang’e-3 EUV Camera,2017,Earth and Planetary Physics,Earth and Planetary Physics,Peer-reviewed journal article,candidate,False
P00623,10.1002/2017ja024393,Critical density gradients for small‐scale plasma irregularity generation in the <i>E</i> and <i>F</i> regions,2017,Journal of Geophysical Research: Space Physics,American Geophysical Union (AGU),Peer-reviewed journal article,candidate,False
P00624,,Data QA/QC in the IOOS Mid-Atlantic Regional Association Coastal Ocean Observation System,2017,OCEANS 2017 - Anchorage,Institute of Electrical and Electronics Engineers Inc.,Conference paper,candidate,False
P00625,10.1002/9781119216346.ch14,Dawn‐Dusk Asymmetries in Ultra‐Low‐Frequency Waves,2017,Geophysical Monograph Series,Wiley,Book chapter,candidate,False
P00626,10.1002/2017ja024507,Dependence of Electromagnetic Ion Cyclotron Wave Occurrence on North‐South Orientation of Interplanetary Magnetic Field: THEMIS Observations,2017,Journal of Geophysical Research: Space Physics,American Geophysical Union (AGU),Peer-reviewed journal article,candidate,False
P00627,10.5194/angeo-35-599-2017,Determinations of ionosphere and plasmasphere electron content for an African chain of GPS stations,2017,Annales Geophysicae,Copernicus GmbH,Peer-reviewed journal article,candidate,False
P00628,10.1002/2016ja023453,DOI only: 10.1002/2016ja023453,2017,Journal of Geophysical Research: Space Physics,Blackwell Publishing Ltd,Unknown,candidate,False
P00629,10.1002/2016rs006184,Dynamic analysis of the polar ionosphere using the GPS signal: Toward an optimization of the cutoff scale,2017,Radio Science,American Geophysical Union (AGU),Peer-reviewed journal article,candidate,False
P00630,10.1002/2016ja023033,Dynamic properties of throat aurora revealed by simultaneous ground and satellite observations,2017,Journal of Geophysical Research: Space Physics,American Geophysical Union (AGU),Peer-reviewed journal article,candidate,False
P00631,10.1002/2017rs006348,Elevation angle determination for SuperDARN HF radar layouts,2017,Radio Science,American Geophysical Union (AGU),Peer-reviewed journal article,candidate,False
P00632,10.1002/2017ja024389,EMIC wave parameterization in the long‐term VERB code simulation,2017,Journal of Geophysical Research: Space Physics,American Geophysical Union (AGU),Peer-reviewed journal article,candidate,False
P00633,10.1002/2016gl072316,EMIC wave scale size in the inner magnetosphere: Observations from the dual Van Allen Probes,2017,Geophysical Research Letters,American Geophysical Union (AGU),Peer-reviewed journal article,candidate,False
P00634,10.1002/2017ja023981,"Extensive electron transport and energization via multiple, localized dipolarizing flux bundles",2017,Journal of Geophysical Research: Space Physics,American Geophysical Union (AGU),Peer-reviewed journal article,candidate,False
P00635,10.1016/j.jastp.2017.02.003,First observations of electron gyro-harmonic effects under X-mode HF pumping the high latitude ionospheric F-region,2017,Journal of Atmospheric and Solar-Terrestrial Physics,Elsevier BV,Peer-reviewed journal article,candidate,False
P00636,10.1002/2016rs006142,First results of HF radio science with e‐POP RRI and SuperDARN,2017,Radio Science,American Geophysical Union (AGU),Peer-reviewed journal article,candidate,False
P00637,10.1002/2016ja023560,First simultaneous multistation observations of the polar cap thermospheric winds,2017,Journal of Geophysical Research: Space Physics,American Geophysical Union (AGU),Peer-reviewed journal article,candidate,False
P00638,10.1186/s40623-017-0696-1,"Geomagnetic and ionospheric response to the interplanetary shock on January 24, 2012",2017,"Earth, Planets and Space",Springer Nature,Peer-reviewed journal article,candidate,False
P00639,10.1007/s10291-017-0635-4,Global ionosphere map constructed by using total electron content from ground-based GNSS receiver and FORMOSAT-3/COSMIC GPS occultation experiment,2017,GPS Solutions,Springer Science and Business Media LLC,Peer-reviewed journal article,candidate,False
P00640,10.1002/2016ja023711,Global view of the <i>E</i> region irregularity and convection velocities in the high‐latitude Southern Hemisphere,2017,Journal of Geophysical Research: Space Physics,American Geophysical Union (AGU),Peer-reviewed journal article,candidate,False
P00641,10.1002/2017gl075774,GNSS Observations of Ionospheric Variations During the 21 August 2017 Solar Eclipse,2017,Geophysical Research Letters,American Geophysical Union (AGU),Peer-reviewed journal article,candidate,False
P00642,10.1016/j.jastp.2017.08.030,GPS amplitude and phase scintillation associated with polar cap auroral forms,2017,Journal of Atmospheric and Solar-Terrestrial Physics,Elsevier,Peer-reviewed journal article,candidate,False
P00643,10.23919/ursigass.2017.8105125,"GPS phase scintillation and auroral electrojet currents during geomagnetic storms of March 17, 2013 and 2015",2017,2017 XXXIInd General Assembly and Scientific Symposium of the International Union of Radio Science (URSI GASS),IEEE,Conference paper,candidate,False
P00644,10.1007/s10291-016-0581-6,"GPS–TEC response to the substorm onset during April 5, 2010, magnetic storm",2017,GPS Solutions,Springer Nature,Peer-reviewed journal article,candidate,False
P00645,10.1186/s40623-017-0745-9,Ground-based instruments of the PWING project to investigate dynamics of the inner magnetosphere at subauroral latitudes as a part of the ERG-ground coordinated observation network,2017,"Earth, Planets and Space",Springer Science and Business Media LLC,Peer-reviewed journal article,candidate,False
P00646,10.1002/2016rs006162,High‐frequency radar ground clutter spatial correlation analysis: Transverse ionospheric drift velocity,2017,Radio Science,American Geophysical Union (AGU),Peer-reviewed journal article,candidate,False
P00647,10.1002/2017ja024730,How Much Flux Does a Flux Transfer Event Transfer?,2017,Journal of Geophysical Research: Space Physics,American Geophysical Union (AGU),Peer-reviewed journal article,candidate,False
P00648,10.1002/2016ja023758,"Identifying the 630 nm auroral arc emission height: A comparison of the triangulation, FAC profile, and electron density methods",2017,Journal of Geophysical Research: Space Physics,American Geophysical Union (AGU),Peer-reviewed journal article,candidate,False
P00649,10.1002/2016ja023160,In situ statistical observations of Pc1 pearl pulsations and unstructured EMIC waves by the Van Allen Probes,2017,Journal of Geophysical Research: Space Physics,American Geophysical Union (AGU),Peer-reviewed journal article,candidate,False
P00650,10.1002/2017ja024198,Influence of Auroral Streamers on Rapid Evolution of Ionospheric SAPS Flows,2017,Journal of Geophysical Research: Space Physics,American Geophysical Union (AGU),Peer-reviewed journal article,candidate,False
P00651,10.1186/s40562-017-0092-5,Introduction to the thematic series “Coupling of the magnetosphere–ionosphere system”,2017,Geoscience Letters,Springer Science and Business Media LLC,Peer-reviewed journal article,candidate,False
P00652,10.1016/j.asr.2016.09.029,Investigation of third gyro-harmonic heating at HAARP using stimulated radio emissions and the MUIR and Kodiak radars,2017,Advances in Space Research,Elsevier,Peer-reviewed journal article,candidate,False
P00653,10.1002/2017sw001650,Ionosphere‐thermosphere energy budgets for the ICME storms of March 2013 and 2015 estimated with GITM and observational proxies,2017,Space Weather,American Geophysical Union (AGU),Peer-reviewed journal article,candidate,False
P00654,10.1002/2017ja024127,Ionospheric electron heating associated with pulsating auroras: A Swarm survey and model simulation,2017,Journal of Geophysical Research: Space Physics,American Geophysical Union (AGU),Peer-reviewed journal article,candidate,False
P00655,10.1016/j.jastp.2017.02.009,Ionospheric F-region observations over American sector during an intense space weather event using multi-instruments,2017,Journal of Atmospheric and Solar-Terrestrial Physics,Elsevier BV,Peer-reviewed journal article,candidate,False
P00656,10.1002/2017ja024460,Ionospheric Response to 22–23 June 2015 Storm as Investigated Using Ground‐Based Ionosondes and GPS Receivers Over India,2017,Journal of Geophysical Research: Space Physics,American Geophysical Union (AGU),Peer-reviewed journal article,candidate,False
P00657,10.1109/itsc.2017.8317727,Joint graph optimization towards crowd based mapping,2017,2017 IEEE 20th International Conference on Intelligent Transportation Systems (ITSC),IEEE,Conference paper,candidate,False
P00658,10.1007/s11214-016-0291-y,Key Ground-Based and Space-Based Assets to Disentangle Magnetic Field Sources in the Earth’s Environment,2017,Space Science Reviews,Springer Nature,Peer-reviewed journal article,candidate,False
P00659,10.1007/s11214-016-0269-9,Large Scale High-Latitude Ionospheric Electrodynamic Fields and Currents,2017,Space Science Reviews,Springer Nature,Peer-reviewed journal article,candidate,False
P00660,10.1002/2016gl071168,Localized polar cap precipitation in association with nonstorm time airglow patches,2017,Geophysical Research Letters,American Geophysical Union (AGU),Peer-reviewed journal article,candidate,False
P00661,10.1002/2016ja023392,Location of intense electromagnetic ion cyclotron (EMIC) wave events relative to the plasmapause: Van Allen Probes observations,2017,Journal of Geophysical Research: Space Physics,American Geophysical Union (AGU),Peer-reviewed journal article,candidate,False
P00662,10.1002/2016ja022814,Lower hybrid frequency range waves generated by ion polarization drift due to electromagnetic ion cyclotron waves: Analysis of an event observed by the Van Allen Probe B,2017,Journal of Geophysical Research: Space Physics,American Geophysical Union (AGU),Peer-reviewed journal article,candidate,False
P00663,10.6038/cjg20171224,Magnetic fields reduction to pseudo-gravity anomalies using multi-scale windows in the condition of non-uniform property and its application to searching for DSO,2017,Chinese Journal of Geophysics,,Peer-reviewed journal article,candidate,False
P00664,10.5194/angeo-35-505-2017,Magnetic reconnection during steady magnetospheric convection and other magnetospheric modes,2017,Annales Geophysicae,Copernicus Publications,Peer-reviewed journal article,candidate,False
P00665,10.1088/1755-1315/95/2/022042,Mechanization for Optimal Landscape Reclamation,2017,IOP Conference Series: Earth and Environmental Science,IOP Publishing,Peer-reviewed journal article,candidate,False
P00666,10.1201/b13886,Microwave Photonics,2017,"Microwave Photonics, Second Edition",CRC Press,Book chapter,candidate,False
P00667,10.1002/2016sw001499,Modeling geomagnetically induced currents,2017,Space Weather,American Geophysical Union (AGU),Peer-reviewed journal article,candidate,False
P00668,10.1002/2017sw001602,Modeling Geomagnetically Induced Currents From Magnetometer Measurements: Spatial Scale Assessed With Reference Measurements,2017,Space Weather,American Geophysical Union (AGU),Peer-reviewed journal article,candidate,False
P00669,10.23919/ursigass.2017.8105040,Multi-constellation GNSS scintillation at mid-latitudes,2017,2017 XXXIInd General Assembly and Scientific Symposium of the International Union of Radio Science (URSI GASS),IEEE,Conference paper,candidate,False
P00670,10.1002/2017gl075763,Nightside Ionospheric Convection Asymmetries During the Early Substorm Expansion Phase: Relationship to Onset Local Time,2017,Geophysical Research Letters,American Geophysical Union (AGU),Peer-reviewed journal article,candidate,False
P00671,10.1002/2017ja024708,Nightside Pi2 Wave Properties During an Extended Period With Stable Plasmapause Location and Variable Geomagnetic Activity,2017,Journal of Geophysical Research: Space Physics,American Geophysical Union (AGU),Peer-reviewed journal article,candidate,False
P00672,10.5194/angeo-35-365-2017,Non-triggered auroral substorms and long-period (1–4 mHz) geomagnetic and auroral luminosity pulsations in the polar cap,2017,Annales Geophysicae,Copernicus Publications,Peer-reviewed journal article,candidate,False
P00673,10.1002/2016ja023413,Observation of atomic oxygen O(<sup>1</sup>S) green‐line emission in the summer polar upper mesosphere associated with high‐energy (≥30 keV) electron precipitation during high‐speed solar wind streams,2017,Journal of Geophysical Research: Space Physics,American Geophysical Union (AGU),Peer-reviewed journal article,candidate,False
P00674,10.1002/2017ja024255,Observation of subsecond variations in auroral region total electron content using 100 Hz sampling of GPS observables,2017,Journal of Geophysical Research: Space Physics,American Geophysical Union (AGU),Peer-reviewed journal article,candidate,False
P00675,10.33012/2017.15405,Performances Monitoring and Analysis for KASS,2017,"ION GNSS+, The International Technical Meeting of the Satellite Division of The Institute of Navigation",Institute of Navigation,Conference paper,candidate,False
P00676,10.3319/tao.2016.09.19.01,PMSE long term observations using SuperDARN SANAE HF radar measurements,2017,"Terrestrial, Atmospheric and Oceanic Sciences",Springer Science and Business Media LLC,Peer-reviewed journal article,candidate,False
P00677,10.1002/2017gl073439,Polar cap hot patches: Enhanced density structures different from the classical patches in the ionosphere,2017,Geophysical Research Letters,American Geophysical Union (AGU),Peer-reviewed journal article,candidate,False
P00678,10.1002/9781119216346.ch13,Premidnight Preponderance of Dispersionless Ion and Electron Injections,2017,Geophysical Monograph Series,Wiley,Unknown,candidate,False
P00679,10.1002/2017ja023990,Propagation and evolution of electric fields associated with solar wind pressure pulses based on spacecraft and ground‐based observations,2017,Journal of Geophysical Research: Space Physics,American Geophysical Union (AGU),Peer-reviewed journal article,candidate,False
P00680,10.1002/2016ja023702,"Radar observations of density gradients, electric fields, and plasma irregularities near polar cap patches in the context of the gradient‐drift instability",2017,Journal of Geophysical Research: Space Physics,American Geophysical Union (AGU),Peer-reviewed journal article,candidate,False
P00681,10.1145/3152178.3152193,Rapid development of semantic 3D city models for urban energy analysis based on free and open data sources and software,2017,Proceedings of the 3rd ACM SIGSPATIAL Workshop on Smart Cities and Urban Analytics,ACM,Conference paper,candidate,False
P00682,10.1002/2017sw001665,Real‐time geomagnetic monitoring for space weather‐related applications: Opportunities and challenges,2017,Space Weather,American Geophysical Union (AGU),Peer-reviewed journal article,candidate,False
P00683,10.1109/dat.2017.7889184,Real time software based L1 C/A GPS receiver,2017,2017 Seminar on Detection Systems Architectures and Technologies (DAT),IEEE,Conference paper,candidate,False
P00684,10.23919/ursigass.2017.8105153,Receiver bias estimation and validation of e-POP GAP-O ionospheric radio occultation measurements,2017,2017 XXXIInd General Assembly and Scientific Symposium of the International Union of Radio Science (URSI GASS),IEEE,Conference paper,candidate,False
P00685,10.1016/j.quaint.2016.11.049,Reconstruction of Little Ice Age glacier area and equilibrium line attitudes in the central and western Himalaya,2017,Quaternary International,Elsevier BV,Peer-reviewed journal article,candidate,False
P00686,10.1016/j.jastp.2017.05.013,Regional TEC model under quiet geomagnetic conditions and low-to-moderate solar activity based on CODE GIMs,2017,Journal of Atmospheric and Solar-Terrestrial Physics,Elsevier BV,Peer-reviewed journal article,candidate,False
P00687,10.1002/2017ja024263,SAPS/SAID revisited: A causal relation to the substorm current wedge,2017,Journal of Geophysical Research: Space Physics,American Geophysical Union (AGU),Peer-reviewed journal article,candidate,False
P00688,10.23919/ursigass.2017.8105119,Satellite-beacon lonospheric-scintillation global model of the upper atmosphere (SIGMA): Enhancements and GPS signal propagation modeling,2017,2017 XXXIInd General Assembly and Scientific Symposium of the International Union of Radio Science (URSI GASS),IEEE,Conference paper,candidate,False
P00689,10.1002/2017ja024611,SC‐Associated Electric Field Variations in the Magnetosphere and Ionospheric Convective Flows,2017,Journal of Geophysical Research: Space Physics,American Geophysical Union (AGU),Peer-reviewed journal article,candidate,False
P00690,10.3390/s17050994,Scalability Issues for Remote Sensing Infrastructure: A Case Study,2017,Sensors,MDPI,Peer-reviewed journal article,candidate,False
P00691,10.1002/2016ja023695,Scale size‐dependent characteristics of the nightside aurora,2017,Journal of Geophysical Research: Space Physics,American Geophysical Union (AGU),Peer-reviewed journal article,candidate,False
P00692,10.1002/2017ja024156,Scaling Features of High‐Latitude Geomagnetic Field Fluctuations at Swarm Altitude: Impact of IMF Orientation,2017,Journal of Geophysical Research: Space Physics,American Geophysical Union (AGU),Peer-reviewed journal article,candidate,False
P00693,10.1002/2016ja023556,Seasonal effect for polar cap sunward plasma flows at strongly northward IMF <i>B<sub>z</sub></i>,2017,Journal of Geophysical Research: Space Physics,American Geophysical Union (AGU),Peer-reviewed journal article,candidate,False
P00694,10.1002/2017ja024485,Signatures of Ultrarelativistic Electron Loss in the Heart of the Outer Radiation Belt Measured by Van Allen Probes,2017,Journal of Geophysical Research: Space Physics,American Geophysical Union (AGU),Peer-reviewed journal article,candidate,False
P00695,10.1002/2017ja023995,Simultaneous Measurements of Substorm‐Related Electron Energization in the Ionosphere and the Plasma Sheet,2017,Journal of Geophysical Research: Space Physics,American Geophysical Union (AGU),Peer-reviewed journal article,candidate,False
P00696,10.1002/2017ja023904,Simultaneous observations of traveling convection vortices: Ionosphere‐thermosphere coupling,2017,Journal of Geophysical Research: Space Physics,American Geophysical Union (AGU),Peer-reviewed journal article,candidate,False
P00697,10.1002/2016ja023583,Simultaneous space and ground‐based observations of a plasmaspheric virtual resonance,2017,Journal of Geophysical Research: Space Physics,American Geophysical Union (AGU),Peer-reviewed journal article,candidate,False
P00698,10.1002/2016ja023827,Spatial dependence of electromagnetic ion cyclotron waves triggered by solar wind dynamic pressure enhancements,2017,Journal of Geophysical Research: Space Physics,American Geophysical Union (AGU),Peer-reviewed journal article,candidate,False
P00699,10.1007/s10291-017-0664-z,Spectral characteristics of auroral region scintillation using 100 Hz sampling,2017,GPS Solutions,Springer Nature,Peer-reviewed journal article,candidate,False
P00700,10.1002/2016gl071826,Statistical azimuthal structuring of the substorm onset arc: Implications for the onset mechanism,2017,Geophysical Research Letters,American Geophysical Union (AGU),Peer-reviewed journal article,candidate,False
P00701,10.1002/2017ja024131,Statistical characterization of the large‐scale structure of the subauroral polarization stream,2017,Journal of Geophysical Research: Space Physics,American Geophysical Union (AGU),Peer-reviewed journal article,candidate,False
P00702,10.33012/2017.15264,Statistical Model Based on Markov Chain for GPS and BDS Signal in Different Environments,2017,"ION GNSS+, The International Technical Meeting of the Satellite Division of The Institute of Navigation",Institute of Navigation,Conference paper,candidate,False
P00703,10.1002/2016ja022673,Stellar spectral flux calibration of auroral H‐beta photometer signal and background channels,2017,Journal of Geophysical Research: Space Physics,American Geophysical Union (AGU),Peer-reviewed journal article,candidate,False
P00704,10.1016/j.asr.2017.06.042,Study of ionospheric disturbances over Mexico associated with transient space weather events,2017,Advances in Space Research,Elsevier BV,Peer-reviewed journal article,candidate,False
P00705,10.1016/j.asr.2017.07.010,"Study of ionospheric precursors using GPS and GIM-TEC data related to earthquakes occurred on 16 April and 24 September, 2013 in Pakistan region",2017,Advances in Space Research,Elsevier BV,Peer-reviewed journal article,candidate,False
P00706,10.21046/2070-7401-2017-14-4-235-248,Studying the ionosphere response to severe geomagnetic storm  in March 2015 according to Eurasian ionosonde chain,2017,Sovremennye problemy distantsionnogo zondirovaniya Zemli iz kosmosa,Space Research Institute RAS,Peer-reviewed journal article,candidate,False
P00707,10.1002/2017ja024439,Swarm Observation of Field‐Aligned Currents Associated With Multiple Auroral Arc Systems,2017,Journal of Geophysical Research: Space Physics,American Geophysical Union (AGU),Peer-reviewed journal article,candidate,False
P00708,10.1002/2017ja024250,"Systems science of the magnetosphere: Creating indices of substorm activity, of the substorm‐injected electron population, and of the electron radiation belt",2017,Journal of Geophysical Research: Space Physics,American Geophysical Union (AGU),Peer-reviewed journal article,candidate,False
P00709,10.1002/2017sw001615,Testing nowcasts of the ionospheric convection from the expanding and contracting polar cap model,2017,Space Weather,American Geophysical Union (AGU),Peer-reviewed journal article,candidate,False
P00710,10.1002/2017ja024238,Testing the expanding‐contracting polar cap paradigm,2017,Journal of Geophysical Research: Space Physics,American Geophysical Union (AGU),Peer-reviewed journal article,candidate,False
P00711,10.5194/gi-6-377-2017,The effect of winding and core support material on the thermal gain dependence of a fluxgate magnetometer sensor,2017,"Geoscientific Instrumentation, Methods and Data Systems",Copernicus Publications,Peer-reviewed journal article,candidate,False
P00712,10.1002/2017ja024398,The Empirical Canadian High Arctic Ionospheric Model (E‐CHAIM): <i>N</i><sub><i>m</i></sub><i>F</i><sub>2</sub> and <i>h</i><sub><i>m</i></sub><i>F</i><sub>2</sub>,2017,Journal of Geophysical Research: Space Physics,American Geophysical Union (AGU),Peer-reviewed journal article,candidate,False
P00713,10.1002/2016rs006186,The importance of elevation angle measurements in HF radar investigations of the ionosphere,2017,Radio Science,American Geophysical Union (AGU),Peer-reviewed journal article,candidate,False
P00714,10.1002/2017rs006329,The importance of international collaboration in space research,2017,Radio Science,American Geophysical Union (AGU),Peer-reviewed journal article,candidate,False
P00715,10.1007/s41614-017-0011-4,The interaction of ultra-low-frequency pc3-5 waves with charged particles in Earth’s magnetosphere,2017,Reviews of Modern Plasma Physics,Springer Science and Business Media LLC,Peer-reviewed journal article,candidate,False
P00716,10.1002/2017ja024237,The occurrence and wave properties of EMIC waves observed by the Magnetospheric Multiscale (MMS) mission,2017,Journal of Geophysical Research: Space Physics,American Geophysical Union (AGU),Peer-reviewed journal article,candidate,False
P00717,10.1109/piers.2017.8262055,The response of the ionospheric TEC on travelling convection vortices,2017,2017 Progress In Electromagnetics Research Symposium - Spring (PIERS),IEEE,Conference paper,candidate,False
P00718,10.1002/9781119216346.ch9,Time‐Dependence of Dawn‐Dusk Asymmetries in the Terrestrial Ionospheric Convection Pattern,2017,Geophysical Monograph Series,Wiley,Book chapter,candidate,False
P00719,10.2205/2017es000606,Time-spatial correspondence between Pi2 wave power and ultra-violet aurora bursts,2017,Russian Journal of Earth Sciences,Geophysical Center of the Russian Academy of Sciences,Peer-reviewed journal article,candidate,False
P00720,10.1002/2016ja023650,"Total electron content disturbances during minor sudden stratospheric warming, over the Brazilian region: A case study during January 2012",2017,Journal of Geophysical Research: Space Physics,American Geophysical Union (AGU),Peer-reviewed journal article,candidate,False
P00721,10.5194/angeo-35-777-2017,Tracking patchy pulsating aurora through all-sky images,2017,Annales Geophysicae,Copernicus Publications,Peer-reviewed journal article,candidate,False
P00722,10.1002/2016ja023830,Transpolar arcs observed simultaneously in both hemispheres,2017,Journal of Geophysical Research: Space Physics,American Geophysical Union (AGU),Peer-reviewed journal article,candidate,False
P00723,10.1145/3144457.3144502,Trusted Operations On Mobile Phones,2017,"Proceedings of the 14th EAI International Conference on Mobile and Ubiquitous Systems: Computing, Networking and Services",ACM,Conference paper,candidate,False
P00724,10.1002/2017gl072811,Ultra‐relativistic radiation belt extinction and ULF wave radial diffusion: Modeling the September 2014 extended dropout event,2017,Geophysical Research Letters,American Geophysical Union (AGU),Peer-reviewed journal article,candidate,False
P00725,10.1186/s40562-017-0089-0,Using ultra-low frequency waves and their characteristics to diagnose key physics of substorm onset,2017,Geoscience Letters,Springer Nature,Peer-reviewed journal article,candidate,False
P00726,10.1002/2017ja024022,"Variation of atmospheric electric field measured at Vostok, Antarctica, during St. Patrick's Day storms on 24th solar cycle",2017,Journal of Geophysical Research: Space Physics,American Geophysical Union (AGU),Peer-reviewed journal article,candidate,False
P00727,,"1st International Conference on Future Internet Technologies and Trends, ICFITT 2017",2018,"Lecture Notes of the Institute for Computer Sciences, Social-Informatics and Telecommunications Engineering, LNICST",Springer Verlag,Conference paper,candidate,False
P00728,10.1002/2017ja024972,A Case Study of Connection Between Ground Magnetic Field Perturbations and Tail Current Sheet Bursty Flows at <i>X</i> = −60 <i>R</i><sub><i>E</i></sub>,2018,Journal of Geophysical Research: Space Physics,American Geophysical Union (AGU),Peer-reviewed journal article,candidate,False
P00729,10.1029/2018gl078589,A Case Study of Near‐Earth Magnetotail Conditions at Substorm and Pseudosubstorm Onsets,2018,Geophysical Research Letters,American Geophysical Union (AGU),Peer-reviewed journal article,candidate,False
P00730,10.1002/2017ja025026,A Comparative Study of Spectral Auroral Intensity Predictions From Multiple Electron Transport Models,2018,Journal of Geophysical Research: Space Physics,American Geophysical Union (AGU),Peer-reviewed journal article,candidate,False
P00731,10.1029/2018ja025690,A New Empirical Model of the Subauroral Polarization Stream,2018,Journal of Geophysical Research: Space Physics,American Geophysical Union (AGU),Peer-reviewed journal article,candidate,False
P00732,10.1186/s40623-018-0962-x,"A new five-wavelength photometer operated in Tromsø (69.6°N, 19.2°E)",2018,"Earth, Planets and Space",Springer Nature,Peer-reviewed journal article,candidate,False
P00733,10.1029/2018gl080280,A New N<sup>+</sup> Band of Electromagnetic Ion Cyclotron Waves in Multi‐Ion Cold Plasmas,2018,Geophysical Research Letters,American Geophysical Union (AGU),Peer-reviewed journal article,candidate,False
P00734,10.1007/s12036-018-9561-2,A new technique for understanding magnetosphere–ionosphere coupling using directional derivatives of SuperDARN convection flow,2018,Journal of Astrophysics and Astronomy,Springer Nature,Peer-reviewed journal article,candidate,False
P00735,10.1029/2018rs006600,A Polar‐Cap Patch Detection Algorithm for the Advanced Modular Incoherent Scatter Radar System,2018,Radio Science,American Geophysical Union (AGU),Peer-reviewed journal article,candidate,False
P00736,10.1029/2017jb015257,A Robust Estimation of the 3‐D Intraplate Deformation of the North American Plate From GPS,2018,Journal of Geophysical Research: Solid Earth,American Geophysical Union (AGU),Peer-reviewed journal article,candidate,False
P00737,10.1029/2018ja025368,A Statistical Analysis of STEVE,2018,Journal of Geophysical Research: Space Physics,American Geophysical Union (AGU),Peer-reviewed journal article,candidate,False
P00738,10.1051/swsc/2018037,A statistical approach to estimate Global Navigation Satellite Systems (GNSS) receiver signal tracking performance in the presence of ionospheric scintillation,2018,Journal of Space Weather and Space Climate,EDP Sciences,Peer-reviewed journal article,candidate,False
P00739,10.1029/2018gl077491,A Statistical Survey of the 630.0‐nm Optical Signature of Periodic Auroral Arcs Resulting From Magnetospheric Field Line Resonances,2018,Geophysical Research Letters,American Geophysical Union (AGU),Peer-reviewed journal article,candidate,False
P00740,10.1029/2018sw001911,A Study of Intense Local d<i>B</i>/d<i>t</i> Variations During Two Geomagnetic Storms,2018,Space Weather,American Geophysical Union (AGU),Peer-reviewed journal article,candidate,False
P00741,,A Study on the development of a radar data 3d profile technique using the unity 3d engine,2018,"Proceedings - 39th Asian Conference on Remote Sensing: Remote Sensing Enabling Prosperity, ACRS 2018",Asian Association on Remote Sensing,Conference paper,candidate,False
P00742,10.33012/2018.15611,Absolute Group Delay Characterization of GNSS Antennas for Reference Receiver Chains,2018,The Precise Time and Time Interval Systems and Applications Meeting,Institute of Navigation,Conference paper,candidate,False
P00743,10.1002/2017gl076051,Alfvénic Dynamics and Fine Structuring of Discrete Auroral Arcs: Swarm and e‐POP Observations,2018,Geophysical Research Letters,American Geophysical Union (AGU),Peer-reviewed journal article,candidate,False
P00744,10.1007/s11431-017-9178-4,Algorithm for the estimation of ionosphere parameters from ground scatter echoes of SuperDARN,2018,Science China Technological Sciences,Springer Nature,Peer-reviewed journal article,candidate,False
P00745,10.1016/j.asr.2018.02.014,Application of small-size antennas for estimation of angles of arrival of HF signals scattered by ionospheric irregularities,2018,Advances in Space Research,Elsevier BV,Peer-reviewed journal article,candidate,False
P00746,10.1016/j.jastp.2018.03.022,Attenuation of decameter wavelength sky noise during x-ray solar flares in 2013–2017 based on the observations of midlatitude HF radars,2018,Journal of Atmospheric and Solar-Terrestrial Physics,Elsevier,Peer-reviewed journal article,candidate,False
P00747,10.1016/j.enggeo.2018.05.007,Automated measurements of discontinuity geometric properties from a 3D-point cloud based on a modified region growing algorithm,2018,Engineering Geology,Elsevier BV,Peer-reviewed journal article,candidate,False
P00748,10.1029/2018ja025274,Automatic Classification of Auroral Images From the Oslo Auroral THEMIS (OATH) Data Set Using Machine Learning,2018,Journal of Geophysical Research: Space Physics,American Geophysical Union (AGU),Peer-reviewed journal article,candidate,False
P00749,10.1109/elnano.2018.8477544,Calculation of the Height-Time Dependence of the Electron Density of the Ionospheric Plasma Under Instability of the Incoherent Scatter Radar Constant,2018,2018 IEEE 38th International Conference on Electronics and Nanotechnology (ELNANO),IEEE,Conference paper,candidate,False
P00750,10.1029/2018rs006638,Calibrating HF Radar Elevation Angle Measurements Using <i>E</i> Layer Backscatter Echoes,2018,Radio Science,American Geophysical Union (AGU),Peer-reviewed journal article,candidate,False
P00751,10.1029/2017rs006492,Calibrating SuperDARN Interferometers Using Meteor Backscatter,2018,Radio Science,American Geophysical Union (AGU),Peer-reviewed journal article,candidate,False
P00752,10.1029/2017ja024980,Characteristics of Equatorial and Low‐Latitude Plasma Irregularities as Investigated Using a Meridional Chain of Radio Experiments Over India,2018,Journal of Geophysical Research: Space Physics,American Geophysical Union (AGU),Peer-reviewed journal article,candidate,False
P00753,10.1002/2017rs006488,Characterization of Short‐Wave Fadeout Seen in Daytime SuperDARN Ground Scatter Observations,2018,Radio Science,American Geophysical Union (AGU),Peer-reviewed journal article,candidate,False
P00754,10.1029/2017rs006496,Citizen Radio Science: An Analysis of Amateur Radio Transmissions With e‐POP RRI,2018,Radio Science,American Geophysical Union (AGU),Peer-reviewed journal article,candidate,False
P00755,10.1016/b978-0-12-812700-1.00026-1,Dealing With Space Weather: The Canadian Experience,2018,Extreme Events in Geospace,Elsevier,Book chapter,candidate,False
P00756,10.1002/2017ja024543,Deriving Global Convection Maps From SuperDARN Measurements,2018,Journal of Geophysical Research: Space Physics,Wiley,Peer-reviewed journal article,candidate,False
P00757,10.23919/ursi-at-rasc.2018.8471348,Development of Improved Ionospheric Empirical Model and Software for HF Ray Tracing,2018,2018 2nd URSI Atlantic Radio Science Meeting (AT-RASC),IEEE,Conference paper,candidate,False
P00758,10.1002/2017ja024713,Diagnosing the Role of Alfvén Waves in Magnetosphere‐Ionosphere Coupling: Swarm Observations of Large Amplitude Nonstationary Magnetic Perturbations During an Interval of Northward IMF,2018,Journal of Geophysical Research: Space Physics,American Geophysical Union (AGU),Peer-reviewed journal article,candidate,False
P00759,10.5194/angeo-36-891-2018,Differentiating diffuse auroras based on phenomenology,2018,Annales Geophysicae,Copernicus Publications,Peer-reviewed journal article,candidate,False
P00760,10.1002/2017gl076486,Discovery of 1 Hz Range Modulation of Isolated Proton Aurora at Subauroral Latitudes,2018,Geophysical Research Letters,American Geophysical Union (AGU),Peer-reviewed journal article,candidate,False
P00761,10.2151/sola.2018-034,Distribution of the Annual Precipitation Ratio of Radar/Raingauge-Analyzed Precipitation to AMeDAS across Japan,2018,SOLA,Springer Science and Business Media LLC,Peer-reviewed journal article,candidate,False
P00762,10.1002/2017ja025141,Diurnal Variations in Global Joule Heating Morphology and Magnitude Due To Neutral Winds,2018,Journal of Geophysical Research: Space Physics,American Geophysical Union (AGU),Peer-reviewed journal article,candidate,False
P00763,10.1016/j.jastp.2017.09.013,Driving of strong nightside reconnection and geomagnetic activity by polar cap flows: Application to CME shocks and possibly other situations,2018,Journal of Atmospheric and Solar-Terrestrial Physics,Elsevier,Peer-reviewed journal article,candidate,False
P00764,10.1029/2018gl080145,Electrostatic Electron Cyclotron Harmonic Waves as a Candidate to Cause Pulsating Auroras,2018,Geophysical Research Letters,American Geophysical Union (AGU),Peer-reviewed journal article,candidate,False
P00765,10.1029/2018ja025505,EMIC Wave Events During the Four GEM QARBM Challenge Intervals,2018,Journal of Geophysical Research: Space Physics,American Geophysical Union (AGU),Peer-reviewed journal article,candidate,False
P00766,10.1016/j.asr.2018.04.010,Empirical forecast of quiet time ionospheric Total Electron Content maps over Europe,2018,Advances in Space Research,Elsevier BV,Peer-reviewed journal article,candidate,False
P00767,10.1134/s0016793218030064,Empirical Model of the Location of the Main Ionospheric Trough,2018,Geomagnetism and Aeronomy,Pleiades Publishing Ltd,Peer-reviewed journal article,candidate,False
P00768,10.1029/2018gl077969,Energetic Electron Injections Deep Into the Inner Magnetosphere: A Result of the Subauroral Polarization Stream (SAPS) Potential Drop,2018,Geophysical Research Letters,American Geophysical Union (AGU),Peer-reviewed journal article,candidate,False
P00769,10.1029/2018gl080222,Energetic Electron Precipitation Associated With Pulsating Aurora Observed by VLF Radio Propagation During the Recovery Phase of a Substorm on 27 March 2017,2018,Geophysical Research Letters,American Geophysical Union (AGU),Peer-reviewed journal article,candidate,False
P00770,10.1002/2017rs006453,Enhanced Polar Outflow Probe Ionospheric Radio Occultation Measurements at High Latitudes: Receiver Bias Estimation and Comparison With Ground‐Based Observations,2018,Radio Science,American Geophysical Union (AGU),Peer-reviewed journal article,candidate,False
P00771,10.1111/1365-2664.13194,Evaluating spatially explicit density estimates of unmarked wildlife detected by remote cameras,2018,Journal of Applied Ecology,Wiley,Peer-reviewed journal article,candidate,False
P00772,10.1029/2018sw001905,Examining the Potential of the Super Dual Auroral Radar Network for Monitoring the Space Weather Impact of Solar X‐Ray Flares,2018,Space Weather,American Geophysical Union (AGU),Peer-reviewed journal article,candidate,False
P00773,10.1016/j.asr.2017.09.037,Examining the use of the NeQuick bottomside and topside parameterizations at high latitudes,2018,Advances in Space Research,Elsevier,Peer-reviewed journal article,candidate,False
P00774,10.1002/2017ja024805,Experimental Evidence on the Dependence of the Standard GPS Phase Scintillation Index on the Ionospheric Plasma Drift Around Noon Sector of the Polar Ionosphere,2018,Journal of Geophysical Research: Space Physics,American Geophysical Union (AGU),Peer-reviewed journal article,candidate,False
P00775,10.1007/s11042-017-4535-y,Extraction of digital terrain model based on regular mesh generation in mountainous areas,2018,Multimedia Tools and Applications,Springer Science and Business Media LLC,Peer-reviewed journal article,candidate,False
P00776,10.1007/s11141-018-9832-4,First Joint Observations of Radio Aurora by the VHF and HF Radars of the ISTP SB RAS,2018,Radiophysics and Quantum Electronics,Springer Science and Business Media LLC,Peer-reviewed journal article,candidate,False
P00777,10.1002/2017gl076485,Flow Shears at the Poleward Boundary of Omega Bands Observed During Conjunctions of Swarm and THEMIS ASI,2018,Geophysical Research Letters,American Geophysical Union (AGU),Peer-reviewed journal article,candidate,False
P00778,10.1109/dasc.2018.8569745,Generating Representative Small UAS Trajectories using Open Source Data,2018,2018 IEEE/AIAA 37th Digital Avionics Systems Conference (DASC),IEEE,Conference paper,candidate,False
P00779,10.1186/s40623-018-0933-2,"Ground geomagnetic field and GIC response to March 17, 2015, storm",2018,"Earth, Planets and Space",Springer Nature,Peer-reviewed journal article,candidate,False
P00780,10.1029/2018sw001841,High‐Frequency Geomagnetic Fluctuations at Auroral Oval and Polar Cap,2018,Space Weather,American Geophysical Union (AGU),Peer-reviewed journal article,candidate,False
P00781,10.1109/lgrs.2018.2856185,High-Frequency Over-the-Horizon Radar in Canada,2018,IEEE Geoscience and Remote Sensing Letters,Institute of Electrical and Electronics Engineers (IEEE),Peer-reviewed journal article,candidate,False
P00782,10.1049/cp.2018.0383,Increased reliability of outdoor millimeter-wave link simulations by leveraging lidar point cloud,2018,12th European Conference on Antennas and Propagation (EuCAP 2018),Institution of Engineering and Technology,Conference paper,candidate,False
P00783,10.1029/2017ja025165,Interannual Variability of the Daytime Equatorial Ionospheric Electric Field,2018,Journal of Geophysical Research: Space Physics,American Geophysical Union (AGU),Peer-reviewed journal article,candidate,False
P00784,10.1002/2017ja024644,Interhemispheric Asymmetry of the Sunward Plasma Flows for Strongly Dominant IMF <i>B</i><sub><i>Z</i></sub> &gt; 0,2018,Journal of Geophysical Research: Space Physics,American Geophysical Union (AGU),Peer-reviewed journal article,candidate,False
P00785,10.1029/2018sw001956,Investigating Upper Atmospheric Joule Heating Using Cross‐Combination of Data for Two Moderate Substorm Cases,2018,Space Weather,American Geophysical Union (AGU),Peer-reviewed journal article,candidate,False
P00786,10.1029/2018ja025354,Ion Injection Triggered EMIC Waves in the Earth's Magnetosphere,2018,Journal of Geophysical Research: Space Physics,American Geophysical Union (AGU),Peer-reviewed journal article,candidate,False
P00787,10.1029/2017ja025138,Ionospheric Electron Heating Associated With Pulsating Auroras: Joint Optical and PFISR Observations,2018,Journal of Geophysical Research: Space Physics,American Geophysical Union (AGU),Peer-reviewed journal article,candidate,False
P00788,10.1016/j.jastp.2017.08.033,Ionospheric response to winter stratosphere/lower mesosphere jet stream in the Northern Hemisphere as derived from vertical radio sounding data,2018,Journal of Atmospheric and Solar-Terrestrial Physics,Elsevier BV,Peer-reviewed journal article,candidate,False
P00789,10.21046/2070-7401-2018-15-4-295-307,Ionospheric variability over Europe in winter from  the ionosonde and GPS/GLONASS data,2018,Sovremennye problemy distantsionnogo zondirovaniya Zemli iz kosmosa,Space Research Institute RAS,Peer-reviewed journal article,candidate,False
P00790,10.1029/2018ja025744,IPIM Modeling of the Ionospheric <i>F</i><sub>2</sub> Layer Depletion at High Latitudes During a High‐Speed Stream Event,2018,Journal of Geophysical Research: Space Physics,American Geophysical Union (AGU),Peer-reviewed journal article,candidate,False
P00791,10.1029/2017rs006435,"Large‐Scale Comparison of Polar Cap Ionospheric Velocities Measured by RISR‐C, RISR‐N, and SuperDARN",2018,Radio Science,American Geophysical Union (AGU),Peer-reviewed journal article,candidate,False
P00792,10.1029/2018gl080693,Large‐Scale Ducting of Pc1 Pulsations Observed by Swarm Satellites and Multiple Ground Networks,2018,Geophysical Research Letters,American Geophysical Union (AGU),Peer-reviewed journal article,candidate,False
P00793,10.1007/s40328-018-0221-4,Latitudinal variation of F-region ionospheric response during three strongest geomagnetic storms of 2015,2018,Acta Geodaetica et Geophysica,Springer Science and Business Media LLC,Peer-reviewed journal article,candidate,False
P00794,10.1088/1757-899x/301/1/012037,LIDAR Point Cloud Data Extraction and Establishment of 3D Modeling of Buildings,2018,IOP Conference Series: Materials Science and Engineering,IOP Publishing,Peer-reviewed journal article,candidate,False
P00795,,Locating equipment for exact determination of strip geometrical parameters in the complicated production conditions,2018,Chernye Metally,"""Ore and Metals"" Publishing house",Peer-reviewed journal article,candidate,False
P00796,10.1029/2018ja026003,Long‐Lasting Poloidal ULF Waves Observed by Multiple Satellites and High‐Latitude SuperDARN Radars,2018,Journal of Geophysical Research: Space Physics,American Geophysical Union (AGU),Peer-reviewed journal article,candidate,False
P00797,10.1109/plans.2018.8373413,"Low cost, standard-based EO/IR payload simulation for visual aided navigation applications",2018,"2018 IEEE/ION Position, Location and Navigation Symposium (PLANS)",IEEE,Conference paper,candidate,False
P00798,10.1051/swsc/2018040,Magnetospheric access for solar protons during the January 2005 SEP event,2018,Journal of Space Weather and Space Climate,EDP Sciences,Peer-reviewed journal article,candidate,False
P00799,10.1029/2018ja025480,Magnetospheric Source Region of Auroral Finger‐like Structures Observed by the RBSP‐A Satellite,2018,Journal of Geophysical Research: Space Physics,American Geophysical Union (AGU),Peer-reviewed journal article,candidate,False
P00800,10.1002/2017ja024999,Measurements of Ion‐Neutral Coupling in the Auroral <i>F</i> Region in Response to Increases in Particle Precipitation,2018,Journal of Geophysical Research: Space Physics,American Geophysical Union (AGU),Peer-reviewed journal article,candidate,False
P00801,10.1029/2018ja025457,Mesoscale <i>F</i> Region Neutral Winds Associated With Quasi‐steady and Transient Nightside Auroral Forms,2018,Journal of Geophysical Research: Space Physics,American Geophysical Union (AGU),Peer-reviewed journal article,candidate,False
P00802,10.1088/1742-6596/1141/1/012067,Model of the global distribution of the total electron content based on deep dense convolutional autoencoder,2018,Journal of Physics: Conference Series,IOP Publishing,Peer-reviewed journal article,candidate,False
P00803,10.1049/iet-rsn.2018.5170,Modified sequential processing terrain referenced navigation considering slant range measurement,2018,"IET Radar, Sonar &amp; Navigation",Institution of Engineering and Technology (IET),Peer-reviewed journal article,candidate,False
P00804,10.1016/j.polymer.2018.10.007,Morphologies and photonic properties of an asymmetric brush block copolymer with polystyrene and polydimethylsiloxane side chains,2018,Polymer,Elsevier BV,Peer-reviewed journal article,candidate,False
P00805,10.1029/2018ja025806,Multiinstrument Studies of Thermospheric Weather Above Alaska,2018,Journal of Geophysical Research: Space Physics,American Geophysical Union (AGU),Peer-reviewed journal article,candidate,False
P00806,10.1029/2017ja024900,Multivariable Comprehensive Analysis of Two Great Geomagnetic Storms of 2015,2018,Journal of Geophysical Research: Space Physics,American Geophysical Union (AGU),Peer-reviewed journal article,candidate,False
P00807,10.1029/2018sw002018,New Capabilities for Prediction of High‐Latitude Ionospheric Scintillation: A Novel Approach With Machine Learning,2018,Space Weather,American Geophysical Union (AGU),Peer-reviewed journal article,candidate,False
P00808,10.33012/2018.15920,New Cyberinfrastructure for GNSS Ionospheric Scintillation and Total Electron Content Parameters,2018,"ION GNSS+, The International Technical Meeting of the Satellite Division of The Institute of Navigation",Institute of Navigation,Conference paper,candidate,False
P00809,10.3788/lop55.112802,Noise Removal of Multi-Window Top-Hat Transformation from Airborne Laser Point Cloud,2018,Laser &amp; Optoelectronics Progress,Shanghai Institute of Optics and Fine Mechanics,Peer-reviewed journal article,candidate,False
P00810,10.1029/2018gl079038,Nonlinear Drift Resonance Between Charged Particles and Ultralow Frequency Waves: Theory and Observations,2018,Geophysical Research Letters,American Geophysical Union (AGU),Peer-reviewed journal article,candidate,False
P00811,10.1088/1742-6596/1035/1/012007,Numerical simulation of ionospheric convection with a global MHD simulation,2018,Journal of Physics: Conference Series,IOP Publishing,Peer-reviewed journal article,candidate,False
P00812,10.1029/2018ja025264,Observation of Ionospheric Alfvén Resonances at 1–30 Hz and Their Superposition With the Schumann Resonances,2018,Journal of Geophysical Research: Space Physics,American Geophysical Union (AGU),Peer-reviewed journal article,candidate,False
P00813,10.1029/2017ja025051,Observations of Asymmetries in Ionospheric Return Flow During Different Levels of Geomagnetic Activity,2018,Journal of Geophysical Research: Space Physics,American Geophysical Union (AGU),Peer-reviewed journal article,candidate,False
P00814,10.23919/ursi-at-rasc.2018.8471566,On the Accuracy of the GPS L2 Observable for Ionospheric Monitoring,2018,2018 2nd URSI Atlantic Radio Science Meeting (AT-RASC),IEEE,Conference paper,candidate,False
P00815,10.1007/s10291-017-0688-4,On the accuracy of the GPS L2 observable for ionospheric monitoring,2018,GPS Solutions,Springer Nature,Peer-reviewed journal article,candidate,False
P00816,10.1029/2018gl078509,On the Origin of STEVE: Particle Precipitation or Ionospheric Skyglow?,2018,Geophysical Research Letters,American Geophysical Union (AGU),Peer-reviewed journal article,candidate,False
P00817,10.1029/2017ja024405,On the Persistent Shape and Coherence of Pulsating Auroral Patches,2018,Journal of Geophysical Research: Space Physics,American Geophysical Union (AGU),Peer-reviewed journal article,candidate,False
P00818,10.1029/2018rs006566,Optimal <i>F</i> Region Electron Density for the PolarDARN Radar Echo Detection Near the Resolute Bay Zenith,2018,Radio Science,American Geophysical Union (AGU),Peer-reviewed journal article,candidate,False
P00819,10.23919/irs.2018.8447993,Over-The-Horizon Radar (OTHR) In Canada,2018,2018 19th International Radar Symposium (IRS),IEEE,Conference paper,candidate,False
P00820,10.1063/1.5060695,Peculiarities of the behavior of the ionosphere and HF propagation parameters in September 2017,2018,AIP Conference Proceedings,Author(s),Conference paper,candidate,False
P00821,10.3390/en11071688,Photovoltaic Modules Diagnosis Using Artificial Vision Techniques for Artifact Minimization,2018,Energies,MDPI AG,Peer-reviewed journal article,candidate,False
P00822,10.1016/j.jastp.2017.10.011,Planetary wave-like oscillations in the ionosphere retrieved with a longitudinal chain of ionosondes at high northern latitudes,2018,Journal of Atmospheric and Solar-Terrestrial Physics,Elsevier BV,Peer-reviewed journal article,candidate,False
P00823,10.1016/j.asr.2018.08.015,Polar traveling ionospheric disturbances inferred with the B-spline method and associated scintillations in the Southern Hemisphere,2018,Advances in Space Research,Elsevier,Peer-reviewed journal article,candidate,False
P00824,10.1002/2017ja024731,Polarization Characteristics Inferred From the Radio Receiver Instrument on the Enhanced Polar Outflow Probe,2018,Journal of Geophysical Research: Space Physics,American Geophysical Union (AGU),Peer-reviewed journal article,candidate,False
P00825,10.1029/2017ja025123,Poloidal Mode Wave‐Particle Interactions Inferred From Van Allen Probes and CARISMA Ground‐Based Observations,2018,Journal of Geophysical Research: Space Physics,American Geophysical Union (AGU),Peer-reviewed journal article,candidate,False
P00826,10.1109/wpnc.2018.8555756,Position determination based on sensor data fusion with digital maps and 3D point cloud data,2018,"2018 15th Workshop on Positioning, Navigation and Communications (WPNC)",IEEE,Conference paper,candidate,False
P00827,,"Proceedings of the Annual Precise Time and Time Interval Systems and Applications Meeting, PTTI",2018,"Proceedings of the Annual Precise Time and Time Interval Systems and Applications Meeting, PTTI",Institute of Electrical and Electronics Engineers Inc.,Conference paper,candidate,False
P00828,10.1002/2017gl076382,Prompt Disappearance and Emergence of Radiation Belt Magnetosonic Waves Induced by Solar Wind Dynamic Pressure Variations,2018,Geophysical Research Letters,American Geophysical Union (AGU),Peer-reviewed journal article,candidate,False
P00829,10.1186/s40623-018-0899-0,Proton auroras during the transitional stage of substorm onset,2018,"Earth, Planets and Space",Springer Nature,Peer-reviewed journal article,candidate,False
P00830,10.1029/2018sw001919,Proxy Index Derived From All Sky Imagers for Space Weather Impact on GPS,2018,Space Weather,American Geophysical Union (AGU),Peer-reviewed journal article,candidate,False
P00831,10.1029/2018gl079103,Purple Auroral Rays and Global Pc1 Pulsations Observed at the CIR‐Associated Solar Wind Density Enhancement on 21 March 2017,2018,Geophysical Research Letters,American Geophysical Union (AGU),Peer-reviewed journal article,candidate,False
P00832,10.1002/2017ja025114,Quantitative Evaluation of Radial Diffusion and Local Acceleration Processes During GEM Challenge Events,2018,Journal of Geophysical Research: Space Physics,American Geophysical Union (AGU),Peer-reviewed journal article,candidate,False
P00833,10.1002/2018ja025218,Reply to Comment by Nishimura Et Al.,2018,Journal of Geophysical Research: Space Physics,American Geophysical Union (AGU),Peer-reviewed journal article,candidate,False
P00834,10.1088/1755-1315/189/6/062047,Research on HF Radio Propagation on the Sea by Machine Learning Optimized Model,2018,IOP Conference Series: Earth and Environmental Science,IOP Publishing,Peer-reviewed journal article,candidate,False
P00835,10.5194/angeo-36-1419-2018,Revisiting substorm events with preonset aurora,2018,Annales Geophysicae,Copernicus Publications,Peer-reviewed journal article,candidate,False
P00836,10.1109/tgrs.2017.2758795,Robust Interpolation of DEMs From Lidar-Derived Elevation Data,2018,IEEE Transactions on Geoscience and Remote Sensing,Institute of Electrical and Electronics Engineers (IEEE),Peer-reviewed journal article,candidate,False
P00837,10.1002/2017ja024472,SAPS‐Associated Explosive Brightening on the Duskside: A New Type of Onset‐Like Disturbance,2018,Journal of Geophysical Research: Space Physics,American Geophysical Union (AGU),Peer-reviewed journal article,candidate,False
P00838,10.1007/978-981-13-1316-5_30,"Scintillation Signal in XEMIS2, a Liquid Xenon Compton Camera with 3γ Imaging Technique",2018,Springer Proceedings in Physics,Springer Singapore,Book chapter,candidate,False
P00839,10.1002/9781119156949.ch19,Significant Cases of Preseismic Thermal Infrared Anomalies,2018,Geophysical Monograph Series,Wiley,Book chapter,candidate,False
P00840,10.1002/marc.201700394,Simple Preparation of Thiol–Ene Particles in Glycerol and Surface Functionalization by Thiol–Ene Chemistry (TEC) and Surface Chain Transfer Free Radical Polymerization (SCT‐FRP),2018,Macromolecular Rapid Communications,Wiley,Peer-reviewed journal article,candidate,False
P00841,10.2514/6.2018-0507,Simultaneous Localization and Mapping with Moving Object Tracking in 3D Range Data using Probability Hypothesis Density (PHD) Filter,2018,2018 AIAA Information Systems-AIAA Infotech @ Aerospace,American Institute of Aeronautics and Astronautics,Conference paper,candidate,False
P00842,10.1186/s40623-018-0843-3,Simultaneous observation of auroral substorm onset in Polar satellite global images and ground-based all-sky images,2018,"Earth, Planets and Space",Springer Nature,Peer-reviewed journal article,candidate,False
P00843,10.1002/2017rs006512,Solar Influences on the Return Direction of High‐Frequency Radar Backscatter,2018,Radio Science,American Geophysical Union (AGU),Peer-reviewed journal article,candidate,False
P00844,10.1029/2018ja025387,Solar Wind and Seasonal Influence on Ionospheric Currents From Swarm and CHAMP Measurements,2018,Journal of Geophysical Research: Space Physics,American Geophysical Union (AGU),Peer-reviewed journal article,candidate,False
P00845,10.1007/s12665-018-7871-y,Spatiotemporal monitoring of surface motions using DInSAR techniques integrated with geological information: a case study of an iron mine in the Amazon region using TerraSAR-X and RADARSAT-2 data,2018,Environmental Earth Sciences,Springer Science and Business Media LLC,Peer-reviewed journal article,candidate,False
P00846,10.1186/s40623-018-0821-9,Spread-F occurrences and relationships with foF2 and h′F at low- and mid-latitudes in China,2018,"Earth, Planets and Space",Springer Science and Business Media LLC,Peer-reviewed journal article,candidate,False
P00847,10.1002/2017gl075765,Spreading Speed of Magnetopause Reconnection X‐Lines Using Ground‐Satellite Coordination,2018,Geophysical Research Letters,American Geophysical Union (AGU),Peer-reviewed journal article,candidate,False
P00848,10.1029/2018ja025419,Statistical Investigation of the Efficiency of EMIC Waves in Precipitating Relativistic Electrons,2018,Journal of Geophysical Research: Space Physics,American Geophysical Union (AGU),Peer-reviewed journal article,candidate,False
P00849,10.33012/2018.16034,Statistical Models to provide Meaningful Information to GNSS End-users Under Ionospheric Scintillation Conditions,2018,"ION GNSS+, The International Technical Meeting of the Satellite Division of The Institute of Navigation",Institute of Navigation,Conference paper,candidate,False
P00850,10.1002/2018ja025280,"Statistical Patterns of Ionospheric Convection Derived From Mid‐latitude, High‐Latitude, and Polar SuperDARN HF Radar Observations",2018,Journal of Geophysical Research: Space Physics,Wiley,Peer-reviewed journal article,candidate,False
P00851,10.1029/2018ja025440,Statistical Properties of Mesoscale Plasma Flows in the Nightside High‐Latitude Ionosphere,2018,Journal of Geophysical Research: Space Physics,American Geophysical Union (AGU),Peer-reviewed journal article,candidate,False
P00852,10.1002/2017ja024903,Statistical Study of Nightside Quiet Time Midlatitude Ionospheric Convection,2018,Journal of Geophysical Research: Space Physics,American Geophysical Union (AGU),Peer-reviewed journal article,candidate,False
P00853,10.1002/2017rs006450,Statistically Self‐Consistent and Accurate Errors for SuperDARN Data,2018,Radio Science,American Geophysical Union (AGU),Peer-reviewed journal article,candidate,False
P00854,10.1186/s40623-018-0857-x,Stormtime substorm onsets: occurrence and flow channel triggering,2018,"Earth, Planets and Space",Springer Nature,Peer-reviewed journal article,candidate,False
P00855,10.1016/j.jastp.2017.10.013,Structure of magnetospheric current systems and mapping of high latitude magnetospheric regions to the ionosphere,2018,Journal of Atmospheric and Solar-Terrestrial Physics,Elsevier BV,Peer-reviewed journal article,candidate,False
P00856,10.1029/2017ja024701,Subsidence of Ionospheric Flows Triggered by Magnetotail Magnetic Reconnection During Transpolar Arc Brightening,2018,Journal of Geophysical Research: Space Physics,American Geophysical Union (AGU),Peer-reviewed journal article,candidate,False
P00857,10.1029/2018gl079777,Substorm‐Associated Ionospheric Flow Fluctuations During the 27 March 2017 Magnetic Storm: SuperDARN‐Arase Conjunction,2018,Geophysical Research Letters,American Geophysical Union (AGU),Peer-reviewed journal article,candidate,False
P00858,10.1029/2018sw001916,SuperDARN Radar‐Derived HF Radio Attenuation During the September 2017 Solar Proton Events,2018,Space Weather,American Geophysical Union (AGU),Peer-reviewed journal article,candidate,False
P00859,10.1029/2017ja025033,Survey of Ionospheric Pc3‐5 ULF Wave Signatures in SuperDARN High Time Resolution Data,2018,Journal of Geophysical Research: Space Physics,American Geophysical Union (AGU),Peer-reviewed journal article,candidate,False
P00860,10.1029/2018ja025409,Swarm Satellite and EISCAT Radar Observations of a Plasma Flow Channel in the Auroral Oval Near Magnetic Midnight,2018,Journal of Geophysical Research: Space Physics,American Geophysical Union (AGU),Peer-reviewed journal article,candidate,False
P00861,10.33012/2018.15923,Systematic Solar Cycle Variation of the Ionospheric TEC Gradient Magnitude Distribution over the Brazilian Airspace,2018,"ION GNSS+, The International Technical Meeting of the Satellite Division of The Institute of Navigation",Institute of Navigation,Conference paper,candidate,False
P00862,10.1029/2018gl080126,Temporal and Spatial Correspondence of Pc1/EMIC Waves and Relativistic Electron Precipitations Observed With Ground‐Based Multi‐Instruments on 27 March 2017,2018,Geophysical Research Letters,American Geophysical Union (AGU),Peer-reviewed journal article,candidate,False
P00863,10.1029/2018sw001932,"The 6 September 2017 X‐Class Solar Flares and Their Impacts on the Ionosphere, GNSS, and HF Radio Wave Propagation",2018,Space Weather,American Geophysical Union (AGU),Peer-reviewed journal article,candidate,False
P00864,10.1002/2017ja024628,The Effects of Solar Wind Dynamic Pressure Changes on the Substorm Auroras and Energetic Electron Injections on 24 August 2005,2018,Journal of Geophysical Research: Space Physics,American Geophysical Union (AGU),Peer-reviewed journal article,candidate,False
P00865,10.1016/j.jastp.2017.10.014,The ionosphere response to severe geomagnetic storm in March 2015 on the base of the data from Eurasian high-middle latitudes ionosonde chain,2018,Journal of Atmospheric and Solar-Terrestrial Physics,Elsevier BV,Peer-reviewed journal article,candidate,False
P00866,10.1016/j.asr.2018.05.005,The response of high latitude ionosphere to the 2015 St. Patrick’s day storm from in situ and ground based observations,2018,Advances in Space Research,Elsevier,Peer-reviewed journal article,candidate,False
P00867,10.1002/2017ja024674,The Role of Localized Compressional Ultra‐low Frequency Waves in Energetic Electron Precipitation,2018,Journal of Geophysical Research: Space Physics,American Geophysical Union (AGU),Peer-reviewed journal article,candidate,False
P00868,10.1088/1538-3873/aaa53f,The SED Machine: A Robotic Spectrograph for Fast Transient Classification,2018,Publications of the Astronomical Society of the Pacific,IOP Publishing,Peer-reviewed journal article,candidate,False
P00869,10.1186/s40623-018-0785-9,"Theory, modeling, and integrated studies in the Arase (ERG) project",2018,"Earth, Planets and Space",Springer Science and Business Media LLC,Peer-reviewed journal article,candidate,False
P00870,10.23919/piers.2018.8597604,Tool for Creating Maps of GNSS Total Electron Content Variations,2018,2018 Progress in Electromagnetics Research Symposium (PIERS-Toyama),IEEE,Conference paper,candidate,False
P00871,10.1002/2017ja024817,Topside Electron Density Representations for Middle and High Latitudes: A Topside Parameterization for E‐CHAIM Based On the NeQuick,2018,Journal of Geophysical Research: Space Physics,American Geophysical Union (AGU),Peer-reviewed journal article,candidate,False
P00872,10.1002/2017ja024740,ULF Wave Activity in the Magnetosphere: Resolving Solar Wind Interdependencies to Identify Driving Mechanisms,2018,Journal of Geophysical Research: Space Physics,Wiley,Peer-reviewed journal article,candidate,False
P00873,10.1029/2018gl078604,Understanding the Driver of Energetic Electron Precipitation Using Coordinated Multisatellite Measurements,2018,Geophysical Research Letters,American Geophysical Union (AGU),Peer-reviewed journal article,candidate,False
P00874,10.1002/2017sw001756,Underutilized Spaceborne GPS Observations for Space Weather Monitoring,2018,Space Weather,American Geophysical Union (AGU),Peer-reviewed journal article,candidate,False
P00875,10.5194/angeo-36-1657-2018,Validation of Clyde River SuperDARN radar velocity measurements with the RISR-C incoherent scatter radar,2018,Annales Geophysicae,Copernicus Publications,Peer-reviewed journal article,candidate,False
P00876,10.33012/2018.16108,Validation of GNSS Receiver Chain Absolute Calibration,2018,"ION GNSS+, The International Technical Meeting of the Satellite Division of The Institute of Navigation",Institute of Navigation,Conference paper,candidate,False
P00877,10.1029/2017ja025139,Van Allen Probes Observation of a Fundamental Poloidal Standing Alfvén Wave Event Related to Giant Pulsations,2018,Journal of Geophysical Research: Space Physics,American Geophysical Union (AGU),Peer-reviewed journal article,candidate,False
P00878,10.1029/2017ja025087,Van Allen Probes Observations of Drift‐Bounce Resonance and Energy Transfer Between Energetic Ring Current Protons and Poloidal Pc4 Wave,2018,Journal of Geophysical Research: Space Physics,American Geophysical Union (AGU),Peer-reviewed journal article,candidate,False
P00879,10.1029/2018ja025751,Variations of Field Line Eigenfrequencies With Ring Current Intensity,2018,Journal of Geophysical Research: Space Physics,American Geophysical Union (AGU),Peer-reviewed journal article,candidate,False
P00880,10.1002/2017ja024434,Variations of High‐Latitude Geomagnetic Pulsation Frequencies: A Comparison of Time‐of‐Flight Estimates and IMAGE Magnetometer Observations,2018,Journal of Geophysical Research: Space Physics,American Geophysical Union (AGU),Peer-reviewed journal article,candidate,False
P00881,10.5194/amt-11-111-2018,Wave-optics uncertainty propagation and regression-based bias model in GNSS radio occultation bending angle retrievals,2018,Atmospheric Measurement Techniques,Copernicus GmbH,Peer-reviewed journal article,candidate,False
P00882,,What's inside a rubble pile asteroid? DiSCUS - A tomographic twin radar Cubesat to find out,2018,"Proceedings of the International Astronautical Congress, IAC","International Astronautical Federation, IAF",Conference paper,candidate,False
P00883,10.1088/1361-6587/aa89fd,Why does substorm-associated auroral surge travel westward?,2018,Plasma Physics and Controlled Fusion,IOP Publishing,Peer-reviewed journal article,candidate,False
P00884,10.1021/acs.joc.8b01216,Why Not Trans? Inhibited Radical Isomerization Cycles and Coupling Chains of Lipids and Alkenes with Alkane<i>-</i>thiols,2018,The Journal of Organic Chemistry,American Chemical Society (ACS),Peer-reviewed journal article,candidate,False
P00885,10.1029/2018rs006748,A Bottomside Parameterization for the Empirical Canadian High Arctic Ionospheric Model,2019,Radio Science,American Geophysical Union (AGU),Peer-reviewed journal article,candidate,False
P00886,10.5194/angeo-37-673-2019,A case study of the large-scale traveling ionospheric disturbances in the eastern Asian sector during the 2015 St. Patrick's Day geomagnetic storm,2019,Annales Geophysicae,Copernicus GmbH,Peer-reviewed journal article,candidate,False
P00887,10.1029/2018ja026245,A Comparison of Cross‐Track Ion Drift Measured by the Swarm Satellites and Plasma Convection Velocity Measured by SuperDARN,2019,Journal of Geophysical Research: Space Physics,American Geophysical Union (AGU),Peer-reviewed journal article,candidate,False
P00888,10.23919/ursiap-rasc.2019.8738655,A Modelling study of equatorial and low latitude ionosphere around 95° E during the deep solar minimum 2009-2010 using SAMI2 model,2019,2019 URSI Asia-Pacific Radio Science Conference (AP-RASC),IEEE,Conference paper,candidate,False
P00889,10.1029/2019ja026540,A New Artificial Neural Network‐Based Global Three‐Dimensional Ionospheric Model (ANNIM‐3D) Using Long‐Term Ionospheric Observations: Preliminary Results,2019,Journal of Geophysical Research: Space Physics,American Geophysical Union (AGU),Peer-reviewed journal article,candidate,False
P00890,10.3390/rs11111386,"A New Empirical Model of NmF2 Based on CHAMP, GRACE, and COSMIC Radio Occultation",2019,Remote Sensing,MDPI AG,Peer-reviewed journal article,candidate,False
P00891,10.1163/15685381-20191159,A review on crocodilian nesting habitats and their characterisation via remote sensing,2019,Amphibia-Reptilia,Walter de Gruyter GmbH,Peer-reviewed journal article,candidate,False
P00892,10.1029/2018ja025886,A Statistical Study of EMIC Waves Associated With and Without Energetic Particle Injection From the Magnetotail,2019,Journal of Geophysical Research: Space Physics,American Geophysical Union (AGU),Peer-reviewed journal article,candidate,False
P00893,10.1029/2019ja026916,A Study of Automatically Detected Flow Channels in the Polar Cap Ionosphere,2019,Journal of Geophysical Research: Space Physics,American Geophysical Union (AGU),Peer-reviewed journal article,candidate,False
P00894,10.1029/2019sw002179,A Study of SuperDARN Response to Co‐occurring Space Weather Phenomena,2019,Space Weather,American Geophysical Union (AGU),Peer-reviewed journal article,candidate,False
P00895,10.1093/forsci/fxy050,A Technique for Implementing Group Selection Treatments with Multiple Objectives Using an Airborne Lidar-Derived Stem Map in a Heuristic Environment,2019,Forest Science,Springer Science and Business Media LLC,Peer-reviewed journal article,candidate,False
P00896,10.1007/978-981-13-7759-4_32,Accuracy Analysis of GNSS Broadcast Ionospheric Model,2019,Lecture Notes in Electrical Engineering,Springer Singapore,Book chapter,candidate,False
P00897,10.1007/s11214-019-0616-8,Airglow Patches in the Polar Cap Region: A Review,2019,Space Science Reviews,Springer Science and Business Media LLC,Peer-reviewed journal article,candidate,False
P00898,10.1029/2019ja026946,Alteration of Particle Drift Resonance Dynamics Near Poloidal Mode Field Line Resonance Structures,2019,Journal of Geophysical Research: Space Physics,American Geophysical Union (AGU),Peer-reviewed journal article,candidate,False
P00899,10.6038/cjg2019m0689,An investigation of responses to the October 2002 storms of the ionosphere at Millstone Hill,2019,Chinese Journal of Geophysics,,Peer-reviewed journal article,candidate,False
P00900,10.1117/12.2519187,Analysis of spectral data using spatial context,2019,"Algorithms, Technologies, and Applications for Multispectral and Hyperspectral Imagery XXV",SPIE,Conference paper,candidate,False
P00901,10.1029/2019ja026965,Analyzing EMIC Waves in the Inner Magnetosphere Using Long‐Term Van Allen Probes Observations,2019,Journal of Geophysical Research: Space Physics,American Geophysical Union (AGU),Peer-reviewed journal article,candidate,False
P00902,10.1029/2018ja026357,"Can Enhanced Flux Loading by High‐Speed Jets Lead to a Substorm? Multipoint Detection of the Christmas Day Substorm Onset at 08:17 UT, 2015",2019,Journal of Geophysical Research: Space Physics,American Geophysical Union (AGU),Peer-reviewed journal article,candidate,False
P00903,10.1029/2018sw002102,Capturing Uncertainty in Magnetospheric Ultralow Frequency Wave Models,2019,Space Weather,American Geophysical Union (AGU),Peer-reviewed journal article,candidate,False
P00904,10.1016/j.asr.2019.08.036,Case studies: A possible mechanism for F2-lacuna formation,2019,Advances in Space Research,Elsevier,Peer-reviewed journal article,candidate,False
P00905,10.1145/3357767.3357768,Choice of a model of the ionosphere to use in high latitudes,2019,Proceedings of the Eighth International Conference on Telecommunications and Remote Sensing,ACM,Conference paper,candidate,False
P00906,10.5194/angeo-37-851-2019,Climatologies and long-term changes in mesospheric wind and wave measurements based on radar observations at high and mid latitudes,2019,Annales Geophysicae,Copernicus GmbH,Peer-reviewed journal article,candidate,False
P00907,10.1109/icmcce48743.2019.00055,Clutter Reduced-Dimension Sparse Recovery Method on Knowledge-Aided for Airborne Phased Array Radar,2019,"2019 4th International Conference on Mechanical, Control and Computer Engineering (ICMCCE)",IEEE,Conference paper,candidate,False
P00908,10.1177/0278364919843996,Complex urban dataset with multi-level sensors from highly diverse urban environments,2019,The International Journal of Robotics Research,SAGE Publications,Peer-reviewed journal article,candidate,False
P00909,10.1109/tip.2019.2907471,Computational Mapping of the Ground Reflectivity With Laser Scanners,2019,IEEE Transactions on Image Processing,Institute of Electrical and Electronics Engineers (IEEE),Peer-reviewed journal article,candidate,False
P00910,10.15622/sp.18.2.390-415,Conception of Geomagnetic Data Integrated Space,2019,SPIIRAS Proceedings,SPIIRAS,Peer-reviewed journal article,candidate,False
P00911,10.1029/2019ja026541,Conjugate Ionosphere‐Magnetosphere Observations of a Sub‐Alfvénic Compressional Intermediate‐<i>m</i> Wave: A Case Study Using EKB Radar and Van Allen Probes,2019,Journal of Geophysical Research: Space Physics,American Geophysical Union (AGU),Peer-reviewed journal article,candidate,False
P00912,10.1029/2019gl084611,Constraining the Source Regions of Pulsating Auroras,2019,Geophysical Research Letters,American Geophysical Union (AGU),Peer-reviewed journal article,candidate,False
P00913,10.1029/2019ja026521,Continent‐Wide R1/R2 Current System and Ohmic Losses by Broad Dipolarization‐Injection Fronts,2019,Journal of Geophysical Research: Space Physics,American Geophysical Union (AGU),Peer-reviewed journal article,candidate,False
P00914,10.1186/s40645-019-0300-3,Correction to: Review of the accomplishments of mid-latitude Super Dual Auroral Radar Network (SuperDARN) HF radars,2019,Progress in Earth and Planetary Science,Springer Science and Business Media LLC,Peer-reviewed journal article,candidate,False
P00915,10.1029/2018ja026192,Cosmic Noise Absorption During Solar Proton Events in WACCM‐D and Riometer Observations,2019,Journal of Geophysical Research: Space Physics,American Geophysical Union (AGU),Peer-reviewed journal article,candidate,False
P00916,10.1109/fcs.2019.8856134,Cross-calibrations of multi-GNSS Receiver Chains,2019,2019 Joint Conference of the IEEE International Frequency Control Symposium and European Frequency and Time Forum (EFTF/IFC),IEEE,Conference paper,candidate,False
P00917,10.1109/wimob.2019.8923287,Design and Implementation of Mobile Indoor Scanning System,2019,"2019 International Conference on Wireless and Mobile Computing, Networking and Communications (WiMob)",IEEE,Conference paper,candidate,False
P00918,10.1029/2018ja025759,Determination of the Refractive Contribution to GPS Phase “Scintillation”,2019,Journal of Geophysical Research: Space Physics,American Geophysical Union (AGU),Peer-reviewed journal article,candidate,False
P00919,10.1029/2019sw002297,Developing a Nowcasting Capability for X‐Class Solar Flares Using VLF Radiowave Propagation Changes.,2019,Space Weather,American Geophysical Union (AGU),Peer-reviewed journal article,candidate,False
P00920,10.1029/2019gl084202,Direct Observation of Subrelativistic Electron Precipitation Potentially Driven by EMIC Waves,2019,Geophysical Research Letters,American Geophysical Union (AGU),Peer-reviewed journal article,candidate,False
P00921,10.1007/s10291-019-0858-7,Discovery of new code interference phenomenon in GPS observables,2019,GPS Solutions,Springer Nature,Peer-reviewed journal article,candidate,False
P00922,10.1029/2018gl081317,DOI only: 10.1029/2018gl081317,2019,Geophysical Research Letters,Blackwell Publishing Ltd,Unknown,candidate,False
P00923,10.32045/pg-2019-007,DOI only: 10.32045/pg-2019-007,2019,Przeglad Geofizyczny,Polish Geophysical Society,Unknown,candidate,False
P00924,10.32045/pg-2019-008,DOI only: 10.32045/pg-2019-008,2019,Przeglad Geofizyczny,Polish Geophysical Society,Unknown,candidate,False
P00925,10.1393/ncc/i2019-19046-5,Dome C East radar: Preliminary analysis of echo statistics,2019,CNR SOLAR (Scientific Open-access Literature Archive and Repository) (University of Southampton),University of Southampton,Peer-reviewed journal article,candidate,False
P00926,10.1029/2019ja026679,e‐POP and Red Line Optical Observations of Alfvénic Auroras,2019,Journal of Geophysical Research: Space Physics,American Geophysical Union (AGU),Peer-reviewed journal article,candidate,False
P00927,10.1029/2018ja025940,Earth's Van Allen Radiation Belts: From Discovery to the Van Allen Probes Era,2019,Journal of Geophysical Research: Space Physics,American Geophysical Union (AGU),Peer-reviewed journal article,candidate,False
P00928,10.3389/fspas.2019.00056,Effect of Field-Line Curvature on the Ionospheric Accessibility of Relativistic Electron Beam Experiments,2019,Frontiers in Astronomy and Space Sciences,Frontiers Media SA,Peer-reviewed journal article,candidate,False
P00929,10.1029/2018ja026279,EMIC Wave Properties Associated With and Without Injections in The Inner Magnetosphere,2019,Journal of Geophysical Research: Space Physics,American Geophysical Union (AGU),Peer-reviewed journal article,candidate,False
P00930,10.1029/2018ja026291,Energetic Electron Precipitation: Multievent Analysis of Its Spatial Extent During EMIC Wave Activity,2019,Journal of Geophysical Research: Space Physics,American Geophysical Union (AGU),Peer-reviewed journal article,candidate,False
P00931,10.1029/2018ja026437,Energetic Electron Precipitation Occurrence Rates Determined Using the Syowa East SuperDARN Radar,2019,Journal of Geophysical Research: Space Physics,American Geophysical Union (AGU),Peer-reviewed journal article,candidate,False
P00932,10.1515/jag-2018-0020,Estimations of GNSS receiver internal delay using precise point positioning algorithm,2019,Journal of Applied Geodesy,Walter de Gruyter GmbH,Peer-reviewed journal article,candidate,False
P00933,10.5194/angeo-37-77-2019,Extending the coverage area of regional ionosphere maps using a support vector machine algorithm,2019,Annales Geophysicae,Copernicus GmbH,Peer-reviewed journal article,candidate,False
P00934,10.12737/szf-54201908,FAST SUBAURORAL DRIFTS OF IONOSPHERE PLASMA ACCORDING TO DATA FROM YAKUT MERIDIONAL CHAIN OF STATIONS,2019,Solnechno-Zemnaya Fizika,Infra-M Academic Publishing House,Peer-reviewed journal article,candidate,False
P00935,10.1109/piers-spring46901.2019.9017390,Features of Longitudinal Variations of Geomagnetic and Ionospheric Parameters during Severe Magnetic Storms in 2015,2019,2019 PhotonIcs &amp; Electromagnetics Research Symposium - Spring (PIERS-Spring),IEEE,Conference paper,candidate,False
P00936,10.1029/2019ja026529,Flow Velocity and Field‐Aligned Current Associated With Field Line Resonance: SuperDARN Measurements,2019,Journal of Geophysical Research: Space Physics,American Geophysical Union (AGU),Peer-reviewed journal article,candidate,False
P00937,10.23919/irs.2019.8768141,Frequency Monitoring System for Over-The-Horizon Radar (OTHR) using The Empirical Canadian High Arctic Ionospheric Model (E-CHAIM),2019,2019 20th International Radar Symposium (IRS),IEEE,Conference paper,candidate,False
P00938,,From point cloud to indoorGML,2019,CEUR Workshop Proceedings,CEUR-WS,Conference paper,candidate,False
P00939,10.1029/2019ja026477,Generation of EMIC Waves and Effects on Particle Precipitation During a Solar Wind Pressure Intensification With <i>B</i><sub><i>z</i></sub>&gt;0,2019,Journal of Geophysical Research: Space Physics,American Geophysical Union (AGU),Peer-reviewed journal article,candidate,False
P00940,10.1029/2018sw002130,Global Diagnostics of Ionospheric Absorption During X‐Ray Solar Flares Based on 8‐ to 20‐MHz Noise Measured by Over‐the‐Horizon Radars,2019,Space Weather,American Geophysical Union (AGU),Peer-reviewed journal article,candidate,False
P00941,10.1134/s0016793219040157,Global Dynamic Model of Critical Frequency of the Ionospheric F2 Layer,2019,Geomagnetism and Aeronomy,Pleiades Publishing Ltd,Peer-reviewed journal article,candidate,False
P00942,10.3390/rs11172062,Global Ionospheric Model Accuracy Analysis Using Shipborne Kinematic GPS Data in the Arctic Circle,2019,Remote Sensing,MDPI AG,Peer-reviewed journal article,candidate,False
P00943,10.1029/2018ja026134,Global‐Scale ULF Waves Associated With SSC Accelerate Magnetospheric Ultrarelativistic Electrons,2019,Journal of Geophysical Research: Space Physics,American Geophysical Union (AGU),Peer-reviewed journal article,candidate,False
P00944,10.1051/swsc/2019001,GNSS-based analysis of high latitude ionospheric response on a sequence of geomagnetic storms performed with ROTI and a new relative STEC indicator,2019,Journal of Space Weather and Space Climate,EDP Sciences,Peer-reviewed journal article,candidate,False
P00945,10.1134/s0016793219030125,"Hertz Range Pulsations during Recovery Phase of the Magnetic Storm on September 7–8, 2017, and Relation between their Dynamics and Changes in the Parameters of the Interplanetary Medium",2019,Geomagnetism and Aeronomy,Pleiades Publishing,Peer-reviewed journal article,candidate,False
P00946,10.1109/tgrs.2019.2905757,High-Frequency Ionospheric Monitoring System for Over-the-Horizon Radar in Canada,2019,IEEE Transactions on Geoscience and Remote Sensing,Institute of Electrical and Electronics Engineers (IEEE),Peer-reviewed journal article,candidate,False
P00947,10.1029/2018ja025997,High‐Resolution Local Measurements of <i>F</i> Region Ion Temperatures and Joule Heating Rates Using SuperDARN and Ground‐Based Optics,2019,Journal of Geophysical Research: Space Physics,American Geophysical Union (AGU),Peer-reviewed journal article,candidate,False
P00948,10.1029/2019ja027258,HIWIND Observation of Summer Season Polar Cap Thermospheric Winds,2019,Journal of Geophysical Research: Space Physics,American Geophysical Union (AGU),Peer-reviewed journal article,candidate,False
P00949,10.1029/2019gl082395,How Do Ultra‐Low Frequency Waves Access the Inner Magnetosphere During Geomagnetic Storms?,2019,Geophysical Research Letters,American Geophysical Union (AGU),Peer-reviewed journal article,candidate,False
P00950,10.1029/2018ja026067,How Well Can We Estimate Pedersen Conductance From the THEMIS White‐Light All‐Sky Cameras?,2019,Journal of Geophysical Research: Space Physics,American Geophysical Union (AGU),Peer-reviewed journal article,candidate,False
P00951,10.5194/angeo-37-791-2019,Hybrid-Vlasov modelling of nightside auroral proton precipitation during southward interplanetary magnetic field conditions,2019,Annales Geophysicae,Copernicus Publications,Peer-reviewed journal article,candidate,False
P00952,10.1029/2018rs006747,ICEBEAR: An All‐Digital Bistatic Coded Continuous‐Wave Radar for Studies of the <i>E</i> Region of the Ionosphere,2019,Radio Science,American Geophysical Union (AGU),Peer-reviewed journal article,candidate,False
P00953,10.1029/2018ja025980,Identification of Auroral Zone Activity Driving Large‐Scale Traveling Ionospheric Disturbances,2019,Journal of Geophysical Research: Space Physics,American Geophysical Union (AGU),Peer-reviewed journal article,candidate,False
P00954,10.1029/2018ja025859,Identifying ULF Wave Eigenfrequencies in SuperDARN Backscatter Using a Lomb‐Scargle Cross‐Phase Analysis,2019,Journal of Geophysical Research: Space Physics,American Geophysical Union (AGU),Peer-reviewed journal article,candidate,False
P00955,10.1186/s40623-019-1094-7,"Imaging of polar cap patches with a low-cost airglow camera: pilot observations in Svalbard, Norway",2019,"Earth, Planets and Space",Springer Science and Business Media LLC,Peer-reviewed journal article,candidate,False
P00956,10.1029/2019gl084190,IMF <i>B</i><sub><i>y</i></sub> Influence on Magnetospheric Convection in Earth's Magnetotail Plasma Sheet,2019,Geophysical Research Letters,American Geophysical Union (AGU),Peer-reviewed journal article,candidate,False
P00957,10.1029/2019ja026755,Impact of Flow Bursts in the Auroral Zone on the Ionosphere and Thermosphere,2019,Journal of Geophysical Research: Space Physics,American Geophysical Union (AGU),Peer-reviewed journal article,candidate,False
P00958,10.1016/j.asr.2019.01.050,Impact of geomagnetic variation over sub-auroral ionospheric region during high solar activity year 2014,2019,Advances in Space Research,Elsevier,Peer-reviewed journal article,candidate,False
P00959,10.1007/978-981-13-1328-8_68,Improvement of Multi-Chain PEGASIS Using Relative Distance,2019,Lecture Notes in Electrical Engineering,Springer Singapore,Book chapter,candidate,False
P00960,10.1007/978-3-030-02907-4_11,Intelligent Offloading Distribution of High Definition Street Maps for Highly Automated Vehicles,2019,Communications in Computer and Information Science,Springer International Publishing,Book chapter,candidate,False
P00961,10.1109/rwp.2019.8810245,Ionosphere as a Medium of Radio Wave Propagation in Different Applied Tasks,2019,2019 Russian Open Conference on Radio Wave Propagation (RWP),IEEE,Conference paper,candidate,False
P00962,10.1016/j.asr.2018.09.015,Ionospheric F2-Layer critical frequency retrieved from COSMIC radio occultation: A statistical comparison with measurements from a meridional ionosonde chain over Southeast Asia,2019,Advances in Space Research,Elsevier BV,Peer-reviewed journal article,candidate,False
P00963,10.1029/2019gl083070,Ionospheric Footprints of Detached Magnetotail Interchange Heads,2019,Geophysical Research Letters,American Geophysical Union (AGU),Peer-reviewed journal article,candidate,False
P00964,10.1029/2019ja026853,Isolated Auroral Spots Observed by DMSP/SSUSI,2019,Journal of Geophysical Research: Space Physics,American Geophysical Union (AGU),Peer-reviewed journal article,candidate,False
P00965,10.1109/iccw.2019.8757181,Lightweight Group Secret Key Generation Leveraging Non-Reconciled Received Signal Strength in Mobile Wireless Networks,2019,2019 IEEE International Conference on Communications Workshops (ICC Workshops),IEEE,Conference paper,candidate,False
P00966,10.1007/s10712-019-09521-3,Linear Vary-Chap Topside Electron Density Model with Topside Sounder and Radio-Occultation Data,2019,Surveys in Geophysics,Springer Science and Business Media LLC,Peer-reviewed journal article,candidate,False
P00967,10.5194/angeo-37-215-2019,Local time extent of magnetopause reconnection using space–ground coordination,2019,Annales Geophysicae,Copernicus Publications,Peer-reviewed journal article,candidate,False
P00968,10.21046/2070-7401-2019-16-5-336-347,Longitudinal variations of geomagnetic and ionospheric parameters during severe magnetic storms in 2015,2019,Sovremennye problemy distantsionnogo zondirovaniya Zemli iz kosmosa,Space Research Institute RAS,Peer-reviewed journal article,candidate,False
P00969,10.5194/gi-8-227-2019,Low-noise permalloy ring cores for fluxgate magnetometers,2019,"Geoscientific Instrumentation, Methods and Data Systems",Copernicus GmbH,Peer-reviewed journal article,candidate,False
P00970,10.1029/2019gl082985,Lumikot: Fast Auroral Transients During the Growth Phase of Substorms,2019,Geophysical Research Letters,American Geophysical Union (AGU),Peer-reviewed journal article,candidate,False
P00971,10.1029/2018ja026152,Medium‐Scale Traveling Ionospheric Disturbances Induced by Typhoon Chan‐<scp>h</scp>om Over China,2019,Journal of Geophysical Research: Space Physics,American Geophysical Union (AGU),Peer-reviewed journal article,candidate,False
P00972,10.1029/2018sw002101,Merging of Storm Time Midlatitude Traveling Ionospheric Disturbances and Equatorial Plasma Bubbles,2019,Space Weather,American Geophysical Union (AGU),Peer-reviewed journal article,candidate,False
P00973,10.1029/2019ja026611,Mesoscale Convection Structures Associated With Airglow Patches Characterized Using Cluster‐Imager Conjunctions,2019,Journal of Geophysical Research: Space Physics,American Geophysical Union (AGU),Peer-reviewed journal article,candidate,False
P00974,10.1088/2050-6120/ab3b3d,Metabolic activity and intracellular pH in induced pluripotent stem cells differentiating in dermal and epidermal directions,2019,Methods and Applications in Fluorescence,IOP Publishing,Peer-reviewed journal article,candidate,False
P00975,10.1029/2017ja024930,Modulation of Electromagnetic Ion Cyclotron Waves by Pc5 ULF Waves and Energetic Ring Current Ions,2019,Journal of Geophysical Research: Space Physics,American Geophysical Union (AGU),Peer-reviewed journal article,candidate,False
P00976,10.1007/s10015-018-0502-6,Mono-camera based vehicle localization using lidar intensity map for automated driving,2019,Artificial Life and Robotics,Springer Science and Business Media LLC,Peer-reviewed journal article,candidate,False
P00977,10.1029/2018ja026268,"Morphology of Nightside Subauroral Ionospheric Convection: Monthly, Seasonal, Kp, and IMF Dependencies",2019,Journal of Geophysical Research: Space Physics,American Geophysical Union (AGU),Peer-reviewed journal article,candidate,False
P00978,10.1029/2019gl082401,Multi‐instrument Observation of Nonlinear EMIC‐Driven Electron Precipitation at sub–MeV Energies,2019,Geophysical Research Letters,American Geophysical Union (AGU),Peer-reviewed journal article,candidate,False
P00979,10.1029/2019ja026535,Multi‐instrument Observations of Mesoscale Enhancement of Subauroral Polarization Stream Associated With an Injection,2019,Journal of Geophysical Research: Space Physics,American Geophysical Union (AGU),Peer-reviewed journal article,candidate,False
P00980,10.1007/978-3-030-31970-0_64,Nightside Magnetic Impulsive Events: Statistics and Possible Mechanisms,2019,Springer Proceedings in Earth and Environmental Sciences,Springer Nature,Book chapter,candidate,False
P00981,10.1029/2019ja026794,Nighttime Magnetic Perturbation Events Observed in Arctic Canada: 1. Survey and Statistical Analysis,2019,Journal of Geophysical Research: Space Physics,American Geophysical Union (AGU),Peer-reviewed journal article,candidate,False
P00982,10.1029/2019ja026797,Nighttime Magnetic Perturbation Events Observed in Arctic Canada: 2. Multiple‐Instrument Observations,2019,Journal of Geophysical Research: Space Physics,American Geophysical Union (AGU),Peer-reviewed journal article,candidate,False
P00983,10.1016/j.jastp.2019.01.005,Observations of conjugated ring current auroras at subauroral latitudes,2019,Journal of Atmospheric and Solar-Terrestrial Physics,Elsevier,Peer-reviewed journal article,candidate,False
P00984,10.4401/ag-7751,Observing the cold plasma in the Earth's magnetosphere with the EMMA network,2019,Annals of Geophysics,"Instituto Nazionale di Geofisica e Vulcanologia, INGV",Peer-reviewed journal article,candidate,False
P00985,10.1186/s40623-019-1092-9,Occurrence of F region echoes for the polar cap SuperDARN radars,2019,"Earth, Planets and Space",Springer Nature,Peer-reviewed journal article,candidate,False
P00986,10.5194/angeo-37-201-2019,On the convection of ionospheric density features,2019,Annales Geophysicae,Copernicus GmbH,Peer-reviewed journal article,candidate,False
P00987,10.1029/2018ja026348,On the Relative Strength of Electric and Magnetic ULF Wave Radial Diffusion During the March 2015 Geomagnetic Storm,2019,Journal of Geophysical Research: Space Physics,American Geophysical Union (AGU),Peer-reviewed journal article,candidate,False
P00988,10.1029/2019gl085639,Optical Spectra and Emission Altitudes of Double‐Layer STEVE: A Case Study,2019,Geophysical Research Letters,American Geophysical Union (AGU),Peer-reviewed journal article,candidate,False
P00989,10.1029/2019ja027319,Pc4‐5 Poloidal ULF Wave Observed in the Dawnside Plasmaspheric Plume,2019,Journal of Geophysical Research: Space Physics,American Geophysical Union (AGU),Peer-reviewed journal article,candidate,False
P00990,10.1109/euronav.2019.8714155,Performance measurements and optimization of visualization of routes traveled in the distributed dispatcher and teleinformation system for visualization of multimedia data for the Border Guard,2019,2019 European Navigation Conference (ENC),IEEE,Conference paper,candidate,False
P00991,10.1029/2019ja027201,Periodic Excitation of Chorus and ECH Waves Modulated by Ultralow Frequency Compressions,2019,Journal of Geophysical Research: Space Physics,American Geophysical Union (AGU),Peer-reviewed journal article,candidate,False
P00992,10.1029/2019sw002276,Polar Cap Patch Prediction in the Expanding Contracting Polar Cap Paradigm,2019,Space Weather,American Geophysical Union (AGU),Peer-reviewed journal article,candidate,False
P00993,10.1016/j.jastp.2019.105057,Predicting SuperDARN cross polar cap potential by applying regression analysis and machine learning,2019,Journal of Atmospheric and Solar-Terrestrial Physics,Elsevier,Peer-reviewed journal article,candidate,False
P00994,10.3390/rs11212482,Projecting Mammal Distributions in Response to Future Alternative Landscapes in a Rapidly Transitioning Region,2019,Remote Sensing,MDPI AG,Peer-reviewed journal article,candidate,False
P00995,10.1029/2019ja027055,Propagation of EMIC Waves Inside the Plasmasphere: A Two‐Event Study,2019,Journal of Geophysical Research: Space Physics,American Geophysical Union (AGU),Peer-reviewed journal article,candidate,False
P00996,10.1029/2019ja026936,Quiet Time Structured Pc1 Waves Generated During Transient Foreshock,2019,Journal of Geophysical Research: Space Physics,American Geophysical Union (AGU),Peer-reviewed journal article,candidate,False
P00997,10.16708/j.cnki.1000-758x.2018.0066,Regional improved Klobuchar model for BeiDou and its correction accuracy analysis,2019,Zhongguo kongjian kexue jishu,Chinese Academy of Space Technology,Peer-reviewed journal article,candidate,False
P00998,10.1109/piers-spring46901.2019.9017884,Relation of Traveling Ionospheric Disturbances Characteristics with Planetary Waves in the Middle Atmosphere,2019,2019 PhotonIcs &amp; Electromagnetics Research Symposium - Spring (PIERS-Spring),IEEE,Conference paper,candidate,False
P00999,10.3389/fspas.2019.00071,Relativistic Particle Beams as a Resource to Solve Outstanding Problems in Space Physics,2019,Frontiers in Astronomy and Space Sciences,Frontiers Media SA,Peer-reviewed journal article,candidate,False
P01000,10.1088/1742-6596/1330/1/012005,Response of the Earth’s equatorial ionosphere during the severe G4-class geomagnetic storm of 8<sup>th</sup> September 2017,2019,Journal of Physics: Conference Series,IOP Publishing,Peer-reviewed journal article,candidate,False
P01001,10.1029/2019gl083289,Responses of Different Types of Pulsating Aurora in Cosmic Noise Absorption,2019,Geophysical Research Letters,American Geophysical Union (AGU),Peer-reviewed journal article,candidate,False
P01002,10.1186/s40645-019-0270-5,Review of the accomplishments of mid-latitude Super Dual Auroral Radar Network (SuperDARN) HF radars,2019,Progress in Earth and Planetary Science,Springer Nature,Peer-reviewed journal article,candidate,False
P01003,10.1029/2019gl082576,Satellite‐Beacon Ionospheric‐Scintillation Global Model of the Upper Atmosphere (SIGMA) III: Scintillation Simulation Using A Physics‐Based Plasma Model,2019,Geophysical Research Letters,American Geophysical Union (AGU),Peer-reviewed journal article,candidate,False
P01004,10.1029/2019ja026641,Separation and Quantification of Ionospheric Convection Sources: 2. The Dipole Tilt Angle Influence on Reverse Convection Cells During Northward IMF,2019,Journal of Geophysical Research: Space Physics,American Geophysical Union (AGU),Peer-reviewed journal article,candidate,False
P01005,10.1186/s40645-019-0273-2,Simulation study of near-Earth space disturbances: 2. Auroral substorms,2019,Progress in Earth and Planetary Science,Springer Science and Business Media LLC,Peer-reviewed journal article,candidate,False
P01006,10.1029/2018ja026234,Small‐Scale Aurora Associated With Magnetospheric Flow Vortices After a Solar Wind Dynamic Pressure Decrease,2019,Journal of Geophysical Research: Space Physics,American Geophysical Union (AGU),Peer-reviewed journal article,candidate,False
P01007,10.1017/9781108290135.016,"Space Weather Effects in the Ionosphere, in the Thermosphere and at Earth’s Surface",2019,"Geomagnetism, Aeronomy and Space Weather",Cambridge University Press,Book chapter,candidate,False
P01008,,Spatial-temporal Distribution of Ionospheric TEC Perturbations in China Prior to the 2016 Myanmar M7.2 Earthquake; [2016年缅甸M7.2地震前中国区域电离层TEC扰动的时空分布],2019,Earthquake,Science Press,Peer-reviewed journal article,candidate,False
P01009,10.1029/2019ja026627,Spatially Resolved Neutral Wind Response Times During High Geomagnetic Activity Above Svalbard,2019,Journal of Geophysical Research: Space Physics,American Geophysical Union (AGU),Peer-reviewed journal article,candidate,False
P01010,10.1145/3299815.3314482,Spatio-temporal Super-resolution with Photographic and Depth Data using GANs,2019,Proceedings of the 2019 ACM Southeast Conference,ACM,Conference paper,candidate,False
P01011,10.1029/2018ja026168,Statistical Study of Selective Oxygen Increase in High‐Energy Ring Current Ions During Magnetic Storms,2019,Journal of Geophysical Research: Space Physics,American Geophysical Union (AGU),Peer-reviewed journal article,candidate,False
P01012,10.1016/j.jastp.2019.105088,Storm-time convection dynamics viewed from optical auroras,2019,Journal of Atmospheric and Solar-Terrestrial Physics,Elsevier,Peer-reviewed journal article,candidate,False
P01013,10.1029/2018jd029728,"Structure, Variability, and Mean‐Flow Interactions of the January 2015 Quasi‐2‐Day Wave at Middle and High Southern Latitudes",2019,Journal of Geophysical Research: Atmospheres,American Geophysical Union (AGU),Peer-reviewed journal article,candidate,False
P01014,10.1109/rwp.2019.8810350,Studying Longitudinal Inhomogeneities of the Ionospheric and Geomagnetic Disturbances in the Northern Hemisphere during Magnetic Storms,2019,2019 Russian Open Conference on Radio Wave Propagation (RWP),IEEE,Conference paper,candidate,False
P01015,10.1029/2018ja026225,SuperDARN Evidence for Convection‐Driven Lagrangian Coherent Structures in the Polar Ionosphere,2019,Journal of Geophysical Research: Space Physics,American Geophysical Union (AGU),Peer-reviewed journal article,candidate,False
P01016,10.1029/2019ja026816,"SuperDARN Observations During Geomagnetic Storms, Geomagnetically Active Times, and Enhanced Solar Wind Driving",2019,Journal of Geophysical Research: Space Physics,American Geophysical Union (AGU),Peer-reviewed journal article,candidate,False
P01017,10.1029/2018jd030157,SuperDARN Observations of Semidiurnal Tidal Variability in the MLT and the Response to Sudden Stratospheric Warming Events,2019,Journal of Geophysical Research: Atmospheres,American Geophysical Union (AGU),Peer-reviewed journal article,candidate,False
P01018,10.1017/9781108290135.014,Temporal Field Variations,2019,"Geomagnetism, Aeronomy and Space Weather",Cambridge University Press,Book chapter,candidate,False
P01019,10.1029/2019ja026668,The 2‐D Structure of Foreshock‐Driven Field Line Resonances Observed by THEMIS Satellite and Ground‐Based Imager Conjunctions,2019,Journal of Geophysical Research: Space Physics,American Geophysical Union (AGU),Peer-reviewed journal article,candidate,False
P01020,10.1029/2018rs006688,The Case for Combining a Large Low‐Band Very High Frequency Transmitter With Multiple Receiving Arrays for Geospace Research: A Geospace Radar,2019,Radio Science,American Geophysical Union (AGU),Peer-reviewed journal article,candidate,False
P01021,10.1016/j.cam.2018.07.045,The gamma generalized normal distribution: A descriptor of SAR imagery,2019,Journal of Computational and Applied Mathematics,Elsevier BV,Peer-reviewed journal article,candidate,False
P01022,10.1017/9781108290135.012,The Ionospheric Field,2019,"Geomagnetism, Aeronomy and Space Weather",Cambridge University Press,Book chapter,candidate,False
P01023,10.1029/2019gl083186,The Magnetospheric Driving Source of Double‐Peak Subauroral Ion Drifts: Double Ring Current Pressure Peaks,2019,Geophysical Research Letters,American Geophysical Union (AGU),Peer-reviewed journal article,candidate,False
P01024,10.4401/ag-7780,The response of high latitude ionosphere to the 2015 June 22 storm,2019,Annals of Geophysics,"Instituto Nazionale di Geofisica e Vulcanologia, INGV",Peer-reviewed journal article,candidate,False
P01025,10.1007/s00024-019-02281-6,The Second-Order Derivative of GPS Carrier Phase as a Promising Means for Ionospheric Scintillation Research,2019,Pure and Applied Geophysics,Springer Nature,Peer-reviewed journal article,candidate,False
P01026,10.1007/s11214-018-0576-4,The Space Physics Environment Data Analysis System (SPEDAS),2019,Space Science Reviews,Springer Nature,Peer-reviewed journal article,candidate,False
P01027,10.1029/2019ja027069,Three Different Episodes of Prompt Equatorial Electric Field Perturbations Under Steady Southward IMF <i>Bz</i> During St. Patrick's Day Storm,2019,Journal of Geophysical Research: Space Physics,American Geophysical Union (AGU),Peer-reviewed journal article,candidate,False
P01028,10.1007/s13369-019-03870-2,Toward an Efficient Deployment of Open Source Software in the Internet of Vehicles Field,2019,Arabian Journal for Science and Engineering,Springer Science and Business Media LLC,Peer-reviewed journal article,candidate,False
P01029,10.1186/s40623-019-0989-7,Transient ionization of the mesosphere during auroral breakup: Arase satellite and ground-based conjugate observations at Syowa Station,2019,"Earth, Planets and Space",Springer Science and Business Media LLC,Peer-reviewed journal article,candidate,False
P01030,10.3390/geosciences9040177,Tropospheric and Ionospheric Anomalies Induced by Volcanic and Saharan Dust Events as Part of Geosphere Interaction Phenomena,2019,Geosciences,MDPI AG,Peer-reviewed journal article,candidate,False
P01031,10.1016/j.jastp.2018.01.008,Understanding the global dynamics of the equatorial ionosphere in Africa for space weather capabilities: A science case for AfrequaMARN,2019,Journal of Atmospheric and Solar-Terrestrial Physics,Elsevier BV,Peer-reviewed journal article,candidate,False
P01032,,Using the trimble post processed CenterPoint© RTXTM fast positioning service for highly accurate UAS based mapping and surveying without GNSS reference stations,2019,ASPRS Annual Conference and International Lidar Mapping Forum 2019,American Society for Photogrammetry and Remote Sensing,Conference paper,candidate,False
P01033,10.1029/2018ja025588,Utilizing the Heliophysics/Geospace System Observatory to Understand Particle Injections: Their Scale Sizes and Propagation Directions,2019,Journal of Geophysical Research: Space Physics,American Geophysical Union (AGU),Peer-reviewed journal article,candidate,False
P01034,10.1051/swsc/2019021,Validating the performance of the Empirical Canadian High Arctic Ionospheric Model (E-CHAIM) with in situ observations from DMSP and CHAMP,2019,Journal of Space Weather and Space Climate,EDP Sciences,Peer-reviewed journal article,candidate,False
P01035,10.1109/rsemw.2019.8792766,Validation of Different Ionospheric Models by Norilsk Station Data,2019,2019 Radiation and Scattering of Electromagnetic Waves (RSEMW),IEEE,Conference paper,candidate,False
P01036,10.1029/2018ea000546,Validity Study of the Swarm Horizontal Cross‐Track Ion Drift Velocities in the High‐Latitude Ionosphere,2019,Earth and Space Science,American Geophysical Union (AGU),Peer-reviewed journal article,candidate,False
P01037,10.1117/12.2539863,Velodyne LiDAR and monocular camera data fusion for depth map and 3D reconstruction,2019,Eleventh International Conference on Digital Image Processing (ICDIP 2019),SPIE,Conference paper,candidate,False
P01038,10.1109/icdl.2019.8796534,XEMIS2: A liquid xenon Compton camera to image small animals,2019,2019 IEEE 20th International Conference on Dielectric Liquids (ICDL),IEEE,Conference paper,candidate,False
P01039,10.1186/s40623-020-01184-4,A case study of correspondence between Pc1 activity and ionospheric irregularities at polar latitudes,2020,"Earth, Planets and Space",Springer Science and Business Media LLC,Peer-reviewed journal article,candidate,False
P01040,10.1029/2019ja027751,A Case Study of the Enhancements in Ionospheric Electron Density and Its Longitudinal Gradient at Chinese Low Latitudes,2020,Journal of Geophysical Research: Space Physics,American Geophysical Union (AGU),Peer-reviewed journal article,candidate,False
P01041,10.1029/2019ja027160,A Characterization of Periodicity in the Voltage Time Series of a Riometer,2020,Journal of Geophysical Research: Space Physics,American Geophysical Union (AGU),Peer-reviewed journal article,candidate,False
P01042,10.1186/s40623-020-01168-4,A framework for estimating spherical vector fields using localized basis functions and its application to SuperDARN data processing,2020,"Earth, Planets and Space",Springer Nature,Peer-reviewed journal article,candidate,False
P01043,10.1029/2020sw002477,A Framework for Understanding and Quantifying the Loss and Acceleration of Relativistic Electrons in the Outer Radiation Belt During Geomagnetic Storms,2020,Space Weather,American Geophysical Union (AGU),Peer-reviewed journal article,candidate,False
P01044,10.1051/swsc/2020008,A global climatological model of extreme geomagnetic field fluctuations,2020,Journal of Space Weather and Space Climate,EDP Sciences,Peer-reviewed journal article,candidate,False
P01045,10.1109/iscas45731.2020.9180527,A Latency-Aware Task Offloading in Mobile Edge Computing Network for Distributed Elevated LiDAR,2020,2020 IEEE International Symposium on Circuits and Systems (ISCAS),IEEE,Conference paper,candidate,False
P01046,10.1109/itaic49862.2020.9338753,A Location Algorithm for Autonomous Vehicles in Large-scale Scenarios Using a Multilayer LIDAR,2020,2020 IEEE 9th Joint International Information Technology and Artificial Intelligence Conference (ITAIC),IEEE,Conference paper,candidate,False
P01047,10.1109/igarss39084.2020.9324042,A Long-Time Integration Method for GNSS-Based Passive Radar Detection of Marine Target with Multi-Stage Motions,2020,IGARSS 2020 - 2020 IEEE International Geoscience and Remote Sensing Symposium,IEEE,Conference paper,candidate,False
P01048,10.1063/5.0008649,A mathematical model for the numerical simulations of traveling ionospheric disturbances/atmospheric gravity waves generated by the Joule heating,2020,Physics of Fluids,AIP Publishing,Peer-reviewed journal article,candidate,False
P01049,10.1051/swsc/2019042,A method for real-time identification and tracking of traveling ionospheric disturbances using ionosonde data: first results,2020,Journal of Space Weather and Space Climate,EDP Sciences,Peer-reviewed journal article,candidate,False
P01050,10.3389/fspas.2020.595929,A Mission Concept to Determine the Magnetospheric Causes of Aurora,2020,Frontiers in Astronomy and Space Sciences,Frontiers Media SA,Peer-reviewed journal article,candidate,False
P01051,10.1029/2019gl082894,A New Technique for Estimating the Lifetime of Bursts of Electron Precipitation From Sounding Rocket Measurements,2020,Geophysical Research Letters,American Geophysical Union (AGU),Peer-reviewed journal article,candidate,False
P01052,10.1029/2019rs006936,A Ray Tracing Simulation of HF Ionospheric Radar Performance at African Equatorial Latitudes,2020,Radio Science,American Geophysical Union (AGU),Peer-reviewed journal article,candidate,False
P01053,10.1029/2019ja026642,A Statistical Study of Near‐Earth Magnetotail Evolution During Pseudosubstorms and Substorms With THEMIS Data,2020,Journal of Geophysical Research: Space Physics,American Geophysical Union (AGU),Peer-reviewed journal article,candidate,False
P01054,10.1029/2020ja028359,A Statistical Study of Polar Cap Flow Channels and Their IMF By Dependence,2020,Journal of Geophysical Research: Space Physics,American Geophysical Union (AGU),Peer-reviewed journal article,candidate,False
P01055,10.1088/1681-7575/ab57f5,Absolute calibration of timing receiver chains at the nanosecond uncertainty level for GNSS time scales monitoring,2020,Metrologia,IOP Publishing,Peer-reviewed journal article,candidate,False
P01056,10.1029/2020ja028201,An FDTD Investigation of Orthogonality and the Backscattering of HF Waves in the Presence of Ionospheric Irregularities,2020,Journal of Geophysical Research: Space Physics,American Geophysical Union (AGU),Peer-reviewed journal article,candidate,False
P01057,10.1029/2019ja027218,An Improved Estimation of SuperDARN Heppner‐Maynard Boundaries Using AMPERE Data,2020,Journal of Geophysical Research: Space Physics,American Geophysical Union (AGU),Peer-reviewed journal article,candidate,False
P01058,10.2112/jcr-si115-177.1,Analysis of Ionospheric TEC Anomalies during Super Typhoons Megi and Meranti,2020,Journal of Coastal Research,Coastal Education and Research Foundation,Peer-reviewed journal article,candidate,False
P01059,10.1029/2019ja027112,Analysis of Plasma Irregularities on a Range of Scintillation‐Scales Using the Resolute Bay Incoherent Scatter Radars,2020,Journal of Geophysical Research: Space Physics,American Geophysical Union (AGU),Peer-reviewed journal article,candidate,False
P01060,10.13203/j.whugis20180431,Analysis of Temporal and Spatial Variation Characteristics of Global Ionospheric TEC Grid; [全球电离层TEC格网时空变化特性分析],2020,Wuhan Daxue Xuebao (Xinxi Kexue Ban)/Geomatics and Information Science of Wuhan University,Wuhan University,Peer-reviewed journal article,candidate,False
P01061,10.1007/s12517-020-06161-5,Analyzing urban watersheds morphometric in arid and semiarid regions using the complementarity of RST and GIS,2020,Arabian Journal of Geosciences,Springer Science and Business Media LLC,Peer-reviewed journal article,candidate,False
P01062,10.1088/1742-6596/1632/1/012004,Approximating the probability distribution laws for critical frequency deviations of the ionospheric F2 layer by fourth-degree polynomials,2020,Journal of Physics: Conference Series,IOP Publishing,Peer-reviewed journal article,candidate,False
P01063,10.1029/2019ja027310,Arase Observation of the Source Region of Auroral Arcs and Diffuse Auroras in the Inner Magnetosphere,2020,Journal of Geophysical Research: Space Physics,American Geophysical Union (AGU),Peer-reviewed journal article,candidate,False
P01064,10.1016/b978-0-12-813371-2.00007-x,Atmospheric effects and signatures of high-energy electron precipitation,2020,The Dynamic Loss of Earth's Radiation Belts,Elsevier,Book chapter,candidate,False
P01065,10.1029/2020ja027808,Auroral Image Classification With Deep Neural Networks,2020,Journal of Geophysical Research: Space Physics,American Geophysical Union (AGU),Peer-reviewed journal article,candidate,False
P01066,10.1029/2020rs007121,Bistatic Observations With SuperDARN HF Radars: First Results,2020,Radio Science,American Geophysical Union (AGU),Peer-reviewed journal article,candidate,False
P01067,10.1029/2020gl090296,Can Solar Wind Decompressive Discontinuities Suppress Magnetospheric Electromagnetic Ion Cyclotron Waves Associated With Fresh Proton Injections?,2020,Geophysical Research Letters,American Geophysical Union (AGU),Peer-reviewed journal article,candidate,False
P01068,10.1007/978-981-15-4481-1_20,Cartographer Local SLAM Optimization Using Multistage Distance Scan Scheduler,2020,Lecture Notes in Mechanical Engineering,Springer Singapore,Book chapter,candidate,False
P01069,10.1016/j.jastp.2020.105380,Chain of responses of geomagnetic and ionospheric storms to a bunch of central coronal hole and high speed stream of solar wind,2020,Journal of Atmospheric and Solar-Terrestrial Physics,Elsevier BV,Peer-reviewed journal article,candidate,False
P01070,10.1029/2019ja027233,Characteristics of Electron Precipitation During 40 Energetic Electron Injections Inferred via Subionospheric VLF Signal Propagation,2020,Journal of Geophysical Research: Space Physics,American Geophysical Union (AGU),Peer-reviewed journal article,candidate,False
P01071,10.1029/2019ja027701,Characteristics of Reconnection Sites and Fast Flow Channels in an MHD Simulation,2020,Journal of Geophysical Research: Space Physics,American Geophysical Union (AGU),Peer-reviewed journal article,candidate,False
P01072,10.1029/2019ja027643,Characteristics of Small‐Scale Gravity Waves in the Arctic Winter Mesosphere,2020,Journal of Geophysical Research: Space Physics,American Geophysical Union (AGU),Peer-reviewed journal article,candidate,False
P01073,10.1029/2019ja027066,Characterization of African Equatorial Ionization Anomaly During the Maximum Phase of Solar Cycle 24,2020,Journal of Geophysical Research: Space Physics,American Geophysical Union (AGU),Peer-reviewed journal article,candidate,False
P01074,10.1029/2020sw002572,Characterizing Auroral‐Zone Absorption Based on Global <i>Kp</i> and Regional Geomagnetic Hourly Range Indices,2020,Space Weather,American Geophysical Union (AGU),Peer-reviewed journal article,candidate,False
P01075,10.1557/mrs.2020.230,Chemical and bonding analysis of liquids using liquid cell electron microscopy,2020,MRS Bulletin,Springer Science and Business Media LLC,Peer-reviewed journal article,candidate,False
P01076,10.3390/rs12162634,Climatology Characteristics of Ionospheric Irregularities Described with GNSS ROTI,2020,Remote Sensing,MDPI AG,Peer-reviewed journal article,candidate,False
P01077,10.33012/2020.17631,Closed-Loop GNSS/INS Simulation Chain with RTK-Accuracy for Sensor Fusion Algorithm Verification,2020,"ION GNSS+, The International Technical Meeting of the Satellite Division of The Institute of Navigation",Institute of Navigation,Conference paper,candidate,False
P01078,10.3390/atmos11020177,"Coexistence of Lightning Generated Whistlers, Hiss and Lower Hybrid Noise Observed by e-POP (SWARM-E)–RRI",2020,Atmosphere,MDPI AG,Peer-reviewed journal article,candidate,False
P01079,10.1029/2020ja028165,Colocated Observations of the <i>E</i> and <i>F</i> Region Thermosphere During a Substorm,2020,Journal of Geophysical Research: Space Physics,American Geophysical Union (AGU),Peer-reviewed journal article,candidate,False
P01080,10.1016/j.jastp.2020.105333,Comparison and evaluation of a bottom-up GPS-RO electron density retrieval for D and E regions using radar observations and models,2020,Journal of Atmospheric and Solar-Terrestrial Physics,Elsevier BV,Peer-reviewed journal article,candidate,False
P01081,10.1186/s40623-020-01170-w,Comparison of SuperDARN peak electron density estimates based on elevation angle measurements to ionosonde and incoherent scatter radar measurements,2020,"Earth, Planets and Space",Springer Nature,Peer-reviewed journal article,candidate,False
P01082,10.1016/j.pss.2020.105104,Concerning the interaction of a transmitted interplanetary impulse with a plasmaspheric drainage plume: First results from 3-D hybrid kinetic modeling,2020,Planetary and Space Science,Elsevier BV,Peer-reviewed journal article,candidate,False
P01083,10.1029/2019ja027264,"Concurrent Observations Of Magnetic Reconnection From Cluster, IMAGE and SuperDARN: A Comparison Of Reconnection Rates And Energy Conversion",2020,Journal of Geophysical Research: Space Physics,American Geophysical Union (AGU),Peer-reviewed journal article,candidate,False
P01084,10.1029/2019ja027541,Convection in the Magnetosphere‐Ionosphere System: A Multimission Survey of Its Response to IMF <i>B</i><sub><i>y</i></sub> Reversals,2020,Journal of Geophysical Research: Space Physics,American Geophysical Union (AGU),Peer-reviewed journal article,candidate,False
P01085,10.1016/j.jastp.2020.105195,Corotation of ring current auroral spots at sub-auroral latitudes,2020,Journal of Atmospheric and Solar-Terrestrial Physics,Elsevier,Peer-reviewed journal article,candidate,False
P01086,10.5194/angeo-38-557-2020,Cosmic noise absorption signature of particle precipitation during interplanetary coronal mass ejection sheaths and ejecta,2020,Annales Geophysicae,Copernicus GmbH,Peer-reviewed journal article,candidate,False
P01087,10.4271/2020-01-0718,Creating Driving Scenarios from Recorded Vehicle Data for Validating Lane Centering System in Highway Traffic,2020,SAE Technical Paper Series,SAE International,Conference paper,candidate,False
P01088,10.1029/2019ja027742,Dawnside Auroral Polarization Streams,2020,Journal of Geophysical Research: Space Physics,American Geophysical Union (AGU),Peer-reviewed journal article,candidate,False
P01089,10.1029/2019gl086722,Dayside Field‐Aligned Current Impacts on Ionospheric Irregularities,2020,Geophysical Research Letters,American Geophysical Union (AGU),Peer-reviewed journal article,candidate,False
P01090,10.1029/2020ja028101,Dayside Polar Cap Density Enhancements Formed During Substorms,2020,Journal of Geophysical Research: Space Physics,American Geophysical Union (AGU),Peer-reviewed journal article,candidate,False
P01091,10.1029/2020ea001219,Deep Learning Models for Estimation of the SuperDARN Cross Polar Cap Potential,2020,Earth and Space Science,American Geophysical Union (AGU),Peer-reviewed journal article,candidate,False
P01092,10.1109/plans46316.2020.9109842,Demonstration of a Multi-Layer Spoofing Detection Implemented in a High Precision GNSS Receiver,2020,"2020 IEEE/ION Position, Location and Navigation Symposium (PLANS)",IEEE,Conference paper,candidate,False
P01093,10.1109/radarconf2043947.2020.9266445,Design of an HF Transmitter Antenna for Bistatic Ionospheric Soundings in Antarctica,2020,2020 IEEE Radar Conference (RadarConf20),IEEE,Conference paper,candidate,False
P01094,10.3390/rs12223760,Developing and Testing Models for Sea Surface Wind Speed Estimation with GNSS-R Delay Doppler Maps and Delay Waveforms,2020,Remote Sensing,MDPI AG,Peer-reviewed journal article,candidate,False
P01095,10.1029/2020ja028573,Diagnosing the Time‐Dependent Nature of Magnetosphere‐Ionosphere Coupling via ULF Waves at Substorm Onset,2020,Journal of Geophysical Research: Space Physics,American Geophysical Union (AGU),Peer-reviewed journal article,candidate,False
P01096,10.1007/s11214-019-0629-3,Diffuse and Pulsating Aurora,2020,Space Science Reviews,Springer Nature,Peer-reviewed journal article,candidate,False
P01097,10.1007/s11141-020-10018-y,DOI only: 10.1007/s11141-020-10018-y,2020,Radiophysics and Quantum Electronics,Springer,Unknown,candidate,False
P01098,10.1007/s11214-020-00720-8,DOI only: 10.1007/s11214-020-00720-8,2020,Space Science Reviews,Springer,Unknown,candidate,False
P01099,10.1007/s11214-020-0637-3,DOI only: 10.1007/s11214-020-0637-3,2020,Space Science Reviews,Springer,Unknown,candidate,False
P01100,10.1029/2019ja027067,Drift‐Bounce Resonance Between Charged Particles and Ultralow Frequency Waves: Theory and Observations,2020,Journal of Geophysical Research: Space Physics,American Geophysical Union (AGU),Peer-reviewed journal article,candidate,False
P01101,10.4271/2020-01-0732,Drive Horizon: An Artificial Intelligent Approach to Predict Vehicle Speed for Realizing Predictive Powertrain Control,2020,SAE Technical Paper Series,SAE International,Conference paper,candidate,False
P01102,10.1029/2020ja028097,Driving of Outer Belt Electron Loss by Solar Wind Dynamic Pressure Structures: Analysis of Balloon and Satellite Data,2020,Journal of Geophysical Research: Space Physics,American Geophysical Union (AGU),Peer-reviewed journal article,candidate,False
P01103,10.1029/2020ja028067,Dynamics of Auroral Precipitation Boundaries Associated With STEVE and SAID,2020,Journal of Geophysical Research: Space Physics,American Geophysical Union (AGU),Peer-reviewed journal article,candidate,False
P01104,10.1029/2019ja027615,Early Studies in Solar Wind Coupling and Substorms,2020,Journal of Geophysical Research: Space Physics,American Geophysical Union (AGU),Peer-reviewed journal article,candidate,False
P01105,10.23919/irs48640.2020.9253862,Effect of Frequency Monitoring System for Over-The-Horizon Radar due to the presence of patches and arcs within the polar cap ionosphere,2020,2020 21st International Radar Symposium (IRS),IEEE,Conference paper,candidate,False
P01106,10.1029/2019ja027493,Effects of IMF By on Ring Current Asymmetry Under Southward IMF Bz Conditions Observed at Ground Magnetic Stations: Case Studies,2020,Journal of Geophysical Research: Space Physics,American Geophysical Union (AGU),Peer-reviewed journal article,candidate,False
P01107,10.1007/s10291-019-0936-x,Efficiency of updating the ionospheric models using total electron content at mid- and sub-auroral latitudes,2020,GPS Solutions,Springer Science and Business Media LLC,Peer-reviewed journal article,candidate,False
P01108,10.1109/tvt.2019.2963346,Efficient 3D Road Map Data Exchange for Intelligent Vehicles in Vehicular Fog Networks,2020,IEEE Transactions on Vehicular Technology,Institute of Electrical and Electronics Engineers (IEEE),Peer-reviewed journal article,candidate,False
P01109,10.2205/2019es000699,"Electron density in the polar {\itshape  F} region ionosphere during solar minimum: modeling, radar and ionosonde observations",2020,Russian Journal of Earth Sciences,Geophysical Center of the Russian Academy of Sciences,Peer-reviewed journal article,candidate,False
P01110,10.1029/2020ja028041,Energetics and Alfvénic Coupling of a Poleward Boundary Intensification: A Polar Case Study,2020,Journal of Geophysical Research: Space Physics,American Geophysical Union (AGU),Peer-reviewed journal article,candidate,False
P01111,10.11728/cjss2020.04.493,Enhancement of Field-aligned Current during the Azimuthal Flow in the Near-Earth Magnetotail,2020,Chinese Journal of Space Science,"National Space Science Center, Chinese Academy of Sciences",Peer-reviewed journal article,candidate,False
P01112,10.1093/nsr/nwaa083,Equatorial aurora: the aurora-like airglow in the negative magnetic anomaly,2020,National Science Review,Oxford University Press (OUP),Peer-reviewed journal article,candidate,False
P01113,,Estimation of forest above-ground biomass using random forest algorithm based on ALOS PALSAR and landsat 5TM imageries,2020,"40th Asian Conference on Remote Sensing, ACRS 2019: Progress of Remote Sensing Technology for Smart Future",Asian Association on Remote Sensing,Conference paper,candidate,False
P01114,10.1029/2020ja027867,Evaluation of the Cross‐Field Current Instability as a Substorm Onset Process With Auroral Bead Properties,2020,Journal of Geophysical Research: Space Physics,American Geophysical Union (AGU),Peer-reviewed journal article,candidate,False
P01115,10.1007/s41614-019-0037-x,"Evolution of auroral substorm as viewed from MHD simulations: dynamics, energy transfer and energy conversion",2020,Reviews of Modern Plasma Physics,Springer Science and Business Media LLC,Peer-reviewed journal article,candidate,False
P01116,10.1029/2019ea000911,First Observation of Ionospheric Convection From the Jiamusi HF Radar During a Strong Geomagnetic Storm,2020,Earth and Space Science,American Geophysical Union (AGU),Peer-reviewed journal article,candidate,False
P01117,10.1029/2019ea000916,Flow Vortex‐Associated Downward Field‐Aligned Current Retreating in the Near‐Earth Plasma Sheet,2020,Earth and Space Science,American Geophysical Union (AGU),Peer-reviewed journal article,candidate,False
P01118,10.5194/tc-14-1875-2020,Global Positioning System interferometric reflectometry (GPS-IR) measurements of ground surface elevation changes in  permafrost areas in northern Canada,2020,The Cryosphere,Copernicus Publications,Peer-reviewed journal article,candidate,False
P01119,10.1109/iv47402.2020.9304783,High Integrity Lane-level Occupancy Estimation of Road Obstacles Through LiDAR and HD Map Data Fusion,2020,2020 IEEE Intelligent Vehicles Symposium (IV),IEEE,Conference paper,candidate,False
P01120,10.5194/angeo-38-845-2020,"Horizontal electric fields from flow of auroral O
                    <sup>+</sup>
                    (
                    <sup>2</sup>
                    P) ions at sub-second temporal resolution",2020,Annales Geophysicae,Copernicus Publications,Peer-reviewed journal article,candidate,False
P01121,10.1109/lgrs.2019.2928172,Improved Frequency Monitoring System for Sky-Wave Over-the-Horizon Radar in Canada,2020,IEEE Geoscience and Remote Sensing Letters,IEEE,Peer-reviewed journal article,candidate,False
P01122,10.1016/j.jastp.2020.105365,In-situ and optical observations of sub-ion magnetic holes,2020,Journal of Atmospheric and Solar-Terrestrial Physics,Elsevier,Peer-reviewed journal article,candidate,False
P01123,10.1029/2020ja028128,Interhemispheric Comparisons of Large Nighttime Magnetic Perturbation Events Relevant to GICs,2020,Journal of Geophysical Research: Space Physics,American Geophysical Union (AGU),Peer-reviewed journal article,candidate,False
P01124,10.1051/swsc/2020054,Investigating the foF2 variations at the Ionospheric Observatory of Rome during different solar cycles minimums and levels of geomagnetic activity,2020,Journal of Space Weather and Space Climate,EDP Sciences,Peer-reviewed journal article,candidate,False
P01125,10.1007/s10509-020-03828-z,"Investigation of global ionospheric response of the severe geomagnetic storm on June 22-23, 2015 by GNSS-based TEC observations",2020,Astrophysics and Space Science,Springer Science and Business Media LLC,Peer-reviewed journal article,candidate,False
P01126,10.1029/2020ja028055,IONISE: An Ionospheric Observational Network for Irregularity and Scintillation in East and Southeast Asia,2020,Journal of Geophysical Research: Space Physics,American Geophysical Union (AGU),Peer-reviewed journal article,candidate,False
P01127,10.1002/9781119458449.ch31,"Ionospheric Effects, Monitoring, and Mitigation Techniques",2020,"Position, Navigation, and Timing Technologies in the 21st Century",Wiley,Book chapter,candidate,False
P01128,10.21046/2070-7401-2020-17-4-269-281,Ionospheric longitudinal variability in the Northern Hemisphere during magnetic storm from ionosonde and GPS/GLONASS data,2020,Sovremennye problemy distantsionnogo zondirovaniya Zemli iz kosmosa,Space Research Institute RAS,Peer-reviewed journal article,candidate,False
P01129,10.21046/2070-7401-2020-17-6-145-152,Ionospheric longitudinal variability in the Northern Hemisphere during magnetic storm from the GPS/GLONASS data,2020,Sovremennye problemy distantsionnogo zondirovaniya Zemli iz kosmosa,Space Research Institute RAS,Peer-reviewed journal article,candidate,False
P01130,10.1016/j.asr.2020.05.025,Ionospheric response to the 26 August 2018 geomagnetic storm using GPS-TEC observations along 80° E and 120° E longitudes in the Asian sector,2020,Advances in Space Research,Elsevier BV,Peer-reviewed journal article,candidate,False
P01131,10.1029/2019rs006872,Ionospheric Sounding and Tomography Using Automatic Identification System (AIS) and Other Signals of Opportunity,2020,Radio Science,American Geophysical Union (AGU),Peer-reviewed journal article,candidate,False
P01132,10.12737/szf-62202006,ISTP SB RAS decameter radars,2020,Solnechno-Zemnaya Fizika,Infra-M Academic Publishing House,Peer-reviewed journal article,candidate,False
P01133,10.1029/2019ja027726,Large‐Scale Ionospheric Disturbances During the 17 March 2015 Storm: A Model‐Data Comparative Study,2020,Journal of Geophysical Research: Space Physics,American Geophysical Union (AGU),Peer-reviewed journal article,candidate,False
P01134,10.1029/2020ja028570,Longitudinal and Interhemispheric Ionospheric Response to 2009 and 2013 SSW Events in the African‐European and Indian‐East Asian Sectors,2020,Journal of Geophysical Research: Space Physics,American Geophysical Union (AGU),Peer-reviewed journal article,candidate,False
P01135,10.1029/2020ja027782,"Magnetospheric Conditions for STEVE and SAID: Particle Injection, Substorm Surge, and Field‐Aligned Currents",2020,Journal of Geophysical Research: Space Physics,American Geophysical Union (AGU),Peer-reviewed journal article,candidate,False
P01136,10.2514/6.2020-1913,Markov Chain Monte Carlo Extensions to Gaussian Processes Approach on Orbit Predictions,2020,AIAA Scitech 2020 Forum,American Institute of Aeronautics and Astronautics,Conference paper,candidate,False
P01137,10.1002/app.48792,Mechanical properties and thermal stability of porous polyimide/hollow mesoporous silica nanoparticles composite films prepared by using polystyrene microspheres as the pore‐forming template,2020,Journal of Applied Polymer Science,Wiley,Peer-reviewed journal article,candidate,False
P01138,10.23919/ursigass49373.2020.9232189,Method for Estimating Neutral Wind Azimuth using 2D TID Propagation Parameters,2020,2020 XXXIIIrd General Assembly and Scientific Symposium of the International Union of Radio Science,IEEE,Conference paper,candidate,False
P01139,10.2138/am-2020-6964,Microstructural controls on the chemical heterogeneity of cassiterite revealed by cathodoluminescence and elemental X-ray mapping,2020,American Mineralogist,Mineralogical Society of America,Peer-reviewed journal article,candidate,False
P01140,10.5194/angeo-38-1257-2020,Migrating tide climatologies measured by a high-latitude array of SuperDARN HF radars,2020,Annales Geophysicae,Copernicus Publications,Peer-reviewed journal article,candidate,False
P01141,10.20965/jrm.2020.p0624,Mono-Camera-Based Robust Self-Localization Using LIDAR Intensity Map,2020,Journal of Robotics and Mechatronics,Fuji Technology Press Ltd.,Peer-reviewed journal article,candidate,False
P01142,10.1016/j.asr.2020.03.020,Multi-frequency SuperDARN radar observations of the modulated ionosphere by high-power radio-waves at EISCAT,2020,Advances in Space Research,Elsevier BV,Peer-reviewed journal article,candidate,False
P01143,10.1029/2019gl085590,Multi‐Instrument Observations of Ion‐Neutral Coupling in the Dayside Cusp,2020,Geophysical Research Letters,American Geophysical Union (AGU),Peer-reviewed journal article,candidate,False
P01144,10.1142/s2301385020500168,Multi-Sensor Fusion for Navigation and Mapping in Autonomous Vehicles: Accurate Localization in Urban Environments,2020,Unmanned Systems,World Scientific Pub Co Pte Lt,Peer-reviewed journal article,candidate,False
P01145,10.1029/2019ja027598,Multievent Analysis of Oscillatory Motion of Medium‐Scale Traveling Ionospheric Disturbances Observed by a 630‐nm Airglow Imager Over Tromsø,2020,Journal of Geophysical Research: Space Physics,American Geophysical Union (AGU),Peer-reviewed journal article,candidate,False
P01146,10.5194/amt-13-2797-2020,"N
                    <sub>2</sub>
                    O isotopocule measurements using laser spectroscopy: analyzer characterization and intercomparison",2020,Atmospheric Measurement Techniques,Copernicus GmbH,Peer-reviewed journal article,candidate,False
P01147,10.1007/s11277-020-07289-z,Navigation Message Authentication Based on One-Way Hash Chain to Mitigate Spoofing Attacks for GPS L1,2020,Wireless Personal Communications,Springer Science and Business Media LLC,Peer-reviewed journal article,candidate,False
P01148,10.1109/radarconf2043947.2020.9266517,Novel radar north correction estimation algorithm,2020,2020 IEEE Radar Conference (RadarConf20),IEEE,Conference paper,candidate,False
P01149,10.1029/2020ja028119,Observational Evidence for the Role of Hall Conductance in Alfvén Wave Reflection,2020,Journal of Geophysical Research: Space Physics,American Geophysical Union (AGU),Peer-reviewed journal article,candidate,False
P01150,10.1029/2020ja027935,Observational Validation of Cutoff Models as Boundaries of Solar Proton Event Impact Area,2020,Journal of Geophysical Research: Space Physics,American Geophysical Union (AGU),Peer-reviewed journal article,candidate,False
P01151,10.1029/2019ja027713,Observations of Electron Precipitation During Pulsating Aurora and Its Chemical Impact,2020,Journal of Geophysical Research: Space Physics,American Geophysical Union (AGU),Peer-reviewed journal article,candidate,False
P01152,10.1029/2020ja028250,"OI 630.0‐nm and N<sub>2</sub> 1PG Emissions in Pulsating Aurora Events Observed by an Optical Spectrograph at Tromsø, Norway",2020,Journal of Geophysical Research: Space Physics,American Geophysical Union (AGU),Peer-reviewed journal article,candidate,False
P01153,10.1109/jstars.2020.2986683,On the Analytical Description of the Topside Ionosphere by NeQuick: Modeling the Scale Height Through COSMIC/FORMOSAT-3 Selected Data,2020,IEEE Journal of Selected Topics in Applied Earth Observations and Remote Sensing,Institute of Electrical and Electronics Engineers (IEEE),Peer-reviewed journal article,candidate,False
P01154,10.1029/2019ja027469,On the Confinement of Ultrarelativistic Electron Remnant Belts to Low L Shells,2020,Journal of Geophysical Research: Space Physics,American Geophysical Union (AGU),Peer-reviewed journal article,candidate,False
P01155,10.1109/wisee44079.2020.9262655,On the latitude-dependence of the GPS phase variation index in the polar region,2020,2020 IEEE International Conference on Wireless for Space and Extreme Environments (WiSEE),IEEE,Conference paper,candidate,False
P01156,10.1029/2019ja027573,On the Magnetospheric ULF Wave Counterpart of Substorm Onset,2020,Journal of Geophysical Research: Space Physics,American Geophysical Union (AGU),Peer-reviewed journal article,candidate,False
P01157,10.1029/2019ja027473,On the Origin of Far‐Aspect Angle Irregularity Regions Seen by HF Radars at 100‐km Altitude,2020,Journal of Geophysical Research: Space Physics,American Geophysical Union (AGU),Peer-reviewed journal article,candidate,False
P01158,10.1016/j.jastp.2020.105288,On the source region and orientations of nightside auroral arcs,2020,Journal of Atmospheric and Solar-Terrestrial Physics,Elsevier,Peer-reviewed journal article,candidate,False
P01159,10.1029/2019ja026735,Particle Dynamics in the Earth's Radiation Belts: Review of Current Research and Open Questions,2020,Journal of Geophysical Research: Space Physics,American Geophysical Union (AGU),Peer-reviewed journal article,candidate,False
P01160,10.1186/s40623-020-01196-0,Penetration electric fields observed at middle and low latitudes during the 22 June 2015 geomagnetic storm,2020,"Earth, Planets and Space",Springer Nature,Peer-reviewed journal article,candidate,False
P01161,10.1029/2020ja028032,Periodic Modulation of the Upper Ionosphere by ULF Waves as Observed Simultaneously by SuperDARN Radars and GPS/TEC Technique,2020,Journal of Geophysical Research: Space Physics,American Geophysical Union (AGU),Peer-reviewed journal article,candidate,False
P01162,10.1029/2020gl087009,Persistent EMIC Wave Activity Across the Nightside Inner Magnetosphere,2020,Geophysical Research Letters,American Geophysical Union (AGU),Peer-reviewed journal article,candidate,False
P01163,10.1007/s11214-020-00665-y,"Physical Processes of Meso-Scale, Dynamic Auroral Forms",2020,Space Science Reviews,Springer Science and Business Media LLC,Peer-reviewed journal article,candidate,False
P01164,10.1038/s41467-020-15506-3,Plasmapause surface wave oscillates the magnetosphere and diffuse aurora,2020,Nature Communications,Springer Science and Business Media LLC,Peer-reviewed journal article,candidate,False
P01165,10.1029/2019ja027020,Polar Ionospheric Large‐Scale Structures and Dynamics Revealed by TEC Keogram Extracted From TEC Maps,2020,Journal of Geophysical Research: Space Physics,American Geophysical Union (AGU),Peer-reviewed journal article,candidate,False
P01166,10.1007/978-981-15-3711-0_28,Postseismic Deformation of the MS 8.1 Nepal Earthquake in 2015 from GPS Observations,2020,Lecture Notes in Electrical Engineering,Springer Nature Singapore,Book chapter,candidate,False
P01167,10.1029/2019ja027666,Prebreakup Arc Intensification due to Short Circuiting of Mesoscale Plasma Flows Over the Plasmapause,2020,Journal of Geophysical Research: Space Physics,American Geophysical Union (AGU),Peer-reviewed journal article,candidate,False
P01168,10.1029/2019sw002424,Prediction of <i>D</i><i>s</i><i>t</i> During Solar Minimum Using In Situ Measurements at L5,2020,Space Weather,American Geophysical Union (AGU),Peer-reviewed journal article,candidate,False
P01169,,Preliminary study of digitalizing potential paddy lot sample using space based technology for crop cutting survey (CCS),2020,ACRS 2020 - 41st Asian Conference on Remote Sensing,Asian Association on Remote Sensing,Conference paper,candidate,False
P01170,10.1029/2020ja028208,Quantifying the Effects of EMIC Wave Scattering and Magnetopause Shadowing in the Outer Electron Radiation Belt by Means of Data Assimilation,2020,Journal of Geophysical Research: Space Physics,American Geophysical Union (AGU),Peer-reviewed journal article,candidate,False
P01171,10.1007/s11214-019-0619-5,Quiescent Discrete Auroral Arcs: A Review of Magnetospheric Generator Mechanisms,2020,Space Science Reviews,Springer Science and Business Media LLC,Peer-reviewed journal article,candidate,False
P01172,10.1007/s11214-020-0641-7,"Quiet, Discrete Auroral Arcs—Observations",2020,Space Science Reviews,Springer Nature,Peer-reviewed journal article,candidate,False
P01173,10.1145/3418994.3419007,Radar Spectral Maps Classification Based on Deep Learning,2020,Proceedings of the 2020 International Conference on Computer Communication and Information Systems,ACM,Conference paper,candidate,False
P01174,10.1029/2020ea001274,Random Forest Model of Ultralow‐Frequency Magnetospheric Wave Power,2020,Earth and Space Science,American Geophysical Union (AGU),Peer-reviewed journal article,candidate,False
P01175,10.1109/radar42522.2020.9114668,Receive Arrays for Polar Over-the-Horizon Radar,2020,2020 IEEE International Radar Conference (RADAR),IEEE,Conference paper,candidate,False
P01176,10.1002/9781119509592.ch12,Recent Advances in Understanding Radiation Belt Electron Dynamics Due to Wave–Particle Interactions,2020,Geophysical Monograph Series,Wiley,Book chapter,candidate,False
P01177,10.1186/s40623-020-01234-x,Relative contributions of large-scale and wedgelet currents in the substorm current wedge,2020,"Earth, Planets and Space",Springer Nature,Peer-reviewed journal article,candidate,False
P01178,10.23919/ursigass49373.2020.9232166,Responses of equatorial plasma bubbles during geomagnetic storm of October 2016 observed by Beidou GEO TEC observations,2020,2020 XXXIIIrd General Assembly and Scientific Symposium of the International Union of Radio Science,IEEE,Conference paper,candidate,False
P01179,10.1145/3430116.3430117,Role of Space Weather in Determining the State of the Ionosphere,2020,Proceedings of the 9th International Conference on Telecommunications and Remote Sensing,ACM,Conference paper,candidate,False
P01180,10.1029/2020ja027787,Roles of Magnetospheric Convection on Nonlinear Drift Resonance Between Electrons and ULF Waves,2020,Journal of Geophysical Research: Space Physics,American Geophysical Union (AGU),Peer-reviewed journal article,candidate,False
P01181,10.18280/i2m.190606,Satellite Differential Code Bias Estimated Using EGYNET: A Local Egyptian Permanent Network,2020,Instrumentation Mesure Métrologie,International Information and Engineering Technology Association,Peer-reviewed journal article,candidate,False
P01182,10.1109/jstars.2019.2955175,Sensing Sea Ice Based on Doppler Spread Analysis of Spaceborne GNSS-R Data,2020,IEEE Journal of Selected Topics in Applied Earth Observations and Remote Sensing,Institute of Electrical and Electronics Engineers (IEEE),Peer-reviewed journal article,candidate,False
P01183,10.1029/2019ja027674,"Sequential Observations of Flux Transfer Events, Poleward‐Moving Auroral Forms, and Polar Cap Patches",2020,Journal of Geophysical Research: Space Physics,American Geophysical Union (AGU),Peer-reviewed journal article,candidate,False
P01184,10.1029/2019ja026885,Shear Flow‐Interchange Instability in Nightside Magnetotail as Proposed Cause of Auroral Beads as a Signature of Substorm Onset,2020,Journal of Geophysical Research: Space Physics,American Geophysical Union (AGU),Peer-reviewed journal article,candidate,False
P01185,10.1109/jstars.2020.2970221,Simulation-Based Feasibility Analysis of Ship Detection Using GNSS-R Delay-Doppler Maps,2020,IEEE Journal of Selected Topics in Applied Earth Observations and Remote Sensing,Institute of Electrical and Electronics Engineers (IEEE),Peer-reviewed journal article,candidate,False
P01186,10.1029/2019ja027424,Simultaneous Observations of Electromagnetic Ion Cyclotron (EMIC) Waves and Pitch Angle Scattering During a Van Allen Probes Conjunction,2020,Journal of Geophysical Research: Space Physics,American Geophysical Union (AGU),Peer-reviewed journal article,candidate,False
P01187,10.1029/2020gl089441,Simultaneous Observations of Geoelectric and Geomagnetic Fields Produced by Magnetospheric ULF Waves,2020,Geophysical Research Letters,American Geophysical Union (AGU),Peer-reviewed journal article,candidate,False
P01188,10.1007/s10291-020-00983-2,SIMuRG: System for Ionosphere Monitoring and Research from GNSS,2020,GPS Solutions,Springer Nature,Peer-reviewed journal article,candidate,False
P01189,10.23919/ursigass49373.2020.9232206,Sluggishness of the Ionosphere: Characteristic time-lag in Response to Solar Flares,2020,2020 XXXIIIrd General Assembly and Scientific Symposium of the International Union of Radio Science,IEEE,Conference paper,candidate,False
P01190,10.3390/rs12101579,Small-Scale Ionospheric Irregularities of Auroral Origin at Mid-latitudes during the 22 June 2015 Magnetic Storm and Their Effect on GPS Positioning,2020,Remote Sensing,MDPI,Peer-reviewed journal article,candidate,False
P01191,10.1029/2019sw002434,Solar Cycle Variations of GPS Amplitude Scintillation for the Polar Region,2020,Space Weather,American Geophysical Union (AGU),Peer-reviewed journal article,candidate,False
P01192,10.1016/j.jastp.2020.105310,Solving the auroral-arc-generator question by using an electron beam to unambiguously connect critical magnetospheric measurements to auroral images,2020,Journal of Atmospheric and Solar-Terrestrial Physics,Elsevier BV,Peer-reviewed journal article,candidate,False
P01193,10.1029/2020gl089451,Source Region and Propagation of Dayside Large‐Scale Traveling Ionospheric Disturbances,2020,Geophysical Research Letters,American Geophysical Union (AGU),Peer-reviewed journal article,candidate,False
P01194,10.1117/12.2557205,Space environment data field modeling and visualization,2020,Eleventh International Conference on Graphics and Image Processing (ICGIP 2019),SPIE,Conference paper,candidate,False
P01195,10.3847/1538-4357/ab9645,Spatially Quasi-periodic Finger-like Auroras during Substorms,2020,The Astrophysical Journal,American Astronomical Society,Peer-reviewed journal article,candidate,False
P01196,10.3390/atmos11121308,"Statistical Analysis and Interpretation of High-, Mid- and Low-Latitude Responses in Regional Electron Content to Geomagnetic Storms",2020,Atmosphere,MDPI AG,Peer-reviewed journal article,candidate,False
P01197,10.1016/j.jastp.2020.105292,Statistical study of EMIC Pc1-Pc2 waves observed at subauroral latitudes,2020,Journal of Atmospheric and Solar-Terrestrial Physics,Elsevier BV,Peer-reviewed journal article,candidate,False
P01198,10.1029/2020ja028179,Statistical Study of Ion Upflow and Downflow Observed by PFISR,2020,Journal of Geophysical Research: Space Physics,American Geophysical Union (AGU),Peer-reviewed journal article,candidate,False
P01199,10.3390/rs12101588,"Strong Interrelation between the Short-Term Variability in the Ionosphere, Upper Mesosphere, and Winter Polar Stratosphere",2020,Remote Sensing,MDPI AG,Peer-reviewed journal article,candidate,False
P01200,10.1007/s00024-020-02539-4,Substorm Manifestations at Radio Paths of Oblique Ionospheric Sounding in the Arctic,2020,Pure and Applied Geophysics,Springer Science and Business Media LLC,Peer-reviewed journal article,candidate,False
P01201,10.1016/j.jastp.2020.105474,Substorm onset and development: The crucial role of flow channels,2020,Journal of Atmospheric and Solar-Terrestrial Physics,Elsevier BV,Peer-reviewed journal article,candidate,False
P01202,10.5194/angeo-38-1-2020,Surveying pulsating auroras,2020,Annales Geophysicae,Copernicus Publications,Peer-reviewed journal article,candidate,False
P01203,10.1021/acsomega.9b03369,Sustainable PHBV/Cellulose Acetate Blends: Effect of a Chain Extender and a Plasticizer,2020,ACS Omega,American Chemical Society (ACS),Peer-reviewed journal article,candidate,False
P01204,10.1029/2019ja027220,Swarm Survey of Alfvénic Fluctuations and Their Relation to Nightside Field‐Aligned Current and Auroral Arc Systems,2020,Journal of Geophysical Research: Space Physics,American Geophysical Union (AGU),Peer-reviewed journal article,candidate,False
P01205,10.1109/siu49456.2020.9302029,Target Classiﬁcation Using YOLOv2 in Land-Based Marine Surveillance Radar,2020,2020 28th Signal Processing and Communications Applications Conference (SIU),IEEE,Conference paper,candidate,False
P01206,10.1029/2019ja026985,Temporal and Spatial Development of TEC Enhancements during Substorms,2020,Journal of Geophysical Research: Space Physics,American Geophysical Union (AGU),Peer-reviewed journal article,candidate,False
P01207,10.1029/2019ja026873,Temporal and Spatial Variations of Total Electron Content Enhancements During a Geomagnetic Storm on 27 and 28 September 2017,2020,Journal of Geophysical Research: Space Physics,American Geophysical Union (AGU),Peer-reviewed journal article,candidate,False
P01208,10.1029/2020gl088980,The Apparent Motion of STEVE and the Picket Fence Phenomena,2020,Geophysical Research Letters,American Geophysical Union (AGU),Peer-reviewed journal article,candidate,False
P01209,10.1016/j.cam.2020.112887,The compound truncated Poisson Cauchy model: A descriptor for multimodal data,2020,Journal of Computational and Applied Mathematics,Elsevier BV,Peer-reviewed journal article,candidate,False
P01210,10.1007/s11214-020-00721-7,The ELFIN Mission,2020,Space Science Reviews,Springer Science and Business Media LLC,Peer-reviewed journal article,candidate,False
P01211,10.1029/2020ja027922,The Evolution of Long‐Duration Cusp Spot Emission During Lobe Reconnection With Respect to Field‐Aligned Currents,2020,Journal of Geophysical Research: Space Physics,American Geophysical Union (AGU),Peer-reviewed journal article,candidate,False
P01212,10.1029/2018rs006763,The Limits of Empirical Electron Density Modeling: Examining the Capacity of E‐CHAIM and the IRI for Modeling Intermediate (1‐ to 30‐Day) Timescales at High Latitudes,2020,Radio Science,American Geophysical Union (AGU),Peer-reviewed journal article,candidate,False
P01213,10.1109/ntsp49686.2020.9229528,The Process of Metadata Management for Radar Target Classification Algorithm Development,2020,2020 New Trends in Signal Processing (NTSP),IEEE,Conference paper,candidate,False
P01214,10.1029/2019ja027063,The Relation of N‐S Auroral Streamers to Auroral Expansion,2020,Journal of Geophysical Research: Space Physics,American Geophysical Union (AGU),Peer-reviewed journal article,candidate,False
P01215,10.6038/cjg2020n0007,The role of convection transport in TOI breaking into polar cap patches; [对流输运在TOI断裂形成等离子体云块中的作用研究],2020,Chinese Journal of Geophysics,,Peer-reviewed journal article,candidate,False
P01216,10.1029/2020ja028282,"The Role of Hiss, Chorus, and EMIC Waves in the Modeling of the Dynamics of the Multi‐MeV Radiation Belt Electrons",2020,Journal of Geophysical Research: Space Physics,American Geophysical Union (AGU),Peer-reviewed journal article,candidate,False
P01217,10.1029/2020sw002459,The Shipwreck of the Airship “Dirigibile Italia” in the 1928 Polar Venture: A Retrospective Analysis of the Ionospheric and Geomagnetic Conditions,2020,Space Weather,American Geophysical Union (AGU),Peer-reviewed journal article,candidate,False
P01218,10.1007/s10712-020-09600-w,"The Simplified Ionospheric Regional Model (SIRM) for HF Prediction: Basic Theory, Its Evolution and Applications",2020,Surveys in Geophysics,Springer Science and Business Media LLC,Peer-reviewed journal article,candidate,False
P01219,10.1088/1742-6596/1468/1/012063,The TREX-DM experiment at the Canfranc Underground Laboratory,2020,Journal of Physics: Conference Series,IOP Publishing,Peer-reviewed journal article,candidate,False
P01220,10.1029/2019sw002385,Toward the Reconstruction of Substorm‐Related Dynamical Pattern of the Radiowave Auroral Absorption,2020,Space Weather,American Geophysical Union (AGU),Peer-reviewed journal article,candidate,False
P01221,10.3390/rs12152391,"Towards a Large-Scale 3D Modeling of the Built Environment—Joint Analysis of TanDEM-X, Sentinel-2 and Open Street Map Data",2020,Remote Sensing,MDPI AG,Peer-reviewed journal article,candidate,False
P01222,10.1002/9781119509592.ch3,Transient Solar Wind–Magnetosphere–Ionosphere Interaction Associated with Foreshock and Magnetosheath Transients and Localized Magnetopause Reconnection,2020,Geophysical Monograph Series,Wiley,Unknown,candidate,False
P01223,10.12737/szf-63202006,Ultra low frequency emissions ranging from 0.1 to 3 Hz in circumpolar areas,2020,Solnechno-Zemnaya Fizika,Infra-M Academic Publishing House,Peer-reviewed journal article,candidate,False
P01224,10.1002/9781119509592.ch11,Ultra‐Low‐Frequency Wave–Particle Interactions in Earth's Outer Radiation Belt,2020,Geophysical Monograph Series,Wiley,Book chapter,candidate,False
P01225,10.1029/2019ja027261,Unprecedented Hemispheric Asymmetries During a Surprise Ionospheric Storm: A Game of Drivers,2020,Journal of Geophysical Research: Space Physics,American Geophysical Union (AGU),Peer-reviewed journal article,candidate,False
P01226,10.1029/2019rs006937,Using Data Assimilation to Reconstruct High‐Latitude Polar Cap Patches,2020,Radio Science,American Geophysical Union (AGU),Peer-reviewed journal article,candidate,False
P01227,10.1029/2019ja027559,Using Multiple Signatures to Improve Accuracy of Substorm Identification,2020,Journal of Geophysical Research: Space Physics,American Geophysical Union (AGU),Peer-reviewed journal article,candidate,False
P01228,10.3390/rs12071172,Validation of Ash/Dust Detections from SEVIRI Data Using ACTRIS/EARLINET Ground-Based LIDAR Measurements,2020,Remote Sensing,MDPI AG,Peer-reviewed journal article,candidate,False
P01229,10.1029/2020rs007142,Velocity of SuperDARN Echoes at Intermediate Radar Ranges,2020,Radio Science,American Geophysical Union (AGU),Peer-reviewed journal article,candidate,False
P01230,,Visualization and analysis of the shoulder joint biomechanics in postoperative rehabilitation,2020,CEUR Workshop Proceedings,CEUR-WS,Conference paper,candidate,False
P01231,10.1029/2020ja027924,Why Are There so Few Reports of High‐Energy Electron Drift Resonances? Role of Radial Phase Space Density Gradients,2020,Journal of Geophysical Research: Space Physics,American Geophysical Union (AGU),Peer-reviewed journal article,candidate,False
P01232,10.33012/2021.17923,3D LiDAR-IMU Integration for State Estimation and Verification Using a GNSS/INS/LiDAR Simulation Chain,2021,"ION GNSS+, The International Technical Meeting of the Satellite Division of The Institute of Navigation",Institute of Navigation,Conference paper,candidate,False
P01233,10.5302/j.icros.2021.21.0117,A 3D Map Update Algorithm based on Removal of Detected Object using Camera and Lidar Sensor Fusion,2021,"Journal of Institute of Control, Robotics and Systems","Institute of Control, Robotics and Systems",Peer-reviewed journal article,candidate,False
P01234,10.1029/2020sw002710,A Bayesian Inference‐Based Empirical Model for Scintillation Indices for High‐Latitude,2021,Space Weather,American Geophysical Union (AGU),Peer-reviewed journal article,candidate,False
P01235,10.3390/rs13071324,A Case Study of Polar Cap Sporadic-E Layer Associated with TEC Variations,2021,Remote Sensing,MDPI,Peer-reviewed journal article,candidate,False
P01236,10.1029/2020ja028560,A Case Study of Transversely Heated Low‐Energy Helium Ions by EMIC Waves in the Plasmasphere,2021,Journal of Geophysical Research: Space Physics,American Geophysical Union (AGU),Peer-reviewed journal article,candidate,False
P01237,10.1029/2021rs007326,"A Comparison of the Topside Electron Density Measured by the Swarm Satellites and Incoherent Scatter Radars Over Resolute Bay, Canada",2021,Radio Science,American Geophysical Union (AGU),Peer-reviewed journal article,candidate,False
P01238,10.1016/j.dcan.2020.09.008,A data complementary method for thunderstorm point charge localization based on atmospheric electric field apparatus array group,2021,Digital Communications and Networks,Elsevier BV,Peer-reviewed journal article,candidate,False
P01239,10.1109/access.2020.3047421,A Geodetic Normal Distribution Map for Long-Term LiDAR Localization on Earth,2021,IEEE Access,Institute of Electrical and Electronics Engineers (IEEE),Peer-reviewed journal article,candidate,False
P01240,10.11947/j.agcs.2021.20200492,A hybrid model combining tensor and mutual information for multi-modal image registration,2021,DOAJ (DOAJ: Directory of Open Access Journals),SinoMaps Press,Peer-reviewed journal article,candidate,False
P01241,10.1108/jedt-02-2020-0057,A land-based HF transmitter for ionospheric propagation studies using SuperDARN radars,2021,"Journal of Engineering, Design and Technology",Emerald,Peer-reviewed journal article,candidate,False
P01242,10.1029/2021rs007285,A Modeling Framework for Estimating Ionospheric HF Absorption Produced by Solar Flares,2021,Radio Science,American Geophysical Union (AGU),Peer-reviewed journal article,candidate,False
P01243,10.1016/j.asr.2020.07.032,A new method for improving the performance of an ionospheric model developed by multi-instrument measurements based on artificial neural network,2021,Advances in Space Research,Elsevier BV,Peer-reviewed journal article,candidate,False
P01244,10.3390/atmos12121596,A Novel Multi-Input Multi-Output Recurrent Neural Network Based on Multimodal Fusion and Spatiotemporal Prediction for 0–4 Hour Precipitation Nowcasting,2021,Atmosphere,MDPI AG,Peer-reviewed journal article,candidate,False
P01245,10.1029/2020ja028493,A Possible Mechanism on the Detachment Between a Subauroral Proton Arc and the Auroral Oval,2021,Journal of Geophysical Research: Space Physics,American Geophysical Union (AGU),Peer-reviewed journal article,candidate,False
P01246,10.1029/2021ja029307,A Statistical Model of Vorticity in the Polar Ionosphere and Implications for Extreme Values,2021,Journal of Geophysical Research: Space Physics,American Geophysical Union (AGU),Peer-reviewed journal article,candidate,False
P01247,10.1029/2021gl094696,A Strong Correlation Between Relativistic Electron Microbursts and Patchy Aurora,2021,Geophysical Research Letters,American Geophysical Union (AGU),Peer-reviewed journal article,candidate,False
P01248,10.1029/2021ja029554,A Survey of 25 Years' Transpolar Voltage Data From the SuperDARN Radar Network and the Expanding‐Contracting Polar Cap Model,2021,Journal of Geophysical Research: Space Physics,American Geophysical Union (AGU),Peer-reviewed journal article,candidate,False
P01249,10.1016/j.asr.2021.02.030,Adaptation of the bottomside electron density profile of the IRI model to data of topside radiosounding,2021,Advances in Space Research,Elsevier BV,Peer-reviewed journal article,candidate,False
P01250,10.1029/2021ja029241,Alfvén Waves Generated Through the Drift‐Bounce Resonant Instability in the Ring Current: A THEMIS Multi‐Spacecraft Case Study,2021,Journal of Geophysical Research: Space Physics,American Geophysical Union (AGU),Peer-reviewed journal article,candidate,False
P01251,10.3390/electronics10161971,An Improved Meteor Echo Recognition Algorithm for SuperDARN HF Radar,2021,Electronics,MDPI AG,Peer-reviewed journal article,candidate,False
P01252,10.1029/2021ja029371,An Investigation of Auroral E Region Energy Exchange Using Poker Flat Incoherent Scatter Radar Observations During Fall Equinox Conditions,2021,Journal of Geophysical Research: Space Physics,American Geophysical Union (AGU),Peer-reviewed journal article,candidate,False
P01253,10.1016/j.asr.2021.06.002,Analysis of spatiotemporal characteristics of internal coincidence accuracy in global TEC grid data,2021,Advances in Space Research,Elsevier BV,Peer-reviewed journal article,candidate,False
P01254,10.3390/rs13050903,"Application of Airborne Electromagnetics and Magnetics for Mineral Exploration in the Baishiquan–Hongliujing Area, Northwest China",2021,Remote Sensing,MDPI AG,Peer-reviewed journal article,candidate,False
P01255,10.1029/2020ja029008,Assessing Machine Learning Techniques for Identifying Field Line Resonance Frequencies From Cross‐Phase Spectra,2021,Journal of Geophysical Research: Space Physics,American Geophysical Union (AGU),Peer-reviewed journal article,candidate,False
P01256,10.1139/cjp-2021-0001,Assessing the performance of artificial neural networks to predict ionospheric TEC over Nigeria during different space weather events,2021,Canadian Journal of Physics,Canadian Science Publishing,Peer-reviewed journal article,candidate,False
P01257,10.1109/tencon54134.2021.9707221,Assisting Wheelchair: Assist W,2021,TENCON 2021 - 2021 IEEE Region 10 Conference (TENCON),IEEE,Conference paper,candidate,False
P01258,10.1029/2021ja029329,Association of Auroral Streamers and Bursty Bulk Flows During Different States of the Magnetotail: A Case Study,2021,Journal of Geophysical Research: Space Physics,American Geophysical Union (AGU),Peer-reviewed journal article,candidate,False
P01259,10.1029/2020ja028512,Average Ionospheric Electric Field Morphologies During Geomagnetic Storm Phases,2021,Journal of Geophysical Research: Space Physics,American Geophysical Union (AGU),Peer-reviewed journal article,candidate,False
P01260,10.1609/aaai.v35i13.17361,Bayes-TrEx: a Bayesian Sampling Approach to Model Transparency by Example,2021,Proceedings of the AAAI Conference on Artificial Intelligence,Association for the Advancement of Artificial Intelligence (AAAI),Peer-reviewed journal article,candidate,False
P01261,10.1029/2020ja028896,Birkeland Current Boundary Flows Associated With Field Line Resonances,2021,Journal of Geophysical Research: Space Physics,American Geophysical Union (AGU),Peer-reviewed journal article,candidate,False
P01262,10.1029/2020rs007138,Calibrating the Amplitude and Phase Imbalances in AgileDARN HF Radar,2021,Radio Science,American Geophysical Union (AGU),Peer-reviewed journal article,candidate,False
P01263,10.1029/2021ja029963,"Case Studies of Ionospheric Plasma Irregularities Over Queen Maud Land, Antarctica",2021,Journal of Geophysical Research: Space Physics,American Geophysical Union (AGU),Peer-reviewed journal article,candidate,False
P01264,10.1029/2020ja028823,"Characteristics of Ionospheric Storm on October 13, 2016 at the Greenwich Meridian",2021,Journal of Geophysical Research: Space Physics,American Geophysical Union (AGU),Peer-reviewed journal article,candidate,False
P01265,10.1016/j.jastp.2021.105666,Characterization of high latitude radio wave propagation over Canada,2021,Journal of Atmospheric and Solar-Terrestrial Physics,Elsevier BV,Peer-reviewed journal article,candidate,False
P01266,10.1029/2020jd032895,Climatological Westward‐Propagating Semidiurnal Tides and Their Composite Response to Sudden Stratospheric Warmings in SuperDARN and SD‐WACCM‐X,2021,Journal of Geophysical Research: Atmospheres,American Geophysical Union (AGU),Peer-reviewed journal article,candidate,False
P01267,10.1016/j.jastp.2021.105690,Climatology of quasi-2-day wave structure and variability at middle latitudes in the northern and southern hemispheres,2021,Journal of Atmospheric and Solar-Terrestrial Physics,Elsevier BV,Peer-reviewed journal article,candidate,False
P01268,10.1016/j.jastp.2020.105513,Climatology of the short-period (8-h and 6-h) tides observed by meteor radars at Tromsø and Svalbard,2021,Journal of Atmospheric and Solar-Terrestrial Physics,Elsevier BV,Peer-reviewed journal article,candidate,False
P01269,10.3847/1538-4357/ac2dfc,Comparative Study of Electric Currents and Energetic Particle Fluxes in a Solar Flare and Earth Magnetospheric Substorm,2021,The Astrophysical Journal,American Astronomical Society,Peer-reviewed journal article,candidate,False
P01270,10.1016/j.polar.2021.100638,Comparison of interferometer calibration techniques for improved SuperDARN elevation angles,2021,Polar Science,Elsevier,Peer-reviewed journal article,candidate,False
P01271,,Computer Vision for GNSS-based Detection of the Auroral Oval Boundary,2021,International Journal of Artificial Intelligence,Centre for Environment and Socio-Economic Research Publications,Peer-reviewed journal article,candidate,False
P01272,10.1029/2020ja029090,Cusp Dynamics and Polar Cap Patch Formation Associated With a Small IMF Southward Turning,2021,Journal of Geophysical Research: Space Physics,American Geophysical Union (AGU),Peer-reviewed journal article,candidate,False
P01273,10.5194/angeo-39-135-2021,D-region impact area of energetic electron precipitation during pulsating aurora,2021,Annales Geophysicae,Copernicus Publications,Peer-reviewed journal article,candidate,False
P01274,10.1029/2021ja029272,Data‐Driven Basis Functions for SuperDARN Ionospheric Plasma Flow Characterization and Prediction,2021,Journal of Geophysical Research: Space Physics,American Geophysical Union (AGU),Peer-reviewed journal article,candidate,False
P01275,10.1029/2019ja027664,Dayside Cusp Aurorae and Ionospheric Convection Under Radial Interplanetary Magnetic Fields,2021,Journal of Geophysical Research: Space Physics,American Geophysical Union (AGU),Peer-reviewed journal article,candidate,False
P01276,10.1029/2021ja029218,Daytime Pc5 Diffuse Auroral Pulsations and Their Association With Outer Magnetospheric ULF Waves,2021,Journal of Geophysical Research: Space Physics,American Geophysical Union (AGU),Peer-reviewed journal article,candidate,False
P01277,10.18178/ijeetc.10.2.99-104,Deep Learning Based Classification of Radar Spectral Maps,2021,International Journal of Electrical and Electronic Engineering &amp; Telecommunications,EJournal Publishing,Peer-reviewed journal article,candidate,False
P01278,10.33012/2021.18011,Demonstration of Meta-signal Positioning using LAMBDA Ambiguity Fixing Method within a Bit-true Simulation,2021,"ION GNSS+, The International Technical Meeting of the Satellite Division of The Institute of Navigation",Institute of Navigation,Conference paper,candidate,False
P01279,10.1029/2021ja029138,Dependence of Parallel Electrical Conductivity in the Topside Ionosphere on Solar and Geomagnetic Activity,2021,Journal of Geophysical Research: Space Physics,American Geophysical Union (AGU),Peer-reviewed journal article,candidate,False
P01280,10.1029/2020rs007191,Determination of the Azimuthal Extent of Coherent E‐Region Scatter Using the ICEBEAR Linear Receiver Array,2021,Radio Science,American Geophysical Union (AGU),Peer-reviewed journal article,candidate,False
P01281,10.1029/2021sw002779,Development and Validation of Precipitation Enhanced Densities for the Empirical Canadian High Arctic Ionospheric Model,2021,Space Weather,American Geophysical Union (AGU),Peer-reviewed journal article,candidate,False
P01282,10.1016/j.polar.2021.100669,Development of remote HF wave receiver in the backlobe direction of the SuperDARN Hokkaido East radar: Initial observations,2021,Polar Science,Elsevier BV,Peer-reviewed journal article,candidate,False
P01283,10.1029/2020ja028942,Development of the Substorm as a Manifestation of Convection Transient,2021,Journal of Geophysical Research: Space Physics,American Geophysical Union (AGU),Peer-reviewed journal article,candidate,False
P01284,10.3389/fspas.2021.738507,Direct Connection Between Auroral Oval Streamers/Flow Channels and Equatorward Traveling Ionospheric Disturbances,2021,Frontiers in Astronomy and Space Sciences,Frontiers Media,Peer-reviewed journal article,candidate,False
P01285,10.21046/2070-7401-2021-18-5-295-304,Disturbances of thermospheric molecular gas and their relationship to longitudinal inhomogeneities of ionospheric disturbances in the Northern Hemisphere during geomagnetic storm,2021,Sovremennye problemy distantsionnogo zondirovaniya Zemli iz kosmosa,Space Research Institute RAS,Peer-reviewed journal article,candidate,False
P01286,10.1016/j.polar.2020.100628,DOI only: 10.1016/j.polar.2020.100628,2021,Polar Science,Elsevier B.V.,Unknown,candidate,False
P01287,10.1029/2020gl090632,DOI only: 10.1029/2020gl090632,2021,Geophysical Research Letters,John Wiley and Sons Inc,Unknown,candidate,False
P01288,10.13679/j.jdyj.20200058,DOI only: 10.13679/j.jdyj.20200058,2021,Chinese Journal of Polar Research,Editorial Office of Polar Research,Unknown,candidate,False
P01289,10.1029/2020ja028842,Drift Resonance Between Particles and Compressional Toroidal ULF Waves in Dipole Magnetic Field,2021,Journal of Geophysical Research: Space Physics,American Geophysical Union (AGU),Peer-reviewed journal article,candidate,False
P01290,10.3390/s21072469,Dual-Mode Radar Sensor for Indoor Environment Mapping,2021,Sensors,MDPI AG,Peer-reviewed journal article,candidate,False
P01291,10.5194/angeo-39-1037-2021,Dynamics of variable dusk–dawn flow associated  with magnetotail current sheet flapping,2021,Annales Geophysicae,Copernicus Publications,Peer-reviewed journal article,candidate,False
P01292,10.1029/2021sw002872,E‐CHAIM as a Model of Total Electron Content: Performance and Diagnostics,2021,Space Weather,American Geophysical Union (AGU),Peer-reviewed journal article,candidate,False
P01293,10.1103/physrevd.104.075023,Earth as a transducer for dark-photon dark-matter detection,2021,Physical Review D,American Physical Society (APS),Peer-reviewed journal article,candidate,False
P01294,10.1016/j.polar.2021.100684,Echo occurrence in the southern polar ionosphere for the SuperDARN Dome C East and Dome C North radars,2021,Polar Science,Elsevier,Peer-reviewed journal article,candidate,False
P01295,10.1016/j.polar.2021.100690,Editorial: Special issue: “SuperDARN / Studies of Geospace Dynamics - Today and Future”,2021,Polar Science,Elsevier BV,Peer-reviewed journal article,candidate,False
P01296,10.1029/2021ja029475,Effect of Interplanetary Magnetic Field on Hemispheric Asymmetry in Ionospheric Horizontal and Field‐Aligned Currents During Different Seasons,2021,Journal of Geophysical Research: Space Physics,American Geophysical Union (AGU),Peer-reviewed journal article,candidate,False
P01297,10.1029/2020gl091494,Effects of Ion Slippage in Earth's Ionosphere and the Plasma Sheet,2021,Geophysical Research Letters,American Geophysical Union (AGU),Peer-reviewed journal article,candidate,False
P01298,10.1029/2020ja028193,Effects of Substorms on High‐Latitude Upper Thermospheric Winds,2021,Journal of Geophysical Research: Space Physics,American Geophysical Union (AGU),Peer-reviewed journal article,candidate,False
P01299,10.1029/2021ja029207,Embedded Regions 1 and 2 Field‐Aligned Currents: Newly Recognized From Low‐Altitude Spacecraft Observations,2021,Journal of Geophysical Research: Space Physics,American Geophysical Union (AGU),Peer-reviewed journal article,candidate,False
P01300,10.1029/2021sw002831,Empirical Modeling of Ionospheric Current Using Empirical Orthogonal Function Analysis and Artificial Neural Network,2021,Space Weather,American Geophysical Union (AGU),Peer-reviewed journal article,candidate,False
P01301,10.1029/2020ja028863,Energetic Electron Enhancement and Dropout Echoes Induced by Solar Wind Dynamic Pressure Decrease: The Effect of Phase Space Density Profile,2021,Journal of Geophysical Research: Space Physics,American Geophysical Union (AGU),Peer-reviewed journal article,candidate,False
P01302,10.1029/2020gl091564,"Energetic Electron Precipitation Observed by FIREBIRD‐II Potentially Driven by EMIC Waves: Location, Extent, and Energy Range From a Multievent Analysis",2021,Geophysical Research Letters,American Geophysical Union (AGU),Peer-reviewed journal article,candidate,False
P01303,10.16708/j.cnki.1000-758x.2021.0006,Error analysis and prediction of Klobuchar ionospheric model; [Klobuchar电离层模型误差分析及预测],2021,Zhongguo Kongjian Kexue Jishu/Chinese Space Science and Technology,Chinese Academy of Space Technology,Peer-reviewed journal article,candidate,False
P01304,10.21660/2021.83.j2158,ESTIMATING ADDITIONAL FLOOD WARNING TIME USING RAINDROPS INTENSITY DATA CAPTURED BY X-BAND MP  RADAR,2021,International Journal of GEOMATE,International Journal of Geomate,Peer-reviewed journal article,candidate,False
P01305,10.3389/fphy.2021.744298,"Estimating Precipitating Energy Flux, Average Energy, and Hall Auroral Conductance From THEMIS All-Sky-Imagers With Focus on Mesoscales",2021,Frontiers in Physics,Frontiers Media,Peer-reviewed journal article,candidate,False
P01306,10.1029/2021sw002803,"Estimating the Geoelectric Field and Electric Power Transmission Line Voltage During a Geomagnetic Storm in Alberta, Canada Using Measured Magnetotelluric Impedance Data: The Influence of Three‐Dimensional Electrical Structures in the Lithosphere",2021,Space Weather,American Geophysical Union (AGU),Peer-reviewed journal article,candidate,False
P01307,10.1029/2021ea001925,Estimation of Ion Temperature in the Upper Ionosphere Along the Swarm Satellite Orbits,2021,Earth and Space Science,American Geophysical Union (AGU),Peer-reviewed journal article,candidate,False
P01308,10.1029/2020ja029019,Evidence of Alfvenic Poynting Flux as the Primary Driver of Auroral Motion During a Geomagnetic Substorm,2021,Journal of Geophysical Research: Space Physics,American Geophysical Union (AGU),Peer-reviewed journal article,candidate,False
P01309,10.1029/2021ja029192,Evolution of Mid‐latitude Density Irregularities and Scintillation in North America During the 7–8 September 2017 Storm,2021,Journal of Geophysical Research: Space Physics,American Geophysical Union (AGU),Peer-reviewed journal article,candidate,False
P01310,10.1109/icumt54235.2021.9631750,Experimental Verification of Segment Routing Methods in 5G+ Mobile Transport Networks,2021,2021 13th International Congress on Ultra Modern Telecommunications and Control Systems and Workshops (ICUMT),IEEE,Conference paper,candidate,False
P01311,10.11947/j.agcs.2021.20200454,Extracting an ionospheric phase scintillation index based on 1 Hz GNSS observations and its verification in the Arctic region,2021,DOAJ (DOAJ: Directory of Open Access Journals),SinoMaps Press,Unknown,candidate,False
P01312,10.1029/2021sw002788,"Forecasting the Probability of Large Rates of Change of the Geomagnetic Field in the UK: Timescales, Horizons, and Thresholds",2021,Space Weather,American Geophysical Union (AGU),Peer-reviewed journal article,candidate,False
P01313,10.1029/2020ja028170,Formation and Release of the Harang Reversal Relating With the Substorm Onset Process,2021,Journal of Geophysical Research: Space Physics,American Geophysical Union (AGU),Peer-reviewed journal article,candidate,False
P01314,10.1109/mis.2020.2993557,GC-Net: Gridding and Clustering for Traffic Object Detection With Roadside LiDAR,2021,IEEE Intelligent Systems,Institute of Electrical and Electronics Engineers (IEEE),Peer-reviewed journal article,candidate,False
P01315,10.1029/2020ja028556,Generation of Subauroral Longitudinally Extended Emissions Following Intensifications of the Poleward Boundary of the Substorm Bulge and Streamer Production,2021,Journal of Geophysical Research: Space Physics,American Geophysical Union (AGU),Peer-reviewed journal article,candidate,False
P01316,10.3390/rs13163111,"Geomagnetic Activity at Lampedusa Island: Characterization and Comparison with the Other Italian Observatories, Also in Response to Space Weather Events",2021,Remote Sensing,MDPI AG,Peer-reviewed journal article,candidate,False
P01317,10.12737/stp-72202106,Geomagnetic method for automatic diagnostics of auroral oval boundaries in two hemispheres of Earth,2021,Solar-Terrestrial Physics,Infra-M Academic Publishing House,Peer-reviewed journal article,candidate,False
P01318,10.1029/2021ja029117,Geospace Plume and Its Impact on Dayside Magnetopause Reconnection Rate,2021,Journal of Geophysical Research: Space Physics,American Geophysical Union (AGU),Peer-reviewed journal article,candidate,False
P01319,10.1016/j.jastp.2021.105671,Global and local processes of thin current sheet formation during substorm growth phase,2021,Journal of Atmospheric and Solar-Terrestrial Physics,Elsevier BV,Peer-reviewed journal article,candidate,False
P01320,10.3389/fspas.2021.637197,Global Magnetohydrodynamic Simulations: Performance Quantification of Magnetopause Distances and Convection Potential Predictions,2021,Frontiers in Astronomy and Space Sciences,Frontiers Media SA,Peer-reviewed journal article,candidate,False
P01321,10.3390/rs13101915,Global Positioning System (GPS) Scintillation Associated with a Polar Cap Patch,2021,Remote Sensing,MDPI,Peer-reviewed journal article,candidate,False
P01322,10.1029/2020ja028968,GPS Scintillations and TEC Variations in Association With a Polar Cap Arc,2021,Journal of Geophysical Research: Space Physics,American Geophysical Union (AGU),Peer-reviewed journal article,candidate,False
P01323,10.1016/j.nima.2020.164827,HI-TREX—A highly integrated transfer setup at REX-(HIE)ISOLDE,2021,"Nuclear Instruments and Methods in Physics Research Section A: Accelerators, Spectrometers, Detectors and Associated Equipment",Elsevier BV,Peer-reviewed journal article,candidate,False
P01324,10.1016/j.polar.2021.100671,History of Japanese SuperDARN: Initiation of SENSU Syowa radars and progress of Japanese radar project,2021,Polar Science,Elsevier,Peer-reviewed journal article,candidate,False
P01325,10.1007/s10291-021-01091-5,How modernized and strengthened GPS signals enhance the system performance during solar radio bursts,2021,GPS Solutions,Springer Nature,Peer-reviewed journal article,candidate,False
P01326,10.1107/s2059798320015223,<i>IceBear</i>: an intuitive and versatile web application for research-data tracking from crystallization experiment to PDB deposition,2021,Acta Crystallographica Section D Structural Biology,International Union of Crystallography (IUCr),Peer-reviewed journal article,candidate,False
P01327,10.1029/2021sw002933,Impact Angle Control of Local Intense d<i>B</i>/d<i>t</i> Variations During Shock‐Induced Substorms,2021,Space Weather,American Geophysical Union (AGU),Peer-reviewed journal article,candidate,False
P01328,10.11728/cjss2021.02.261,Impact of Geomagnetic Storms on Ionosphere Variability and Precise Point Positioning Application in High Latitudes of the Northern Hemisphereormalsize,2021,Chinese Journal of Space Science,"National Space Science Center, Chinese Academy of Sciences",Peer-reviewed journal article,candidate,False
P01329,10.1029/2021sw002901,Impacts of Auroral Precipitation on HF Propagation: A Hypothetical Over‐the‐Horizon Radar Case Study,2021,Space Weather,American Geophysical Union (AGU),Peer-reviewed journal article,candidate,False
P01330,10.1109/mits.2019.2907675,Improving Lateral Autonomous Driving in Snow-Wet Environments Based on Road-Mark Reconstruction Using Principal Component Analysis,2021,IEEE Intelligent Transportation Systems Magazine,Institute of Electrical and Electronics Engineers (IEEE),Peer-reviewed journal article,candidate,False
P01331,10.1029/2021ja029277,Inferring the Horizontal Speed of an Ionospheric Irregularity From a Single GPS Scintillation Receiver at High Latitudes,2021,Journal of Geophysical Research: Space Physics,American Geophysical Union (AGU),Peer-reviewed journal article,candidate,False
P01332,10.5194/angeo-39-687-2021,Influence of different types of ionospheric disturbances on GPS signals at polar latitudes,2021,Annales Geophysicae,Copernicus Publications,Peer-reviewed journal article,candidate,False
P01333,10.5194/acp-21-13855-2021,Interhemispheric differences of mesosphere–lower thermosphere winds and tides investigated from three whole-atmosphere models and meteor radar observations,2021,Atmospheric Chemistry and Physics,Copernicus GmbH,Peer-reviewed journal article,candidate,False
P01334,10.1029/2020ja027821,"Investigating the Development of Distinctive Subauroral Flow Channels During the November 7–8, 2004 Superstorm",2021,Journal of Geophysical Research: Space Physics,American Geophysical Union (AGU),Peer-reviewed journal article,candidate,False
P01335,10.1029/2020ja029027,Investigation of the Gradient Drift Instability as a Cause of Density Irregularities in Subauroral Polarization Streams,2021,Journal of Geophysical Research: Space Physics,American Geophysical Union (AGU),Peer-reviewed journal article,candidate,False
P01336,10.1088/1742-6596/2131/5/052097,Investigation of the parameters of traveling ionospheric disturbances using a chirp ionosonde,2021,Journal of Physics: Conference Series,IOP Publishing,Peer-reviewed journal article,candidate,False
P01337,10.3390/rs13132493,Investigation of the Physical Processes Involved in GNSS Amplitude Scintillations at High Latitude: A Case Study,2021,Remote Sensing,MDPI,Peer-reviewed journal article,candidate,False
P01338,10.1029/2021ja029155,Ion Heating in the Polar Cap Under Northwards IMF Bz,2021,Journal of Geophysical Research: Space Physics,American Geophysical Union (AGU),Peer-reviewed journal article,candidate,False
P01339,10.3390/rs13051010,Ionosonde Observations of Spread F and Spread Es at Low and Middle Latitudes during the Recovery Phase of the 7–9 September 2017 Geomagnetic Storm,2021,Remote Sensing,MDPI AG,Peer-reviewed journal article,candidate,False
P01340,10.23919/ursigass51995.2021.9560587,Ionosphere response to space weather events on 21–23 March 2017 in the central region of Europe,2021,2021 XXXIVth General Assembly and Scientific Symposium of the International Union of Radio Science (URSI GASS),IEEE,Conference paper,candidate,False
P01341,10.12305/j.issn.1001-506x.2021.03.03,Ionosphere VTEC prediction model fused with wavelet decomposition and Prophet framework; [小波分解与Prophet框架融合的电离层VTEC预报模型],2021,Xi Tong Gong Cheng Yu Dian Zi Ji Shu/Systems Engineering and Electronics,Chinese Institute of Electronics,Peer-reviewed journal article,candidate,False
P01342,10.1016/j.jastp.2021.105759,Ionospheric conductance using different IRI F2 layer models,2021,Journal of Atmospheric and Solar-Terrestrial Physics,Elsevier BV,Peer-reviewed journal article,candidate,False
P01343,10.1109/tgrs.2020.3024173,Ionospheric Irregularity Layer Height and Thickness Estimation With a GNSS Receiver Array,2021,IEEE Transactions on Geoscience and Remote Sensing,Institute of Electrical and Electronics Engineers (IEEE),Peer-reviewed journal article,candidate,False
P01344,10.1029/2020rs007235,Ionospheric Scintillation Data Inversion to Characterize the Structures Associated With a Series of Polar Cap Patches,2021,Radio Science,American Geophysical Union (AGU),Peer-reviewed journal article,candidate,False
P01345,10.1029/2020ja028813,Ionospheric Sluggishness: A Characteristic Time‐Lag of the Ionospheric Response to Solar Flares,2021,Journal of Geophysical Research: Space Physics,American Geophysical Union (AGU),Peer-reviewed journal article,candidate,False
P01346,10.1016/j.asr.2021.03.021,Ionospheric TEC forecast model based on support vector machine with GPU acceleration in the China region,2021,Advances in Space Research,Elsevier BV,Peer-reviewed journal article,candidate,False
P01347,10.1016/j.asr.2021.06.043,Ionospheric TEC variation based on GNSS data over the Arabian Peninsula and validation with the cubic spline interpolated GIM model,2021,Advances in Space Research,Elsevier BV,Peer-reviewed journal article,candidate,False
P01348,10.1029/2020ja028498,Is Westward Travelling Surge Driven by the Polar Cap Flow Channels?,2021,Journal of Geophysical Research: Space Physics,American Geophysical Union (AGU),Peer-reviewed journal article,candidate,False
P01349,10.1016/j.jastp.2021.105600,Key elements of auroral substorm development and their relationship to recent observations of detached sub-auroral phenomena including STEVE-like emissions,2021,Journal of Atmospheric and Solar-Terrestrial Physics,Elsevier BV,Peer-reviewed journal article,candidate,False
P01350,10.1029/2020ja028809,Latitudinal Variations of Daytime Periodic Ionospheric Disturbances From Beidou GEO TEC Observations Over China,2021,Journal of Geophysical Research: Space Physics,American Geophysical Union (AGU),Peer-reviewed journal article,candidate,False
P01351,10.11728/cjss2021.02.250,Local Time Differences in the Ionospheric Electromagnetic Ion Cyclotron Waves during Storm Timeormalsize,2021,Chinese Journal of Space Science,"National Space Science Center, Chinese Academy of Sciences",Peer-reviewed journal article,candidate,False
P01352,10.11947/j.agcs.2021.20210268,Localization initialization for multi-beam LiDAR considering indoor scene feature,2021,DOAJ (DOAJ: Directory of Open Access Journals),SinoMaps Press,Peer-reviewed journal article,candidate,False
P01353,10.1029/2021ja029340,Longitudinal Evolution of the Velocity of Subauroral Polarization Streams (SAPS) in Different Phases of Magnetic Storms: SuperDARN Observations,2021,Journal of Geophysical Research: Space Physics,American Geophysical Union (AGU),Peer-reviewed journal article,candidate,False
P01354,10.21046/2070-7401-2021-18-5-305-317,Longitudinal variations in the response of the mid-latitude ionosphere of the Northern Hemisphere to the October 2016 geomagnetic storm using multi-instrumental observations,2021,Sovremennye problemy distantsionnogo zondirovaniya Zemli iz kosmosa,Space Research Institute RAS,Peer-reviewed journal article,candidate,False
P01355,10.1016/j.asr.2020.10.028,Longitudinal variations of geomagnetic and ionospheric parameters in the Northern Hemisphere during magnetic storms according to multi-instrument observations,2021,Advances in Space Research,Elsevier BV,Peer-reviewed journal article,candidate,False
P01356,10.5194/angeo-39-189-2021,Lower-thermosphere–ionosphere (LTI) quantities: current status of measuring techniques and models,2021,Annales Geophysicae,Copernicus GmbH,Peer-reviewed journal article,candidate,False
P01357,10.1029/2021gl095561,Machine Learning Prediction of Storm‐Time High‐Latitude Ionospheric Irregularities From GNSS‐Derived ROTI Maps,2021,Geophysical Research Letters,American Geophysical Union (AGU),Peer-reviewed journal article,candidate,False
P01358,10.1029/2020ja028405,Magnetotail‐Inner Magnetosphere Transport Associated With Fast Flows Based on Combined Global‐Hybrid and CIMI Simulation,2021,Journal of Geophysical Research: Space Physics,American Geophysical Union (AGU),Peer-reviewed journal article,candidate,False
P01359,10.1029/2021gl093543,Manifestations of Magnetotail Flow Channels in Energetic Particle Signatures at Low‐Altitude Orbit,2021,Geophysical Research Letters,American Geophysical Union (AGU),Peer-reviewed journal article,candidate,False
P01360,10.1109/access.2021.3065746,Map Matching-Based Driving Lane Recognition for Low-Cost Precise Vehicle Positioning on Highways,2021,IEEE Access,Institute of Electrical and Electronics Engineers (IEEE),Peer-reviewed journal article,candidate,False
P01361,10.5194/isprs-annals-v-2-2021-9-2021,MAXIMUM CONSENSUS LOCALIZATION USING LIDAR SENSORS,2021,"ISPRS Annals of the Photogrammetry, Remote Sensing and Spatial Information Sciences",Copernicus GmbH,Peer-reviewed journal article,candidate,False
P01362,10.3389/fspas.2021.746459,"Mesoscale Features in the Global Geospace Response to the March 12, 2012 Storm",2021,Frontiers in Astronomy and Space Sciences,Frontiers Media,Peer-reviewed journal article,candidate,False
P01363,10.1109/itsc48978.2021.9564820,Methodology for Hazard Identification and Mitigation Strategies Applied to an Overtaking Assistant ADAS,2021,2021 IEEE International Intelligent Transportation Systems Conference (ITSC),IEEE,Conference paper,candidate,False
P01364,10.3103/s1068373921030109,Methods for Monitoring Strong Space Weather Disturbances to Support International Air Navigation,2021,Russian Meteorology and Hydrology,Allerton Press,Peer-reviewed journal article,candidate,False
P01365,10.1016/j.polar.2021.100649,Mining noise data for monitoring Arctic permafrost by using GNSS interferometric reflectometry,2021,Polar Science,Elsevier,Peer-reviewed journal article,candidate,False
P01366,10.1007/s00190-021-01475-y,Mitigating high latitude ionospheric scintillation effects on GNSS Precise Point Positioning exploiting 1-s scintillation indices,2021,Journal of Geodesy,Springer Nature,Peer-reviewed journal article,candidate,False
P01367,10.23919/ursigass51995.2021.9560493,Modeling Electron Density in the Topside of the Ionosphere using Machine Learning,2021,2021 XXXIVth General Assembly and Scientific Symposium of the International Union of Radio Science (URSI GASS),IEEE,Conference paper,candidate,False
P01368,10.21687/0233-528x-2021-55-1-76-81,"MODELING RADIATION LOADING OF RADIATION MONITOR RADOM ONBOARD SPACE VEHICLE ""CHANDRAYAAN 1"" DURING ITS FLIGHT WITHIN EARTH'S MAGNETOSPHERE",2021,Aerospace and Environmental Medicine,IBMP RAS,Peer-reviewed journal article,candidate,False
P01369,10.12737/szf-71202107,"Monitoring observations of meteor echo at the EKB ISTP SB RAS radar: algorithms, validation, statistics",2021,Solnechno-Zemnaya Fizika,Infra-M Academic Publishing House,Peer-reviewed journal article,candidate,False
P01370,10.1029/2021ja029450,"Morphology of the Auroral Tail of Io, Europa, and Ganymede From JIRAM L‐Band Imager",2021,Journal of Geophysical Research: Space Physics,American Geophysical Union (AGU),Peer-reviewed journal article,candidate,False
P01371,10.1029/2020ja029081,Multi‐Event Analysis of Plasma and Field Variations in Source of Stable Auroral Red (SAR) Arcs in Inner Magnetosphere During Non‐Storm‐Time Substorms,2021,Journal of Geophysical Research: Space Physics,American Geophysical Union (AGU),Peer-reviewed journal article,candidate,False
P01372,10.1029/2021ja029292,"Multi‐Instrument Characterization of Magnetospheric Cold Plasma Dynamics in the June 22, 2015 Geomagnetic Storm",2021,Journal of Geophysical Research: Space Physics,American Geophysical Union (AGU),Peer-reviewed journal article,candidate,False
P01373,10.1029/2021ja029795,Multi‐Instrument Investigation of the Polar Holes,2021,Journal of Geophysical Research: Space Physics,American Geophysical Union (AGU),Peer-reviewed journal article,candidate,False
P01374,10.1029/2020ja028622,"Multi‐Wavelength Imaging Observations of STEVE at Athabasca, Canada",2021,Journal of Geophysical Research: Space Physics,American Geophysical Union (AGU),Peer-reviewed journal article,candidate,False
P01375,10.1029/2021gl096488,"Multipoint Measurement of Fine‐Structured EMIC Waves by Arase, Van Allen Probe A, and Ground Stations",2021,Geophysical Research Letters,American Geophysical Union (AGU),Peer-reviewed journal article,candidate,False
P01376,10.1029/2021ja029196,Multiresolution Modeling of High‐Latitude Ionospheric Electric Field Variability and Impact on Joule Heating Using SuperDARN Data,2021,Journal of Geophysical Research: Space Physics,American Geophysical Union (AGU),Peer-reviewed journal article,candidate,False
P01377,10.1002/9781119815617.ch3,Multiscale Dynamics in the High‐Latitude Ionosphere,2021,Geophysical Monograph Series,Wiley,Unknown,candidate,False
P01378,10.1029/2021gl096182,Multispacecraft Observation of the Presubstorm Long‐Lasting Poloidal ULF Wave,2021,Geophysical Research Letters,American Geophysical Union (AGU),Peer-reviewed journal article,candidate,False
P01379,10.1029/2020ea001293,Multistatic Specular Meteor Radar Network in Peru: System Description and Initial Results,2021,Earth and Space Science,American Geophysical Union (AGU),Peer-reviewed journal article,candidate,False
P01380,10.1016/j.polar.2021.100643,Multitaper analysis of an MSTID event above Antarctica on 17 March 2013,2021,Polar Science,Elsevier,Peer-reviewed journal article,candidate,False
P01381,10.1029/2021rs007328,"Multiyear Detection, Classification and Hypothesis of Ionospheric Layer Causing GNSS Scintillation",2021,Radio Science,American Geophysical Union (AGU),Peer-reviewed journal article,candidate,False
P01382,10.23919/ursigass51995.2021.9560337,NeQuick topside formulation over Nicosia,2021,2021 XXXIVth General Assembly and Scientific Symposium of the International Union of Radio Science (URSI GASS),IEEE,Conference paper,candidate,False
P01383,10.1038/s41467-021-22112-4,Network community structure of substorms using SuperMAG magnetometers,2021,Nature Communications,Springer Science and Business Media LLC,Peer-reviewed journal article,candidate,False
P01384,10.1029/2020ja028505,Neutral Wind Dynamics Preceding the STEVE Occurrence and Their Possible Preconditioning Role in STEVE Formation,2021,Journal of Geophysical Research: Space Physics,American Geophysical Union (AGU),Peer-reviewed journal article,candidate,False
P01385,10.1051/swsc/2021005,New cosmic ray observations at Syowa Station in the Antarctic for space weather study,2021,Journal of Space Weather and Space Climate,EDP Sciences,Peer-reviewed journal article,candidate,False
P01386,10.1029/2020sw002526,"Nighttime Magnetic Perturbation Events Observed in Arctic Canada: 3. Occurrence and Amplitude as Functions of Magnetic Latitude, Local Time, and Magnetic Disturbance Indices",2021,Space Weather,American Geophysical Union (AGU),Peer-reviewed journal article,candidate,False
P01387,10.26464/epp2021051,Non-storm erosion of MeV electron outer radiation belt down to &lt;em&gt;L&lt;/em&gt;* &amp;lt; 4.0 associated with successive enhancements of solar wind density,2021,Earth and Planetary Physics,Earth and Planetary Physics,Peer-reviewed journal article,candidate,False
P01388,10.1038/s41467-020-20450-3,Northern preference for terrestrial electromagnetic energy input from space weather,2021,Nature Communications,Springer Science and Business Media LLC,Peer-reviewed journal article,candidate,False
P01389,10.1029/2021ja029410,Observational Evidence of Transient Lobe Reconnection Triggered by Sudden Northern Enhancement of IMF Bz,2021,Journal of Geophysical Research: Space Physics,American Geophysical Union (AGU),Peer-reviewed journal article,candidate,False
P01390,10.1029/2020sw002560,Observations and Modeling Studies of Solar Eclipse Effects on Oblique High Frequency Radio Propagation,2021,Space Weather,American Geophysical Union (AGU),Peer-reviewed journal article,candidate,False
P01391,10.1029/2020ja028503,Observations of Particle Loss due to Injection‐Associated Electromagnetic Ion Cyclotron Waves,2021,Journal of Geophysical Research: Space Physics,American Geophysical Union (AGU),Peer-reviewed journal article,candidate,False
P01392,10.1016/j.polar.2020.100630,Observing drift compressional waves in the nightside ionosphere using the Ekaterinburg radar,2021,Polar Science,Elsevier,Peer-reviewed journal article,candidate,False
P01393,10.1029/2021sw002942,Occurrence and Variations of Middle and Low Latitude Sporadic E Layer Investigated With Longitudinal and Latitudinal Chains of Ionosondes,2021,Space Weather,American Geophysical Union (AGU),Peer-reviewed journal article,candidate,False
P01394,10.1029/2020ja028538,"Occurrence Distribution of Polar Cap Patches: Dependences on UT, Season and Hemisphere",2021,Journal of Geophysical Research: Space Physics,American Geophysical Union (AGU),Peer-reviewed journal article,candidate,False
P01395,10.1029/2021ja029460,Occurrences of Regional Strong <i>E</i><sub>s</sub> Irregularities and Corresponding Scintillations Characterized Using a High‐Temporal‐Resolution GNSS Network,2021,Journal of Geophysical Research: Space Physics,American Geophysical Union (AGU),Peer-reviewed journal article,candidate,False
P01396,10.1029/2020ja028997,Omega Band Magnetospheric Source Location: A Statistical Model‐Based Study,2021,Journal of Geophysical Research: Space Physics,American Geophysical Union (AGU),Peer-reviewed journal article,candidate,False
P01397,10.33012/2021.18047,On Geolocation Uncertainty in Radio Occultation Observations for Ionospheric Scintillation Monitoring at Alaska,2021,"ION GNSS+, The International Technical Meeting of the Satellite Division of The Institute of Navigation",Institute of Navigation,Conference paper,candidate,False
P01398,10.1029/2021ja029946,On Optimum Solar Wind‐Magnetosphere Coupling Functions for Transpolar Voltage and Planetary Geomagnetic Activity,2021,Journal of Geophysical Research: Space Physics,American Geophysical Union (AGU),Peer-reviewed journal article,candidate,False
P01399,10.1029/2020ja029052,On the Estimation of the Ratio of ULF Wave Electric Fields in Space and the Magnetic Fields at the Ground,2021,Journal of Geophysical Research: Space Physics,American Geophysical Union (AGU),Peer-reviewed journal article,candidate,False
P01400,10.3389/fspas.2021.719715,On the Impacts of Ions of Ionospheric Origin and Their Composition on Magnetospheric EMIC Waves,2021,Frontiers in Astronomy and Space Sciences,Frontiers Media SA,Peer-reviewed journal article,candidate,False
P01401,10.1007/s11214-021-00830-x,"On the Relationship Between Shear Alfvén Waves, Auroral Electron Acceleration, and Field Line Resonances",2021,Space Science Reviews,Springer Nature,Peer-reviewed journal article,candidate,False
P01402,10.1016/j.polar.2021.100655,On the use of directional derivatives of SuperDARN convection flow for estimating open-closed field line boundary during the intervals of substorm activity on 14 October 2001,2021,Polar Science,Elsevier,Peer-reviewed journal article,candidate,False
P01403,10.1029/2020ja028838,Over‐Darkening of Pulsating Aurora,2021,Journal of Geophysical Research: Space Physics,American Geophysical Union (AGU),Peer-reviewed journal article,candidate,False
P01404,10.3389/fspas.2021.792653,Potential Association Between the Low-Energy Plasma Structure and the Patchy Pulsating Aurora,2021,Frontiers in Astronomy and Space Sciences,Frontiers Media,Peer-reviewed journal article,candidate,False
P01405,10.1029/2020sw002602,Pro‐<i>L</i>* ‐ A Probabilistic <i>L</i>* Mapping Tool for Ground Observations,2021,Space Weather,American Geophysical Union (AGU),Peer-reviewed journal article,candidate,False
P01406,10.1109/wisee50203.2021.9613835,Probabilistic Short-wave Fadeout Detection in SuperDARN Time Series Observations,2021,2021 IEEE International Conference on Wireless for Space and Extreme Environments (WiSEE),IEEE,Conference paper,candidate,False
P01407,10.1029/2020gl091479,Prompt Emergence and Disappearance of EMIC Waves Driven by the Sequentially Enhanced Solar Wind Dynamic Pressure,2021,Geophysical Research Letters,American Geophysical Union (AGU),Peer-reviewed journal article,candidate,False
P01408,10.1029/2021gl092700,Prompt Response of the Dayside Magnetosphere to Discrete Structures Within the Sheath Region of a Coronal Mass Ejection,2021,Geophysical Research Letters,American Geophysical Union (AGU),Peer-reviewed journal article,candidate,False
P01409,10.1029/2020ja028474,Propagation of Ultralow‐Frequency Waves from the Ion Foreshock into the Magnetosphere During the Passage of a Magnetic Cloud,2021,Journal of Geophysical Research: Space Physics,American Geophysical Union (AGU),Peer-reviewed journal article,candidate,False
P01410,10.1007/s11214-020-00776-6,Proton Aurora and Optical Emissions in the Subauroral Region,2021,Space Science Reviews,Springer Nature,Peer-reviewed journal article,candidate,False
P01411,10.1029/2021ja029742,Quantifying the Lobe Reconnection Rate During Dominant IMF <i>B</i><sub><i>y</i></sub> Periods and Different Dipole Tilt Orientations,2021,Journal of Geophysical Research: Space Physics,American Geophysical Union (AGU),Peer-reviewed journal article,candidate,False
P01412,10.1029/2020ja028148,Radar Observations of Flows Leading to Longitudinal Expansion of Substorm Onset Over Alaska,2021,Journal of Geophysical Research: Space Physics,American Geophysical Union (AGU),Peer-reviewed journal article,candidate,False
P01413,10.23919/jsee.2021.000075,Range-spread target detector via coherent energy accumulation and block thresholding denoising,2021,Journal of Systems Engineering and Electronics,Institute of Electrical and Electronics Engineers (IEEE),Peer-reviewed journal article,candidate,False
P01414,10.1029/2021ja029380,Realistic Electron Diffusion Rates and Lifetimes Due to Scattering by Electron Holes,2021,Journal of Geophysical Research: Space Physics,American Geophysical Union (AGU),Peer-reviewed journal article,candidate,False
P01415,10.1029/2020ja028943,Relationship Between the Locations of the Midlatitude Trough and Plasmapause Using GNSS‐TEC and Arase Satellite Observation Data,2021,Journal of Geophysical Research: Space Physics,American Geophysical Union (AGU),Peer-reviewed journal article,candidate,False
P01416,10.1051/swsc/2021010,RETRACTED: An agile high-frequency radar used for ionospheric research,2021,Journal of Space Weather and Space Climate,EDP Sciences,Peer-reviewed journal article,candidate,False
P01417,10.1029/2021ja029925,Roles of the M‐I Coupling and Plasma Sheet Dissipation on the Growth‐Phase Thinning and Subsequent Transition to the Onset,2021,Journal of Geophysical Research: Space Physics,American Geophysical Union (AGU),Peer-reviewed journal article,candidate,False
P01418,,SEA STATE ANALYSIS USING GNSS-R IN FAR-FROM-SPECULAR ACQUISITION GEOMETRIES,2021,Trends in Earth Observation,Italian Society of Remote Sensing,Book chapter,candidate,False
P01419,10.1103/physrevd.104.095032,Search for dark-photon dark matter in the SuperMAG geomagnetic field dataset,2021,Physical Review D,American Physical Society (APS),Peer-reviewed journal article,candidate,False
P01420,10.1029/2021ja029839,SECS Analysis of Nighttime Magnetic Perturbation Events Observed in Arctic Canada,2021,Journal of Geophysical Research: Space Physics,American Geophysical Union (AGU),Peer-reviewed journal article,candidate,False
P01421,10.1029/2021ja029253,Sensitivity of Upper Atmosphere to Different Characteristics of Flow Bursts in the Auroral Zone,2021,Journal of Geophysical Research: Space Physics,American Geophysical Union (AGU),Peer-reviewed journal article,candidate,False
P01422,10.1088/1757-899x/1047/1/012031,Similarities of the total electron content behavior during geomagnetic storms,2021,IOP Conference Series: Materials Science and Engineering,IOP Publishing,Peer-reviewed journal article,candidate,False
P01423,10.1109/lgrs.2020.3045926,Simulation of the Effect of Convecting Patches of Enhanced Electron Density on HF Over-the-Horizon Radars (OTHRs) in the Polar Regions,2021,IEEE Geoscience and Remote Sensing Letters,IEEE,Peer-reviewed journal article,candidate,False
P01424,10.1029/2020ja028883,Simultaneous Development of Multiple Auroral Substorms: Double Auroral Bulge Formation,2021,Journal of Geophysical Research: Space Physics,American Geophysical Union (AGU),Peer-reviewed journal article,candidate,False
P01425,10.3389/feart.2021.689127,Solar Cycle-Modulated Deformation of the Earth–Ionosphere Cavity,2021,Frontiers in Earth Science,Frontiers Media SA,Peer-reviewed journal article,candidate,False
P01426,10.12737/stp-72202104,Space weather: risk factors for Global Navigation Satellite Systems,2021,Solar-Terrestrial Physics,Infra-M Academic Publishing House,Peer-reviewed journal article,candidate,False
P01427,10.1007/s10291-020-01083-x,Statistical models to provide meaningful information to GNSS users in the presence of ionospheric scintillation,2021,GPS Solutions,Springer Nature,Peer-reviewed journal article,candidate,False
P01428,10.1029/2021ja029601,"Statistical Study of Electron Density Enhancements in the Ionospheric
                    <i>F</i>
                    Region Associated With Pulsating Auroras",2021,Journal of Geophysical Research: Space Physics,American Geophysical Union (AGU),Peer-reviewed journal article,candidate,False
P01429,10.1051/swsc/2021029,Statistics of large impulsive magnetic events in the auroral zone,2021,Journal of Space Weather and Space Climate,EDP Sciences,Peer-reviewed journal article,candidate,False
P01430,10.1029/2021ja029468,Statistics on Omega Band Properties and Related Geomagnetic Variations,2021,Journal of Geophysical Research: Space Physics,American Geophysical Union (AGU),Peer-reviewed journal article,candidate,False
P01431,10.1029/2021ja029401,Steepening Plasma Density Spectra in the Ionosphere: The Crucial Role Played by a Strong E‐Region,2021,Journal of Geophysical Research: Space Physics,American Geophysical Union (AGU),Peer-reviewed journal article,candidate,False
P01432,10.1029/2021ja029779,Study of Substorm‐Related Auroral Absorption: Latitudinal Width and Factors Affecting the Peak Intensity of Energetic Electron Precipitation,2021,Journal of Geophysical Research: Space Physics,American Geophysical Union (AGU),Peer-reviewed journal article,candidate,False
P01433,10.1016/j.jastp.2021.105773,"SuperDARN, WINDII and WACCM-X neutral and ion winds observed at high latitudes during geomagnetic disturbances",2021,Journal of Atmospheric and Solar-Terrestrial Physics,Elsevier,Peer-reviewed journal article,candidate,False
P01434,10.1029/2021ja029465,Superposed Epoch Analysis of Nighttime Magnetic Perturbation Events Observed in Arctic Canada,2021,Journal of Geophysical Research: Space Physics,American Geophysical Union (AGU),Peer-reviewed journal article,candidate,False
P01435,10.1029/2020ea001167,Swarm Observations of Dawn/Dusk Asymmetries Between Pedersen Conductance in Upward and Downward Field‐Aligned Current Regions,2021,Earth and Space Science,American Geophysical Union (AGU),Peer-reviewed journal article,candidate,False
P01436,10.1016/j.polar.2020.100602,Temporal and spatial variations of GPS TEC and phase during auroral substorms and breakups,2021,Polar Science,Elsevier,Peer-reviewed journal article,candidate,False
P01437,10.1186/s40623-021-01360-0,"Temporal evolutions of $$\text {N}_2^+$$ Meinel (1,2) band near $$1.5.\,\upmu \text {m}$$ associated with aurora breakup and their effects on mesopause temperature estimations from OH Meinel (3,1) band",2021,"Earth, Planets and Space",Springer Science and Business Media LLC,Peer-reviewed journal article,candidate,False
P01438,10.1002/9781119815624.ch18,The Active Magnetosphere,2021,Geophysical Monograph Series,Wiley,Unknown,candidate,False
P01439,10.1029/2020ja029001,The Characteristics of EMIC Waves in the Magnetosphere Based on the Van Allen Probes and Arase Observations,2021,Journal of Geophysical Research: Space Physics,American Geophysical Union (AGU),Peer-reviewed journal article,candidate,False
P01440,10.1029/2020ja028861,The Delayed Ionospheric Response to the 27‐day Solar Rotation Period Analyzed With GOLD and IGS TEC Data,2021,Journal of Geophysical Research: Space Physics,American Geophysical Union (AGU),Peer-reviewed journal article,candidate,False
P01441,10.1016/j.polar.2020.100595,The digital beam forming technique in AgileDARN high-frequency radar,2021,Polar Science,Elsevier,Peer-reviewed journal article,candidate,False
P01442,10.1016/j.jastp.2021.105536,The dynamics of quasi-periodic ripples in the high-latitude F-region,2021,Journal of Atmospheric and Solar-Terrestrial Physics,Elsevier BV,Peer-reviewed journal article,candidate,False
P01443,10.1016/j.jastp.2021.105616,The Dynamics of the Alfvénic Oval,2021,Journal of Atmospheric and Solar-Terrestrial Physics,Elsevier,Peer-reviewed journal article,candidate,False
P01444,10.1029/2020ja028716,The First Observation of N<sup>+</sup> Electromagnetic Ion Cyclotron Waves,2021,Journal of Geophysical Research: Space Physics,American Geophysical Union (AGU),Peer-reviewed journal article,candidate,False
P01445,10.1016/j.jastp.2021.105599,The impact of cold electrons and cold ions in magnetospheric physics,2021,Journal of Atmospheric and Solar-Terrestrial Physics,Elsevier,Peer-reviewed journal article,candidate,False
P01446,10.1007/s11069-020-04223-1,The lower ionosphere disturbances observed during the chain of the meteotsunamis in the Mediterranean Sea in June 2014,2021,Natural Hazards,Springer Science and Business Media LLC,Peer-reviewed journal article,candidate,False
P01447,10.1007/s11214-021-00855-2,"The Magnetic Electron Ion Spectrometer: A Review of On-Orbit Sensor Performance, Data, Operations, and Science",2021,Space Science Reviews,Springer Science and Business Media LLC,Peer-reviewed journal article,candidate,False
P01448,10.1029/2020ja029010,The Occurrence Feature of Plasma Bubbles in the Equatorial to Midlatitude Ionosphere During Geomagnetic Storms Using Long‐Term GNSS‐TEC Data,2021,Journal of Geophysical Research: Space Physics,American Geophysical Union (AGU),Peer-reviewed journal article,candidate,False
P01449,10.1029/2021ja029492,The Onset of a Substorm and the Mating Instability,2021,Journal of Geophysical Research: Space Physics,American Geophysical Union (AGU),Peer-reviewed journal article,candidate,False
P01450,10.1029/2021ja029857,"The Properties of ICEBEAR E‐Region Coherent Radar Echoes in the Presence of Near Infrared Auroral Emissions, as Measured by the Swarm‐E Fast Auroral Imager",2021,Journal of Geophysical Research: Space Physics,American Geophysical Union (AGU),Peer-reviewed journal article,candidate,False
P01451,10.1134/s0016793221030051,The Rate of Ionospheric Total Electron Content Index (ROTI) as a Proxy for Nighttime Ionospheric Irregularity Using Ethiopian Low-Latitude GPS Data,2021,Geomagnetism and Aeronomy,Pleiades Publishing Ltd,Peer-reviewed journal article,candidate,False
P01452,10.1029/2021ja029205,The Relationship Between Large Scale Thermospheric Density Enhancements and the Spatial Distribution of Poynting Flux,2021,Journal of Geophysical Research: Space Physics,American Geophysical Union (AGU),Peer-reviewed journal article,candidate,False
P01453,10.1029/2021ja029300,The Role of Flare‐Driven Ionospheric Electron Density Changes on the Doppler Flash Observed by SuperDARN HF Radars,2021,Journal of Geophysical Research: Space Physics,American Geophysical Union (AGU),Peer-reviewed journal article,candidate,False
P01454,10.1029/2020ja029072,"The Role of Storm‐Time Electrodynamics in the Dawn and Dusk Sectors Across Equatorial and Low‐Latitude Ionosphere During December 19–21, 2015",2021,Journal of Geophysical Research: Space Physics,American Geophysical Union (AGU),Peer-reviewed journal article,candidate,False
P01455,10.1029/2021ja029565,The Scalable Plasma Ion Composition and Electron Density (SPICED) Model for Earth's Inner Magnetosphere,2021,Journal of Geophysical Research: Space Physics,American Geophysical Union (AGU),Peer-reviewed journal article,candidate,False
P01456,10.1016/j.polar.2020.100624,The SuperDARN’s role in ion-neutral coupling research,2021,Polar Science,Elsevier BV,Peer-reviewed journal article,candidate,False
P01457,10.1029/2020ja028827,"Tidal Variations in the Mesosphere and Lower Thermosphere Before, During, and After the 2009 Sudden Stratospheric Warming",2021,Journal of Geophysical Research: Space Physics,American Geophysical Union (AGU),Peer-reviewed journal article,candidate,False
P01458,10.3390/atmos12081003,Towards a Real-Time Description of the Ionosphere: A Comparison between International Reference Ionosphere (IRI) and IRI Real-Time Assimilative Mapping (IRTAM) Models,2021,Atmosphere,MDPI AG,Peer-reviewed journal article,candidate,False
P01459,10.1029/2020ja028887,Trapped Electron Energy Inferred From Cosmic Noise Absorption Signals Through Drift‐Time Analysis in Empirical Electric and Semi‐Empirical Magnetic Fields,2021,Journal of Geophysical Research: Space Physics,American Geophysical Union (AGU),Peer-reviewed journal article,candidate,False
P01460,10.3389/fspas.2021.737946,Two-Dimensional Structure of Flow Channels and Associated Upward Field-Aligned Currents: Model and Observations,2021,Frontiers in Astronomy and Space Sciences,Frontiers Media,Peer-reviewed journal article,candidate,False
P01461,10.1029/2020ja029024,ULF Wave Driven Radial Diffusion During Geomagnetic Storms: A Statistical Analysis of Van Allen Probes Observations,2021,Journal of Geophysical Research: Space Physics,American Geophysical Union (AGU),Peer-reviewed journal article,candidate,False
P01462,10.1029/2020ja028720,Validation and Improvement of NeQuick Topside Ionospheric Formulation Using COSMIC/FORMOSAT‐3 Data,2021,Journal of Geophysical Research: Space Physics,American Geophysical Union (AGU),Peer-reviewed journal article,candidate,False
P01463,10.1016/j.asr.2020.09.016,Validation of various ionospheric models in the high-latitudinal zone,2021,Advances in Space Research,Elsevier,Peer-reviewed journal article,candidate,False
P01464,10.1029/2020ja028753,Vortex Generation and Auroral Response to a Solar Wind Dynamic Pressure Increase: Event Analyses,2021,Journal of Geophysical Research: Space Physics,American Geophysical Union (AGU),Peer-reviewed journal article,candidate,False
P01465,10.1002/9781119815624.ch6,Wave–Particle Interactions in the Earth's Magnetosphere,2021,Geophysical Monograph Series,Wiley,Book chapter,candidate,False
P01466,10.1016/j.polar.2020.100608,"What controls the luminosity of polar cap airglow patches?: Implication from airglow measurements in Eureka, Canada in comparison with SuperDARN convection pattern",2021,Polar Science,Elsevier,Peer-reviewed journal article,candidate,False
P01467,10.1029/2022gl100912,A 2D Kaleidoscope of Electron Heat Fluxes Driven by Auroral Electron Precipitation,2022,Geophysical Research Letters,American Geophysical Union (AGU),Peer-reviewed journal article,candidate,False
P01468,10.6038/cjg2022p0181,A case study of large-scale travelling atmospheric disturbances driven by equatorial local source; [赤道附近局地激发LS-TAD的事例观测],2022,Chinese Journal of Geophysics,,Peer-reviewed journal article,candidate,False
P01469,10.1117/12.2617993,A fast mapping for small mobile robot scanned by single line Lidar,2022,Seventh Asia Pacific Conference on Optics Manufacture and 2021 International Forum of Young Scientists on Advanced Optical Manufacturing (APCOM and YSAOM 2021),SPIE,Conference paper,candidate,False
P01470,10.1051/swsc/2021044,A new climatological electron density model for supporting space weather services,2022,Journal of Space Weather and Space Climate,EDP Sciences,Peer-reviewed journal article,candidate,False
P01471,10.1029/2021sw002992,A New Global Ionospheric Electron Density Model Based on Grid Modeling Method,2022,Space Weather,American Geophysical Union (AGU),Peer-reviewed journal article,candidate,False
P01472,10.1029/2022sw003238,A Proper Use of the Adjacent Land‐Based Observatory Magnetic Field Data to Account for the Geomagnetic Disturbances During Offshore Directional Drilling,2022,Space Weather,American Geophysical Union (AGU),Peer-reviewed journal article,candidate,False
P01473,10.1016/j.asr.2022.01.026,A review and prospects of operational frequency selecting techniques for HF radio communication,2022,Advances in Space Research,Elsevier BV,Peer-reviewed journal article,candidate,False
P01474,10.1029/2022ja030844,A Statistical Study of Nighttime Ionospheric NmF2 Enhancement at Middle‐to‐High Latitudes in the Northern Hemisphere,2022,Journal of Geophysical Research: Space Physics,American Geophysical Union (AGU),Peer-reviewed journal article,candidate,False
P01475,10.1051/swsc/2022037,A statistical study of polar cap flow channels observed in both hemispheres using SuperDARN radars,2022,Journal of Space Weather and Space Climate,EDP Sciences,Peer-reviewed journal article,candidate,False
P01476,10.1029/2022ja030358,Active Precipitation of Radiation Belt Electrons Using Rocket Exhaust Driven Amplification (REDA) of Man‐Made Whistlers,2022,Journal of Geophysical Research: Space Physics,American Geophysical Union (AGU),Peer-reviewed journal article,candidate,False
P01477,10.1029/2021ja029848,African and American Equatorial Ionization Anomaly (EIA) Responses to 2013 SSW Event,2022,Journal of Geophysical Research: Space Physics,American Geophysical Union (AGU),Peer-reviewed journal article,candidate,False
P01478,10.1029/2022sw003130,An Examination of SuperDARN Backscatter Modes Using Machine Learning Guided by Ray‐Tracing,2022,Space Weather,American Geophysical Union (AGU),Peer-reviewed journal article,candidate,False
P01479,10.3390/rs14102433,An Ionospheric TEC Forecasting Model Based on a CNN-LSTM-Attention Mechanism Neural Network,2022,Remote Sensing,MDPI AG,Peer-reviewed journal article,candidate,False
P01480,10.1109/tgrs.2022.3188995,Analysis of the 3-D Evolution Characteristics of Ionospheric Anomalies During a Geomagnetic Storm Through Fusion of GNSS and COSMIC-2 Data,2022,IEEE Transactions on Geoscience and Remote Sensing,Institute of Electrical and Electronics Engineers (IEEE),Peer-reviewed journal article,candidate,False
P01481,10.1016/j.asr.2021.09.026,Analysis on the ionospheric scintillation monitoring performance of ROTI extracted from GNSS observations in high-latitude regions,2022,Advances in Space Research,Elsevier,Peer-reviewed journal article,candidate,False
P01482,10.1029/2022ja030919,Association of Equatorward Extending Auroral Streamers With Ground Magnetic Perturbations and Geosynchronous Injections,2022,Journal of Geophysical Research: Space Physics,American Geophysical Union (AGU),Peer-reviewed journal article,candidate,False
P01483,10.3389/fspas.2022.742246,Association of Mesoscale Auroral Structures and Breakups With Energetic Particle Injections at Geosynchronous Orbit,2022,Frontiers in Astronomy and Space Sciences,Frontiers Media,Peer-reviewed journal article,candidate,False
P01484,10.3390/atmos14010045,Atmospheric Effects of Magnetosheath Jets,2022,Atmosphere,MDPI,Peer-reviewed journal article,candidate,False
P01485,10.1029/2022sw003121,Auroral Drivers of Large dB∕dt During Geomagnetic Storms,2022,Space Weather,American Geophysical Union (AGU),Peer-reviewed journal article,candidate,False
P01486,10.3390/rs14215486,Auroral Oval Boundary Dynamics on the Nature of Geomagnetic Storm,2022,Remote Sensing,MDPI AG,Peer-reviewed journal article,candidate,False
P01487,10.1016/b978-0-12-821366-7.00004-4,Auroral structures: Revealing the importance of meso-scale M-I coupling,2022,Cross-Scale Coupling and Energy Transfer in the Magnetosphere-Ionosphere-Thermosphere System,Elsevier,Book chapter,candidate,False
P01488,10.3389/fspas.2022.1009450,"AuroraX, PyAuroraX, and aurora-asi-lib: A user-friendly auroral all-sky imager analysis framework",2022,Frontiers in Astronomy and Space Sciences,Frontiers Media,Peer-reviewed journal article,candidate,False
P01489,10.1016/j.jastp.2022.105906,Automatic classification of mesoscale auroral forms using convolutional neural networks,2022,Journal of Atmospheric and Solar-Terrestrial Physics,Elsevier,Peer-reviewed journal article,candidate,False
P01490,10.1109/ojits.2022.3220926,Bayesian Calibration of Traffic Flow Fundamental Diagrams Using Gaussian Processes,2022,IEEE Open Journal of Intelligent Transportation Systems,Institute of Electrical and Electronics Engineers (IEEE),Peer-reviewed journal article,candidate,False
P01491,10.1109/eftf/ifcs54560.2022.9850525,CNES Accurate Monitoring of GNSS Time Scales Based on Absolute Calibration,2022,2022 Joint Conference of the European Frequency and Time Forum and IEEE International Frequency Control Symposium (EFTF/IFCS),IEEE,Conference paper,candidate,False
P01492,10.1038/s41598-022-13302-1,Combined model of topside ionosphere and plasmasphere derived from radio-occultation and Van Allen Probes data,2022,Scientific Reports,Springer Science and Business Media LLC,Peer-reviewed journal article,candidate,False
P01493,10.1029/2021ja029423,"Comments on “Stochastic TEC Structure Characterization” by Charles Rino, Yu Morton, Brian Breitsch, and Charles Carrano, <i>Journal of Geophysical Research: Space Physics</i>, <i>124</i>, https://doi.org/10.1029/2019JA026958",2022,Journal of Geophysical Research: Space Physics,American Geophysical Union (AGU),Peer-reviewed journal article,candidate,False
P01494,10.1088/1742-6596/2306/1/012003,Comparative study of the polar region ionospheric NmF2 and IRI-2016 models,2022,Journal of Physics: Conference Series,IOP Publishing,Peer-reviewed journal article,candidate,False
P01495,10.1016/j.polar.2022.100789,"Comparison of Digisonde derived ion drifts and SuperDARN line-of-sight velocities over Zhongshan Station, Antarctica",2022,Polar Science,Elsevier,Peer-reviewed journal article,candidate,False
P01496,10.1029/2021sw002958,COMPASS: A New COnductance Model Based on PFISR And SWARM Satellite Observations,2022,Space Weather,American Geophysical Union (AGU),Peer-reviewed journal article,candidate,False
P01497,10.1785/0220210226,"Complex Slip Distribution of the 2021 Mw 7.4 Maduo, China, Earthquake: An Event Occurring on the Slowly Slipping Fault",2022,Seismological Research Letters,Seismological Society of America (SSA),Peer-reviewed journal article,candidate,False
P01498,10.1109/oceans47191.2022.9977333,Cost–Benefit Analysis of Metavariable Variation in Convolutional Autoencoders Applied to Acoustic Backscattering Data from Small Underwater Targets,2022,"OCEANS 2022, Hampton Roads",IEEE,Conference paper,candidate,False
P01499,10.1109/jrfid.2022.3163913,Creating a Database to Identify High-Latitude Scintillation Signatures With Unsupervised Machine Learning,2022,IEEE Journal of Radio Frequency Identification,IEEE,Peer-reviewed journal article,candidate,False
P01500,10.1016/j.jlr.2022.100251,CrrAB regulates PagP-mediated glycerophosphoglycerol palmitoylation in the outer membrane of Klebsiella pneumoniae,2022,Journal of Lipid Research,Elsevier BV,Peer-reviewed journal article,candidate,False
P01501,10.1029/2021sw002880,Data Assimilation of High‐Latitude Electric Fields: Extension of a Multi‐Resolution Gaussian Process Model (Lattice Kriging) to Vector Fields,2022,Space Weather,American Geophysical Union (AGU),Peer-reviewed journal article,candidate,False
P01502,10.1016/j.jastp.2022.105843,Data-based optimization of a simple shortwave fadeout absorption model,2022,Journal of Atmospheric and Solar-Terrestrial Physics,Elsevier,Peer-reviewed journal article,candidate,False
P01503,10.1007/s11214-021-00865-0,Dayside Transient Phenomena and Their Impact on the Magnetosphere and Ionosphere,2022,Space Science Reviews,Springer Science and Business Media LLC,Peer-reviewed journal article,candidate,False
P01504,10.1016/b978-0-12-821366-7.00001-9,"Density, irregularity, and instability",2022,Cross-Scale Coupling and Energy Transfer in the Magnetosphere-Ionosphere-Thermosphere System,Elsevier,Book chapter,candidate,False
P01505,10.1029/2022ja030870,Dependencies of GPS Scintillation Indices on the Ionospheric Plasma Drift and Rate of Change of TEC Around the Dawn Sector of the Polar Ionosphere,2022,Journal of Geophysical Research: Space Physics,American Geophysical Union (AGU),Peer-reviewed journal article,candidate,False
P01506,10.1029/2021gl097620,Depletions of Multi‐MeV Electrons and Their Association to Minima in Phase Space Density,2022,Geophysical Research Letters,American Geophysical Union (AGU),Peer-reviewed journal article,candidate,False
P01507,10.1061/9780784484449.050,Depth Completion from Sparse 3D Maps for Automated Defect Quantification,2022,Lifelines 2022,American Society of Civil Engineers,Conference paper,candidate,False
P01508,10.3390/rs14184655,Determining Ionospheric Drift and Anisotropy of Irregularities from LOFAR Core Measurements: Testing Hypotheses behind Estimation,2022,Remote Sensing,MDPI,Peer-reviewed journal article,candidate,False
P01509,10.1029/2021sw002920,Development of a High‐Latitude Convection Model by Application of Machine Learning to SuperDARN Observations,2022,Space Weather,American Geophysical Union (AGU),Peer-reviewed journal article,candidate,False
P01510,10.1029/2021sw002891,Development of the Storm‐Induced Ionospheric Irregularities at Equatorial and Middle Latitudes During the 25–26 August 2018 Geomagnetic Storm,2022,Space Weather,American Geophysical Union (AGU),Peer-reviewed journal article,candidate,False
P01511,10.1134/s0010952522060090,Development of the Total Westward Auroral Electrojet Current Estimates during Intense Substorms,2022,Cosmic Research,Pleiades Publishing,Peer-reviewed journal article,candidate,False
P01512,10.1007/s11141-022-10160-9,Deviation Frequency in the Carrier Phase Scintillation Spectrum of Transionospheric Signals,2022,Radiophysics and Quantum Electronics,Springer Nature,Peer-reviewed journal article,candidate,False
P01513,10.3389/fphy.2022.977286,Dipolarization-induced energetic electron precipitation during continuously active periods and isolated substorms,2022,Frontiers in Physics,Frontiers Media,Peer-reviewed journal article,candidate,False
P01514,10.1029/2022ja030469,Distribution of ULF Wave Power in Magnetic Latitude and Local Time Using THEMIS and Arase Measurements,2022,Journal of Geophysical Research: Space Physics,American Geophysical Union (AGU),Peer-reviewed journal article,candidate,False
P01515,10.2528/pierl22011807,DOI only: 10.2528/pierl22011807,2022,Progress in Electromagnetics Research Letters,Electromagnetics Academy,Unknown,candidate,False
P01516,10.6038/cjg2022p0255,DOI only: 10.6038/cjg2022p0255,2022,Chinese Journal of Geophysics,,Unknown,candidate,False
P01517,10.6038/cjg2022q0069,DOI only: 10.6038/cjg2022q0069,2022,Chinese Journal of Geophysics,,Unknown,candidate,False
P01518,10.1029/2022ja030331,Drift Phase Structure Implications for Radiation Belt Transport,2022,Journal of Geophysical Research: Space Physics,American Geophysical Union (AGU),Peer-reviewed journal article,candidate,False
P01519,10.3390/rs15010111,Driver of the Positive Ionospheric Storm over the South American Sector during 4 November 2021 Geomagnetic Storm,2022,Remote Sensing,MDPI AG,Peer-reviewed journal article,candidate,False
P01520,10.1029/2022ja030342,Driving Influences of the Doppler Flash Observed by SuperDARN HF Radars in Response to Solar Flares,2022,Journal of Geophysical Research: Space Physics,American Geophysical Union (AGU),Peer-reviewed journal article,candidate,False
P01521,10.1029/2022ja030906,Dusk‐Dawn Asymmetries in SuperDARN Convection Maps,2022,Journal of Geophysical Research: Space Physics,American Geophysical Union (AGU),Peer-reviewed journal article,candidate,False
P01522,10.3389/fspas.2022.866023,Effect of Solar Wind Pressure and Substorm Linked Particle Injection on Local Time Distribution of Electromagnetic Ion Cyclotron Waves,2022,Frontiers in Astronomy and Space Sciences,Frontiers Media SA,Peer-reviewed journal article,candidate,False
P01523,10.1007/s10291-022-01246-y,"Effect of the polar cap ionospheric sporadic-E layer on GNSS-based positioning: a case study at Resolute Bay, Canada, September 5, 2012",2022,GPS Solutions,Springer Nature,Peer-reviewed journal article,candidate,False
P01524,10.1029/2021ja030101,Effects of EMIC Wave‐Driven Proton Precipitation on the Ionosphere,2022,Journal of Geophysical Research: Space Physics,American Geophysical Union (AGU),Peer-reviewed journal article,candidate,False
P01525,10.1029/2021ja029988,Effects of Subauroral Polarization Streams on the Upper Thermospheric Winds During Non‐Storm Time,2022,Journal of Geophysical Research: Space Physics,American Geophysical Union (AGU),Peer-reviewed journal article,candidate,False
P01526,10.1186/s40623-022-01665-8,Electromagnetic conjugacy of ionospheric disturbances after the 2022 Hunga Tonga-Hunga Ha’apai volcanic eruption as seen in GNSS-TEC and SuperDARN Hokkaido pair of radars observations,2022,"Earth, Planets and Space",Springer Nature,Peer-reviewed journal article,candidate,False
P01527,10.1016/b978-0-12-821366-7.00006-8,Electromagnetic energy input and dissipation,2022,Cross-Scale Coupling and Energy Transfer in the Magnetosphere-Ionosphere-Thermosphere System,Elsevier,Book chapter,candidate,False
P01528,10.1029/2022gl098954,EMIC Waves Observed Throughout the Inner Magnetosphere Driven by Abrupt Enhancement of the Solar Wind Pressure,2022,Geophysical Research Letters,American Geophysical Union (AGU),Peer-reviewed journal article,candidate,False
P01529,10.5140/jass.2022.39.4.145,"Energetic Electron and Proton Interactions with Pc5 Ultra Low Frequency (ULF) Waves
            during the Great Geomagnetic Storm of 15–16 July 2000",2022,Journal of Astronomy and Space Sciences,The Korean Space Science Society,Peer-reviewed journal article,candidate,False
P01530,10.1016/b978-0-12-821366-7.00002-0,"Energetic particle dynamics, precipitation, and conductivity",2022,Cross-Scale Coupling and Energy Transfer in the Magnetosphere-Ionosphere-Thermosphere System,Elsevier,Book chapter,candidate,False
P01531,10.3847/1538-4357/ac7152,"Erratum: “The TREX Survey: Kinematical Complexity Throughout M33's Stellar Disk and Evidence for a Stellar Halo” (2022, ApJ, 924, 116)",2022,The Astrophysical Journal,American Astronomical Society,Peer-reviewed journal article,candidate,False
P01532,10.1016/j.asr.2021.12.005,Evaluation of long-term variability of ionospheric total electron content from IRI-2016 model over the Indian sub-continent with a latitudinal chain of dual-frequency geodetic GPS observations during 2002 to 2019,2022,Advances in Space Research,Elsevier BV,Peer-reviewed journal article,candidate,False
P01533,10.1016/j.jastp.2022.105826,Evaluation of the effect of sporadic-E on high frequency radio wave propagation in the Arctic,2022,Journal of Atmospheric and Solar-Terrestrial Physics,Elsevier,Peer-reviewed journal article,candidate,False
P01534,10.1186/s40623-022-01660-z,Extraordinary quasi-16-day wave activity from October 2013 to January 2014 with radar observations at mid-latitudes and MERRA2 reanalysis data,2022,"Earth, Planets and Space",Springer Science and Business Media LLC,Peer-reviewed journal article,candidate,False
P01535,10.3847/1538-4357/ac6f56,Extreme Solar Flare-driven Short-wave Fadeout Observed by SuperDARN ZHO Radar,2022,The Astrophysical Journal,American Astronomical Society,Peer-reviewed journal article,candidate,False
P01536,10.1029/2021ja030157,First Observations of <i>E</i>‐Region Near Range Echoes Partially Modulated by <i>F</i>‐Region Traveling Ionospheric Disturbances Observed by the Same SuperDARN HF Radar,2022,Journal of Geophysical Research: Space Physics,American Geophysical Union (AGU),Peer-reviewed journal article,candidate,False
P01537,10.1029/2022gl097879,First Observations of Large Scale Traveling Ionospheric Disturbances Using Automated Amateur Radio Receiving Networks,2022,Geophysical Research Letters,American Geophysical Union (AGU),Peer-reviewed journal article,candidate,False
P01538,10.1109/icdsaai55433.2022.10028905,Forecasting of Ionospheric Total Electron Content Data using Autoregressive Distributed Lag Model for Mid-Latitude Region During Solar Minimum and Maximum,2022,"2022 International Conference on Data Science, Agents &amp; Artificial Intelligence (ICDSAAI)",IEEE,Conference paper,candidate,False
P01539,,Forecasting of Ionospheric Variabilities Over Egypt Using Machine Learning Based On GNSS Observations,2022,"Proceedings of the International Astronautical Congress, IAC","International Astronautical Federation, IAF",Conference paper,candidate,False
P01540,10.1109/tgrs.2022.3193015,Frequency Management System (FMS) for Over-the-Horizon Radar (OTHR) Using a Near-Real-Time Ionospheric Model,2022,IEEE Transactions on Geoscience and Remote Sensing,IEEE,Peer-reviewed journal article,candidate,False
P01541,10.1029/2021ja030240,Generation Mechanisms of Plasma Density Irregularity in the Equatorial Ionosphere During a Geomagnetic Storm on 21–22 December 2014,2022,Journal of Geophysical Research: Space Physics,American Geophysical Union (AGU),Peer-reviewed journal article,candidate,False
P01542,10.1186/s40623-022-01682-7,"Geomagnetic conjugacy of plasma bubbles extending to mid-latitudes during a geomagnetic storm on March 1, 2013",2022,"Earth, Planets and Space",Springer Nature,Peer-reviewed journal article,candidate,False
P01543,10.1029/2022gl100014,Geospace Concussion: Global Reversal of Ionospheric Vertical Plasma Drift in Response to a Sudden Commencement,2022,Geophysical Research Letters,American Geophysical Union (AGU),Peer-reviewed journal article,candidate,False
P01544,10.3389/fspas.2022.1005061,GMAG: An open-source python package for ground-based magnetometers,2022,Frontiers in Astronomy and Space Sciences,Frontiers Media,Peer-reviewed journal article,candidate,False
P01545,10.1007/978-3-031-15874-2_2,GNSS Overview,2022,Space Weather Impact on GNSS Performance,Springer Nature,Book chapter,candidate,False
P01546,10.1016/b978-0-12-820630-0.00009-x,Ground-based all-sky imaging techniques for auroral observations and space weather research,2022,Magnetospheric Imaging,Elsevier,Book chapter,candidate,False
P01547,10.1029/2021sw002890,High‐Latitude Electrodynamics Specified in SAMI3 Using AMPERE Field‐Aligned Currents,2022,Space Weather,American Geophysical Union (AGU),Peer-reviewed journal article,candidate,False
P01548,10.1029/2022ja030883,High‐Latitude Plasma Convection Based on SuperDARN Observations and the Locally Divergence Free Criterion,2022,Journal of Geophysical Research: Space Physics,American Geophysical Union (AGU),Peer-reviewed journal article,candidate,False
P01549,10.1029/2022ja030573,High‐Resolution Poynting Flux Statistics From the Swarm Mission: How Much Is Being Underestimated at Larger Scales?,2022,Journal of Geophysical Research: Space Physics,American Geophysical Union (AGU),Peer-reviewed journal article,candidate,False
P01550,10.1029/2022ja030481,High Spatial and Temporal Resolution Studies of Thermospheric Vector Wind Fields Derived From a Ground‐Based Network of All‐Sky Fabry‐Perot Interferometers,2022,Journal of Geophysical Research: Space Physics,American Geophysical Union (AGU),Peer-reviewed journal article,candidate,False
P01551,10.1590/0001-3765202220210600,Highlights of ionospheric investigations at Comandante Ferraz Brazilian Antarctic Station,2022,Anais da Academia Brasileira de Ciências,FapUNIFESP (SciELO),Peer-reviewed journal article,candidate,False
P01552,10.1029/2021ja029589,HMB Variations Measured by SuperDARN During the Extremely Radial IMFs: Is the Coupling Function Applicable in Radial IMF?,2022,Journal of Geophysical Research: Space Physics,American Geophysical Union (AGU),Peer-reviewed journal article,candidate,False
P01553,10.2528/pierm22070204,HUMAN MOTION RECOGNITION IN SMALL SAMPLE SCENARIOS BASED ON GAN AND CNN MODELS,2022,Progress In Electromagnetics Research M,The Electromagnetics Academy,Peer-reviewed journal article,candidate,False
P01554,10.1088/1742-6596/2385/1/012079,Hydrogen Fuel Cell Hybrid Electric Vehicles: the Impact of Commercial Vehicle Fleets on the Penetration of Renewable Energy Sources,2022,Journal of Physics: Conference Series,IOP Publishing,Peer-reviewed journal article,candidate,False
P01555,10.1029/2021rs007358,ICEBEAR‐3D: A Low Elevation Imaging Radar Using a Non‐Uniform Coplanar Receiver Array for E Region Observations,2022,Radio Science,American Geophysical Union (AGU),Peer-reviewed journal article,candidate,False
P01556,10.1029/2022ja030473,Identifying the Structure and Propagation of Dawnside Pc5 ULF Waves Using Space‐Ground Conjunctions,2022,Journal of Geophysical Research: Space Physics,American Geophysical Union (AGU),Peer-reviewed journal article,candidate,False
P01557,10.1016/b978-0-12-820630-0.00002-7,Imaging the magnetosphere–ionosphere system with ground-based and in-situ magnetometers,2022,Magnetospheric Imaging,Elsevier,Book chapter,candidate,False
P01558,10.1029/2022sw003134,Improving Electron Density Predictions in the Topside of the Ionosphere Using Machine Learning on In Situ Satellite Data,2022,Space Weather,American Geophysical Union (AGU),Peer-reviewed journal article,candidate,False
P01559,10.5194/angeo-40-641-2022,Impulse-driven oscillations of the near-Earth's magnetosphere,2022,Annales Geophysicae,Copernicus Publications,Peer-reviewed journal article,candidate,False
P01560,10.1029/2022ja030570,Interaction Between Proton Aurora and Stable Auroral Red Arcs Unveiled by Citizen Scientist Photographs,2022,Journal of Geophysical Research: Space Physics,American Geophysical Union (AGU),Peer-reviewed journal article,candidate,False
P01561,10.1016/j.ecoinf.2022.101645,Introducing a new tool to derive animal behaviour from GPS data without ancillary data: The red-footed falcon in Italy as a case study,2022,Ecological Informatics,Elsevier BV,Peer-reviewed journal article,candidate,False
P01562,10.1080/10420150.2022.2063126,Investigating the impact of the latitudinal velocity profile on nonlinear gradient drift instability development in the subauroral ionosphere,2022,Radiation Effects and Defects in Solids,Informa UK Limited,Peer-reviewed journal article,candidate,False
P01563,10.1061/(asce)su.1943-5428.0000397,Investigation of the Geoid Model Accuracy Improvement in Turkey,2022,Journal of Surveying Engineering,American Society of Civil Engineers (ASCE),Peer-reviewed journal article,candidate,False
P01564,10.23919/ursi-rcrs56822.2022.10118536,Ionosphere Modelling using Spherical harmonics with in-equality constraints over IRNSS service area,2022,2022 URSI Regional Conference on Radio Science (USRI-RCRS),IEEE,Conference paper,candidate,False
P01565,10.1029/2021ja029903,Ionospheric Current Variations by Empirical Orthogonal Function Analysis: Solar Activity Dependence and Longitudinal Differences,2022,Journal of Geophysical Research: Space Physics,American Geophysical Union (AGU),Peer-reviewed journal article,candidate,False
P01566,10.1029/2022ja030456,Ionospheric Density Oscillations Associated With Recurrent Prompt Penetration Electric Fields During the Space Weather Event of 4 November 2021 Over the East‐Asian Sector,2022,Journal of Geophysical Research: Space Physics,American Geophysical Union (AGU),Peer-reviewed journal article,candidate,False
P01567,10.1029/2021ja029843,Ionospheric Disturbances and Irregularities During the 25–26 August 2018 Geomagnetic Storm,2022,Journal of Geophysical Research: Space Physics,American Geophysical Union (AGU),Peer-reviewed journal article,candidate,False
P01568,10.1029/2021ja030102,Ionospheric Energy Input in Response to Changes in Solar Wind Driving: Statistics From the SuperDARN and AMPERE Campaigns,2022,Journal of Geophysical Research: Space Physics,American Geophysical Union (AGU),Peer-reviewed journal article,candidate,False
P01569,10.1016/j.jastp.2021.105801,Ionospheric GPS-TEC responses from equatorial region to the EIA crest in the South American sector under intense space weather conditions,2022,Journal of Atmospheric and Solar-Terrestrial Physics,Elsevier BV,Peer-reviewed journal article,candidate,False
P01570,10.1029/2021sw003015,Ionospheric Phase Scintillation Index Estimation Based on 1 Hz Geodetic GNSS Receiver Measurements by Using Continuous Wavelet Transform,2022,Space Weather,American Geophysical Union (AGU),Peer-reviewed journal article,candidate,False
P01571,10.5194/angeo-40-299-2022,Ionospheric plasma flows associated with the formation of the distorted nightside end of a transpolar arc,2022,Annales Geophysicae,Copernicus Publications,Peer-reviewed journal article,candidate,False
P01572,10.1029/2021ja029928,Joint Cluster/Ground‐Based Studies in the First 20 Years of the Cluster Mission,2022,Journal of Geophysical Research: Space Physics,American Geophysical Union (AGU),Peer-reviewed journal article,candidate,False
P01573,10.1007/s41614-022-00100-5,Kinetic Alfvén waves in the magnetotail during substorms,2022,Reviews of Modern Plasma Physics,Springer Science and Business Media LLC,Peer-reviewed journal article,candidate,False
P01574,10.1002/cpe.5797,Lane marking detection algorithm based on high‐precision map and multisensor fusion,2022,Concurrency and Computation: Practice and Experience,Wiley,Peer-reviewed journal article,candidate,False
P01575,10.1109/icmerr56497.2022.10097789,Lidar-Based Cooperative SLAM with Different Parameters,2022,2022 7th International Conference on Mechanical Engineering and Robotics Research (ICMERR),IEEE,Conference paper,candidate,False
P01576,10.1029/2021ja030089,Lobe Reconnection and Cusp‐Aligned Auroral Arcs,2022,Journal of Geophysical Research: Space Physics,American Geophysical Union (AGU),Peer-reviewed journal article,candidate,False
P01577,10.1029/2022ja030356,Local Mapping of Polar Ionospheric Electrodynamics,2022,Journal of Geophysical Research: Space Physics,American Geophysical Union (AGU),Peer-reviewed journal article,candidate,False
P01578,10.1038/s41598-022-20548-2,Localized mesospheric ozone destruction corresponding to isolated proton aurora coming from Earth’s radiation belt,2022,Scientific Reports,Springer Nature,Peer-reviewed journal article,candidate,False
P01579,10.3390/rs14246340,Longitudinal Evolution of Storm-Enhanced Densities: A Case Study,2022,Remote Sensing,MDPI,Peer-reviewed journal article,candidate,False
P01580,10.3389/fspas.2022.916739,Low- and Mid-Latitude Ionospheric Response to the 2013 St. Patrick’s Day Geomagnetic Storm in the American Sector: Global Ionosphere Thermosphere Model Simulation,2022,Frontiers in Astronomy and Space Sciences,Frontiers Media,Peer-reviewed journal article,candidate,False
P01581,10.1029/2022ja030276,Magnetic Local Time and Latitude Distribution of Ionospheric Large‐Spatial‐Scale EMIC Wave Events: Swarm Observations,2022,Journal of Geophysical Research: Space Physics,American Geophysical Union (AGU),Peer-reviewed journal article,candidate,False
P01582,10.1029/2022ja030741,Magnetosphere‐Ionosphere Coupling Between North‐South Propagating Streamers and High‐Speed Earthward Flows,2022,Journal of Geophysical Research: Space Physics,American Geophysical Union (AGU),Peer-reviewed journal article,candidate,False
P01583,10.1029/2021sw003030,Mapping a Magnetic Superstorm: March 1989 Geoelectric Hazards and Impacts on United States Power Systems,2022,Space Weather,American Geophysical Union (AGU),Peer-reviewed journal article,candidate,False
P01584,10.1029/2022ja030523,Mass Density Inferred From Toroidal Wave Frequencies and Energization of Low‐Energy Helium Ions During H‐Band EMIC Wave Interval,2022,Journal of Geophysical Research: Space Physics,American Geophysical Union (AGU),Peer-reviewed journal article,candidate,False
P01585,10.1109/lsp.2022.3158592,Maximum Likelihood Algorithm for Time-Delay Based Multistatic Target Localization,2022,IEEE Signal Processing Letters,IEEE,Peer-reviewed journal article,candidate,False
P01586,10.1007/s11214-022-00940-0,Meso-Scale Electrodynamic Coupling of the Earth Magnetosphere-Ionosphere System,2022,Space Science Reviews,Springer Science and Business Media LLC,Peer-reviewed journal article,candidate,False
P01587,10.1007/978-3-031-15874-2_4,Methodology for GNSS Capability Analysis,2022,Space Weather Impact on GNSS Performance,Springer Nature,Book chapter,candidate,False
P01588,10.1088/1748-0221/17/07/p07032,Microbulk Micromegas in non-flammable mixtures of argon and neon at high pressure,2022,Journal of Instrumentation,IOP Publishing,Peer-reviewed journal article,candidate,False
P01589,10.3390/atmos13030396,"Mid-Latitude Detection of High Schmidt-Number Turbulent Echoes, and Comparison to PMSE and Geomagnetic Variations",2022,Atmosphere,MDPI,Peer-reviewed journal article,candidate,False
P01590,10.5194/angeo-40-571-2022,Mid-latitude neutral wind responses to  sub-auroral polarization streams,2022,Annales Geophysicae,Copernicus Publications,Peer-reviewed journal article,candidate,False
P01591,10.1029/2021rs007323,Modeling and Validating a SuperDARN Radar's Poynting Flux Profile,2022,Radio Science,American Geophysical Union (AGU),Peer-reviewed journal article,candidate,False
P01592,10.1029/2022ja030455,Multi‐Event Study of Simultaneous Observations of Isolated Proton Auroras at Subauroral Latitudes Using Ground All‐Sky Imagers and the Van Allen Probes,2022,Journal of Geophysical Research: Space Physics,American Geophysical Union (AGU),Peer-reviewed journal article,candidate,False
P01593,10.5194/angeo-40-619-2022,Multi-instrument observations of polar cap patches and  traveling ionospheric disturbances generated by solar wind  Alfvén waves coupling to the dayside magnetosphere,2022,Annales Geophysicae,Copernicus Publications,Peer-reviewed journal article,candidate,False
P01594,10.1029/2022ja030330,Multi‐Instrument Observations of the Ionospheric Response to the 26 December 2019 Solar Eclipse Over Indian and Southeast Asian Longitudes,2022,Journal of Geophysical Research: Space Physics,American Geophysical Union (AGU),Peer-reviewed journal article,candidate,False
P01595,10.1109/piers55526.2022.9792594,Multi-instrumental View of the Auroral Oval,2022,2022 Photonics &amp; Electromagnetics Research Symposium (PIERS),IEEE,Conference paper,candidate,False
P01596,10.1029/2021ja030230,Multi‐Scale Density Structures in the Plasmaspheric Plume During a Geomagnetic Storm,2022,Journal of Geophysical Research: Space Physics,American Geophysical Union (AGU),Peer-reviewed journal article,candidate,False
P01597,10.1029/2022sw003273,Multi‐Scale Geomagnetic Forcing Derived From High‐Resolution Observations and Their Impacts on the Upper Atmosphere,2022,Space Weather,American Geophysical Union (AGU),Peer-reviewed journal article,candidate,False
P01598,10.1007/978-981-19-6203-5_21,Multi-spectrum Fusion Towards 3D Human Pose Estimation Using mmWave Radar,2022,Lecture Notes in Electrical Engineering,Springer Nature Singapore,Book chapter,candidate,False
P01599,10.1109/tgrs.2021.3113778,Multifrequency Observation of High Latitude Scintillation: A Comparison With the Phase Screen Model,2022,IEEE Transactions on Geoscience and Remote Sensing,IEEE,Peer-reviewed journal article,candidate,False
P01600,10.6038/cjg2022p0982,Multiple-dimensional modeling of pitch-angle scattering rates induced by H+band EMIC waves on radiation belts relativistic electrons; [H+频段EMIC波对辐射带相对论电子的投掷角扩散系数的多维建模],2022,Chinese Journal of Geophysics,,Peer-reviewed journal article,candidate,False
P01601,10.3389/fspas.2022.886037,Multiple E-Region Radar Propagation Modes Measured by the VHF SIMONe Norway System During Active Ionospheric Conditions,2022,Frontiers in Astronomy and Space Sciences,Frontiers Media SA,Peer-reviewed journal article,candidate,False
P01602,10.1029/2022sw003146,"Multiresolution Data Assimilation for Auroral Energy Flux and Mean Energy Using DMSP SSUSI, THEMIS ASI, and An Empirical Model",2022,Space Weather,American Geophysical Union (AGU),Peer-reviewed journal article,candidate,False
P01603,10.1016/b978-0-12-821366-7.00007-x,Multiscale processes in the M-I-T system,2022,Cross-Scale Coupling and Energy Transfer in the Magnetosphere-Ionosphere-Thermosphere System,Elsevier,Book chapter,candidate,False
P01604,10.1029/2021ja030114,New Insights Into the Substorm Initiation Sequence From the Spatio‐Temporal Development of Auroral Electrojets,2022,Journal of Geophysical Research: Space Physics,American Geophysical Union (AGU),Peer-reviewed journal article,candidate,False
P01605,10.1029/2021ja030215,"Newly Formed Dawnside, Duskside, and Nightside Subauroral Flows Developed During Magnetically Active Times",2022,Journal of Geophysical Research: Space Physics,American Geophysical Union (AGU),Peer-reviewed journal article,candidate,False
P01606,10.1016/c2019-0-02456-9,Nonlinear Wave and Plasma Structures in the Auroral and Subauroral Geospace,2022,Nonlinear Wave and Plasma Structures in the Auroral and Subauroral Geospace,Elsevier,Book,candidate,False
P01607,10.1029/2022gl097978,Nonlinear Wave Growth Analysis of Chorus Emissions Modulated by ULF Waves,2022,Geophysical Research Letters,American Geophysical Union (AGU),Peer-reviewed journal article,candidate,False
P01608,10.1029/2022gl098249,Novel EMIC Wave Propagation Pathway Through Buchsbaum Resonance and Inter‐Hemispheric Wave Interference: Swarm Observations and Modeling,2022,Geophysical Research Letters,American Geophysical Union (AGU),Peer-reviewed journal article,candidate,False
P01609,10.26464/epp2022020,Observation evidence for entropy switch model of substorm onset,2022,Earth and Planetary Physics,Earth and Planetary Physics,Peer-reviewed journal article,candidate,False
P01610,10.1029/2021ja030072,Observation of Source Plasma and Field Variations of a Substorm Brightening Aurora at <i>L</i> ∼ 6 by a Ground‐Based Camera and the Arase Satellite on 12 October 2017,2022,Journal of Geophysical Research: Space Physics,American Geophysical Union (AGU),Peer-reviewed journal article,candidate,False
P01611,10.1051/swsc/2022023,Observations and modeling of scintillation in the vicinity of a polar cap patch,2022,Journal of Space Weather and Space Climate,EDP Sciences,Peer-reviewed journal article,candidate,False
P01612,10.1029/2022rs007520,Occurrence Rates of SuperDARN Ground Scatter Echoes and Electron Density in the Ionosphere,2022,Radio Science,American Geophysical Union (AGU),Peer-reviewed journal article,candidate,False
P01613,10.1109/lgrs.2021.3115668,On the Dependence of Amplitude and Phase Scintillation Indices on Magnetic Field Aligned Angle: A Statistical Investigation at High Latitudes,2022,IEEE Geoscience and Remote Sensing Letters,IEEE,Peer-reviewed journal article,candidate,False
P01614,10.3389/fspas.2022.886948,On the Estimation of Resonance Widths of Field Line Resonances Using Ground Magnetometer Data,2022,Frontiers in Astronomy and Space Sciences,Frontiers Media,Peer-reviewed journal article,candidate,False
P01615,10.3389/fspas.2022.1040092,On the green isolated proton auroras during Canada thanksgiving geomagnetic storm,2022,Frontiers in Astronomy and Space Sciences,Frontiers Media,Peer-reviewed journal article,candidate,False
P01616,10.1016/j.asr.2022.06.027,On the impact of meridional wind circulation changes in the electron density distribution over the Indian equatorial and low latitude ionospheric region during a severe geomagnetic storm,2022,Advances in Space Research,Elsevier BV,Peer-reviewed journal article,candidate,False
P01617,10.1029/2021ja029693,On the Interplay Between Solar Wind Parameters and ULF Wave Power as a Function of Geomagnetic Activity at High‐ and Mid‐latitudes,2022,Journal of Geophysical Research: Space Physics,American Geophysical Union (AGU),Peer-reviewed journal article,candidate,False
P01618,10.1029/2022ja030558,On the Moments of Probability Distribution Function of Amplitude Scintillation in the Polar Region,2022,Journal of Geophysical Research: Space Physics,American Geophysical Union (AGU),Peer-reviewed journal article,candidate,False
P01619,10.1029/2022rs007449,On the Noise Estimation in Super Dual Auroral Radar Network Data,2022,Radio Science,American Geophysical Union (AGU),Peer-reviewed journal article,candidate,False
P01620,10.1016/j.jastp.2022.105935,On the use of empirical models for high-latitude ionosphere,2022,Journal of Atmospheric and Solar-Terrestrial Physics,Elsevier,Peer-reviewed journal article,candidate,False
P01621,10.1109/lgrs.2021.3096657,Optimizing the NeQuick Topside Scale Height Parameters Through COSMIC/FORMOSAT-3 Radio Occultation Data,2022,IEEE Geoscience and Remote Sensing Letters,Institute of Electrical and Electronics Engineers (IEEE),Peer-reviewed journal article,candidate,False
P01622,10.1029/2022gl100555,Oscillations of the Ionosphere Caused by the 2022 Tonga Volcanic Eruption Observed With SuperDARN Radars,2022,Geophysical Research Letters,American Geophysical Union (AGU),Peer-reviewed journal article,candidate,False
P01623,10.3390/rs14205079,Parallel Electrical Conductivity at Low and Middle Latitudes in the Topside Ionosphere Derived from CSES-01 Measurements,2022,Remote Sensing,MDPI AG,Peer-reviewed journal article,candidate,False
P01624,10.23919/ursi-rcrs56822.2022.10118476,Performance evaluation of the Galileo broadcast ionosphere coefficients over IRNSS Service Area,2022,2022 URSI Regional Conference on Radio Science (USRI-RCRS),IEEE,Conference paper,candidate,False
P01625,10.1029/2021ja030148,Polar Cap Boundary Identification Using Redline Optical Data and DMSP Satellite Particle Data,2022,Journal of Geophysical Research: Space Physics,American Geophysical Union (AGU),Peer-reviewed journal article,candidate,False
P01626,10.1007/978-3-030-91467-7_32,Polar Cap ULF Pulsations: Coordinated Radar-Magnetometer Observations,2022,Springer Proceedings in Earth and Environmental Sciences,Springer Nature,Book chapter,candidate,False
P01627,10.1029/2022ja030684,Polarization Characteristics of a Single Mode Radio Wave Traversing Through the Ionosphere: A Unique Observation From the RRI on ePOP/SWARM‐E,2022,Journal of Geophysical Research: Space Physics,American Geophysical Union (AGU),Peer-reviewed journal article,candidate,False
P01628,10.1029/2022ja030362,Poleward Moving Auroral Arcs and Pc5 Oscillations,2022,Journal of Geophysical Research: Space Physics,American Geophysical Union (AGU),Peer-reviewed journal article,candidate,False
P01629,10.3389/fspas.2022.975123,Proton aurora and relativistic electron microbursts scattered by electromagnetic ion cyclotron waves,2022,Frontiers in Astronomy and Space Sciences,Frontiers Media,Peer-reviewed journal article,candidate,False
P01630,10.3389/fspas.2022.1022690,pyDARN: A Python software for visualizing SuperDARN radar data,2022,Frontiers in Astronomy and Space Sciences,Frontiers Media,Peer-reviewed journal article,candidate,False
P01631,10.1029/2021sw002906,Real‐Time 3‐D Modeling of the Ground Electric Field Due To Space Weather Events. A Concept and Its Validation,2022,Space Weather,American Geophysical Union (AGU),Peer-reviewed journal article,candidate,False
P01632,10.23919/irs54158.2022.9905013,Real-Time Frequency Management System (FMS) for Sky-Wave High-Latitude Over-the-Horizon Radar (OTHR),2022,2022 23rd International Radar Symposium (IRS),IEEE,Conference paper,candidate,False
P01633,10.1109/memstech55132.2022.10002933,Reflector and Quasioptical Systems for the GPS-MEMS Application,2022,2022 IEEE XVIII International Conference on the Perspective Technologies and Methods in MEMS Design (MEMSTECH),IEEE,Conference paper,candidate,False
P01634,10.1109/icesge56040.2022.10180373,Research on a Deep Learning Modeling Method of Ionospheric Total Electron Content,2022,2022 International Conference on Environmental Science and Green Energy (ICESGE),IEEE,Conference paper,candidate,False
P01635,10.6038/cjg2022p0185,Response of ionospheric terdiurnal tides to the 2018 SSW over Beijing; [北京上空电离层8小时潮汐波对2018年SSW的响应研究],2022,Chinese Journal of Geophysics,,Peer-reviewed journal article,candidate,False
P01636,10.11728/cjss2022.01.201112099,Response of Substorm Onset Location and Expansion Phase Duration to Interplanetary Magnetic Field &lt;i&gt;B&lt;/i&gt;&lt;sub&gt;&lt;i&gt;z&lt;/i&gt;&lt;/sub&gt;,2022,Chinese Journal of Space Science,"National Space Science Center, Chinese Academy of Sciences",Peer-reviewed journal article,candidate,False
P01637,10.21046/2070-7401-2022-19-5-303-315,Response of the ionosphere – thermosphere system over the mid-latitude region of Eurasia to geomagnetic storms in March 2012,2022,Sovremennye problemy distantsionnogo zondirovaniya Zemli iz kosmosa,Space Research Institute RAS,Peer-reviewed journal article,candidate,False
P01638,10.2528/pierm21090303,RETRIEVAL OF MESOSPHERIC NEUTRAL WIND BASED ON AGILEDARN HF RADAR,2022,Progress In Electromagnetics Research M,The Electromagnetics Academy,Peer-reviewed journal article,candidate,False
P01639,10.1007/s10712-022-09734-z,Review of Environmental Monitoring by Means of Radio Waves in the Polar Regions: From Atmosphere to Geospace,2022,Surveys in Geophysics,Springer Nature,Peer-reviewed journal article,candidate,False
P01640,10.15918/j.tbit1001-0645.2021.342,Sea Target Detection Algorithm for Airborne Radar Based on Map Information; [基于地图信息的机载雷达对海探测目标检测算法],2022,Beijing Ligong Daxue Xuebao/Transaction of Beijing Institute of Technology,Beijing Institute of Technology,Peer-reviewed journal article,candidate,False
P01641,10.1029/2021rs007338,Seasonal and Diurnal Dynamics of Radio Noise for 8–20 MHz Poleward‐Oriented Mid‐Latitude Radars,2022,Radio Science,American Geophysical Union (AGU),Peer-reviewed journal article,candidate,False
P01642,10.1029/2021sw002919,Sensitivity of Ground Magnetometer Array Elements for GIC Applications I: Resolving Spatial Scales With the BEAR and CARISMA Arrays,2022,Space Weather,American Geophysical Union (AGU),Peer-reviewed journal article,candidate,False
P01643,10.1029/2021sw003005,Simulation of Geomagnetically Induced Currents in a Low‐Latitude 500 kV Power Network During a Solar Superstorm,2022,Space Weather,American Geophysical Union (AGU),Peer-reviewed journal article,candidate,False
P01644,10.1029/2021ja029993,Simulation of Ionospheric Perturbations Induced by Rocket‐Propelled Vehicle: A Semi‐Empirical Approach,2022,Journal of Geophysical Research: Space Physics,American Geophysical Union (AGU),Peer-reviewed journal article,candidate,False
P01645,10.1029/2022gl098798,Simultaneous Evolutions of Inner Magnetospheric Plasmaspheric Hiss and EMIC Waves Under the Influence of a Heliospheric Plasma Sheet,2022,Geophysical Research Letters,American Geophysical Union (AGU),Peer-reviewed journal article,candidate,False
P01646,10.1029/2022ja030366,Simultaneous Observations of a Polar Cap Sporadic‐E Layer by Twin Incoherent Scatter Radars at Resolute,2022,Journal of Geophysical Research: Space Physics,American Geophysical Union (AGU),Peer-reviewed journal article,candidate,False
P01647,10.1029/2021ja029921,"Simultaneous Observations of a Sporadic <i>E</i> Layer by Digisonde and SuperDARN HF Radars at Zhongshan, Antarctica",2022,Journal of Geophysical Research: Space Physics,American Geophysical Union (AGU),Peer-reviewed journal article,candidate,False
P01648,10.1029/2021ja030004,Space‐Ground Observations of Dynamics of Substorm Onset Beads,2022,Journal of Geophysical Research: Space Physics,American Geophysical Union (AGU),Peer-reviewed journal article,candidate,False
P01649,10.3389/fspas.2022.978371,Spatial extent of the energetic electron precipitation region during substorms,2022,Frontiers in Astronomy and Space Sciences,Frontiers Media,Peer-reviewed journal article,candidate,False
P01650,10.1029/2021rs007259,Statistical Analysis of Refractive and Diffractive Scintillation at High Latitudes,2022,Radio Science,American Geophysical Union (AGU),Peer-reviewed journal article,candidate,False
P01651,10.1029/2021ja029687,Statistical Behavior of Large‐Scale Ionospheric Disturbances From High Latitudes to Mid‐Latitudes During Geomagnetic Storms Using 20‐yr GNSS‐TEC Data: Dependence on Season and Storm Intensity,2022,Journal of Geophysical Research: Space Physics,American Geophysical Union (AGU),Peer-reviewed journal article,candidate,False
P01652,10.1029/2021ja029502,Statistical Characteristics of Mid‐Latitude Ionospheric Irregularities at Geomagnetic Quiet Time: Observations From the Jiamusi and Hokkaido East SuperDARN HF Radars,2022,Journal of Geophysical Research: Space Physics,American Geophysical Union (AGU),Peer-reviewed journal article,candidate,False
P01653,10.1109/tgrs.2021.3093555,Statistical Global Investigation of Pre-Earthquake Anomalous Geomagnetic Diurnal Variation Using Superposed Epoch Analysis,2022,IEEE Transactions on Geoscience and Remote Sensing,IEEE,Peer-reviewed journal article,candidate,False
P01654,10.1029/2022ja030262,Statistical Study of EMIC Wave Propagation Using Space‐Ground Conjugate Observations,2022,Journal of Geophysical Research: Space Physics,American Geophysical Union (AGU),Peer-reviewed journal article,candidate,False
P01655,10.1029/2021ja029965,Statistical Study of Seasonal and Solar Activity Dependence of Nighttime MSTIDs Occurrence Using the SuperDARN Hokkaido Pair of Radars,2022,Journal of Geophysical Research: Space Physics,American Geophysical Union (AGU),Peer-reviewed journal article,candidate,False
P01656,10.1029/2021ja029856,"Statistical Study of Subauroral Arc Detachment at Athabasca, Canada: New Insights on STEVE",2022,Journal of Geophysical Research: Space Physics,American Geophysical Union (AGU),Peer-reviewed journal article,candidate,False
P01657,10.1016/j.asr.2022.02.031,Statistical study on the characterization of phase and amplitude scintillation events in the high-latitude region during 2014–2020 based on ISMR,2022,Advances in Space Research,Elsevier,Peer-reviewed journal article,candidate,False
P01658,10.1029/2022ja030271,Statistical Survey of Arase Satellite Data Sets in Conjunction With the Finnish Riometer Network,2022,Journal of Geophysical Research: Space Physics,American Geophysical Union (AGU),Peer-reviewed journal article,candidate,False
P01659,10.12737/szf-84202204,Studying the response of the mid-latitude ionosphere of the Northern Hemisphere to magnetic storms in March 2012,2022,Solnechno-Zemnaya Fizika,Infra-M Academic Publishing House,Peer-reviewed journal article,candidate,False
P01660,10.1029/2021ja029559,Super Dual Auroral Radar Network Expansion and Its Influence on the Derived Ionospheric Convection Pattern,2022,Journal of Geophysical Research: Space Physics,American Geophysical Union (AGU),Peer-reviewed journal article,candidate,False
P01661,10.23919/usnc-ursinrsm57467.2022.9881415,SuperDARN Observations of STEVE USNC-URSI National Radio Science Meeting,2022,2022 United States National Committee of URSI National Radio Science Meeting (USNC-URSI NRSM),IEEE,Conference paper,candidate,False
P01662,10.6038/cjg2022p0207,SuperDARN polar ionospheric convection potential model based on deep learning; [基于深度学习的SuperDARN雷达极区电离层对流电势模型构建及预测],2022,Chinese Journal of Geophysics,,Peer-reviewed journal article,candidate,False
P01663,10.1186/s40623-022-01736-w,Swarm Thermal Ion Imager measurement performance,2022,"Earth, Planets and Space",Springer Science and Business Media LLC,Peer-reviewed journal article,candidate,False
P01664,10.3390/rs14133235,"Synchronous Assimilation of Tidal Current-Related Data Obtained Using Coastal Acoustic Tomography and High-Frequency Radar in the Xiangshan Bay, China",2022,Remote Sensing,MDPI AG,Peer-reviewed journal article,candidate,False
P01665,10.12737/stp-82202207,Synchronous globally observable ultrashort-period pulses,2022,Solar-Terrestrial Physics,Infra-M Academic Publishing House,Peer-reviewed journal article,candidate,False
P01666,10.1029/2022ja030360,Tens to Hundreds of keV Electron Precipitation Driven by Kinetic Alfvén Waves During an Electron Injection,2022,Journal of Geophysical Research: Space Physics,American Geophysical Union (AGU),Peer-reviewed journal article,candidate,False
P01667,10.1007/s10509-021-04022-5,The African equatorial ionization anomaly response to the St. Patrick’s Day storms of March 2013 and 2015,2022,Astrophysics and Space Science,Springer Science and Business Media LLC,Peer-reviewed journal article,candidate,False
P01668,10.3389/fspas.2022.1062358,The future of auroral E-region plasma turbulence research,2022,Frontiers in Astronomy and Space Sciences,Frontiers Media,Peer-reviewed journal article,candidate,False
P01669,10.1029/2022rg000792,The International Reference Ionosphere Model: A Review and Description of an Ionospheric Benchmark,2022,Reviews of Geophysics,American Geophysical Union (AGU),Peer-reviewed journal article,candidate,False
P01670,10.1029/2021jd036007,The Mid‐ to High‐Latitude Migrating Semidiurnal Tide: Results From a Mechanistic Tide Model and SuperDARN Observations,2022,Journal of Geophysical Research: Atmospheres,American Geophysical Union (AGU),Peer-reviewed journal article,candidate,False
P01671,10.1029/2022ja030539,The Occurrence of Embedded Region 1 and 2 Currents Depends on Geomagnetic Activity Level,2022,Journal of Geophysical Research: Space Physics,American Geophysical Union (AGU),Peer-reviewed journal article,candidate,False
P01672,10.1029/2021ja029908,The Source of Auroral Omegas,2022,Journal of Geophysical Research: Space Physics,American Geophysical Union (AGU),Peer-reviewed journal article,candidate,False
P01673,10.1134/s0016793222600618,The Spatio-Temporal Features of Pc1 Structured Geomagnetic Pulsations,2022,Geomagnetism and Aeronomy,Pleiades Publishing Ltd,Peer-reviewed journal article,candidate,False
P01674,10.1134/s0016793222050176,The Superposition of Auroral Currents in the Region of the Harang Discontinuity,2022,Geomagnetism and Aeronomy,Pleiades Publishing Ltd,Peer-reviewed journal article,candidate,False
P01675,10.1186/s40623-022-01668-5,"The swarm Langmuir probe ion drift, density and effective mass (SLIDEM) product",2022,"Earth, Planets and Space",Springer Nature,Peer-reviewed journal article,candidate,False
P01676,10.3847/1538-4357/ac3480,The TREX Survey: Kinematical Complexity Throughout M33's Stellar Disk and Evidence for a Stellar Halo*,2022,The Astrophysical Journal,American Astronomical Society,Peer-reviewed journal article,candidate,False
P01677,10.3847/1538-3881/ac5324,The Triangulum Extended (TREX) Survey: The Stellar Disk Dynamics of M33 as a Function of Stellar Age,2022,The Astronomical Journal,American Astronomical Society,Peer-reviewed journal article,candidate,False
P01678,10.1186/s40623-022-01710-6,Thermospheric wind response to a sudden ionospheric variation in the trough: event at a pseudo-breakup during geomagnetically quiet conditions,2022,"Earth, Planets and Space",Springer Science and Business Media LLC,Peer-reviewed journal article,candidate,False
P01679,10.1029/2022ja030669,Thin Current Sheet Formation and Reconnection at <i>X</i> ∼ −10 <i>R</i><sub><i>E</i></sub> During the Main Phase of a Magnetic Storm,2022,Journal of Geophysical Research: Space Physics,American Geophysical Union (AGU),Peer-reviewed journal article,candidate,False
P01680,10.1029/2022ja030705,Thinning of the Magnetotail Current Sheet Inferred From Low‐Altitude Observations of Energetic Electrons,2022,Journal of Geophysical Research: Space Physics,American Geophysical Union (AGU),Peer-reviewed journal article,candidate,False
P01681,10.1038/s41598-022-19275-5,Towards robust in vivo quantification of oscillating biomagnetic fields using Rotary Excitation based MRI,2022,Scientific Reports,Springer Science and Business Media LLC,Peer-reviewed journal article,candidate,False
P01682,,UNDERSTAND THE HUGE DATA THROUGH THE DEEP GEOSPACE: HOW TO ANALYZE AND TO DESIGN THE FUTURE SPACE MISSION,2022,"Proceedings of the International Astronautical Congress, IAC","International Astronautical Federation, IAF",Conference paper,candidate,False
P01683,10.1029/2021gl096583,Unsteady Magnetopause Reconnection Under Quasi‐Steady Solar Wind Driving,2022,Geophysical Research Letters,American Geophysical Union (AGU),Peer-reviewed journal article,candidate,False
P01684,10.1007/978-3-030-91467-7_31,UV Pulsations in the Auroral Region According to Measurements on the Lomonosov Satellite,2022,Springer Proceedings in Earth and Environmental Sciences,Springer International Publishing,Book chapter,candidate,False
P01685,10.3390/rs14174255,Validating Ionospheric Scintillation Indices Extracted from 30s-Sampling-Interval GNSS Geodetic Receivers with Long-Term Ground and In-Situ Observations in High-Latitude Regions,2022,Remote Sensing,MDPI,Peer-reviewed journal article,candidate,False
P01686,10.1029/2022ja030723,Verification of Substorm Onset From Intruding Flow Channels With High‐Resolution SuperDARN Radar Flow Maps,2022,Journal of Geophysical Research: Space Physics,American Geophysical Union (AGU),Peer-reviewed journal article,candidate,False
P01687,10.1029/2022ja030501,Wavenumbers 3 and 4 Quasi 2‐day Wave Activities Observed by Multiple Meteor Radars in the Two Hemispheres During Austral Summer,2022,Journal of Geophysical Research: Space Physics,American Geophysical Union (AGU),Peer-reviewed journal article,candidate,False
P01688,10.3389/fspas.2022.1059039,What produces and what controls the spatial-temporal structuring of the magnetospheric chorus waves that create the pulsating aurora: An unsolved problem in need of new measurements,2022,Frontiers in Astronomy and Space Sciences,Frontiers Media,Peer-reviewed journal article,candidate,False
P01689,10.3390/electronics11244236,Zhongshan HF Radar Elevation Calibration Based on Ground Backscatter Echoes,2022,Electronics,MDPI,Peer-reviewed journal article,candidate,False
P01690,10.1029/2022sw003185,A‐CHAIM: Near‐Real‐Time Data Assimilation of the High Latitude Ionosphere With a Particle Filter,2023,Space Weather,American Geophysical Union (AGU),Peer-reviewed journal article,candidate,False
P01691,10.5194/angeo-41-269-2023,A comparison of Jason-2 plasmasphere electron content measurements with ground-based measurements,2023,Annales Geophysicae,Copernicus GmbH,Peer-reviewed journal article,candidate,False
P01692,10.1029/2023ja031497,A Conjunction of Pc5 ULF Waves From Spaceborne and Ground‐Based Observations,2023,Journal of Geophysical Research: Space Physics,American Geophysical Union (AGU),Peer-reviewed journal article,candidate,False
P01693,10.1016/j.isprsjprs.2023.07.008,A fast LiDAR place recognition and localization method by fusing local and global search,2023,ISPRS Journal of Photogrammetry and Remote Sensing,Elsevier BV,Peer-reviewed journal article,candidate,False
P01694,10.1029/2023sw003581,A Hybrid Deep Learning‐Based Forecasting Model for the Peak Height of Ionospheric F2 Layer,2023,Space Weather,American Geophysical Union (AGU),Peer-reviewed journal article,candidate,False
P01695,10.1029/2022gl101998,A Localized and Surprising Source of Energetic Ions in the Uranian Magnetosphere Between Miranda and Ariel,2023,Geophysical Research Letters,American Geophysical Union (AGU),Peer-reviewed journal article,candidate,False
P01696,10.1111/phor.12447,A low‐drift and real‐time localisation and mapping method for handheld hemispherical view <scp>LiDAR‐IMU</scp> integration system,2023,The Photogrammetric Record,Wiley,Peer-reviewed journal article,candidate,False
P01697,10.3389/fspas.2023.1296626,A mechanism of the auroral substorm expansion onset: electric discharge in the double layer,2023,Frontiers in Astronomy and Space Sciences,Frontiers Media SA,Peer-reviewed journal article,candidate,False
P01698,10.3390/rs15215175,"A Method for Detecting Ionospheric TEC Anomalies before Earthquake: The Case Study of Ms 7.8 Earthquake, February 06, 2023, Türkiye",2023,Remote Sensing,MDPI AG,Peer-reviewed journal article,candidate,False
P01699,10.1029/2023sw003428,A Model of High Latitude Ionospheric Convection Derived From SuperDARN EOF Model Data,2023,Space Weather,American Geophysical Union (AGU),Peer-reviewed journal article,candidate,False
P01700,10.1007/s10291-022-01355-8,A new global TEC empirical model based on fusing multi-source data,2023,GPS Solutions,Springer Science and Business Media LLC,Peer-reviewed journal article,candidate,False
P01701,10.3233/jcm-226621,A new method for constructing roads map in forest area using UAV images,2023,Journal of Computational Methods in Sciences and Engineering,European Society of Computational Methods in Sciences and Engineering,Peer-reviewed journal article,candidate,False
P01702,10.1038/s41598-023-28034-z,A novel neural network model of Earth’s topside ionosphere,2023,Scientific Reports,Springer Science and Business Media LLC,Peer-reviewed journal article,candidate,False
P01703,10.3390/rs15123154,A Prediction Method of Ionospheric hmF2 Based on Machine Learning,2023,Remote Sensing,MDPI AG,Peer-reviewed journal article,candidate,False
P01704,10.1029/2022sw003301,A Quantitative Comparison of High Latitude Electric Field Models During a Large Geomagnetic Storm,2023,Space Weather,American Geophysical Union (AGU),Peer-reviewed journal article,candidate,False
P01705,10.1029/2023sw003515,A Regional Model of Topside Ionospheric Effective Scale Heights Derived From Ionosonde and GNSS TEC,2023,Space Weather,American Geophysical Union (AGU),Peer-reviewed journal article,candidate,False
P01706,10.1029/2023ja031686,A Statistical Analysis of the Auroral Streamer Current System,2023,Journal of Geophysical Research: Space Physics,American Geophysical Union (AGU),Peer-reviewed journal article,candidate,False
P01707,10.1016/j.jastp.2023.106059,A statistical study of Ring Current Aurora,2023,Journal of Atmospheric and Solar-Terrestrial Physics,Elsevier,Peer-reviewed journal article,candidate,False
P01708,10.1109/access.2023.3254901,A Wide Range Distributed Multi-Node Receive Chain Calibration Method Based on GNSS Software Receiver,2023,IEEE Access,Institute of Electrical and Electronics Engineers (IEEE),Peer-reviewed journal article,candidate,False
P01709,,Adapting and Evaluating Influence-Estimation Methods for Gradient-Boosted Decision Trees,2023,Journal of Machine Learning Research,Microtome Publishing,Peer-reviewed journal article,candidate,False
P01710,10.1029/2023ja031451,Amplitude‐Dependent Properties and Excitation Mechanisms of EMIC Waves in the Earth's Inner Magnetosphere,2023,Journal of Geophysical Research: Space Physics,American Geophysical Union (AGU),Peer-reviewed journal article,candidate,False
P01711,10.1029/2022ja031050,An Algorithm to Separate Ionospheric Turbulence Radar Echoes From Those of Meteor Trails in Large Data Sets,2023,Journal of Geophysical Research: Space Physics,American Geophysical Union (AGU),Peer-reviewed journal article,candidate,False
P01712,10.3390/rs15051256,An Explainable Dynamic Prediction Method for Ionospheric foF2 Based on Machine Learning,2023,Remote Sensing,MDPI AG,Peer-reviewed journal article,candidate,False
P01713,10.1007/s10291-023-01426-4,An improved NeQuick-G global ionospheric TEC model with a machine learning approach,2023,GPS Solutions,Springer Science and Business Media LLC,Peer-reviewed journal article,candidate,False
P01714,10.1007/s00190-023-01760-y,An ionospheric scintillation index derived from dual-frequency Doppler measurements released by geodetic GNSS receivers operating at 1 Hz,2023,Journal of Geodesy,Springer Nature,Peer-reviewed journal article,candidate,False
P01715,10.24028/gj.v45i1.275180,Application of Sntinel-1 radar interferometric images for  the monitoring of vertical displacements of  the earth’s surface affected by non-tidal atmospheric loading,2023,Geofizicheskiy Zhurnal,Institute of Geophysics of the National Academy of Sciences of Ukraine by S.I. Subbotin name,Peer-reviewed journal article,candidate,False
P01716,10.3390/rs15092300,Artificial Ducts Created via High-Power HF Radio Waves at EISCAT,2023,Remote Sensing,MDPI AG,Peer-reviewed journal article,candidate,False
P01717,10.1029/2023ja031726,Association of Equatorward Extended Auroral Streamers With Overshielding Conditions at Equatorial Latitudes: First Observations,2023,Journal of Geophysical Research: Space Physics,American Geophysical Union (AGU),Peer-reviewed journal article,candidate,False
P01718,10.1029/2023sw003651,"Atmospheric Ionizations by Solar X‐Rays, Solar Protons, and Radiation Belt Electrons in September 2017 Space Weather Event",2023,Space Weather,American Geophysical Union (AGU),Peer-reviewed journal article,candidate,False
P01719,10.1029/2023ja031400,Auroral Morphological Changes to the Formation of Auroral Spiral During the Late Substorm Recovery Phase: Polar UVI and Ground All‐Sky Camera Observations,2023,Journal of Geophysical Research: Space Physics,American Geophysical Union (AGU),Peer-reviewed journal article,candidate,False
P01720,10.1029/2022ja030842,Automated High‐Frequency Geomagnetic Disturbance Classifier: A Machine Learning Approach to Identifying Noise While Retaining High‐Frequency Components of the Geomagnetic Field,2023,Journal of Geophysical Research: Space Physics,American Geophysical Union (AGU),Peer-reviewed journal article,candidate,False
P01721,10.1109/tgrs.2023.3307901,BDS-3 B1I Signal Tracking Error Characteristic and Its Advantage in PPP Under Ionospheric Scintillation at Low Latitudes,2023,IEEE Transactions on Geoscience and Remote Sensing,IEEE,Peer-reviewed journal article,candidate,False
P01722,10.1029/2022rs007591,Borealis: An Advanced Digital Hardware and Software Design for SuperDARN Radar Systems,2023,Radio Science,American Geophysical Union (AGU),Peer-reviewed journal article,candidate,False
P01723,10.3389/fspas.2023.1278794,cavsiopy: a Python package to calculate and visualize spacecraft instrument orientation,2023,Frontiers in Astronomy and Space Sciences,Frontiers Media,Peer-reviewed journal article,candidate,False
P01724,10.1029/2022ja031163,Characteristics of Electron Precipitation Directly Driven by Poloidal ULF Waves,2023,Journal of Geophysical Research: Space Physics,American Geophysical Union (AGU),Peer-reviewed journal article,candidate,False
P01725,10.1029/2022ja031127,Chorus Wave Generation Modulated by Field Line Resonance and Mirror‐Mode ULF Waves,2023,Journal of Geophysical Research: Space Physics,American Geophysical Union (AGU),Peer-reviewed journal article,candidate,False
P01726,10.1029/2023rs007657,Climatology of HF Propagation Characteristics at Very High Latitudes From SuperDARN Observations,2023,Radio Science,American Geophysical Union (AGU),Peer-reviewed journal article,candidate,False
P01727,10.1029/2023ja031541,"Climatology of the Harmonic Frequency Separation of Ionospheric Alfvén Resonances at Eskdalemuir Observatory, UK",2023,Journal of Geophysical Research: Space Physics,American Geophysical Union (AGU),Peer-reviewed journal article,candidate,False
P01728,10.1029/2023ja031789,Cluster Observation on the Latitudinal Distribution of Magnetic Pc5 Pulsations in the Inner Magnetosphere,2023,Journal of Geophysical Research: Space Physics,American Geophysical Union (AGU),Peer-reviewed journal article,candidate,False
P01729,10.11728/cjss2023.04.2022-0028,Comparison of Characteristics of F-region Irregularities Scattering Occurrence Rate Based on the Observation of the Jiamusi Radar and Hokkaido East Radar,2023,Chinese Journal of Space Science,"National Space Science Center, Chinese Academy of Sciences",Peer-reviewed journal article,candidate,False
P01730,10.1029/2023ja031764,Data‐Driven Empirical Conductance Relations During Auroral Precipitation Using Incoherent Scatter Radar and All Sky Imagers,2023,Journal of Geophysical Research: Space Physics,American Geophysical Union (AGU),Peer-reviewed journal article,candidate,False
P01731,10.1029/2023jd038557,Day‐To‐Day Quantification of Changes in Global Lightning Activity Based on Schumann Resonances,2023,Journal of Geophysical Research: Atmospheres,American Geophysical Union (AGU),Peer-reviewed journal article,candidate,False
P01732,10.1029/2022ja030913,Dependence of Ionospheric Responses on Solar Wind Dynamic Pressure During Geomagnetic Storms Using Global Long‐Term GNSS‐TEC Data,2023,Journal of Geophysical Research: Space Physics,American Geophysical Union (AGU),Peer-reviewed journal article,candidate,False
P01733,10.1109/usnc-ursi52151.2023.10238196,Design and Modeling of the SuperDARN HF Log Periodic Array at the South Pole,2023,2023 IEEE International Symposium on Antennas and Propagation and USNC-URSI Radio Science Meeting (USNC-URSI),IEEE,Conference paper,candidate,False
P01734,,Developing a Toolkit for Efficient Analysis of Cadi Ionosonde Data,2023,"Proceedings of the International Astronautical Congress, IAC","International Astronautical Federation, IAF",Conference paper,candidate,False
P01735,10.1029/2023gl106162,Differentiating Between Simultaneous Loss Drivers in Earth's Outer Radiation Belt: Multi‐Dimensional Phase Space Density Analysis,2023,Geophysical Research Letters,American Geophysical Union (AGU),Peer-reviewed journal article,candidate,False
P01736,10.1109/ieecon56657.2023.10126656,Discrimination and Binning Logic of Charged Particle Monitor for a Nano-Satellite,2023,2023 International Electrical Engineering Congress (iEECON),IEEE,Conference paper,candidate,False
P01737,10.1109/ojits.2023.3293911,DNN-Based Map Deviation Detection in LiDAR Point Clouds,2023,IEEE Open Journal of Intelligent Transportation Systems,Institute of Electrical and Electronics Engineers (IEEE),Peer-reviewed journal article,candidate,False
P01738,10.1016/j.jastp.2023.106148,Duration and extent of solar X-ray flares and shortwave fadeouts likely to impact high frequency radio wave propagation based on an evaluation of absorption at 30 MHz,2023,Journal of Atmospheric and Solar-Terrestrial Physics,Elsevier,Peer-reviewed journal article,candidate,False
P01739,10.1029/2023ja031455,Dynamics of Mid‐Latitude Sporadic‐E and Its Impact on HF Propagation in the North American Sector,2023,Journal of Geophysical Research: Space Physics,American Geophysical Union (AGU),Peer-reviewed journal article,candidate,False
P01740,10.1016/j.asr.2023.09.001,Effect of spacecraft attitude on radio wave polarization measurements for the radio Receiver instrument on Swarm-E,2023,Advances in Space Research,Elsevier BV,Peer-reviewed journal article,candidate,False
P01741,10.1029/2022sw003216,Effects of Forcing Uncertainties on the Thermospheric and Ionospheric States During Geomagnetic Storm and Quiet Periods,2023,Space Weather,American Geophysical Union (AGU),Peer-reviewed journal article,candidate,False
P01742,10.3390/rs15235512,Effects of Strong Geomagnetic Storms on the Ionosphere and Degradation of Precise Point Positioning Accuracy during the 25th Solar Cycle Rising Phase: A Case Study,2023,Remote Sensing,MDPI,Peer-reviewed journal article,candidate,False
P01743,10.1029/2023ja031598,Electron Aurora and Polar Rain Dependencies on Solar Wind Parameters,2023,Journal of Geophysical Research: Space Physics,American Geophysical Union (AGU),Peer-reviewed journal article,candidate,False
P01744,10.1029/2023gl103519,Electron Precipitation Observed by ELFIN Using Proton Precipitation as a Proxy for Electromagnetic Ion Cyclotron (EMIC) Waves,2023,Geophysical Research Letters,American Geophysical Union (AGU),Peer-reviewed journal article,candidate,False
P01745,10.1029/2023ja031631,Energetic Electron Flux Dropouts Measured by ELFIN in the Ionospheric Projection of the Plasma Sheet,2023,Journal of Geophysical Research: Space Physics,American Geophysical Union (AGU),Peer-reviewed journal article,candidate,False
P01746,10.1007/s11214-023-00984-w,Energetic Electron Precipitation Driven by Electromagnetic Ion Cyclotron Waves from ELFIN’s Low Altitude Perspective,2023,Space Science Reviews,Springer Science and Business Media LLC,Peer-reviewed journal article,candidate,False
P01747,10.1029/2022ja031240,Energization of Cold Protons and Helium Ions by EMIC Waves in the Inner Magnetosphere: Hybrid Simulations,2023,Journal of Geophysical Research: Space Physics,American Geophysical Union (AGU),Peer-reviewed journal article,candidate,False
P01748,10.6038/cjg2022p0755,Energy conversion by azimuthal flow in the near-Earth magnetotail; [近地磁尾方位角流能量转换过程],2023,Chinese Journal of Geophysics,,Peer-reviewed journal article,candidate,False
P01749,10.1029/2023ja031929,Enhanced Solar Wind Dynamic Pressure as a Driver of Low‐Energy Proton Temperature Anisotropies and High‐Frequency EMIC Waves,2023,Journal of Geophysical Research: Space Physics,American Geophysical Union (AGU),Peer-reviewed journal article,candidate,False
P01750,10.1109/access.2023.3292118,Environmental Detection for Autonomous Vehicles Based on Multi-View Image and 3D LiDAR Point Cloud Map,2023,IEEE Access,Institute of Electrical and Electronics Engineers (IEEE),Peer-reviewed journal article,candidate,False
P01751,10.1109/igarss52108.2023.10282387,Exploring Geometric Deep Learning for Precipitation Nowcasting,2023,IGARSS 2023 - 2023 IEEE International Geoscience and Remote Sensing Symposium,IEEE,Conference paper,candidate,False
P01752,10.1007/s10291-023-01418-4,Extracting ionospheric phase scintillation indicator from GNSS observations with 30-s sampling interval in the high-latitude region,2023,GPS Solutions,Springer Nature,Peer-reviewed journal article,candidate,False
P01753,10.1029/2022ja030628,Fine‐Scale Electric Fields and Joule Heating From Observations of the Aurora,2023,Journal of Geophysical Research: Space Physics,American Geophysical Union (AGU),Peer-reviewed journal article,candidate,False
P01754,10.1029/2022ja031157,"First Detection of Midlatitude Plasma Bubble by SuperDARN During a Geomagnetic Storm on May 27 and 28, 2017",2023,Journal of Geophysical Research: Space Physics,American Geophysical Union (AGU),Peer-reviewed journal article,candidate,False
P01755,10.1016/j.isci.2023.106595,"First experimental results of the cosmic time synchronizer for a wireless, precise, and perpetual time synchronization system",2023,iScience,Elsevier BV,Peer-reviewed journal article,candidate,False
P01756,10.1109/mcg.2023.3286228,First Insights Into INTUIT: An INteractive Tactile Physicalization for User Interpretation of RADAR Technology,2023,IEEE Computer Graphics and Applications,Institute of Electrical and Electronics Engineers (IEEE),Peer-reviewed journal article,candidate,False
P01757,10.1029/2022ja031105,Formation and Motion of Horse Collar Aurora Events,2023,Journal of Geophysical Research: Space Physics,American Geophysical Union (AGU),Peer-reviewed journal article,candidate,False
P01758,10.1029/2022ja030796,Formation of Beading Auroral Arcs at Substorm Onset: Implications of Its Variability Into the Generation Process,2023,Journal of Geophysical Research: Space Physics,American Geophysical Union (AGU),Peer-reviewed journal article,candidate,False
P01759,10.1038/s41598-023-33603-3,Generation of equatorial plasma bubble after the 2022 Tonga volcanic eruption,2023,Scientific Reports,Springer Nature,Peer-reviewed journal article,candidate,False
P01760,10.1029/2022ja031011,Generation of Field‐Aligned Currents During Substorm Expansion: An Update,2023,Journal of Geophysical Research: Space Physics,American Geophysical Union (AGU),Peer-reviewed journal article,candidate,False
P01761,10.1029/2022ja031047,Global Asymmetry in Δ<i>X</i> Variations During the 06 April 2000 Geomagnetic Storm: Relative Roles of IMF <i>B</i><sub><i>z</i></sub> and <i>B</i><sub><i>y</i></sub>,2023,Journal of Geophysical Research: Space Physics,American Geophysical Union (AGU),Peer-reviewed journal article,candidate,False
P01762,10.1029/2023ja031813,Global ULF Waves Excited by Solar Wind Dynamic Pressure Impulses: 1. Timescales and Geomagnetic Activity Dependence,2023,Journal of Geophysical Research: Space Physics,American Geophysical Union (AGU),Peer-reviewed journal article,candidate,False
P01763,10.1029/2023ja031849,"GNSS Scintillations in the Cusp, and the Role of Precipitating Particle Energy Fluxes",2023,Journal of Geophysical Research: Space Physics,American Geophysical Union (AGU),Peer-reviewed journal article,candidate,False
P01764,10.1029/2023ja031411,GPS Loss of Lock Events and Their Dependence on the Interplanetary Magnetic Field Orientation,2023,Journal of Geophysical Research: Space Physics,American Geophysical Union (AGU),Peer-reviewed journal article,candidate,False
P01765,10.3389/fspas.2023.1091340,Ground-based infrastructure for monitoring and characterizing intermediate-scale ionospheric irregularities at mid-latitudes,2023,Frontiers in Astronomy and Space Sciences,Frontiers Media,Peer-reviewed journal article,candidate,False
P01766,10.3389/fphy.2023.1174209,Hemispheric symmetry and asymmetry of poleward moving radar auroral forms (PMRAFs) and associated polar cap patches during a geomagnetic storm,2023,Frontiers in Physics,Frontiers Media,Peer-reviewed journal article,candidate,False
P01767,10.1109/icce56470.2023.10043557,High-Accuracy Lane Geodetic Coordinates Extraction Based on Camera-Lidar Fusion,2023,2023 IEEE International Conference on Consumer Electronics (ICCE),IEEE,Conference paper,candidate,False
P01768,10.1029/2022ja030277,High‐Latitude Ionospheric Electrodynamics During STEVE and Non‐STEVE Substorm Events,2023,Journal of Geophysical Research: Space Physics,American Geophysical Union (AGU),Peer-reviewed journal article,candidate,False
P01769,10.1186/s40623-023-01867-8,How variable are Birkeland currents?,2023,"Earth, Planets and Space",Springer Nature,Peer-reviewed journal article,candidate,False
P01770,10.1063/5.0175812,Implementation of a drive cylinder for low collisional experiments on magnetic reconnection,2023,Review of Scientific Instruments,AIP Publishing,Peer-reviewed journal article,candidate,False
P01771,10.1109/jstars.2023.3243206,Improving GNSS-R Ocean Wind Speed Retrieval for the BF-1 Mission Using Satellite Platform Attitude Measurements,2023,IEEE Journal of Selected Topics in Applied Earth Observations and Remote Sensing,Institute of Electrical and Electronics Engineers (IEEE),Peer-reviewed journal article,candidate,False
P01772,10.1007/s00190-023-01710-8,Improving topside ionospheric empirical model using FORMOSAT-7/COSMIC-2 data,2023,Journal of Geodesy,Springer Science and Business Media LLC,Peer-reviewed journal article,candidate,False
P01773,10.1145/3589132.3625568,Integrating Automated Annotation of Magnetic Prospection Data into GIS Workflows in Archaeology (demo paper),2023,Proceedings of the 31st ACM International Conference on Advances in Geographic Information Systems,ACM,Conference paper,candidate,False
P01774,10.1029/2023ja031430,Interhemispheric Asymmetry Due To IMF By Within the Cusp Spherical Elementary Currents,2023,Journal of Geophysical Research: Space Physics,American Geophysical Union (AGU),Peer-reviewed journal article,candidate,False
P01775,10.1029/2023ja031682,Investigating Spatial and Temporal Structuring of E‐Region Coherent Scattering Regions Over Northern Norway,2023,Journal of Geophysical Research: Space Physics,American Geophysical Union (AGU),Peer-reviewed journal article,candidate,False
P01776,10.1029/2022sw003122,Investigation of the Geomagnetically Induced Current Index Levels in the Mediterranean Region During the Strongest Magnetic Storms of Solar Cycle 24,2023,Space Weather,American Geophysical Union (AGU),Peer-reviewed journal article,candidate,False
P01777,10.1109/icramet60171.2023.10366616,Investigation of the Rain Scanner Radar Performance for Reflectivity-Rainfall Estimation in A Co-Location Grid Data,2023,"2023 International Conference on Radar, Antenna, Microwave, Electronics, and Telecommunications (ICRAMET)",IEEE,Conference paper,candidate,False
P01778,10.1016/j.asr.2023.07.024,"Ionosphere variability I: Advances in observational, monitoring and detection capabilities",2023,Advances in Space Research,Elsevier BV,Peer-reviewed journal article,candidate,False
P01779,10.1016/j.asr.2023.07.056,Ionosphere variability II: Advances in theory and modeling,2023,Advances in Space Research,Elsevier BV,Peer-reviewed journal article,candidate,False
P01780,10.1016/j.asr.2023.01.017,Ionospheric electron density over Resolute Bay according to E-CHAIM model and RISR radar measurements,2023,Advances in Space Research,Elsevier,Peer-reviewed journal article,candidate,False
P01781,10.12737/stp-94202313,Ionospheric longitudinal variability in the Northern Hemisphere during magnetic storms in March 2012 from ionosonde and GPS/GLONASS data,2023,Solar-Terrestrial Physics,Infra-M Academic Publishing House,Peer-reviewed journal article,candidate,False
P01782,10.1029/2022ja030983,Ionospheric Modulation by EMIC Wave‐Driven Proton Precipitation: Observations and Simulations,2023,Journal of Geophysical Research: Space Physics,American Geophysical Union (AGU),Peer-reviewed journal article,candidate,False
P01783,10.1016/j.asr.2022.07.040,Ionospheric storm due to solar Coronal mass ejection in September 2017 over the Brazilian and African longitudes,2023,Advances in Space Research,Elsevier BV,Peer-reviewed journal article,candidate,False
P01784,10.1007/978-981-19-7765-7_7,Ionospheric Variability,2023,Solar-Terrestrial Environmental Prediction,Springer Nature Singapore,Book chapter,candidate,False
P01785,10.1038/s43017-022-00373-x,"Landslide detection, monitoring and prediction with remote-sensing techniques",2023,Nature Reviews Earth &amp; Environment,Springer Science and Business Media LLC,Peer-reviewed journal article,candidate,False
P01786,10.1029/2023ja031740,Large Scale Traveling Ionospheric Disturbances During Geomagnetic Storms of 17 March and 23 June 2015 in the Australian Region,2023,Journal of Geophysical Research: Space Physics,American Geophysical Union (AGU),Peer-reviewed journal article,candidate,False
P01787,10.1109/tse.2022.3231621,Learning Approximate Execution Semantics From Traces for Binary Function Similarity,2023,IEEE Transactions on Software Engineering,Institute of Electrical and Electronics Engineers (IEEE),Peer-reviewed journal article,candidate,False
P01788,10.1109/robio58561.2023.10354875,Lightweight Map Storage and Retrieval Method for Autonomous Navigation of UAVs in Large-Scale Cylindrical Spaces,2023,2023 IEEE International Conference on Robotics and Biomimetics (ROBIO),IEEE,Conference paper,candidate,False
P01789,10.1016/j.asr.2022.08.021,"Long-lasting Electromagnetic Ion Cyclotron wave signatures at Indian Antarctic Station, Maitri",2023,Advances in Space Research,Elsevier BV,Peer-reviewed journal article,candidate,False
P01790,10.1109/jsen.2023.3312253,Low-Temperature-Drift Design of Fluxgate Sensors for Geomagnetic Observation Based on the Two-Stage Magnetic Field Adjustment Method,2023,IEEE Sensors Journal,Institute of Electrical and Electronics Engineers (IEEE),Peer-reviewed journal article,candidate,False
P01791,10.1029/2022jd037967,Lower Atmospheric Sources of Observed Thermosphere Medium Scale Traveling Atmospheric Disturbances Over Alaska During the 2012–2013 Winter Months,2023,Journal of Geophysical Research: Atmospheres,American Geophysical Union (AGU),Peer-reviewed journal article,candidate,False
P01792,10.1186/s40623-023-01896-3,Machine learning emulator for physics-based prediction of ionospheric potential response to solar wind variations,2023,"Earth, Planets and Space",Springer Science and Business Media LLC,Peer-reviewed journal article,candidate,False
P01793,10.1029/2023ja031587,Magnetosphere–Ionosphere Drivers of Transient‐Large‐Amplitude Geomagnetic Disturbances: Statistical Analysis and Event Study,2023,Journal of Geophysical Research: Space Physics,American Geophysical Union (AGU),Peer-reviewed journal article,candidate,False
P01794,10.1029/2023ja031589,MANGO: An Optical Network to Study the Dynamics of the Earth's Upper Atmosphere,2023,Journal of Geophysical Research: Space Physics,American Geophysical Union (AGU),Peer-reviewed journal article,candidate,False
P01795,10.1007/s00773-023-00931-y,Mapping and localization for autonomous ship using LiDAR SLAM on the sea,2023,Journal of Marine Science and Technology,Springer Science and Business Media LLC,Peer-reviewed journal article,candidate,False
P01796,10.3390/f14081601,Mapping of Potential Fuel Regions Using Uncrewed Aerial Vehicles for Wildfire Prevention,2023,Forests,MDPI AG,Peer-reviewed journal article,candidate,False
P01797,10.1038/s41598-023-38777-4,Measuring small-scale plasma irregularities in the high-latitude E- and F-regions simultaneously,2023,Scientific Reports,Springer Nature,Peer-reviewed journal article,candidate,False
P01798,10.3389/fspas.2023.1151339,Mesoscale phenomena and their contribution to the global response: a focus on the magnetotail transition region and magnetosphere-ionosphere coupling,2023,Frontiers in Astronomy and Space Sciences,Frontiers Media SA,Peer-reviewed journal article,candidate,False
P01799,10.1016/j.engappai.2023.106939,mmSignature: Semi-supervised human identification system based on millimeter wave radar,2023,Engineering Applications of Artificial Intelligence,Elsevier BV,Peer-reviewed journal article,candidate,False
P01800,10.1117/12.2686586,Mobile robot motion obstacle avoidance control based on improved A* algorithm and artificial potential field algorithm combination,2023,"International Conference on Automation Control, Algorithm, and Intelligent Bionics (ACAIB 2023)",SPIE,Conference paper,candidate,False
P01801,10.1029/2023sw003531,Modeling TEC Irregularities in the Arctic Ionosphere Using Empirical Orthogonal Function Method,2023,Space Weather,American Geophysical Union (AGU),Peer-reviewed journal article,candidate,False
P01802,10.3390/universe9060280,Modeling the Topside Ionosphere Effective Scale Height through In Situ Electron Density Observations by Low-Earth-Orbit Satellites,2023,Universe,MDPI AG,Peer-reviewed journal article,candidate,False
P01803,10.23919/ursigass57860.2023.10265644,"Modelling the Ionospheric Alfvén Resonator Harmonic Frequency Separation at Eskdalemuir, UK",2023,2023 XXXVth General Assembly and Scientific Symposium of the International Union of Radio Science (URSI GASS),IEEE,Conference paper,candidate,False
P01804,10.1109/taes.2022.3218486,Motion Parameters Estimation and HRRP Reconstruction of Maneuvering Weak Target for Wideband Radar Based on SKT-ELVD,2023,IEEE Transactions on Aerospace and Electronic Systems,Institute of Electrical and Electronics Engineers (IEEE),Peer-reviewed journal article,candidate,False
P01805,10.1049/ell2.12759,Motion parameters estimation of manoeuvring weak target with multiple motion stages based on range symmetry transform and short‐time fractional Fourier transform,2023,Electronics Letters,Institution of Engineering and Technology (IET),Peer-reviewed journal article,candidate,False
P01806,10.1029/2022ja031136,Multi‐Instrument Observations of the Effects of a Solar Wind Pressure Pulse on the High Latitude Ionosphere: A Detailed Case Study of a Geomagnetic Sudden Impulse,2023,Journal of Geophysical Research: Space Physics,American Geophysical Union (AGU),Peer-reviewed journal article,candidate,False
P01807,10.1029/2023ja032176,Multi‐Instrument Observations of the Evolution of Polar Cap Patches Associated With Flow Shears and Particle Precipitation,2023,Journal of Geophysical Research: Space Physics,American Geophysical Union (AGU),Peer-reviewed journal article,candidate,False
P01808,10.1029/2023gl103733,Multi‐Scale Ionospheric Poynting Fluxes Using Ground and Space‐Based Observations,2023,Geophysical Research Letters,American Geophysical Union (AGU),Peer-reviewed journal article,candidate,False
P01809,10.1109/icfeict59519.2023.00054,"Multimodal substorm recognition using UVI, SuperDARN and space physical parameters",2023,"2023 3rd International Conference on Frontiers of Electronics, Information and Computation Technologies (ICFEICT)",IEEE,Conference paper,candidate,False
P01810,10.1029/2021ja029823,Multipoint Observations of Dispersive Scale Alfvénic Field‐Line Resonances Associated With Substorm Auroral Beads,2023,Journal of Geophysical Research: Space Physics,American Geophysical Union (AGU),Peer-reviewed journal article,candidate,False
P01811,10.1016/j.cej.2023.144951,Nanomedicine targets endogenous copper ions for disease diagnosis and therapy,2023,Chemical Engineering Journal,Elsevier BV,Peer-reviewed journal article,candidate,False
P01812,10.1029/2022ja031191,Narrow Width Farley‐Buneman Spectra Above 100 km Altitude,2023,Journal of Geophysical Research: Space Physics,American Geophysical Union (AGU),Peer-reviewed journal article,candidate,False
P01813,10.12737/stp-93202314,Natural electromagnetic oscillations in 4–12 Hz frequency range as measured by SWARM satellites and CARISMA magnetometer network,2023,Solar-Terrestrial Physics,Infra-M Academic Publishing House,Peer-reviewed journal article,candidate,False
P01814,10.1186/s40623-023-01930-4,New aspects of the upper atmospheric disturbances caused by the explosive eruption of the 2022 Hunga Tonga–Hunga Ha’apai volcano,2023,"Earth, Planets and Space",Springer Nature,Peer-reviewed journal article,candidate,False
P01815,10.1029/2022gl101205,New Insight Into the Transition From a SAR Arc to STEVE,2023,Geophysical Research Letters,American Geophysical Union (AGU),Peer-reviewed journal article,candidate,False
P01816,10.3389/fspas.2023.1186513,Next-decade needs for 3-D ionosphere imaging,2023,Frontiers in Astronomy and Space Sciences,Frontiers Media SA,Peer-reviewed journal article,candidate,False
P01817,10.1029/2023ja031402,Nightside High‐Latitude Phase and Amplitude Scintillation During a Substorm Using 1‐Second Scintillation Indices,2023,Journal of Geophysical Research: Space Physics,American Geophysical Union (AGU),Peer-reviewed journal article,candidate,False
P01818,10.23919/ursigass57860.2023.10265510,Nonlinear Wave Growth Analysis of Chorus Emissions modulated by field line resonance and mirror-mode ULF waves,2023,2023 XXXVth General Assembly and Scientific Symposium of the International Union of Radio Science (URSI GASS),IEEE,Conference paper,candidate,False
P01819,10.1029/2023ja031464,Northern and Southern Hemisphere Polar Cap Indices: To What Extent Do They Agree and to What Extent Should They Agree?,2023,Journal of Geophysical Research: Space Physics,American Geophysical Union (AGU),Peer-reviewed journal article,candidate,False
P01820,10.1029/2022jd037841,Observational and Model Impact of Tonga Volcano Eruption on Schumann Resonance,2023,Journal of Geophysical Research: Atmospheres,American Geophysical Union (AGU),Peer-reviewed journal article,candidate,False
P01821,10.1051/swsc/2023025,Observational evidence of thermospheric wind and composition changes and the resulting ionospheric disturbances in the European sector during extreme geomagnetic storms,2023,Journal of Space Weather and Space Climate,EDP Sciences,Peer-reviewed journal article,candidate,False
P01822,10.1029/2023gl103856,Observations of 4.26 μm CO<sub>2</sub> Auroral Emissions From AIRS Nadir Sounder Measurements,2023,Geophysical Research Letters,American Geophysical Union (AGU),Peer-reviewed journal article,candidate,False
P01823,10.1029/2023rs007833,Observations of ULF Pulsations During TRINNI Events,2023,Radio Science,American Geophysical Union (AGU),Peer-reviewed journal article,candidate,False
P01824,10.1029/2022ja030548,Occurrence Rates of Electromagnetic Ion Cyclotron (EMIC) Waves With Rising Tones in the Van Allen Probes Data Set,2023,Journal of Geophysical Research: Space Physics,American Geophysical Union (AGU),Peer-reviewed journal article,candidate,False
P01825,10.1029/2023ja031739,"On the Creation, Depletion, and End of Life of Polar Cap Patches",2023,Journal of Geophysical Research: Space Physics,American Geophysical Union (AGU),Peer-reviewed journal article,candidate,False
P01826,10.1016/j.asr.2023.04.014,"On the low-latitude NeQuick topside ionosphere mismodelling: The role of parameters H0, g, and r",2023,Advances in Space Research,Elsevier BV,Peer-reviewed journal article,candidate,False
P01827,10.24930/1681-9004-2023-23-1-117-132,"On the nature, composition and gas content of epigenetic mineralization in the salt column of the Verkhnekamskoe deposit (on the example of the Usolsky mine)",2023,LITHOSPHERE (Russia),IGG UB RAS,Peer-reviewed journal article,candidate,False
P01828,10.33275/1727-7485.1.2023.705,On the performance of CARISMA – Akademik Vernadsky station Schumann resonance monitoring,2023,Ukrainian Antarctic Journal,"State Institution National Antarctic Scientific Center, Ministry of Education and Science of Ukraine",Peer-reviewed journal article,candidate,False
P01829,10.3390/rs15164048,Optimal Estimation Inversion of Ionospheric Electron Density from GNSS-POD Limb Measurements: Part II-Validation and Comparison Using NmF2 and hmF2,2023,Remote Sensing,MDPI AG,Peer-reviewed journal article,candidate,False
P01830,10.3390/automation4020009,Optimization of 3D Tolerance Design Based on Cost–Quality–Sensitivity Analysis to the Deviation Domain,2023,Automation,MDPI AG,Peer-reviewed journal article,candidate,False
P01831,10.3390/atmos14121810,"Oscillations of GW Activities in the MLT Region over Mid-Low-Latitude Area, Kunming Station (25.6° N, 103.8° E)",2023,Atmosphere,MDPI AG,Peer-reviewed journal article,candidate,False
P01832,10.1109/radar54928.2023.10371117,Over-The-Horizon Radar Frequency Management System using the Assimilation Canadian High Arctic Ionospheric Model (A-CHAIM),2023,2023 IEEE International Radar Conference (RADAR),IEEE,Conference paper,candidate,False
P01833,10.1029/2023ja031335,Parametric Dependence of Topside Ionospheric Empirical Scale Height and Electron Density Profiles in NeQuick2 Model Over the Equatorial and Low Latitudes and Its Consequences on the Estimation of TEC,2023,Journal of Geophysical Research: Space Physics,American Geophysical Union (AGU),Peer-reviewed journal article,candidate,False
P01834,10.1016/j.asr.2023.04.048,"Performance evaluation of IRI, IRI Plas and SAMI2 during the consecutive prolonged solar minimum of cycles 23 and 24 around 100°E",2023,Advances in Space Research,Elsevier BV,Peer-reviewed journal article,candidate,False
P01835,10.33012/navi.573,Performance of GNSS-SDR for IRNSS L5 Signals Using a Low-Cost RF Front-End,2023,NAVIGATION: Journal of the Institute of Navigation,Institute of Navigation,Peer-reviewed journal article,candidate,False
P01836,10.5140/jass.2023.40.3.101,"Polar Mesospheric Summer Echo Characteristics in Magnetic Local Time
                    and Height Profiles",2023,Journal of Astronomy and Space Sciences,The Korean Space Science Society,Peer-reviewed journal article,candidate,False
P01837,10.4271/2023-01-0051,Projecting Lane Lines from Proxy High-Definition Maps for Automated Vehicle Perception in Road Occlusion Scenarios,2023,SAE Technical Paper Series,SAE International,Conference paper,candidate,False
P01838,10.1029/2023ja031399,Prompt Appearance of Large‐Amplitude EMIC Waves Induced by Solar Wind Dynamic Pressure Enhancement and the Subsequent Relativistic Electron Precipitation,2023,Journal of Geophysical Research: Space Physics,American Geophysical Union (AGU),Peer-reviewed journal article,candidate,False
P01839,10.3389/fspas.2023.1138616,Quantifying the global solar wind-magnetosphere interaction with the Solar-Terrestrial Observer for the Response of the Magnetosphere (STORM) mission concept,2023,Frontiers in Astronomy and Space Sciences,Frontiers Media,Peer-reviewed journal article,candidate,False
P01840,10.1029/2022ja031103,Quasiperiodic ELF/VLF Emissions Associated With Corresponding Pulsations of the Geomagnetic Field,2023,Journal of Geophysical Research: Space Physics,American Geophysical Union (AGU),Peer-reviewed journal article,candidate,False
P01841,10.3847/1538-4365/acff6a,"Radial Transport in the Earth’s Radiation Belts: Linear, Quasi-linear, and Higher-order Processes",2023,The Astrophysical Journal Supplement Series,American Astronomical Society,Peer-reviewed journal article,candidate,False
P01842,10.11159/icepr23.118,Rasterization Of Mountain Weather Temperature Data Using Spatial Statistical Methods,2023,World Congress on New Technologies,Avestia Publishing,Conference paper,candidate,False
P01843,10.3389/fspas.2023.1189298,RCM modeling of bubble injections into the inner magnetosphere: geosynchronous orbit and the ionospheric responses,2023,Frontiers in Astronomy and Space Sciences,Frontiers Media SA,Peer-reviewed journal article,candidate,False
P01844,10.1109/jsyst.2022.3162926,Reduction of LiDAR Point Cloud Maps for Localization of Resource-Constrained Robotic Systems,2023,IEEE Systems Journal,Institute of Electrical and Electronics Engineers (IEEE),Peer-reviewed journal article,candidate,False
P01845,10.1109/icaica58456.2023.10405468,Research on Logistics Cold Chain System Based on Computer 3D Intelligent Electrical Remote Control,2023,2023 5th International Conference on Artificial Intelligence and Computer Applications (ICAICA),IEEE,Conference paper,candidate,False
P01846,10.3390/rs15092284,Sea Surface Moving Target Detection Using a Modified Keystone Transform on Wideband Radar Data,2023,Remote Sensing,MDPI AG,Peer-reviewed journal article,candidate,False
P01847,10.1029/2023ja031885,Separating Contributions to Plasma Vorticity in the High‐Latitude Ionosphere From Large‐Scale Convection and Meso‐Scale Turbulence,2023,Journal of Geophysical Research: Space Physics,American Geophysical Union (AGU),Peer-reviewed journal article,candidate,False
P01848,10.1016/j.cirpj.2022.11.007,Solving multi-objective inverse problems of chained manufacturing processes,2023,CIRP Journal of Manufacturing Science and Technology,Elsevier BV,Peer-reviewed journal article,candidate,False
P01849,10.1186/s40645-023-00585-9,Space and atmospheric physics on Svalbard: a case for continued incoherent scatter radar measurements under the cusp and in the polar cap boundary region,2023,Progress in Earth and Planetary Science,Springer Nature,Peer-reviewed journal article,candidate,False
P01850,10.1109/tps.2022.3208906,Space Plasma Physics: A Review,2023,IEEE Transactions on Plasma Science,Institute of Electrical and Electronics Engineers (IEEE),Peer-reviewed journal article,candidate,False
P01851,10.1029/2023ja031479,"Spatio‐Temporal Characteristics of IPDP‐Type EMIC Waves on April 19, 2017: Implications for Loss of Relativistic Electrons in the Outer Belt",2023,Journal of Geophysical Research: Space Physics,American Geophysical Union (AGU),Peer-reviewed journal article,candidate,False
P01852,10.3390/atmos14020335,Spatiotemporal Evolution and Drivers of the Four Ionospheric Storms over the American Sector during the August 2018 Geomagnetic Storm,2023,Atmosphere,MDPI,Peer-reviewed journal article,candidate,False
P01853,10.1029/2022ja031244,Spectral Characteristics of Phase Fluctuations at High Latitude,2023,Journal of Geophysical Research: Space Physics,American Geophysical Union (AGU),Peer-reviewed journal article,candidate,False
P01854,10.1029/2022rs007634,Statistical Characteristics of Mid‐Latitude Ionospheric F‐Region Backscatter Observed by the SuperDARN Jiamusi Radar,2023,Radio Science,American Geophysical Union (AGU),Peer-reviewed journal article,candidate,False
P01855,10.1029/2022ja031131,Statistical Study of EMIC Waves and Related Proton Distributions Observed by the Arase Satellite,2023,Journal of Geophysical Research: Space Physics,American Geophysical Union (AGU),Peer-reviewed journal article,candidate,False
P01856,10.1029/2022ja031115,Storm Time Electrified MSTIDs Observed Over Mid‐Latitude North America,2023,Journal of Geophysical Research: Space Physics,American Geophysical Union (AGU),Peer-reviewed journal article,candidate,False
P01857,10.1029/2023ja031465,Storm‐Time Subauroral Ionospheric Plasma Density Irregularities and the Substorm Current Wedge,2023,Journal of Geophysical Research: Space Physics,American Geophysical Union (AGU),Peer-reviewed journal article,candidate,False
P01858,10.1007/s10509-023-04259-2,Study of the ionospheric responses over African and Asian longitudes to the intense geomagnetic storm of August 2018,2023,Astrophysics and Space Science,Springer Nature,Peer-reviewed journal article,candidate,False
P01859,10.1117/12.2690977,Study of the spectral composition of waves in the lower ionospheric layers according to the data of the SuperDARN and SEKIRA radars using the ARIMA model,2023,29th International Symposium on Atmospheric and Ocean Optics: Atmospheric Physics,SPIE,Conference paper,candidate,False
P01860,10.3390/atmos14040714,Study on the Hemispheric Asymmetry of Thermospheric Density Based on In-Situ Measurements from APOD Satellite,2023,Atmosphere,MDPI,Peer-reviewed journal article,candidate,False
P01861,10.1029/2022ja030966,Sub‐Auroral Flows and Associated Magnetospheric and Ionospheric Phenomena Developed During 7–8 September 2017,2023,Journal of Geophysical Research: Space Physics,American Geophysical Union (AGU),Peer-reviewed journal article,candidate,False
P01862,10.1029/2022ja031099,Substorm Influences on Plasma Pressure and Current Densities Inside the Geosynchronous Orbit,2023,Journal of Geophysical Research: Space Physics,American Geophysical Union (AGU),Peer-reviewed journal article,candidate,False
P01863,10.1029/2022ja031101,SuperDARN Observations of the Two Component Model of Ionospheric Convection,2023,Journal of Geophysical Research: Space Physics,American Geophysical Union (AGU),Peer-reviewed journal article,candidate,False
P01864,10.1029/2022ja031233,"The Distribution of Small‐Scale Irregularities in the E‐Region, and Its Tendency to Match the Spectrum of Field‐Aligned Current Structures in the F‐Region",2023,Journal of Geophysical Research: Space Physics,American Geophysical Union (AGU),Peer-reviewed journal article,candidate,False
P01865,10.1051/swsc/2023019,The effects of estimating a photoionization parameter within a physics-based model using data assimilation,2023,Journal of Space Weather and Space Climate,EDP Sciences,Peer-reviewed journal article,candidate,False
P01866,10.1029/2023ja031510,The Equatorward Boundary of the Auroral Current System During Magnetic Storms,2023,Journal of Geophysical Research: Space Physics,American Geophysical Union (AGU),Peer-reviewed journal article,candidate,False
P01867,10.1038/s41598-023-39535-2,The influence of permeability and heterogeneity on chemical flooding efficiency and remaining oil distribution—based on NMR displacement imaging,2023,Scientific Reports,Springer Science and Business Media LLC,Peer-reviewed journal article,candidate,False
P01868,,"THE STUDY OF CHANGES IN H+ ION CONCENTRATION CONSTITUTING THE AURORAL FORMATION IN MARS USING EMM, MAVEN & THEMIS",2023,"Proceedings of the International Astronautical Congress, IAC","International Astronautical Federation, IAF",Conference paper,candidate,False
P01869,10.1029/2022ja031197,Thermal Electron Heat Fluxes Associated With Precipitated Auroral Electrons During the Saint Patrick's Days 2013 and 2015 Geomagnetic Storms,2023,Journal of Geophysical Research: Space Physics,American Geophysical Union (AGU),Peer-reviewed journal article,candidate,False
P01870,10.5194/angeo-41-483-2023,Three principal components describe the spatiotemporal development of mesoscale ionospheric equivalent currents around substorm onsets,2023,Annales Geophysicae,Copernicus Publications,Peer-reviewed journal article,candidate,False
P01871,10.1029/2023ja031491,Time Lags Between Ionospheric Scintillation Detection at Northern Auroral Latitudes and Onset of Geomagnetic Storms,2023,Journal of Geophysical Research: Space Physics,American Geophysical Union (AGU),Peer-reviewed journal article,candidate,False
P01872,10.1029/2023sw003501,Topside Electron Density Modeling Using Neural Network and Empirical Model Predictions,2023,Space Weather,American Geophysical Union (AGU),Peer-reviewed journal article,candidate,False
P01873,10.1109/access.2023.3286310,Toward Precise Ambiguity-Aware Cross-Modality Global Self-Localization,2023,IEEE Access,Institute of Electrical and Electronics Engineers (IEEE),Peer-reviewed journal article,candidate,False
P01874,10.1109/icl-gnss57829.2023.10148916,Towards Benchmarking GNSS Algorithms on FPGA using SyDR,2023,2023 International Conference on Localization and GNSS (ICL-GNSS),IEEE,Conference paper,candidate,False
P01875,10.1029/2022ja030565,Transient Response of Polar‐Cusp Ionosphere to an Interplanetary Shock,2023,Journal of Geophysical Research: Space Physics,American Geophysical Union (AGU),Peer-reviewed journal article,candidate,False
P01876,10.1029/2023ja031408,Traveling Ionospheric Disturbances Induced by the Secondary Gravity Waves From the Tonga Eruption on 15 January 2022: Modeling With MESORAC‐HIAMCM‐SAMI3 and Comparison With GPS/TEC and Ionosonde Data,2023,Journal of Geophysical Research: Space Physics,American Geophysical Union (AGU),Peer-reviewed journal article,candidate,False
P01877,10.1029/2022ja030934,Turbulence Signatures in High‐Latitude Ionospheric Scintillation,2023,Journal of Geophysical Research: Space Physics,American Geophysical Union (AGU),Peer-reviewed journal article,candidate,False
P01878,10.1029/2023sw003553,Two‐Line Elements Based Thermospheric Mass Density Specification From Parameter Optimization of a Physics‐Based Model,2023,Space Weather,American Geophysical Union (AGU),Peer-reviewed journal article,candidate,False
P01879,10.1029/2023ja031712,Understanding Quiet and Storm Time EMIC Waves—Van Allen Probes Results,2023,Journal of Geophysical Research: Space Physics,American Geophysical Union (AGU),Peer-reviewed journal article,candidate,False
P01880,10.1029/2022sw003308,Understanding Strong Neutral Vertical Winds and Ionospheric Responses to the 2015 St. Patrick's Day Storm Using TIEGCM Driven by Data‐Assimilated Aurora and Electric Fields,2023,Space Weather,American Geophysical Union (AGU),Peer-reviewed journal article,candidate,False
P01881,10.3389/fspas.2023.1087974,Unsolved problems in Strong Thermal Emission Velocity Enhancement (STEVE) and the picket fence,2023,Frontiers in Astronomy and Space Sciences,Frontiers Media,Peer-reviewed journal article,candidate,False
P01882,10.3389/fspas.2023.1147531,"Unsolved problems: Mesoscale polar cap flow channels’ structure, propagation, and effects on space weather disturbances",2023,Frontiers in Astronomy and Space Sciences,Frontiers Media SA,Peer-reviewed journal article,candidate,False
P01883,10.3390/rs15071846,Validation of Swarm Langmuir Probes by Incoherent Scatter Radars at High Latitudes,2023,Remote Sensing,MDPI,Peer-reviewed journal article,candidate,False
P01884,10.1029/2022ja031069,Wavelike Oscillations in High Latitude Thermospheric Doppler Temperature and Line‐Of‐Sight Wind Observed Using All‐Sky Imaging Fabry‐Perot Spectrometers,2023,Journal of Geophysical Research: Space Physics,American Geophysical Union (AGU),Peer-reviewed journal article,candidate,False
P01885,10.1029/2022sw003392,What to Do When the F10.7 Goes Out?,2023,Space Weather,American Geophysical Union (AGU),Peer-reviewed journal article,candidate,False
P01886,10.1029/2023sw003792,3‐D Ionospheric Imaging Over the South American Region With a New TEC‐Based Ionospheric Data Assimilation System (TIDAS‐SA),2024,Space Weather,American Geophysical Union (AGU),Peer-reviewed journal article,candidate,False
P01887,10.1029/2024ja033091,A Complete Chain of the Generating Processes of Ionospheric Negative Storm Over the North America,2024,Journal of Geophysical Research: Space Physics,American Geophysical Union (AGU),Peer-reviewed journal article,candidate,False
P01888,10.1109/tgrs.2024.3455254,A Multi-Parameter Global Electron Density Model (GEDM) From GNSS Radio Occultation Data,2024,IEEE Transactions on Geoscience and Remote Sensing,Institute of Electrical and Electronics Engineers (IEEE),Peer-reviewed journal article,candidate,False
P01889,10.1109/tiv.2024.3360321,A New Horizon: Employing Map Clustering Similarity for LiDAR-Based Place Recognition,2024,IEEE Transactions on Intelligent Vehicles,Institute of Electrical and Electronics Engineers (IEEE),Peer-reviewed journal article,candidate,False
P01890,10.1029/2024ja032884,A New Proton‐Hydrogen‐Electron Transport Model for Simulating Optical Emissions From Proton Aurora and Comparison With Ground Observations,2024,Journal of Geophysical Research: Space Physics,American Geophysical Union (AGU),Peer-reviewed journal article,candidate,False
P01891,10.46620/ursi_rsrc24/1157xye7608,A Novel Approach to Global Ionosphere Delay Estimation with Constrained Optimization,2024,Proceedings of the 6th URSI Regional Conference on Radio Science – RCRS 2024,URSI – International Union of Radio Science,Conference paper,candidate,False
P01892,10.1016/j.measurement.2024.114579,A novel detector for range-spread target detection based on HRRP-pursuing,2024,Measurement,Elsevier BV,Peer-reviewed journal article,candidate,False
P01893,10.1029/2024ja032599,A Quantitative Analysis of the Uncertainties on Reconnection Electric Field Estimates Using Ionospheric Measurements,2024,Journal of Geophysical Research: Space Physics,American Geophysical Union (AGU),Peer-reviewed journal article,candidate,False
P01894,10.1029/2023ja032082,A Statistical Examination of the Spatial Correlations of HF Ionospheric Absorption Signatures Using the GO‐Canada Riometer Network,2024,Journal of Geophysical Research: Space Physics,American Geophysical Union (AGU),Peer-reviewed journal article,candidate,False
P01895,10.1029/2023ja032360,A Statistical Survey of E‐Region Anomalous Electron Heating Using Poker Flat Incoherent Scatter Radar Observations,2024,Journal of Geophysical Research: Space Physics,American Geophysical Union (AGU),Peer-reviewed journal article,candidate,False
P01896,10.1029/2023gl106860,A Triggering Process for Nonlinear EMIC Waves Driven by the Compression of the Dayside Magnetosphere,2024,Geophysical Research Letters,American Geophysical Union (AGU),Peer-reviewed journal article,candidate,False
P01897,10.1109/eftf61992.2024.10722761,Absolute Calibration of GPS Time Transfer System at NTSC,2024,2024 European Frequency and Time Forum (EFTF),IEEE,Conference paper,candidate,False
P01898,10.11947/j.agcs.2024.20230253,Accuracy assessment of ionospheric scintillation monitoring in high-latitude regions of the northern hemisphere utilizing geodetic GNSS receivers based on ROTI and AATR; [基于ROTI和AATR 的测地型GNSS接收机监测北半球高纬度区域电离 层闪烁准确性分析],2024,Cehui Xuebao/Acta Geodaetica et Cartographica Sinica,SinoMaps Press,Peer-reviewed journal article,candidate,False
P01899,10.7780/kjrs.2024.40.3.3,Accuracy Assessment of Precipitation Products from GPM IMERG and CAPPI Ground Radar over South Korea,2024,Korean Journal of Remote Sensing,Korean Society of Remote Sensing,Peer-reviewed journal article,candidate,False
P01900,10.4271/2024-28-0031,Advanced Driver Assistance Systems Camera System Validation Using Open-Source Maps Data,2024,SAE Technical Paper Series,SAE International,Conference paper,candidate,False
P01901,10.1029/2022rs007632,An Assessment of HF Radio Wave Propagation in Antarctica for a Radio Link Between McMurdo and South Pole Station,2024,Radio Science,American Geophysical Union (AGU),Peer-reviewed journal article,candidate,False
P01902,10.3390/atmos15040498,An Update of the NeQuick-Corr Topside Ionosphere Modeling Based on New Datasets,2024,Atmosphere,MDPI AG,Peer-reviewed journal article,candidate,False
P01903,10.1016/j.asr.2024.04.052,Analyzing the spatial variation characteristics of grid TEC using long-term GIM data,2024,Advances in Space Research,Elsevier BV,Peer-reviewed journal article,candidate,False
P01904,10.1029/2023sw003803,ANCHOR: Global Parametrized Ionospheric Data Assimilation,2024,Space Weather,American Geophysical Union (AGU),Peer-reviewed journal article,candidate,False
P01905,10.11728/cjss2024.05.2023-0136,Application of Deep Clustering Algorithm in Target Echo Classification of SuperDARN Radar,2024,Chinese Journal of Space Science,"National Space Science Center, Chinese Academy of Sciences",Peer-reviewed journal article,candidate,False
P01906,10.1109/lgrs.2024.3487008,Application of PCA and Unsupervised Deep Learning in Bird and Drone Discrimination Based on FMCW Radar Measurements,2024,IEEE Geoscience and Remote Sensing Letters,Institute of Electrical and Electronics Engineers (IEEE),Peer-reviewed journal article,candidate,False
P01907,10.1029/2023rs007900,Application of Wide‐Beam Transmission for Advanced Operations of SuperDARN Borealis Radars in Monostatic and Multistatic Modes,2024,Radio Science,American Geophysical Union (AGU),Peer-reviewed journal article,candidate,False
P01908,10.1145/3626772.3657835,Are We Really Achieving Better Beyond-Accuracy Performance in Next Basket Recommendation?,2024,Proceedings of the 47th International ACM SIGIR Conference on Research and Development in Information Retrieval,ACM,Conference paper,candidate,False
P01909,10.1029/2023ja032402,"Assessment of Polar Ionospheric Observations by VIPIR/Dynasonde at Jang Bogo Station, Antarctica: 2. Ionospheric Ion Drift Velocity",2024,Journal of Geophysical Research: Space Physics,American Geophysical Union (AGU),Peer-reviewed journal article,candidate,False
P01910,10.1029/2024ja032595,Association of High‐Latitude Geomagnetic Perturbations and Pi1 and Pi2 Pulsations With the Three Steps of Auroral Onset Arc Development at Substorm Onset,2024,Journal of Geophysical Research: Space Physics,American Geophysical Union (AGU),Peer-reviewed journal article,candidate,False
P01911,10.1038/s41467-024-55081-5,Association of structured continuum emission with dynamic aurora,2024,Nature Communications,Springer Nature,Peer-reviewed journal article,candidate,False
P01912,10.1029/2024ja032485,Atmospheric and Ionospheric Responses to Orographic Gravity Waves Prior to the December 2022 Cold Air Outbreak,2024,Journal of Geophysical Research: Space Physics,American Geophysical Union (AGU),Peer-reviewed journal article,candidate,False
P01913,10.1029/2024ja032941,Auroral and Magnetotail Dynamics During Quiet‐Time STEVE and SAID,2024,Journal of Geophysical Research: Space Physics,American Geophysical Union (AGU),Peer-reviewed journal article,candidate,False
P01914,10.1029/2024ja032904,Auroral Bead Propagation: Explanation Based on the Conservation of Vorticity,2024,Journal of Geophysical Research: Space Physics,American Geophysical Union (AGU),Peer-reviewed journal article,candidate,False
P01915,10.1029/2023ja032002,Auroral Characteristics Related to AU&amp;AL Indices,2024,Journal of Geophysical Research: Space Physics,American Geophysical Union (AGU),Peer-reviewed journal article,candidate,False
P01916,10.1109/array58370.2024.10880417,Bistatic High-Frequency Coherent Radar Imaging of Ionospheric Disturbances,2024,2024 IEEE International Symposium on Phased Array Systems and Technology (ARRAY),IEEE,Conference paper,candidate,False
P01917,10.1029/2023sw003683,Calculating the High‐Latitude Ionospheric Electrodynamics Using a Machine Learning‐Based Field‐Aligned Current Model,2024,Space Weather,American Geophysical Union (AGU),Peer-reviewed journal article,candidate,False
P01918,10.1109/tgrs.2024.3492254,Carbon Monoxide Anomalies for the 2013 Mw =6.7 Lushan Earthquake Using MSSA-RST Approach,2024,IEEE Transactions on Geoscience and Remote Sensing,Institute of Electrical and Electronics Engineers (IEEE),Peer-reviewed journal article,candidate,False
P01919,10.1029/2023ja032088,Characterization of Magnetic Flux Contents for Two Flux Transfer Events From Both In Situ and Ionospheric Observations,2024,Journal of Geophysical Research: Space Physics,American Geophysical Union (AGU),Peer-reviewed journal article,candidate,False
P01920,10.1029/2023rs007658,Characterizing Plasma Peak Density Thickness in the Ionosphere: A Single‐Site Multi‐Instrument Study,2024,Radio Science,American Geophysical Union (AGU),Peer-reviewed journal article,candidate,False
P01921,10.1029/2024sw003972,China's Ground‐Based Space Environment Monitoring Network—Chinese Meridian Project (CMP),2024,Space Weather,American Geophysical Union (AGU),Peer-reviewed journal article,candidate,False
P01922,10.1051/swsc/2024026,Comparison of geomagnetic storm and non-storm periods mid-latitude Pc1 pulsations characteristics,2024,Journal of Space Weather and Space Climate,EDP Sciences,Peer-reviewed journal article,candidate,False
P01923,10.12737/szf-103202413,Comparison of modeling of the polar cap absorption effect with observations at the AARI ground-based network,2024,Solnechno-Zemnaya Fizika,Infra-M Academic Publishing House,Peer-reviewed journal article,candidate,False
P01924,10.13679/j.jdyj.20220304,Comparison of polar region ionospheric NmF2 observations with the International Reference Ionosphere; [极区电离层 NmF2 观测与国际参考电离层对比研究],2024,Chinese Journal of Polar Research,Editorial Office of Polar Research,Peer-reviewed journal article,candidate,False
P01925,10.1088/2058-6272/ad3c6d,Conceptual design of the tail research experiment at the Space Plasma Environment Research Facility (SPERF-TREX),2024,Plasma Science and Technology,IOP Publishing,Peer-reviewed journal article,candidate,False
P01926,10.1109/tgrs.2024.3454154,Construction and Application of Global Middle- and Low-Latitude Bottomside Electron Density Profile Model Based on Multisource Satellite Geodetic Data and International Reference Ionosphere Model,2024,IEEE Transactions on Geoscience and Remote Sensing,Institute of Electrical and Electronics Engineers (IEEE),Peer-reviewed journal article,candidate,False
P01927,10.26464/epp2023063,Converting TREx-RGB green-channel data to 557.7 nm auroral intensity: Methodology and initial results,2024,Earth and Planetary Physics,Earth and Planetary Physics,Peer-reviewed journal article,candidate,False
P01928,10.3997/2214-4609.202420114,Correcting Canopy Effect for HEM Resistivity Using DEM: an Example of Quick-Clay Mapping from Norway,2024,"NSG 2024 4th Conference on Airborne, Drone and Robotic Geophysics",European Association of Geoscientists & Engineers,Conference paper,candidate,False
P01929,10.1016/j.polar.2022.100807,"Corrigendum to “The digital beam forming technique in AgileDARN high-frequency radar”[Polar Sci, 28(2020) 100595, Special Issue on ""SuperDARN/ studies of geospace dynamics - Today and future""]",2024,Polar Science,Elsevier BV,Peer-reviewed journal article,candidate,False
P01930,10.1186/s43020-024-00135-8,Crowdsourcing RTK: a new GNSS positioning framework for building spatial high-resolution atmospheric maps based on massive vehicle GNSS data,2024,Satellite Navigation,Springer Science and Business Media LLC,Peer-reviewed journal article,candidate,False
P01931,10.3389/fspas.2024.1430099,Crucial future observations and directions for unveiling magnetopause dynamics and their geospace impacts,2024,Frontiers in Astronomy and Space Sciences,Frontiers Media,Peer-reviewed journal article,candidate,False
P01932,10.1117/12.3037212,Cyprus radar for ionospheric situational awareness,2024,Tenth International Conference on Remote Sensing and Geoinformation of the Environment (RSCy2024),SPIE,Conference paper,candidate,False
P01933,10.1029/2024sw003933,Data Assimilation of Ion Drift Measurements for Estimation of Ionospheric Plasma Drivers,2024,Space Weather,American Geophysical Union (AGU),Peer-reviewed journal article,candidate,False
P01934,10.1029/2024ja033060,Deriving the Ionospheric Electric Field From the Bulk Motion of Radar Aurora in the E‐Region,2024,Journal of Geophysical Research: Space Physics,American Geophysical Union (AGU),Peer-reviewed journal article,candidate,False
P01935,10.1109/iconat61936.2024.10775280,Design Challenges and Guidelines for Power Supply Module for Subsystem of Radar Systems,2024,2024 3rd International Conference for Advancement in Technology (ICONAT),IEEE,Conference paper,candidate,False
P01936,10.1109/apwcs61586.2024.10679299,Design in Optoelectronic Oscillator Integrated on Vibration Sensor of GPS Drone,2024,2024 IEEE VTS Asia Pacific Wireless Communications Symposium (APWCS),IEEE,Conference paper,candidate,False
P01937,10.4401/ag-9145,Development and Improvement of the International Reference Ionosphere with special emphasis on the topside and extension to the plasmasphere,2024,Annals of Geophysics,"Instituto Nazionale di Geofisica e Vulcanologia, INGV",Peer-reviewed journal article,candidate,False
P01938,10.1029/2024sw004131,Development of the Chinese Dual Auroral Radar Network and Preliminary Results,2024,Space Weather,American Geophysical Union (AGU),Peer-reviewed journal article,candidate,False
P01939,10.1029/2024sw004037,Development of the Ionospheric E‐Region Prompt Radio Occultation Based Electron Density (E‐PROBED) Model,2024,Space Weather,American Geophysical Union (AGU),Peer-reviewed journal article,candidate,False
P01940,10.1029/2024ja032728,Diamond Experiment In the MagnetOSphere (DEIMOS): A Collisionless Shocks and Solar Wind Mission Concept for the Lunar Gateway,2024,Journal of Geophysical Research: Space Physics,American Geophysical Union (AGU),Peer-reviewed journal article,candidate,False
P01941,10.1029/2024ja032927,Different Origin Field‐Aligned Currents and Their Relationship With Auroral Intensity,2024,Journal of Geophysical Research: Space Physics,American Geophysical Union (AGU),Peer-reviewed journal article,candidate,False
P01942,10.1029/2024ja032798,Differential Delay of Ordinary and Extraordinary Modes of Transionospheric Radio Waves,2024,Journal of Geophysical Research: Space Physics,American Geophysical Union (AGU),Peer-reviewed journal article,candidate,False
P01943,10.5194/angeo-42-229-2024,Does high-latitude ionospheric electrodynamics exhibit hemispheric mirror symmetry?,2024,Annales Geophysicae,Copernicus GmbH,Peer-reviewed journal article,candidate,False
P01944,10.1371/journal.pone.0310969,Does spastic myopathy determine active movement and ambulation speed in chronic spastic paresis?—A cross-sectional study on plantar flexors,2024,PLOS ONE,Public Library of Science (PLoS),Peer-reviewed journal article,candidate,False
P01945,10.1029/2023ja031964,DOI only: 10.1029/2023ja031964,2024,Journal of Geophysical Research: Space Physics,John Wiley and Sons Inc,Unknown,candidate,False
P01946,10.11947/j.agcs.2024.20230323,DOI only: 10.11947/j.agcs.2024.20230323,2024,Cehui Xuebao/Acta Geodaetica et Cartographica Sinica,SinoMaps Press,Unknown,candidate,False
P01947,10.1021/acsomega.3c03083,"Effect of Polyvinylpyrrolidone on the Structure Development, Electrical, Thermal, and Wetting Properties of Polyvinylidene Fluoride-Expanded Graphite Nanocomposites",2024,ACS Omega,American Chemical Society (ACS),Peer-reviewed journal article,candidate,False
P01948,10.1364/oe.519603,Enhancement of terahertz fields in LiTaO<sub>3</sub> waveguides using a conical pulse front,2024,Optics Express,Optica Publishing Group,Peer-reviewed journal article,candidate,False
P01949,10.1029/2024ja032708,Estimation of Ionospheric Field‐Aligned Currents Using SuperDARN Radar and DMSP Observations,2024,Journal of Geophysical Research: Space Physics,American Geophysical Union (AGU),Peer-reviewed journal article,candidate,False
P01950,10.1016/j.jastp.2024.106196,Evaluation of dB/dt amplitudes and sources over the Brazilian region during geomagnetic storms in the 2021–2022 biennium,2024,Journal of Atmospheric and Solar-Terrestrial Physics,Elsevier,Peer-reviewed journal article,candidate,False
P01951,10.23919/usnc-ursinrsm60317.2024.10464599,Evolution of Artificial Ionospheric Irregularities: Dependence on HAARP Beam Pattern,2024,2024 United States National Committee of URSI National Radio Science Meeting (USNC-URSI NRSM),IEEE,Conference paper,candidate,False
P01952,10.1029/2023gl105660,Evolution of Energetic Proton Parallel Pressure Anisotropy at Geosynchronous Altitudes: Potential Role in Triggering Substorm Expansion Phase Onset,2024,Geophysical Research Letters,American Geophysical Union (AGU),Peer-reviewed journal article,candidate,False
P01953,10.1029/2023ja031654,Evolving Phase Propagation in an Intermediate‐<i>m</i> ULF Wave Driven by Substorm‐Injected Particles,2024,Journal of Geophysical Research: Space Physics,American Geophysical Union (AGU),Peer-reviewed journal article,candidate,False
P01954,10.1016/j.jastp.2024.106266,Exploring ionospheric plasma density trends in the Indian equatorial crest region under varying solar activity conditions,2024,Journal of Atmospheric and Solar-Terrestrial Physics,Elsevier BV,Peer-reviewed journal article,candidate,False
P01955,10.3389/fspas.2024.1422164,Exploring the relationship between STEVE and SAID during three events observed by SuperDARN,2024,Frontiers in Astronomy and Space Sciences,Frontiers Media,Peer-reviewed journal article,candidate,False
P01956,10.1029/2023ja031643,Extreme Geomagnetic Disturbances (GMDs) Observed in Eastern Arctic Canada: Occurrence Characteristics and Solar Cycle Dependence,2024,Journal of Geophysical Research: Space Physics,American Geophysical Union (AGU),Peer-reviewed journal article,candidate,False
P01957,10.1186/s40623-024-02109-1,Formation of a magnetic duct by the compressional component of ULF oscillation: a ray tracing study of whistler-mode wave propagation,2024,"Earth, Planets and Space",Springer Science and Business Media LLC,Peer-reviewed journal article,candidate,False
P01958,10.1109/lra.2024.3368236,Generalizable Stable Points Segmentation for 3D LiDAR Scan-to-Map Long-Term Localization,2024,IEEE Robotics and Automation Letters,Institute of Electrical and Electronics Engineers (IEEE),Peer-reviewed journal article,candidate,False
P01959,10.1029/2024ja032722,Generation of Top‐Boundary Conditions for 3D Ionospheric Models Constrained by Auroral Imagery and Plasma Flow Data,2024,Journal of Geophysical Research: Space Physics,American Geophysical Union (AGU),Peer-reviewed journal article,candidate,False
P01960,10.3390/atmos15111318,Geophysical Coupling Before Three Earthquake Doublets Around the Arabian Plate,2024,Atmosphere,MDPI AG,Peer-reviewed journal article,candidate,False
P01961,10.1007/s00190-024-01908-4,Global 3D ionospheric shape function modeling with kriging,2024,Journal of Geodesy,Springer Science and Business Media LLC,Peer-reviewed journal article,candidate,False
P01962,10.1029/2023ja032337,Global Distribution of EMIC Waves and Its Association to Subauroral Proton Precipitation During the 27 May 2017 Storm: Modeling and Multipoint Observations,2024,Journal of Geophysical Research: Space Physics,American Geophysical Union (AGU),Peer-reviewed journal article,candidate,False
P01963,10.1038/s41598-024-52187-0,Global validation of data-assimilative electron ring current nowcast for space weather applications,2024,Scientific Reports,Springer Science and Business Media LLC,Peer-reviewed journal article,candidate,False
P01964,10.1029/2023sw003611,GNSS Differential Code Bias Determination Using Rao‐Blackwellized Particle Filtering,2024,Space Weather,American Geophysical Union (AGU),Peer-reviewed journal article,candidate,False
P01965,10.1109/tgrs.2024.3367420,GPS-Based Ionospheric Tomography From the Combination of PolSAR and E-CHAIM,2024,IEEE Transactions on Geoscience and Remote Sensing,IEEE,Peer-reviewed journal article,candidate,False
P01966,10.1016/j.asr.2023.12.032,Ground and Space-based response of the ionosphere during the geomagnetic storm of 02–06 November 2021 over the low-latitudes across different longitudes,2024,Advances in Space Research,Elsevier BV,Peer-reviewed journal article,candidate,False
P01967,10.26464/epp2023055,Ground-based and additional science support for SMILE,2024,Earth and Planetary Physics,Earth and Planetary Physics,Peer-reviewed journal article,candidate,False
P01968,10.1029/2024ja032627,"H<sup>+</sup>, He<sup>+</sup>, He<sup>++</sup>, O<sup>++</sup>, N<sup>+</sup> EMIC Wave Occurrence and Its Dependence on Geomagnetic Conditions: Results From 7 Years of Van Allen Probes Observations",2024,Journal of Geophysical Research: Space Physics,American Geophysical Union (AGU),Peer-reviewed journal article,candidate,False
P01969,10.3389/feart.2024.1432434,Habitat quality assessment on the Qinghai-Tibet plateau across vegetation ecoregions using InVEST and Geodetector models,2024,Frontiers in Earth Science,Frontiers Media,Peer-reviewed journal article,candidate,False
P01970,10.3390/s24020409,Hard SyDR: A Benchmarking Environment for Global Navigation Satellite System Algorithms,2024,Sensors,MDPI AG,Peer-reviewed journal article,candidate,False
P01971,10.1029/2024gl112484,HF Radar Observations and Modeling of the Impact of the 8 April 2024 Total Solar Eclipse on the Ionosphere‐Thermosphere System,2024,Geophysical Research Letters,American Geophysical Union (AGU),Peer-reviewed journal article,candidate,False
P01972,10.1029/2023rs007917,High‐Latitude Off‐Great Circle Propagation Associated With the Solar Terminator,2024,Radio Science,American Geophysical Union (AGU),Peer-reviewed journal article,candidate,False
P01973,10.1109/iv55156.2024.10588378,High-Speed Maneuvering and Spread Target Detection in High-Resolution Radar,2024,2024 IEEE Intelligent Vehicles Symposium (IV),IEEE,Conference paper,candidate,False
P01974,10.5194/angeo-42-1-2024,High-time-resolution analysis of meridional tides in the upper mesosphere and lower thermosphere at mid-latitudes measured by the Falkland Islands SuperDARN radar,2024,Annales Geophysicae,Copernicus Publications,Peer-reviewed journal article,candidate,False
P01975,10.1029/2024ja032936,Identifying Ionospheric Small‐Scale Currents: A Spatial Correlation Study Using Closely‐Spaced Pairs of Ground Magnetometers,2024,Journal of Geophysical Research: Space Physics,American Geophysical Union (AGU),Peer-reviewed journal article,candidate,False
P01976,10.1029/2024gl111981,Imaging the May 2024 Extreme Aurora With Ionospheric Total Electron Content,2024,Geophysical Research Letters,American Geophysical Union (AGU),Peer-reviewed journal article,candidate,False
P01977,10.1029/2024ja032984,Impact of EMIC Waves on Electron Flux Dropouts Measured by GPS Spacecraft: Insights From ELFIN,2024,Journal of Geophysical Research: Space Physics,American Geophysical Union (AGU),Peer-reviewed journal article,candidate,False
P01978,10.1029/2024gl111793,In Situ Observational Evidence of the Polar Cap Arc at 1500 MLT (15MLT‐PCA) Associated With the Lobe Reconnection,2024,Geophysical Research Letters,American Geophysical Union (AGU),Peer-reviewed journal article,candidate,False
P01979,10.3389/fspas.2024.1343286,Interferometry of ionospheric E-region irregularities based on Kunming VHF radars,2024,Frontiers in Astronomy and Space Sciences,Frontiers Media,Peer-reviewed journal article,candidate,False
P01980,10.3390/atmos15080986,Investigating Different Interpolation Methods for High-Accuracy VTEC Analysis in Ionospheric Research,2024,Atmosphere,MDPI AG,Peer-reviewed journal article,candidate,False
P01981,10.1029/2024ja032552,Investigating the Hot Zone Developed Under Short‐Circuiting Conditions and the Coupled Magnetosphere‐Ionosphere (M‐I) System for the Subauroral Arc's Inner‐Magnetosphere Generation Environment,2024,Journal of Geophysical Research: Space Physics,American Geophysical Union (AGU),Peer-reviewed journal article,candidate,False
P01982,10.1029/2024ja033086,Investigating the Spatiotemporal Development of Substorm Expansion Phase Aurora: Successive Onsets or Poleward Boundary Intensifications?,2024,Journal of Geophysical Research: Space Physics,American Geophysical Union (AGU),Peer-reviewed journal article,candidate,False
P01983,10.1016/j.jastp.2024.106344,"Investigation of anomalous lightning activity during the January 15, 2022 Tonga volcano eruption based on measurements of the VLF and ELF electromagnetic fields",2024,Journal of Atmospheric and Solar-Terrestrial Physics,Elsevier BV,Peer-reviewed journal article,candidate,False
P01984,10.21046/2070-7401-2024-21-5-357-376,Ionospheric and thermospheric effects over Eurasia at high and middle latitudes during the magnetic storm in October 2016,2024,Sovremennye problemy distantsionnogo zondirovaniya Zemli iz kosmosa,Space Research Institute RAS,Peer-reviewed journal article,candidate,False
P01985,10.1109/lgrs.2024.3412799,Ionospheric Electron Density Reconstruction Based on Space-Borne SAR in Alaska Regions,2024,IEEE Geoscience and Remote Sensing Letters,IEEE,Peer-reviewed journal article,candidate,False
P01986,10.1109/igarss53475.2024.10640924,Ionospheric Perturbations over the Low-Latitude Indian Region During the Geomagnetic Storm of 26–28 February 2023,2024,IGARSS 2024 - 2024 IEEE International Geoscience and Remote Sensing Symposium,IEEE,Conference paper,candidate,False
P01987,10.12737/szf-104202406,Ionospheric response over the high and middle latitude regions of Eurasia according to ionosonde data during the severe magnetic storm in March 2015,2024,Solnechno-Zemnaya Fizika,Infra-M Academic Publishing House,Peer-reviewed journal article,candidate,False
P01988,10.11728/cjss2024.06.2024-0002,Ionospheric TEC Variation in Guangxi and Surrounding during High and Low Solar Activity Years,2024,Chinese Journal of Space Science,"National Space Science Center, Chinese Academy of Sciences",Peer-reviewed journal article,candidate,False
P01989,10.1007/s11431-023-2663-6,Joint observations of the large-scale ULF wave activity from space to ground associated with the solar wind dynamic pressure enhancement,2024,Science China Technological Sciences,Springer Nature,Peer-reviewed journal article,candidate,False
P01990,10.1029/2023ja032067,Latitudinal Profiles of Auroral Forms/Motions and Plasma Properties Based on Simultaneous Image‐Particle Measurements by Reimei in the Midnight Auroral Oval,2024,Journal of Geophysical Research: Space Physics,American Geophysical Union (AGU),Peer-reviewed journal article,candidate,False
P01991,10.1109/tgrs.2024.3467331,LEO Navigation Augmentation Observations for Bottomside Ionospheric Electron Content Estimation: Results From Two CENTISPACE Satellites,2024,IEEE Transactions on Geoscience and Remote Sensing,Institute of Electrical and Electronics Engineers (IEEE),Peer-reviewed journal article,candidate,False
P01992,10.33012/2024.19521,LiDAR Point Cloud Descriptor for UAM Place Recognition with Point Cloud Map,2024,The International Technical Meeting of the The Institute of Navigation,Institute of Navigation,Conference paper,candidate,False
P01993,10.1029/2023gl107085,Localized Magnetopause Erosion at Geosynchronous Orbit by Reconnection,2024,Geophysical Research Letters,American Geophysical Union (AGU),Peer-reviewed journal article,candidate,False
P01994,10.1029/2023ja031950,Longitudinal Development of Cosmic Noise Absorption Based on Multipoint Observations at Subauroral Latitudes During Storm‐Time Substorms on 25–28 August 2018,2024,Journal of Geophysical Research: Space Physics,American Geophysical Union (AGU),Peer-reviewed journal article,candidate,False
P01995,10.1029/2023sw003720,Machine Learning‐Based Emulator for the Physics‐Based Simulation of Auroral Current System,2024,Space Weather,American Geophysical Union (AGU),Peer-reviewed journal article,candidate,False
P01996,10.3390/atmos15121462,Magnetosphere–Ionosphere Conjugate Harang Discontinuity and Sub-Auroral Polarization Streams (SAPS) Phenomena Observed by Multipoint Satellites,2024,Atmosphere,MDPI,Peer-reviewed journal article,candidate,False
P01997,10.1029/2023sw003813,Modeling Geomagnetically Induced Currents in the Alberta Power Network: Comparison and Validation Using Hall Probe Measurements During a Magnetic Storm,2024,Space Weather,American Geophysical Union (AGU),Peer-reviewed journal article,candidate,False
P01998,,Modelling Absorption Loss in the High-Latitude Ionosphere for Over-the-Horizon Radar (OTHR),2024,Proceedings International Radar Symposium,IEEE Computer Society,Conference paper,candidate,False
P01999,10.1029/2024gl112450,Multi‐Frequency SuperDARN HF Radar Observations of the Ionospheric Response to the October 2023 Annular Solar Eclipse,2024,Geophysical Research Letters,American Geophysical Union (AGU),Peer-reviewed journal article,candidate,False
P02000,10.1029/2024rs007957,Multi‐Frequency SuperDARN Interferometer Calibration,2024,Radio Science,American Geophysical Union (AGU),Peer-reviewed journal article,candidate,False
P02001,10.1109/iccp63557.2024.10793023,Network Intrusion Detection System Using Anomaly Detection Techniques,2024,2024 IEEE 20th International Conference on Intelligent Computer Communication and Processing (ICCP),IEEE,Conference paper,candidate,False
P02002,10.1029/2024ja032906,Nightside Detached Auroras Associated With Expanding Auroral Oval During the Main and Recovery Phases of a Magnetic Storm,2024,Journal of Geophysical Research: Space Physics,American Geophysical Union (AGU),Peer-reviewed journal article,candidate,False
P02003,10.1029/2024ja032742,Nonlinear Drift‐Bounce Resonance Between Charged Particles and Ultralow Frequency Waves,2024,Journal of Geophysical Research: Space Physics,American Geophysical Union (AGU),Peer-reviewed journal article,candidate,False
P02004,10.1029/2023ja032361,Observation and Numerical Simulation of Cold Ions Energized by EMIC Waves,2024,Journal of Geophysical Research: Space Physics,American Geophysical Union (AGU),Peer-reviewed journal article,candidate,False
P02005,10.1029/2024ja032578,Observation of Quiet‐Time Mid‐Latitude Joule Heating and Comparisons With the TIEGCM Simulation,2024,Journal of Geophysical Research: Space Physics,American Geophysical Union (AGU),Peer-reviewed journal article,candidate,False
P02006,10.1016/j.jastp.2024.106377,"Observation of sporadic
                    <mml:math xmlns:mml=""http://www.w3.org/1998/Math/MathML"" altimg=""si28.svg"" display=""inline"" id=""d1e862"">
                      <mml:mi>E</mml:mi>
                    </mml:math>
                    layer altitude partially modulated by the Traveling Ionospheric Disturbances at high latitudes over Zhongshan station",2024,Journal of Atmospheric and Solar-Terrestrial Physics,Elsevier,Peer-reviewed journal article,candidate,False
P02007,10.1029/2024ja032924,"Obtaining Continental‐Scale, High‐Resolution 2‐D Ionospheric Flows and Application to Meso‐Scale Flow Science",2024,Journal of Geophysical Research: Space Physics,American Geophysical Union (AGU),Peer-reviewed journal article,candidate,False
P02008,10.1109/space63117.2024.10667943,On Cryptographic Approaches for Detecting GNSS Spoofing Attacks,2024,"2024 IEEE Space, Aerospace and Defence Conference (SPACE)",IEEE,Conference paper,candidate,False
P02009,10.1029/2024ja032762,On the Association of Substorm Identification Methods,2024,Journal of Geophysical Research: Space Physics,American Geophysical Union (AGU),Peer-reviewed journal article,candidate,False
P02010,10.1029/2024ja032905,On the Contribution of Latitude‐Dependent ULF Waves to the Radial Transport of Off‐Equatorial Relativistic Electrons in the Radiation Belts,2024,Journal of Geophysical Research: Space Physics,American Geophysical Union (AGU),Peer-reviewed journal article,candidate,False
P02011,10.1029/2024sw003916,On the Use of SuperDARN Ground Backscatter Measurements for Ionospheric Propagation Model Validation,2024,Space Weather,American Geophysical Union (AGU),Peer-reviewed journal article,candidate,False
P02012,10.1088/2631-8695/ad61bd,Optimal path planning using bidirectional rapidly-exploring random tree star-dynamic window approach (BRRT*-DWA) with adaptive Monte Carlo localization (AMCL) for mobile robot,2024,Engineering Research Express,IOP Publishing,Peer-reviewed journal article,candidate,False
P02013,10.1029/2023ja032329,Orientation of IMF Discontinuity Normals Across the Solar Cycles,2024,Journal of Geophysical Research: Space Physics,American Geophysical Union (AGU),Peer-reviewed journal article,candidate,False
P02014,10.1038/s41598-023-50770-5,Peripheral oxytocin levels are linked to hypothalamic gray matter volume in autistic adults: a cross-sectional secondary data analysis,2024,Scientific Reports,Springer Science and Business Media LLC,Peer-reviewed journal article,candidate,False
P02015,10.1029/2023ja031549,Persistent Pitch Angle Anisotropies of Relativistic Electrons in the Outer Radiation Belts,2024,Journal of Geophysical Research: Space Physics,American Geophysical Union (AGU),Peer-reviewed journal article,candidate,False
P02016,10.1029/2023ja031957,Plasma Sheet Counterparts for Auroral Beads and Vortices in Advance of Fast Flows: New Evidence for Near‐Earth Substorm Onset,2024,Journal of Geophysical Research: Space Physics,American Geophysical Union (AGU),Peer-reviewed journal article,candidate,False
P02017,10.1016/j.scitotenv.2023.168106,Podophyllotoxin-mediated neurotoxicity via the microbiota-gut-brain axis in SD rats based on the toxicological evidence chain (TEC) concept,2024,Science of The Total Environment,Elsevier BV,Peer-reviewed journal article,candidate,False
P02018,10.1103/physreve.110.045207,Point-cloud clustering and tracking algorithm for radar interferometry,2024,Physical Review E,American Physical Society (APS),Peer-reviewed journal article,candidate,False
P02019,10.1029/2024ja032592,Polarization and m $m$‐Number Characteristics of Mid‐Latitude Pc5 ULF Waves Observed by SuperDARN Radars,2024,Journal of Geophysical Research: Space Physics,American Geophysical Union (AGU),Peer-reviewed journal article,candidate,False
P02020,10.1186/s40623-024-01995-9,Post-midnight purple arc and patches appeared on the high latitude part of the auroral oval: Dawnside counterpart of STEVE?,2024,"Earth, Planets and Space",Springer Nature,Peer-reviewed journal article,candidate,False
P02021,10.1029/2024ja032605,Poynting Flux Input to the Auroral Ionosphere: The Impact of Subauroral Polarization Streams and Dawnside Auroral Polarization Streams,2024,Journal of Geophysical Research: Space Physics,American Geophysical Union (AGU),Peer-reviewed journal article,candidate,False
P02022,10.1016/j.asr.2024.03.050,Prediction of ionospheric TEC using a GRU mechanism method,2024,Advances in Space Research,Elsevier BV,Peer-reviewed journal article,candidate,False
P02023,10.3389/fspas.2024.1495008,Properties of relativistic electron precipitation: a comparative analysis of wave-induced and field line curvature scattering processes,2024,Frontiers in Astronomy and Space Sciences,Frontiers Media SA,Peer-reviewed journal article,candidate,False
P02024,10.1029/2023sw003609,Quantification of Representation Error in the Neutral Winds and Ion Drifts Using Data Assimilation,2024,Space Weather,American Geophysical Union (AGU),Peer-reviewed journal article,candidate,False
P02025,10.1029/2024gl111045,Quantifying the Mesoscale Contribution to FACs During a Magnetospheric Substorm,2024,Geophysical Research Letters,American Geophysical Union (AGU),Peer-reviewed journal article,candidate,False
P02026,10.3390/rs16101667,Range-Spread Target Detection Networks Using HRRPs,2024,Remote Sensing,MDPI AG,Peer-reviewed journal article,candidate,False
P02027,10.1029/2024ja032544,Rapid Acceleration Bursts in the Van Allen Radiation Belt,2024,Journal of Geophysical Research: Space Physics,American Geophysical Union (AGU),Peer-reviewed journal article,candidate,False
P02028,10.1029/2024ja033136,Rapid Transport of Energetic Electrons to Low L $L$‐Shells: The Key Role of Electric Fields,2024,Journal of Geophysical Research: Space Physics,American Geophysical Union (AGU),Peer-reviewed journal article,candidate,False
P02029,10.26464/epp2024017,"Recent advances in the magnetic reconnection, dipolarization, and auroral processes at giant planets from the perspective of comparative planetology",2024,Earth and Planetary Physics,Earth and Planetary Physics,Peer-reviewed journal article,candidate,False
P02030,10.1029/2024gl109000,Red Line Diffuse‐Like Aurora Driven by Time Domain Structures Associated With Braking Magnetotail Flow Bursts,2024,Geophysical Research Letters,American Geophysical Union (AGU),Peer-reviewed journal article,candidate,False
P02031,10.1029/2024ja032650,Reimei Satellite Observations of Alfvénic Interaction Modulating Inverted‐V Electrons and Filamentary Auroral Forms at the Poleward Edge of a Discrete Arc,2024,Journal of Geophysical Research: Space Physics,American Geophysical Union (AGU),Peer-reviewed journal article,candidate,False
P02032,10.1186/s40623-024-02101-9,Relation between magnetopause position and reconnection rate under quasi-steady solar wind dynamic pressure,2024,"Earth, Planets and Space",Springer Nature,Peer-reviewed journal article,candidate,False
P02033,10.1109/cieec60922.2024.10583770,Research on the Calculation Method of Geoelectric Field Environment Under Strong Geomagnetic Disturbance Events,2024,2024 IEEE 7th International Electrical and Energy Conference (CIEEC),IEEE,Conference paper,candidate,False
P02034,10.1029/2024ja032425,Revealing the EMIC Wave Frequency Differences in the Ionosphere via Coordinated Observations: A Case Study,2024,Journal of Geophysical Research: Space Physics,American Geophysical Union (AGU),Peer-reviewed journal article,candidate,False
P02035,10.1002/9781394195985.ch9,Role of Alfvén Waves in Dynamic Magnetosphere–Ionosphere Coupling: New Perspectives From Satellite and Ground Observations,2024,Geophysical Monograph Series,Wiley,Book chapter,candidate,False
P02036,10.1002/9781394195985.ch9,Role of Alfvén Waves in Dynamic Magnetosphere–Ionosphere Coupling: New Perspectives From Satellite and Ground Observations,2024,Geophysical Monograph Series,Wiley,Unknown,candidate,False
P02037,10.1140/epjc/s10052-024-13306-3,"Scintillation light in SBND: simulation, reconstruction, and expected performance of the photon detection system",2024,The European Physical Journal C,Springer Science and Business Media LLC,Peer-reviewed journal article,candidate,False
P02038,10.1088/1748-0221/19/05/c05029,Searching for WIMPs with TREX-DM: achievements and challenges,2024,Journal of Instrumentation,IOP Publishing,Peer-reviewed journal article,candidate,False
P02039,10.1029/2023ja031956,Seasonal Variations of Sq Current System in Different Longitudinal Sectors and Solar Activities,2024,Journal of Geophysical Research: Space Physics,American Geophysical Union (AGU),Peer-reviewed journal article,candidate,False
P02040,10.1029/2023ja032266,Signatures of Dipolarizing Flux Bundles in the Nightside Auroral Zone,2024,Journal of Geophysical Research: Space Physics,American Geophysical Union (AGU),Peer-reviewed journal article,candidate,False
P02041,10.2514/6.2024-0505,Simulated Flight Test Results from the A-LiST LiDAR System Over a Simulated Lunar Landing Field,2024,AIAA SCITECH 2024 Forum,American Institute of Aeronautics and Astronautics,Conference paper,candidate,False
P02042,10.1029/2023ja031367,"Simultaneous Occurrence of Traveling Ionospheric Disturbances, Farley Buneman and Gradient Drift Instabilities Observed by the Zhongshan SuperDARN HF Radar",2024,Journal of Geophysical Research: Space Physics,American Geophysical Union (AGU),Peer-reviewed journal article,candidate,False
P02043,10.3389/fspas.2023.1309870,Space weather with an arc’s ∼2 h trip across the nightside polar cap,2024,Frontiers in Astronomy and Space Sciences,Frontiers Media,Peer-reviewed journal article,candidate,False
P02044,10.1038/s41467-024-50299-9,Spatially and temporally probing distinctive glycerophospholipid alterations in Alzheimer’s disease mouse brain via high-resolution ion mobility-enabled sn-position resolved lipidomics,2024,Nature Communications,Springer Science and Business Media LLC,Peer-reviewed journal article,candidate,False
P02045,10.1029/2023ja032206,Spatiotemporal Development of Cosmic Noise Absorption at Subauroral Latitudes Using Multipoint Ground‐Based Riometers,2024,Journal of Geophysical Research: Space Physics,American Geophysical Union (AGU),Peer-reviewed journal article,candidate,False
P02046,10.1029/2024gl109849,Special Particle Precipitation Signatures Over Giant Auroral Undulations During the 7 September 2015 Geomagnetic Storm,2024,Geophysical Research Letters,American Geophysical Union (AGU),Peer-reviewed journal article,candidate,False
P02047,10.1029/2023rs007897,Statistical Analysis of Off‐Great Circle Radio Wave Propagation in the Polar Cap,2024,Radio Science,American Geophysical Union (AGU),Peer-reviewed journal article,candidate,False
P02048,10.1109/southeastcon52093.2024.10500052,Statistical Analysis of Substorm Events Using the WINDMI Model,2024,SoutheastCon 2024,IEEE,Conference paper,candidate,False
P02049,10.1029/2023sw003695,Statistical Characteristics of Total Electron Content Intensifications on Global Ionospheric Maps,2024,Space Weather,American Geophysical Union (AGU),Peer-reviewed journal article,candidate,False
P02050,10.5194/angeo-42-355-2024,Statistical comparison of electron precipitation during auroral breakups occurring either near the open–closed field line boundary or in the central part of the auroral oval,2024,Annales Geophysicae,Copernicus GmbH,Peer-reviewed journal article,candidate,False
P02051,10.1029/2023sw003731,Sudden Commencements and Geomagnetically Induced Currents in New Zealand: Correlations and Dependance,2024,Space Weather,American Geophysical Union (AGU),Peer-reviewed journal article,candidate,False
P02052,10.3390/atmos15111333,SuperDARN Radar Wind Observations of Eastward-Propagating Planetary Waves,2024,Atmosphere,MDPI,Peer-reviewed journal article,candidate,False
P02053,10.1029/2024je008299,Temperature and Composition Disturbances in the Southern Auroral Region of Jupiter Revealed by JWST/MIRI,2024,Journal of Geophysical Research: Planets,American Geophysical Union (AGU),Peer-reviewed journal article,candidate,False
P02054,10.1016/j.jastp.2024.106309,Temporal convolutional network construction and analysis of single-station TEC model,2024,Journal of Atmospheric and Solar-Terrestrial Physics,Elsevier BV,Peer-reviewed journal article,candidate,False
P02055,10.1029/2023sw003748,The 2022 Starlink Geomagnetic Storms: Global Thermospheric Response to a High‐Latitude Ionospheric Driver,2024,Space Weather,American Geophysical Union (AGU),Peer-reviewed journal article,candidate,False
P02056,10.1029/2024ja033226,The Curvature of TEC as a Proxy for Ionospheric Amplitude Scintillation,2024,Journal of Geophysical Research: Space Physics,American Geophysical Union (AGU),Peer-reviewed journal article,candidate,False
P02057,10.1029/2023ja032022,The Ellipticity of High Frequency Transionospheric Radio Waves,2024,Journal of Geophysical Research: Space Physics,American Geophysical Union (AGU),Peer-reviewed journal article,candidate,False
P02058,10.1029/2024sw004108,The Growth and Decay of Intense GNSS Amplitude and Phase Scintillation During Non‐Storm Conditions,2024,Space Weather,American Geophysical Union (AGU),Peer-reviewed journal article,candidate,False
P02059,10.1029/2024gl111677,The High Latitude Ionospheric Response to the Major May 2024 Geomagnetic Storm: A Synoptic View,2024,Geophysical Research Letters,American Geophysical Union (AGU),Peer-reviewed journal article,candidate,False
P02060,10.1016/j.asr.2024.03.039,The implementation of deep clustering for SuperDARN backscatter echoes,2024,Advances in Space Research,Elsevier,Peer-reviewed journal article,candidate,False
P02061,10.1029/2024ja032864,The Morphology and Oscillations of Nightside Mid‐Latitude Ionospheric Trough at Designated Longitudes in the Northern Hemisphere,2024,Journal of Geophysical Research: Space Physics,American Geophysical Union (AGU),Peer-reviewed journal article,candidate,False
P02062,10.3390/rs16152766,The Preparation Phase of the 2023 Kahramanmaraş (Turkey) Major Earthquakes from a Multidisciplinary and Comparative Perspective,2024,Remote Sensing,MDPI AG,Peer-reviewed journal article,candidate,False
P02063,10.1029/2024ja032887,The Spatial Variation of Large‐ and Meso‐Scale Plasma Flow Vorticity Statistics in the High‐Latitude Ionosphere and Implications for Ionospheric Plasma Flow Models,2024,Journal of Geophysical Research: Space Physics,American Geophysical Union (AGU),Peer-reviewed journal article,candidate,False
P02064,10.3390/atmos15060714,Three-Dimensional Computerized Ionospheric Tomography over Maritime Areas Based on Simulated Slant Total Electron Content along Small-Satellite Constellation–Automatic Identification System Signal Rays,2024,Atmosphere,MDPI AG,Peer-reviewed journal article,candidate,False
P02065,10.3389/fspas.2024.1309136,To what degree does a high-energy aurora destroy F-region irregularities?,2024,Frontiers in Astronomy and Space Sciences,Frontiers Media,Peer-reviewed journal article,candidate,False
P02066,10.1029/2023ja032196,Toward the Unified Theory of SAID‐Linked Subauroral Arcs,2024,Journal of Geophysical Research: Space Physics,American Geophysical Union (AGU),Peer-reviewed journal article,candidate,False
P02067,10.1016/b978-0-323-96026-7.00173-9,Traveling Ionospheric Disturbances,2024,Reference Module in Earth Systems and Environmental Sciences,Elsevier,Book chapter,candidate,False
P02068,10.1029/2023ja032263,TRICE‐2/SuperDARN Observations and Comparison With the Associated MMS Magnetopause Crossing,2024,Journal of Geophysical Research: Space Physics,American Geophysical Union (AGU),Peer-reviewed journal article,candidate,False
P02069,10.1029/2023ja032309,Turbulence Around Auroral Arcs,2024,Journal of Geophysical Research: Space Physics,American Geophysical Union (AGU),Peer-reviewed journal article,candidate,False
P02070,10.1029/2023ja032310,Turbulence Embedded Into the Ionosphere by Electromagnetic Waves,2024,Journal of Geophysical Research: Space Physics,American Geophysical Union (AGU),Peer-reviewed journal article,candidate,False
P02071,10.1029/2023ja031998,Two‐Component Phase Scintillation Spectra in the Auroral Region: Observations and Model,2024,Journal of Geophysical Research: Space Physics,American Geophysical Union (AGU),Peer-reviewed journal article,candidate,False
P02072,10.1029/2024gl110568,Unexpected STEVE Observations at High Latitude During Quiet Geomagnetic Conditions,2024,Geophysical Research Letters,American Geophysical Union (AGU),Peer-reviewed journal article,candidate,False
P02073,10.1029/2023ja032375,Use of Terrestrial High Frequency Signals in Riometer Data to Explore the Size of D‐Region Electron Density Enhancements,2024,Journal of Geophysical Research: Space Physics,American Geophysical Union (AGU),Peer-reviewed journal article,candidate,False
P02074,10.1029/2024sw003894,Using a Differential Magnetometer Technique to Measure Geomagnetically Induced Currents: An Augmented Approach,2024,Space Weather,American Geophysical Union (AGU),Peer-reviewed journal article,candidate,False
P02075,10.1007/978-3-031-54813-0_5,Using Convolutional Neural Networks for TEC Prediction Accuracy Improvement,2024,Lecture Notes in Networks and Systems,Springer Nature Switzerland,Book chapter,candidate,False
P02076,10.1029/2023sw003749,Validation of Simulated Statistical Characteristics of Magnetosphere‐Ionosphere Coupling in Global Geospace Simulations Over an Entire Carrington Rotation,2024,Space Weather,American Geophysical Union (AGU),Peer-reviewed journal article,candidate,False
P02077,10.1016/j.asr.2024.08.017,"Validation of the NeQuick model, Ensemble Kalman filter and SMART+ based estimations of the topside ionosphere and plasmasphere",2024,Advances in Space Research,Elsevier BV,Peer-reviewed journal article,candidate,False
P02078,10.12737/szf-102202404,Variability of ionospheric ionization over Eurasia according to data from a high-latitude ionosonde chain during extreme magnetic storms in 2015,2024,Solnechno-Zemnaya Fizika,Infra-M Academic Publishing House,Peer-reviewed journal article,candidate,False
P02079,10.1029/2023ja032317,Westward Excursion of Pc1/EMIC Waves and Their Source Protons: Paradoxical Observations From Ground and Space,2024,Journal of Geophysical Research: Space Physics,American Geophysical Union (AGU),Peer-reviewed journal article,candidate,False
P02080,10.1029/2024sw003980,What Drove the GICs &gt;10 A During the 17 March 2013 Event at Mäntsälä? A Novel Framework for Distinguishing the Magnetospheric Sources,2024,Space Weather,American Geophysical Union (AGU),Peer-reviewed journal article,candidate,False
P02081,10.5194/amt-17-3995-2024,Wind comparisons between meteor radar and Doppler shifts in airglow emissions using field-widened Michelson interferometers,2024,Atmospheric Measurement Techniques,Copernicus Publications,Peer-reviewed journal article,candidate,False
P02082,10.1051/swsc/2025037,A Canadian perspective on the May 2024 space weather event,2025,Journal of Space Weather and Space Climate,EDP Sciences,Peer-reviewed journal article,candidate,False
P02083,10.1109/iccc68654.2025.11438104,A Comparative Study of Four Machine Learning Algorithms for Predicting TEC During Low-Latitude Ionospheric Disturbance Periods,2025,2025 11th International Conference on Computer and Communications (ICCC),IEEE,Conference paper,candidate,False
P02084,10.1175/jtech-d-24-0102.1,A Drift-Towing Ocean Profiling (DTOP) System for Monitoring the Ice-Covered Upper Ocean in Polar Regions,2025,Journal of Atmospheric and Oceanic Technology,American Meteorological Society,Peer-reviewed journal article,candidate,False
P02085,10.1007/978-981-96-2200-9_55,A Gravity-Aided Navigation Matching Area Selection Algorithm Based on Triangulation,2025,Lecture Notes in Electrical Engineering,Springer Nature Singapore,Book chapter,candidate,False
P02086,10.1109/jstars.2025.3542074,A Kriging Interpolation-Enhanced MART for Nonuniform Observational Data in Geosynchronous SAR-Based Computerized Ionospheric Tomography,2025,IEEE Journal of Selected Topics in Applied Earth Observations and Remote Sensing,Institute of Electrical and Electronics Engineers (IEEE),Peer-reviewed journal article,candidate,False
P02087,10.1016/j.asr.2024.11.066,A lightweight prediction model for global ionospheric total electron content based on attention-BiLSTM,2025,Advances in Space Research,Elsevier BV,Peer-reviewed journal article,candidate,False
P02088,10.1029/2025rs008356,A Novel Approach of Reconstructing the Topside Ionosphere Using Ionosonde and COSMIC Scale Height Gradients: Validation With Swarm Measurements,2025,Radio Science,American Geophysical Union (AGU),Peer-reviewed journal article,candidate,False
P02089,10.1029/2025ea004633,A Probabilistic Model for Global EMIC Wave Activity Using Van Allen Probes Observations,2025,Earth and Space Science,American Geophysical Union (AGU),Peer-reviewed journal article,candidate,False
P02090,10.1029/2025sw004340,A Regional 3‐D Data Assimilation Model for the Ionospheric Electron Density at Middle‐to‐High Latitudes in the Northern Hemisphere,2025,Space Weather,American Geophysical Union (AGU),Peer-reviewed journal article,candidate,False
P02091,10.1109/tgrs.2025.3529204,A Spatial Reconstitution Model Based on Geographic Deep Echo State Networks for Ionospheric foF2 in East Asia,2025,IEEE Transactions on Geoscience and Remote Sensing,Institute of Electrical and Electronics Engineers (IEEE),Peer-reviewed journal article,candidate,False
P02092,10.1016/j.jastp.2025.106585,A statistical study of optical signatures of high-latitude Pc5 waves,2025,Journal of Atmospheric and Solar-Terrestrial Physics,Elsevier BV,Peer-reviewed journal article,candidate,False
P02093,10.1109/icimia67127.2025.11200851,A Structured Machine Learning Framework for Fraud Detection in Banking Transactions using Hybrid Feature Selection and Ensemble Learning,2025,2025 4th International Conference on Innovative Mechanisms for Industry Applications (ICIMIA),IEEE,Conference paper,candidate,False
P02094,10.1029/2025ja034301,A Time‐Dependent Model of the Vibrational Distribution of Nitrogen Molecules: New Rate Data Sets and Self‐Consistent Coupling With Auroral and Ionospheric Electrons,2025,Journal of Geophysical Research: Space Physics,American Geophysical Union (AGU),Peer-reviewed journal article,candidate,False
P02095,10.1109/eftf/ifcs64367.2025.11194546,Absolute Calibration of GNSS Receiver Chains: New Results Based on an Alternate GNSS Simulator and Comparison Campaigns,2025,2025 Joint Conference of the European Frequency and Time Forum and IEEE International Frequency Control Symposium (EFTF/IFCS),IEEE,Conference paper,candidate,False
P02096,10.1029/2025ja033877,Accurate Spectral Fitting in the Upper F‐Region Using the Randomly Coded Data of the Arecibo 430 MHz Radar,2025,Journal of Geophysical Research: Space Physics,American Geophysical Union (AGU),Peer-reviewed journal article,candidate,False
P02097,10.1038/s41598-024-84044-5,AI-based visualization of loose connective tissue as a dissectable layer in gastrointestinal surgery,2025,Scientific Reports,Springer Science and Business Media LLC,Peer-reviewed journal article,candidate,False
P02098,10.1029/2025ja033955,AKR Observations From All Local Times Indicate Substorm Activity,2025,Journal of Geophysical Research: Space Physics,American Geophysical Union (AGU),Peer-reviewed journal article,candidate,False
P02099,10.3390/atmos16070862,Amplified Westward SAPS Flows near Magnetic Midnight in the Vicinity of the Harang Region,2025,Atmosphere,MDPI,Peer-reviewed journal article,candidate,False
P02100,10.1109/ftcs68006.2025.11405746,An Investigation of Trans-Mid-Latitude Trough HF Propagation Effects Using Ionospheric Model Reconstruction and Ray Tracing,2025,2025 International Conference on Frontiers Technology in Circuits and Systems (FTCS),IEEE,Conference paper,candidate,False
P02101,10.1029/2025ja034517,Analysis of Ionospheric Response to the May 2024 Geomagnetic Superstorm Using Commercial Radio Occultation Satellites and Ground‐Based Instruments,2025,Journal of Geophysical Research: Space Physics,American Geophysical Union (AGU),Peer-reviewed journal article,candidate,False
P02102,10.1186/s43020-025-00164-x,Analysis of the global spatiotemporal characteristics of ionospheric noontime bite-outs,2025,Satellite Navigation,Springer Science and Business Media LLC,Peer-reviewed journal article,candidate,False
P02103,10.1029/2025ja034496,Analytical Model of a Toroidal Mode Field Line Resonance and Its Drift‐Resonant Interaction With Energetic Electrons,2025,Journal of Geophysical Research: Space Physics,American Geophysical Union (AGU),Peer-reviewed journal article,candidate,False
P02104,10.1029/2024rs008084,Application of SuperDARN Interferometry for Improved Estimates of Doppler Velocity and Echo Geolocation,2025,Radio Science,American Geophysical Union (AGU),Peer-reviewed journal article,candidate,False
P02105,10.1186/s40623-025-02285-8,Are there ballooning-interchange heads in the midtail?,2025,"Earth, Planets and Space",Springer Nature,Peer-reviewed journal article,candidate,False
P02106,10.1029/2025ea004331,Artificial Neural Network Model of High‐Latitude Ionospheric Electric Potential: Hemispheric and Equinoctial Asymmetries,2025,Earth and Space Science,American Geophysical Union (AGU),Peer-reviewed journal article,candidate,False
P02107,10.1016/j.asr.2025.05.068,Assessing the performance of IRI-PLAS-MAP in the frame of hmF2 COSMIC observations over the African sector during the ascending phase of solar cycle 25,2025,Advances in Space Research,Elsevier BV,Peer-reviewed journal article,candidate,False
P02108,10.1080/01431161.2025.2549536,Assessment and prediction of forest structural attributes in tropical deciduous forests,2025,International Journal of Remote Sensing,Informa UK Limited,Peer-reviewed journal article,candidate,False
P02109,10.1029/2024ja033543,Assessment of Scintillation Data From PlanetiQ and Spire Global Radio Occultation Missions,2025,Journal of Geophysical Research: Space Physics,American Geophysical Union (AGU),Peer-reviewed journal article,candidate,False
P02110,10.1029/2024ja033082,Auroral Energy Deposition and Conductance During the 2013 St. Patrick's Day Storm: Meso‐Scale Contributions,2025,Journal of Geophysical Research: Space Physics,American Geophysical Union (AGU),Peer-reviewed journal article,candidate,False
P02111,10.1109/iros60139.2025.11246131,BEVDiffLoc: End-to-End LiDAR Global Localization in BEV View based on Diffusion Model,2025,2025 IEEE/RSJ International Conference on Intelligent Robots and Systems (IROS),IEEE,Conference paper,candidate,False
P02112,10.1109/cvprw67362.2025.00412,Bridging Self-Supervision and Mechanism of Action Discovery in Morphological Profiling,2025,2025 IEEE/CVF Conference on Computer Vision and Pattern Recognition Workshops (CVPRW),IEEE,Conference paper,candidate,False
P02113,10.1029/2025gl119267,Bridging the Gap Between the Earth's Ionosphere and Plasmasphere,2025,Geophysical Research Letters,American Geophysical Union (AGU),Peer-reviewed journal article,candidate,False
P02114,10.3390/app15073422,Camera-Based Continuous Heart and Respiration Rate Monitoring in the ICU,2025,Applied Sciences,MDPI AG,Peer-reviewed journal article,candidate,False
P02115,10.1007/s12648-025-03582-4,Case studies of drivers of ionospheric upwellings,2025,Indian Journal of Physics,Springer Nature,Peer-reviewed journal article,candidate,False
P02116,10.1103/physrevlett.134.145201,Characteristic E-Region Plasma Signature of Magnetospheric Wave-Particle Interactions,2025,Physical Review Letters,American Physical Society (APS),Peer-reviewed journal article,candidate,False
P02117,10.1029/2025ja034592,Characteristics of Field Aligned Poynting Flux of Pc5 ULF Wave Based on Arase Measurements,2025,Journal of Geophysical Research: Space Physics,American Geophysical Union (AGU),Peer-reviewed journal article,candidate,False
P02118,10.1016/j.asr.2025.09.032,Characterization of the ionosphere response to the X1.3 solar event occurred on 30 March 2022,2025,Advances in Space Research,Elsevier,Peer-reviewed journal article,candidate,False
P02119,,CityGML-based Representation of Urban River Environments using Waterborne MMS Point Clouds with LOD-aware Modeling,2025,"46th Asian Conference on Remote Sensing, ACRS 2025 - Harnessing Remote Sensing for Global Sustainability and Innovation",Asian Association on Remote Sensing,Conference paper,candidate,False
P02120,10.1029/2025sw004411,Co‐Ordinated Observations of Multi‐Scale Irregularities Using ICEBEAR and GNSS During the May 2024 Superstorm,2025,Space Weather,American Geophysical Union (AGU),Peer-reviewed journal article,candidate,False
P02121,10.4271/2025-01-8030,Collision Avoidance System at Urban Intersections Using V2X Communication,2025,SAE Technical Paper Series,SAE International,Conference paper,candidate,False
P02122,10.1029/2024sw004069,Comparative Hypothesis Testing of Auroral Ionospheric Layer Causing Global Navigation Satellite System Scintillation,2025,Space Weather,American Geophysical Union (AGU),Peer-reviewed journal article,candidate,False
P02123,10.1029/2025ja034422,Comparison of F‐Region Ion Velocities Measured by Swarm Satellites and EISCAT Radars,2025,Journal of Geophysical Research: Space Physics,American Geophysical Union (AGU),Peer-reviewed journal article,candidate,False
P02124,10.1134/s001679322460019x,Comparison of NeQuick and IRI Models with Ionosonde Data for Ionospheric Electron Density Measurements,2025,Geomagnetism and Aeronomy,Pleiades Publishing Ltd,Peer-reviewed journal article,candidate,False
P02125,10.1029/2025gl114621,Conditions for the Kelvin‐Helmholtz Instability in the Polar Ionosphere,2025,Geophysical Research Letters,American Geophysical Union (AGU),Peer-reviewed journal article,candidate,False
P02126,10.1029/2025ja034480,Connection of Equatorward‐Extending Auroral Streamers and Their Ground Magnetic Depressions to Radiation Belt Injections,2025,Journal of Geophysical Research: Space Physics,American Geophysical Union (AGU),Peer-reviewed journal article,candidate,False
P02127,10.1029/2024ja033392,Controlling Factors of the Local Time Extent of Magnetopause Reconnection: A Statistical Study,2025,Journal of Geophysical Research: Space Physics,American Geophysical Union (AGU),Peer-reviewed journal article,candidate,False
P02128,10.1109/igarss55030.2025.11242300,Coverage of Roads and Railways in the Middle Oberrheingraben - A Comparison between PSInSAR and PSDSInSAR,2025,IGARSS 2025 - 2025 IEEE International Geoscience and Remote Sensing Symposium,IEEE,Conference paper,candidate,False
P02129,10.1029/2025ja034226,Cross‐Calibration of Energetic Electron Flux Measurements From the Cluster and THEMIS Missions,2025,Journal of Geophysical Research: Space Physics,American Geophysical Union (AGU),Peer-reviewed journal article,candidate,False
P02130,10.1029/2025ja034311,Current Closure and Joule Heating in Data‐Driven 3‐D Auroral Arc Simulations,2025,Journal of Geophysical Research: Space Physics,American Geophysical Union (AGU),Peer-reviewed journal article,candidate,False
P02131,10.1029/2025sw004488,Data Assimilation Into a Machine Learning‐Based Emulator of a Global MHD Simulation for Analyzing the Polar Ionosphere,2025,Space Weather,American Geophysical Union (AGU),Peer-reviewed journal article,candidate,False
P02132,10.1029/2025ja033860,Dawn‐Dusk Morphology of Auroral Arcs in Substorm Growth Phase,2025,Journal of Geophysical Research: Space Physics,American Geophysical Union (AGU),Peer-reviewed journal article,candidate,False
P02133,10.3390/atmos16050598,Deep Learning-Based Vertical Decomposition of Ionospheric TEC into Layered Electron Density Profiles,2025,Atmosphere,MDPI AG,Peer-reviewed journal article,candidate,False
P02134,10.1088/1742-6596/3118/1/012015,Design of a front-end adaptive notch filtering anti-jamming system for GNSS receivers,2025,Journal of Physics: Conference Series,IOP Publishing,Peer-reviewed journal article,candidate,False
P02135,10.3390/app15179633,Determination of the Radius of the Ring Current in the Earth’s Core According to the Data of the INTERMAGNET Network Observatories,2025,Applied Sciences,MDPI AG,Peer-reviewed journal article,candidate,False
P02136,10.1029/2025ja033717,Different Faces of the Martian Magnetosphere,2025,Journal of Geophysical Research: Space Physics,American Geophysical Union (AGU),Peer-reviewed journal article,candidate,False
P02137,10.1016/j.asr.2025.09.021,Direct ionization of metastable oxygen and nitrogen atoms in the Earth’s upper atmosphere,2025,Advances in Space Research,Elsevier,Peer-reviewed journal article,candidate,False
P02138,10.1029/2025gl117469,Direct Radiation Belt Injections and Their Auroral Counterparts,2025,Geophysical Research Letters,American Geophysical Union (AGU),Peer-reviewed journal article,candidate,False
P02139,10.3390/atmos16121330,Discovery of Regular Daily Ionospheric Scintillation,2025,Atmosphere,MDPI AG,Peer-reviewed journal article,candidate,False
P02140,10.13679/j.jdyj.20240059,DOI only: 10.13679/j.jdyj.20240059,2025,Chinese Journal of Polar Research,Editorial Office of Polar Research,Unknown,candidate,False
P02141,10.1016/b978-0-443-15452-2.00029-7,Domain specific semantic categories in biomedical applications,2025,"Mining Biomedical Text, Images and Visual Features for Information Retrieval",Elsevier,Book chapter,candidate,False
P02142,10.1103/r6bv-pzlq,Eastward transients in the dayside ionosphere. I. Electrodynamics on closed field lines,2025,Physical Review E,American Physical Society (APS),Peer-reviewed journal article,candidate,False
P02143,10.1103/3bzj-bsf8,Eastward transients in the dayside ionosphere. II. A parallel-plate capacitorlike effect,2025,Physical Review E,American Physical Society (APS),Peer-reviewed journal article,candidate,False
P02144,10.1029/2024sw004194,EclipseNB: A Network of Low‐Cost GNSS Receivers to Study the Ionosphere,2025,Space Weather,American Geophysical Union (AGU),Peer-reviewed journal article,candidate,False
P02145,10.1029/2024ja033366,Effects of High‐Latitude Input on Neutral Wind Structure and Forcing During the 17 March 2013 Storm,2025,Journal of Geophysical Research: Space Physics,American Geophysical Union (AGU),Peer-reviewed journal article,candidate,False
P02146,10.7498/aps.74.20250352,Electrical and thermal conductivity of Mg and typical Mg-Al alloys at high temperature and pressure,2025,Acta Physica Sinica,"Acta Physica Sinica, Chinese Physical Society and Institute of Physics, Chinese Academy of Sciences",Peer-reviewed journal article,candidate,False
P02147,10.1109/maes.2025.3535436,Emerging Trends in Radar: Long-Range Surveillance in North Polar Region,2025,IEEE Aerospace and Electronic Systems Magazine,IEEE,Peer-reviewed journal article,candidate,False
P02148,10.3390/rs17173073,Estimating Ionospheric Phase Scintillation Indices in the Polar Region from 1 Hz GNSS Observations Using Machine Learning,2025,Remote Sensing,MDPI,Peer-reviewed journal article,candidate,False
P02149,10.1016/j.jastp.2025.106593,Evolution and decay of a stable and a dynamic airglow patch,2025,Journal of Atmospheric and Solar-Terrestrial Physics,Elsevier,Peer-reviewed journal article,candidate,False
P02150,10.1029/2025ja034528,Evolution of the Magnetopause X‐Line Extent and Dayside Convection During IMF Southward Turning,2025,Journal of Geophysical Research: Space Physics,American Geophysical Union (AGU),Peer-reviewed journal article,candidate,False
P02151,10.1186/s40623-025-02139-3,Evolution of the near-Earth magnetotail associated with substorm onsets: revisiting the issues of onset timing and substorm triggering mechanism,2025,"Earth, Planets and Space",Springer Science and Business Media LLC,Peer-reviewed journal article,candidate,False
P02152,10.1029/2024rs007951,Examining the Power Law Relationship Between Absorption and Frequency Using Spectral Riometer Data,2025,Radio Science,American Geophysical Union (AGU),Peer-reviewed journal article,candidate,False
P02153,10.3390/atmos16010097,"Excitation of ULF, ELF, and VLF Resonator and Waveguide Oscillations in the Earth–Atmosphere–Ionosphere System by Lightning Current Sources Connected with Hunga Tonga Volcano Eruption",2025,Atmosphere,MDPI AG,Peer-reviewed journal article,candidate,False
P02154,10.1029/2025ja033882,Exploring the Magnetotail From Low Altitudes: Evolution of Energetic Electron Flux During the Substorm Growth Phase,2025,Journal of Geophysical Research: Space Physics,American Geophysical Union (AGU),Peer-reviewed journal article,candidate,False
P02155,10.1029/2025gl117683,Extreme Magnetopause Deformation Induced by High‐Speed Jet From Foreshock Transient,2025,Geophysical Research Letters,American Geophysical Union (AGU),Peer-reviewed journal article,candidate,False
P02156,10.5194/essd-17-1407-2025,Features of Italian large dams  and their upstream catchments,2025,Earth System Science Data,Copernicus GmbH,Peer-reviewed journal article,candidate,False
P02157,10.1029/2024gl111958,Field‐Aligned Currents Induced by Magnetopause Motions Under Pressure Perturbations,2025,Geophysical Research Letters,American Geophysical Union (AGU),Peer-reviewed journal article,candidate,False
P02158,10.1117/12.3053970,FLAMES: a flash lidar image sensor chip for rendezvous and landing applications,2025,"Image Sensing Technologies: Materials, Devices, Systems, and Applications XII",SPIE,Conference paper,candidate,False
P02159,10.1016/j.tifs.2025.105054,"Food-derived glycopeptides: structural insights, glycosylation-driven bioactivity, and translational potential in health and functional applications",2025,Trends in Food Science &amp; Technology,Elsevier BV,Peer-reviewed journal article,candidate,False
P02160,10.1007/s11214-025-01178-2,From the TRICE-2 Investigations to the TRACERS Mission,2025,Space Science Reviews,Springer Nature,Peer-reviewed journal article,candidate,False
P02161,10.1093/rasti/rzaf003,Generating electron density archives using mainland EISCAT data between 2001 and 2021 at 10 min and 1 h integration,2025,RAS Techniques and Instruments,Oxford University Press (OUP),Peer-reviewed journal article,candidate,False
P02162,10.3390/rs17193265,Generation of Klobuchar Coefficients Based on IGS GIM for Regionally Optimized Ionospheric Correction in GNSS Positioning,2025,Remote Sensing,MDPI AG,Peer-reviewed journal article,candidate,False
P02163,10.1109/isitia66279.2025.11137529,Generation of Pre-Sunrise Equatorial Plasma Bubbles Under the Influence of Geomagnetic Storms Based on ROTI Maps Over Indonesia,2025,2025 International Seminar on Intelligent Technology and Its Applications (ISITIA),IEEE,Conference paper,candidate,False
P02164,10.1029/2024gl113857,Generation of Quasi‐Periodic Dayside Medium Scale Traveling Ionospheric Disturbances (MSTIDs) by Intermittent Lobe Reconnection,2025,Geophysical Research Letters,American Geophysical Union (AGU),Peer-reviewed journal article,candidate,False
P02165,10.1029/2025gl115681,"Global Evolution, Energetics, and Origins of Auroral Streamers",2025,Geophysical Research Letters,American Geophysical Union (AGU),Peer-reviewed journal article,candidate,False
P02166,10.1029/2024ja033466,Global Ionospheric F Region Parameters From GNSS‐POD Limb Measurements: Evaluations and Comparisons With Two Empirical Models ‐ IRI‐2020 and NeQuick‐2,2025,Journal of Geophysical Research: Space Physics,American Geophysical Union (AGU),Peer-reviewed journal article,candidate,False
P02167,10.23919/aces-china66523.2025.11332961,Global Ionospheric Grid Data Accuracy Assessment Analysis,2025,2025 International Applied Computational Electromagnetics Society Symposium (ACES-China),IEEE,Conference paper,candidate,False
P02168,10.5194/angeo-43-881-2025,"Globally- and hemispherically-integrated  Joule heating rates during the 17 March 2015 geomagnetic storm, according to physics-based and empirical models",2025,Annales Geophysicae,Copernicus GmbH,Peer-reviewed journal article,candidate,False
P02169,10.3390/atmos16050595,Harang Discontinuity Observed by Multi-Instrument Satellites in the Topside Ionosphere During Substorms,2025,Atmosphere,MDPI,Peer-reviewed journal article,candidate,False
P02170,10.1007/978-981-96-4063-8_21,High Speed Data Stream Disk Based on Labview,2025,Lecture Notes in Electrical Engineering,Springer Nature Singapore,Book chapter,candidate,False
P02171,10.1029/2024ja033040,Higher‐Order Gravity Waves and Traveling Ionospheric Disturbances From the Polar Vortex Jet on 11–15 January 2016: Modeling With HIAMCM‐SAMI3 and Comparison With Observations in the Thermosphere and Ionosphere,2025,Journal of Geophysical Research: Space Physics,American Geophysical Union (AGU),Peer-reviewed journal article,candidate,False
P02172,10.1029/2025ja034326,Identifying Scales of the Ionospheric Structure Through Scintillation Events,2025,Journal of Geophysical Research: Space Physics,American Geophysical Union (AGU),Peer-reviewed journal article,candidate,False
P02173,10.1029/2025ja033769,IMAGE Satellite and Ground‐Based Magnetometer Observations of Large Geomagnetic Disturbances and Rapid Variations in Ionospheric and Vertical Currents,2025,Journal of Geophysical Research: Space Physics,American Geophysical Union (AGU),Peer-reviewed journal article,candidate,False
P02174,10.1016/j.jastp.2025.106642,IMF By-driven electric field disturbances over the equator during northward IMFs: PPEF responses,2025,Journal of Atmospheric and Solar-Terrestrial Physics,Elsevier,Peer-reviewed journal article,candidate,False
P02175,10.1016/j.asr.2024.10.061,Impact of Tonga volcanic eruption on the ionosphere based on ground-based GNSS and COSMIC occultation data,2025,Advances in Space Research,Elsevier BV,Peer-reviewed journal article,candidate,False
P02176,10.1109/icsi64877.2025.11010025,Improvement of Klobuchar Model for Refinement in the Chinese Region,2025,2025 5th International Conference on Sensors and Information Technology,IEEE,Conference paper,candidate,False
P02177,10.1109/tgrs.2025.3635770,Improving the NeQuick Model in the Plasmasphere Through Radio Occultation and POD TEC Observations,2025,IEEE Transactions on Geoscience and Remote Sensing,IEEE,Peer-reviewed journal article,candidate,False
P02178,10.3390/app151810129,Improving the Quality of Magnetograms Using Data from Several Magnetic Observatories,2025,Applied Sciences,MDPI,Peer-reviewed journal article,candidate,False
P02179,10.5194/angeo-43-331-2025,Indications for particle precipitation impact on the ion-neutral collision frequency analyzed with EISCAT measurements,2025,Annales Geophysicae,Copernicus GmbH,Peer-reviewed journal article,candidate,False
P02180,10.3390/s25227083,Integration of Multi-Sensor Fusion and Decision-Making Architecture for Autonomous Vehicles in Multi-Object Traffic Conditions,2025,Sensors,MDPI AG,Peer-reviewed journal article,candidate,False
P02181,10.1029/2024sw004023,Intercomparison of Model Determinations of Auroral Electrodynamic Parameters,2025,Space Weather,American Geophysical Union (AGU),Peer-reviewed journal article,candidate,False
P02182,10.1029/2025ja034553,Investigating Geomagnetic Disturbances in the Expansion Phase of Strong Substorms,2025,Journal of Geophysical Research: Space Physics,American Geophysical Union (AGU),Peer-reviewed journal article,candidate,False
P02183,10.1109/taes.2025.3546178,Investigating the Impacts of a G4-Level Geomagnetic Storm on Airborne GNSS Performance Using Mass ADS-B Data in Southern Canada,2025,IEEE Transactions on Aerospace and Electronic Systems,IEEE,Peer-reviewed journal article,candidate,False
P02184,10.1029/2024ja033239,Investigation of the Fresnel Scale From Ionospheric Scintillation Spectra,2025,Journal of Geophysical Research: Space Physics,American Geophysical Union (AGU),Peer-reviewed journal article,candidate,False
P02185,10.1029/2024ja033554,Investigation of the May 2024 Solar Storm Through EUHFORIA/Gorgon‐Space Simulations and Global SuperDARN Observations,2025,Journal of Geophysical Research: Space Physics,American Geophysical Union (AGU),Peer-reviewed journal article,candidate,False
P02186,10.1029/2024ja033631,Investigation of Thermospheric Horizontal and Vertical Neutral Winds via Tristatic Observations Over Alaska,2025,Journal of Geophysical Research: Space Physics,American Geophysical Union (AGU),Peer-reviewed journal article,candidate,False
P02187,10.1029/2025ja034143,Ionospheric Density Variations Observed by the Radio Receiver Instrument on e‐POP/Swarm‐E,2025,Journal of Geophysical Research: Space Physics,American Geophysical Union (AGU),Peer-reviewed journal article,candidate,False
P02188,10.3390/plasma8020024,Ionospheric Electron Density and Temperature Profiles Using Ionosonde-like Data and Machine Learning,2025,Plasma,MDPI,Peer-reviewed journal article,candidate,False
P02189,10.6038/cjg2024s0347,Ionospheric parameter inversion based on SuperDARN; [基于 SuperDARN 雷达网的电离层参数反演],2025,Chinese Journal of Geophysics,,Peer-reviewed journal article,candidate,False
P02190,10.23919/usnc-ursinrsm66067.2025.10906842,Ionospheric response During the 10-12 May 2024 Geomagnetic Storm and it's Connection to GICs,2025,2025 United States National Committee of URSI National Radio Science Meeting (USNC-URSI NRSM),IEEE,Conference paper,candidate,False
P02191,10.1016/j.asr.2025.09.082,Ionospheric response to superstorm in May 2024 over mid- and high-latitude Eurasia,2025,Advances in Space Research,Elsevier BV,Peer-reviewed journal article,candidate,False
P02192,10.1029/2025sw004360,Ionospheric Scintillation Activity Over Canada in 2019–2023 and Its Potential Influence on Wide Area Augmentation System (WAAS) Navigation Services for Aviation,2025,Space Weather,American Geophysical Union (AGU),Peer-reviewed journal article,candidate,False
P02193,10.1029/2025sw004435,Ionospheric Scintillation and Geomagnetic Disturbance Caused by Space Hurricanes,2025,Space Weather,American Geophysical Union (AGU),Peer-reviewed journal article,candidate,False
P02194,10.1109/tsp.2025.3629732,Joint Coherent Integration and Detection of Radar Spread Targets With Range Migration,2025,IEEE Transactions on Signal Processing,Institute of Electrical and Electronics Engineers (IEEE),Peer-reviewed journal article,candidate,False
P02195,10.1007/978-3-031-73027-6_22,LEROjD: Lidar Extended Radar-Only Object Detection,2025,Lecture Notes in Computer Science,Springer Nature Switzerland,Book chapter,candidate,False
P02196,10.1109/aero63441.2025.11068529,Lidar-Based Landing Hazard Detection for Dragonfly,2025,2025 IEEE Aerospace Conference,IEEE,Conference paper,candidate,False
P02197,10.3389/fspas.2025.1610276,Localized geomagnetic disturbances: a statistical analysis of spatial scale,2025,Frontiers in Astronomy and Space Sciences,Frontiers Media SA,Peer-reviewed journal article,candidate,False
P02198,10.1029/2024sw004305,"Long‐Term Peak Geoelectric Field Behavior for Space Weather Hazard Assessment in Alberta, Canada Using Geomagnetic and Magnetotelluric Measurements",2025,Space Weather,American Geophysical Union (AGU),Peer-reviewed journal article,candidate,False
P02199,10.3390/atmos17010050,Los Angeles Wildfires 2025: Satellite-Based Emissions Monitoring and Air-Quality Impacts,2025,Atmosphere,MDPI AG,Peer-reviewed journal article,candidate,False
P02200,10.1029/2024ja033626,Low‐Cost Monitoring of Energetic Particle Precipitation: Weather Balloon‐Borne Timepix Measurements During the May 2024 Superstorm,2025,Journal of Geophysical Research: Space Physics,American Geophysical Union (AGU),Peer-reviewed journal article,candidate,False
P02201,10.1360/csb-2025-0235,Magnetic Storms and Substorms: Recent Advances and Future Perspectives,2025,Chinese Science Bulletin,"Science China Press., Co. Ltd.",Peer-reviewed journal article,candidate,False
P02202,10.11728/cjss2025.02.2024-0100,Magnetic Type Classification of Sunspot Groups Based on Deep Learning,2025,Chinese Journal of Space Science,"National Space Science Center, Chinese Academy of Sciences",Peer-reviewed journal article,candidate,False
P02203,10.1029/2024ja033468,Magnetosheath Control of the Cross Polar Cap Potential: Correcting for Measurement Uncertainty in Space Weather,2025,Journal of Geophysical Research: Space Physics,American Geophysical Union (AGU),Peer-reviewed journal article,candidate,False
P02204,10.1029/2025ja033792,Magnetosheath Jet‐Triggered ULF Waves: Energy Deposition in the Ionosphere,2025,Journal of Geophysical Research: Space Physics,American Geophysical Union (AGU),Peer-reviewed journal article,candidate,False
P02205,10.3389/fspas.2025.1679345,Magnetospheric and ionospheric vortices response to positive solar wind dynamic pressure pulse,2025,Frontiers in Astronomy and Space Sciences,Frontiers Media,Peer-reviewed journal article,candidate,False
P02206,10.1063/5.0287326,Magnetospheric multiscale observations of electromagnetic ion cyclotron waves associated with cold ion heating in the Earth’s magnetosphere,2025,AIP Advances,AIP Publishing,Peer-reviewed journal article,candidate,False
P02207,10.1029/2025ja033978,Medium Scale Traveling Ionospheric Disturbances Observed by the SuperDARN Radars Located in the Asian Mid‐Latitude,2025,Journal of Geophysical Research: Space Physics,American Geophysical Union (AGU),Peer-reviewed journal article,candidate,False
P02208,10.1029/2025ja033818,Mesoscale Ionospheric Structures and Very Large Geomagnetic Disturbances at High Latitudes,2025,Journal of Geophysical Research: Space Physics,American Geophysical Union (AGU),Peer-reviewed journal article,candidate,False
P02209,10.1007/978-981-96-2684-7_10,Method of Ionospheric Delay Positioning Error Correction Based on Transformer Model Prediction,2025,Communications in Computer and Information Science,Springer Nature Singapore,Book chapter,candidate,False
P02210,10.1029/2024ja033574,Midlatitude Neutral Wind Response During the Mother's Day Super‐Intense Geomagnetic Storm in 2024 Using Observations From the Chinese Meridian Project,2025,Journal of Geophysical Research: Space Physics,American Geophysical Union (AGU),Peer-reviewed journal article,candidate,False
P02211,10.1029/2025ja034479,Modeling of Finite Polar Cap Ionospheric Patches: Initialization From Data and F‐Region Evolution,2025,Journal of Geophysical Research: Space Physics,American Geophysical Union (AGU),Peer-reviewed journal article,candidate,False
P02212,10.1109/lgrs.2025.3576665,Modeling the Impact of Sporadic-E on Over-the-Horizon Radar (OTHR) in the Polar Region,2025,IEEE Geoscience and Remote Sensing Letters,IEEE,Peer-reviewed journal article,candidate,False
P02213,10.1029/2024sw004139,Modeling the Time‐Variability of the Ionospheric Electric Potential (TiVIE),2025,Space Weather,American Geophysical Union (AGU),Peer-reviewed journal article,candidate,False
P02214,10.5194/essd-17-5833-2025,Monitoring the Earth's deformation  with the SPOTGINS series,2025,Earth System Science Data,Copernicus Publications,Peer-reviewed journal article,candidate,False
P02215,10.1029/2025ja034211,Morphological Comparison of Standard Scintillation Indices at the Canadian Arctic During a Strong Geomagnetic Storm: A Case Study,2025,Journal of Geophysical Research: Space Physics,American Geophysical Union (AGU),Peer-reviewed journal article,candidate,False
P02216,10.1029/2024ja032793,"Multi‐Event Analysis of STEVE, SAR Arc, and Red/Green Arc at Subauroral Latitudes Using Data From Ground Optical and Radio Instruments and the Arase and Van Allen Probes Satellites",2025,Journal of Geophysical Research: Space Physics,American Geophysical Union (AGU),Peer-reviewed journal article,candidate,False
P02217,10.1007/s40328-024-00458-7,"Multi-instrument analysis of F-region ionospheric irregularities suppression over South America during the November 3, 2021, geomagnetic storm",2025,Acta Geodaetica et Geophysica,Springer Science and Business Media LLC,Peer-reviewed journal article,candidate,False
P02218,10.1029/2025ja034186,Multi‐Instrument Observations of the Relationships Between Polar Cap Patches and Arcs for Changing IMF Bz Orientation,2025,Journal of Geophysical Research: Space Physics,American Geophysical Union (AGU),Peer-reviewed journal article,candidate,False
P02219,10.1029/2025ja034329,Multi‐Platform Observations of the Radial Penetration of Substorm Injected Electrons and Subsequent Slot‐Filling Event,2025,Journal of Geophysical Research: Space Physics,American Geophysical Union (AGU),Peer-reviewed journal article,candidate,False
P02220,10.3390/s25237212,"Neural Networks for Estimating Attitude, Line of Sight, and GNSS Ambiguity Through Onboard Sensor Fusion",2025,Sensors,MDPI AG,Peer-reviewed journal article,candidate,False
P02221,10.1051/swsc/2025043,New formulation for the topside ionosphere and plasmasphere based on NeQuick,2025,Journal of Space Weather and Space Climate,EDP Sciences,Peer-reviewed journal article,candidate,False
P02222,10.1109/radarconf2559087.2025.11204924,Object Tracking with Over-the-Horizon Multistatic Radar: Proof of Concept,2025,2025 IEEE Radar Conference (RadarConf25),IEEE,Conference paper,candidate,False
P02223,10.1016/j.jastp.2024.106394,Observation and simulation studies of ionospheric F-region in the South American and Antarctic sectors in the intense geomagnetic storm of August 2018,2025,Journal of Atmospheric and Solar-Terrestrial Physics,Elsevier BV,Peer-reviewed journal article,candidate,False
P02224,10.5194/angeo-43-511-2025,Observations of traveling ionospheric disturbances driven by gravity waves from sources in the upper and lower atmosphere,2025,Annales Geophysicae,Copernicus Publications,Peer-reviewed journal article,candidate,False
P02225,10.1029/2025gl119563,"Observations of Two‐Layers Spectrum Formed by Simultaneous H
                    <sup>+</sup>
                    and He
                    <sup>+</sup>
                    Anomalous Resonance With EMIC Waves",2025,Geophysical Research Letters,American Geophysical Union (AGU),Peer-reviewed journal article,candidate,False
P02226,10.1029/2025gl118589,On Energetic Electron Precipitation in Auroral Arcs,2025,Geophysical Research Letters,American Geophysical Union (AGU),Peer-reviewed journal article,candidate,False
P02227,10.1029/2024sw004213,On the Extraordinary L‐Band Scintillation Event Observed in the American Sector During the 23–24 March 2023 Geomagnetic Storm,2025,Space Weather,American Geophysical Union (AGU),Peer-reviewed journal article,candidate,False
P02228,10.1029/2025gl116477,On the Spatial Relationship Between the Aurora and Relativistic Electron Precipitation During a Storm‐Time Substorm,2025,Geophysical Research Letters,American Geophysical Union (AGU),Peer-reviewed journal article,candidate,False
P02229,10.1145/3737412.3743489,Optimizing open-domain question answering with graph-based retrieval augmented generation,2025,Proceedings of the 1st workshop connecting academia and industry on Modern Integrated Database and AI Systems,ACM,Conference paper,candidate,False
P02230,10.1109/ictc66702.2025.11387819,Performance Analysis of SRv6 Forwarding for 6G Mobile User Plane,2025,2025 16th International Conference on Information and Communication Technology Convergence (ICTC),IEEE,Conference paper,candidate,False
P02231,10.1007/s10712-025-09915-6,Perspectives and Challenges in High-Resolution Whole-Atmosphere Modeling,2025,Surveys in Geophysics,Springer Science and Business Media LLC,Peer-reviewed journal article,candidate,False
P02232,10.1016/j.asr.2025.09.010,Plasma flow velocity measured by Swarm and inferred from SuperDARN global-scale convection maps,2025,Advances in Space Research,Elsevier,Peer-reviewed journal article,candidate,False
P02233,10.1016/j.asr.2025.04.008,α-point aided neural network based prediction of grid VTEC over Indian region using empirical orthogonal functions,2025,Advances in Space Research,Elsevier BV,Peer-reviewed journal article,candidate,False
P02234,10.12737/szf-114202506,Position of the main ionospheric trough polar wall in magnetically quiet conditions according to data from the ionospheric Tixie Bay station and DMSP satellites,2025,Solnechno-Zemnaya Fizika,Infra-M Academic Publishing House,Peer-reviewed journal article,candidate,False
P02235,10.3847/1538-4365/adc447,Prediction of the Next Solar Rotation Synoptic Maps Using an Artificial Intelligence–based Surface Flux Transport Model,2025,The Astrophysical Journal Supplement Series,American Astronomical Society,Peer-reviewed journal article,candidate,False
P02236,10.11728/cjss2025.02.2024-0057,Preliminary Analysis of Observation Data by High Frequency Radars of the CN-DARN,2025,Chinese Journal of Space Science,"National Space Science Center, Chinese Academy of Sciences",Peer-reviewed journal article,candidate,False
P02237,10.1029/2025ja034043,Quasi‐Monochromatic Ultra‐Low‐Frequency Waves: A New Challenge for Wave‐Particle Interaction Models,2025,Journal of Geophysical Research: Space Physics,American Geophysical Union (AGU),Peer-reviewed journal article,candidate,False
P02238,10.46620/ursiaprasc25/yzrb4189,"Radio-based Sensing of Turbulent, Ionospheric Flow: A Four-dimensional View",2025,Proceedings of the 7th URSI Asia-Pacific RadioScience Conference - AP-RASC 2025,URSI - International Union of Radio Science,Conference paper,candidate,False
P02239,10.1109/maes.2025.3579767,Range–Doppler Spectrum Anomaly Detection for Sky-Wave Over-the-Horizon Radar Based on Image Recognition and Data Augmentation,2025,IEEE Aerospace and Electronic Systems Magazine,Institute of Electrical and Electronics Engineers (IEEE),Peer-reviewed journal article,candidate,False
P02240,10.1109/lgrs.2025.3528179,Real-Time Worldwide Monitoring of Ionospheric Scintillation Using Geodetic Detrending,2025,IEEE Geoscience and Remote Sensing Letters,IEEE,Peer-reviewed journal article,candidate,False
P02241,10.1029/2025rs008316,"Relative Merits of Ionosondes, Ground GNSS TEC, and Radio Occultations for Ionospheric Data Assimilation",2025,Radio Science,American Geophysical Union (AGU),Peer-reviewed journal article,candidate,False
P02242,10.1029/2024ja033253,Reliability of Matching AMPERE Field‐Aligned Current Boundaries With SuperDARN Lower Latitude Ionospheric Convection Boundaries During Geomagnetic Storms,2025,Journal of Geophysical Research: Space Physics,American Geophysical Union (AGU),Peer-reviewed journal article,candidate,False
P02243,10.1201/9781003617310,Remote Sensing for Geoscientists,2025,Remote Sensing for Geoscientists: Image Analysis and Integration,CRC Press,Book,candidate,False
P02244,10.12000/jr24172,Research Overview on Ionospheric Probing Based on Spaceborne Synthetic Aperture Radars,2025,DOAJ (DOAJ: Directory of Open Access Journals),Institute of Electronics Chinese Academy of Sciences,Peer-reviewed journal article,candidate,False
P02245,10.1029/2024ja033701,Response of Electric Field Pulse and Particle Dynamics in Earth's Magnetosphere to Enhanced Solar Wind Dynamic Pressure With Varied IMF Directions: A Statistical Study,2025,Journal of Geophysical Research: Space Physics,American Geophysical Union (AGU),Peer-reviewed journal article,candidate,False
P02246,10.12737/stp-112202505,Satellite and ground-based observations of Pc1 pulsations during a magnetic storm in March 2023,2025,Solar-Terrestrial Physics,Infra-M Academic Publishing House,Peer-reviewed journal article,candidate,False
P02247,10.1051/swsc/2025045,Scintillation in the Arctic during the May 2024 Mother’s Day storm,2025,Journal of Space Weather and Space Climate,EDP Sciences,Peer-reviewed journal article,candidate,False
P02248,10.1029/2024ja033592,Separating DP1 and DP2 Current Pattern Contributions to Substorm‐Like Intensifications in SML,2025,Journal of Geophysical Research: Space Physics,American Geophysical Union (AGU),Peer-reviewed journal article,candidate,False
P02249,10.1029/2024gl114160,Simultaneous Observation of Duskside and Dawnside Subauroral Polarization Streams During an Intense Magnetic Storm,2025,Geophysical Research Letters,American Geophysical Union (AGU),Peer-reviewed journal article,candidate,False
P02250,10.1007/s11214-025-01172-8,SMILE Modeling Working Group: Modeling and Analysis of X-ray and Ultraviolet Images of Solar Wind – Earth Interactions,2025,Space Science Reviews,Springer Nature,Peer-reviewed journal article,candidate,False
P02251,10.1029/2025ja033824,Solar Flare‐Induced Gradient Drift Instability Observed by SuperDARN HF Radars,2025,Journal of Geophysical Research: Space Physics,American Geophysical Union (AGU),Peer-reviewed journal article,candidate,False
P02252,10.1016/j.asr.2025.06.037,Space plasma precipitation and repelling processes by field-aligned electrostatic potential in auroral arc and hole in the terrestrial polar regions,2025,Advances in Space Research,Elsevier BV,Peer-reviewed journal article,candidate,False
P02253,10.1029/2024ja032822,Spatial Variation of Polarization Ellipticity for Transionospheric HF Radio Waves Observed by RRI on e‐POP/Swarm‐E,2025,Journal of Geophysical Research: Space Physics,American Geophysical Union (AGU),Peer-reviewed journal article,candidate,False
P02254,10.3389/fspas.2025.1561439,Spatio-temporal evolution of pulsating aurora observed using a ground-based imagers,2025,Frontiers in Astronomy and Space Sciences,Frontiers Media,Peer-reviewed journal article,candidate,False
P02255,10.1029/2024ja033452,Statistical Characterization of Joule Heating Associated With Ionospheric ULF Perturbations Using SuperDARN Data,2025,Journal of Geophysical Research: Space Physics,American Geophysical Union (AGU),Peer-reviewed journal article,candidate,False
P02256,10.1029/2025gl116467,Statistical Distribution of Dawnside Auroral Polarization Streams,2025,Geophysical Research Letters,American Geophysical Union (AGU),Peer-reviewed journal article,candidate,False
P02257,10.1029/2025ja034548,Statistical Properties of Solar Wind Parameters Driving Relativistic Electron Precipitation,2025,Journal of Geophysical Research: Space Physics,American Geophysical Union (AGU),Peer-reviewed journal article,candidate,False
P02258,10.26464/epp2025075,Statistical study of auroral variability under different solar wind conditions based on classification using deep learning techniques,2025,Earth and Planetary Physics,Earth and Planetary Physics,Peer-reviewed journal article,candidate,False
P02259,10.1029/2024gl112358,Statistical Study of Electric Pc5 Pulsations in the Inner Magnetosphere Observed by Cluster,2025,Geophysical Research Letters,American Geophysical Union (AGU),Peer-reviewed journal article,candidate,False
P02260,10.1029/2025gl116516,Streamer‐Like Red Line Diffuse Auroras Driven by Time Domain Structures Associated With Electron Injection and Braking Ion Flows,2025,Geophysical Research Letters,American Geophysical Union (AGU),Peer-reviewed journal article,candidate,False
P02261,10.1029/2025ja034161,Strong Substorm Development From Polar‐Cap Arc Laydown Along the Auroral Poleward Boundary,2025,Journal of Geophysical Research: Space Physics,American Geophysical Union (AGU),Peer-reviewed journal article,candidate,False
P02262,10.1016/j.jastp.2025.106430,"Strong thermospheric response to the almost undetectable substorm on May 29, 2023",2025,Journal of Atmospheric and Solar-Terrestrial Physics,Elsevier,Peer-reviewed journal article,candidate,False
P02263,10.1186/s40623-025-02264-z,Suppression of ion heating in the cusp during plasma flow burst,2025,"Earth, Planets and Space",Springer Nature,Peer-reviewed journal article,candidate,False
P02264,10.1007/s10712-025-09878-8,The Active Plasma and E-field Sounders (APES) Mission Concept,2025,Surveys in Geophysics,Springer Science and Business Media LLC,Peer-reviewed journal article,candidate,False
P02265,10.1029/2025gl114714,The Auroral Vortex and Rolling Magnetic Carpet,2025,Geophysical Research Letters,American Geophysical Union (AGU),Peer-reviewed journal article,candidate,False
P02266,10.1117/12.3062070,The Canadian RADiation Impacts on Climate and Atmospheric Loss Satellite (RADICALS) mission: exploring the coupling of space weather and terrestrial climate,2025,Small Satellites Systems and Services Symposium (4S 2024),SPIE,Conference paper,candidate,False
P02267,10.1029/2025ja033976,The Distributions and Temporal Variations of FACs During Substorms and Quiet Periods,2025,Journal of Geophysical Research: Space Physics,American Geophysical Union (AGU),Peer-reviewed journal article,candidate,False
P02268,10.1029/2024ea003876,The Fast Borealis Ionosphere: High Time‐Resolution Mapping of Polar Ionospheric Flows With SuperDARN,2025,Earth and Space Science,American Geophysical Union (AGU),Peer-reviewed journal article,candidate,False
P02269,10.1029/2025gl115265,The Impact of Adaptive High‐Latitude Coordinates,2025,Geophysical Research Letters,American Geophysical Union (AGU),Peer-reviewed journal article,candidate,False
P02270,10.1029/2025sw004544,"The Influence of 3‐D Earth Conductivity, Geoelectric Field Polarization, and Power Grid Topology on GIC Risk",2025,Space Weather,American Geophysical Union (AGU),Peer-reviewed journal article,candidate,False
P02271,10.1109/tpwrd.2025.3544488,The Influence of the Geoelectric Coast Effect on Geomagnetically Induced Currents,2025,IEEE Transactions on Power Delivery,Institute of Electrical and Electronics Engineers (IEEE),Peer-reviewed journal article,candidate,False
P02272,10.1007/s41614-025-00187-6,The linear and nonlinear resonant interactions between ultra-low-frequency waves and magnetospheric particles,2025,Reviews of Modern Plasma Physics,Springer Science and Business Media LLC,Peer-reviewed journal article,candidate,False
P02273,10.1029/2025ja034219,The NCAR‐TIEGCM Version 3.0,2025,Journal of Geophysical Research: Space Physics,American Geophysical Union (AGU),Peer-reviewed journal article,candidate,False
P02274,10.1088/1742-6596/3055/1/012040,The Profiles of Aerosol Microphysical Properties and PM2.5 Mass Concentration Retrieve Based on HSRL,2025,Journal of Physics: Conference Series,IOP Publishing,Peer-reviewed journal article,candidate,False
P02275,10.1029/2025ja033814,The Propagation and Evolution of Polar Cap Patches During Auroral Substorm Activity,2025,Journal of Geophysical Research: Space Physics,American Geophysical Union (AGU),Peer-reviewed journal article,candidate,False
P02276,10.3389/fspas.2025.1564311,The statistical correlations of rate of change of TEC index (ROTI) on the standard scintillation indices over the Canadian Arctic,2025,Frontiers in Astronomy and Space Sciences,Frontiers Media,Peer-reviewed journal article,candidate,False
P02277,10.1029/2025gl116865,The Substorms of 26 February 2008: A Data‐Mining Perspective,2025,Geophysical Research Letters,American Geophysical Union (AGU),Peer-reviewed journal article,candidate,False
P02278,10.1007/s11214-025-01184-4,The Tandem Reconnection and Cusp Electrodynamics Reconnaissance Satellites (TRACERS) Mission,2025,Space Science Reviews,Springer Science and Business Media LLC,Peer-reviewed journal article,candidate,False
P02279,10.1029/2025sw004472,Thermospheric Density Disturbances During the 2015 St. Patrick's Day Geomagnetic Storm: Model–Observation Comparisons and Analysis of Intense Polar Density Spikes,2025,Space Weather,American Geophysical Union (AGU),Peer-reviewed journal article,candidate,False
P02280,10.1109/icmmt65948.2025.11187863,Traffic Target Recognition for 5G Millimeter-Wave Base Stations Based on Deep CNNs,2025,2025 International Conference on Microwave and Millimeter Wave Technology (ICMMT),IEEE,Conference paper,candidate,False
P02281,10.1109/mgrs.2024.3454635,Transionospheric Synthetic Aperture Radar Observation: A comprehensive review,2025,IEEE Geoscience and Remote Sensing Magazine,Institute of Electrical and Electronics Engineers (IEEE),Peer-reviewed journal article,candidate,False
P02282,10.1029/2025ja033770,Transition Between Substorm Auroral Onset and Expansion Phase Activity,2025,Journal of Geophysical Research: Space Physics,American Geophysical Union (AGU),Peer-reviewed journal article,candidate,False
P02283,10.3390/electronics14234661,TRex: A Smooth Nonlinear Activation Bridging Tanh and ReLU for Stable Deep Learning,2025,Electronics,MDPI AG,Peer-reviewed journal article,candidate,False
P02284,10.1109/iccad66269.2025.11240899,TREX-F: TRustability of Electronics using X-ray based Fingerprinting,2025,2025 IEEE/ACM International Conference On Computer Aided Design (ICCAD),IEEE,Conference paper,candidate,False
P02285,10.1109/tetc.2024.3480524,TReX- <u>Re</u>using Vision <u>T</u>ransformer’s Attention for Efficient <u>X</u>bar-Based Computing,2025,IEEE Transactions on Emerging Topics in Computing,Institute of Electrical and Electronics Engineers (IEEE),Peer-reviewed journal article,candidate,False
P02286,10.1007/s11430-024-1470-4,Ultralow frequency waves in the South Atlantic anomaly: Application of FY-3E observations,2025,Science China Earth Sciences,Springer Science and Business Media LLC,Peer-reviewed journal article,candidate,False
P02287,10.1029/2024ja033125,(Un)Explained EMIC Waves: Understanding Quiet Time EMIC Wave Drivers,2025,Journal of Geophysical Research: Space Physics,American Geophysical Union (AGU),Peer-reviewed journal article,candidate,False
P02288,10.1029/2025sw004701,Unusual SuperDARN Backscatter During the 11 May 2024 Geomagnetic Storm,2025,Space Weather,American Geophysical Union (AGU),Peer-reviewed journal article,candidate,False
P02289,10.1007/s00190-025-02003-y,Validating the International Reference Ionosphere model through altimeter-satellite vTEC observations: implications for the topside ionosphere modeling,2025,Journal of Geodesy,Springer Nature,Peer-reviewed journal article,candidate,False
P02290,10.1029/2024rs008125,Validation of ANCHOR Ionospheric Data Assimilation Model Using Incoherent Scatter Radars,2025,Radio Science,American Geophysical Union (AGU),Peer-reviewed journal article,candidate,False
P02291,10.1016/j.asr.2024.07.009,Validation of the IRI-2020 model for the topside-plasmasphere using GNSS TEC measurements,2025,Advances in Space Research,Elsevier BV,Peer-reviewed journal article,candidate,False
P02292,10.1016/j.asr.2024.05.056,Validation of the IRI-2020 topside ionosphere options through in-situ electron density observations by low-Earth-orbit satellites,2025,Advances in Space Research,Elsevier,Peer-reviewed journal article,candidate,False
P02293,10.11939/jass.20240065,2018年吉林松原MS5.7地震电离层TEC异常分析,2026,DOAJ (DOAJ: Directory of Open Access Journals),Acta Seismologica Sinica Press,Peer-reviewed journal article,candidate,False
P02294,10.4271/2026-01-0026,A Comparison of Road Grade Preview Signals from Lidar and Maps,2026,SAE Technical Paper Series,SAE International,Conference paper,candidate,False
P02295,10.1109/tap.2026.3651377,A Computation-Driven High-Latitude HF Communication Channel Model With Antenna Directivity,2026,IEEE Transactions on Antennas and Propagation,Institute of Electrical and Electronics Engineers (IEEE),Peer-reviewed journal article,candidate,False
P02296,10.1016/j.measurement.2025.119868,A double threshold detection of range-spread target using order statistic based on Rao test,2026,Measurement,Elsevier BV,Peer-reviewed journal article,candidate,False
P02297,10.1016/j.asr.2025.12.011,A global neural network model of 3D ionospheric electron density based on COSMIC radio occultation measurements,2026,Advances in Space Research,Elsevier BV,Peer-reviewed journal article,candidate,False
P02298,10.1029/2026ja035098,A Model for Predicting Ionospheric Scintillation Intensity in High Latitude Region Based on VMD‐CNN‐BiLSTM‐Attention,2026,Journal of Geophysical Research: Space Physics,American Geophysical Union (AGU),Peer-reviewed journal article,candidate,False
P02299,10.5194/angeo-44-149-2026,A source or a sink? How the altitude of particle precipitation influence high-latitude electrodynamics,2026,Annales Geophysicae,Copernicus GmbH,Peer-reviewed journal article,candidate,False
P02300,10.1029/2025ja034676,A Statistical Survey of F2 Layer Peak Properties in the Polar Cap Ionosphere Observed by RISR‐N,2026,Journal of Geophysical Research: Space Physics,American Geophysical Union (AGU),Peer-reviewed journal article,candidate,False
P02301,10.1029/2026rs008605,A Unified Vector Electromagnetic Framework for Ionospheric Scintillation and Polarization Effects in GNSS,2026,Radio Science,American Geophysical Union (AGU),Peer-reviewed journal article,candidate,False
P02302,10.1016/j.ccr.2025.217131,Advances in optical imaging and nanotherapeutic technologies for hematological malignancies: From diagnosis to precision treatment,2026,Coordination Chemistry Reviews,Elsevier BV,Peer-reviewed journal article,candidate,False
P02303,10.1029/2025sw004922,Advancing Heliophysics and Space Weather Modeling Through Open Science,2026,Space Weather,American Geophysical Union (AGU),Peer-reviewed journal article,candidate,False
P02304,10.1038/s41586-026-10216-0,Ageing promotes metastasis via activation of the integrated stress response,2026,Nature,Springer Science and Business Media LLC,Peer-reviewed journal article,candidate,False
P02305,10.1029/2025ja034275,All‐Sky Imager and Geosynchronous Spacecraft Analysis of Nighttime Magnetic Perturbation Events Observed in Arctic Canada,2026,Journal of Geophysical Research: Space Physics,American Geophysical Union (AGU),Peer-reviewed journal article,candidate,False
P02306,10.1117/12.3107614,Application of back-propagation neural networks improved by particle swarm optimization algorithm in ionospheric modeling,2026,"Fifth International Conference on Algorithms, High Performance Computing, and Artificial Intelligence (AHPCAI 2025)",SPIE,Conference paper,candidate,False
P02307,10.23919/irs70539.2026.11549149,Aurora Oval Dynamics and Its Impact on Over-the-Horizon Radar (OTHR),2026,2026 27th International Radar Symposium (IRS),IEEE,Conference paper,candidate,False
P02308,10.1029/2026ja035174,Auroral Signatures of Ballooning Instability and Plasmoid Formation Processes in the Near‐Earth Magnetotail,2026,Journal of Geophysical Research: Space Physics,American Geophysical Union (AGU),Peer-reviewed journal article,candidate,False
P02309,10.1029/2025ja034971,Bayesian Approach to Ionospheric Elementary Current Systems Using Differentiable Basis Functions,2026,Journal of Geophysical Research: Space Physics,American Geophysical Union (AGU),Peer-reviewed journal article,candidate,False
P02310,10.1029/2025ja034819,"“Caterpillar” ULF Waves in the Dusk Side Sub‐Auroral Region: Conjugate Observations With SuperDARN, Arase and Ground Magnetometers",2026,Journal of Geophysical Research: Space Physics,American Geophysical Union (AGU),Peer-reviewed journal article,candidate,False
P02311,10.1029/2026av002300,Circularly Expanding Ring‐Shaped Pulsating Aurora Visualizing the Source of Plasma Waves in Space,2026,AGU Advances,American Geophysical Union (AGU),Peer-reviewed journal article,candidate,False
P02312,10.1029/2025gl120891,Comparative Analysis of the Primary Drivers of Plasma Sheet Electron Precipitation,2026,Geophysical Research Letters,American Geophysical Union (AGU),Peer-reviewed journal article,candidate,False
P02313,10.26464/epp2026021,Coordinated observations on the spatiotemporal development of global-scale dipolarizations and their coupling to meso-scale dipolarizations,2026,Earth and Planetary Physics,Earth and Planetary Physics,Peer-reviewed journal article,candidate,False
P02314,10.26464/epp2026033,"Data-driven simulation of storm-enhanced density and tongue of ionization during the May 10–11, 2024, superstorm",2026,Earth and Planetary Physics,Earth and Planetary Physics,Peer-reviewed journal article,candidate,False
P02315,10.1029/2025ea004537,Dataset of Quiet Space Weather Periods for Ionospheric Studies,2026,Earth and Space Science,American Geophysical Union (AGU),Peer-reviewed journal article,candidate,False
P02316,10.1016/j.asr.2026.04.036,Detection of the main ionospheric trough using GNSS and ionosonde data,2026,Advances in Space Research,Elsevier BV,Peer-reviewed journal article,candidate,False
P02317,10.1029/2025gl118532,Efficiency of Electromagnetic Energy Transfer From Solar Wind to Ionosphere Through Magnetospheric Ultra‐Low Frequency Waves,2026,Geophysical Research Letters,American Geophysical Union (AGU),Peer-reviewed journal article,candidate,False
P02318,10.1016/j.asr.2026.04.052,Electrodynamics and ionospheric irregularities during intense geomagnetic storm that occurred in March 2024 over American and Antarctic sectors,2026,Advances in Space Research,Elsevier,Peer-reviewed journal article,candidate,False
P02319,10.1016/j.asoc.2025.114471,Enhanced all-sky Aurora image classification using pyramid vision transformer and contrastive background contextual transforms,2026,Applied Soft Computing,Elsevier,Peer-reviewed journal article,candidate,False
P02320,10.21046/2070-7401-2026-23-2-385-397,Estimation of the total electron content distribution correlation scale in the European region using a variogram approach based on GNSS radio sounding data,2026,Sovremennye problemy distantsionnogo zondirovaniya Zemli iz kosmosa,Space Research Institute RAS,Peer-reviewed journal article,candidate,False
P02321,10.1038/s41467-025-65819-4,Evidence for Alfvén waves powering auroral arc via a static electric potential drop,2026,Nature Communications,Springer Science and Business Media LLC,Peer-reviewed journal article,candidate,False
P02322,10.6038/cjg2025t0062,Excitation characteristics of EMIC waves in loss cone distributions; [损失锥分布下电磁离子回旋波的激发特性研究],2026,Chinese Journal of Geophysics,Science Press,Peer-reviewed journal article,candidate,False
P02323,10.1029/2025sw004708,F‐Region Neutral Wind Response to Multiscale Geomagnetic Forcing During the 27 March 2014 Substorm Event,2026,Space Weather,American Geophysical Union (AGU),Peer-reviewed journal article,candidate,False
P02324,10.3389/fspas.2026.1688193,Fabry-Perot interferometer observations of sustained strong vertical wind activity in the auroral thermosphere,2026,Frontiers in Astronomy and Space Sciences,Frontiers Media SA,Peer-reviewed journal article,candidate,False
P02325,10.1080/00396265.2025.2470514,Feasibility analysis of the Doppler index DI in ionospheric scintillation detection at High Arctic region of Canada,2026,Survey Review,Informa UK Limited,Peer-reviewed journal article,candidate,False
P02326,10.1016/j.cej.2026.175415,Flexible and wireless ‘stick-and-detect’ sensor node based on laser-induced graphene for real-time temperature monitoring toward cold chain applications,2026,Chemical Engineering Journal,Elsevier BV,Peer-reviewed journal article,candidate,False
P02327,10.1029/2025ja034720,Formation of Continuum Emission Structures Associated With the Aurora,2026,Journal of Geophysical Research: Space Physics,American Geophysical Union (AGU),Peer-reviewed journal article,candidate,False
P02328,10.1016/j.talanta.2026.129690,From natural templates to precision tools: Alkaloid-derived probes in elucidating signaling and disease biology,2026,Talanta,Elsevier BV,Peer-reviewed journal article,candidate,False
P02329,10.1186/s40562-026-00472-3,Global characteristics of the saturation effect in the TEC response to solar activity,2026,Geoscience Letters,Springer Science and Business Media LLC,Peer-reviewed journal article,candidate,False
P02330,10.1029/2025sw004836,Global Energy Circulation During a Solar Wind Density Pulse,2026,Space Weather,American Geophysical Union (AGU),Peer-reviewed journal article,candidate,False
P02331,10.1029/2025gl119835,Global Impacts of Ultra‐Low‐Frequency Waves: 1. Thermospheric Responses and Traveling Atmospheric Disturbances,2026,Geophysical Research Letters,American Geophysical Union (AGU),Peer-reviewed journal article,candidate,False
P02332,10.26464/epp2026003,Global thermospheric density response to the May 2024 extreme storm: TianMu-1 constellation observations,2026,Earth and Planetary Physics,Earth and Planetary Physics,Peer-reviewed journal article,candidate,False
P02333,10.1029/2026ja035056,GNSS‐TEC Driven E‐CHAIM for Enhanced PALSAR Ionospheric Tomography,2026,Journal of Geophysical Research: Space Physics,American Geophysical Union (AGU),Peer-reviewed journal article,candidate,False
P02334,10.5194/angeo-44-353-2026,High-latitude MSTIDs over the EISCAT-3D site: solar activity and seasonal dependency,2026,Annales Geophysicae,Copernicus Publications,Peer-reviewed journal article,candidate,False
P02335,10.1029/2025ja034804,High‐Time‐Resolution Observations of Plasma Convection in the Nightside High‐Latitude Ionosphere,2026,Journal of Geophysical Research: Space Physics,American Geophysical Union (AGU),Peer-reviewed journal article,candidate,False
P02336,10.1016/j.asr.2026.01.048,Impact of nighttime foF2 enhancement at Juliusruh on ionospheric trend estimation and model accuracy,2026,Advances in Space Research,Elsevier,Peer-reviewed journal article,candidate,False
P02337,10.3390/geosciences16050169,Impact of Solar and Geomagnetic Driver Selection on 24 h-Ahead Global VTEC Prediction in a Deep Learning Framework: A ConvLSTM Case Study,2026,Geosciences,MDPI AG,Peer-reviewed journal article,candidate,False
P02338,10.1029/2026sw004959,Importance of High Cadence Magnetometer Data for Investigating Geomagnetic Disturbances,2026,Space Weather,American Geophysical Union (AGU),Peer-reviewed journal article,candidate,False
P02339,10.1007/s10291-026-02080-2,Improved amplitude scintillation index $$\:{I}{{S}}_{4{c}}$$ with suppression of GNSS receiver background noise effects,2026,GPS Solutions,Springer Nature,Peer-reviewed journal article,candidate,False
P02340,10.5194/gi-15-127-2026,Improving the Magic constant – data-based calibration of phased array radars,2026,"Geoscientific Instrumentation, Methods and Data Systems",Copernicus Publications,Peer-reviewed journal article,candidate,False
P02341,10.1063/5.0289443,Integrated light field sensors: From nanophotonic architectures to computational perception,2026,Applied Physics Reviews,AIP Publishing,Peer-reviewed journal article,candidate,False
P02342,10.1029/2025sw004827,Introducing Reflected GNSS TEC Data Into ANCHOR Ionospheric Data Assimilation Model,2026,Space Weather,American Geophysical Union (AGU),Peer-reviewed journal article,candidate,False
P02343,10.3389/fspas.2026.1700061,Inverted radial Alfvén continua: first results from “heliophysics audified: resonances in plasmas”,2026,Frontiers in Astronomy and Space Sciences,Frontiers Media SA,Peer-reviewed journal article,candidate,False
P02344,10.1029/2025ja034495,Ionosphere‐Thermosphere Coupling in the Northern Polar Region During the May 2024 Geomagnetic Superstorm,2026,Journal of Geophysical Research: Space Physics,American Geophysical Union (AGU),Peer-reviewed journal article,candidate,False
P02345,10.1029/2025ja034954,Ionosphere‐Thermosphere Responses to the March 2023 Geomagnetic Storm Using Observations and TIEGCM Simulations Driven by Data Assimilated Aurora and Electric Fields,2026,Journal of Geophysical Research: Space Physics,American Geophysical Union (AGU),Peer-reviewed journal article,candidate,False
P02346,10.1029/2025rs008395,Ionospheric Effects on Maximum Usable Frequency for a Cross‐Auroral and a Polar Cap HF Radio Link,2026,Radio Science,American Geophysical Union (AGU),Peer-reviewed journal article,candidate,False
P02347,10.1016/j.asr.2025.10.107,Ionospheric responses over the Antarctic region to intense space weather events: Plasma convection vs. auroral precipitation,2026,Advances in Space Research,Elsevier,Peer-reviewed journal article,candidate,False
P02348,10.1186/s40623-026-02462-3,"Ionospheric variations observed at Syowa Station, Antarctica, during large space weather events in May and October 2024",2026,"Earth, Planets and Space",Springer Science and Business Media LLC,Peer-reviewed journal article,candidate,False
P02349,10.1029/2025ja034968,Joule Heating in the Northern Hemisphere During Geomagnetic Storms Driven by High‐Speed Streams and Coronal Mass Ejections,2026,Journal of Geophysical Research: Space Physics,American Geophysical Union (AGU),Peer-reviewed journal article,candidate,False
P02350,10.4401/ag-9449,"Large scale irregularities in the high latitude F region ionosphere represented by a numerical model, and comparison with Swarm observations",2026,Annals of Geophysics,Editrice Compositori s.r.l.,Peer-reviewed journal article,candidate,False
P02351,10.1371/journal.pone.0340812,MAGNET: Counterfactual samples synthesizing for mitigating hallucination in large language models,2026,PLOS One,Public Library of Science (PLoS),Peer-reviewed journal article,candidate,False
P02352,10.3390/s26041291,MMPFNet: A Novel Lightweight Road Target Detection Method of FMCW Radar Based on Hypergraph Mechanism and Attention Enhancement,2026,Sensors,MDPI AG,Peer-reviewed journal article,candidate,False
P02353,10.20517/ir.2026.04,Modeling and prediction of the ionosphere with deep learning: a review,2026,Intelligence &amp; Robotics,OAE Publishing Inc.,Peer-reviewed journal article,candidate,False
P02354,10.1080/08982112.2025.2552420,Modernizing full posterior inference for surrogate modeling of categorical-output simulation experiments,2026,Quality Engineering,Informa UK Limited,Peer-reviewed journal article,candidate,False
P02355,10.1029/2025gl120760,Observations of High‐Resolution Two‐Dimensional Ionospheric Flow Dynamics Associated With Poleward Boundary Intensifications,2026,Geophysical Research Letters,American Geophysical Union (AGU),Peer-reviewed journal article,candidate,False
P02356,10.1029/2025ja034565,Outer Radiation Belt Dynamics During the October 2012 Storm Revisited: Rapid Inward Radial Transport From a Dynamic Outer Boundary,2026,Journal of Geophysical Research: Space Physics,American Geophysical Union (AGU),Peer-reviewed journal article,candidate,False
P02357,10.1039/d6ra01474g,Photothermal-responsive self-healing PDMS-based elastomers for stretchable strain sensors,2026,RSC Advances,Royal Society of Chemistry (RSC),Peer-reviewed journal article,candidate,False
P02358,10.1029/2025gl118616,Plasma Conditions Govern the Reversible Transition Between STEVE and Picket Fence Emissions,2026,Geophysical Research Letters,American Geophysical Union (AGU),Peer-reviewed journal article,candidate,False
P02359,10.5194/angeo-44-85-2026,Plasma density estimation from ionograms and geophysical parameters with deep learning,2026,Annales Geophysicae,Copernicus Publications,Peer-reviewed journal article,candidate,False
P02360,10.1029/2025ja034135,Post‐Midnight Enhancement in OI 630.0 nm Airglow Emission and Plausible Link to Wave Dynamics,2026,Journal of Geophysical Research: Space Physics,American Geophysical Union (AGU),Peer-reviewed journal article,candidate,False
P02361,10.1186/s40623-026-02372-4,Power attenuation of Pc1 waves during propagation from the magnetosphere to the ionosphere observed by the Arase satellite and PWING ground stations,2026,"Earth, Planets and Space",Springer Science and Business Media LLC,Peer-reviewed journal article,candidate,False
P02362,10.1029/2025ja034935,Prediction of Arctic Ionospheric Scintillation Using Stacked Machine Learning,2026,Journal of Geophysical Research: Space Physics,American Geophysical Union (AGU),Peer-reviewed journal article,candidate,False
P02363,10.1007/s40295-026-00595-x,Quantifying Storm-Time Neutral Density Uncertainties using a Physics-Based Particle Filter Framework,2026,The Journal of the Astronautical Sciences,Springer Science and Business Media LLC,Peer-reviewed journal article,candidate,False
P02364,10.1029/2025rs008436,Real Heights of SuperDARN F Region Echoes Inferred From Electron Density Measurements by the Rankin Inlet and RISR‐C Radars,2026,Radio Science,American Geophysical Union (AGU),Peer-reviewed journal article,candidate,False
P02365,10.1029/2025ja034579,"Relations Between Auroral Streamers, Flows, and Growth Phase Arcs",2026,Journal of Geophysical Research: Space Physics,American Geophysical Union (AGU),Peer-reviewed journal article,candidate,False
P02366,10.1016/j.jastp.2026.106823,Relationship of energetic electron precipitation to solar wind forcing and magnetospheric activity proxies,2026,Journal of Atmospheric and Solar-Terrestrial Physics,Elsevier,Peer-reviewed journal article,candidate,False
P02367,10.1371/journal.pone.0345162,Reliability and validity of the fixed-frame portable dynamometer in assessing ankle force sense in individuals with and without chronic ankle instability,2026,PLOS One,Public Library of Science (PLoS),Peer-reviewed journal article,candidate,False
P02368,10.1007/978-981-95-1410-6_42,Research Progress on New Optical Systems for All-Time Star Sensors,2026,Springer Proceedings in Physics,Springer Nature Singapore,Book chapter,candidate,False
P02369,10.1016/j.asr.2025.11.074,Self-learning signal classifier for HF coherent scatter radars,2026,Advances in Space Research,Elsevier,Peer-reviewed journal article,candidate,False
P02370,10.1029/2025gl119629,Solar‐Wind Triggering of Substorm Onset During the May 2024 Superstorm: Coordinated Global Observations and Simulations,2026,Geophysical Research Letters,American Geophysical Union (AGU),Peer-reviewed journal article,candidate,False
P02371,10.1080/19475705.2026.2649656,Spatiotemporal characteristics and multiple coupling mechanisms of pre-seismic ionospheric electromagnetic anomalies before the Madoi earthquake,2026,"Geomatics, Natural Hazards and Risk",Informa UK Limited,Peer-reviewed journal article,candidate,False
P02372,10.6038/cjg2025s0711,Spatiotemporal prediction of ionospheric total electron content based on SA-ConvLSTM; [基于 SA-ConvLSTM 的电离层总电子含量时空预测],2026,Chinese Journal of Geophysics,Science Press,Peer-reviewed journal article,candidate,False
P02373,10.1029/2025ja034648,Statistical Auroral Absorption Model Parameterized by AE Index,2026,Journal of Geophysical Research: Space Physics,American Geophysical Union (AGU),Peer-reviewed journal article,candidate,False
P02374,10.1038/s41467-026-69753-x,Substorm expansion embedded in a global cycle of field-aligned currents and auroral electrojets,2026,Nature Communications,Springer Science and Business Media LLC,Peer-reviewed journal article,candidate,False
P02375,10.1029/2026ja035116,Superposed Epoch Analysis of Extreme Geomagnetic Disturbances at Auroral Zone Latitudes Over a Solar Cycle,2026,Journal of Geophysical Research: Space Physics,American Geophysical Union (AGU),Peer-reviewed journal article,candidate,False
P02376,10.1177/14759217261440951,Temporal-aware dam displacement prediction using Bayesian-augmented Gaussian process with double clustering analysis,2026,Structural Health Monitoring,SAGE Publications,Peer-reviewed journal article,candidate,False
P02377,10.3390/s26051490,The 12 November 2025 Ugly Duckling Geomagnetic Storm: From the Sun to the Earth,2026,Sensors,MDPI AG,Peer-reviewed journal article,candidate,False
P02378,10.1029/2026ja035059,The Day‐Side Magnetic Reconnection Rate and Cusp Ion Dispersion During the May 2024 Geomagnetic Storm,2026,Journal of Geophysical Research: Space Physics,American Geophysical Union (AGU),Peer-reviewed journal article,candidate,False
P02379,10.1029/2025ja034402,The Evolution of a Polar Cap Patch Into a Blob in the Nightside Ionosphere: Direct Observations of Multiple Blob Formation Mechanisms Acting Simultaneously on the Same Plasma,2026,Journal of Geophysical Research: Space Physics,American Geophysical Union (AGU),Peer-reviewed journal article,candidate,False
P02380,10.1007/s10712-025-09923-6,The Influence of Atmospheric Tides on the Variability of the Mesosphere–Thermosphere–Ionosphere,2026,Surveys in Geophysics,Springer Science and Business Media LLC,Peer-reviewed journal article,candidate,False
P02381,10.1029/2025sw004629,"The MANA Magnetometer Array, and Magnetic Observations Across New Zealand From 2024",2026,Space Weather,American Geophysical Union (AGU),Peer-reviewed journal article,candidate,False
P02382,10.3389/fspas.2026.1781474,The prevalence and significance of wave cross-scale coupling in the Earth’s magnetosphere: observations from the Van Allen Probes,2026,Frontiers in Astronomy and Space Sciences,Frontiers Media SA,Peer-reviewed journal article,candidate,False
P02383,10.1029/2025sw004712,The Real‐Time Advanced Ionospheric Data Assimilation (AIDA) Model,2026,Space Weather,American Geophysical Union (AGU),Peer-reviewed journal article,candidate,False
P02384,10.12737/szf-121202609,Thermospheric effects during the magnetic superstorms in May 2024 and October-November 2003 in the Northern Hemisphere and the ionospheric response to them,2026,Solnechno-Zemnaya Fizika,Infra-M Academic Publishing House,Peer-reviewed journal article,candidate,False
P02385,10.5194/angeo-44-1-2026,Time-dependent modeling of Alfvénic precipitation observed in the ionosphere,2026,Annales Geophysicae,Copernicus GmbH,Peer-reviewed journal article,candidate,False
P02386,10.1029/2025sw004421,Toward a Dynamic Model for Topside Ionospheric Irregularities: Spherical Harmonic Decomposition,2026,Space Weather,American Geophysical Union (AGU),Peer-reviewed journal article,candidate,False
P02387,10.1029/2025ja034908,ULF Wave Modulation of Energetic Electron Precipitation Caused by the Self‐Limiting of Space Radiation: May 2024 Superstorm Observations,2026,Journal of Geophysical Research: Space Physics,American Geophysical Union (AGU),Peer-reviewed journal article,candidate,False
P02388,10.1007/s10712-026-09928-9,Unresolved Questions in Subauroral Science: Exploring Key Challenges in Physics and Chemistry,2026,Surveys in Geophysics,Springer Nature,Peer-reviewed journal article,candidate,False
P02389,10.1029/2025ja034386,Unusual Disturbed Thermospheric Wind Caused by Polar Convection at Mohe During 2025 New Year Storm,2026,Journal of Geophysical Research: Space Physics,American Geophysical Union (AGU),Peer-reviewed journal article,candidate,False
P02390,10.1029/2025sw004891,Validation of Ionospheric Models at Mid‐ and High‐Latitudes: Climatological Performance of WACCM‐X (SD) and TIE‐GCM in foF2,2026,Space Weather,American Geophysical Union (AGU),Peer-reviewed journal article,candidate,False
P02391,10.33012/2026.20540,Weighted Dilution of Precision Estimation for GNSS Positioning Under Ionospheric Scintillation in the Canadian Arctic,2026,The International Technical Meeting of the The Institute of Navigation,Institute of Navigation,Conference paper,candidate,False
