paper_id,author_id,author_order
P00005,A00017,1
P00005,A00018,2
P00005,A00019,3
P00005,A00020,4
P00005,A00021,5
P00005,A00022,6
P00005,A00023,7
P00005,A00024,8
P00006,A00019,2
P00006,A00025,1
P00006,A00026,3
P00007,A00027,1
P00007,A00028,2
P00007,A00029,3
P00007,A00030,4
P00008,A00017,1
P00008,A00018,3
P00008,A00019,2
P00008,A00020,5
P00008,A00021,4
P00008,A00022,6
P00008,A00024,7
P00009,A00031,1
P00009,A00032,2
P00010,A00033,1
P00010,A00034,2
P00010,A00035,3
P00010,A00036,4
P00010,A00037,5
P00010,A00038,6
P00010,A00039,7
P00011,A00040,1
P00011,A00041,2
P00011,A00042,3
P00011,A00043,4
P00012,A00044,1
P00012,A00045,2
P00012,A00046,3
P00012,A00047,4
P00012,A00048,5
P00012,A00049,6
P00013,A00050,1
P00013,A00051,2
P00013,A00052,3
P00013,A00053,4
P00013,A00054,5
P00013,A00055,6
P00013,A00056,7
P00013,A00057,8
P00013,A00058,9
P00013,A00059,10
P00013,A00060,11
P00013,A00061,12
P00013,A00062,13
P00013,A00063,14
P00013,A00064,15
P00013,A00065,16
P00013,A00066,17
P00013,A00067,18
P00013,A00068,19
P00013,A00069,20
P00014,A00070,1
P00014,A00071,2
P00015,A00072,1
P00016,A00073,1
P00016,A00074,2
P00016,A00075,3
P00016,A00076,4
P00016,A00077,5
P00016,A00078,6
P00016,A00079,7
P00016,A00080,8
P00016,A00081,9
P00016,A00082,10
P00017,A00083,1
P00018,A00084,1
P00018,A00085,2
P00018,A00086,3
P00018,A00087,4
P00018,A00088,5
P00018,A00089,6
P00018,A00090,7
P00018,A00091,8
P00019,A00092,1
P00019,A00093,2
P00019,A00094,3
P00019,A00095,4
P00019,A00096,5
P00019,A00097,6
P00019,A00098,7
P00020,A00099,1
P00021,A00067,3
P00021,A00100,1
P00021,A00101,2
P00021,A00102,4
P00021,A00103,5
P00022,A00104,1
P00022,A00105,2
P00022,A00106,3
P00022,A00107,4
P00023,A00108,1
P00023,A00109,2
P00023,A00110,3
P00023,A00111,4
P00024,A00112,1
P00024,A00113,2
P00024,A00114,3
P00024,A00115,4
P00024,A00116,5
P00024,A00117,6
P00024,A00118,7
P00024,A00119,8
P00025,A00120,1
P00025,A00121,2
P00025,A00122,3
P00025,A00123,4
P00026,A00124,1
P00026,A00125,2
P00026,A00126,3
P00026,A00127,4
P00026,A00128,5
P00027,A00129,1
P00027,A00130,2
P00027,A00131,3
P00027,A00132,4
P00027,A00133,5
P00027,A00134,6
P00027,A00135,7
P00028,A00136,1
P00028,A00137,2
P00028,A00138,3
P00029,A00139,1
P00029,A00140,2
P00029,A00141,3
P00030,A00142,1
P00030,A00143,2
P00030,A00144,3
P00031,A00081,2
P00031,A00145,1
P00031,A00146,3
P00031,A00147,4
P00031,A00148,5
P00031,A00149,6
P00031,A00150,7
P00031,A00151,8
P00031,A00152,9
P00031,A00153,10
P00031,A00154,11
P00031,A00155,12
P00031,A00156,13
P00032,A00103,4
P00032,A00157,1
P00032,A00158,2
P00032,A00159,3
P00032,A00160,5
P00032,A00161,6
P00032,A00162,7
P00032,A00163,8
P00033,A00164,1
P00034,A00165,1
P00034,A00166,2
P00034,A00167,3
P00034,A00168,4
P00034,A00169,5
P00035,A00054,2
P00035,A00143,5
P00035,A00170,1
P00035,A00171,3
P00035,A00172,4
P00036,A00173,1
P00036,A00174,2
P00037,A00021,12
P00037,A00175,1
P00037,A00176,2
P00037,A00177,3
P00037,A00178,4
P00037,A00179,5
P00037,A00180,6
P00037,A00181,7
P00037,A00182,8
P00037,A00183,9
P00037,A00184,10
P00037,A00185,11
P00038,A00018,3
P00038,A00020,4
P00038,A00021,2
P00038,A00181,1
P00038,A00186,5
P00038,A00187,6
P00038,A00188,7
P00039,A00124,6
P00039,A00128,1
P00039,A00189,2
P00039,A00190,3
P00039,A00191,4
P00039,A00192,5
P00039,A00193,7
P00039,A00194,8
P00039,A00195,9
P00039,A00196,10
P00039,A00197,11
P00039,A00198,12
P00039,A00199,13
P00039,A00200,14
P00039,A00201,15
P00040,A00068,3
P00040,A00073,1
P00040,A00081,4
P00040,A00158,2
P00041,A00202,1
P00041,A00203,2
P00041,A00204,3
P00041,A00205,4
P00042,A00113,3
P00042,A00206,1
P00042,A00207,2
P00042,A00208,4
P00042,A00209,5
P00042,A00210,6
P00043,A00143,3
P00043,A00159,7
P00043,A00160,8
P00043,A00211,1
P00043,A00212,2
P00043,A00213,4
P00043,A00214,5
P00043,A00215,6
P00044,A00024,3
P00044,A00046,6
P00044,A00216,1
P00044,A00217,2
P00044,A00218,4
P00044,A00219,5
P00045,A00220,1
P00045,A00221,2
P00045,A00222,3
P00046,A00034,3
P00046,A00037,1
P00046,A00223,2
P00046,A00224,4
P00046,A00225,5
P00046,A00226,6
P00046,A00227,7
P00046,A00228,8
P00046,A00229,9
P00046,A00230,10
P00047,A00231,1
P00047,A00232,2
P00047,A00233,3
P00048,A00234,1
P00048,A00235,2
P00048,A00236,3
P00048,A00237,4
P00049,A00238,1
P00049,A00239,2
P00049,A00240,3
P00049,A00241,4
P00050,A00242,1
P00050,A00243,2
P00050,A00244,3
P00050,A00245,4
P00050,A00246,5
P00051,A00231,1
P00051,A00247,2
P00051,A00248,3
P00051,A00249,4
P00052,A00050,2
P00052,A00053,1
P00052,A00250,3
P00053,A00050,1
P00053,A00053,2
P00053,A00054,6
P00053,A00066,8
P00053,A00067,7
P00053,A00181,4
P00053,A00186,5
P00053,A00251,3
P00054,A00252,1
P00054,A00253,2
P00054,A00254,3
P00054,A00255,4
P00054,A00256,5
P00054,A00257,6
P00055,A00258,1
P00055,A00259,2
P00055,A00260,3
P00055,A00261,4
P00055,A00262,5
P00055,A00263,6
P00055,A00264,7
P00055,A00265,8
P00055,A00266,9
P00055,A00267,10
P00055,A00268,11
P00055,A00269,12
P00055,A00270,13
P00055,A00271,14
P00055,A00272,15
P00056,A00073,2
P00056,A00081,4
P00056,A00100,3
P00056,A00158,1
P00056,A00160,5
P00056,A00163,7
P00056,A00273,6
P00056,A00274,8
P00057,A00275,1
P00057,A00276,2
P00057,A00277,3
P00057,A00278,4
P00058,A00217,3
P00058,A00218,1
P00058,A00279,2
P00058,A00280,4
P00058,A00281,5
P00058,A00282,6
P00058,A00283,7
P00058,A00284,8
P00059,A00285,1
P00059,A00286,2
P00059,A00287,3
P00059,A00288,4
P00059,A00289,5
P00059,A00290,6
P00060,A00291,1
P00060,A00292,2
P00060,A00293,3
P00060,A00294,4
P00061,A00295,1
P00061,A00296,2
P00061,A00297,3
P00061,A00298,4
P00062,A00018,6
P00062,A00299,1
P00062,A00300,2
P00062,A00301,3
P00062,A00302,4
P00062,A00303,5
P00062,A00304,7
P00062,A00305,8
P00062,A00306,9
P00063,A00307,1
P00063,A00308,2
P00063,A00309,3
P00063,A00310,4
P00063,A00311,5
P00063,A00312,6
P00064,A00081,8
P00064,A00313,1
P00064,A00314,2
P00064,A00315,3
P00064,A00316,4
P00064,A00317,5
P00064,A00318,6
P00064,A00319,7
P00064,A00320,9
P00064,A00321,10
P00065,A00322,1
P00065,A00323,2
P00065,A00324,3
P00066,A00325,1
P00066,A00326,2
P00066,A00327,3
P00066,A00328,4
P00066,A00329,5
P00066,A00330,6
P00067,A00113,1
P00067,A00115,3
P00067,A00116,2
P00067,A00118,5
P00067,A00331,4
P00067,A00332,6
P00068,A00333,1
P00068,A00334,2
P00069,A00335,1
P00069,A00336,2
P00069,A00337,3
P00069,A00338,4
P00069,A00339,5
P00070,A00340,1
P00070,A00341,2
P00070,A00342,3
P00070,A00343,4
P00071,A00344,1
P00071,A00345,2
P00071,A00346,3
P00072,A00347,1
P00072,A00348,2
P00072,A00349,3
P00073,A00350,1
P00073,A00351,2
P00073,A00352,3
P00073,A00353,4
P00074,A00354,1
P00074,A00355,2
P00074,A00356,3
P00074,A00357,4
P00075,A00358,1
P00075,A00359,2
P00075,A00360,3
P00075,A00361,4
P00075,A00362,5
P00075,A00363,6
P00075,A00364,7
P00075,A00365,8
P00075,A00366,9
P00075,A00367,10
P00075,A00368,11
P00075,A00369,12
P00075,A00370,13
P00075,A00371,14
P00075,A00372,15
P00076,A00143,4
P00076,A00180,7
P00076,A00181,6
P00076,A00211,1
P00076,A00212,3
P00076,A00213,2
P00076,A00214,5
P00077,A00081,4
P00077,A00082,2
P00077,A00101,1
P00077,A00373,3
P00078,A00103,3
P00078,A00247,1
P00078,A00374,2
P00078,A00375,4
P00078,A00376,5
P00079,A00158,3
P00079,A00159,2
P00079,A00211,1
P00080,A00046,6
P00080,A00216,2
P00080,A00217,3
P00080,A00218,1
P00080,A00219,5
P00080,A00377,4
P00081,A00247,2
P00081,A00378,1
P00082,A00081,2
P00082,A00149,1
P00082,A00379,3
P00082,A00380,4
P00083,A00112,3
P00083,A00381,1
P00083,A00382,2
P00083,A00383,4
P00083,A00384,5
P00083,A00385,6
P00083,A00386,7
P00083,A00387,8
P00084,A00017,3
P00084,A00018,4
P00084,A00021,5
P00084,A00024,1
P00084,A00388,2
P00084,A00389,6
P00084,A00390,7
P00085,A00081,2
P00085,A00128,6
P00085,A00374,4
P00085,A00391,1
P00085,A00392,3
P00085,A00393,5
P00085,A00394,7
P00085,A00395,8
P00086,A00396,1
P00086,A00397,2
P00086,A00398,3
P00086,A00399,4
P00086,A00400,5
P00087,A00040,1
P00087,A00041,2
P00087,A00042,3
P00087,A00043,4
P00088,A00255,1
P00088,A00401,2
P00088,A00402,3
P00088,A00403,4
P00089,A00067,4
P00089,A00068,5
P00089,A00404,1
P00089,A00405,2
P00089,A00406,3
P00089,A00407,6
P00090,A00113,2
P00090,A00408,1
P00090,A00409,3
P00090,A00410,4
P00090,A00411,5
P00091,A00203,3
P00091,A00412,1
P00091,A00413,2
P00091,A00414,4
P00091,A00415,5
P00091,A00416,6
P00092,A00034,2
P00092,A00037,3
P00092,A00417,1
P00093,A00418,1
P00094,A00347,6
P00094,A00419,1
P00094,A00420,2
P00094,A00421,3
P00094,A00422,4
P00094,A00423,5
P00094,A00424,7
P00095,A00425,1
P00095,A00426,2
P00095,A00427,3
P00095,A00428,4
P00095,A00429,5
P00096,A00050,1
P00096,A00054,4
P00096,A00430,2
P00096,A00431,3
P00097,A00432,1
P00097,A00433,2
P00097,A00434,3
P00098,A00068,4
P00098,A00227,3
P00098,A00405,2
P00098,A00406,6
P00098,A00407,1
P00098,A00435,5
P00099,A00067,4
P00099,A00068,3
P00099,A00081,5
P00099,A00101,1
P00099,A00436,2
P00099,A00437,6
P00100,A00438,1
P00100,A00439,2
P00101,A00073,2
P00101,A00081,4
P00101,A00158,1
P00101,A00160,5
P00101,A00273,6
P00101,A00439,3
P00101,A00440,7
P00101,A00441,8
P00102,A00442,1
P00102,A00443,2
P00102,A00444,3
P00102,A00445,4
P00102,A00446,5
P00102,A00447,6
P00102,A00448,7
P00103,A00449,1
P00103,A00450,2
P00103,A00451,3
P00103,A00452,4
P00103,A00453,5
P00104,A00454,1
P00104,A00455,2
P00104,A00456,3
P00104,A00457,4
P00104,A00458,5
P00105,A00459,1
P00105,A00460,2
P00105,A00461,3
P00105,A00462,4
P00105,A00463,5
P00105,A00464,6
P00106,A00029,28
P00106,A00099,18
P00106,A00191,12
P00106,A00194,2
P00106,A00465,1
P00106,A00466,3
P00106,A00467,4
P00106,A00468,5
P00106,A00469,6
P00106,A00470,7
P00106,A00471,8
P00106,A00472,9
P00106,A00473,10
P00106,A00474,11
P00106,A00475,13
P00106,A00476,14
P00106,A00477,15
P00106,A00478,16
P00106,A00479,17
P00106,A00480,19
P00106,A00481,20
P00106,A00482,21
P00106,A00483,22
P00106,A00484,23
P00106,A00485,24
P00106,A00486,25
P00106,A00487,26
P00106,A00488,27
P00106,A00489,29
P00106,A00490,30
P00106,A00491,31
P00106,A00492,32
P00106,A00493,33
P00106,A00494,34
P00106,A00495,35
P00106,A00496,36
P00106,A00497,37
P00107,A00029,28
P00107,A00099,18
P00107,A00191,12
P00107,A00194,2
P00107,A00465,1
P00107,A00466,3
P00107,A00467,4
P00107,A00468,5
P00107,A00469,6
P00107,A00470,7
P00107,A00471,8
P00107,A00472,9
P00107,A00473,10
P00107,A00474,11
P00107,A00475,13
P00107,A00476,14
P00107,A00477,15
P00107,A00478,16
P00107,A00479,17
P00107,A00480,19
P00107,A00481,20
P00107,A00482,21
P00107,A00483,22
P00107,A00484,23
P00107,A00485,24
P00107,A00486,25
P00107,A00487,26
P00107,A00488,27
P00107,A00489,29
P00107,A00490,30
P00107,A00491,31
P00107,A00492,32
P00107,A00493,33
P00107,A00494,34
P00107,A00495,35
P00107,A00496,36
P00107,A00497,37
P00108,A00498,1
P00108,A00499,2
P00108,A00500,3
P00108,A00501,4
P00108,A00502,5
P00109,A00503,1
P00109,A00504,2
P00109,A00505,3
P00109,A00506,4
P00109,A00507,5
P00109,A00508,6
P00109,A00509,7
P00110,A00118,10
P00110,A00119,9
P00110,A00510,1
P00110,A00511,2
P00110,A00512,3
P00110,A00513,4
P00110,A00514,5
P00110,A00515,6
P00110,A00516,7
P00110,A00517,8
P00111,A00358,2
P00111,A00364,6
P00111,A00366,1
P00111,A00367,5
P00111,A00369,8
P00111,A00518,3
P00111,A00519,4
P00111,A00520,7
P00112,A00116,2
P00112,A00390,3
P00112,A00521,1
P00113,A00023,2
P00113,A00060,6
P00113,A00061,3
P00113,A00179,1
P00113,A00522,4
P00113,A00523,5
P00114,A00029,3
P00114,A00276,4
P00114,A00524,1
P00114,A00525,2
P00115,A00097,6
P00115,A00526,1
P00115,A00527,2
P00115,A00528,3
P00115,A00529,4
P00115,A00530,5
P00116,A00020,5
P00116,A00081,2
P00116,A00212,3
P00116,A00247,4
P00116,A00374,1
P00117,A00063,4
P00117,A00531,1
P00117,A00532,2
P00117,A00533,3
P00117,A00534,5
P00117,A00535,6
P00117,A00536,7
P00117,A00537,8
P00118,A00459,3
P00118,A00538,1
P00118,A00539,2
P00118,A00540,4
P00118,A00541,5
P00118,A00542,6
P00119,A00073,6
P00119,A00074,1
P00119,A00081,7
P00119,A00276,2
P00119,A00392,3
P00119,A00497,4
P00119,A00543,5
P00119,A00544,8
P00119,A00545,9
P00119,A00546,10
P00119,A00547,11
P00120,A00239,2
P00120,A00548,1
P00120,A00549,3
P00120,A00550,4
P00121,A00551,1
P00121,A00552,2
P00121,A00553,3
P00121,A00554,4
P00122,A00555,1
P00122,A00556,2
P00123,A00067,1
P00123,A00068,2
P00123,A00557,3
P00123,A00558,4
P00123,A00559,5
P00123,A00560,6
P00123,A00561,7
P00123,A00562,8
P00123,A00563,9
P00124,A00073,2
P00124,A00081,4
P00124,A00158,1
P00124,A00160,5
P00124,A00273,6
P00124,A00564,3
P00125,A00347,1
P00125,A00348,2
P00125,A00349,3
P00126,A00423,2
P00126,A00565,1
P00127,A00566,1
P00127,A00567,2
P00127,A00568,3
P00127,A00569,4
P00127,A00570,5
P00128,A00073,2
P00128,A00081,4
P00128,A00100,3
P00128,A00158,1
P00128,A00160,5
P00128,A00163,7
P00128,A00273,6
P00128,A00274,8
P00129,A00571,1
P00129,A00572,2
P00129,A00573,3
P00129,A00574,4
P00129,A00575,5
P00129,A00576,6
P00130,A00124,3
P00130,A00125,1
P00130,A00128,2
P00130,A00199,6
P00130,A00334,4
P00130,A00376,7
P00130,A00577,5
P00130,A00578,8
P00130,A00579,9
P00131,A00497,32
P00131,A00580,1
P00131,A00581,2
P00131,A00582,3
P00131,A00583,4
P00131,A00584,5
P00131,A00585,6
P00131,A00586,7
P00131,A00587,8
P00131,A00588,9
P00131,A00589,10
P00131,A00590,11
P00131,A00591,12
P00131,A00592,13
P00131,A00593,14
P00131,A00594,15
P00131,A00595,16
P00131,A00596,17
P00131,A00597,18
P00131,A00598,19
P00131,A00599,20
P00131,A00600,21
P00131,A00601,22
P00131,A00602,23
P00131,A00603,24
P00131,A00604,25
P00131,A00605,26
P00131,A00606,27
P00131,A00607,28
P00131,A00608,29
P00131,A00609,30
P00131,A00610,31
P00131,A00611,33
P00132,A00497,32
P00132,A00580,1
P00132,A00581,2
P00132,A00582,3
P00132,A00583,4
P00132,A00584,5
P00132,A00585,6
P00132,A00586,7
P00132,A00587,8
P00132,A00588,9
P00132,A00589,10
P00132,A00590,11
P00132,A00591,12
P00132,A00592,13
P00132,A00593,14
P00132,A00594,15
P00132,A00595,16
P00132,A00596,17
P00132,A00597,18
P00132,A00598,19
P00132,A00599,20
P00132,A00600,21
P00132,A00601,22
P00132,A00602,23
P00132,A00603,24
P00132,A00604,25
P00132,A00605,26
P00132,A00606,27
P00132,A00607,28
P00132,A00608,29
P00132,A00609,30
P00132,A00610,31
P00132,A00611,33
P00133,A00116,2
P00133,A00390,3
P00133,A00521,1
P00134,A00612,1
P00134,A00613,2
P00134,A00614,3
P00134,A00615,4
P00134,A00616,5
P00134,A00617,6
P00134,A00618,7
P00134,A00619,8
P00134,A00620,9
P00134,A00621,10
P00135,A00255,3
P00135,A00622,1
P00135,A00623,2
P00136,A00365,1
P00136,A00624,2
P00136,A00625,3
P00136,A00626,4
P00137,A00198,5
P00137,A00247,2
P00137,A00254,1
P00137,A00627,3
P00137,A00628,4
P00138,A00629,1
P00138,A00630,2
P00138,A00631,3
P00138,A00632,4
P00138,A00633,5
P00139,A00634,1
P00139,A00635,2
P00140,A00145,4
P00140,A00636,1
P00140,A00637,2
P00140,A00638,3
P00141,A00002,2
P00141,A00639,1
P00142,A00024,3
P00142,A00031,7
P00142,A00032,6
P00142,A00116,1
P00142,A00359,5
P00142,A00390,4
P00142,A00640,2
P00143,A00113,1
P00143,A00641,2
P00143,A00642,3
P00143,A00643,4
P00144,A00644,1
P00144,A00645,2
P00144,A00646,3
P00145,A00103,5
P00145,A00249,2
P00145,A00647,1
P00145,A00648,3
P00145,A00649,4
P00145,A00650,6
P00145,A00651,7
P00145,A00652,8
P00146,A00193,7
P00146,A00391,8
P00146,A00460,1
P00146,A00653,2
P00146,A00654,3
P00146,A00655,4
P00146,A00656,5
P00146,A00657,6
P00146,A00658,9
P00147,A00659,1
P00148,A00128,2
P00148,A00190,1
P00148,A00191,4
P00148,A00193,11
P00148,A00194,10
P00148,A00195,9
P00148,A00200,13
P00148,A00247,3
P00148,A00481,5
P00148,A00580,15
P00148,A00581,16
P00148,A00660,6
P00148,A00661,7
P00148,A00662,8
P00148,A00663,12
P00148,A00664,14
P00148,A00665,17
P00148,A00666,18
P00148,A00667,19
P00149,A00088,1
P00149,A00668,2
P00149,A00669,3
P00149,A00670,4
P00150,A00018,8
P00150,A00068,5
P00150,A00073,1
P00150,A00081,7
P00150,A00158,2
P00150,A00671,3
P00150,A00672,4
P00150,A00673,6
P00150,A00674,9
P00151,A00675,1
P00151,A00676,2
P00151,A00677,3
P00151,A00678,4
P00152,A00679,1
P00153,A00680,1
P00153,A00681,2
P00153,A00682,3
P00153,A00683,4
P00153,A00684,5
P00153,A00685,6
P00154,A00686,1
P00154,A00687,2
P00154,A00688,3
P00154,A00689,4
P00154,A00690,5
P00154,A00691,6
P00154,A00692,7
P00154,A00693,8
P00154,A00694,9
P00155,A00695,1
P00155,A00696,2
P00155,A00697,3
P00155,A00698,4
P00156,A00033,4
P00156,A00034,3
P00156,A00037,2
P00156,A00067,8
P00156,A00223,5
P00156,A00227,9
P00156,A00228,7
P00156,A00699,1
P00156,A00700,6
P00157,A00239,2
P00157,A00701,1
P00157,A00702,3
P00158,A00160,3
P00158,A00230,4
P00158,A00703,1
P00158,A00704,2
P00158,A00705,5
P00158,A00706,6
P00158,A00707,7
P00159,A00054,2
P00159,A00143,3
P00159,A00170,1
P00159,A00172,4
P00160,A00125,1
P00160,A00128,2
P00160,A00196,3
P00161,A00708,1
P00161,A00709,2
P00161,A00710,3
P00162,A00708,1
P00162,A00709,2
P00162,A00711,3
P00162,A00712,4
P00163,A00713,1
P00163,A00714,2
P00163,A00715,3
P00163,A00716,4
P00163,A00717,5
P00164,A00718,1
P00165,A00719,1
P00165,A00720,2
P00166,A00402,5
P00166,A00721,1
P00166,A00722,2
P00166,A00723,3
P00166,A00724,4
P00167,A00128,2
P00167,A00314,3
P00167,A00725,1
P00168,A00726,1
P00168,A00727,2
P00168,A00728,3
P00168,A00729,4
P00169,A00067,9
P00169,A00730,1
P00169,A00731,2
P00169,A00732,3
P00169,A00733,4
P00169,A00734,5
P00169,A00735,6
P00169,A00736,7
P00169,A00737,8
P00170,A00124,4
P00170,A00125,1
P00170,A00126,2
P00170,A00127,3
P00170,A00128,5
P00170,A00577,6
P00171,A00738,1
P00171,A00739,2
P00171,A00740,3
P00171,A00741,4
P00171,A00742,5
P00171,A00743,6
P00171,A00744,7
P00172,A00745,1
P00172,A00746,2
P00172,A00747,3
P00172,A00748,4
P00172,A00749,5
P00173,A00750,1
P00173,A00751,2
P00173,A00752,3
P00173,A00753,4
P00174,A00232,6
P00174,A00460,14
P00174,A00754,1
P00174,A00755,2
P00174,A00756,3
P00174,A00757,4
P00174,A00758,5
P00174,A00759,7
P00174,A00760,8
P00174,A00761,9
P00174,A00762,10
P00174,A00763,11
P00174,A00764,12
P00174,A00765,13
P00174,A00766,15
P00174,A00767,16
P00175,A00768,1
P00175,A00769,2
P00175,A00770,3
P00175,A00771,4
P00175,A00772,5
P00176,A00147,3
P00176,A00773,1
P00176,A00774,2
P00177,A00018,3
P00177,A00021,2
P00177,A00070,8
P00177,A00775,1
P00177,A00776,4
P00177,A00777,5
P00177,A00778,6
P00177,A00779,7
P00178,A00081,2
P00178,A00128,12
P00178,A00190,13
P00178,A00193,15
P00178,A00194,10
P00178,A00227,20
P00178,A00391,1
P00178,A00392,3
P00178,A00393,11
P00178,A00394,4
P00178,A00459,5
P00178,A00497,7
P00178,A00660,14
P00178,A00664,9
P00178,A00780,6
P00178,A00781,8
P00178,A00782,16
P00178,A00783,17
P00178,A00784,18
P00178,A00785,19
P00179,A00229,9
P00179,A00638,4
P00179,A00714,6
P00179,A00786,1
P00179,A00787,2
P00179,A00788,3
P00179,A00789,5
P00179,A00790,7
P00179,A00791,8
P00179,A00792,10
P00180,A00067,9
P00180,A00070,7
P00180,A00073,2
P00180,A00081,10
P00180,A00143,3
P00180,A00158,1
P00180,A00160,8
P00180,A00273,11
P00180,A00793,4
P00180,A00794,5
P00180,A00795,6
P00181,A00018,8
P00181,A00068,6
P00181,A00073,3
P00181,A00081,5
P00181,A00158,2
P00181,A00185,7
P00181,A00211,4
P00181,A00351,9
P00181,A00796,1
P00182,A00081,7
P00182,A00124,8
P00182,A00145,1
P00182,A00146,2
P00182,A00147,4
P00182,A00149,6
P00182,A00150,5
P00182,A00153,15
P00182,A00155,13
P00182,A00157,9
P00182,A00797,3
P00182,A00798,10
P00182,A00799,11
P00182,A00800,12
P00182,A00801,14
P00183,A00018,10
P00183,A00023,4
P00183,A00073,2
P00183,A00081,8
P00183,A00158,1
P00183,A00160,7
P00183,A00185,12
P00183,A00351,11
P00183,A00390,13
P00183,A00564,9
P00183,A00672,3
P00183,A00802,5
P00183,A00803,6
P00184,A00804,1
P00184,A00805,2
P00184,A00806,3
P00185,A00024,3
P00185,A00046,4
P00185,A00216,2
P00185,A00807,1
P00186,A00067,4
P00186,A00160,3
P00186,A00704,2
P00186,A00808,1
P00187,A00128,4
P00187,A00193,10
P00187,A00194,12
P00187,A00195,13
P00187,A00198,8
P00187,A00199,9
P00187,A00391,7
P00187,A00395,5
P00187,A00654,2
P00187,A00655,1
P00187,A00657,3
P00187,A00785,14
P00187,A00809,6
P00187,A00810,11
P00187,A00811,15
P00188,A00812,1
P00188,A00813,2
P00188,A00814,3
P00188,A00815,4
P00189,A00103,6
P00189,A00816,1
P00189,A00817,2
P00189,A00818,3
P00189,A00819,4
P00189,A00820,5
P00190,A00462,4
P00190,A00821,1
P00190,A00822,2
P00190,A00823,3
P00190,A00824,5
P00191,A00019,2
P00191,A00054,5
P00191,A00170,4
P00191,A00423,1
P00191,A00825,3
P00192,A00826,1
P00192,A00827,2
P00192,A00828,3
P00192,A00829,4
P00192,A00830,5
P00193,A00073,4
P00193,A00081,6
P00193,A00158,1
P00193,A00160,5
P00193,A00273,7
P00193,A00392,3
P00193,A00394,2
P00194,A00103,2
P00194,A00459,3
P00194,A00462,4
P00194,A00824,5
P00194,A00831,1
P00195,A00623,2
P00195,A00832,1
P00195,A00833,3
P00195,A00834,4
P00195,A00835,5
P00196,A00836,1
P00197,A00837,1
P00197,A00838,2
P00197,A00839,3
P00197,A00840,4
P00197,A00841,5
P00198,A00124,1
P00198,A00125,2
P00198,A00127,3
P00198,A00128,6
P00198,A00197,5
P00198,A00577,8
P00198,A00801,10
P00198,A00842,4
P00198,A00843,7
P00198,A00844,9
P00199,A00845,1
P00199,A00846,2
P00200,A00847,1
P00200,A00848,2
P00200,A00849,3
P00200,A00850,4
P00200,A00851,5
P00200,A00852,6
P00201,A00853,1
P00201,A00854,2
P00202,A00855,1
P00202,A00856,2
P00202,A00857,3
P00202,A00858,4
P00203,A00255,1
P00203,A00401,2
P00203,A00402,5
P00203,A00564,3
P00203,A00834,6
P00203,A00859,4
P00204,A00824,2
P00204,A00860,1
P00204,A00861,3
P00204,A00862,4
P00204,A00863,5
P00205,A00864,1
P00205,A00865,2
P00206,A00023,2
P00206,A00062,5
P00206,A00802,4
P00206,A00866,1
P00206,A00867,3
P00207,A00868,1
P00207,A00869,2
P00207,A00870,3
P00208,A00249,4
P00208,A00564,1
P00208,A00871,2
P00208,A00872,3
P00208,A00873,5
P00208,A00874,6
P00208,A00875,7
P00208,A00876,8
P00208,A00877,9
P00208,A00878,10
P00208,A00879,11
P00208,A00880,12
P00208,A00881,13
P00208,A00882,14
P00208,A00883,15
P00209,A00249,4
P00209,A00286,5
P00209,A00288,7
P00209,A00880,6
P00209,A00884,1
P00209,A00885,2
P00209,A00886,3
P00209,A00887,8
P00209,A00888,9
P00209,A00889,10
P00209,A00890,11
P00210,A00891,1
P00210,A00892,2
P00210,A00893,3
P00210,A00894,4
P00211,A00050,1
P00211,A00054,2
P00211,A00895,3
P00211,A00896,4
P00212,A00423,1
P00212,A00639,4
P00212,A00897,2
P00212,A00898,3
P00213,A00899,1
P00213,A00900,2
P00214,A00282,5
P00214,A00684,4
P00214,A00901,1
P00214,A00902,2
P00214,A00903,3
P00215,A00068,13
P00215,A00124,3
P00215,A00127,4
P00215,A00577,14
P00215,A00734,6
P00215,A00797,9
P00215,A00801,1
P00215,A00904,2
P00215,A00905,5
P00215,A00906,7
P00215,A00907,8
P00215,A00908,10
P00215,A00909,11
P00215,A00910,12
P00215,A00911,15
P00215,A00912,16
P00215,A00913,17
P00216,A00117,6
P00216,A00904,4
P00216,A00914,1
P00216,A00915,2
P00216,A00916,3
P00216,A00917,5
P00216,A00918,7
P00216,A00919,8
P00216,A00920,9
P00216,A00921,10
P00216,A00922,11
P00216,A00923,12
P00216,A00924,13
P00217,A00124,3
P00217,A00125,1
P00217,A00128,2
P00217,A00577,5
P00217,A00925,4
P00218,A00116,2
P00218,A00390,3
P00218,A00521,5
P00218,A00640,4
P00218,A00926,1
P00219,A00331,3
P00219,A00628,2
P00219,A00927,1
P00219,A00928,4
P00220,A00054,3
P00220,A00929,1
P00220,A00930,2
P00221,A00931,1
P00221,A00932,2
P00221,A00933,3
P00221,A00934,4
P00221,A00935,5
P00221,A00936,6
P00222,A00937,1
P00222,A00938,2
P00222,A00939,3
P00222,A00940,4
P00222,A00941,5
P00223,A00942,1
P00223,A00943,2
P00223,A00944,3
P00223,A00945,4
P00223,A00946,5
P00224,A00018,5
P00224,A00143,2
P00224,A00623,3
P00224,A00832,4
P00224,A00947,1
P00225,A00018,5
P00225,A00022,7
P00225,A00299,3
P00225,A00300,2
P00225,A00530,6
P00225,A00948,1
P00225,A00949,4
P00225,A00950,8
P00226,A00018,4
P00226,A00021,5
P00226,A00022,8
P00226,A00024,1
P00226,A00188,7
P00226,A00948,2
P00226,A00951,3
P00226,A00952,6
P00227,A00018,5
P00227,A00021,6
P00227,A00022,7
P00227,A00024,4
P00227,A00188,8
P00227,A00948,1
P00227,A00951,2
P00227,A00952,3
P00228,A00018,4
P00228,A00068,5
P00228,A00073,3
P00228,A00081,6
P00228,A00158,2
P00228,A00185,7
P00228,A00351,8
P00228,A00796,1
P00229,A00953,1
P00229,A00954,2
P00230,A00955,1
P00230,A00956,2
P00230,A00957,3
P00230,A00958,4
P00230,A00959,5
P00230,A00960,6
P00230,A00961,7
P00230,A00962,8
P00230,A00963,9
P00230,A00964,10
P00231,A00965,1
P00231,A00966,2
P00232,A00967,1
P00232,A00968,2
P00232,A00969,3
P00232,A00970,4
P00232,A00971,5
P00232,A00972,6
P00233,A00973,1
P00233,A00974,2
P00233,A00975,3
P00234,A00072,2
P00234,A00315,10
P00234,A00316,4
P00234,A00563,7
P00234,A00906,9
P00234,A00976,1
P00234,A00977,3
P00234,A00978,5
P00234,A00979,6
P00234,A00980,8
P00234,A00981,11
P00234,A00982,12
P00234,A00983,13
P00235,A00984,1
P00235,A00985,2
P00235,A00986,3
P00235,A00987,4
P00236,A00988,1
P00236,A00989,2
P00236,A00990,3
P00236,A00991,4
P00236,A00992,5
P00236,A00993,6
P00236,A00994,7
P00236,A00995,8
P00237,A00996,1
P00237,A00997,2
P00237,A00998,3
P00238,A00046,4
P00238,A00216,2
P00238,A00333,3
P00238,A00807,1
P00239,A00951,1
P00239,A00999,2
P00239,A01000,3
P00239,A01001,4
P00240,A01002,1
P00240,A01003,2
P00240,A01004,3
P00240,A01005,4
P00241,A00999,2
P00241,A01006,1
P00241,A01007,3
P00241,A01008,4
P00241,A01009,5
P00241,A01010,6
P00241,A01011,7
P00241,A01012,8
P00241,A01013,9
P00242,A00948,1
P00242,A00952,2
P00243,A01014,1
P00243,A01015,2
P00243,A01016,3
P00243,A01017,4
P00244,A01018,1
P00244,A01019,2
P00244,A01020,3
P00244,A01021,4
P00244,A01022,5
P00244,A01023,6
P00245,A00143,4
P00245,A00180,7
P00245,A00181,6
P00245,A00211,1
P00245,A00212,2
P00245,A00213,3
P00245,A00214,5
P00246,A00935,4
P00246,A01024,1
P00246,A01025,2
P00246,A01026,3
P00246,A01027,5
P00246,A01028,6
P00247,A00050,5
P00247,A00054,3
P00247,A00067,6
P00247,A00068,2
P00247,A00171,4
P00247,A00895,1
P00248,A00103,2
P00248,A00831,1
P00249,A00205,2
P00249,A01029,1
P00249,A01030,3
P00250,A00002,2
P00250,A01031,1
P00251,A01032,1
P00251,A01033,2
P00251,A01034,3
P00252,A01035,1
P00252,A01036,2
P00253,A00350,4
P00253,A00351,2
P00253,A00441,6
P00253,A00564,5
P00253,A01037,1
P00253,A01038,3
P00253,A01039,7
P00253,A01040,8
P00253,A01041,9
P00254,A01042,1
P00255,A00250,4
P00255,A01043,1
P00255,A01044,2
P00255,A01045,3
P00255,A01046,5
P00256,A01007,1
P00256,A01047,2
P00256,A01048,3
P00256,A01049,4
P00257,A01050,1
P00257,A01051,2
P00257,A01052,3
P00257,A01053,4
P00258,A01050,1
P00258,A01054,2
P00258,A01055,3
P00259,A01056,1
P00260,A00282,5
P00260,A00684,4
P00260,A00901,1
P00260,A00902,2
P00260,A00903,3
P00261,A00054,4
P00261,A00170,3
P00261,A00423,2
P00261,A00825,1
P00262,A01057,1
P00262,A01058,2
P00262,A01059,3
P00263,A00071,3
P00263,A01060,1
P00263,A01061,2
P00263,A01062,4
P00264,A00128,1
P00264,A00198,5
P00264,A00199,6
P00264,A00229,10
P00264,A00655,2
P00264,A00785,7
P00264,A00809,4
P00264,A00811,8
P00264,A00905,3
P00264,A01063,9
P00265,A01064,1
P00265,A01065,2
P00265,A01066,3
P00266,A00683,4
P00266,A00684,5
P00266,A00901,1
P00266,A00902,2
P00266,A00903,3
P00267,A01067,1
P00267,A01068,2
P00267,A01069,3
P00267,A01070,4
P00267,A01071,5
P00268,A00714,3
P00268,A00786,5
P00268,A00787,2
P00268,A00789,7
P00268,A00790,4
P00268,A00791,6
P00268,A01072,1
P00268,A01073,8
P00269,A00116,8
P00269,A00381,3
P00269,A00926,1
P00269,A01074,2
P00269,A01075,4
P00269,A01076,5
P00269,A01077,6
P00269,A01078,7
P00269,A01079,9
P00269,A01080,10
P00269,A01081,11
P00270,A00018,5
P00270,A00073,3
P00270,A00158,2
P00270,A00160,4
P00270,A00185,7
P00270,A00351,6
P00270,A00672,1
P00271,A00081,5
P00271,A00652,6
P00271,A00818,1
P00271,A00820,4
P00271,A00872,3
P00271,A00876,2
P00272,A00038,2
P00272,A01082,1
P00272,A01083,3
P00272,A01084,4
P00272,A01085,5
P00273,A00351,2
P00273,A01086,1
P00274,A00564,2
P00274,A00882,4
P00274,A00883,3
P00274,A01087,1
P00274,A01088,5
P00274,A01089,6
P00275,A01090,1
P00276,A00249,2
P00276,A00252,4
P00276,A00253,5
P00276,A00647,1
P00276,A00649,3
P00276,A00650,6
P00276,A00876,7
P00276,A01091,8
P00277,A01016,2
P00277,A01017,3
P00277,A01092,1
P00278,A00161,8
P00278,A00162,6
P00278,A01093,1
P00278,A01094,2
P00278,A01095,3
P00278,A01096,4
P00278,A01097,5
P00278,A01098,7
P00278,A01099,9
P00278,A01100,10
P00279,A00158,3
P00279,A01101,1
P00279,A01102,2
P00280,A01101,2
P00280,A01102,1
P00281,A00068,6
P00281,A00460,2
P00281,A00653,4
P00281,A00845,5
P00281,A01103,1
P00281,A01104,3
P00281,A01105,7
P00282,A01106,1
P00282,A01107,2
P00282,A01108,3
P00282,A01109,4
P00282,A01110,5
P00282,A01111,6
P00282,A01112,7
P00282,A01113,8
P00282,A01114,9
P00283,A01115,1
P00283,A01116,2
P00283,A01117,3
P00283,A01118,4
P00283,A01119,5
P00283,A01120,6
P00283,A01121,7
P00283,A01122,8
P00283,A01123,9
P00283,A01124,10
P00284,A00419,2
P00284,A00423,3
P00284,A00825,1
P00285,A00052,8
P00285,A00249,5
P00285,A00564,4
P00285,A00822,14
P00285,A00859,12
P00285,A00872,7
P00285,A00875,13
P00285,A00877,1
P00285,A00879,2
P00285,A00880,6
P00285,A00882,10
P00285,A00883,9
P00285,A01125,3
P00285,A01126,11
P00286,A00117,4
P00286,A00904,7
P00286,A00914,1
P00286,A00916,2
P00286,A00922,5
P00286,A00923,3
P00286,A00928,6
P00287,A00081,7
P00287,A00317,4
P00287,A00321,2
P00287,A01127,1
P00287,A01128,3
P00287,A01129,5
P00287,A01130,6
P00288,A01131,1
P00288,A01132,2
P00289,A00255,7
P00289,A00511,3
P00289,A00512,4
P00289,A00516,5
P00289,A01133,1
P00289,A01134,2
P00289,A01135,6
P00290,A01136,1
P00290,A01137,2
P00290,A01138,3
P00290,A01139,4
P00290,A01140,5
P00291,A00335,3
P00291,A00336,6
P00291,A00338,4
P00291,A01141,1
P00291,A01142,2
P00291,A01143,5
P00292,A01144,1
P00293,A00081,5
P00293,A00227,4
P00293,A00316,9
P00293,A00319,1
P00293,A00577,3
P00293,A00640,8
P00293,A00645,2
P00293,A01145,6
P00293,A01146,7
P00294,A01147,1
P00294,A01148,2
P00294,A01149,3
P00295,A00313,1
P00295,A00314,5
P00295,A00315,4
P00295,A00317,3
P00295,A01055,2
P00296,A00070,2
P00296,A01150,1
P00297,A00351,2
P00297,A01151,1
P00297,A01152,3
P00297,A01153,4
P00297,A01154,5
P00298,A00358,3
P00298,A01155,1
P00298,A01156,2
P00298,A01157,4
P00298,A01158,5
P00299,A00201,2
P00299,A01159,1
P00300,A01160,1
P00301,A00390,5
P00301,A00622,3
P00301,A01012,4
P00301,A01161,1
P00301,A01162,2
P00302,A00018,8
P00302,A00070,7
P00302,A00073,1
P00302,A00081,11
P00302,A00143,4
P00302,A00158,2
P00302,A00160,10
P00302,A00351,9
P00302,A00671,3
P00302,A00793,6
P00302,A01163,5
P00303,A00039,1
P00303,A00116,8
P00303,A00521,7
P00303,A00906,4
P00303,A00980,2
P00303,A00981,5
P00303,A01164,3
P00303,A01165,6
P00304,A00623,2
P00304,A01166,1
P00305,A01014,1
P00305,A01016,2
P00305,A01017,4
P00305,A01167,3
P00306,A00067,4
P00306,A00068,5
P00306,A00460,2
P00306,A00845,3
P00306,A01103,1
P00306,A01168,6
P00307,A00050,1
P00307,A00054,2
P00307,A01169,3
P00307,A01170,4
P00308,A00336,2
P00308,A00337,5
P00308,A00338,7
P00308,A00391,6
P00308,A00392,3
P00308,A01141,4
P00308,A01171,1
P00309,A00054,2
P00309,A00066,4
P00309,A00170,3
P00309,A01172,1
P00310,A00898,3
P00310,A01173,1
P00310,A01174,2
P00311,A00130,4
P00311,A00194,9
P00311,A00655,8
P00311,A01175,1
P00311,A01176,2
P00311,A01177,3
P00311,A01178,5
P00311,A01179,6
P00311,A01180,7
P00312,A01174,1
P00312,A01181,2
P00312,A01182,3
P00312,A01183,4
P00313,A01184,1
P00313,A01185,2
P00313,A01186,3
P00313,A01187,4
P00313,A01188,5
P00314,A01189,1
P00314,A01190,2
P00314,A01191,3
P00314,A01192,4
P00314,A01193,5
P00314,A01194,6
P00314,A01195,7
P00314,A01196,8
P00314,A01197,9
P00314,A01198,10
P00314,A01199,11
P00314,A01200,12
P00315,A00933,7
P00315,A00935,6
P00315,A01024,1
P00315,A01025,2
P00315,A01027,5
P00315,A01201,3
P00315,A01202,4
P00316,A01203,1
P00316,A01204,2
P00316,A01205,3
P00316,A01206,4
P00316,A01207,5
P00316,A01208,6
P00317,A00186,4
P00317,A00777,5
P00317,A01209,1
P00317,A01210,2
P00317,A01211,3
P00317,A01212,6
P00317,A01213,7
P00318,A00018,9
P00318,A00179,7
P00318,A00187,3
P00318,A00390,8
P00318,A01214,1
P00318,A01215,2
P00318,A01216,4
P00318,A01217,5
P00318,A01218,6
P00319,A01182,1
P00319,A01219,2
P00319,A01220,3
P00320,A00360,4
P00320,A01221,1
P00320,A01222,2
P00320,A01223,3
P00320,A01224,5
P00321,A00046,2
P00321,A01225,1
P00321,A01226,3
P00321,A01227,4
P00321,A01228,5
P00322,A00351,2
P00322,A01229,1
P00322,A01230,3
P00323,A01231,1
P00323,A01232,2
P00324,A00845,2
P00324,A01233,1
P00325,A00143,11
P00325,A00158,2
P00325,A00159,1
P00325,A00160,5
P00325,A00185,9
P00325,A00672,4
P00325,A00673,6
P00325,A01013,8
P00325,A01234,3
P00325,A01235,7
P00325,A01236,10
P00326,A01237,1
P00326,A01238,2
P00326,A01239,3
P00327,A00253,3
P00327,A00402,2
P00327,A00733,4
P00327,A01039,12
P00327,A01240,1
P00327,A01241,5
P00327,A01242,6
P00327,A01243,7
P00327,A01244,8
P00327,A01245,9
P00327,A01246,10
P00327,A01247,11
P00328,A00845,1
P00328,A01103,3
P00328,A01233,2
P00329,A00034,5
P00329,A00037,1
P00329,A00198,10
P00329,A00228,9
P00329,A00229,6
P00329,A00405,8
P00329,A01248,2
P00329,A01249,3
P00329,A01250,4
P00329,A01251,7
P00330,A01252,1
P00330,A01253,2
P00330,A01254,3
P00330,A01255,4
P00331,A00100,5
P00331,A00102,6
P00331,A00103,8
P00331,A00125,4
P00331,A00157,1
P00331,A00158,3
P00331,A01105,10
P00331,A01256,2
P00331,A01257,7
P00331,A01258,9
P00332,A01259,1
P00332,A01260,2
P00333,A00372,3
P00333,A00530,5
P00333,A01261,1
P00333,A01262,2
P00333,A01263,4
P00333,A01264,6
P00333,A01265,7
P00334,A01266,1
P00334,A01267,2
P00335,A01268,1
P00335,A01269,2
P00335,A01270,3
P00335,A01271,4
P00336,A01272,1
P00336,A01273,2
P00337,A01274,1
P00337,A01275,2
P00337,A01276,3
P00338,A00987,1
P00338,A01277,2
P00338,A01278,3
P00338,A01279,4
P00338,A01280,5
P00339,A01281,1
P00340,A00181,8
P00340,A00286,2
P00340,A00534,3
P00340,A01282,1
P00340,A01283,4
P00340,A01284,5
P00340,A01285,6
P00340,A01286,7
P00341,A00227,3
P00341,A00247,2
P00341,A00254,1
P00341,A01287,4
P00342,A00133,11
P00342,A00500,10
P00342,A00580,13
P00342,A00667,9
P00342,A01288,1
P00342,A01289,2
P00342,A01290,3
P00342,A01291,4
P00342,A01292,5
P00342,A01293,6
P00342,A01294,7
P00342,A01295,8
P00342,A01296,12
P00343,A00018,4
P00343,A00050,1
P00343,A00053,2
P00343,A00054,6
P00343,A00066,7
P00343,A00067,8
P00343,A00181,3
P00343,A00718,5
P00343,A00913,9
P00343,A01297,10
P00343,A01298,11
P00344,A00018,14
P00344,A00050,1
P00344,A00053,2
P00344,A00054,11
P00344,A00056,4
P00344,A00057,17
P00344,A00059,7
P00344,A00060,3
P00344,A00061,18
P00344,A00062,20
P00344,A00063,6
P00344,A00069,10
P00344,A00181,15
P00344,A00430,8
P00344,A00431,9
P00344,A00913,16
P00344,A01119,5
P00344,A01297,12
P00344,A01298,13
P00344,A01299,19
P00345,A00050,1
P00345,A00053,2
P00345,A00181,4
P00345,A01013,3
P00346,A00054,3
P00346,A00929,1
P00346,A00930,2
P00347,A00386,2
P00347,A00793,6
P00347,A00846,7
P00347,A01300,1
P00347,A01301,3
P00347,A01302,4
P00347,A01303,5
P00347,A01304,8
P00348,A00180,4
P00348,A00718,3
P00348,A00775,5
P00348,A00982,6
P00348,A01305,1
P00348,A01306,2
P00349,A01307,1
P00349,A01308,2
P00349,A01309,3
P00349,A01310,4
P00349,A01311,5
P00349,A01312,6
P00349,A01313,7
P00349,A01314,8
P00349,A01315,9
P00349,A01316,10
P00350,A00351,4
P00350,A01230,1
P00350,A01317,2
P00350,A01318,3
P00351,A00252,1
P00351,A00253,2
P00351,A00254,3
P00351,A00255,4
P00351,A00257,6
P00351,A01319,5
P00352,A00020,8
P00352,A00185,10
P00352,A00868,3
P00352,A01266,4
P00352,A01320,1
P00352,A01321,2
P00352,A01322,5
P00352,A01323,6
P00352,A01324,7
P00352,A01325,9
P00353,A00842,2
P00353,A00883,1
P00354,A00953,1
P00354,A00954,2
P00355,A00498,1
P00356,A01326,1
P00356,A01327,2
P00356,A01328,3
P00356,A01329,4
P00357,A01330,1
P00357,A01331,2
P00357,A01332,3
P00357,A01333,4
P00357,A01334,5
P00357,A01335,6
P00357,A01336,7
P00357,A01337,8
P00357,A01338,9
P00357,A01339,10
P00357,A01340,11
P00358,A00645,2
P00358,A01341,1
P00358,A01342,3
P00358,A01343,4
P00358,A01344,5
P00359,A00249,3
P00359,A00564,2
P00359,A00883,4
P00359,A01345,1
P00360,A01346,1
P00360,A01347,2
P00360,A01348,3
P00361,A01346,1
P00361,A01349,2
P00361,A01350,3
P00362,A00054,2
P00362,A00228,5
P00362,A00376,3
P00362,A01351,1
P00362,A01352,4
P00363,A00077,4
P00363,A00160,8
P00363,A00247,2
P00363,A00254,1
P00363,A00580,10
P00363,A00581,11
P00363,A00660,12
P00363,A00667,9
P00363,A01353,3
P00363,A01354,5
P00363,A01355,6
P00363,A01356,7
P00364,A00158,2
P00364,A00159,3
P00364,A00160,5
P00364,A00180,6
P00364,A00185,7
P00364,A00351,8
P00364,A00564,4
P00364,A00672,1
P00365,A00419,2
P00365,A00423,1
P00365,A01357,3
P00366,A00454,2
P00366,A00458,5
P00366,A01358,1
P00366,A01359,3
P00366,A01360,4
P00366,A01361,6
P00366,A01362,7
P00367,A01363,1
P00368,A00347,1
P00368,A00348,2
P00368,A00349,3
P00369,A01364,1
P00369,A01365,2
P00370,A01366,1
P00371,A00018,5
P00371,A00021,4
P00371,A00181,1
P00371,A00185,11
P00371,A00186,9
P00371,A00255,2
P00371,A00401,6
P00371,A00564,7
P00371,A00623,10
P00371,A00643,3
P00371,A00859,8
P00372,A00128,3
P00372,A00335,1
P00372,A00336,2
P00372,A00337,6
P00372,A00338,4
P00372,A00339,7
P00372,A00865,5
P00372,A01367,8
P00373,A00193,6
P00373,A00194,5
P00373,A00660,7
P00373,A00783,8
P00373,A01368,1
P00373,A01369,2
P00373,A01370,3
P00373,A01371,4
P00374,A01372,1
P00374,A01373,2
P00375,A00020,6
P00375,A00185,8
P00375,A00704,7
P00375,A00802,9
P00375,A00897,4
P00375,A01374,1
P00375,A01375,2
P00375,A01376,3
P00375,A01377,5
P00376,A00133,5
P00376,A00163,4
P00376,A00393,6
P00376,A00487,12
P00376,A01130,10
P00376,A01168,9
P00376,A01251,7
P00376,A01289,2
P00376,A01290,3
P00376,A01378,1
P00376,A01379,8
P00376,A01380,11
P00377,A01152,3
P00377,A01277,1
P00377,A01279,2
P00378,A01014,1
P00378,A01016,3
P00378,A01017,5
P00378,A01167,4
P00378,A01381,2
P00379,A00018,3
P00379,A00021,2
P00379,A00181,8
P00379,A00775,7
P00379,A01382,1
P00379,A01383,4
P00379,A01384,5
P00379,A01385,6
P00380,A00846,1
P00380,A01386,2
P00380,A01387,3
P00380,A01388,4
P00381,A00081,4
P00381,A00160,3
P00381,A00254,1
P00381,A00628,2
P00382,A00868,1
P00382,A00869,2
P00382,A00870,3
P00383,A00125,1
P00383,A00128,2
P00383,A01389,3
P00384,A00194,10
P00384,A00254,1
P00384,A00564,7
P00384,A00578,3
P00384,A00579,4
P00384,A00580,9
P00384,A00628,2
P00384,A00883,8
P00384,A01355,6
P00384,A01390,5
P00385,A00365,2
P00385,A01391,1
P00385,A01392,3
P00386,A01066,3
P00386,A01393,1
P00386,A01394,2
P00387,A01237,3
P00387,A01395,1
P00387,A01396,2
P00388,A00020,4
P00388,A00179,1
P00388,A00255,2
P00388,A01397,3
P00389,A01398,1
P00389,A01399,2
P00390,A01400,1
P00390,A01401,2
P00390,A01402,3
P00391,A00158,2
P00391,A00159,3
P00391,A00160,4
P00391,A00180,6
P00391,A00185,7
P00391,A00351,8
P00391,A00564,5
P00391,A00672,1
P00392,A00249,3
P00392,A00564,2
P00392,A00877,4
P00392,A00882,5
P00392,A00883,6
P00392,A01403,1
P00393,A01404,1
P00393,A01405,2
P00394,A01406,1
P00394,A01407,2
P00395,A00249,3
P00395,A00253,2
P00395,A00647,4
P00395,A00648,1
P00395,A00650,6
P00395,A01408,5
P00396,A00394,6
P00396,A00459,1
P00396,A00538,4
P00396,A00540,9
P00396,A00542,10
P00396,A01409,2
P00396,A01410,3
P00396,A01411,5
P00396,A01412,7
P00396,A01413,8
P00396,A01414,11
P00397,A00360,1
P00397,A01415,2
P00397,A01416,3
P00397,A01417,4
P00397,A01418,5
P00398,A00023,2
P00398,A00772,3
P00398,A00866,1
P00398,A01011,4
P00398,A01419,5
P00399,A01174,1
P00399,A01181,2
P00399,A01183,3
P00400,A00390,5
P00400,A01420,1
P00400,A01421,2
P00400,A01422,3
P00400,A01423,4
P00401,A01424,1
P00401,A01425,2
P00401,A01426,3
P00401,A01427,4
P00402,A00845,2
P00402,A01428,1
P00403,A00405,1
P00403,A01429,2
P00403,A01430,3
P00403,A01431,4
P00404,A01432,1
P00404,A01433,2
P00404,A01434,3
P00404,A01435,4
P00404,A01436,5
P00405,A01437,1
P00405,A01438,2
P00405,A01439,3
P00405,A01440,4
P00405,A01441,5
P00406,A00143,3
P00406,A00255,8
P00406,A00564,9
P00406,A00622,1
P00406,A00623,5
P00406,A01163,10
P00406,A01442,2
P00406,A01443,4
P00406,A01444,6
P00406,A01445,7
P00407,A00580,10
P00407,A00638,5
P00407,A00786,1
P00407,A00787,2
P00407,A00788,4
P00407,A00789,6
P00407,A00791,7
P00407,A01072,8
P00407,A01073,9
P00407,A01446,3
P00407,A01447,11
P00408,A00124,2
P00408,A00125,4
P00408,A00127,3
P00408,A00797,6
P00408,A00801,5
P00408,A01448,1
P00409,A00390,7
P00409,A00564,2
P00409,A00859,3
P00409,A01230,6
P00409,A01449,1
P00409,A01450,4
P00409,A01451,5
P00409,A01452,8
P00410,A01073,7
P00410,A01453,1
P00410,A01454,2
P00410,A01455,3
P00410,A01456,4
P00410,A01457,5
P00410,A01458,6
P00411,A00351,3
P00411,A01308,2
P00411,A01459,1
P00412,A00351,3
P00412,A00423,2
P00412,A00897,1
P00413,A00018,9
P00413,A00300,2
P00413,A00301,3
P00413,A00359,8
P00413,A01460,1
P00413,A01461,4
P00413,A01462,5
P00413,A01463,6
P00413,A01464,7
P00414,A00953,1
P00414,A00954,2
P00415,A01437,1
P00415,A01438,2
P00415,A01439,3
P00415,A01440,4
P00415,A01441,5
P00416,A01090,1
P00417,A01281,1
P00418,A00002,2
P00418,A00222,3
P00418,A01465,1
P00419,A00020,8
P00419,A00126,3
P00419,A00179,11
P00419,A00185,10
P00419,A00704,9
P00419,A00866,5
P00419,A01324,7
P00419,A01377,6
P00419,A01466,1
P00419,A01467,2
P00419,A01468,4
P00420,A00067,3
P00420,A00068,4
P00420,A00421,2
P00420,A00422,5
P00420,A00703,1
P00420,A01469,6
P00421,A00070,2
P00421,A00071,1
P00421,A01470,3
P00422,A01471,1
P00422,A01472,2
P00422,A01473,3
P00422,A01474,4
P00422,A01475,5
P00422,A01476,6
P00422,A01477,7
P00422,A01478,8
P00422,A01479,9
P00422,A01480,10
P00422,A01481,11
P00422,A01482,12
P00422,A01483,13
P00422,A01484,14
P00423,A01471,1
P00423,A01472,2
P00423,A01473,3
P00423,A01474,4
P00423,A01475,5
P00423,A01476,6
P00423,A01477,7
P00423,A01478,8
P00423,A01479,9
P00423,A01480,10
P00423,A01481,11
P00423,A01482,12
P00423,A01483,13
P00423,A01484,14
P00424,A00125,5
P00424,A00126,2
P00424,A00128,6
P00424,A01485,1
P00424,A01486,3
P00424,A01487,4
P00424,A01488,7
P00425,A00704,1
P00425,A01324,2
P00425,A01488,6
P00425,A01489,3
P00425,A01490,4
P00425,A01491,5
P00426,A01007,2
P00426,A01048,1
P00426,A01492,3
P00426,A01493,4
P00427,A00054,2
P00427,A00170,1
P00427,A00171,3
P00428,A01494,1
P00429,A00116,3
P00429,A00906,5
P00429,A01495,1
P00429,A01496,2
P00429,A01497,4
P00430,A01498,1
P00430,A01499,2
P00431,A00003,4
P00431,A00081,10
P00431,A00095,5
P00431,A00194,8
P00431,A00520,9
P00431,A00919,7
P00431,A01500,1
P00431,A01501,2
P00431,A01502,3
P00431,A01503,6
P00431,A01504,11
P00432,A00145,11
P00432,A00146,14
P00432,A00147,8
P00432,A00152,10
P00432,A00155,2
P00432,A00156,13
P00432,A00913,5
P00432,A01495,3
P00432,A01496,6
P00432,A01505,1
P00432,A01506,4
P00432,A01507,7
P00432,A01508,9
P00432,A01509,12
P00433,A01510,1
P00433,A01511,2
P00433,A01512,3
P00433,A01513,4
P00433,A01514,5
P00434,A00018,4
P00434,A00067,5
P00434,A00068,2
P00434,A00101,3
P00434,A01515,1
P00435,A00023,15
P00435,A00077,14
P00435,A00128,16
P00435,A00193,13
P00435,A00194,12
P00435,A00195,7
P00435,A00229,17
P00435,A00366,2
P00435,A00376,9
P00435,A00405,5
P00435,A00564,18
P00435,A00580,4
P00435,A00666,8
P00435,A00667,3
P00435,A00782,6
P00435,A00817,10
P00435,A00824,11
P00435,A01430,1
P00436,A01516,1
P00436,A01517,2
P00436,A01518,3
P00437,A01365,13
P00437,A01519,1
P00437,A01520,2
P00437,A01521,3
P00437,A01522,4
P00437,A01523,5
P00437,A01524,6
P00437,A01525,7
P00437,A01526,8
P00437,A01527,9
P00437,A01528,10
P00437,A01529,11
P00437,A01530,12
P00437,A01531,14
P00437,A01532,15
P00437,A01533,16
P00437,A01534,17
P00437,A01535,18
P00437,A01536,19
P00437,A01537,20
P00437,A01538,21
P00437,A01539,22
P00437,A01540,23
P00437,A01541,24
P00437,A01542,25
P00438,A01543,1
P00438,A01544,2
P00438,A01545,3
P00438,A01546,4
P00438,A01547,5
P00438,A01548,6
P00438,A01549,7
P00438,A01550,8
P00438,A01551,9
P00438,A01552,10
P00438,A01553,11
P00438,A01554,12
P00438,A01555,13
P00438,A01556,14
P00438,A01557,15
P00439,A01543,2
P00439,A01544,3
P00439,A01549,5
P00439,A01551,6
P00439,A01554,7
P00439,A01557,8
P00439,A01558,1
P00439,A01559,4
P00440,A00054,3
P00440,A00179,6
P00440,A00390,9
P00440,A01214,2
P00440,A01215,4
P00440,A01216,5
P00440,A01560,1
P00440,A01561,7
P00440,A01562,8
P00441,A00027,1
P00441,A00028,6
P00441,A00029,2
P00441,A01563,3
P00441,A01564,4
P00441,A01565,5
P00441,A01566,7
P00441,A01567,8
P00441,A01568,9
P00441,A01569,10
P00441,A01570,11
P00441,A01571,12
P00441,A01572,13
P00441,A01573,14
P00442,A00845,2
P00442,A01428,1
P00443,A00459,4
P00443,A00538,5
P00443,A00540,7
P00443,A00542,6
P00443,A01409,2
P00443,A01411,3
P00443,A01574,1
P00444,A01575,1
P00444,A01576,2
P00444,A01577,3
P00444,A01578,4
P00444,A01579,5
P00444,A01580,6
P00444,A01581,7
P00444,A01582,8
P00444,A01583,9
P00444,A01584,10
P00444,A01585,11
P00444,A01586,12
P00444,A01587,13
P00444,A01588,14
P00444,A01589,15
P00444,A01590,16
P00444,A01591,17
P00444,A01592,18
P00444,A01593,19
P00444,A01594,20
P00444,A01595,21
P00444,A01596,22
P00444,A01597,23
P00444,A01598,24
P00444,A01599,25
P00444,A01600,26
P00444,A01601,27
P00444,A01602,28
P00444,A01603,29
P00444,A01604,30
P00444,A01605,31
P00444,A01606,32
P00444,A01607,33
P00444,A01608,34
P00444,A01609,35
P00444,A01610,36
P00444,A01611,37
P00444,A01612,38
P00444,A01613,39
P00444,A01614,40
P00444,A01615,41
P00444,A01616,42
P00444,A01617,43
P00444,A01618,44
P00444,A01619,45
P00444,A01620,46
P00444,A01621,47
P00444,A01622,48
P00444,A01623,49
P00444,A01624,50
P00444,A01625,51
P00444,A01626,52
P00444,A01627,53
P00444,A01628,54
P00444,A01629,55
P00444,A01630,56
P00444,A01631,57
P00444,A01632,58
P00444,A01633,59
P00444,A01634,60
P00444,A01635,61
P00444,A01636,62
P00444,A01637,63
P00444,A01638,64
P00444,A01639,65
P00444,A01640,66
P00444,A01641,67
P00444,A01642,68
P00444,A01643,69
P00444,A01644,70
P00444,A01645,71
P00444,A01646,72
P00444,A01647,73
P00444,A01648,74
P00444,A01649,75
P00444,A01650,76
P00444,A01651,77
P00444,A01652,78
P00444,A01653,79
P00444,A01654,80
P00444,A01655,81
P00444,A01656,82
P00444,A01657,83
P00444,A01658,84
P00444,A01659,85
P00444,A01660,86
P00444,A01661,87
P00444,A01662,88
P00444,A01663,89
P00444,A01664,90
P00445,A00229,8
P00445,A00786,6
P00445,A00787,1
P00445,A00788,7
P00445,A00789,5
P00445,A00791,4
P00445,A01073,3
P00445,A01665,2
P00445,A01666,9
P00446,A01667,1
P00446,A01668,2
P00447,A00124,3
P00447,A00125,1
P00447,A00127,5
P00447,A00128,2
P00447,A01389,4
P00448,A00750,3
P00448,A00751,1
P00448,A00752,2
P00448,A01669,4
P00449,A00158,2
P00449,A00159,3
P00449,A00273,7
P00449,A00577,6
P00449,A00672,4
P00449,A01670,1
P00449,A01671,5
P00450,A01672,1
P00450,A01673,2
P00451,A00160,6
P00451,A00730,1
P00451,A00731,2
P00451,A00883,7
P00451,A01674,3
P00451,A01675,4
P00451,A01676,5
P00451,A01677,8
P00451,A01678,9
P00451,A01679,10
P00451,A01680,11
P00452,A00925,2
P00452,A01681,1
P00452,A01682,3
P00452,A01683,4
P00453,A01684,1
P00453,A01685,2
P00454,A00423,2
P00454,A01686,1
P00454,A01687,3
P00454,A01688,4
P00454,A01689,5
P00455,A00887,3
P00455,A01690,1
P00455,A01691,2
P00456,A01692,1
P00456,A01693,2
P00456,A01694,3
P00457,A00054,2
P00457,A00172,3
P00457,A01351,1
P00458,A00745,2
P00458,A00749,4
P00458,A01695,1
P00458,A01696,3
P00459,A01697,1
P00459,A01698,2
P00460,A00319,1
P00460,A01699,2
P00461,A01368,2
P00461,A01369,1
P00461,A01370,3
P00461,A01371,4
P00462,A00034,2
P00462,A00037,3
P00462,A00128,5
P00462,A00198,8
P00462,A00229,7
P00462,A00405,6
P00462,A01250,1
P00462,A01430,4
P00463,A01106,13
P00463,A01700,1
P00463,A01701,2
P00463,A01702,3
P00463,A01703,4
P00463,A01704,5
P00463,A01705,6
P00463,A01706,7
P00463,A01707,8
P00463,A01708,9
P00463,A01709,10
P00463,A01710,11
P00463,A01711,12
P00463,A01712,14
P00464,A00581,5
P00464,A00785,6
P00464,A01254,4
P00464,A01295,2
P00464,A01713,1
P00464,A01714,3
P00465,A01715,1
P00465,A01716,2
P00466,A00147,7
P00466,A00155,3
P00466,A01717,1
P00466,A01718,2
P00466,A01719,4
P00466,A01720,5
P00466,A01721,6
P00467,A01722,1
P00467,A01723,2
P00467,A01724,3
P00467,A01725,4
P00468,A01258,1
P00469,A00081,5
P00469,A00191,15
P00469,A00193,11
P00469,A00194,12
P00469,A00195,13
P00469,A00278,7
P00469,A00392,2
P00469,A00394,6
P00469,A00497,4
P00469,A00580,8
P00469,A00581,9
P00469,A00593,10
P00469,A00660,14
P00469,A00780,3
P00469,A01726,1
P00470,A00351,2
P00470,A01151,3
P00470,A01152,1
P00470,A01332,4
P00471,A00115,6
P00471,A00360,4
P00471,A01221,1
P00471,A01222,2
P00471,A01223,3
P00471,A01224,5
P00472,A00023,8
P00472,A00116,7
P00472,A00577,9
P00472,A00640,10
P00472,A01727,1
P00472,A01728,2
P00472,A01729,3
P00472,A01730,4
P00472,A01731,5
P00472,A01732,6
P00473,A00113,1
P00473,A00641,2
P00473,A00642,3
P00474,A01733,1
P00474,A01734,2
P00474,A01735,3
P00475,A01736,1
P00475,A01737,2
P00475,A01738,3
P00475,A01739,4
P00475,A01740,5
P00475,A01741,6
P00476,A01742,1
P00476,A01743,2
P00477,A00931,7
P00477,A00932,2
P00477,A00933,9
P00477,A00934,4
P00477,A00935,1
P00477,A01024,8
P00477,A01744,3
P00477,A01745,5
P00477,A01746,6
P00477,A01747,10
P00477,A01748,11
P00478,A00231,4
P00478,A00249,3
P00478,A00564,2
P00478,A00785,8
P00478,A00877,5
P00478,A00882,6
P00478,A00883,7
P00478,A01749,1
P00478,A01750,9
P00478,A01751,10
P00478,A01752,11
P00479,A00093,3
P00479,A01753,1
P00479,A01754,2
P00479,A01755,4
P00479,A01756,5
P00479,A01757,6
P00479,A01758,7
P00479,A01759,8
P00480,A01760,1
P00480,A01761,2
P00480,A01762,3
P00480,A01763,4
P00480,A01764,5
P00480,A01765,6
P00481,A00496,3
P00481,A00984,1
P00481,A00985,2
P00482,A00326,2
P00482,A00329,6
P00482,A01077,1
P00482,A01766,3
P00482,A01767,4
P00482,A01768,5
P00482,A01769,7
P00483,A00893,2
P00483,A01770,1
P00483,A01771,3
P00484,A00891,1
P00484,A00893,3
P00484,A01772,2
P00485,A01773,1
P00485,A01774,2
P00485,A01775,3
P00485,A01776,4
P00486,A00081,3
P00486,A00379,1
P00486,A01777,2
P00487,A00066,2
P00487,A00419,1
P00488,A01778,1
P00488,A01779,2
P00489,A01780,1
P00489,A01781,2
P00489,A01782,3
P00490,A00003,14
P00490,A00093,2
P00490,A00483,15
P00490,A00544,7
P00490,A01783,1
P00490,A01784,3
P00490,A01785,4
P00490,A01786,5
P00490,A01787,6
P00490,A01788,8
P00490,A01789,9
P00490,A01790,10
P00490,A01791,11
P00490,A01792,12
P00490,A01793,13
P00491,A00365,2
P00491,A01794,1
P00491,A01795,3
P00491,A01796,4
P00492,A00067,3
P00492,A00068,14
P00492,A00421,7
P00492,A00623,13
P00492,A00834,4
P00492,A00883,8
P00492,A01679,6
P00492,A01797,1
P00492,A01798,2
P00492,A01799,5
P00492,A01800,9
P00492,A01801,10
P00492,A01802,11
P00492,A01803,12
P00493,A01804,1
P00493,A01805,2
P00493,A01806,3
P00494,A01807,1
P00494,A01808,2
P00495,A00638,6
P00495,A00786,1
P00495,A00787,2
P00495,A00788,5
P00495,A00789,4
P00495,A00791,7
P00495,A01446,3
P00496,A00212,7
P00496,A00215,2
P00496,A00319,4
P00496,A00383,6
P00496,A01672,3
P00496,A01809,1
P00496,A01810,5
P00496,A01811,8
P00496,A01812,9
P00497,A00018,3
P00497,A00300,1
P00497,A00530,4
P00497,A00948,2
P00497,A00950,5
P00498,A00018,11
P00498,A00023,13
P00498,A00050,1
P00498,A00053,2
P00498,A00054,7
P00498,A00066,6
P00498,A00067,15
P00498,A00181,10
P00498,A00319,3
P00498,A00430,17
P00498,A00431,16
P00498,A00883,5
P00498,A00913,14
P00498,A01081,4
P00498,A01813,8
P00498,A01814,9
P00498,A01815,12
P00499,A00020,1
P00499,A00255,3
P00499,A00768,4
P00499,A00802,2
P00500,A00054,2
P00500,A00228,5
P00500,A00376,3
P00500,A01351,1
P00500,A01352,4
P00501,A00054,2
P00501,A00172,3
P00501,A01351,1
P00502,A00018,2
P00502,A00021,3
P00502,A00185,5
P00502,A01017,4
P00502,A01816,1
P00503,A01262,3
P00503,A01817,1
P00503,A01818,2
P00503,A01819,4
P00504,A00254,1
P00504,A01820,2
P00505,A00216,2
P00505,A00807,1
P00506,A00070,1
P00506,A00793,2
P00506,A01499,3
P00507,A00430,1
P00508,A00035,2
P00508,A00066,6
P00508,A00201,3
P00508,A01159,1
P00508,A01821,4
P00508,A01822,5
P00509,A00018,9
P00509,A00115,15
P00509,A00584,13
P00509,A01560,4
P00509,A01823,1
P00509,A01824,2
P00509,A01825,3
P00509,A01826,5
P00509,A01827,6
P00509,A01828,7
P00509,A01829,8
P00509,A01830,10
P00509,A01831,11
P00509,A01832,12
P00509,A01833,14
P00510,A01834,1
P00510,A01835,2
P00510,A01836,3
P00511,A01837,1
P00511,A01838,2
P00511,A01839,3
P00511,A01840,4
P00512,A00018,4
P00512,A00021,5
P00512,A00188,3
P00512,A00948,1
P00512,A00952,2
P00513,A00103,5
P00513,A00158,2
P00513,A00159,4
P00513,A00563,6
P00513,A00672,3
P00513,A00673,7
P00513,A01670,1
P00514,A00325,3
P00514,A01689,4
P00514,A01841,1
P00514,A01842,2
P00514,A01843,5
P00514,A01844,6
P00515,A01009,2
P00515,A01845,1
P00515,A01846,3
P00515,A01847,4
P00515,A01848,5
P00515,A01849,6
P00516,A01850,1
P00516,A01851,2
P00516,A01852,3
P00516,A01853,4
P00516,A01854,5
P00516,A01855,6
P00516,A01856,7
P00516,A01857,8
P00516,A01858,9
P00516,A01859,10
P00516,A01860,11
P00517,A01009,4
P00517,A01147,1
P00517,A01148,3
P00517,A01149,2
P00518,A01861,1
P00519,A00158,3
P00519,A00351,2
P00519,A00441,4
P00519,A01037,1
P00520,A01862,1
P00520,A01863,2
P00520,A01864,3
P00521,A00143,9
P00521,A00158,2
P00521,A00159,5
P00521,A00180,10
P00521,A00185,11
P00521,A00351,12
P00521,A00564,6
P00521,A00672,1
P00521,A00704,4
P00521,A01163,8
P00521,A01324,3
P00521,A01865,7
P00522,A00073,2
P00522,A00074,1
P00523,A00128,3
P00523,A00564,2
P00523,A00883,8
P00523,A01177,4
P00523,A01758,7
P00523,A01866,1
P00523,A01867,5
P00523,A01868,6
P00524,A00249,3
P00524,A00255,4
P00524,A00564,2
P00524,A01133,7
P00524,A01450,1
P00524,A01869,5
P00524,A01870,6
P00524,A01871,8
P00525,A01872,1
P00526,A00081,5
P00526,A00313,1
P00526,A00314,2
P00526,A00315,4
P00526,A00317,7
P00526,A00319,6
P00526,A01055,3
P00527,A00899,1
P00527,A01873,2
P00528,A00899,1
P00529,A00063,4
P00529,A01874,1
P00529,A01875,2
P00529,A01876,3
P00529,A01877,5
P00529,A01878,6
P00529,A01879,7
P00529,A01880,8
P00529,A01881,9
P00530,A01882,1
P00530,A01883,2
P00530,A01884,3
P00530,A01885,4
P00530,A01886,5
P00530,A01887,6
P00531,A00359,5
P00531,A01464,4
P00531,A01888,1
P00531,A01889,2
P00531,A01890,3
P00531,A01891,6
P00532,A00087,2
P00532,A00116,11
P00532,A00296,6
P00532,A00325,8
P00532,A00384,14
P00532,A00521,12
P00532,A00919,15
P00532,A01074,13
P00532,A01500,1
P00532,A01892,3
P00532,A01893,4
P00532,A01894,5
P00532,A01895,7
P00532,A01896,9
P00532,A01897,10
P00533,A01154,3
P00533,A01467,2
P00533,A01898,1
P00534,A00054,2
P00534,A01172,1
P00535,A00103,8
P00535,A00783,6
P00535,A00785,7
P00535,A00811,4
P00535,A01063,5
P00535,A01251,3
P00535,A01899,1
P00535,A01900,2
P00535,A01901,9
P00536,A00205,4
P00536,A00359,2
P00536,A00987,3
P00536,A01902,1
P00537,A00066,10
P00537,A00201,7
P00537,A00420,9
P00537,A01159,8
P00537,A01822,1
P00537,A01903,2
P00537,A01904,3
P00537,A01905,4
P00537,A01906,5
P00537,A01907,6
P00538,A01908,1
P00538,A01909,2
P00538,A01910,3
P00539,A01911,1
P00539,A01912,2
P00539,A01913,3
P00539,A01914,4
P00540,A01915,1
P00540,A01916,2
P00540,A01917,3
P00540,A01918,4
P00540,A01919,5
P00541,A01920,1
P00541,A01921,2
P00541,A01922,3
P00541,A01923,4
P00541,A01924,5
P00542,A00067,4
P00542,A00068,2
P00542,A00101,1
P00542,A00561,3
P00542,A01925,5
P00543,A00423,1
P00543,A01926,2
P00543,A01927,3
P00544,A01928,1
P00544,A01929,2
P00544,A01930,3
P00544,A01931,4
P00545,A01266,1
P00545,A01267,2
P00545,A01932,3
P00546,A00205,2
P00546,A01029,1
P00546,A01933,3
P00547,A01237,3
P00547,A01238,1
P00547,A01239,2
P00548,A00255,1
P00548,A00401,2
P00548,A00402,3
P00549,A00390,4
P00549,A01012,2
P00549,A01162,3
P00549,A01934,1
P00550,A00074,8
P00550,A00081,4
P00550,A00191,17
P00550,A00194,11
P00550,A00276,7
P00550,A00278,9
P00550,A00392,2
P00550,A00465,12
P00550,A00466,10
P00550,A00467,16
P00550,A00497,3
P00550,A00580,13
P00550,A00581,14
P00550,A00593,15
P00550,A01635,6
P00550,A01935,1
P00550,A01936,5
P00551,A01937,1
P00552,A00175,1
P00552,A00176,5
P00552,A00177,3
P00552,A00178,14
P00552,A00179,2
P00552,A00180,9
P00552,A00181,10
P00552,A00182,8
P00552,A00183,13
P00552,A00184,12
P00552,A00185,6
P00552,A00390,15
P00552,A01938,4
P00552,A01939,7
P00552,A01940,11
P00553,A01941,1
P00554,A01024,4
P00554,A01025,1
P00554,A01028,6
P00554,A01942,2
P00554,A01943,3
P00554,A01944,5
P00555,A00564,2
P00555,A00882,4
P00555,A00883,3
P00555,A01088,5
P00555,A01089,6
P00555,A01945,1
P00556,A01076,4
P00556,A01844,3
P00556,A01946,1
P00556,A01947,2
P00556,A01948,5
P00557,A01949,1
P00557,A01950,2
P00557,A01951,3
P00557,A01952,4
P00557,A01953,5
P00557,A01954,6
P00557,A01955,7
P00557,A01956,8
P00559,A01957,1
P00559,A01958,2
P00559,A01959,3
P00559,A01960,4
P00560,A00052,4
P00560,A00249,5
P00560,A00564,2
P00560,A00817,3
P00560,A00859,7
P00560,A00873,1
P00560,A00883,8
P00560,A01345,6
P00561,A01961,1
P00561,A01962,2
P00561,A01963,3
P00561,A01964,4
P00561,A01965,5
P00562,A01237,3
P00562,A01238,1
P00562,A01239,2
P00563,A00081,6
P00563,A00391,3
P00563,A01389,2
P00563,A01966,1
P00563,A01967,4
P00563,A01968,5
P00564,A00378,1
P00564,A01969,2
P00565,A01794,1
P00565,A01834,2
P00566,A00018,6
P00566,A00057,9
P00566,A00060,7
P00566,A00775,5
P00566,A00814,2
P00566,A00952,4
P00566,A01970,1
P00566,A01971,3
P00566,A01972,8
P00567,A00023,2
P00567,A00772,3
P00567,A00866,1
P00567,A01419,5
P00567,A01973,4
P00568,A00419,2
P00568,A01974,1
P00569,A00067,3
P00569,A00068,2
P00569,A00731,1
P00569,A01557,4
P00570,A01975,1
P00570,A01976,2
P00571,A01977,1
P00571,A01978,2
P00572,A01979,1
P00572,A01980,2
P00572,A01981,3
P00572,A01982,4
P00572,A01983,5
P00572,A01984,6
P00572,A01985,7
P00572,A01986,8
P00572,A01987,9
P00572,A01988,10
P00572,A01989,11
P00572,A01990,12
P00572,A01991,13
P00572,A01992,14
P00572,A01993,15
P00572,A01994,16
P00572,A01995,17
P00573,A00068,4
P00573,A01996,1
P00573,A01997,2
P00573,A01998,3
P00573,A01999,5
P00573,A02000,6
P00574,A00054,2
P00574,A00170,1
P00575,A00180,5
P00575,A00181,4
P00575,A00187,3
P00575,A00188,2
P00575,A00214,1
P00575,A02001,6
P00576,A01914,4
P00576,A02002,1
P00576,A02003,2
P00576,A02004,3
P00576,A02005,5
P00576,A02006,6
P00577,A00081,3
P00577,A02007,1
P00577,A02008,2
P00578,A00018,3
P00578,A00021,2
P00578,A00022,4
P00578,A00775,1
P00578,A00776,5
P00578,A00777,6
P00578,A00779,7
P00579,A01173,5
P00579,A01183,4
P00579,A02009,1
P00579,A02010,2
P00579,A02011,3
P00579,A02012,6
P00579,A02013,7
P00579,A02014,8
P00579,A02015,9
P00579,A02016,10
P00579,A02017,11
P00579,A02018,12
P00579,A02019,13
P00579,A02020,14
P00579,A02021,15
P00579,A02022,16
P00579,A02023,17
P00579,A02024,18
P00579,A02025,19
P00579,A02026,20
P00580,A00564,1
P00580,A02027,2
P00580,A02028,3
P00581,A00564,4
P00581,A00817,3
P00581,A01920,6
P00581,A01921,1
P00581,A01922,5
P00581,A01923,9
P00581,A01924,2
P00581,A02029,7
P00581,A02030,8
P00582,A00351,2
P00582,A01151,3
P00582,A01152,1
P00582,A01277,4
P00582,A01332,5
P00583,A00073,6
P00583,A00081,8
P00583,A00158,1
P00583,A00160,5
P00583,A00273,9
P00583,A01055,7
P00583,A01101,3
P00583,A01102,4
P00583,A02031,2
P00584,A00023,5
P00584,A00868,1
P00584,A00869,2
P00584,A00870,3
P00584,A01419,4
P00585,A00126,7
P00585,A00143,9
P00585,A00704,2
P00585,A01324,3
P00585,A01352,6
P00585,A01491,4
P00585,A01927,8
P00585,A02032,1
P00585,A02033,5
P00586,A02034,1
P00586,A02035,2
P00586,A02036,3
P00586,A02037,4
P00586,A02038,5
P00586,A02039,6
P00586,A02040,7
P00586,A02041,8
P00586,A02042,9
P00587,A02043,1
P00588,A00544,1
P00588,A02044,2
P00589,A00002,2
P00589,A00070,5
P00589,A00333,3
P00589,A01031,1
P00589,A02045,4
P00590,A01277,1
P00590,A02046,2
P00590,A02047,3
P00591,A00018,10
P00591,A00073,1
P00591,A00077,7
P00591,A00081,8
P00591,A00158,5
P00591,A00160,9
P00591,A00211,3
P00591,A00319,4
P00591,A00351,13
P00591,A00392,6
P00591,A00578,11
P00591,A00671,2
P00591,A00718,12
P00592,A00545,6
P00592,A02008,3
P00592,A02048,1
P00592,A02049,2
P00592,A02050,4
P00592,A02051,5
P00592,A02052,7
P00593,A00802,3
P00593,A00835,4
P00593,A00868,1
P00593,A02053,2
P00594,A00440,4
P00594,A00882,2
P00594,A00883,1
P00594,A01287,6
P00594,A02054,3
P00594,A02055,5
P00595,A00432,1
P00595,A00433,2
P00596,A01305,2
P00596,A02056,1
P00596,A02057,3
P00596,A02058,4
P00597,A02059,1
P00597,A02060,2
P00597,A02061,3
P00598,A02062,1
P00598,A02063,2
P00598,A02064,3
P00598,A02065,4
P00599,A00073,1
P00599,A00158,2
P00599,A00672,3
P00600,A02066,1
P00600,A02067,2
P00600,A02068,3
P00600,A02069,4
P00600,A02070,5
P00600,A02071,6
P00600,A02072,7
P00600,A02073,8
P00600,A02074,9
P00600,A02075,10
P00601,A01708,4
P00601,A01709,2
P00601,A02076,1
P00601,A02077,3
P00601,A02078,5
P00601,A02079,6
P00601,A02080,7
P00602,A01915,2
P00602,A01916,1
P00602,A01917,3
P00602,A02081,4
P00602,A02082,5
P00602,A02083,6
P00602,A02084,7
P00603,A02085,1
P00603,A02086,2
P00603,A02087,3
P00603,A02088,4
P00603,A02089,5
P00604,A00817,2
P00604,A01175,4
P00604,A02029,3
P00604,A02090,1
P00605,A00068,2
P00605,A00561,4
P00605,A00883,3
P00605,A02091,1
P00606,A00054,2
P00606,A00170,3
P00606,A01172,1
P00607,A02092,1
P00607,A02093,2
P00608,A00031,1
P00609,A02094,1
P00609,A02095,2
P00609,A02096,3
P00609,A02097,4
P00609,A02098,5
P00609,A02099,6
P00610,A02002,4
P00610,A02003,1
P00610,A02004,3
P00610,A02100,2
P00611,A00067,4
P00611,A00068,2
P00611,A00101,3
P00611,A01515,1
P00612,A00704,3
P00612,A02101,1
P00612,A02102,2
P00612,A02103,4
P00612,A02104,5
P00613,A00059,1
P00613,A00060,3
P00613,A00061,2
P00613,A00062,5
P00613,A01148,12
P00613,A01299,4
P00613,A02105,6
P00613,A02106,7
P00613,A02107,8
P00613,A02108,9
P00613,A02109,10
P00613,A02110,11
P00614,A00124,3
P00614,A00146,2
P00614,A00162,1
P00614,A00317,5
P00614,A01991,4
P00615,A01160,1
P00616,A02111,1
P00616,A02112,2
P00616,A02113,3
P00617,A00068,5
P00617,A00561,4
P00617,A00704,2
P00617,A00883,6
P00617,A00926,7
P00617,A01324,3
P00617,A02114,1
P00618,A00112,6
P00618,A00116,2
P00618,A01497,4
P00618,A02115,1
P00618,A02116,3
P00618,A02117,5
P00619,A00060,29
P00619,A01810,1
P00619,A01912,9
P00619,A01914,22
P00619,A02110,8
P00619,A02118,2
P00619,A02119,3
P00619,A02120,4
P00619,A02121,5
P00619,A02122,6
P00619,A02123,7
P00619,A02124,10
P00619,A02125,11
P00619,A02126,12
P00619,A02127,13
P00619,A02128,14
P00619,A02129,15
P00619,A02130,16
P00619,A02131,17
P00619,A02132,18
P00619,A02133,19
P00619,A02134,20
P00619,A02135,21
P00619,A02136,23
P00619,A02137,24
P00619,A02138,25
P00619,A02139,26
P00619,A02140,27
P00619,A02141,28
P00619,A02142,30
P00619,A02143,31
P00619,A02144,32
P00619,A02145,33
P00619,A02146,34
P00619,A02147,35
P00619,A02148,36
P00619,A02149,37
P00620,A00564,2
P00620,A02150,1
P00620,A02151,3
P00621,A00374,5
P00621,A00376,9
P00621,A00405,6
P00621,A00776,3
P00621,A00911,7
P00621,A00912,10
P00621,A01389,8
P00621,A01430,4
P00621,A01971,2
P00621,A02152,1
P00621,A02153,11
P00621,A02154,12
P00622,A02155,1
P00622,A02156,2
P00622,A02157,3
P00622,A02158,4
P00622,A02159,5
P00622,A02160,6
P00622,A02161,7
P00622,A02162,8
P00622,A02163,9
P00622,A02164,10
P00622,A02165,11
P00623,A00845,1
P00624,A02166,1
P00624,A02167,2
P00624,A02168,3
P00624,A02169,4
P00624,A02170,5
P00624,A02171,6
P00624,A02172,7
P00624,A02173,8
P00624,A02174,9
P00625,A00124,1
P00626,A01921,3
P00626,A01924,1
P00626,A02175,2
P00627,A00215,3
P00627,A02176,1
P00627,A02177,2
P00628,A02178,1
P00628,A02179,2
P00628,A02180,3
P00628,A02181,4
P00628,A02182,5
P00628,A02183,6
P00628,A02184,7
P00628,A02185,8
P00628,A02186,9
P00628,A02187,10
P00628,A02188,11
P00628,A02189,12
P00628,A02190,13
P00629,A00054,3
P00629,A00929,1
P00629,A00930,2
P00630,A00023,4
P00630,A00772,3
P00630,A00802,5
P00630,A01221,1
P00630,A02191,2
P00630,A02192,6
P00631,A00718,1
P00632,A00524,3
P00632,A02193,1
P00632,A02194,2
P00632,A02195,4
P00632,A02196,5
P00632,A02197,6
P00633,A00545,2
P00633,A02198,1
P00633,A02199,3
P00633,A02200,4
P00633,A02201,5
P00634,A00103,2
P00634,A02202,1
P00634,A02203,3
P00634,A02204,4
P00634,A02205,5
P00634,A02206,6
P00635,A00203,4
P00635,A00412,1
P00635,A00413,2
P00635,A00415,5
P00635,A02207,3
P00636,A00185,6
P00636,A00622,1
P00636,A01267,5
P00636,A01484,7
P00636,A01488,8
P00636,A01491,4
P00636,A01492,2
P00636,A01797,3
P00637,A01305,1
P00637,A01927,7
P00637,A02208,2
P00637,A02209,3
P00637,A02210,4
P00637,A02211,5
P00637,A02212,6
P00638,A00365,2
P00638,A01794,1
P00638,A01795,5
P00638,A02213,3
P00638,A02214,4
P00639,A02215,1
P00639,A02216,2
P00639,A02217,3
P00639,A02218,4
P00640,A00845,2
P00640,A01233,1
P00641,A00188,4
P00641,A00214,1
P00641,A02219,2
P00641,A02220,3
P00641,A02221,5
P00641,A02222,6
P00642,A00054,1
P00642,A00255,3
P00642,A00564,5
P00642,A00929,4
P00642,A00930,2
P00643,A00003,8
P00643,A00018,7
P00643,A00360,14
P00643,A00373,16
P00643,A00677,19
P00643,A00913,15
P00643,A01116,21
P00643,A01119,20
P00643,A01213,25
P00643,A01814,12
P00643,A02223,1
P00643,A02224,2
P00643,A02225,3
P00643,A02226,4
P00643,A02227,5
P00643,A02228,6
P00643,A02229,9
P00643,A02230,10
P00643,A02231,11
P00643,A02232,13
P00643,A02233,17
P00643,A02234,18
P00643,A02235,22
P00643,A02236,23
P00643,A02237,24
P00644,A00365,2
P00644,A01430,4
P00644,A01733,3
P00644,A01767,1
P00645,A00035,36
P00645,A00180,30
P00645,A00229,35
P00645,A00249,12
P00645,A00253,26
P00645,A00255,27
P00645,A00351,19
P00645,A00402,28
P00645,A00441,9
P00645,A00564,1
P00645,A00648,17
P00645,A00820,8
P00645,A00859,11
P00645,A00877,6
P00645,A00880,13
P00645,A00881,21
P00645,A00883,29
P00645,A01040,41
P00645,A01062,47
P00645,A01077,39
P00645,A01230,18
P00645,A01240,10
P00645,A01251,31
P00645,A01317,16
P00645,A02238,2
P00645,A02239,3
P00645,A02240,4
P00645,A02241,5
P00645,A02242,7
P00645,A02243,14
P00645,A02244,15
P00645,A02245,20
P00645,A02246,22
P00645,A02247,23
P00645,A02248,24
P00645,A02249,25
P00645,A02250,32
P00645,A02251,33
P00645,A02252,34
P00645,A02253,37
P00645,A02254,38
P00645,A02255,40
P00645,A02256,42
P00645,A02257,43
P00645,A02258,44
P00645,A02259,45
P00645,A02260,46
P00645,A02261,48
P00646,A01150,1
P00646,A02262,2
P00647,A00116,4
P00647,A00923,3
P00647,A02263,1
P00647,A02264,2
P00648,A00067,6
P00648,A00068,3
P00648,A00421,2
P00648,A00561,4
P00648,A00703,1
P00648,A02265,5
P00649,A00367,3
P00649,A00580,5
P00649,A00584,4
P00649,A00610,2
P00649,A01447,6
P00649,A02266,1
P00650,A00018,5
P00650,A00073,3
P00650,A00081,7
P00650,A00158,2
P00650,A00160,6
P00650,A00351,8
P00650,A00796,1
P00650,A02267,4
P00651,A00145,1
P00651,A00916,3
P00651,A02116,2
P00651,A02268,4
P00652,A00018,7
P00652,A00301,4
P00652,A00304,5
P00652,A00951,1
P00652,A00952,2
P00652,A02269,3
P00652,A02270,6
P00653,A01817,6
P00653,A02271,1
P00653,A02272,2
P00653,A02273,3
P00653,A02274,4
P00653,A02275,5
P00654,A00068,3
P00654,A00101,1
P00654,A00421,5
P00654,A00422,4
P00654,A01515,2
P00655,A00931,1
P00655,A00932,3
P00655,A00933,9
P00655,A00935,6
P00655,A01024,4
P00655,A01744,8
P00655,A01746,5
P00655,A02276,2
P00655,A02277,7
P00655,A02278,10
P00655,A02279,11
P00656,A00454,2
P00656,A02280,1
P00657,A02281,1
P00657,A02282,2
P00657,A02283,3
P00657,A02284,4
P00657,A02285,5
P00658,A00116,4
P00658,A00909,3
P00658,A00911,2
P00658,A01804,1
P00659,A01052,1
P00660,A00158,2
P00660,A00159,3
P00660,A00564,4
P00660,A00672,1
P00661,A00191,11
P00661,A00194,9
P00661,A00358,2
P00661,A00366,3
P00661,A00488,10
P00661,A00610,5
P00661,A00810,7
P00661,A01447,8
P00661,A02286,1
P00661,A02287,4
P00661,A02288,6
P00662,A00358,4
P00662,A02289,1
P00662,A02290,2
P00662,A02291,3
P00662,A02292,5
P00662,A02293,6
P00662,A02294,7
P00663,A02295,1
P00663,A02296,2
P00663,A02297,3
P00664,A02298,1
P00664,A02299,2
P00664,A02300,3
P00664,A02301,4
P00665,A02302,1
P00665,A02303,2
P00665,A02304,3
P00666,A02305,1
P00666,A02306,2
P00667,A01687,1
P00667,A02307,2
P00668,A01383,3
P00668,A02308,1
P00668,A02309,2
P00668,A02310,4
P00668,A02311,5
P00668,A02312,6
P00668,A02313,7
P00669,A00952,3
P00669,A02314,1
P00669,A02315,2
P00670,A00640,1
P00670,A00734,3
P00670,A02316,2
P00671,A00133,6
P00671,A00163,8
P00671,A00211,2
P00671,A00247,3
P00671,A00374,1
P00671,A00784,7
P00671,A01145,5
P00671,A02317,4
P00672,A00769,7
P00672,A00772,5
P00672,A01038,6
P00672,A02318,1
P00672,A02319,2
P00672,A02320,3
P00672,A02321,4
P00673,A02104,2
P00673,A02322,1
P00673,A02323,3
P00673,A02324,4
P00673,A02325,5
P00673,A02326,6
P00674,A00054,2
P00674,A02327,1
P00675,A01756,7
P00675,A02328,1
P00675,A02329,2
P00675,A02330,3
P00675,A02331,4
P00675,A02332,5
P00675,A02333,6
P00675,A02334,8
P00676,A01147,4
P00676,A02335,1
P00676,A02336,2
P00676,A02337,3
P00677,A00054,3
P00677,A00170,10
P00677,A00179,4
P00677,A00187,7
P00677,A01214,1
P00677,A01215,5
P00677,A01216,8
P00677,A01217,11
P00677,A01560,9
P00677,A01562,2
P00677,A02338,6
P00677,A02339,12
P00678,A00067,4
P00678,A00103,3
P00678,A00391,5
P00678,A02202,1
P00678,A02206,2
P00679,A00052,7
P00679,A00158,3
P00679,A00351,8
P00679,A00439,5
P00679,A00649,2
P00679,A01317,4
P00679,A02248,1
P00679,A02340,6
P00680,A00845,2
P00680,A01428,1
P00681,A02341,1
P00681,A02342,2
P00681,A02343,3
P00681,A02344,4
P00682,A02345,1
P00682,A02346,2
P00683,A02347,1
P00683,A02348,2
P00684,A00054,6
P00684,A00170,3
P00684,A00171,2
P00684,A01488,4
P00684,A01491,5
P00684,A02349,1
P00685,A02350,1
P00685,A02351,2
P00686,A02352,1
P00686,A02353,2
P00686,A02354,3
P00686,A02355,4
P00686,A02356,5
P00687,A00158,2
P00687,A02357,1
P00687,A02358,3
P00688,A02315,1
P00688,A02359,2
P00689,A00351,7
P00689,A00390,9
P00689,A00667,10
P00689,A01758,4
P00689,A01866,2
P00689,A01867,3
P00689,A02208,6
P00689,A02340,8
P00689,A02360,1
P00689,A02361,5
P00690,A02362,1
P00690,A02363,2
P00690,A02364,3
P00691,A00966,2
P00691,A02365,1
P00691,A02366,3
P00691,A02367,4
P00692,A01911,1
P00692,A01912,2
P00692,A01913,3
P00692,A01914,4
P00693,A00019,3
P00693,A00423,1
P00693,A00897,2
P00694,A00460,2
P00694,A00655,5
P00694,A00786,6
P00694,A01103,4
P00694,A02193,3
P00694,A02195,1
P00694,A02368,7
P00695,A00035,4
P00695,A00158,3
P00695,A00982,2
P00695,A02369,1
P00696,A00023,9
P00696,A00404,3
P00696,A00405,2
P00696,A00802,8
P00696,A01012,11
P00696,A01430,7
P00696,A02152,1
P00696,A02370,4
P00696,A02371,5
P00696,A02372,6
P00696,A02373,10
P00697,A00018,3
P00697,A00021,2
P00697,A00374,4
P00697,A00775,5
P00697,A02317,1
P00697,A02374,6
P00698,A02066,1
P00698,A02067,2
P00698,A02068,3
P00698,A02070,7
P00698,A02073,5
P00698,A02332,4
P00698,A02333,6
P00699,A00054,2
P00699,A02327,1
P00700,A00124,2
P00700,A00125,3
P00700,A00127,5
P00700,A00797,6
P00700,A00801,4
P00700,A01448,1
P00701,A00018,3
P00701,A00021,2
P00701,A00181,4
P00701,A00251,1
P00701,A00389,6
P00701,A00718,5
P00702,A02375,1
P00702,A02376,2
P00702,A02377,3
P00702,A02378,4
P00703,A00730,1
P00703,A00731,2
P00704,A02379,1
P00704,A02380,2
P00704,A02381,3
P00704,A02382,4
P00704,A02383,5
P00704,A02384,6
P00704,A02385,7
P00705,A02386,1
P00705,A02387,2
P00705,A02388,3
P00705,A02389,4
P00705,A02390,5
P00705,A02391,6
P00706,A01173,6
P00706,A02009,1
P00706,A02010,2
P00706,A02011,5
P00706,A02012,7
P00706,A02014,9
P00706,A02015,10
P00706,A02016,11
P00706,A02018,13
P00706,A02019,14
P00706,A02020,15
P00706,A02022,17
P00706,A02025,19
P00706,A02026,20
P00706,A02392,3
P00706,A02393,4
P00706,A02394,8
P00706,A02395,12
P00706,A02396,16
P00706,A02397,18
P00707,A00160,4
P00707,A00703,3
P00707,A00704,2
P00707,A01324,5
P00707,A02178,1
P00708,A02398,1
P00708,A02399,2
P00709,A00116,2
P00709,A00359,3
P00709,A01286,5
P00709,A02117,4
P00709,A02400,1
P00710,A00378,3
P00710,A01969,1
P00710,A02401,2
P00710,A02402,4
P00710,A02403,5
P00710,A02404,6
P00710,A02405,7
P00711,A00126,1
P00711,A00128,2
P00711,A00198,4
P00711,A00199,3
P00711,A01486,5
P00711,A01487,6
P00711,A02406,7
P00711,A02407,8
P00712,A00054,2
P00712,A00170,1
P00712,A02408,3
P00712,A02409,4
P00713,A00024,3
P00713,A02410,1
P00713,A02411,2
P00714,A02410,1
P00715,A00197,2
P00715,A00848,1
P00715,A02412,3
P00716,A00584,8
P00716,A00943,1
P00716,A01831,7
P00716,A02413,2
P00716,A02414,3
P00716,A02415,4
P00716,A02416,5
P00716,A02417,6
P00717,A00365,2
P00717,A00519,4
P00717,A02418,1
P00717,A02419,3
P00718,A00640,1
P00719,A00212,4
P00719,A00365,2
P00719,A01430,3
P00719,A02420,1
P00720,A01024,3
P00720,A01025,2
P00720,A01028,5
P00720,A02421,1
P00720,A02422,4
P00721,A00068,2
P00721,A00125,3
P00721,A02423,1
P00722,A00116,2
P00722,A01973,6
P00722,A02263,3
P00722,A02400,4
P00722,A02424,1
P00722,A02425,5
P00722,A02426,7
P00723,A02427,1
P00723,A02428,2
P00723,A02429,3
P00723,A02430,4
P00724,A00125,3
P00724,A00128,2
P00724,A00193,5
P00724,A00196,1
P00724,A01389,4
P00725,A00124,1
P00725,A00125,2
P00725,A00127,3
P00725,A00128,4
P00725,A00162,5
P00725,A00198,8
P00725,A00801,7
P00725,A01448,6
P00726,A01516,1
P00726,A01517,4
P00726,A02431,2
P00726,A02432,3
P00728,A00100,2
P00728,A02206,4
P00728,A02433,1
P00728,A02434,3
P00729,A00081,2
P00729,A00818,4
P00729,A00876,1
P00729,A02435,3
P00730,A00795,3
P00730,A02436,1
P00730,A02437,2
P00730,A02438,4
P00730,A02439,5
P00730,A02440,6
P00730,A02441,7
P00731,A00018,3
P00731,A00021,2
P00731,A00023,5
P00731,A00070,9
P00731,A00186,7
P00731,A00188,6
P00731,A00251,1
P00731,A00351,4
P00731,A00718,8
P00731,A00777,10
P00732,A00255,3
P00732,A00402,4
P00732,A00885,6
P00732,A01451,1
P00732,A02409,8
P00732,A02442,2
P00732,A02443,5
P00732,A02444,7
P00733,A02445,1
P00733,A02446,2
P00734,A02447,1
P00734,A02448,2
P00735,A00622,1
P00735,A00623,2
P00736,A02449,1
P00736,A02450,2
P00736,A02451,3
P00737,A00068,3
P00737,A00158,2
P00737,A00230,8
P00737,A00622,5
P00737,A00703,4
P00737,A00796,1
P00737,A02114,6
P00737,A02452,7
P00738,A00060,3
P00738,A00431,2
P00738,A02110,4
P00738,A02453,1
P00739,A00068,5
P00739,A00197,3
P00739,A00421,2
P00739,A00703,1
P00739,A02454,4
P00740,A00158,6
P00740,A00319,5
P00740,A00337,4
P00740,A01900,2
P00740,A02438,7
P00740,A02455,1
P00740,A02456,3
P00741,A02457,1
P00741,A02458,2
P00741,A02459,3
P00741,A02460,4
P00742,A02461,1
P00742,A02462,2
P00742,A02463,3
P00742,A02464,4
P00742,A02465,5
P00742,A02466,6
P00743,A00126,1
P00743,A00128,2
P00743,A00704,6
P00743,A01324,4
P00743,A01485,8
P00743,A01488,10
P00743,A02467,3
P00743,A02468,5
P00743,A02469,7
P00743,A02470,9
P00744,A01420,4
P00744,A01421,3
P00744,A02471,1
P00744,A02472,2
P00745,A02473,1
P00745,A02474,2
P00745,A02475,3
P00745,A02476,4
P00745,A02477,5
P00746,A00018,2
P00746,A00070,5
P00746,A00351,3
P00746,A00718,4
P00746,A00777,6
P00746,A01277,1
P00747,A02478,1
P00747,A02479,2
P00747,A02480,3
P00747,A02481,4
P00747,A02482,5
P00747,A02483,6
P00747,A02484,7
P00747,A02485,8
P00748,A00020,1
P00748,A02486,2
P00749,A02487,1
P00749,A02488,2
P00749,A02489,3
P00749,A02490,4
P00750,A00185,3
P00750,A00388,1
P00750,A00623,2
P00751,A00031,1
P00752,A00454,1
P00752,A01359,2
P00752,A01360,3
P00753,A00018,2
P00753,A00021,3
P00753,A00351,4
P00753,A02491,1
P00754,A00777,3
P00754,A02492,1
P00754,A02493,2
P00754,A02494,4
P00754,A02495,5
P00754,A02496,6
P00754,A02497,7
P00755,A00420,1
P00756,A00002,2
P00756,A02498,1
P00756,A02499,3
P00757,A01332,6
P00757,A02500,1
P00757,A02501,2
P00757,A02502,3
P00757,A02503,4
P00757,A02504,5
P00757,A02505,7
P00757,A02506,8
P00757,A02507,9
P00757,A02508,10
P00757,A02509,11
P00757,A02510,12
P00757,A02511,13
P00758,A00124,6
P00758,A00125,8
P00758,A00126,9
P00758,A00128,2
P00758,A00196,10
P00758,A00335,11
P00758,A00704,4
P00758,A00801,7
P00758,A02467,1
P00758,A02469,3
P00758,A02498,5
P00759,A00068,2
P00759,A02423,1
P00760,A00003,5
P00760,A00093,2
P00760,A00544,8
P00760,A01783,1
P00760,A01784,3
P00760,A01785,4
P00760,A01786,7
P00760,A01787,6
P00760,A01789,10
P00760,A01790,11
P00760,A01791,12
P00760,A01793,14
P00760,A02229,15
P00760,A02512,9
P00760,A02513,13
P00761,A02514,1
P00761,A02515,2
P00762,A00640,2
P00762,A00734,3
P00762,A01009,5
P00762,A02400,4
P00762,A02516,1
P00763,A00018,8
P00763,A00073,1
P00763,A00081,6
P00763,A00158,4
P00763,A00160,7
P00763,A00351,11
P00763,A00671,2
P00763,A00672,3
P00763,A01973,10
P00763,A02517,5
P00763,A02518,9
P00764,A00249,3
P00764,A00255,4
P00764,A00402,18
P00764,A00564,5
P00764,A00648,19
P00764,A00876,10
P00764,A00877,13
P00764,A00881,9
P00764,A01126,6
P00764,A02444,20
P00764,A02519,1
P00764,A02520,2
P00764,A02521,7
P00764,A02522,8
P00764,A02523,11
P00764,A02524,12
P00764,A02525,14
P00764,A02526,15
P00764,A02527,16
P00764,A02528,17
P00765,A00081,14
P00765,A00191,13
P00765,A00193,12
P00765,A00195,11
P00765,A00229,18
P00765,A00366,2
P00765,A00376,15
P00765,A00392,4
P00765,A00405,16
P00765,A00564,19
P00765,A00580,9
P00765,A00667,10
P00765,A00780,5
P00765,A00782,7
P00765,A00824,17
P00765,A01103,6
P00765,A01430,1
P00765,A02260,20
P00765,A02529,3
P00765,A02530,8
P00765,A02531,21
P00765,A02532,22
P00766,A02533,1
P00766,A02534,2
P00766,A02535,3
P00766,A02536,4
P00767,A02537,1
P00767,A02538,2
P00768,A00251,2
P00768,A00391,4
P00768,A02052,3
P00768,A02539,1
P00769,A00249,6
P00769,A00564,7
P00769,A00648,5
P00769,A00649,12
P00769,A00650,4
P00769,A00819,14
P00769,A00877,9
P00769,A00881,1
P00769,A00883,8
P00769,A02245,15
P00769,A02522,11
P00769,A02524,10
P00769,A02525,13
P00769,A02540,2
P00769,A02541,3
P00770,A00054,6
P00770,A00170,3
P00770,A00171,2
P00770,A01488,4
P00770,A02349,1
P00770,A02468,5
P00771,A02542,1
P00771,A02543,2
P00772,A00018,4
P00772,A00066,5
P00772,A00419,1
P00772,A00420,6
P00772,A00423,2
P00772,A00718,7
P00772,A02491,3
P00773,A00054,2
P00773,A00170,1
P00773,A01927,3
P00774,A00018,8
P00774,A00054,3
P00774,A00179,4
P00774,A00390,9
P00774,A01169,6
P00774,A01214,2
P00774,A01560,1
P00774,A01561,5
P00774,A01562,7
P00775,A02544,1
P00775,A02545,2
P00775,A02546,3
P00775,A02547,4
P00775,A02548,5
P00776,A02046,3
P00776,A02549,1
P00776,A02550,2
P00776,A02551,4
P00776,A02552,5
P00777,A00073,2
P00777,A00158,5
P00777,A00319,8
P00777,A00671,4
P00777,A00672,6
P00777,A02114,3
P00777,A02202,7
P00777,A02374,1
P00778,A02553,1
P00778,A02554,2
P00779,A01767,1
P00779,A01794,3
P00779,A02555,2
P00779,A02556,4
P00780,A00084,3
P00780,A01080,2
P00780,A02557,1
P00780,A02558,4
P00781,A02559,1
P00781,A02560,2
P00781,A02561,3
P00781,A02562,4
P00782,A02563,1
P00782,A02564,2
P00782,A02565,3
P00782,A02566,4
P00783,A00911,3
P00783,A00912,2
P00783,A02567,1
P00783,A02568,4
P00783,A02569,5
P00784,A00419,3
P00784,A00423,2
P00784,A00897,1
P00785,A00018,4
P00785,A00775,3
P00785,A02570,1
P00785,A02571,2
P00785,A02572,5
P00786,A00125,4
P00786,A00194,5
P00786,A00376,6
P00786,A00667,7
P00786,A00810,9
P00786,A01389,2
P00786,A02573,1
P00786,A02574,3
P00786,A02575,8
P00787,A00068,2
P00787,A00101,1
P00787,A00211,5
P00787,A02576,3
P00787,A02577,4
P00787,A02578,6
P00788,A01173,3
P00788,A02010,2
P00788,A02011,1
P00788,A02012,4
P00788,A02014,5
P00788,A02016,6
P00788,A02018,7
P00788,A02020,8
P00788,A02022,9
P00788,A02025,10
P00789,A01157,12
P00789,A02009,1
P00789,A02010,3
P00789,A02011,2
P00789,A02025,10
P00789,A02026,11
P00789,A02579,4
P00789,A02580,5
P00789,A02581,6
P00789,A02582,7
P00789,A02583,8
P00789,A02584,9
P00789,A02585,13
P00790,A01157,5
P00790,A02586,1
P00790,A02587,2
P00790,A02588,3
P00790,A02589,4
P00790,A02590,6
P00791,A00067,6
P00791,A00068,8
P00791,A00423,3
P00791,A00622,2
P00791,A00623,7
P00791,A01266,5
P00791,A01797,1
P00791,A01927,4
P00792,A00128,6
P00792,A00229,7
P00792,A00564,5
P00792,A00876,4
P00792,A01175,2
P00792,A02101,3
P00792,A02326,8
P00792,A02591,1
P00793,A02592,1
P00793,A02593,2
P00793,A02594,3
P00794,A02374,4
P00794,A02595,1
P00794,A02596,2
P00794,A02597,3
P00794,A02598,5
P00794,A02599,6
P00794,A02600,7
P00794,A02601,8
P00795,A02602,1
P00795,A02603,2
P00795,A02604,3
P00795,A02605,4
P00795,A02606,5
P00796,A00018,3
P00796,A00021,2
P00796,A00081,9
P00796,A00125,5
P00796,A00158,7
P00796,A00185,8
P00796,A00227,6
P00796,A00374,4
P00796,A02317,1
P00797,A02607,1
P00797,A02608,2
P00797,A02609,3
P00797,A02610,4
P00797,A02611,5
P00798,A02612,1
P00798,A02613,2
P00798,A02614,3
P00798,A02615,4
P00799,A00564,2
P00799,A00783,3
P00799,A02150,1
P00800,A00070,2
P00800,A00793,4
P00800,A02616,1
P00800,A02617,3
P00801,A00102,3
P00801,A00103,6
P00801,A00158,2
P00801,A00672,1
P00801,A00673,7
P00801,A02578,5
P00801,A02618,4
P00802,A02619,1
P00802,A02620,2
P00803,A02621,1
P00803,A02622,2
P00803,A02623,3
P00804,A02624,1
P00804,A02625,2
P00804,A02626,3
P00804,A02627,4
P00804,A02628,5
P00804,A02629,6
P00805,A00070,2
P00805,A00793,3
P00805,A02617,1
P00805,A02630,4
P00806,A01108,4
P00806,A02631,1
P00806,A02632,2
P00806,A02633,3
P00806,A02634,5
P00806,A02635,6
P00806,A02636,7
P00807,A01169,5
P00807,A02637,1
P00807,A02638,2
P00807,A02639,3
P00807,A02640,4
P00808,A00068,4
P00808,A02438,3
P00808,A02641,1
P00808,A02642,2
P00808,A02643,5
P00809,A01684,1
P00809,A02644,2
P00809,A02645,3
P00809,A02646,4
P00810,A00190,11
P00810,A00197,10
P00810,A00645,9
P00810,A00667,12
P00810,A00817,3
P00810,A01098,5
P00810,A02647,1
P00810,A02648,2
P00810,A02649,4
P00810,A02650,6
P00810,A02651,7
P00810,A02652,8
P00811,A00253,3
P00811,A01090,4
P00811,A01240,5
P00811,A01318,2
P00811,A02653,1
P00812,A02654,1
P00812,A02655,2
P00813,A00023,8
P00813,A00116,9
P00813,A00640,7
P00813,A01727,1
P00813,A01728,2
P00813,A01729,6
P00813,A01730,3
P00813,A01731,5
P00813,A01732,10
P00813,A02656,4
P00814,A02230,2
P00814,A02327,1
P00814,A02657,3
P00814,A02658,4
P00815,A00054,2
P00815,A00171,3
P00815,A02327,1
P00815,A02659,4
P00816,A00068,4
P00816,A00101,2
P00816,A00158,3
P00816,A00671,1
P00817,A00128,3
P00817,A00794,4
P00817,A00795,5
P00817,A02365,1
P00817,A02498,2
P00818,A00019,2
P00818,A00170,5
P00818,A00423,1
P00818,A01797,4
P00818,A02660,3
P00819,A02559,1
P00819,A02560,2
P00819,A02561,3
P00819,A02562,4
P00820,A02661,1
P00820,A02662,2
P00820,A02663,3
P00820,A02664,4
P00821,A02665,1
P00821,A02666,2
P00821,A02667,3
P00821,A02668,4
P00822,A01014,1
P00822,A01016,2
P00823,A00060,4
P00823,A00181,3
P00823,A02110,5
P00823,A02669,1
P00823,A02670,2
P00824,A00066,1
P00824,A01267,2
P00824,A01488,6
P00824,A01492,4
P00824,A01797,3
P00824,A02671,5
P00825,A00197,2
P00825,A00247,6
P00825,A00774,1
P00825,A00799,4
P00825,A00844,8
P00825,A01560,3
P00825,A02672,5
P00825,A02673,7
P00826,A02674,1
P00826,A02675,2
P00826,A02676,3
P00826,A02677,4
P00828,A02678,1
P00828,A02679,2
P00828,A02680,3
P00828,A02681,4
P00828,A02682,5
P00829,A00067,4
P00829,A00068,2
P00829,A00101,1
P00829,A00883,5
P00829,A02683,3
P00830,A00067,3
P00830,A00068,4
P00830,A00895,1
P00830,A02642,2
P00830,A02684,5
P00831,A00003,9
P00831,A00018,11
P00831,A00093,1
P00831,A00229,21
P00831,A00331,3
P00831,A00625,24
P00831,A01783,2
P00831,A01784,7
P00831,A01789,25
P00831,A01790,14
P00831,A01793,10
P00831,A02685,4
P00831,A02686,5
P00831,A02687,6
P00831,A02688,8
P00831,A02689,12
P00831,A02690,13
P00831,A02691,15
P00831,A02692,16
P00831,A02693,17
P00831,A02694,18
P00831,A02695,19
P00831,A02696,20
P00831,A02697,22
P00831,A02698,23
P00831,A02699,26
P00831,A02700,27
P00831,A02701,28
P00831,A02702,29
P00831,A02703,30
P00831,A02704,31
P00832,A00190,16
P00832,A00191,15
P00832,A00193,13
P00832,A00194,7
P00832,A00195,12
P00832,A00196,6
P00832,A00392,2
P00832,A00394,3
P00832,A00497,4
P00832,A00580,8
P00832,A00581,9
P00832,A00593,10
P00832,A00660,14
P00832,A00780,1
P00832,A01134,5
P00832,A01430,11
P00833,A02052,1
P00833,A02539,3
P00833,A02705,2
P00833,A02706,4
P00834,A02707,1
P00834,A02708,2
P00834,A02709,3
P00835,A00872,2
P00835,A00876,1
P00836,A02710,1
P00836,A02711,2
P00836,A02712,3
P00836,A02713,4
P00837,A00099,1
P00837,A00781,2
P00837,A02714,3
P00838,A02715,1
P00838,A02716,2
P00838,A02717,3
P00838,A02718,4
P00838,A02719,5
P00838,A02720,6
P00838,A02721,7
P00838,A02722,8
P00838,A02723,9
P00838,A02724,10
P00838,A02725,11
P00838,A02726,12
P00838,A02727,13
P00838,A02728,14
P00838,A02729,15
P00838,A02730,16
P00838,A02731,17
P00838,A02732,18
P00838,A02733,19
P00838,A02734,20
P00838,A02735,21
P00838,A02736,22
P00838,A02737,23
P00838,A02738,24
P00838,A02739,25
P00838,A02740,26
P00838,A02741,27
P00838,A02742,28
P00838,A02743,29
P00838,A02744,30
P00838,A02745,31
P00838,A02746,32
P00838,A02747,33
P00838,A02748,34
P00838,A02749,35
P00839,A02750,1
P00839,A02751,2
P00839,A02752,3
P00839,A02753,4
P00840,A02754,1
P00840,A02755,2
P00840,A02756,3
P00840,A02757,4
P00840,A02758,5
P00840,A02759,6
P00841,A02760,1
P00841,A02761,2
P00841,A02762,3
P00842,A00158,3
P00842,A00201,10
P00842,A00249,12
P00842,A00577,5
P00842,A00818,15
P00842,A00820,8
P00842,A00872,1
P00842,A00876,4
P00842,A00926,6
P00842,A01077,2
P00842,A01159,11
P00842,A01241,7
P00842,A02763,9
P00842,A02764,13
P00842,A02765,14
P00843,A00622,2
P00843,A01012,3
P00843,A01161,1
P00843,A01162,4
P00843,A02766,5
P00844,A02767,1
P00844,A02768,2
P00844,A02769,3
P00844,A02770,4
P00845,A02771,1
P00845,A02772,2
P00845,A02773,3
P00845,A02774,4
P00845,A02775,5
P00845,A02776,6
P00846,A02777,1
P00846,A02778,2
P00846,A02779,3
P00846,A02780,4
P00846,A02781,5
P00847,A00103,4
P00847,A00158,3
P00847,A00180,5
P00847,A00185,6
P00847,A00351,7
P00847,A00672,1
P00847,A02782,2
P00848,A01290,3
P00848,A01294,4
P00848,A02783,1
P00848,A02784,2
P00848,A02785,5
P00849,A02234,2
P00849,A02236,4
P00849,A02786,1
P00849,A02787,3
P00849,A02788,5
P00849,A02789,6
P00850,A00181,1
P00850,A00718,2
P00851,A00068,6
P00851,A00102,3
P00851,A00158,2
P00851,A02202,1
P00851,A02790,4
P00851,A02791,5
P00852,A00017,4
P00852,A00018,2
P00852,A00021,3
P00852,A02792,1
P00853,A00185,3
P00853,A01266,1
P00853,A01267,2
P00854,A00158,3
P00854,A00159,1
P00854,A00160,6
P00854,A00672,2
P00854,A00796,4
P00854,A02793,5
P00855,A01715,2
P00855,A02794,1
P00855,A02795,3
P00855,A02796,4
P00855,A02797,5
P00855,A02798,6
P00855,A02799,7
P00855,A02800,8
P00855,A02801,9
P00855,A02802,10
P00855,A02803,11
P00856,A00640,3
P00856,A01720,1
P00856,A01939,6
P00856,A02263,2
P00856,A02804,4
P00856,A02805,5
P00856,A02806,7
P00856,A02807,8
P00856,A02808,9
P00856,A02809,10
P00856,A02810,11
P00857,A00018,4
P00857,A00249,22
P00857,A00351,2
P00857,A00718,3
P00857,A00883,5
P00857,A01037,6
P00857,A02245,23
P00857,A02248,9
P00857,A02249,8
P00857,A02340,1
P00857,A02521,17
P00857,A02525,15
P00857,A02701,14
P00857,A02811,7
P00857,A02812,10
P00857,A02813,11
P00857,A02814,12
P00857,A02815,13
P00857,A02816,16
P00857,A02817,18
P00857,A02818,19
P00857,A02819,20
P00857,A02820,21
P00858,A00733,4
P00858,A00807,1
P00858,A01009,3
P00858,A02821,2
P00859,A00018,2
P00859,A00021,3
P00859,A00374,6
P00859,A00807,5
P00859,A00952,7
P00859,A02317,1
P00859,A02822,4
P00860,A00421,8
P00860,A00926,6
P00860,A01076,2
P00860,A01077,5
P00860,A01844,1
P00860,A01865,7
P00860,A02823,3
P00860,A02824,4
P00861,A00215,2
P00861,A01672,1
P00861,A01673,3
P00862,A00249,8
P00862,A00441,12
P00862,A00564,7
P00862,A00648,9
P00862,A00649,4
P00862,A00650,6
P00862,A00819,17
P00862,A00881,2
P00862,A00883,11
P00862,A01126,5
P00862,A01345,13
P00862,A02245,18
P00862,A02522,15
P00862,A02524,14
P00862,A02525,16
P00862,A02526,10
P00862,A02540,1
P00862,A02541,3
P00862,A02825,19
P00863,A02826,1
P00863,A02827,2
P00863,A02828,3
P00863,A02829,4
P00863,A02830,5
P00863,A02831,6
P00864,A02832,1
P00864,A02833,2
P00865,A01173,4
P00865,A02010,1
P00865,A02011,5
P00865,A02012,6
P00865,A02014,7
P00865,A02016,8
P00865,A02018,9
P00865,A02020,10
P00865,A02022,11
P00865,A02025,12
P00865,A02392,2
P00865,A02393,3
P00866,A00020,5
P00866,A00060,4
P00866,A00061,3
P00866,A00064,7
P00866,A01810,2
P00866,A02834,1
P00866,A02835,6
P00866,A02836,8
P00867,A00034,9
P00867,A00037,8
P00867,A00124,1
P00867,A00125,2
P00867,A00127,3
P00867,A00128,5
P00867,A00196,6
P00867,A00376,12
P00867,A00801,11
P00867,A01389,7
P00867,A02574,4
P00867,A02837,10
P00868,A00629,15
P00868,A02838,1
P00868,A02839,2
P00868,A02840,3
P00868,A02841,4
P00868,A02842,5
P00868,A02843,6
P00868,A02844,7
P00868,A02845,8
P00868,A02846,9
P00868,A02847,10
P00868,A02848,11
P00868,A02849,12
P00868,A02850,13
P00868,A02851,14
P00868,A02852,16
P00869,A00052,3
P00869,A00231,9
P00869,A00249,2
P00869,A00817,15
P00869,A00819,7
P00869,A00872,19
P00869,A01039,20
P00869,A01090,18
P00869,A01126,4
P00869,A01230,10
P00869,A02027,17
P00869,A02248,14
P00869,A02249,1
P00869,A02853,5
P00869,A02854,6
P00869,A02855,8
P00869,A02856,11
P00869,A02857,12
P00869,A02858,13
P00869,A02859,16
P00870,A01734,1
P00870,A02860,2
P00870,A02861,3
P00870,A02862,4
P00870,A02863,5
P00870,A02864,6
P00870,A02865,7
P00871,A00038,5
P00871,A00054,2
P00871,A00170,1
P00871,A00188,4
P00871,A01927,8
P00871,A02866,3
P00871,A02867,6
P00871,A02868,7
P00871,A02869,9
P00872,A00124,4
P00872,A00127,2
P00872,A02870,1
P00872,A02871,3
P00873,A00194,12
P00873,A00358,10
P00873,A00392,2
P00873,A00465,11
P00873,A00580,7
P00873,A00581,8
P00873,A00593,9
P00873,A01935,4
P00873,A01936,3
P00873,A02872,1
P00873,A02873,5
P00873,A02874,6
P00874,A02875,1
P00874,A02876,2
P00875,A02265,2
P00875,A02877,1
P00875,A02878,3
P00876,A02461,1
P00876,A02462,2
P00876,A02463,3
P00876,A02464,4
P00876,A02879,5
P00876,A02880,6
P00877,A00128,4
P00877,A00190,2
P00877,A00197,3
P00877,A00247,1
P00877,A00666,5
P00878,A00231,5
P00878,A00247,3
P00878,A00580,6
P00878,A00665,8
P00878,A00666,7
P00878,A00820,2
P00878,A01354,9
P00878,A02881,1
P00878,A02882,4
P00879,A00124,3
P00879,A00359,2
P00879,A02883,1
P00880,A00124,4
P00880,A00359,2
P00880,A01902,3
P00880,A02263,5
P00880,A02883,1
P00881,A02884,1
P00881,A02885,2
P00882,A02886,1
P00882,A02887,2
P00882,A02888,3
P00882,A02889,4
P00882,A02890,5
P00882,A02891,6
P00882,A02892,7
P00882,A02893,8
P00882,A02894,9
P00882,A02895,10
P00882,A02896,11
P00882,A02897,12
P00882,A02898,13
P00882,A02899,14
P00882,A02900,15
P00882,A02901,16
P00883,A02902,1
P00883,A02903,2
P00884,A02904,1
P00884,A02905,2
P00885,A00054,2
P00885,A00170,1
P00885,A01927,5
P00885,A02327,3
P00885,A02868,4
P00886,A00182,4
P00886,A00214,3
P00886,A01282,1
P00886,A02906,2
P00886,A02907,5
P00886,A02908,6
P00886,A02909,7
P00887,A00419,6
P00887,A00423,1
P00887,A00704,5
P00887,A01324,4
P00887,A01926,2
P00887,A02910,3
P00888,A01700,3
P00888,A02911,1
P00888,A02912,2
P00889,A02913,1
P00889,A02914,2
P00889,A02915,3
P00889,A02916,4
P00890,A02917,1
P00890,A02918,2
P00890,A02919,3
P00890,A02920,4
P00890,A02921,5
P00890,A02922,6
P00891,A02923,1
P00891,A02924,2
P00891,A02925,3
P00891,A02926,4
P00891,A02927,5
P00891,A02928,6
P00891,A02929,7
P00891,A02930,8
P00892,A00073,4
P00892,A00074,5
P00892,A00154,2
P00892,A00276,3
P00892,A02201,6
P00892,A02512,1
P00892,A02931,7
P00892,A02932,8
P00893,A00023,3
P00893,A00772,4
P00893,A00807,5
P00893,A02192,2
P00893,A02933,1
P00894,A00018,3
P00894,A00021,2
P00894,A00351,5
P00894,A00718,6
P00894,A02491,1
P00894,A02934,4
P00895,A02935,1
P00895,A02936,2
P00895,A02937,3
P00896,A02938,1
P00896,A02939,2
P00896,A02940,3
P00896,A02941,4
P00896,A02942,5
P00896,A02943,6
P00896,A02944,7
P00896,A02945,8
P00896,A02946,9
P00897,A00158,3
P00897,A00255,1
P00897,A00672,2
P00898,A00155,4
P00898,A00844,1
P00898,A01507,5
P00898,A01560,3
P00898,A02947,2
P00899,A00534,2
P00899,A02948,1
P00899,A02949,3
P00899,A02950,4
P00899,A02951,5
P00900,A02952,1
P00900,A02953,2
P00901,A02682,4
P00901,A02954,1
P00901,A02955,2
P00901,A02956,3
P00902,A00081,3
P00902,A00158,4
P00902,A00345,1
P00902,A01699,5
P00902,A02957,2
P00903,A00124,3
P00903,A00127,2
P00903,A00905,5
P00903,A01215,6
P00903,A02870,1
P00903,A02871,4
P00903,A02883,7
P00904,A02362,3
P00904,A02921,1
P00904,A02958,2
P00904,A02959,4
P00904,A02960,5
P00904,A02961,6
P00904,A02962,7
P00904,A02963,8
P00904,A02964,9
P00905,A02662,1
P00906,A02965,1
P00906,A02966,2
P00906,A02967,3
P00907,A02597,1
P00907,A02968,2
P00907,A02969,3
P00907,A02970,4
P00908,A02971,1
P00908,A02972,2
P00908,A02973,3
P00908,A02974,4
P00908,A02975,5
P00909,A02976,1
P00910,A02977,1
P00910,A02978,2
P00910,A02979,3
P00911,A00987,3
P00911,A01277,5
P00911,A01278,4
P00911,A01280,1
P00911,A02980,2
P00912,A00068,2
P00912,A02423,1
P00913,A00313,1
P00913,A00314,2
P00913,A00315,3
P00913,A00317,8
P00913,A00319,4
P00913,A01168,7
P00913,A01287,6
P00913,A02981,5
P00914,A00021,4
P00914,A00031,7
P00914,A00181,9
P00914,A00280,16
P00914,A00350,19
P00914,A00351,1
P00914,A00390,3
P00914,A00439,20
P00914,A00734,13
P00914,A00845,10
P00914,A01151,12
P00914,A01162,14
P00914,A01230,8
P00914,A02262,15
P00914,A02410,18
P00914,A02982,2
P00914,A02983,5
P00914,A02984,6
P00914,A02985,11
P00914,A02986,17
P00915,A00035,3
P00915,A00733,5
P00915,A01821,2
P00915,A02821,1
P00915,A02987,4
P00916,A01957,3
P00916,A01958,4
P00916,A02988,1
P00916,A02989,2
P00917,A02990,1
P00917,A02991,2
P00917,A02992,3
P00917,A02993,4
P00918,A00054,2
P00918,A02327,1
P00919,A00033,4
P00919,A00034,2
P00919,A00037,3
P00919,A00224,5
P00919,A02994,1
P00919,A02995,6
P00920,A00195,6
P00920,A00278,4
P00920,A00392,2
P00920,A00780,3
P00920,A01293,7
P00920,A01352,11
P00920,A02872,1
P00920,A02996,5
P00920,A02997,8
P00920,A02998,9
P00920,A02999,10
P00921,A00054,3
P00921,A00171,4
P00921,A02327,2
P00921,A03000,1
P00922,A01141,1
P00922,A01142,2
P00923,A03001,1
P00923,A03002,2
P00923,A03003,3
P00923,A03004,4
P00924,A03004,1
P00925,A03005,1
P00925,A03006,2
P00925,A03007,3
P00925,A03008,4
P00925,A03009,5
P00926,A00067,4
P00926,A00068,6
P00926,A00101,1
P00926,A00421,3
P00926,A00422,5
P00926,A02181,2
P00927,A00392,1
P00927,A03010,2
P00928,A01808,2
P00928,A03011,1
P00928,A03012,3
P00928,A03013,4
P00928,A03014,5
P00928,A03015,6
P00929,A00073,4
P00929,A00074,5
P00929,A00154,2
P00929,A00276,3
P00929,A02201,6
P00929,A02512,1
P00930,A00194,13
P00930,A00195,12
P00930,A00227,7
P00930,A00229,14
P00930,A00392,2
P00930,A00580,9
P00930,A00581,10
P00930,A00593,11
P00930,A00780,3
P00930,A01352,6
P00930,A01430,8
P00930,A01726,5
P00930,A02872,1
P00930,A02996,4
P00931,A00733,2
P00931,A00807,1
P00931,A01135,4
P00931,A01247,5
P00931,A02821,3
P00932,A03016,1
P00932,A03017,2
P00932,A03018,3
P00933,A01778,1
P00933,A01779,2
P00934,A03019,1
P00934,A03020,2
P00934,A03021,3
P00935,A01915,6
P00935,A02025,11
P00935,A02084,9
P00935,A02584,10
P00935,A03022,1
P00935,A03023,2
P00935,A03024,3
P00935,A03025,4
P00935,A03026,5
P00935,A03027,7
P00935,A03028,8
P00936,A00068,3
P00936,A00421,4
P00936,A00703,2
P00936,A03029,1
P00937,A02559,1
P00937,A02562,4
P00937,A03030,2
P00937,A03031,3
P00938,A03032,1
P00938,A03033,2
P00938,A03034,3
P00938,A03035,4
P00938,A03036,5
P00938,A03037,6
P00938,A03038,7
P00938,A03039,8
P00939,A00034,10
P00939,A00195,3
P00939,A00405,1
P00939,A01289,8
P00939,A01290,6
P00939,A01294,7
P00939,A01430,5
P00939,A01431,4
P00939,A03040,2
P00939,A03041,9
P00939,A03042,11
P00940,A00018,2
P00940,A00351,7
P00940,A00390,12
P00940,A00441,11
P00940,A00718,8
P00940,A01009,5
P00940,A01135,6
P00940,A01277,1
P00940,A01328,3
P00940,A01421,10
P00940,A01914,9
P00940,A02586,4
P00941,A02537,2
P00941,A02538,1
P00942,A03043,1
P00942,A03044,2
P00942,A03045,3
P00942,A03046,4
P00942,A03047,5
P00942,A03048,6
P00942,A03049,7
P00942,A03050,8
P00943,A00147,7
P00943,A00194,11
P00943,A00380,3
P00943,A00465,9
P00943,A00466,8
P00943,A00467,10
P00943,A00471,12
P00943,A01507,2
P00943,A02947,4
P00943,A03051,1
P00943,A03052,5
P00943,A03053,6
P00944,A03054,1
P00944,A03055,2
P00945,A03056,1
P00945,A03057,2
P00946,A02559,1
P00946,A02560,3
P00946,A02562,4
P00946,A03058,2
P00947,A00070,2
P00947,A00793,4
P00947,A02616,1
P00947,A02617,3
P00948,A00038,10
P00948,A01282,3
P00948,A01283,4
P00948,A01305,1
P00948,A02208,11
P00948,A02265,6
P00948,A02576,9
P00948,A02578,5
P00948,A03059,2
P00948,A03060,7
P00948,A03061,8
P00948,A03062,12
P00949,A00124,1
P00949,A00125,2
P00949,A00127,3
P00949,A00161,10
P00949,A00337,5
P00949,A00801,7
P00949,A02837,6
P00949,A02870,8
P00949,A02883,4
P00949,A03063,9
P00950,A00032,2
P00950,A00124,4
P00950,A00801,7
P00950,A00922,3
P00950,A01448,5
P00950,A02883,6
P00950,A03064,1
P00951,A01079,10
P00951,A01967,3
P00951,A02588,1
P00951,A03065,2
P00951,A03066,4
P00951,A03067,5
P00951,A03068,6
P00951,A03069,7
P00951,A03070,8
P00951,A03071,9
P00952,A00674,4
P00952,A01328,5
P00952,A02222,3
P00952,A03072,1
P00952,A03073,2
P00953,A00073,1
P00953,A00158,2
P00953,A00186,4
P00953,A00737,6
P00953,A01216,3
P00953,A02791,7
P00953,A03074,5
P00954,A00359,3
P00954,A01266,4
P00954,A03075,1
P00954,A03076,2
P00955,A00255,1
P00955,A00401,3
P00955,A00402,2
P00956,A00155,5
P00956,A00980,7
P00956,A01495,2
P00956,A01717,10
P00956,A01753,6
P00956,A02767,3
P00956,A03077,1
P00956,A03078,4
P00956,A03079,8
P00956,A03080,9
P00957,A00158,4
P00957,A00159,3
P00957,A02202,5
P00957,A02791,1
P00957,A03081,2
P00958,A03082,1
P00958,A03083,2
P00958,A03084,3
P00959,A03085,1
P00959,A03086,2
P00959,A03087,3
P00959,A03088,4
P00960,A03089,1
P00960,A03090,2
P00960,A03091,3
P00960,A03092,4
P00960,A03093,5
P00961,A01332,3
P00961,A02500,1
P00961,A02502,4
P00961,A02504,8
P00961,A02509,10
P00961,A03094,2
P00961,A03095,5
P00961,A03096,6
P00961,A03097,7
P00961,A03098,9
P00962,A03099,1
P00962,A03100,2
P00962,A03101,3
P00962,A03102,4
P00963,A00313,1
P00963,A00314,2
P00963,A00315,3
P00963,A00317,6
P00963,A00319,5
P00963,A01101,4
P00964,A01422,4
P00964,A01948,3
P00964,A03103,1
P00964,A03104,2
P00965,A03105,1
P00965,A03106,2
P00965,A03107,3
P00966,A03108,1
P00966,A03109,2
P00966,A03110,3
P00966,A03111,4
P00966,A03112,5
P00967,A00103,4
P00967,A00158,3
P00967,A00180,5
P00967,A00185,6
P00967,A00351,7
P00967,A00672,1
P00967,A02782,2
P00968,A01173,5
P00968,A02009,1
P00968,A02010,3
P00968,A02011,2
P00968,A02012,6
P00968,A02014,8
P00968,A02015,9
P00968,A02016,10
P00968,A02018,12
P00968,A02019,13
P00968,A02020,14
P00968,A02025,18
P00968,A02026,19
P00968,A02394,7
P00968,A02395,11
P00968,A02581,4
P00968,A02583,17
P00968,A02584,16
P00968,A03113,15
P00969,A00126,1
P00969,A00198,8
P00969,A00199,6
P00969,A01142,10
P00969,A01487,5
P00969,A02406,3
P00969,A03114,2
P00969,A03115,4
P00969,A03116,7
P00969,A03117,9
P00970,A00297,5
P00970,A03118,1
P00970,A03119,2
P00970,A03120,3
P00970,A03121,4
P00971,A00531,1
P00971,A00532,2
P00971,A02155,3
P00971,A03122,4
P00971,A03123,5
P00971,A03124,6
P00971,A03125,7
P00972,A00188,6
P00972,A00211,2
P00972,A00214,5
P00972,A00849,7
P00972,A03126,1
P00972,A03127,3
P00972,A03128,4
P00972,A03129,8
P00973,A00054,5
P00973,A00158,2
P00973,A00564,4
P00973,A00672,3
P00973,A01466,1
P00974,A03130,1
P00974,A03131,2
P00974,A03132,3
P00974,A03133,4
P00974,A03134,5
P00974,A03135,6
P00974,A03136,7
P00974,A03137,8
P00975,A00817,3
P00975,A03138,1
P00975,A03139,2
P00975,A03140,4
P00975,A03141,5
P00975,A03142,6
P00976,A03143,1
P00976,A03144,2
P00976,A03145,3
P00976,A03146,4
P00976,A03147,5
P00977,A00018,3
P00977,A00021,2
P00977,A02792,1
P00977,A02934,4
P00978,A00093,5
P00978,A00580,3
P00978,A00607,2
P00978,A00805,4
P00978,A03148,1
P00978,A03149,6
P00979,A00101,4
P00979,A00180,6
P00979,A00211,2
P00979,A00667,8
P00979,A02498,5
P00979,A02934,7
P00979,A02984,3
P00979,A03150,1
P00980,A01038,2
P00980,A01251,3
P00980,A02977,1
P00981,A00128,9
P00981,A00212,6
P00981,A00319,8
P00981,A00365,2
P00981,A00366,4
P00981,A00420,10
P00981,A01287,11
P00981,A01430,1
P00981,A03151,3
P00981,A03152,5
P00981,A03153,7
P00981,A03154,12
P00982,A00073,11
P00982,A00128,8
P00982,A00158,12
P00982,A00212,5
P00982,A00232,17
P00982,A00319,10
P00982,A00365,4
P00982,A00366,3
P00982,A00374,9
P00982,A00376,13
P00982,A00420,7
P00982,A00628,14
P00982,A01287,15
P00982,A01430,1
P00982,A03152,2
P00982,A03153,6
P00982,A03155,16
P00983,A00051,1
P00983,A01973,2
P00984,A02125,1
P00984,A02139,4
P00984,A02144,2
P00984,A02147,3
P00984,A02148,5
P00984,A02149,6
P00985,A00019,3
P00985,A00070,6
P00985,A00351,4
P00985,A01974,1
P00985,A03156,2
P00985,A03157,5
P00986,A01154,3
P00986,A03158,1
P00986,A03159,2
P00987,A00124,4
P00987,A00128,2
P00987,A00196,3
P00987,A00781,5
P00987,A03160,1
P00988,A00067,8
P00988,A00068,2
P00988,A00101,1
P00988,A00561,6
P00988,A00671,7
P00988,A00883,3
P00988,A01134,9
P00988,A02683,4
P00988,A03161,5
P00989,A00124,12
P00989,A00161,4
P00989,A02412,9
P00989,A03162,1
P00989,A03163,2
P00989,A03164,3
P00989,A03165,5
P00989,A03166,6
P00989,A03167,7
P00989,A03168,8
P00989,A03169,10
P00989,A03170,11
P00989,A03171,13
P00990,A03172,1
P00990,A03173,2
P00990,A03174,3
P00990,A03175,4
P00991,A00103,4
P00991,A00821,2
P00991,A03176,1
P00991,A03177,3
P00991,A03178,5
P00992,A00020,2
P00992,A00181,3
P00992,A00868,4
P00992,A01744,5
P00992,A03179,1
P00993,A01420,3
P00993,A01421,2
P00993,A02472,1
P00993,A03180,4
P00993,A03181,5
P00994,A03182,1
P00994,A03183,2
P00994,A03184,3
P00994,A03185,4
P00994,A03186,5
P00995,A03187,1
P00995,A03188,2
P00995,A03189,3
P00995,A03190,4
P00995,A03191,5
P00995,A03192,6
P00996,A03193,1
P00996,A03194,2
P00996,A03195,3
P00996,A03196,4
P00997,A03197,1
P00997,A03198,2
P00997,A03199,3
P00998,A00898,6
P00998,A03025,5
P00998,A03200,1
P00998,A03201,2
P00998,A03202,3
P00998,A03203,4
P00999,A00834,10
P00999,A03013,2
P00999,A03014,3
P00999,A03015,1
P00999,A03204,4
P00999,A03205,5
P00999,A03206,6
P00999,A03207,7
P00999,A03208,8
P00999,A03209,9
P01000,A02592,1
P01000,A02593,3
P01000,A02594,4
P01000,A03210,2
P01001,A00067,2
P01001,A00068,5
P01001,A00101,3
P01001,A01515,1
P01001,A02423,4
P01002,A00021,4
P01002,A00031,7
P01002,A00070,15
P01002,A00181,9
P01002,A00280,16
P01002,A00350,19
P01002,A00351,1
P01002,A00390,3
P01002,A00439,20
P01002,A00734,13
P01002,A00845,10
P01002,A01151,12
P01002,A01162,14
P01002,A01230,8
P01002,A02410,18
P01002,A02982,2
P01002,A02983,5
P01002,A02984,6
P01002,A02985,11
P01002,A02986,17
P01003,A01970,1
P01003,A03211,2
P01004,A00023,7
P01004,A00116,8
P01004,A00181,5
P01004,A01727,1
P01004,A01728,3
P01004,A01730,2
P01004,A01732,6
P01004,A02656,4
P01005,A00052,1
P01006,A00161,5
P01006,A00162,7
P01006,A00319,4
P01006,A00850,8
P01006,A01939,3
P01006,A02650,6
P01006,A03163,12
P01006,A03167,10
P01006,A03212,1
P01006,A03213,2
P01006,A03214,9
P01006,A03215,11
P01007,A00124,3
P01007,A00125,4
P01007,A00196,5
P01007,A00198,8
P01007,A00199,7
P01007,A00704,6
P01007,A01142,1
P01007,A02467,2
P01008,A01282,2
P01008,A03216,1
P01008,A03217,3
P01008,A03218,4
P01009,A00390,7
P01009,A00640,3
P01009,A00734,2
P01009,A02372,4
P01009,A02400,6
P01009,A02516,1
P01009,A03219,5
P01010,A03220,1
P01010,A03221,2
P01010,A03222,3
P01010,A03223,4
P01011,A00077,4
P01011,A00231,3
P01011,A00580,7
P01011,A01039,8
P01011,A01354,6
P01011,A01355,5
P01011,A02246,9
P01011,A02249,2
P01011,A03224,1
P01012,A00067,6
P01012,A00068,2
P01012,A00101,3
P01012,A00180,4
P01012,A00674,5
P01012,A01515,1
P01013,A00236,13
P01013,A00288,10
P01013,A03225,1
P01013,A03226,2
P01013,A03227,3
P01013,A03228,4
P01013,A03229,5
P01013,A03230,6
P01013,A03231,7
P01013,A03232,8
P01013,A03233,9
P01013,A03234,11
P01013,A03235,12
P01014,A03022,1
P01014,A03023,2
P01014,A03024,3
P01015,A03236,1
P01015,A03237,2
P01015,A03238,3
P01015,A03239,4
P01016,A00640,2
P01016,A02400,1
P01017,A01016,2
P01017,A01017,1
P01017,A01167,4
P01017,A01381,3
P01017,A02499,5
P01018,A00125,4
P01018,A00192,3
P01018,A00196,2
P01018,A00197,5
P01018,A01142,1
P01019,A00052,7
P01019,A00102,5
P01019,A00103,6
P01019,A00158,2
P01019,A00577,10
P01019,A00776,9
P01019,A01670,1
P01019,A02643,8
P01019,A02810,3
P01019,A03214,4
P01020,A01005,2
P01020,A03240,1
P01020,A03241,3
P01020,A03242,4
P01020,A03243,5
P01020,A03244,6
P01021,A03245,1
P01021,A03246,2
P01021,A03247,3
P01021,A03248,4
P01022,A00052,1
P01023,A02157,3
P01023,A03249,1
P01023,A03250,2
P01024,A00060,4
P01024,A00061,3
P01024,A00064,6
P01024,A01810,2
P01024,A02834,1
P01024,A02835,5
P01024,A02836,7
P01025,A03096,2
P01025,A03251,1
P01025,A03252,3
P01025,A03253,4
P01026,A00068,83
P01026,A00081,1
P01026,A00158,90
P01026,A00163,81
P01026,A00227,43
P01026,A00231,33
P01026,A00249,17
P01026,A00274,80
P01026,A00319,94
P01026,A00376,44
P01026,A00391,93
P01026,A00407,66
P01026,A00527,72
P01026,A00561,86
P01026,A00577,85
P01026,A00579,88
P01026,A00652,89
P01026,A00654,3
P01026,A00819,37
P01026,A00876,16
P01026,A00909,27
P01026,A00976,87
P01026,A01037,19
P01026,A01145,42
P01026,A01291,22
P01026,A01317,48
P01026,A02245,18
P01026,A02249,36
P01026,A02340,12
P01026,A02521,32
P01026,A02522,14
P01026,A02523,49
P01026,A02524,13
P01026,A02525,15
P01026,A02526,34
P01026,A02574,21
P01026,A02782,70
P01026,A02816,29
P01026,A02817,41
P01026,A02818,38
P01026,A02820,40
P01026,A02859,47
P01026,A03254,2
P01026,A03255,4
P01026,A03256,5
P01026,A03257,6
P01026,A03258,7
P01026,A03259,8
P01026,A03260,9
P01026,A03261,10
P01026,A03262,11
P01026,A03263,20
P01026,A03264,23
P01026,A03265,24
P01026,A03266,25
P01026,A03267,26
P01026,A03268,28
P01026,A03269,30
P01026,A03270,31
P01026,A03271,35
P01026,A03272,39
P01026,A03273,45
P01026,A03274,46
P01026,A03275,50
P01026,A03276,51
P01026,A03277,52
P01026,A03278,53
P01026,A03279,54
P01026,A03280,55
P01026,A03281,56
P01026,A03282,57
P01026,A03283,58
P01026,A03284,59
P01026,A03285,60
P01026,A03286,61
P01026,A03287,62
P01026,A03288,63
P01026,A03289,64
P01026,A03290,65
P01026,A03291,67
P01026,A03292,68
P01026,A03293,69
P01026,A03294,71
P01026,A03295,73
P01026,A03296,74
P01026,A03297,75
P01026,A03298,76
P01026,A03299,77
P01026,A03300,78
P01026,A03301,79
P01026,A03302,82
P01026,A03303,84
P01026,A03304,91
P01026,A03305,92
P01026,A03306,95
P01026,A03307,96
P01026,A03308,97
P01026,A03309,98
P01026,A03310,99
P01026,A03311,100
P01026,A03312,101
P01026,A03313,102
P01027,A00456,9
P01027,A00564,5
P01027,A01024,8
P01027,A01039,10
P01027,A01284,3
P01027,A01704,6
P01027,A02914,1
P01027,A03314,2
P01027,A03315,4
P01027,A03316,7
P01028,A03317,1
P01028,A03318,2
P01028,A03319,3
P01028,A03320,4
P01029,A00052,6
P01029,A00249,11
P01029,A00253,4
P01029,A00255,16
P01029,A00288,9
P01029,A00564,12
P01029,A00648,13
P01029,A00877,15
P01029,A00880,1
P01029,A00887,7
P01029,A01230,22
P01029,A01240,3
P01029,A01285,2
P01029,A02245,18
P01029,A02526,17
P01029,A02814,21
P01029,A02815,19
P01029,A03321,5
P01029,A03322,8
P01029,A03323,10
P01029,A03324,14
P01029,A03325,20
P01029,A03326,23
P01030,A02216,8
P01030,A02750,1
P01030,A02751,5
P01030,A02752,7
P01030,A02753,11
P01030,A03327,2
P01030,A03328,3
P01030,A03329,4
P01030,A03330,6
P01030,A03331,9
P01030,A03332,10
P01030,A03333,12
P01031,A00203,5
P01031,A00390,2
P01031,A03334,1
P01031,A03335,3
P01031,A03336,4
P01031,A03337,6
P01031,A03338,7
P01031,A03339,8
P01032,A03340,1
P01032,A03341,2
P01032,A03342,3
P01032,A03343,4
P01032,A03344,5
P01033,A00067,2
P01033,A00068,11
P01033,A00102,6
P01033,A00103,7
P01033,A00158,4
P01033,A00391,8
P01033,A02202,1
P01033,A02204,3
P01033,A02206,5
P01033,A03345,9
P01033,A03346,10
P01034,A00054,2
P01034,A00170,1
P01034,A02327,3
P01035,A02662,1
P01035,A02663,2
P01036,A00704,3
P01036,A00808,4
P01036,A01324,2
P01036,A02153,5
P01036,A03347,1
P01037,A03348,1
P01037,A03349,2
P01037,A03350,3
P01038,A03351,1
P01038,A03352,2
P01038,A03353,3
P01038,A03354,4
P01038,A03355,5
P01038,A03356,6
P01038,A03357,7
P01038,A03358,8
P01038,A03359,9
P01038,A03360,10
P01038,A03361,11
P01038,A03362,12
P01038,A03363,13
P01038,A03364,14
P01038,A03365,15
P01038,A03366,16
P01038,A03367,17
P01038,A03368,18
P01038,A03369,19
P01038,A03370,20
P01038,A03371,21
P01038,A03372,22
P01039,A00371,7
P01039,A02002,3
P01039,A02003,2
P01039,A02004,1
P01039,A02236,6
P01039,A02788,5
P01039,A03373,4
P01040,A00064,7
P01040,A00533,9
P01040,A00534,1
P01040,A02780,2
P01040,A02810,6
P01040,A02949,4
P01040,A02951,3
P01040,A03374,5
P01040,A03375,8
P01041,A00066,5
P01041,A00419,4
P01041,A03376,1
P01041,A03377,2
P01041,A03378,3
P01042,A00351,4
P01042,A02249,3
P01042,A02340,2
P01042,A02811,1
P01043,A00124,4
P01043,A00125,1
P01043,A00127,5
P01043,A00128,2
P01043,A00193,8
P01043,A00196,6
P01043,A01389,3
P01043,A02530,7
P01044,A00429,5
P01044,A00734,2
P01044,A02498,4
P01044,A03379,1
P01044,A03380,3
P01045,A03381,1
P01045,A03382,2
P01045,A03383,3
P01045,A03384,4
P01046,A03385,1
P01046,A03386,2
P01046,A03387,3
P01047,A03388,1
P01047,A03389,2
P01047,A03390,3
P01047,A03391,4
P01047,A03392,5
P01047,A03393,6
P01048,A03394,1
P01049,A02408,7
P01049,A03395,1
P01049,A03396,2
P01049,A03397,3
P01049,A03398,4
P01049,A03399,5
P01049,A03400,6
P01049,A03401,8
P01049,A03402,9
P01050,A00664,3
P01050,A02398,1
P01050,A03403,2
P01051,A00405,3
P01051,A00662,2
P01051,A02370,8
P01051,A03404,1
P01051,A03405,4
P01051,A03406,5
P01051,A03407,6
P01051,A03408,7
P01052,A01902,5
P01052,A02300,4
P01052,A03076,3
P01052,A03409,1
P01052,A03410,2
P01053,A00103,7
P01053,A00158,6
P01053,A00249,4
P01053,A00818,3
P01053,A00872,5
P01053,A00876,2
P01053,A02435,1
P01054,A00023,3
P01054,A00772,4
P01054,A02192,2
P01054,A02933,1
P01055,A00709,1
P01055,A00711,2
P01056,A03411,1
P01056,A03412,2
P01056,A03413,3
P01056,A03414,4
P01056,A03415,5
P01057,A00116,6
P01057,A00181,7
P01057,A00359,3
P01057,A00390,2
P01057,A00521,5
P01057,A00578,9
P01057,A01161,4
P01057,A03416,1
P01057,A03417,8
P01058,A03418,1
P01058,A03419,2
P01058,A03420,3
P01058,A03421,4
P01058,A03422,5
P01059,A01048,3
P01059,A01428,1
P01059,A01927,2
P01060,A03423,1
P01060,A03424,2
P01060,A03425,3
P01060,A03426,4
P01060,A03427,5
P01060,A03428,6
P01061,A03429,1
P01061,A03430,2
P01061,A03431,3
P01062,A03432,1
P01062,A03433,2
P01062,A03434,3
P01063,A00231,18
P01063,A00249,5
P01063,A00255,6
P01063,A00564,1
P01063,A00649,19
P01063,A00819,20
P01063,A00820,2
P01063,A00883,7
P01063,A01251,8
P01063,A01406,12
P01063,A02245,23
P01063,A02340,17
P01063,A02521,9
P01063,A02523,4
P01063,A02524,21
P01063,A02525,22
P01063,A02812,15
P01063,A02813,16
P01063,A02816,14
P01063,A02817,10
P01063,A02818,11
P01063,A03435,3
P01063,A03436,13
P01064,A03437,1
P01064,A03438,2
P01065,A00733,4
P01065,A03439,1
P01065,A03440,2
P01065,A03441,3
P01066,A00018,4
P01066,A00021,5
P01066,A00181,3
P01066,A00389,2
P01066,A00718,1
P01066,A00768,8
P01066,A03442,6
P01066,A03443,7
P01067,A02678,1
P01067,A02679,2
P01067,A02680,4
P01067,A02681,5
P01067,A02682,6
P01067,A03444,3
P01068,A03445,1
P01068,A03446,2
P01068,A03447,3
P01068,A03448,4
P01069,A03449,1
P01069,A03450,2
P01070,A00194,4
P01070,A00391,3
P01070,A03302,2
P01070,A03451,1
P01071,A00528,1
P01071,A03452,2
P01071,A03453,3
P01071,A03454,4
P01072,A01305,3
P01072,A03455,1
P01072,A03456,2
P01072,A03457,4
P01072,A03458,5
P01072,A03459,6
P01073,A03460,1
P01073,A03461,2
P01073,A03462,3
P01074,A00067,4
P01074,A00419,1
P01074,A03463,2
P01074,A03464,3
P01074,A03465,5
P01075,A03466,1
P01075,A03467,2
P01075,A03468,3
P01076,A02218,3
P01076,A02875,2
P01076,A02876,4
P01076,A03469,1
P01076,A03470,5
P01076,A03471,6
P01077,A03472,1
P01077,A03473,2
P01077,A03474,3
P01077,A03475,4
P01078,A03073,2
P01078,A03476,1
P01078,A03477,3
P01079,A00185,2
P01079,A02516,1
P01079,A02617,3
P01080,A03478,1
P01080,A03479,2
P01080,A03480,3
P01081,A00019,3
P01081,A00170,5
P01081,A00351,6
P01081,A01797,4
P01081,A01974,1
P01081,A03156,2
P01082,A03481,1
P01082,A03482,2
P01083,A00116,6
P01083,A02426,2
P01083,A03483,1
P01083,A03484,3
P01083,A03485,4
P01083,A03486,5
P01083,A03487,7
P01084,A00640,2
P01084,A01732,4
P01084,A02263,3
P01084,A03488,1
P01084,A03489,5
P01085,A00051,1
P01085,A01973,2
P01086,A00035,4
P01086,A00229,10
P01086,A00733,6
P01086,A00926,2
P01086,A01079,12
P01086,A01967,7
P01086,A02588,3
P01086,A03490,1
P01086,A03491,5
P01086,A03492,8
P01086,A03493,9
P01086,A03494,11
P01087,A03495,1
P01087,A03496,2
P01087,A03497,3
P01087,A03498,4
P01087,A03499,5
P01087,A03500,6
P01088,A00051,5
P01088,A00073,2
P01088,A00672,6
P01088,A01286,4
P01088,A02374,1
P01088,A02433,3
P01089,A00023,9
P01089,A00185,5
P01089,A00704,4
P01089,A00802,6
P01089,A01374,7
P01089,A02178,8
P01089,A02933,2
P01089,A03179,1
P01089,A03501,3
P01090,A00018,6
P01090,A00158,2
P01090,A00186,3
P01090,A00351,5
P01090,A00578,7
P01090,A01214,8
P01090,A01466,1
P01090,A03128,4
P01091,A01420,3
P01091,A01421,2
P01091,A02472,1
P01091,A03181,4
P01092,A03502,1
P01092,A03503,2
P01092,A03504,3
P01093,A03505,1
P01093,A03506,2
P01094,A03507,1
P01094,A03508,2
P01094,A03509,3
P01094,A03510,4
P01094,A03511,5
P01095,A00124,2
P01095,A00125,5
P01095,A00127,4
P01095,A00128,6
P01095,A00801,3
P01095,A03512,1
P01096,A00158,1
P01096,A00249,4
P01096,A00255,8
P01096,A00402,16
P01096,A00405,2
P01096,A00648,17
P01096,A00733,6
P01096,A00794,11
P01096,A00795,10
P01096,A00880,12
P01096,A01126,3
P01096,A02242,15
P01096,A02369,7
P01096,A02423,5
P01096,A02519,9
P01096,A02520,13
P01096,A03513,14
P01097,A01182,1
P01097,A01220,2
P01097,A03514,3
P01098,A01564,7
P01098,A01567,17
P01098,A01568,5
P01098,A01570,3
P01098,A02186,1
P01098,A03515,2
P01098,A03516,4
P01098,A03517,6
P01098,A03518,8
P01098,A03519,9
P01098,A03520,10
P01098,A03521,11
P01098,A03522,12
P01098,A03523,13
P01098,A03524,14
P01098,A03525,15
P01098,A03526,16
P01098,A03527,18
P01098,A03528,19
P01098,A03529,20
P01098,A03530,21
P01098,A03531,22
P01098,A03532,23
P01098,A03533,24
P01098,A03534,25
P01098,A03535,26
P01098,A03536,27
P01098,A03537,28
P01098,A03538,29
P01098,A03539,30
P01098,A03540,31
P01098,A03541,32
P01098,A03542,33
P01098,A03543,34
P01099,A00255,1
P01099,A00577,6
P01099,A00672,5
P01099,A00761,7
P01099,A01165,2
P01099,A03544,3
P01099,A03545,4
P01099,A03546,8
P01100,A00161,9
P01100,A00197,10
P01100,A01098,4
P01100,A02648,3
P01100,A02650,7
P01100,A03162,8
P01100,A03167,5
P01100,A03547,1
P01100,A03548,2
P01100,A03549,6
P01101,A03550,1
P01101,A03551,2
P01101,A03552,3
P01101,A03553,4
P01102,A00125,11
P01102,A00392,8
P01102,A00780,9
P01102,A01288,1
P01102,A01726,5
P01102,A02574,2
P01102,A02872,7
P01102,A02883,6
P01102,A03069,12
P01102,A03264,3
P01102,A03267,4
P01102,A03302,10
P01102,A03554,13
P01103,A00081,3
P01103,A00158,1
P01103,A00160,2
P01103,A00351,4
P01104,A03555,1
P01105,A02559,1
P01105,A03556,2
P01105,A03557,3
P01105,A03558,4
P01106,A00249,6
P01106,A00439,5
P01106,A00456,2
P01106,A01704,3
P01106,A02914,4
P01106,A03559,1
P01107,A01332,5
P01107,A01339,9
P01107,A02500,4
P01107,A02502,1
P01107,A03095,2
P01107,A03096,3
P01107,A03560,6
P01107,A03561,7
P01107,A03562,8
P01107,A03563,10
P01107,A03564,11
P01108,A03565,1
P01108,A03566,2
P01108,A03567,3
P01108,A03568,4
P01109,A01246,2
P01109,A03569,1
P01110,A00811,2
P01110,A00976,1
P01110,A03570,3
P01110,A03571,4
P01111,A03572,1
P01111,A03573,2
P01112,A00533,3
P01112,A02157,1
P01112,A02806,2
P01113,A03574,1
P01113,A03575,2
P01113,A03576,3
P01113,A03577,4
P01114,A01258,1
P01115,A00052,1
P01115,A01090,2
P01116,A00018,8
P01116,A00251,9
P01116,A00351,10
P01116,A00774,3
P01116,A02317,11
P01116,A02670,7
P01116,A03578,1
P01116,A03579,2
P01116,A03580,4
P01116,A03581,5
P01116,A03582,6
P01116,A03583,12
P01117,A02810,2
P01117,A03584,1
P01117,A03585,3
P01117,A03586,4
P01117,A03587,5
P01118,A01772,3
P01118,A03588,1
P01118,A03589,2
P01119,A03590,1
P01119,A03591,2
P01119,A03592,3
P01119,A03593,4
P01120,A00390,7
P01120,A01241,4
P01120,A01245,3
P01120,A03546,6
P01120,A03594,1
P01120,A03595,2
P01120,A03596,5
P01121,A02559,1
P01121,A02562,4
P01121,A03030,3
P01121,A03031,2
P01122,A00081,5
P01122,A00158,2
P01122,A00320,6
P01122,A01726,4
P01122,A03177,3
P01122,A03597,1
P01123,A00212,5
P01123,A00374,8
P01123,A00420,14
P01123,A01129,10
P01123,A01430,1
P01123,A03152,3
P01123,A03598,2
P01123,A03599,4
P01123,A03600,6
P01123,A03601,7
P01123,A03602,9
P01123,A03603,11
P01123,A03604,12
P01123,A03605,13
P01123,A03606,15
P01123,A03607,16
P01123,A03608,17
P01124,A02110,4
P01124,A03609,1
P01124,A03610,2
P01124,A03611,3
P01125,A03612,1
P01126,A00063,9
P01126,A00064,10
P01126,A03124,5
P01126,A03613,1
P01126,A03614,2
P01126,A03615,3
P01126,A03616,4
P01126,A03617,6
P01126,A03618,7
P01126,A03619,8
P01127,A03620,1
P01127,A03621,2
P01127,A03622,3
P01127,A03623,4
P01127,A03624,5
P01128,A02009,1
P01128,A02010,3
P01128,A02011,2
P01128,A02579,4
P01128,A02581,5
P01129,A02009,1
P01129,A02010,3
P01129,A02011,2
P01129,A02579,4
P01129,A02581,5
P01130,A03625,1
P01130,A03626,2
P01130,A03627,3
P01130,A03628,4
P01131,A03629,1
P01131,A03630,2
P01132,A02256,2
P01132,A03631,1
P01132,A03632,3
P01132,A03633,4
P01132,A03634,5
P01132,A03635,6
P01132,A03636,7
P01133,A01052,1
P01133,A02875,2
P01133,A02876,3
P01133,A03637,4
P01134,A01700,2
P01134,A01702,1
P01134,A01703,3
P01134,A01706,5
P01134,A03638,4
P01135,A00081,7
P01135,A00158,1
P01135,A00160,6
P01135,A00319,3
P01135,A00351,9
P01135,A01973,8
P01135,A02031,2
P01135,A03579,4
P01135,A03639,5
P01136,A03640,1
P01136,A03641,2
P01137,A03642,1
P01137,A03643,2
P01137,A03644,3
P01137,A03645,4
P01137,A03646,5
P01138,A00351,4
P01138,A01152,2
P01138,A03647,1
P01138,A03648,3
P01139,A03649,1
P01139,A03650,2
P01139,A03651,3
P01140,A01016,2
P01140,A01017,3
P01140,A03652,1
P01140,A03653,4
P01141,A03143,2
P01141,A03144,3
P01141,A03146,4
P01141,A03147,1
P01141,A03654,5
P01141,A03655,6
P01142,A00203,2
P01142,A00299,1
P01142,A00414,8
P01142,A01463,3
P01142,A02317,6
P01142,A03656,4
P01142,A03657,5
P01142,A03658,7
P01143,A00255,2
P01143,A00390,8
P01143,A00401,7
P01143,A00402,6
P01143,A00640,3
P01143,A00734,4
P01143,A02372,5
P01143,A02516,1
P01144,A03659,1
P01144,A03660,2
P01144,A03661,3
P01144,A03662,4
P01144,A03663,5
P01145,A00564,2
P01145,A00859,4
P01145,A02528,3
P01145,A03664,1
P01146,A03665,1
P01146,A03666,2
P01146,A03667,3
P01146,A03668,4
P01146,A03669,5
P01146,A03670,6
P01146,A03671,7
P01146,A03672,8
P01146,A03673,9
P01146,A03674,10
P01146,A03675,11
P01146,A03676,12
P01146,A03677,13
P01147,A03678,1
P01147,A03679,2
P01147,A03680,3
P01148,A03681,1
P01148,A03682,2
P01148,A03683,3
P01149,A00704,5
P01149,A00868,4
P01149,A01419,6
P01149,A02101,2
P01149,A02104,3
P01149,A03684,1
P01150,A00733,2
P01150,A02821,1
P01151,A00035,4
P01151,A00733,2
P01151,A03685,1
P01151,A03686,3
P01151,A03687,5
P01152,A00255,4
P01152,A00885,8
P01152,A01009,11
P01152,A01133,1
P01152,A01285,10
P01152,A01451,6
P01152,A02442,7
P01152,A03688,2
P01152,A03689,3
P01152,A03690,5
P01152,A03691,9
P01153,A02138,2
P01153,A03109,3
P01153,A03692,1
P01153,A03693,4
P01153,A03694,5
P01153,A03695,6
P01154,A00073,6
P01154,A00394,4
P01154,A01726,2
P01154,A03177,5
P01154,A03696,1
P01154,A03697,3
P01154,A03698,7
P01155,A00054,3
P01155,A00930,4
P01155,A03699,1
P01155,A03700,2
P01156,A00124,2
P01156,A00125,5
P01156,A00127,4
P01156,A00801,3
P01156,A03512,1
P01157,A00351,2
P01157,A00623,1
P01158,A00068,4
P01158,A00095,1
P01158,A03701,2
P01158,A03702,3
P01159,A00190,2
P01159,A00191,6
P01159,A00487,5
P01159,A03703,1
P01159,A03704,3
P01159,A03705,4
P01159,A03706,7
P01160,A00255,4
P01160,A00438,1
P01160,A00439,2
P01160,A02859,7
P01160,A03400,6
P01160,A03707,3
P01160,A03708,5
P01160,A03709,8
P01161,A00807,3
P01161,A01733,5
P01161,A01767,1
P01161,A02192,4
P01161,A02555,2
P01162,A02198,1
P01162,A02573,2
P01162,A03710,3
P01162,A03711,4
P01163,A00074,4
P01163,A00099,3
P01163,A00671,5
P01163,A00914,1
P01163,A01894,2
P01164,A01939,14
P01164,A02157,1
P01164,A02374,9
P01164,A02804,7
P01164,A02806,12
P01164,A02808,15
P01164,A03712,2
P01164,A03713,3
P01164,A03714,4
P01164,A03715,5
P01164,A03716,6
P01164,A03717,8
P01164,A03718,10
P01164,A03719,11
P01164,A03720,13
P01164,A03721,16
P01165,A00054,4
P01165,A01214,2
P01165,A01216,7
P01165,A01284,6
P01165,A01560,1
P01165,A01561,5
P01165,A01562,3
P01166,A03722,1
P01166,A03723,2
P01166,A03724,3
P01167,A02357,1
P01167,A03725,2
P01168,A03726,1
P01168,A03727,2
P01168,A03728,3
P01168,A03729,4
P01168,A03730,5
P01168,A03731,6
P01168,A03732,7
P01168,A03733,8
P01168,A03734,9
P01169,A03735,1
P01169,A03736,2
P01169,A03737,3
P01169,A03738,4
P01169,A03739,5
P01169,A03740,6
P01169,A03741,7
P01170,A02194,2
P01170,A02195,3
P01170,A03742,1
P01170,A03743,4
P01171,A00072,7
P01171,A00704,6
P01171,A01090,10
P01171,A01318,4
P01171,A02398,1
P01171,A03744,2
P01171,A03745,3
P01171,A03746,5
P01171,A03747,8
P01171,A03748,9
P01172,A00072,5
P01172,A00703,3
P01172,A00733,6
P01172,A00906,1
P01172,A02178,8
P01172,A02369,7
P01172,A03276,2
P01172,A03749,4
P01173,A02378,2
P01173,A03750,1
P01173,A03751,3
P01173,A03752,4
P01173,A03753,5
P01173,A03754,6
P01174,A00127,4
P01174,A02870,1
P01174,A03755,2
P01174,A03756,3
P01175,A03757,1
P01175,A03758,2
P01176,A00276,3
P01176,A00392,1
P01176,A00497,4
P01176,A01936,2
P01177,A00073,2
P01177,A00081,6
P01177,A00158,1
P01177,A00160,5
P01177,A00319,4
P01177,A02202,3
P01178,A00064,3
P01178,A03759,1
P01178,A03760,2
P01179,A02662,1
P01180,A00197,6
P01180,A00817,2
P01180,A01098,4
P01180,A02647,1
P01180,A02648,3
P01180,A02652,5
P01180,A03164,7
P01181,A03761,1
P01181,A03762,2
P01182,A03508,3
P01182,A03509,1
P01182,A03763,2
P01182,A03764,4
P01182,A03765,5
P01182,A03766,6
P01182,A03767,7
P01182,A03768,8
P01182,A03769,9
P01182,A03770,10
P01183,A00158,2
P01183,A00186,3
P01183,A00802,19
P01183,A00803,20
P01183,A01287,12
P01183,A01342,13
P01183,A01389,10
P01183,A01797,4
P01183,A02263,5
P01183,A02981,11
P01183,A03287,8
P01183,A03303,18
P01183,A03771,1
P01183,A03772,6
P01183,A03773,7
P01183,A03774,9
P01183,A03775,14
P01183,A03776,15
P01183,A03777,16
P01183,A03778,17
P01184,A03779,1
P01184,A03780,2
P01184,A03781,3
P01185,A03782,1
P01185,A03783,2
P01185,A03784,3
P01185,A03785,4
P01185,A03786,5
P01185,A03787,6
P01185,A03788,7
P01185,A03789,8
P01185,A03790,9
P01186,A00194,5
P01186,A00407,4
P01186,A00482,6
P01186,A00580,2
P01186,A03263,3
P01186,A03791,1
P01187,A00021,6
P01187,A00374,1
P01187,A02317,2
P01187,A03792,3
P01187,A03793,4
P01187,A03794,5
P01187,A03795,7
P01187,A03796,8
P01188,A02860,3
P01188,A02861,2
P01188,A02862,4
P01188,A02865,7
P01188,A03096,1
P01188,A03797,5
P01188,A03798,6
P01189,A00018,2
P01189,A00530,3
P01189,A00898,7
P01189,A02491,1
P01189,A03799,4
P01189,A03800,5
P01189,A03801,6
P01189,A03802,8
P01190,A02259,2
P01190,A03803,1
P01190,A03804,3
P01190,A03805,4
P01190,A03806,5
P01190,A03807,6
P01190,A03808,7
P01190,A03809,8
P01190,A03810,9
P01191,A00054,4
P01191,A00930,5
P01191,A01468,3
P01191,A03699,1
P01191,A03700,2
P01192,A00664,6
P01192,A02398,1
P01192,A03015,5
P01192,A03403,2
P01192,A03437,7
P01192,A03811,3
P01192,A03812,4
P01192,A03813,8
P01192,A03814,9
P01192,A03815,10
P01192,A03816,11
P01192,A03817,12
P01192,A03818,13
P01193,A00070,8
P01193,A00073,3
P01193,A00158,1
P01193,A00186,5
P01193,A00351,9
P01193,A00802,6
P01193,A00803,7
P01193,A02791,4
P01193,A03819,2
P01194,A03820,1
P01194,A03821,2
P01195,A00161,4
P01195,A01050,2
P01195,A03459,5
P01195,A03822,1
P01195,A03823,3
P01196,A01332,1
P01196,A02500,2
P01196,A02509,4
P01196,A02865,5
P01196,A03096,3
P01197,A00564,6
P01197,A00883,7
P01197,A02029,3
P01197,A02090,2
P01197,A02208,5
P01197,A03824,1
P01197,A03825,4
P01198,A00211,2
P01198,A01266,7
P01198,A03129,1
P01198,A03826,3
P01198,A03827,4
P01198,A03828,5
P01198,A03829,6
P01199,A03808,1
P01199,A03830,2
P01199,A03831,3
P01199,A03832,4
P01199,A03833,5
P01199,A03834,6
P01200,A03835,1
P01200,A03836,2
P01201,A00158,2
P01201,A00159,1
P01202,A00068,2
P01202,A02423,1
P01203,A03837,1
P01203,A03838,2
P01203,A03839,3
P01203,A03840,4
P01204,A00703,3
P01204,A00704,2
P01204,A01324,4
P01204,A02178,1
P01205,A03841,1
P01205,A03842,2
P01205,A03843,3
P01206,A00319,1
P01206,A01699,2
P01207,A00859,2
P01207,A00970,4
P01207,A01317,1
P01207,A03844,3
P01207,A03845,5
P01208,A00067,4
P01208,A00068,3
P01208,A00101,2
P01208,A00703,1
P01209,A03246,2
P01209,A03247,4
P01209,A03248,3
P01209,A03846,1
P01210,A00081,1
P01210,A00149,8
P01210,A00379,6
P01210,A00392,7
P01210,A00467,27
P01210,A01726,10
P01210,A01894,14
P01210,A02194,13
P01210,A03254,17
P01210,A03262,24
P01210,A03847,2
P01210,A03848,3
P01210,A03849,4
P01210,A03850,5
P01210,A03851,9
P01210,A03852,11
P01210,A03853,12
P01210,A03854,15
P01210,A03855,16
P01210,A03856,18
P01210,A03857,19
P01210,A03858,20
P01210,A03859,21
P01210,A03860,22
P01210,A03861,23
P01210,A03862,25
P01210,A03863,26
P01210,A03864,28
P01210,A03865,29
P01210,A03866,30
P01210,A03867,31
P01210,A03868,32
P01210,A03869,33
P01210,A03870,34
P01210,A03871,35
P01210,A03872,36
P01210,A03873,37
P01210,A03874,38
P01210,A03875,39
P01210,A03876,40
P01210,A03877,41
P01210,A03878,42
P01210,A03879,43
P01210,A03880,44
P01210,A03881,45
P01210,A03882,46
P01210,A03883,47
P01210,A03884,48
P01210,A03885,49
P01210,A03886,50
P01210,A03887,51
P01210,A03888,52
P01210,A03889,53
P01210,A03890,54
P01210,A03891,55
P01210,A03892,56
P01210,A03893,57
P01210,A03894,58
P01210,A03895,59
P01210,A03896,60
P01210,A03897,61
P01210,A03898,62
P01210,A03899,63
P01210,A03900,64
P01210,A03901,65
P01210,A03902,66
P01210,A03903,67
P01210,A03904,68
P01210,A03905,69
P01210,A03906,70
P01210,A03907,71
P01210,A03908,72
P01210,A03909,73
P01210,A03910,74
P01210,A03911,75
P01210,A03912,76
P01210,A03913,77
P01210,A03914,78
P01210,A03915,79
P01210,A03916,80
P01210,A03917,81
P01210,A03918,82
P01211,A00390,5
P01211,A00578,7
P01211,A01162,2
P01211,A01973,6
P01211,A02424,1
P01211,A03416,3
P01211,A03417,4
P01212,A00054,2
P01212,A00170,1
P01212,A02327,4
P01212,A02868,3
P01213,A03919,1
P01213,A03920,2
P01213,A03921,3
P01214,A00158,4
P01214,A00319,5
P01214,A00646,3
P01214,A03555,1
P01214,A03922,2
P01215,A02362,4
P01215,A02921,1
P01215,A02958,2
P01215,A02959,3
P01215,A03923,5
P01215,A03924,6
P01215,A03925,7
P01215,A03926,8
P01215,A03927,9
P01215,A03928,10
P01216,A00481,3
P01216,A00524,2
P01216,A02193,1
P01216,A02194,5
P01216,A03743,4
P01217,A01913,6
P01217,A02138,2
P01217,A03929,1
P01217,A03930,3
P01217,A03931,4
P01217,A03932,5
P01218,A03373,2
P01218,A03932,4
P01218,A03933,1
P01218,A03934,3
P01218,A03935,5
P01219,A03936,1
P01219,A03937,2
P01219,A03938,3
P01219,A03939,4
P01219,A03940,5
P01219,A03941,6
P01219,A03942,7
P01219,A03943,8
P01219,A03944,9
P01219,A03945,10
P01219,A03946,11
P01220,A00035,9
P01220,A00067,6
P01220,A00068,7
P01220,A00229,8
P01220,A00321,1
P01220,A01127,5
P01220,A03947,2
P01220,A03948,3
P01220,A03949,4
P01221,A03950,1
P01221,A03951,2
P01221,A03952,3
P01221,A03953,4
P01221,A03954,5
P01221,A03955,6
P01221,A03956,7
P01221,A03957,8
P01221,A03958,9
P01221,A03959,10
P01221,A03960,11
P01221,A03961,12
P01222,A00081,5
P01222,A00158,1
P01222,A00160,4
P01222,A00441,8
P01222,A00672,3
P01222,A00802,6
P01222,A00803,7
P01222,A03962,2
P01223,A03963,1
P01223,A03964,2
P01223,A03965,3
P01224,A00844,6
P01224,A00848,4
P01224,A02947,1
P01224,A03966,2
P01224,A03967,3
P01224,A03968,5
P01224,A03969,7
P01224,A03970,8
P01225,A00351,4
P01225,A03971,1
P01225,A03972,2
P01225,A03973,3
P01226,A03413,5
P01226,A03974,1
P01226,A03975,2
P01226,A03976,3
P01226,A03977,4
P01226,A03978,6
P01226,A03979,7
P01226,A03980,8
P01226,A03981,9
P01227,A00766,2
P01227,A03982,1
P01227,A03983,3
P01227,A03984,4
P01227,A03985,5
P01228,A02750,8
P01228,A02753,6
P01228,A03327,3
P01228,A03328,1
P01228,A03329,4
P01228,A03986,2
P01228,A03987,5
P01228,A03988,7
P01228,A03989,9
P01229,A00185,6
P01229,A01797,3
P01229,A01974,1
P01229,A03156,4
P01229,A03990,2
P01229,A03991,5
P01229,A03992,7
P01230,A03993,1
P01230,A03994,2
P01230,A03995,3
P01230,A03996,4
P01231,A00128,8
P01231,A00190,7
P01231,A00194,2
P01231,A00374,1
P01231,A00391,5
P01231,A00664,4
P01231,A01726,11
P01231,A02127,10
P01231,A03311,9
P01231,A03997,3
P01231,A03998,6
P01232,A03472,3
P01232,A03473,2
P01232,A03475,5
P01232,A03999,1
P01232,A04000,4
P01233,A04001,1
P01233,A04002,2
P01234,A00054,3
P01234,A00930,4
P01234,A03699,1
P01234,A03700,2
P01235,A00054,2
P01235,A00170,3
P01235,A00175,5
P01235,A01169,7
P01235,A02063,1
P01235,A02327,4
P01235,A04003,6
P01236,A01921,1
P01236,A01923,2
P01236,A02029,4
P01236,A04004,3
P01236,A04005,5
P01237,A00423,2
P01237,A01266,6
P01237,A01797,5
P01237,A02910,3
P01237,A03991,1
P01237,A04006,4
P01238,A02960,1
P01238,A04007,2
P01239,A04008,1
P01239,A04009,2
P01239,A04010,3
P01239,A04011,4
P01239,A04012,5
P01239,A04013,6
P01240,A04014,1
P01240,A04015,2
P01240,A04016,3
P01240,A04017,4
P01240,A04018,5
P01241,A04019,1
P01241,A04020,2
P01241,A04021,3
P01241,A04022,4
P01242,A00018,4
P01242,A00021,2
P01242,A00419,3
P01242,A02491,1
P01242,A04023,5
P01243,A01812,6
P01243,A04024,1
P01243,A04025,2
P01243,A04026,3
P01243,A04027,4
P01243,A04028,5
P01244,A04029,1
P01244,A04030,2
P01244,A04031,3
P01245,A00162,4
P01245,A03103,1
P01245,A03104,2
P01245,A03287,3
P01245,A04032,5
P01245,A04033,6
P01245,A04034,7
P01245,A04035,8
P01245,A04036,9
P01245,A04037,10
P01246,A00031,1
P01246,A00032,2
P01247,A00067,8
P01247,A00068,6
P01247,A00101,4
P01247,A00125,7
P01247,A00671,2
P01247,A01378,5
P01247,A02574,3
P01247,A02998,1
P01248,A00185,2
P01248,A04038,1
P01249,A04039,1
P01249,A04040,2
P01249,A04041,3
P01250,A01280,1
P01251,A04042,1
P01251,A04043,2
P01251,A04044,3
P01252,A02576,4
P01252,A02578,5
P01252,A04045,1
P01252,A04046,2
P01252,A04047,3
P01253,A02352,1
P01253,A02355,4
P01253,A04048,2
P01253,A04049,3
P01254,A04050,1
P01254,A04051,2
P01254,A04052,3
P01255,A02125,2
P01255,A02139,3
P01255,A02144,4
P01255,A04053,1
P01256,A04054,1
P01256,A04055,2
P01256,A04056,3
P01256,A04057,4
P01256,A04058,5
P01256,A04059,6
P01256,A04060,7
P01257,A04061,1
P01257,A04062,2
P01257,A04063,3
P01257,A04064,4
P01257,A04065,5
P01257,A04066,6
P01258,A00865,3
P01258,A00905,5
P01258,A01975,1
P01258,A01976,2
P01258,A04067,4
P01259,A00116,3
P01259,A00640,2
P01259,A02400,1
P01260,A04068,1
P01260,A04069,2
P01260,A04070,3
P01260,A04071,4
P01261,A00197,2
P01261,A00704,5
P01261,A02114,4
P01261,A03029,1
P01261,A04072,3
P01262,A02178,5
P01262,A03578,6
P01262,A03580,2
P01262,A03581,3
P01262,A03583,7
P01262,A04073,1
P01262,A04074,4
P01263,A02502,2
P01263,A04075,1
P01263,A04076,3
P01264,A00826,2
P01264,A00828,4
P01264,A00967,3
P01264,A04077,1
P01264,A04078,5
P01264,A04079,6
P01265,A00937,2
P01265,A04080,1
P01265,A04081,3
P01265,A04082,4
P01265,A04083,5
P01265,A04084,6
P01266,A01016,4
P01266,A01017,5
P01266,A01167,2
P01266,A01381,3
P01266,A04085,1
P01267,A00236,8
P01267,A03225,2
P01267,A03226,1
P01267,A03227,4
P01267,A03228,3
P01267,A03230,5
P01267,A04086,6
P01267,A04087,7
P01267,A04088,9
P01267,A04089,10
P01268,A00514,5
P01268,A04090,1
P01268,A04091,2
P01268,A04092,3
P01268,A04093,4
P01269,A00103,11
P01269,A00158,4
P01269,A00231,18
P01269,A00249,14
P01269,A00402,23
P01269,A01230,19
P01269,A01287,13
P01269,A02204,1
P01269,A02206,9
P01269,A02245,22
P01269,A02521,20
P01269,A02525,16
P01269,A02812,15
P01269,A02813,17
P01269,A04094,2
P01269,A04095,3
P01269,A04096,5
P01269,A04097,6
P01269,A04098,7
P01269,A04099,8
P01269,A04100,10
P01269,A04101,12
P01269,A04102,21
P01270,A00031,1
P01270,A00181,5
P01270,A01161,2
P01270,A02984,4
P01270,A02985,3
P01270,A04103,6
P01271,A03803,2
P01271,A03810,5
P01271,A04104,1
P01271,A04105,3
P01271,A04106,4
P01271,A04107,6
P01272,A00158,1
P01272,A00186,6
P01272,A00351,7
P01272,A01499,8
P01272,A01927,3
P01272,A03406,2
P01272,A03819,5
P01272,A04108,4
P01273,A00733,3
P01273,A03685,2
P01273,A04109,1
P01274,A00031,3
P01274,A00032,2
P01274,A04110,1
P01275,A00051,7
P01275,A00180,6
P01275,A00255,5
P01275,A00390,9
P01275,A00401,3
P01275,A00820,4
P01275,A01699,8
P01275,A04111,1
P01275,A04112,2
P01276,A00331,4
P01276,A00544,3
P01276,A00642,2
P01276,A00927,1
P01276,A01213,6
P01276,A04113,5
P01277,A02378,3
P01277,A03750,2
P01277,A03751,4
P01277,A03752,5
P01277,A03753,6
P01277,A03754,7
P01277,A04114,1
P01278,A03475,3
P01278,A04115,1
P01278,A04116,2
P01278,A04117,4
P01278,A04118,5
P01278,A04119,6
P01279,A03373,6
P01279,A03935,2
P01279,A04120,1
P01279,A04121,3
P01279,A04122,4
P01279,A04123,5
P01279,A04124,7
P01280,A00674,2
P01280,A01668,5
P01280,A02222,6
P01280,A03072,1
P01280,A03073,3
P01280,A04125,4
P01281,A00054,3
P01281,A00170,2
P01281,A02349,1
P01282,A00351,1
P01282,A01230,3
P01282,A02239,2
P01283,A00544,2
P01283,A01785,8
P01283,A02044,1
P01283,A04126,3
P01283,A04127,4
P01283,A04128,5
P01283,A04129,6
P01283,A04130,7
P01284,A00070,6
P01284,A00158,2
P01284,A00159,1
P01284,A01236,9
P01284,A01266,7
P01284,A01927,8
P01284,A02374,5
P01284,A02641,4
P01284,A03128,3
P01285,A02009,1
P01285,A02010,3
P01285,A02011,2
P01285,A02579,4
P01285,A02581,5
P01286,A01151,3
P01286,A01277,1
P01286,A04131,2
P01286,A04132,4
P01287,A02186,6
P01287,A02187,2
P01287,A04133,1
P01287,A04134,3
P01287,A04135,4
P01287,A04136,5
P01288,A04137,1
P01288,A04138,2
P01289,A00157,8
P01289,A00197,5
P01289,A00817,3
P01289,A01098,4
P01289,A02647,1
P01289,A02648,2
P01289,A02650,7
P01289,A02652,9
P01289,A04139,6
P01290,A04140,1
P01290,A04141,2
P01290,A04142,3
P01290,A04143,4
P01290,A04144,5
P01291,A00640,2
P01291,A03488,3
P01291,A03489,1
P01291,A04145,4
P01292,A00054,3
P01292,A00170,1
P01292,A00423,5
P01292,A01351,8
P01292,A02327,7
P01292,A03991,4
P01292,A04146,2
P01292,A04147,6
P01293,A04148,1
P01293,A04149,2
P01293,A04150,3
P01293,A04151,4
P01294,A01769,3
P01294,A01912,11
P01294,A01914,1
P01294,A02134,12
P01294,A02138,6
P01294,A02835,2
P01294,A02877,7
P01294,A02985,13
P01294,A03692,4
P01294,A04152,5
P01294,A04153,8
P01294,A04154,9
P01294,A04155,10
P01294,A04156,14
P01294,A04157,15
P01294,A04158,16
P01294,A04159,17
P01294,A04160,18
P01294,A04161,19
P01295,A00181,3
P01295,A00255,6
P01295,A00351,5
P01295,A00441,4
P01295,A00640,2
P01295,A01135,1
P01295,A04162,7
P01296,A00718,4
P01296,A01076,2
P01296,A01844,3
P01296,A02823,1
P01297,A00103,6
P01297,A00158,3
P01297,A00160,8
P01297,A00704,7
P01297,A01050,2
P01297,A01054,5
P01297,A01055,4
P01297,A03459,9
P01297,A03822,1
P01298,A00102,2
P01298,A00103,5
P01298,A00672,1
P01298,A00673,6
P01298,A02578,4
P01298,A02618,3
P01299,A00051,6
P01299,A00073,2
P01299,A00672,8
P01299,A01256,3
P01299,A02374,1
P01299,A03852,5
P01299,A04163,4
P01299,A04164,7
P01299,A04165,9
P01300,A01039,8
P01300,A02567,3
P01300,A02669,7
P01300,A04166,1
P01300,A04167,2
P01300,A04168,4
P01300,A04169,5
P01300,A04170,6
P01301,A00154,3
P01301,A01507,2
P01301,A03053,5
P01301,A04171,1
P01301,A04172,4
P01302,A00392,2
P01302,A00783,3
P01302,A01293,6
P01302,A02872,1
P01302,A02998,5
P01302,A04173,4
P01302,A04174,7
P01303,A04175,1
P01303,A04176,2
P01303,A04177,3
P01303,A04178,4
P01303,A04179,5
P01303,A04180,6
P01304,A04181,1
P01305,A00068,10
P01305,A00159,8
P01305,A00703,6
P01305,A01266,7
P01305,A02202,1
P01305,A02791,9
P01305,A03404,4
P01305,A03408,11
P01305,A04046,5
P01305,A04182,2
P01305,A04183,3
P01306,A00128,6
P01306,A00198,5
P01306,A02407,2
P01306,A04184,1
P01306,A04185,3
P01306,A04186,4
P01307,A00704,3
P01307,A01324,2
P01307,A04006,1
P01307,A04187,4
P01308,A00160,9
P01308,A00194,8
P01308,A00486,7
P01308,A00498,2
P01308,A00500,4
P01308,A00667,3
P01308,A04188,1
P01308,A04189,5
P01308,A04190,6
P01309,A00018,9
P01309,A00054,5
P01309,A00158,1
P01309,A00186,4
P01309,A00351,8
P01309,A00704,7
P01309,A01444,3
P01309,A04191,2
P01309,A04192,6
P01310,A04193,1
P01310,A04194,2
P01310,A04195,3
P01310,A04196,4
P01311,A04197,1
P01311,A04198,2
P01311,A04199,3
P01311,A04200,4
P01311,A04201,5
P01312,A00914,2
P01312,A00916,3
P01312,A00922,6
P01312,A03512,1
P01312,A04202,4
P01312,A04203,5
P01312,A04204,7
P01313,A00544,2
P01313,A01785,8
P01313,A02044,1
P01313,A04126,3
P01313,A04127,4
P01313,A04128,5
P01313,A04129,6
P01313,A04130,7
P01314,A04205,1
P01314,A04206,2
P01314,A04207,3
P01314,A04208,4
P01315,A00664,1
P01316,A02125,4
P01316,A04209,1
P01316,A04210,2
P01316,A04211,3
P01316,A04212,5
P01316,A04213,6
P01316,A04214,7
P01316,A04215,8
P01317,A04216,1
P01317,A04217,2
P01317,A04218,3
P01318,A00102,4
P01318,A00103,6
P01318,A00214,8
P01318,A00664,9
P01318,A00672,1
P01318,A01013,7
P01318,A02374,5
P01318,A02782,2
P01318,A04219,3
P01319,A00081,2
P01319,A00379,1
P01319,A00942,6
P01319,A00944,5
P01319,A01726,7
P01319,A04220,3
P01319,A04221,4
P01320,A00766,3
P01320,A01849,4
P01320,A04222,1
P01320,A04223,2
P01321,A00170,4
P01321,A02063,3
P01321,A02327,2
P01321,A02868,6
P01321,A03316,8
P01321,A04224,1
P01321,A04225,5
P01321,A04226,7
P01322,A00023,6
P01322,A00054,5
P01322,A00175,4
P01322,A00564,8
P01322,A01284,7
P01322,A02063,1
P01322,A04227,2
P01322,A04228,3
P01323,A04229,1
P01323,A04230,2
P01323,A04231,3
P01323,A04232,4
P01324,A00252,1
P01324,A00350,2
P01324,A00351,5
P01324,A00439,6
P01324,A00441,9
P01324,A01135,4
P01324,A04233,3
P01324,A04234,7
P01324,A04235,8
P01325,A01734,1
P01325,A03097,2
P01325,A04236,3
P01326,A04237,1
P01326,A04238,2
P01326,A04239,3
P01326,A04240,4
P01326,A04241,5
P01326,A04242,6
P01326,A04243,7
P01326,A04244,8
P01326,A04245,9
P01326,A04246,10
P01326,A04247,11
P01326,A04248,12
P01326,A04249,13
P01326,A04250,14
P01326,A04251,15
P01326,A04252,16
P01326,A04253,17
P01326,A04254,18
P01326,A04255,19
P01327,A00319,2
P01327,A00374,5
P01327,A00865,3
P01327,A02154,6
P01327,A02455,4
P01327,A02456,9
P01327,A02981,7
P01327,A03775,8
P01327,A04256,1
P01327,A04257,10
P01328,A03470,2
P01328,A04258,1
P01328,A04259,3
P01328,A04260,4
P01328,A04261,5
P01329,A00170,2
P01329,A04262,1
P01330,A03143,5
P01330,A03144,2
P01330,A03145,1
P01330,A03146,6
P01330,A04263,3
P01330,A04264,4
P01331,A02211,5
P01331,A03062,4
P01331,A04265,1
P01331,A04266,2
P01331,A04267,3
P01332,A00868,2
P01332,A01794,1
P01332,A04076,3
P01333,A00390,13
P01333,A01246,12
P01333,A02568,4
P01333,A02966,1
P01333,A02967,9
P01333,A03227,10
P01333,A04268,2
P01333,A04269,3
P01333,A04270,5
P01333,A04271,6
P01333,A04272,7
P01333,A04273,8
P01333,A04274,11
P01333,A04275,14
P01333,A04276,15
P01333,A04277,16
P01334,A00953,1
P01334,A00954,2
P01335,A00999,3
P01335,A02934,4
P01335,A04278,1
P01335,A04279,2
P01336,A04280,1
P01337,A00061,8
P01337,A01810,2
P01337,A01911,5
P01337,A01913,6
P01337,A02138,7
P01337,A02834,1
P01337,A02835,4
P01337,A03692,3
P01337,A04281,9
P01337,A04282,10
P01338,A01266,3
P01338,A01428,1
P01338,A01927,2
P01339,A00539,7
P01339,A00540,8
P01339,A01282,6
P01339,A03126,4
P01339,A04283,1
P01339,A04284,2
P01339,A04285,3
P01339,A04286,5
P01340,A04287,1
P01340,A04288,2
P01340,A04289,3
P01341,A04290,1
P01341,A04291,2
P01342,A04292,1
P01342,A04293,2
P01342,A04294,3
P01342,A04295,4
P01343,A00814,4
P01343,A03239,1
P01343,A04296,2
P01343,A04297,3
P01344,A00999,5
P01344,A01927,4
P01344,A02315,1
P01344,A02359,2
P01344,A02934,3
P01344,A04298,6
P01345,A00018,2
P01345,A00021,3
P01345,A00419,4
P01345,A02491,1
P01345,A04023,6
P01345,A04299,5
P01346,A00538,9
P01346,A04300,1
P01346,A04301,2
P01346,A04302,3
P01346,A04303,4
P01346,A04304,5
P01346,A04305,6
P01346,A04306,7
P01346,A04307,8
P01347,A04308,1
P01347,A04309,2
P01348,A00158,7
P01348,A00159,3
P01348,A00175,2
P01348,A02374,4
P01348,A02576,6
P01348,A04228,5
P01348,A04310,1
P01348,A04311,8
P01349,A04312,1
P01350,A00063,10
P01350,A00064,12
P01350,A00532,11
P01350,A03124,4
P01350,A03613,3
P01350,A03614,5
P01350,A03615,8
P01350,A03616,1
P01350,A03617,9
P01350,A03618,6
P01350,A03619,7
P01350,A03760,2
P01351,A04313,1
P01351,A04314,2
P01351,A04315,3
P01352,A04316,1
P01352,A04317,2
P01352,A04318,3
P01352,A04319,4
P01353,A01214,3
P01353,A04228,4
P01353,A04310,5
P01353,A04320,1
P01353,A04321,2
P01354,A01173,6
P01354,A02009,1
P01354,A02010,3
P01354,A02011,2
P01354,A02012,7
P01354,A02014,9
P01354,A02016,11
P01354,A02018,13
P01354,A02019,14
P01354,A02020,15
P01354,A02025,19
P01354,A02395,12
P01354,A02579,4
P01354,A02581,5
P01354,A02583,18
P01354,A02584,17
P01354,A04322,8
P01354,A04323,10
P01354,A04324,16
P01354,A04325,20
P01355,A01173,5
P01355,A02010,2
P01355,A02011,1
P01355,A02012,6
P01355,A02014,7
P01355,A02016,8
P01355,A02018,9
P01355,A02020,10
P01355,A02025,12
P01355,A02579,3
P01355,A02581,4
P01355,A02584,11
P01356,A00037,8
P01356,A00072,20
P01356,A00348,21
P01356,A00704,14
P01356,A00756,9
P01356,A00870,22
P01356,A00912,30
P01356,A01079,1
P01356,A01821,33
P01356,A01865,7
P01356,A02588,2
P01356,A02589,6
P01356,A02985,19
P01356,A03081,10
P01356,A03596,12
P01356,A04270,16
P01356,A04326,3
P01356,A04327,4
P01356,A04328,5
P01356,A04329,11
P01356,A04330,13
P01356,A04331,15
P01356,A04332,17
P01356,A04333,18
P01356,A04334,23
P01356,A04335,24
P01356,A04336,25
P01356,A04337,26
P01356,A04338,27
P01356,A04339,28
P01356,A04340,29
P01356,A04341,31
P01356,A04342,32
P01356,A04343,34
P01356,A04344,35
P01357,A03620,2
P01357,A04345,1
P01357,A04346,3
P01358,A00942,1
P01358,A00943,2
P01358,A00945,5
P01358,A01827,3
P01358,A04347,4
P01358,A04348,6
P01358,A04349,7
P01359,A01050,3
P01359,A01894,1
P01359,A04350,2
P01359,A04351,4
P01360,A04352,1
P01360,A04353,2
P01360,A04354,3
P01361,A04355,1
P01361,A04356,2
P01362,A00158,3
P01362,A02202,4
P01362,A04357,1
P01362,A04358,2
P01362,A04359,5
P01363,A04360,1
P01363,A04361,2
P01364,A04362,1
P01364,A04363,2
P01364,A04364,3
P01364,A04365,4
P01364,A04366,5
P01364,A04367,6
P01364,A04368,7
P01364,A04369,8
P01365,A03588,1
P01365,A03589,2
P01366,A00431,4
P01366,A02453,2
P01366,A04370,1
P01366,A04371,3
P01367,A01373,2
P01367,A04372,1
P01368,A04373,1
P01368,A04374,2
P01369,A03631,2
P01369,A03634,1
P01370,A01769,24
P01370,A03611,22
P01370,A03746,25
P01370,A04375,1
P01370,A04376,2
P01370,A04377,3
P01370,A04378,4
P01370,A04379,5
P01370,A04380,6
P01370,A04381,7
P01370,A04382,8
P01370,A04383,9
P01370,A04384,10
P01370,A04385,11
P01370,A04386,12
P01370,A04387,13
P01370,A04388,14
P01370,A04389,15
P01370,A04390,16
P01370,A04391,17
P01370,A04392,18
P01370,A04393,19
P01370,A04394,20
P01370,A04395,21
P01370,A04396,23
P01370,A04397,26
P01370,A04398,27
P01371,A00163,36
P01371,A00195,31
P01371,A00231,19
P01371,A00249,7
P01371,A00564,2
P01371,A00649,25
P01371,A00665,33
P01371,A00666,34
P01371,A00667,35
P01371,A00816,29
P01371,A00819,27
P01371,A00859,4
P01371,A00881,26
P01371,A00882,6
P01371,A00883,5
P01371,A01230,20
P01371,A01317,9
P01371,A01406,14
P01371,A02242,3
P01371,A02245,30
P01371,A02521,11
P01371,A02522,23
P01371,A02525,21
P01371,A02526,24
P01371,A02812,18
P01371,A02813,17
P01371,A02816,16
P01371,A02818,13
P01371,A03324,22
P01371,A03435,8
P01371,A03436,15
P01371,A04102,12
P01371,A04399,1
P01371,A04400,10
P01371,A04401,28
P01371,A04402,32
P01372,A00128,6
P01372,A00133,5
P01372,A00247,2
P01372,A02125,3
P01372,A02139,7
P01372,A02144,1
P01372,A02147,9
P01372,A02148,8
P01372,A02368,4
P01373,A00211,3
P01373,A01233,1
P01373,A02934,2
P01374,A00564,2
P01374,A00859,3
P01374,A00883,4
P01374,A03664,1
P01374,A04403,5
P01375,A00128,20
P01375,A00249,2
P01375,A00441,18
P01375,A00564,17
P01375,A00649,7
P01375,A00783,16
P01375,A00816,12
P01375,A00881,9
P01375,A01037,11
P01375,A01168,15
P01375,A02245,14
P01375,A02522,10
P01375,A02524,3
P01375,A02525,8
P01375,A02526,1
P01375,A02528,19
P01375,A02816,6
P01375,A03705,5
P01375,A04401,13
P01375,A04404,4
P01376,A00180,5
P01376,A00348,1
P01376,A04219,3
P01376,A04405,2
P01376,A04406,4
P01376,A04407,6
P01376,A04408,7
P01377,A00158,1
P01377,A00159,3
P01377,A02637,4
P01377,A02791,2
P01377,A03211,5
P01378,A00987,3
P01378,A01098,6
P01378,A01278,4
P01378,A03167,5
P01378,A04409,1
P01378,A04410,2
P01379,A00950,9
P01379,A01005,1
P01379,A03242,8
P01379,A03244,3
P01379,A04411,2
P01379,A04412,4
P01379,A04413,5
P01379,A04414,6
P01379,A04415,7
P01380,A01148,2
P01380,A04416,1
P01380,A04417,3
P01381,A03239,1
P01381,A04418,2
P01381,A04419,3
P01382,A03082,2
P01382,A03693,1
P01383,A00966,3
P01383,A04420,1
P01383,A04421,2
P01383,A04422,4
P01384,A00067,5
P01384,A00068,4
P01384,A00101,1
P01384,A00158,3
P01384,A00672,2
P01384,A02618,6
P01385,A00253,4
P01385,A00880,5
P01385,A03321,10
P01385,A04423,1
P01385,A04424,2
P01385,A04425,3
P01385,A04426,6
P01385,A04427,7
P01385,A04428,8
P01385,A04429,9
P01385,A04430,11
P01385,A04431,12
P01386,A00212,4
P01386,A00376,7
P01386,A00420,6
P01386,A00627,11
P01386,A01129,8
P01386,A01287,12
P01386,A01430,1
P01386,A03152,3
P01386,A03153,5
P01386,A03599,2
P01386,A03603,9
P01386,A04432,10
P01387,A00459,5
P01387,A01094,4
P01387,A01095,6
P01387,A01414,3
P01387,A01665,1
P01387,A04433,2
P01387,A04434,7
P01387,A04435,8
P01388,A00029,2
P01388,A01566,1
P01388,A01688,5
P01388,A01689,4
P01388,A04436,3
P01389,A01420,5
P01389,A01421,2
P01389,A01422,4
P01389,A03585,3
P01389,A04437,1
P01389,A04438,6
P01389,A04439,7
P01390,A00018,6
P01390,A00239,8
P01390,A00718,7
P01390,A03802,4
P01390,A04187,5
P01390,A04440,1
P01390,A04441,2
P01390,A04442,3
P01391,A00195,10
P01391,A00405,9
P01391,A00776,7
P01391,A00911,12
P01391,A01430,3
P01391,A01921,8
P01391,A02152,1
P01391,A04443,2
P01391,A04444,4
P01391,A04445,5
P01391,A04446,6
P01391,A04447,11
P01391,A04448,13
P01392,A01280,2
P01392,A02980,1
P01393,A00538,6
P01393,A00540,7
P01393,A03616,5
P01393,A04301,4
P01393,A04449,1
P01393,A04450,2
P01393,A04451,3
P01393,A04452,8
P01394,A00113,2
P01394,A00331,5
P01394,A00544,4
P01394,A00642,3
P01394,A04453,1
P01395,A00063,9
P01395,A00064,10
P01395,A00534,8
P01395,A03124,4
P01395,A03613,1
P01395,A03616,2
P01395,A03618,6
P01395,A03619,5
P01395,A04454,3
P01395,A04455,7
P01396,A00297,4
P01396,A00325,5
P01396,A04456,1
P01396,A04457,2
P01396,A04458,3
P01397,A03620,2
P01397,A03621,1
P01398,A00185,2
P01398,A04038,1
P01399,A00002,2
P01399,A02045,3
P01399,A04459,1
P01399,A04460,4
P01400,A00821,3
P01400,A01378,2
P01400,A04461,1
P01401,A00197,1
P01401,A00703,2
P01401,A00844,3
P01402,A02447,1
P01402,A04462,2
P01402,A04463,3
P01402,A04464,4
P01402,A04465,5
P01403,A00113,1
P01403,A00642,4
P01403,A01783,10
P01403,A01784,2
P01403,A01786,8
P01403,A02524,6
P01403,A02687,5
P01403,A02688,3
P01403,A02702,13
P01403,A02703,14
P01403,A04466,7
P01403,A04467,9
P01403,A04468,11
P01403,A04469,12
P01403,A04470,15
P01404,A00068,3
P01404,A00081,5
P01404,A00101,1
P01404,A00158,2
P01404,A01515,4
P01405,A00127,3
P01405,A02870,4
P01405,A03983,2
P01405,A04471,1
P01405,A04472,5
P01406,A00021,2
P01406,A00180,3
P01406,A04473,1
P01407,A00787,2
P01407,A01446,3
P01407,A04474,1
P01408,A01966,4
P01408,A02198,1
P01408,A04475,2
P01408,A04476,3
P01408,A04477,5
P01408,A04478,6
P01408,A04479,7
P01409,A00247,1
P01409,A00254,10
P01409,A00374,11
P01409,A01079,7
P01409,A01130,13
P01409,A02204,12
P01409,A02248,4
P01409,A03065,15
P01409,A03066,14
P01409,A03067,8
P01409,A03068,2
P01409,A03490,3
P01409,A04480,5
P01409,A04481,6
P01409,A04482,9
P01410,A00577,2
P01410,A00671,1
P01410,A04483,3
P01411,A00181,8
P01411,A01161,5
P01411,A01727,1
P01411,A01728,3
P01411,A01730,2
P01411,A01732,7
P01411,A02656,4
P01411,A04484,6
P01412,A00158,3
P01412,A00159,1
P01412,A00160,10
P01412,A01236,7
P01412,A01256,4
P01412,A01266,5
P01412,A02262,6
P01412,A02374,2
P01412,A03829,9
P01412,A04219,8
P01413,A04485,1
P01413,A04486,2
P01413,A04487,3
P01413,A04488,4
P01414,A00103,6
P01414,A02032,1
P01414,A02204,3
P01414,A02706,2
P01414,A03176,7
P01414,A03985,5
P01414,A04332,4
P01415,A00859,2
P01415,A00881,6
P01415,A00970,3
P01415,A01317,1
P01415,A02522,5
P01415,A02525,9
P01415,A02526,7
P01415,A03324,8
P01415,A03845,4
P01416,A04043,1
P01416,A04044,2
P01416,A04073,3
P01416,A04489,4
P01416,A04490,5
P01416,A04491,6
P01417,A00544,2
P01417,A00898,8
P01417,A01785,9
P01417,A02044,1
P01417,A04126,3
P01417,A04127,4
P01417,A04128,5
P01417,A04129,6
P01417,A04130,7
P01418,A04492,1
P01418,A04493,2
P01418,A04494,3
P01418,A04495,4
P01418,A04496,5
P01419,A04148,1
P01419,A04149,2
P01419,A04150,3
P01419,A04151,4
P01420,A00158,7
P01420,A00159,8
P01420,A00212,5
P01420,A00319,1
P01420,A00627,11
P01420,A01287,9
P01420,A01430,2
P01420,A03152,4
P01420,A03153,6
P01420,A03599,3
P01420,A04497,10
P01421,A00158,5
P01421,A00159,4
P01421,A02202,3
P01421,A02791,2
P01421,A04498,1
P01421,A04499,6
P01421,A04500,7
P01422,A02662,1
P01422,A02663,2
P01423,A01822,2
P01423,A01903,3
P01423,A01904,4
P01423,A02559,1
P01424,A00018,4
P01424,A00185,3
P01424,A00577,5
P01424,A00628,1
P01424,A02498,2
P01425,A00807,6
P01425,A03140,11
P01425,A03142,12
P01425,A04501,1
P01425,A04502,2
P01425,A04503,3
P01425,A04504,4
P01425,A04505,5
P01425,A04506,7
P01425,A04507,8
P01425,A04508,9
P01425,A04509,10
P01425,A04510,13
P01425,A04511,14
P01425,A04512,15
P01425,A04513,16
P01425,A04514,17
P01426,A03803,2
P01426,A04515,1
P01427,A00431,2
P01427,A02453,1
P01428,A00255,5
P01428,A00402,3
P01428,A01133,4
P01428,A02519,1
P01428,A02520,2
P01429,A00561,4
P01429,A00883,3
P01429,A02054,1
P01429,A04516,2
P01430,A00297,5
P01430,A00325,6
P01430,A01841,7
P01430,A04517,1
P01430,A04518,2
P01430,A04519,3
P01430,A04520,4
P01431,A00868,3
P01431,A01374,6
P01431,A01419,8
P01431,A02101,4
P01431,A02104,7
P01431,A03684,1
P01431,A04521,2
P01431,A04522,5
P01432,A00067,4
P01432,A00321,2
P01432,A01127,1
P01432,A03947,3
P01432,A03948,6
P01432,A03949,5
P01433,A00185,4
P01433,A01951,1
P01433,A04523,2
P01433,A04524,3
P01434,A00212,5
P01434,A00319,8
P01434,A00420,7
P01434,A00627,11
P01434,A01287,12
P01434,A01430,1
P01434,A03151,2
P01434,A03152,4
P01434,A03153,6
P01434,A03599,3
P01434,A03602,9
P01434,A04432,10
P01435,A00363,10
P01435,A00940,8
P01435,A02178,12
P01435,A04479,7
P01435,A04525,1
P01435,A04526,2
P01435,A04527,3
P01435,A04528,4
P01435,A04529,5
P01435,A04530,6
P01435,A04531,9
P01435,A04532,11
P01436,A00050,1
P01436,A00053,3
P01436,A00054,4
P01436,A00170,5
P01436,A00251,7
P01436,A00319,2
P01436,A02327,6
P01436,A04533,8
P01437,A00285,3
P01437,A00289,2
P01437,A00402,5
P01437,A01243,6
P01437,A01285,1
P01437,A02520,7
P01437,A04534,4
P01438,A00158,1
P01438,A00159,2
P01439,A00102,6
P01439,A00157,4
P01439,A00249,2
P01439,A00394,5
P01439,A00648,3
P01439,A00649,12
P01439,A00785,10
P01439,A00816,7
P01439,A00819,8
P01439,A00881,14
P01439,A01945,1
P01439,A02245,17
P01439,A02522,15
P01439,A02525,16
P01439,A02526,13
P01439,A03324,11
P01439,A03435,9
P01440,A04535,1
P01440,A04536,2
P01440,A04537,3
P01441,A04043,1
P01441,A04044,3
P01441,A04073,2
P01441,A04489,5
P01441,A04491,7
P01441,A04538,4
P01441,A04539,6
P01442,A00432,1
P01442,A00433,2
P01443,A00976,1
P01444,A04540,1
P01444,A04541,2
P01445,A00664,3
P01445,A00766,6
P01445,A02398,2
P01445,A03403,1
P01445,A04542,4
P01445,A04543,5
P01446,A04544,1
P01446,A04545,2
P01446,A04546,3
P01446,A04547,4
P01446,A04548,5
P01446,A04549,6
P01447,A00191,5
P01447,A00194,10
P01447,A00465,12
P01447,A00467,2
P01447,A00471,1
P01447,A00472,4
P01447,A00490,9
P01447,A00661,11
P01447,A03850,13
P01447,A04550,3
P01447,A04551,6
P01447,A04552,7
P01447,A04553,8
P01448,A00859,3
P01448,A00970,4
P01448,A01317,2
P01448,A03844,1
P01448,A03845,5
P01449,A00563,2
P01449,A01281,1
P01450,A00674,3
P01450,A00707,7
P01450,A01154,2
P01450,A02468,5
P01450,A03072,1
P01450,A03073,4
P01450,A04554,6
P01451,A04555,1
P01452,A00020,3
P01452,A00185,5
P01452,A00578,11
P01452,A00622,2
P01452,A01324,8
P01452,A01727,7
P01452,A01732,6
P01452,A02114,4
P01452,A02365,10
P01452,A02516,1
P01452,A04556,9
P01453,A00018,3
P01453,A00021,4
P01453,A00351,6
P01453,A02491,1
P01453,A04557,2
P01453,A04558,5
P01454,A00454,2
P01454,A02280,1
P01455,A00133,5
P01455,A01902,1
P01455,A02883,4
P01455,A03410,2
P01455,A04559,3
P01456,A00185,2
P01456,A02516,1
P01457,A01016,7
P01457,A01017,6
P01457,A03227,8
P01457,A03228,2
P01457,A04560,1
P01457,A04561,3
P01457,A04562,4
P01457,A04563,5
P01458,A02138,3
P01458,A03692,1
P01458,A04564,2
P01459,A01103,1
P01460,A00070,5
P01460,A00158,2
P01460,A02374,4
P01460,A02433,3
P01460,A04565,1
P01461,A00124,2
P01461,A00127,6
P01461,A00196,8
P01461,A00337,9
P01461,A00667,3
P01461,A00824,7
P01461,A01288,4
P01461,A02400,10
P01461,A02883,1
P01461,A04188,5
P01462,A03082,1
P01462,A03693,2
P01462,A04566,3
P01463,A04567,1
P01463,A04568,2
P01464,A00124,10
P01464,A00161,2
P01464,A00319,5
P01464,A02810,11
P01464,A03163,3
P01464,A03214,4
P01464,A04099,12
P01464,A04569,1
P01464,A04570,6
P01464,A04571,7
P01464,A04572,8
P01464,A04573,9
P01464,A04574,13
P01464,A04575,14
P01464,A04576,15
P01465,A00394,2
P01465,A00462,1
P01465,A00780,4
P01465,A04577,3
P01466,A00255,1
P01466,A00564,3
P01466,A00859,4
P01466,A04578,2
P01467,A00158,5
P01467,A02202,2
P01467,A04579,1
P01467,A04580,3
P01467,A04581,4
P01467,A04582,6
P01468,A04583,1
P01468,A04584,2
P01468,A04585,3
P01468,A04586,4
P01468,A04587,5
P01468,A04588,6
P01469,A04589,1
P01469,A04590,2
P01469,A04591,3
P01469,A04592,4
P01469,A04593,5
P01470,A04594,1
P01470,A04595,2
P01470,A04596,3
P01471,A00534,4
P01471,A02810,6
P01471,A02949,5
P01471,A03374,1
P01471,A04597,2
P01471,A04598,3
P01472,A04599,1
P01472,A04600,2
P01472,A04601,3
P01473,A03199,1
P01473,A04602,2
P01473,A04603,3
P01473,A04604,4
P01474,A00175,2
P01474,A01284,5
P01474,A02063,6
P01474,A04228,4
P01474,A04310,7
P01474,A04605,1
P01474,A04606,3
P01474,A04607,8
P01475,A00023,3
P01475,A00772,4
P01475,A01730,5
P01475,A02320,2
P01475,A02933,1
P01476,A00301,1
P01476,A00394,3
P01476,A00780,4
P01476,A00793,7
P01476,A01492,12
P01476,A01821,5
P01476,A02468,11
P01476,A04608,2
P01476,A04609,6
P01476,A04610,8
P01476,A04611,9
P01476,A04612,10
P01476,A04613,13
P01477,A03461,2
P01477,A04614,1
P01477,A04615,3
P01478,A00018,3
P01478,A00021,2
P01478,A00181,4
P01478,A00251,1
P01478,A00718,5
P01479,A04616,1
P01479,A04617,2
P01479,A04618,3
P01479,A04619,4
P01479,A04620,5
P01479,A04621,6
P01480,A00891,2
P01480,A04622,1
P01480,A04623,3
P01480,A04624,4
P01480,A04625,5
P01480,A04626,6
P01481,A03688,3
P01481,A04024,2
P01481,A04027,1
P01481,A04627,4
P01481,A04628,5
P01481,A04629,6
P01482,A00158,4
P01482,A00160,7
P01482,A00672,6
P01482,A02374,3
P01482,A03664,1
P01482,A04188,5
P01482,A04565,2
P01483,A00664,1
P01484,A03193,2
P01484,A03194,1
P01485,A00159,4
P01485,A00672,1
P01485,A01975,3
P01485,A02374,5
P01485,A04630,2
P01486,A02862,1
P01486,A03096,2
P01487,A00158,3
P01487,A00159,1
P01487,A00796,2
P01488,A00068,4
P01488,A00125,8
P01488,A00230,5
P01488,A00671,3
P01488,A02574,6
P01488,A02998,1
P01488,A04631,2
P01488,A04632,7
P01489,A01369,5
P01489,A01635,9
P01489,A01940,3
P01489,A04633,1
P01489,A04634,2
P01489,A04635,4
P01489,A04636,6
P01489,A04637,7
P01489,A04638,8
P01489,A04639,10
P01490,A04640,1
P01490,A04641,2
P01490,A04642,3
P01490,A04643,4
P01490,A04644,5
P01491,A00709,2
P01491,A00710,1
P01492,A00460,4
P01492,A04596,1
P01492,A04645,2
P01492,A04646,3
P01493,A00054,2
P01493,A04647,1
P01494,A04648,1
P01494,A04649,2
P01495,A01135,6
P01495,A01420,2
P01495,A01421,4
P01495,A02958,5
P01495,A04650,1
P01495,A04651,3
P01496,A00211,2
P01496,A03150,1
P01497,A04652,1
P01497,A04653,2
P01497,A04654,3
P01497,A04655,4
P01497,A04656,5
P01498,A04657,1
P01498,A04658,2
P01499,A01970,3
P01499,A04659,1
P01499,A04660,2
P01500,A04661,1
P01500,A04662,2
P01500,A04663,3
P01500,A04664,4
P01500,A04665,5
P01500,A04666,6
P01500,A04667,7
P01500,A04668,8
P01501,A04669,1
P01501,A04670,2
P01502,A00419,1
P01502,A02491,2
P01502,A04533,3
P01503,A00023,14
P01503,A00161,18
P01503,A00848,2
P01503,A01422,6
P01503,A01900,19
P01503,A02810,1
P01503,A03167,17
P01503,A03747,16
P01503,A04571,20
P01503,A04671,3
P01503,A04672,4
P01503,A04673,5
P01503,A04674,7
P01503,A04675,8
P01503,A04676,9
P01503,A04677,10
P01503,A04678,11
P01503,A04679,12
P01503,A04680,13
P01503,A04681,15
P01505,A00018,6
P01505,A00054,2
P01505,A00390,8
P01505,A00718,7
P01505,A01214,4
P01505,A01560,1
P01505,A01561,5
P01505,A01562,3
P01506,A02193,1
P01506,A02194,3
P01506,A03743,2
P01506,A04682,4
P01506,A04683,5
P01506,A04684,6
P01507,A04685,1
P01507,A04686,2
P01507,A04687,3
P01507,A04688,4
P01508,A04689,1
P01508,A04690,2
P01508,A04691,3
P01508,A04692,4
P01508,A04693,5
P01508,A04694,6
P01508,A04695,7
P01508,A04696,8
P01509,A00070,1
P01509,A04611,3
P01509,A04697,2
P01510,A02875,2
P01510,A02876,1
P01511,A00320,1
P01511,A04457,3
P01511,A04698,2
P01512,A03251,2
P01512,A04699,1
P01513,A00321,2
P01513,A03947,1
P01513,A03949,3
P01514,A00103,7
P01514,A00249,9
P01514,A02245,11
P01514,A02525,10
P01514,A03168,5
P01514,A03435,12
P01514,A04700,1
P01514,A04701,2
P01514,A04702,3
P01514,A04703,4
P01514,A04704,6
P01514,A04705,8
P01515,A04042,1
P01516,A01420,6
P01516,A01421,7
P01516,A04439,4
P01516,A04706,1
P01516,A04707,2
P01516,A04708,3
P01516,A04709,5
P01517,A02063,5
P01517,A03316,2
P01517,A04163,8
P01517,A04226,4
P01517,A04710,1
P01517,A04711,3
P01517,A04712,6
P01517,A04713,7
P01517,A04714,9
P01518,A00190,5
P01518,A00196,6
P01518,A00478,2
P01518,A02574,3
P01518,A04715,1
P01518,A04716,4
P01519,A04624,1
P01519,A04717,2
P01519,A04718,3
P01519,A04719,4
P01519,A04720,5
P01520,A00018,4
P01520,A00021,3
P01520,A02491,1
P01520,A04557,2
P01520,A04558,6
P01520,A04721,5
P01521,A00181,3
P01521,A00640,2
P01521,A02400,1
P01521,A04722,4
P01522,A03138,3
P01522,A03139,2
P01522,A03141,1
P01522,A04723,4
P01523,A02063,2
P01523,A04720,4
P01523,A04724,1
P01523,A04725,3
P01523,A04726,5
P01524,A00822,7
P01524,A03250,2
P01524,A04727,1
P01524,A04728,3
P01524,A04729,4
P01524,A04730,5
P01524,A04731,6
P01524,A04732,8
P01525,A00051,9
P01525,A00159,2
P01525,A00672,1
P01525,A00673,8
P01525,A01305,5
P01525,A02374,4
P01525,A02618,6
P01525,A02984,7
P01525,A04219,3
P01525,A04733,10
P01526,A00351,7
P01526,A00859,2
P01526,A01317,1
P01526,A02443,6
P01526,A03844,3
P01526,A03845,4
P01526,A04734,5
P01527,A04045,5
P01527,A04046,1
P01527,A04735,2
P01527,A04736,3
P01527,A04737,4
P01528,A00229,6
P01528,A00787,2
P01528,A01446,3
P01528,A04474,1
P01528,A04738,4
P01528,A04739,5
P01529,A00128,2
P01529,A00196,3
P01529,A02361,1
P01530,A01052,3
P01530,A02202,1
P01530,A02433,4
P01530,A03250,5
P01530,A04046,2
P01531,A04740,1
P01531,A04741,2
P01531,A04742,3
P01531,A04743,4
P01531,A04744,5
P01531,A04745,6
P01531,A04746,7
P01531,A04747,8
P01531,A04748,9
P01531,A04749,10
P01531,A04750,11
P01531,A04751,12
P01532,A04752,1
P01532,A04753,2
P01532,A04754,3
P01532,A04755,4
P01532,A04756,5
P01533,A00170,3
P01533,A00419,2
P01533,A01489,1
P01533,A01822,4
P01533,A02559,5
P01533,A04125,6
P01534,A01876,3
P01534,A04757,1
P01534,A04758,2
P01534,A04759,4
P01534,A04760,5
P01534,A04761,6
P01535,A00149,6
P01535,A00178,5
P01535,A03587,8
P01535,A04762,1
P01535,A04763,2
P01535,A04764,3
P01535,A04765,4
P01535,A04766,7
P01535,A04767,9
P01536,A01009,2
P01536,A01148,3
P01536,A04768,1
P01537,A00021,9
P01537,A00180,8
P01537,A00188,6
P01537,A00214,7
P01537,A00622,4
P01537,A00775,1
P01537,A00779,10
P01537,A04046,2
P01537,A04769,3
P01537,A04770,5
P01538,A04771,1
P01538,A04772,2
P01538,A04773,3
P01539,A04774,1
P01539,A04775,2
P01539,A04776,3
P01539,A04777,4
P01539,A04778,5
P01540,A00170,3
P01540,A01375,6
P01540,A02559,1
P01540,A02868,4
P01540,A03556,5
P01540,A04098,7
P01540,A04779,2
P01541,A00859,3
P01541,A00970,4
P01541,A01039,6
P01541,A01317,2
P01541,A03844,1
P01541,A03845,5
P01542,A00859,2
P01542,A01317,3
P01542,A03844,1
P01542,A03845,4
P01542,A04734,5
P01543,A00021,4
P01543,A00103,11
P01543,A00180,8
P01543,A00185,12
P01543,A00319,5
P01543,A00351,13
P01543,A00374,6
P01543,A01283,3
P01543,A02822,2
P01543,A02984,14
P01543,A04219,1
P01543,A04669,10
P01543,A04780,7
P01543,A04781,9
P01544,A00103,13
P01544,A00124,2
P01544,A00125,1
P01544,A00128,9
P01544,A00198,8
P01544,A00199,10
P01544,A00769,7
P01544,A00883,12
P01544,A00911,6
P01544,A01251,4
P01544,A01287,5
P01544,A02154,11
P01544,A02574,3
P01544,A04782,14
P01544,A04783,15
P01545,A04515,1
P01546,A00378,2
P01546,A04784,1
P01546,A04785,3
P01547,A04786,1
P01547,A04787,2
P01547,A04788,3
P01547,A04789,4
P01547,A04790,5
P01547,A04791,6
P01548,A00070,1
P01548,A00073,2
P01548,A00158,3
P01548,A00160,5
P01548,A00718,4
P01549,A01566,3
P01549,A01688,5
P01549,A01689,4
P01549,A04792,1
P01549,A04793,2
P01549,A04794,6
P01550,A02617,2
P01550,A02630,1
P01551,A04795,1
P01551,A04796,2
P01551,A04797,3
P01551,A04798,4
P01551,A04799,5
P01552,A01420,4
P01552,A01421,3
P01552,A03585,2
P01552,A03587,6
P01552,A04437,1
P01552,A04438,9
P01552,A04439,5
P01552,A04650,8
P01552,A04800,7
P01552,A04801,10
P01552,A04802,11
P01553,A04803,1
P01553,A04804,2
P01554,A04805,1
P01554,A04806,2
P01554,A04807,3
P01554,A04808,4
P01554,A04809,5
P01554,A04810,6
P01555,A00674,3
P01555,A03072,4
P01555,A03073,2
P01555,A04125,5
P01555,A04811,1
P01556,A00081,7
P01556,A00158,2
P01556,A00160,6
P01556,A00374,5
P01556,A02282,1
P01556,A02577,8
P01556,A03771,4
P01556,A03962,3
P01557,A00125,1
P01557,A00126,3
P01557,A02870,2
P01557,A02883,4
P01557,A04812,5
P01558,A04611,2
P01558,A04813,1
P01559,A04814,1
P01559,A04815,2
P01559,A04816,3
P01559,A04817,4
P01559,A04818,5
P01560,A00018,10
P01560,A00158,1
P01560,A00160,8
P01560,A00351,9
P01560,A04819,2
P01560,A04820,3
P01560,A04821,4
P01560,A04822,5
P01560,A04823,6
P01560,A04824,7
P01561,A04825,1
P01561,A04826,2
P01562,A00999,3
P01562,A04827,1
P01562,A04828,2
P01562,A04829,4
P01563,A04830,1
P01563,A04831,2
P01563,A04832,3
P01564,A04833,1
P01564,A04834,2
P01564,A04835,3
P01565,A01039,6
P01565,A02567,3
P01565,A04166,1
P01565,A04167,2
P01565,A04836,4
P01565,A04837,5
P01566,A00454,6
P01566,A01621,4
P01566,A02280,1
P01566,A04838,2
P01566,A04839,3
P01566,A04840,5
P01566,A04841,7
P01567,A02257,4
P01567,A03097,6
P01567,A03807,7
P01567,A03810,5
P01567,A03971,1
P01567,A04842,2
P01567,A04843,3
P01567,A04844,8
P01568,A00020,4
P01568,A00185,2
P01568,A00578,5
P01568,A00622,3
P01568,A02516,1
P01569,A00931,1
P01569,A00932,8
P01569,A00933,10
P01569,A00935,4
P01569,A01024,5
P01569,A01747,7
P01569,A04845,2
P01569,A04846,3
P01569,A04847,6
P01569,A04848,9
P01570,A01812,8
P01570,A03688,3
P01570,A04024,2
P01570,A04027,1
P01570,A04627,6
P01570,A04628,7
P01570,A04629,5
P01570,A04849,4
P01571,A00640,2
P01571,A01720,1
P01571,A02804,3
P01572,A01496,1
P01573,A04490,3
P01573,A04850,1
P01573,A04851,2
P01574,A04852,1
P01574,A04853,2
P01574,A04854,3
P01574,A04855,4
P01574,A04856,5
P01574,A04857,6
P01574,A04858,7
P01575,A04859,1
P01575,A04860,2
P01575,A04861,3
P01575,A04862,4
P01575,A04863,5
P01576,A00116,1
P01576,A00578,5
P01576,A01286,6
P01576,A01973,4
P01576,A02424,3
P01576,A04864,2
P01577,A01727,2
P01577,A01730,1
P01577,A02656,7
P01577,A04484,3
P01577,A04780,8
P01577,A04865,4
P01577,A04866,5
P01577,A04867,6
P01577,A04868,9
P01578,A00564,2
P01578,A00859,9
P01578,A00877,1
P01578,A00879,7
P01578,A00880,3
P01578,A00883,6
P01578,A01091,11
P01578,A04869,4
P01578,A04870,5
P01578,A04871,8
P01578,A04872,10
P01579,A00534,5
P01579,A02949,4
P01579,A03374,2
P01579,A04873,1
P01579,A04874,3
P01580,A01052,2
P01580,A02791,3
P01580,A04875,1
P01581,A02102,3
P01581,A04313,2
P01581,A04314,1
P01581,A04315,5
P01581,A04876,4
P01582,A00319,1
P01582,A00394,2
P01582,A00800,4
P01582,A01134,3
P01582,A01635,5
P01582,A04188,7
P01582,A04877,6
P01583,A02345,1
P01583,A03792,2
P01583,A03794,5
P01583,A03795,3
P01583,A03796,6
P01583,A04878,4
P01584,A00247,2
P01584,A01921,1
P01584,A02029,4
P01584,A04004,3
P01584,A04879,5
P01585,A04880,1
P01585,A04881,2
P01585,A04882,3
P01586,A00822,4
P01586,A01095,3
P01586,A03127,5
P01586,A03250,1
P01586,A04730,2
P01587,A03803,1
P01587,A04515,2
P01588,A04883,1
P01588,A04884,2
P01588,A04885,3
P01588,A04886,4
P01588,A04887,5
P01588,A04888,6
P01588,A04889,7
P01588,A04890,8
P01588,A04891,9
P01588,A04892,10
P01589,A00236,1
P01589,A04893,2
P01590,A00180,6
P01590,A00185,2
P01590,A01383,4
P01590,A02516,1
P01590,A03238,5
P01590,A04894,3
P01590,A04895,7
P01590,A04896,8
P01590,A04897,9
P01591,A00622,1
P01591,A01488,5
P01591,A02468,4
P01591,A04898,2
P01591,A04899,3
P01592,A00128,13
P01592,A00441,4
P01592,A00564,2
P01592,A00663,8
P01592,A00783,6
P01592,A00811,11
P01592,A00820,3
P01592,A01345,5
P01592,A04900,1
P01592,A04901,7
P01592,A04902,9
P01592,A04903,10
P01592,A04904,12
P01593,A00050,1
P01593,A00170,3
P01593,A00181,5
P01593,A00319,4
P01593,A01797,2
P01593,A04473,6
P01594,A00454,2
P01594,A04905,1
P01594,A04906,3
P01595,A02257,3
P01595,A03808,5
P01595,A03810,4
P01595,A03971,2
P01595,A04907,1
P01595,A04908,6
P01595,A04909,7
P01595,A04910,8
P01596,A00018,11
P01596,A00133,2
P01596,A00158,1
P01596,A00186,7
P01596,A00351,10
P01596,A00392,5
P01596,A00718,12
P01596,A00780,4
P01596,A01444,9
P01596,A03819,6
P01596,A04191,8
P01596,A04483,3
P01597,A00070,3
P01597,A00158,4
P01597,A02202,6
P01597,A02791,2
P01597,A04498,1
P01597,A04499,5
P01598,A04911,1
P01598,A04912,2
P01598,A04913,3
P01598,A04914,4
P01598,A04915,5
P01598,A04916,6
P01599,A00054,4
P01599,A03699,2
P01599,A03700,3
P01599,A04917,1
P01600,A00459,8
P01600,A01409,5
P01600,A01411,3
P01600,A04918,1
P01600,A04919,2
P01600,A04920,4
P01600,A04921,6
P01600,A04922,7
P01601,A00769,6
P01601,A01668,3
P01601,A02222,7
P01601,A03072,1
P01601,A04923,2
P01601,A04924,4
P01601,A04925,5
P01602,A00051,7
P01602,A00158,6
P01602,A04669,1
P01602,A04670,5
P01602,A04926,2
P01602,A04927,3
P01602,A04928,4
P01604,A00128,5
P01604,A00254,2
P01604,A00440,6
P01604,A00577,4
P01604,A00579,7
P01604,A00628,1
P01604,A02498,3
P01605,A00953,1
P01605,A00954,2
P01606,A02267,1
P01606,A04929,2
P01607,A00157,6
P01607,A00197,5
P01607,A00817,2
P01607,A01098,4
P01607,A02647,1
P01607,A02648,3
P01607,A02652,7
P01608,A00128,2
P01608,A00197,4
P01608,A02467,1
P01608,A04072,3
P01609,A04930,1
P01609,A04931,2
P01609,A04932,3
P01610,A00093,2
P01610,A00113,7
P01610,A00278,1
P01610,A00642,6
P01610,A01784,3
P01610,A01792,22
P01610,A02340,17
P01610,A02512,5
P01610,A02524,23
P01610,A02528,4
P01610,A02700,24
P01610,A02703,25
P01610,A03269,12
P01610,A04466,19
P01610,A04468,21
P01610,A04469,20
P01610,A04933,8
P01610,A04934,9
P01610,A04935,10
P01610,A04936,11
P01610,A04937,13
P01610,A04938,14
P01610,A04939,15
P01610,A04940,16
P01610,A04941,18
P01610,A04942,26
P01610,A04943,27
P01610,A04944,28
P01611,A01428,1
P01611,A01970,2
P01611,A03211,3
P01612,A00019,3
P01612,A00170,5
P01612,A01797,6
P01612,A01974,1
P01612,A03156,2
P01612,A04945,4
P01613,A00054,3
P01613,A03700,2
P01613,A04946,1
P01614,A00002,2
P01614,A02045,3
P01614,A02144,4
P01614,A04459,1
P01615,A00067,7
P01615,A00068,3
P01615,A00101,1
P01615,A00883,6
P01615,A02683,2
P01615,A04947,4
P01615,A04948,5
P01616,A04949,1
P01616,A04950,2
P01617,A00128,2
P01617,A00335,3
P01617,A00336,6
P01617,A00338,4
P01617,A01141,1
P01617,A01143,5
P01618,A00054,3
P01618,A00930,2
P01618,A03699,1
P01619,A00019,1
P01619,A00185,3
P01619,A00351,4
P01619,A00807,2
P01620,A04951,1
P01621,A02138,2
P01621,A03692,1
P01621,A03694,3
P01622,A00180,5
P01622,A00351,7
P01622,A01317,6
P01622,A04043,11
P01622,A04044,10
P01622,A04073,9
P01622,A04489,1
P01622,A04490,8
P01622,A04539,3
P01622,A04952,2
P01622,A04953,4
P01623,A01911,3
P01623,A01912,7
P01623,A01913,6
P01623,A02130,1
P01623,A02138,5
P01623,A02835,4
P01623,A03692,2
P01624,A04834,1
P01624,A04835,2
P01624,A04954,3
P01625,A00097,3
P01625,A00160,7
P01625,A00230,5
P01625,A00671,1
P01625,A00703,4
P01625,A01699,2
P01625,A04955,6
P01626,A00365,2
P01626,A00807,4
P01626,A01767,1
P01626,A02317,3
P01626,A02320,5
P01627,A00066,5
P01627,A01267,4
P01627,A01488,6
P01627,A01797,3
P01627,A04956,1
P01627,A04957,2
P01628,A00052,5
P01628,A00247,3
P01628,A00252,6
P01628,A00253,7
P01628,A01240,8
P01628,A02340,9
P01628,A04958,1
P01628,A04959,2
P01628,A04960,4
P01629,A00068,8
P01629,A00101,5
P01629,A00128,9
P01629,A00230,11
P01629,A00249,6
P01629,A00255,7
P01629,A00660,12
P01629,A00703,14
P01629,A00796,2
P01629,A00905,10
P01629,A01378,4
P01629,A02574,3
P01629,A02998,1
P01629,A04961,13
P01630,A00674,13
P01630,A00775,7
P01630,A02516,4
P01630,A02934,12
P01630,A03602,9
P01630,A04109,5
P01630,A04219,1
P01630,A04473,10
P01630,A04962,2
P01630,A04963,3
P01630,A04964,6
P01630,A04965,8
P01630,A04966,11
P01631,A04599,1
P01631,A04600,2
P01631,A04967,3
P01632,A01375,6
P01632,A02559,1
P01632,A02868,5
P01632,A03109,4
P01632,A03556,3
P01632,A04098,7
P01632,A04779,2
P01633,A04968,1
P01633,A04969,2
P01633,A04970,3
P01633,A04971,4
P01634,A02780,4
P01634,A04665,5
P01634,A04972,1
P01634,A04973,2
P01634,A04974,3
P01635,A00064,5
P01635,A01876,4
P01635,A04760,3
P01635,A04975,1
P01635,A04976,2
P01636,A03573,3
P01636,A04730,2
P01636,A04977,1
P01637,A02009,1
P01637,A02010,3
P01637,A02011,2
P01637,A02581,4
P01638,A04042,1
P01639,A00035,15
P01639,A00038,11
P01639,A00050,29
P01639,A00053,10
P01639,A00059,3
P01639,A00060,32
P01639,A00061,1
P01639,A00211,38
P01639,A00319,37
P01639,A00733,26
P01639,A01242,8
P01639,A01251,9
P01639,A01299,4
P01639,A01914,21
P01639,A02208,14
P01639,A02209,18
P01639,A02320,5
P01639,A03620,23
P01639,A03825,17
P01639,A04021,16
P01639,A04076,22
P01639,A04209,7
P01639,A04267,12
P01639,A04795,6
P01639,A04978,2
P01639,A04979,13
P01639,A04980,19
P01639,A04981,20
P01639,A04982,24
P01639,A04983,25
P01639,A04984,27
P01639,A04985,28
P01639,A04986,30
P01639,A04987,31
P01639,A04988,33
P01639,A04989,34
P01639,A04990,35
P01639,A04991,36
P01640,A04992,1
P01640,A04993,2
P01640,A04994,3
P01641,A00018,3
P01641,A01277,1
P01641,A02586,4
P01641,A04995,2
P01642,A00128,4
P01642,A00198,2
P01642,A00199,3
P01642,A01141,1
P01643,A00774,4
P01643,A04996,1
P01643,A04997,2
P01643,A04998,3
P01643,A04999,5
P01643,A05000,6
P01643,A05001,7
P01644,A05002,1
P01645,A00847,3
P01645,A02678,1
P01645,A03459,6
P01645,A05003,2
P01645,A05004,4
P01645,A05005,5
P01646,A00054,10
P01646,A00170,2
P01646,A00175,9
P01646,A02063,1
P01646,A02576,5
P01646,A02578,6
P01646,A04228,8
P01646,A04310,4
P01646,A04712,3
P01646,A05006,7
P01647,A01009,3
P01647,A01420,2
P01647,A01421,8
P01647,A01423,7
P01647,A02958,6
P01647,A04437,5
P01647,A04439,4
P01647,A04650,1
P01648,A00073,3
P01648,A00081,6
P01648,A00158,1
P01648,A00160,5
P01648,A02202,4
P01648,A03177,2
P01649,A00733,3
P01649,A04109,1
P01649,A04501,2
P01650,A00999,3
P01650,A02315,1
P01650,A02359,2
P01650,A04298,4
P01651,A00859,2
P01651,A00970,4
P01651,A01317,1
P01651,A03844,3
P01651,A03845,5
P01652,A00351,4
P01652,A00774,3
P01652,A03578,2
P01652,A03579,1
P01652,A03580,6
P01652,A03581,5
P01652,A03583,8
P01652,A04073,7
P01653,A05007,1
P01653,A05008,2
P01653,A05009,3
P01653,A05010,4
P01653,A05011,5
P01654,A01038,5
P01654,A01251,4
P01654,A01807,6
P01654,A02152,2
P01654,A03116,3
P01654,A03206,7
P01654,A04445,8
P01654,A05012,1
P01654,A05013,9
P01655,A00351,2
P01655,A00511,4
P01655,A02340,3
P01655,A04734,5
P01655,A05014,1
P01656,A00564,2
P01656,A00859,3
P01656,A00883,4
P01656,A03664,1
P01657,A01812,8
P01657,A03420,4
P01657,A03688,5
P01657,A04024,2
P01657,A04027,1
P01657,A04627,6
P01657,A04628,7
P01657,A04629,3
P01658,A00035,2
P01658,A00229,6
P01658,A00231,13
P01658,A00249,3
P01658,A00564,4
P01658,A00816,10
P01658,A01230,14
P01658,A02245,8
P01658,A02512,20
P01658,A02521,18
P01658,A02526,9
P01658,A02812,11
P01658,A02813,12
P01658,A02814,15
P01658,A02815,16
P01658,A02816,17
P01658,A03324,7
P01658,A03326,21
P01658,A05015,1
P01658,A05016,5
P01658,A05017,19
P01659,A03019,6
P01659,A03804,4
P01659,A03832,1
P01659,A05018,2
P01659,A05019,3
P01659,A05020,5
P01659,A05021,7
P01659,A05022,8
P01659,A05023,9
P01659,A05024,10
P01660,A00181,4
P01660,A00640,2
P01660,A02400,1
P01660,A04722,3
P01661,A00703,6
P01661,A00796,2
P01661,A01266,5
P01661,A02114,3
P01661,A05025,1
P01661,A05026,4
P01662,A02472,2
P01662,A05027,1
P01662,A05028,3
P01663,A00704,2
P01663,A01324,1
P01664,A05029,1
P01664,A05030,2
P01664,A05031,3
P01664,A05032,4
P01664,A05033,5
P01664,A05034,6
P01664,A05035,7
P01664,A05036,8
P01664,A05037,9
P01664,A05038,10
P01664,A05039,11
P01664,A05040,12
P01664,A05041,13
P01665,A03963,2
P01665,A05042,1
P01665,A05043,3
P01666,A00103,4
P01666,A01287,10
P01666,A02032,1
P01666,A02981,12
P01666,A03176,3
P01666,A03177,2
P01666,A03303,11
P01666,A05044,5
P01666,A05045,6
P01666,A05046,7
P01666,A05047,8
P01666,A05048,9
P01667,A05049,1
P01667,A05050,2
P01667,A05051,3
P01667,A05052,4
P01667,A05053,5
P01668,A01267,5
P01668,A01494,6
P01668,A01668,4
P01668,A02222,10
P01668,A03072,1
P01668,A04523,2
P01668,A05054,3
P01668,A05055,7
P01668,A05056,8
P01668,A05057,9
P01668,A05058,11
P01669,A02138,2
P01669,A02866,1
P01669,A03395,4
P01669,A03401,5
P01669,A03692,6
P01669,A05059,3
P01670,A01016,2
P01670,A01017,4
P01670,A03652,1
P01670,A05060,3
P01671,A00073,3
P01671,A00081,7
P01671,A00149,1
P01671,A00628,4
P01671,A02178,5
P01671,A05061,2
P01671,A05062,6
P01671,A05063,8
P01672,A00319,1
P01672,A03922,2
P01672,A05064,3
P01673,A05065,1
P01673,A05066,2
P01674,A05067,1
P01674,A05068,2
P01674,A05069,3
P01675,A01324,2
P01675,A02467,1
P01675,A03973,3
P01675,A04006,4
P01676,A04740,1
P01676,A04741,2
P01676,A04742,3
P01676,A04743,4
P01676,A04744,5
P01676,A04745,6
P01676,A04746,7
P01676,A04747,8
P01676,A04748,9
P01676,A04749,10
P01676,A04750,11
P01676,A04751,12
P01677,A04740,3
P01677,A04741,1
P01677,A04742,2
P01677,A04745,5
P01677,A04747,7
P01677,A04748,6
P01677,A04749,9
P01677,A04750,10
P01677,A04751,11
P01677,A05070,4
P01677,A05071,8
P01678,A00229,7
P01678,A00402,6
P01678,A00564,12
P01678,A01076,2
P01678,A01077,9
P01678,A01133,13
P01678,A01317,11
P01678,A01847,5
P01678,A02242,1
P01678,A02520,14
P01678,A02589,4
P01678,A05072,3
P01678,A05073,8
P01678,A05074,10
P01679,A00081,2
P01679,A00095,6
P01679,A00148,7
P01679,A00319,3
P01679,A00664,8
P01679,A02206,1
P01679,A03177,4
P01679,A05075,5
P01680,A00081,2
P01680,A00379,4
P01680,A00919,6
P01680,A01935,3
P01680,A03847,7
P01680,A03851,1
P01680,A03862,8
P01680,A05076,5
P01681,A05077,1
P01681,A05078,2
P01681,A05079,3
P01681,A05080,4
P01681,A05081,5
P01681,A05082,6
P01681,A05083,7
P01681,A05084,8
P01682,A05085,1
P01683,A00103,9
P01683,A00159,7
P01683,A00180,11
P01683,A00185,10
P01683,A00672,1
P01683,A02374,8
P01683,A02433,6
P01683,A02782,2
P01683,A04219,5
P01683,A05086,3
P01683,A05087,4
P01684,A05088,1
P01684,A05089,2
P01685,A01812,8
P01685,A03420,10
P01685,A04024,3
P01685,A04027,1
P01685,A04627,6
P01685,A04628,7
P01685,A04629,2
P01685,A05090,4
P01685,A05091,5
P01685,A05092,9
P01685,A05093,11
P01685,A05094,12
P01685,A05095,13
P01685,A05096,14
P01686,A00070,4
P01686,A00158,2
P01686,A00159,1
P01686,A00160,6
P01686,A00672,5
P01686,A02374,3
P01687,A04760,6
P01687,A04761,1
P01687,A05097,2
P01687,A05098,3
P01687,A05099,4
P01687,A05100,5
P01688,A00733,2
P01688,A02398,1
P01689,A01420,5
P01689,A02472,2
P01689,A05101,1
P01689,A05102,3
P01689,A05103,4
P01690,A00054,4
P01690,A00170,2
P01690,A00769,5
P01690,A02251,6
P01690,A04146,1
P01690,A04647,3
P01691,A00215,2
P01691,A02176,1
P01692,A00157,4
P01692,A00178,7
P01692,A00798,5
P01692,A00799,2
P01692,A04765,3
P01692,A04766,6
P01692,A05104,1
P01692,A05105,8
P01693,A05106,1
P01693,A05107,2
P01693,A05108,3
P01694,A02477,4
P01694,A03199,3
P01694,A04603,2
P01694,A05109,1
P01694,A05110,5
P01694,A05111,6
P01695,A00391,2
P01695,A03775,7
P01695,A05112,1
P01695,A05113,3
P01695,A05114,4
P01695,A05115,5
P01695,A05116,6
P01696,A05117,1
P01696,A05118,2
P01696,A05119,3
P01696,A05120,4
P01696,A05121,5
P01697,A02469,2
P01697,A05122,1
P01698,A02352,1
P01698,A05123,2
P01698,A05124,3
P01698,A05125,4
P01698,A05126,5
P01699,A00031,3
P01699,A00032,4
P01699,A00640,5
P01699,A02400,6
P01699,A03064,1
P01699,A04110,2
P01699,A04420,7
P01700,A02352,1
P01700,A02355,4
P01700,A04024,3
P01700,A04048,2
P01700,A04049,5
P01700,A05127,6
P01701,A05128,1
P01701,A05129,2
P01701,A05130,3
P01702,A00395,2
P01702,A02102,4
P01702,A04638,7
P01702,A05131,1
P01702,A05132,3
P01702,A05133,5
P01702,A05134,6
P01703,A03199,1
P01703,A04602,3
P01703,A04603,4
P01703,A05135,2
P01704,A00031,4
P01704,A00032,5
P01704,A00640,2
P01704,A02400,3
P01704,A03064,6
P01704,A04110,7
P01704,A04420,1
P01705,A00539,5
P01705,A00830,6
P01705,A04284,1
P01705,A04286,7
P01705,A05136,2
P01705,A05137,3
P01705,A05138,4
P01706,A00319,2
P01706,A00394,3
P01706,A00800,5
P01706,A03985,4
P01706,A04188,6
P01706,A04877,1
P01707,A00051,1
P01707,A01973,4
P01707,A05139,2
P01707,A05140,3
P01708,A05141,1
P01708,A05142,2
P01708,A05143,3
P01708,A05144,4
P01709,A05145,1
P01709,A05146,2
P01709,A05147,3
P01710,A00157,2
P01710,A01098,5
P01710,A02648,4
P01710,A05148,1
P01710,A05149,3
P01710,A05150,6
P01711,A00185,7
P01711,A01267,3
P01711,A04125,4
P01711,A04811,5
P01711,A05055,1
P01711,A05151,2
P01711,A05152,6
P01712,A03199,1
P01712,A04602,3
P01712,A04603,5
P01712,A05135,2
P01712,A05153,4
P01713,A05154,1
P01713,A05155,2
P01713,A05156,3
P01714,A05157,1
P01714,A05158,2
P01714,A05159,3
P01714,A05160,4
P01714,A05161,5
P01714,A05162,6
P01715,A05163,1
P01715,A05164,2
P01716,A05165,1
P01716,A05166,2
P01716,A05167,3
P01716,A05168,4
P01717,A00158,3
P01717,A00160,9
P01717,A00182,6
P01717,A00319,4
P01717,A00672,8
P01717,A02374,5
P01717,A03664,1
P01717,A04188,7
P01717,A04565,2
P01718,A00288,5
P01718,A00402,7
P01718,A00880,2
P01718,A01240,6
P01718,A01285,3
P01718,A03323,4
P01718,A03325,8
P01718,A04430,1
P01719,A00733,3
P01719,A00876,2
P01719,A01720,1
P01719,A04573,4
P01719,A05169,5
P01720,A00212,2
P01720,A01430,4
P01720,A03152,3
P01720,A03600,1
P01721,A05157,1
P01721,A05158,4
P01721,A05170,2
P01721,A05171,3
P01721,A05172,5
P01722,A00185,1
P01722,A00388,8
P01722,A02516,6
P01722,A03072,7
P01722,A04966,2
P01722,A05173,3
P01722,A05174,4
P01722,A05175,5
P01723,A00066,4
P01723,A01267,9
P01723,A01488,8
P01723,A01797,7
P01723,A02468,3
P01723,A02570,1
P01723,A04956,5
P01723,A04963,6
P01723,A05176,2
P01724,A00197,5
P01724,A00541,7
P01724,A01098,9
P01724,A02647,10
P01724,A02648,2
P01724,A03169,4
P01724,A04577,3
P01724,A05149,1
P01724,A05177,6
P01724,A05178,8
P01724,A05179,11
P01725,A00157,6
P01725,A00197,5
P01725,A00817,2
P01725,A01098,4
P01725,A02647,1
P01725,A02648,3
P01725,A02652,7
P01725,A03167,8
P01726,A00185,2
P01726,A00388,1
P01727,A00359,2
P01727,A03076,4
P01727,A04511,3
P01727,A05180,1
P01728,A03168,2
P01728,A04700,4
P01728,A04701,5
P01728,A04730,7
P01728,A05181,1
P01728,A05182,3
P01728,A05183,6
P01729,A04043,6
P01729,A04044,5
P01729,A04073,4
P01729,A04489,2
P01729,A04490,3
P01729,A04539,1
P01730,A02577,7
P01730,A04479,5
P01730,A05184,1
P01730,A05185,2
P01730,A05186,3
P01730,A05187,4
P01730,A05188,6
P01731,A00198,15
P01731,A00229,19
P01731,A02594,4
P01731,A03053,5
P01731,A03142,20
P01731,A03963,18
P01731,A04501,1
P01731,A04502,2
P01731,A04503,3
P01731,A04511,10
P01731,A05189,6
P01731,A05190,7
P01731,A05191,8
P01731,A05192,9
P01731,A05193,11
P01731,A05194,12
P01731,A05195,13
P01731,A05196,14
P01731,A05197,16
P01731,A05198,17
P01731,A05199,21
P01731,A05200,22
P01731,A05201,23
P01732,A00859,3
P01732,A01317,2
P01732,A03844,1
P01732,A03845,4
P01732,A04734,5
P01733,A02262,4
P01733,A05202,1
P01733,A05203,2
P01733,A05204,3
P01733,A05205,5
P01733,A05206,6
P01734,A04951,2
P01734,A05207,1
P01734,A05208,3
P01734,A05209,4
P01735,A00276,7
P01735,A00914,5
P01735,A00916,4
P01735,A01936,2
P01735,A05210,1
P01735,A05211,3
P01735,A05212,6
P01736,A05213,1
P01736,A05214,2
P01736,A05215,3
P01737,A05216,1
P01737,A05217,2
P01737,A05218,3
P01737,A05219,4
P01737,A05220,5
P01738,A00419,1
P01738,A01159,2
P01738,A04533,3
P01738,A05221,4
P01738,A05222,5
P01739,A00018,4
P01739,A00021,3
P01739,A00188,2
P01739,A00251,1
P01739,A00389,6
P01739,A01212,5
P01740,A01471,8
P01740,A04084,5
P01740,A05223,1
P01740,A05224,2
P01740,A05225,3
P01740,A05226,4
P01740,A05227,6
P01740,A05228,7
P01741,A05229,1
P01741,A05230,2
P01742,A04048,4
P01742,A05231,1
P01742,A05232,2
P01742,A05233,3
P01742,A05234,5
P01742,A05235,6
P01742,A05236,7
P01743,A05237,1
P01743,A05238,2
P01743,A05239,3
P01744,A00081,6
P01744,A00392,2
P01744,A00780,3
P01744,A01726,8
P01744,A02204,7
P01744,A02872,1
P01744,A02996,5
P01744,A05240,4
P01744,A05241,9
P01745,A00103,4
P01745,A00319,7
P01745,A02032,1
P01745,A02206,3
P01745,A02374,5
P01745,A03177,2
P01745,A04099,6
P01745,A05046,9
P01745,A05047,10
P01745,A05242,8
P01746,A00081,1
P01746,A00149,8
P01746,A00369,16
P01746,A00371,17
P01746,A00379,7
P01746,A00392,10
P01746,A01726,2
P01746,A01894,13
P01746,A01936,26
P01746,A02178,15
P01746,A02181,18
P01746,A02272,14
P01746,A02317,20
P01746,A02445,21
P01746,A02872,25
P01746,A03254,50
P01746,A03262,27
P01746,A03697,4
P01746,A03847,5
P01746,A03849,48
P01746,A03850,9
P01746,A03851,3
P01746,A03853,12
P01746,A03855,49
P01746,A03860,52
P01746,A03861,28
P01746,A03862,6
P01746,A03865,53
P01746,A03866,54
P01746,A03867,55
P01746,A03868,56
P01746,A03869,57
P01746,A03870,58
P01746,A03875,59
P01746,A03876,60
P01746,A03877,61
P01746,A03878,62
P01746,A03879,63
P01746,A03880,64
P01746,A03881,65
P01746,A03882,66
P01746,A03884,67
P01746,A03885,68
P01746,A03888,69
P01746,A03889,32
P01746,A03891,33
P01746,A03892,70
P01746,A03893,71
P01746,A03894,36
P01746,A03895,72
P01746,A03896,73
P01746,A03897,39
P01746,A03899,40
P01746,A03902,75
P01746,A03903,76
P01746,A03905,78
P01746,A03906,79
P01746,A03907,80
P01746,A03908,81
P01746,A03909,83
P01746,A03912,84
P01746,A03913,85
P01746,A03914,43
P01746,A03917,86
P01746,A04165,11
P01746,A05240,24
P01746,A05243,19
P01746,A05244,22
P01746,A05245,23
P01746,A05246,29
P01746,A05247,30
P01746,A05248,31
P01746,A05249,34
P01746,A05250,35
P01746,A05251,37
P01746,A05252,38
P01746,A05253,41
P01746,A05254,42
P01746,A05255,44
P01746,A05256,45
P01746,A05257,46
P01746,A05258,47
P01746,A05259,51
P01746,A05260,74
P01746,A05261,77
P01746,A05262,82
P01747,A01921,2
P01747,A02029,3
P01747,A02030,6
P01747,A04879,1
P01747,A05263,4
P01747,A05264,5
P01748,A02960,4
P01748,A03573,2
P01748,A04539,6
P01748,A05265,1
P01748,A05266,3
P01748,A05267,5
P01749,A00787,2
P01749,A01446,3
P01749,A04474,1
P01749,A04738,5
P01749,A04739,4
P01750,A05268,1
P01750,A05269,2
P01750,A05270,3
P01750,A05271,4
P01751,A04000,1
P01751,A05272,2
P01751,A05273,3
P01751,A05274,4
P01751,A05275,5
P01752,A01812,8
P01752,A03688,6
P01752,A04024,3
P01752,A04027,1
P01752,A04627,5
P01752,A04628,7
P01752,A04629,4
P01752,A05095,2
P01753,A00390,6
P01753,A01241,3
P01753,A02263,2
P01753,A02372,5
P01753,A03595,4
P01753,A04870,7
P01753,A05276,1
P01754,A00351,6
P01754,A00859,3
P01754,A01317,2
P01754,A03844,1
P01754,A03845,4
P01754,A04734,5
P01755,A05277,1
P01755,A05278,2
P01755,A05279,3
P01756,A05280,1
P01756,A05281,2
P01756,A05282,3
P01756,A05283,4
P01757,A00067,4
P01757,A00116,2
P01757,A01286,5
P01757,A01973,3
P01757,A04864,1
P01758,A00254,2
P01758,A00628,1
P01759,A00249,13
P01759,A00816,12
P01759,A00859,3
P01759,A00881,8
P01759,A01317,1
P01759,A02245,14
P01759,A02443,6
P01759,A02522,7
P01759,A02525,11
P01759,A02526,9
P01759,A03324,10
P01759,A03844,2
P01759,A03845,4
P01759,A04734,5
P01760,A00052,1
P01760,A01090,2
P01761,A01704,2
P01761,A02491,1
P01762,A00157,4
P01762,A00541,7
P01762,A00966,12
P01762,A01721,2
P01762,A02647,11
P01762,A03167,3
P01762,A05148,10
P01762,A05149,9
P01762,A05178,6
P01762,A05284,1
P01762,A05285,5
P01762,A05286,8
P01763,A00868,2
P01763,A01374,3
P01763,A02101,5
P01763,A04523,6
P01763,A05055,1
P01763,A05151,4
P01764,A01911,2
P01764,A01912,3
P01764,A02120,6
P01764,A02138,4
P01764,A03692,5
P01764,A05287,1
P01765,A00214,2
P01765,A04191,1
P01765,A05288,3
P01765,A05289,4
P01766,A00070,6
P01766,A00159,7
P01766,A00185,12
P01766,A00672,1
P01766,A02374,8
P01766,A02782,3
P01766,A03664,10
P01766,A04163,5
P01766,A04188,9
P01766,A05086,2
P01766,A05290,4
P01766,A05291,11
P01767,A05292,1
P01767,A05293,2
P01767,A05294,3
P01768,A00348,2
P01768,A00671,4
P01768,A05295,1
P01768,A05296,3
P01769,A01324,1
P01770,A05297,1
P01770,A05298,2
P01770,A05299,3
P01770,A05300,4
P01770,A05301,5
P01770,A05302,6
P01770,A05303,7
P01770,A05304,8
P01770,A05305,9
P01770,A05306,10
P01771,A05307,1
P01771,A05308,2
P01771,A05309,3
P01771,A05310,4
P01771,A05311,5
P01771,A05312,6
P01772,A05313,1
P01772,A05314,2
P01772,A05315,3
P01772,A05316,4
P01772,A05317,5
P01773,A05318,1
P01773,A05319,2
P01773,A05320,3
P01773,A05321,4
P01774,A00319,1
P01774,A00374,2
P01774,A00766,4
P01774,A00911,6
P01774,A01342,3
P01774,A01971,7
P01774,A02152,5
P01775,A01374,3
P01775,A01668,2
P01775,A02222,7
P01775,A03072,1
P01775,A04923,5
P01775,A04925,6
P01775,A05055,4
P01776,A01367,5
P01776,A05322,1
P01776,A05323,2
P01776,A05324,3
P01776,A05325,4
P01776,A05326,6
P01776,A05327,7
P01777,A05328,1
P01777,A05329,2
P01777,A05330,3
P01777,A05331,4
P01777,A05332,5
P01777,A05333,6
P01778,A00870,8
P01778,A02534,9
P01778,A02535,6
P01778,A03109,3
P01778,A03402,2
P01778,A04595,4
P01778,A05334,1
P01778,A05335,5
P01778,A05336,7
P01778,A05337,10
P01778,A05338,11
P01778,A05339,12
P01778,A05340,13
P01779,A00870,10
P01779,A02534,7
P01779,A02535,5
P01779,A03109,2
P01779,A03402,3
P01779,A05334,1
P01779,A05336,6
P01779,A05337,8
P01779,A05338,9
P01779,A05340,4
P01780,A00170,3
P01780,A00423,2
P01780,A01797,4
P01780,A03991,1
P01781,A03808,2
P01781,A03832,1
P01781,A05019,3
P01782,A00249,11
P01782,A00564,8
P01782,A00859,9
P01782,A02242,10
P01782,A03250,2
P01782,A04727,1
P01782,A04729,4
P01782,A04730,5
P01782,A04732,6
P01782,A04986,7
P01782,A05341,3
P01783,A01024,5
P01783,A02421,11
P01783,A05342,1
P01783,A05343,2
P01783,A05344,3
P01783,A05345,4
P01783,A05346,6
P01783,A05347,7
P01783,A05348,8
P01783,A05349,9
P01783,A05350,10
P01783,A05351,12
P01784,A00255,4
P01784,A00859,1
P01784,A02443,5
P01784,A05352,2
P01784,A05353,3
P01785,A05354,1
P01785,A05355,2
P01785,A05356,3
P01785,A05357,4
P01785,A05358,5
P01786,A01840,2
P01786,A05359,1
P01787,A05360,1
P01787,A05361,2
P01787,A05362,3
P01787,A05363,4
P01787,A05364,5
P01788,A05365,1
P01788,A05366,2
P01788,A05367,3
P01788,A05368,4
P01788,A05369,5
P01789,A03138,1
P01789,A03139,3
P01789,A03141,2
P01789,A03142,4
P01790,A05370,1
P01790,A05371,2
P01790,A05372,3
P01790,A05373,4
P01790,A05374,5
P01790,A05375,6
P01791,A02411,4
P01791,A02618,3
P01791,A05376,1
P01791,A05377,2
P01792,A00880,1
P01792,A01318,3
P01792,A05378,2
P01793,A00158,5
P01793,A00212,2
P01793,A00319,4
P01793,A01430,3
P01793,A03600,1
P01794,A04412,2
P01794,A05379,1
P01794,A05380,3
P01794,A05381,4
P01794,A05382,5
P01794,A05383,6
P01794,A05384,7
P01794,A05385,8
P01795,A05386,1
P01795,A05387,2
P01796,A05388,1
P01796,A05389,2
P01796,A05390,3
P01796,A05391,4
P01796,A05392,5
P01796,A05393,6
P01797,A00020,10
P01797,A00868,5
P01797,A01374,4
P01797,A01466,7
P01797,A02101,9
P01797,A03073,3
P01797,A04125,8
P01797,A04811,6
P01797,A05055,1
P01797,A05151,2
P01798,A00068,23
P01798,A00102,20
P01798,A00103,19
P01798,A00158,8
P01798,A00211,27
P01798,A00230,22
P01798,A00391,5
P01798,A00796,18
P01798,A01296,4
P01798,A02202,1
P01798,A02205,26
P01798,A02206,12
P01798,A02374,9
P01798,A02433,21
P01798,A02784,17
P01798,A02791,11
P01798,A03555,13
P01798,A03744,10
P01798,A04497,7
P01798,A04498,16
P01798,A05394,2
P01798,A05395,3
P01798,A05396,6
P01798,A05397,14
P01798,A05398,15
P01798,A05399,24
P01798,A05400,25
P01799,A05401,1
P01799,A05402,2
P01799,A05403,3
P01799,A05404,4
P01799,A05405,5
P01799,A05406,6
P01799,A05407,7
P01799,A05408,8
P01799,A05409,9
P01799,A05410,10
P01799,A05411,11
P01799,A05412,12
P01800,A05413,1
P01801,A00868,1
P01801,A00870,2
P01801,A01419,6
P01801,A01813,4
P01801,A05414,3
P01801,A05415,5
P01801,A05416,7
P01801,A05417,8
P01802,A01810,10
P01802,A01911,7
P01802,A01912,5
P01802,A01913,11
P01802,A02118,3
P01802,A02130,8
P01802,A02138,2
P01802,A02835,4
P01802,A03692,1
P01802,A03694,9
P01802,A05418,6
P01803,A00359,2
P01803,A03076,4
P01803,A04511,3
P01803,A05180,1
P01804,A05419,1
P01804,A05420,2
P01804,A05421,3
P01804,A05422,4
P01804,A05423,5
P01805,A05419,2
P01805,A05422,3
P01805,A05423,4
P01805,A05424,1
P01806,A00116,5
P01806,A00359,3
P01806,A00390,2
P01806,A00578,12
P01806,A01902,9
P01806,A01973,11
P01806,A02424,4
P01806,A03075,8
P01806,A03416,1
P01806,A04960,7
P01806,A05425,6
P01806,A05426,10
P01806,A05427,13
P01807,A00023,3
P01807,A00073,5
P01807,A00175,2
P01807,A00183,6
P01807,A00255,8
P01807,A01317,9
P01807,A02063,11
P01807,A04228,4
P01807,A04310,10
P01807,A05428,1
P01807,A05429,7
P01807,A05430,12
P01808,A00019,3
P01808,A00185,2
P01808,A00704,5
P01808,A02516,1
P01808,A04963,4
P01808,A05427,6
P01809,A05431,1
P01809,A05432,2
P01809,A05433,3
P01810,A00577,4
P01810,A01699,5
P01810,A04460,1
P01810,A05434,2
P01810,A05435,3
P01811,A05436,1
P01811,A05437,2
P01811,A05438,3
P01811,A05439,4
P01811,A05440,5
P01811,A05441,6
P01811,A05442,7
P01811,A05443,8
P01812,A01267,4
P01812,A03072,2
P01812,A05055,3
P01812,A05151,1
P01813,A01038,3
P01813,A02318,1
P01813,A05444,2
P01813,A05445,4
P01814,A00249,14
P01814,A00351,7
P01814,A00816,13
P01814,A00859,2
P01814,A00881,9
P01814,A01317,1
P01814,A02245,15
P01814,A02443,6
P01814,A02522,8
P01814,A02525,12
P01814,A02526,10
P01814,A03324,11
P01814,A03844,3
P01814,A03845,4
P01814,A05446,5
P01815,A00068,4
P01815,A00101,2
P01815,A00671,3
P01815,A00703,1
P01816,A00182,3
P01816,A00214,5
P01816,A01233,2
P01816,A01283,4
P01816,A03126,1
P01817,A00054,3
P01817,A00081,7
P01817,A00158,1
P01817,A00160,6
P01817,A00351,8
P01817,A01444,5
P01817,A04191,4
P01817,A05447,2
P01818,A00157,6
P01818,A00197,5
P01818,A00817,2
P01818,A00848,4
P01818,A01094,7
P01818,A02412,3
P01818,A02647,1
P01818,A03167,8
P01819,A01215,1
P01820,A05448,1
P01820,A05449,2
P01820,A05450,3
P01820,A05451,4
P01820,A05452,5
P01820,A05453,6
P01820,A05454,7
P01820,A05455,8
P01820,A05456,9
P01821,A02208,7
P01821,A02209,3
P01821,A03062,2
P01821,A05457,1
P01821,A05458,4
P01821,A05459,5
P01821,A05460,6
P01821,A05461,8
P01822,A04869,3
P01822,A05377,1
P01822,A05462,2
P01822,A05463,4
P01823,A01147,4
P01823,A01148,2
P01823,A01149,3
P01823,A05464,1
P01823,A05465,5
P01824,A00580,2
P01824,A00610,4
P01824,A03791,1
P01824,A05466,3
P01825,A00023,3
P01825,A00051,9
P01825,A00170,12
P01825,A00255,5
P01825,A00564,6
P01825,A00674,10
P01825,A00772,2
P01825,A02320,4
P01825,A04109,7
P01825,A04870,8
P01825,A05467,1
P01825,A05468,11
P01826,A02634,3
P01826,A03373,1
P01826,A03935,2
P01827,A05469,1
P01827,A05470,2
P01827,A05471,3
P01827,A05472,4
P01828,A02230,5
P01828,A05201,6
P01828,A05473,1
P01828,A05474,2
P01828,A05475,3
P01828,A05476,4
P01829,A05477,1
P01829,A05478,2
P01829,A05479,3
P01829,A05480,4
P01830,A05481,1
P01830,A05482,2
P01830,A05483,3
P01830,A05484,4
P01830,A05485,5
P01831,A02780,5
P01831,A04665,1
P01831,A05486,2
P01831,A05487,3
P01831,A05488,4
P01831,A05489,6
P01832,A02559,1
P01832,A04779,2
P01832,A05490,3
P01833,A01024,1
P01833,A05491,2
P01833,A05492,3
P01833,A05493,4
P01834,A02911,1
P01834,A05494,2
P01834,A05495,3
P01834,A05496,4
P01834,A05497,5
P01834,A05498,6
P01835,A05499,1
P01835,A05500,2
P01836,A02208,3
P01836,A02211,5
P01836,A02280,2
P01836,A03062,4
P01836,A05501,1
P01837,A05502,1
P01837,A05503,2
P01837,A05504,3
P01837,A05505,4
P01837,A05506,5
P01838,A00157,2
P01838,A00780,3
P01838,A01098,5
P01838,A02648,4
P01838,A05148,1
P01838,A05149,8
P01838,A05284,7
P01838,A05507,6
P01838,A05508,9
P01839,A00125,2
P01839,A00133,10
P01839,A00134,8
P01839,A00233,13
P01839,A00563,11
P01839,A00664,23
P01839,A00865,7
P01839,A01389,1
P01839,A02782,5
P01839,A03773,20
P01839,A04784,12
P01839,A04877,21
P01839,A05509,3
P01839,A05510,4
P01839,A05511,6
P01839,A05512,9
P01839,A05513,14
P01839,A05514,15
P01839,A05515,16
P01839,A05516,17
P01839,A05517,18
P01839,A05518,19
P01839,A05519,22
P01839,A05520,24
P01839,A05521,25
P01840,A00229,6
P01840,A01253,5
P01840,A01254,4
P01840,A01713,2
P01840,A05522,1
P01840,A05523,3
P01840,A05524,7
P01841,A01967,1
P01841,A03490,2
P01841,A03492,3
P01841,A03493,5
P01841,A05525,4
P01842,A05526,1
P01842,A05527,2
P01843,A01050,2
P01843,A01051,3
P01843,A02433,6
P01843,A03781,4
P01843,A05528,1
P01843,A05529,5
P01844,A05530,1
P01844,A05531,2
P01844,A05532,3
P01844,A05533,4
P01845,A05534,1
P01846,A05535,1
P01846,A05536,2
P01846,A05537,3
P01846,A05538,4
P01847,A00031,1
P01847,A00032,2
P01848,A05539,1
P01848,A05540,2
P01848,A05541,3
P01849,A00023,7
P01849,A00733,8
P01849,A00867,2
P01849,A01374,9
P01849,A01732,3
P01849,A02222,10
P01849,A02320,1
P01849,A02821,4
P01849,A04522,6
P01849,A05542,5
P01850,A00255,10
P01850,A00375,13
P01850,A00824,11
P01850,A01105,5
P01850,A01160,16
P01850,A02638,6
P01850,A04332,7
P01850,A05543,1
P01850,A05544,2
P01850,A05545,3
P01850,A05546,4
P01850,A05547,8
P01850,A05548,9
P01850,A05549,12
P01850,A05550,14
P01850,A05551,15
P01851,A00249,5
P01851,A00564,6
P01851,A00648,10
P01851,A00649,7
P01851,A00650,8
P01851,A00859,14
P01851,A00881,2
P01851,A00970,15
P01851,A01087,9
P01851,A01126,4
P01851,A01250,12
P01851,A01317,13
P01851,A02540,1
P01851,A02541,3
P01851,A03153,11
P01851,A03845,16
P01851,A04734,17
P01851,A05552,18
P01852,A04624,1
P01852,A04719,3
P01852,A05553,2
P01852,A05554,4
P01853,A00054,3
P01853,A00930,2
P01853,A03699,4
P01853,A03700,5
P01853,A04917,1
P01854,A02982,7
P01854,A03637,5
P01854,A03760,6
P01854,A04489,2
P01854,A04490,3
P01854,A04539,1
P01854,A05555,4
P01855,A00154,7
P01855,A00276,8
P01855,A01784,2
P01855,A01792,4
P01855,A02340,6
P01855,A02512,1
P01855,A02524,11
P01855,A02700,16
P01855,A02703,15
P01855,A04468,12
P01855,A04469,13
P01855,A04938,14
P01855,A04939,19
P01855,A04940,18
P01855,A04941,20
P01855,A04942,17
P01855,A04943,3
P01855,A04944,5
P01855,A05556,9
P01855,A05557,10
P01856,A00018,4
P01856,A00021,3
P01856,A00251,2
P01856,A00718,5
P01856,A05558,1
P01857,A01672,1
P01857,A02357,2
P01857,A04192,3
P01858,A03628,3
P01858,A05559,1
P01858,A05560,2
P01859,A03631,2
P01859,A05561,1
P01859,A05562,3
P01860,A05563,1
P01860,A05564,2
P01860,A05565,3
P01860,A05566,4
P01860,A05567,5
P01860,A05568,6
P01860,A05569,7
P01861,A00953,1
P01861,A00954,2
P01862,A00157,2
P01862,A00195,11
P01862,A00776,12
P01862,A01420,7
P01862,A01423,9
P01862,A01507,3
P01862,A02412,4
P01862,A03250,5
P01862,A03345,10
P01862,A04439,8
P01862,A05394,13
P01862,A05507,1
P01862,A05570,6
P01862,A05571,14
P01863,A00116,3
P01863,A00640,1
P01863,A02400,2
P01864,A01267,6
P01864,A01374,4
P01864,A02222,9
P01864,A03072,5
P01864,A04125,7
P01864,A04811,2
P01864,A05055,1
P01864,A05151,3
P01864,A05152,8
P01865,A05572,1
P01865,A05573,2
P01865,A05574,3
P01865,A05575,4
P01865,A05576,5
P01866,A00319,1
P01866,A02455,2
P01866,A05577,3
P01867,A05578,1
P01867,A05579,2
P01867,A05580,3
P01867,A05581,4
P01867,A05582,5
P01868,A05583,1
P01868,A05584,2
P01868,A05585,3
P01869,A02267,3
P01869,A04579,1
P01869,A04581,4
P01869,A05396,2
P01870,A00733,3
P01870,A00926,1
P01870,A01076,4
P01870,A01081,2
P01870,A04866,6
P01870,A05073,5
P01871,A03621,1
P01871,A04346,3
P01871,A05586,2
P01872,A04611,2
P01872,A04813,1
P01873,A05587,1
P01873,A05588,2
P01873,A05589,3
P01873,A05590,4
P01874,A05591,1
P01874,A05592,2
P01874,A05593,3
P01874,A05594,4
P01874,A05595,5
P01874,A05596,6
P01874,A05597,7
P01875,A00021,11
P01875,A00180,10
P01875,A00848,13
P01875,A01420,1
P01875,A01421,14
P01875,A01422,9
P01875,A01423,12
P01875,A02472,7
P01875,A04437,4
P01875,A04439,6
P01875,A04473,2
P01875,A04650,3
P01875,A05598,5
P01875,A05599,8
P01876,A00170,5
P01876,A00287,1
P01876,A02408,8
P01876,A04187,4
P01876,A04191,7
P01876,A05377,9
P01876,A05600,2
P01876,A05601,3
P01876,A05602,6
P01877,A00054,3
P01877,A00930,2
P01877,A03699,1
P01878,A03760,2
P01878,A05603,1
P01879,A01824,3
P01879,A01827,5
P01879,A02116,4
P01879,A02573,1
P01879,A05604,2
P01880,A00158,5
P01880,A01283,6
P01880,A04219,8
P01880,A04669,2
P01880,A04670,1
P01880,A05605,3
P01880,A05606,4
P01880,A05607,7
P01881,A00068,4
P01881,A00103,5
P01881,A00158,1
P01881,A04822,2
P01881,A04823,3
P01882,A00068,7
P01882,A00158,2
P01882,A00159,1
P01882,A00255,10
P01882,A00351,8
P01882,A00564,9
P01882,A00672,4
P01882,A02262,5
P01882,A02374,3
P01882,A03664,6
P01883,A02265,3
P01883,A02877,2
P01883,A05608,1
P01884,A01303,2
P01884,A05609,1
P01885,A03109,2
P01885,A04147,1
P01885,A05610,3
P01885,A05611,4
P01886,A00188,3
P01886,A00214,5
P01886,A01283,4
P01886,A02220,2
P01886,A02221,6
P01886,A03126,1
P01887,A04624,1
P01887,A04718,4
P01887,A04719,5
P01887,A05072,7
P01887,A05612,2
P01887,A05613,3
P01887,A05614,6
P01888,A03252,2
P01888,A05615,1
P01888,A05616,3
P01889,A05106,1
P01889,A05107,4
P01889,A05108,5
P01889,A05617,2
P01889,A05618,3
P01890,A00067,3
P01890,A00101,1
P01890,A00160,4
P01890,A00703,5
P01890,A05619,2
P01891,A04833,1
P01891,A04834,2
P01891,A04835,3
P01892,A05620,1
P01892,A05621,2
P01892,A05622,3
P01893,A01727,3
P01893,A01730,5
P01893,A02656,4
P01893,A04484,2
P01893,A04865,7
P01893,A05623,1
P01893,A05624,6
P01894,A00067,2
P01894,A01797,1
P01894,A02642,3
P01895,A01927,2
P01895,A05625,1
P01896,A00276,6
P01896,A01784,2
P01896,A01792,4
P01896,A02340,5
P01896,A02512,1
P01896,A02700,9
P01896,A02703,8
P01896,A04943,3
P01896,A05556,7
P01897,A04307,5
P01897,A05626,1
P01897,A05627,2
P01897,A05628,3
P01897,A05629,4
P01897,A05630,6
P01897,A05631,7
P01898,A01812,8
P01898,A03688,7
P01898,A04027,1
P01898,A04629,4
P01898,A05094,3
P01898,A05095,2
P01898,A05632,5
P01898,A05633,6
P01899,A05634,1
P01899,A05635,2
P01899,A05636,3
P01899,A05637,4
P01899,A05638,5
P01899,A05639,6
P01900,A05640,1
P01900,A05641,2
P01900,A05642,3
P01901,A02492,2
P01901,A04786,3
P01901,A05643,1
P01902,A02138,1
P01902,A03692,2
P01902,A03693,4
P01902,A03694,6
P01902,A04564,3
P01902,A04638,8
P01902,A05131,7
P01902,A05132,5
P01903,A05644,1
P01903,A05645,2
P01904,A01233,1
P01904,A01934,5
P01904,A03407,4
P01904,A05572,12
P01904,A05576,2
P01904,A05646,3
P01904,A05647,6
P01904,A05648,7
P01904,A05649,8
P01904,A05650,9
P01904,A05651,10
P01904,A05652,11
P01904,A05653,13
P01905,A02472,2
P01905,A03181,4
P01905,A05102,1
P01905,A05654,3
P01906,A05655,1
P01906,A05656,2
P01906,A05657,3
P01906,A05658,4
P01906,A05659,5
P01907,A00185,3
P01907,A00388,2
P01907,A05660,1
P01908,A00714,1
P01908,A05661,2
P01908,A05662,3
P01908,A05663,4
P01908,A05664,5
P01908,A05665,6
P01908,A05666,7
P01909,A02208,2
P01909,A02209,5
P01909,A03825,1
P01909,A04267,3
P01909,A05667,4
P01909,A05668,6
P01909,A05669,7
P01910,A00876,2
P01910,A05670,1
P01911,A00067,1
P01911,A00068,5
P01911,A00101,2
P01911,A00158,9
P01911,A00671,6
P01911,A01925,11
P01911,A02577,10
P01911,A04631,4
P01911,A05671,3
P01911,A05672,7
P01911,A05673,8
P01912,A02491,4
P01912,A03074,2
P01912,A05674,1
P01912,A05675,3
P01912,A05676,5
P01912,A05677,6
P01913,A00081,4
P01913,A00158,1
P01913,A00160,3
P01913,A00351,5
P01913,A00671,2
P01914,A00254,2
P01914,A05678,1
P01915,A00213,2
P01915,A01875,1
P01916,A05679,1
P01916,A05680,2
P01916,A05681,3
P01916,A05682,4
P01916,A05683,5
P01916,A05684,6
P01916,A05685,7
P01916,A05686,8
P01916,A05687,9
P01916,A05688,10
P01916,A05689,11
P01916,A05690,12
P01916,A05691,13
P01916,A05692,14
P01916,A05693,15
P01917,A00251,3
P01917,A01730,5
P01917,A01976,4
P01917,A02438,8
P01917,A02913,1
P01917,A02914,6
P01917,A04166,10
P01917,A04473,9
P01917,A04671,2
P01917,A05397,11
P01917,A05694,7
P01918,A05695,1
P01918,A05696,2
P01918,A05697,3
P01918,A05698,4
P01918,A05699,5
P01918,A05700,6
P01918,A05701,7
P01918,A05702,8
P01918,A05703,9
P01918,A05704,10
P01919,A00672,2
P01919,A04219,4
P01919,A04674,5
P01919,A05705,1
P01919,A05706,3
P01920,A00188,4
P01920,A02408,3
P01920,A03401,2
P01920,A05707,1
P01920,A05708,5
P01920,A05709,6
P01921,A04452,5
P01921,A04490,1
P01921,A04952,2
P01921,A05710,3
P01921,A05711,4
P01921,A05712,6
P01921,A05713,7
P01922,A01175,2
P01922,A02591,5
P01922,A05714,1
P01922,A05715,3
P01922,A05716,4
P01923,A05717,1
P01923,A05718,2
P01923,A05719,3
P01923,A05720,4
P01924,A04648,3
P01924,A04649,1
P01924,A04650,5
P01924,A04651,4
P01924,A05721,2
P01925,A05722,1
P01925,A05723,2
P01925,A05724,3
P01925,A05725,4
P01925,A05726,5
P01925,A05727,6
P01925,A05728,7
P01925,A05729,8
P01925,A05730,9
P01925,A05731,10
P01925,A05732,11
P01926,A00891,2
P01926,A04622,4
P01926,A04623,3
P01926,A05733,1
P01926,A05734,5
P01927,A00067,4
P01927,A00101,1
P01927,A00160,5
P01927,A00703,3
P01927,A05735,2
P01928,A05736,1
P01928,A05737,2
P01928,A05738,3
P01928,A05739,4
P01929,A04043,1
P01929,A04044,3
P01929,A04073,2
P01929,A04489,5
P01929,A04491,7
P01929,A04538,4
P01929,A04539,6
P01930,A05232,4
P01930,A05740,1
P01930,A05741,2
P01930,A05742,3
P01931,A00345,8
P01931,A00374,4
P01931,A00703,5
P01931,A02127,6
P01931,A04145,3
P01931,A04219,2
P01931,A04722,7
P01931,A05743,1
P01932,A03693,1
P01933,A03239,5
P01933,A05054,3
P01933,A05744,1
P01933,A05745,2
P01933,A05746,4
P01934,A01267,7
P01934,A05055,1
P01934,A05151,2
P01934,A05152,6
P01934,A05747,3
P01934,A05748,4
P01934,A05749,5
P01935,A05750,1
P01935,A05751,2
P01935,A05752,3
P01935,A05753,4
P01936,A05754,1
P01936,A05755,2
P01936,A05756,3
P01937,A00212,4
P01937,A02866,1
P01937,A05059,2
P01937,A05757,3
P01938,A04043,3
P01938,A04044,2
P01938,A04073,4
P01938,A04489,1
P01938,A04490,10
P01938,A04539,5
P01938,A05758,6
P01938,A05759,7
P01938,A05760,8
P01938,A05761,9
P01939,A05477,3
P01939,A05478,2
P01939,A05762,1
P01939,A05763,4
P01939,A05764,5
P01940,A01566,3
P01940,A02116,2
P01940,A05765,1
P01941,A03587,5
P01941,A04763,3
P01941,A04764,2
P01941,A04765,4
P01941,A05766,1
P01941,A05767,6
P01941,A05768,7
P01942,A00066,4
P01942,A01267,7
P01942,A01488,6
P01942,A01797,3
P01942,A02516,5
P01942,A02570,2
P01942,A04956,1
P01943,A00704,7
P01943,A01076,2
P01943,A01324,5
P01943,A01727,4
P01943,A03347,6
P01943,A04484,1
P01943,A05769,3
P01943,A05770,8
P01943,A05771,9
P01944,A05772,1
P01944,A05773,2
P01944,A05774,3
P01944,A05775,4
P01944,A05776,5
P01944,A05777,6
P01944,A05778,7
P01944,A05779,8
P01944,A05780,9
P01945,A02186,2
P01945,A02187,1
P01945,A02491,4
P01945,A04525,3
P01945,A05781,5
P01946,A05157,2
P01946,A05782,1
P01946,A05783,3
P01947,A05784,1
P01947,A05785,2
P01947,A05786,3
P01947,A05787,4
P01947,A05788,5
P01948,A05789,1
P01948,A05790,2
P01948,A05791,3
P01948,A05792,4
P01949,A03587,5
P01949,A04763,3
P01949,A04764,2
P01949,A04765,4
P01949,A05766,1
P01949,A05767,6
P01949,A05768,7
P01950,A04257,4
P01950,A05793,1
P01950,A05794,2
P01950,A05795,3
P01950,A05796,5
P01950,A05797,6
P01950,A05798,7
P01950,A05799,8
P01951,A01001,4
P01951,A05682,1
P01951,A05800,2
P01951,A05801,3
P01951,A05802,5
P01952,A00124,5
P01952,A00128,2
P01952,A00196,4
P01952,A00801,6
P01952,A01141,3
P01952,A03512,7
P01952,A05803,1
P01953,A00359,2
P01953,A00987,5
P01953,A02980,4
P01953,A03076,3
P01953,A03409,1
P01954,A04950,3
P01954,A05804,1
P01954,A05805,2
P01954,A05806,4
P01955,A00018,5
P01955,A00671,3
P01955,A00718,4
P01955,A01062,2
P01955,A04845,6
P01955,A05807,1
P01956,A00158,10
P01956,A00159,11
P01956,A00212,5
P01956,A00319,8
P01956,A00334,9
P01956,A01287,12
P01956,A01430,1
P01956,A02555,4
P01956,A03152,3
P01956,A03153,7
P01956,A03600,6
P01956,A05808,2
P01957,A01126,2
P01957,A05809,1
P01958,A05810,1
P01958,A05811,2
P01958,A05812,3
P01958,A05813,4
P01959,A05814,1
P01959,A05815,2
P01959,A05816,3
P01959,A05817,4
P01960,A05011,1
P01960,A05697,2
P01960,A05818,3
P01961,A03110,2
P01961,A04596,5
P01961,A05233,3
P01961,A05819,1
P01961,A05820,4
P01961,A05821,6
P01961,A05822,7
P01961,A05823,8
P01962,A00231,17
P01962,A00249,3
P01962,A00253,19
P01962,A00564,10
P01962,A00816,7
P01962,A00819,13
P01962,A00822,6
P01962,A00881,20
P01962,A00883,11
P01962,A01087,8
P01962,A02245,14
P01962,A02340,12
P01962,A02522,21
P01962,A02525,18
P01962,A02812,16
P01962,A02813,15
P01962,A03250,2
P01962,A03324,22
P01962,A03559,9
P01962,A04727,4
P01962,A04728,5
P01962,A04986,1
P01963,A00231,11
P01963,A00249,9
P01963,A00460,2
P01963,A00786,8
P01963,A02245,13
P01963,A02812,10
P01963,A02813,12
P01963,A05824,1
P01963,A05825,3
P01963,A05826,4
P01963,A05827,5
P01963,A05828,6
P01963,A05829,7
P01963,A05830,14
P01964,A00054,4
P01964,A00170,2
P01964,A04146,1
P01964,A04647,3
P01964,A05831,5
P01964,A05832,6
P01965,A04228,5
P01965,A04712,1
P01965,A05833,2
P01965,A05834,3
P01965,A05835,4
P01965,A05836,6
P01966,A01377,4
P01966,A02177,5
P01966,A05837,1
P01966,A05838,2
P01966,A05839,3
P01967,A00023,5
P01967,A00031,20
P01967,A00032,22
P01967,A00067,39
P01967,A00116,8
P01967,A00249,35
P01967,A00374,24
P01967,A00390,31
P01967,A00627,17
P01967,A00674,16
P01967,A00754,30
P01967,A00774,45
P01967,A00801,4
P01967,A00883,12
P01967,A00911,33
P01967,A00926,28
P01967,A01077,29
P01967,A01158,13
P01967,A01214,50
P01967,A01244,9
P01967,A01389,11
P01967,A01683,15
P01967,A01902,27
P01967,A01938,34
P01967,A02191,23
P01967,A02263,10
P01967,A02400,43
P01967,A02424,1
P01967,A04043,48
P01967,A04085,49
P01967,A04097,46
P01967,A04480,21
P01967,A04899,40
P01967,A04926,14
P01967,A05840,2
P01967,A05841,3
P01967,A05842,6
P01967,A05843,7
P01967,A05844,18
P01967,A05845,19
P01967,A05846,25
P01967,A05847,26
P01967,A05848,32
P01967,A05849,36
P01967,A05850,37
P01967,A05851,38
P01967,A05852,41
P01967,A05853,42
P01967,A05854,44
P01967,A05855,47
P01967,A05856,51
P01967,A05857,52
P01967,A05858,53
P01967,A05859,54
P01967,A05860,55
P01967,A05861,56
P01967,A05862,57
P01967,A05863,58
P01967,A05864,59
P01967,A05865,60
P01967,A05866,61
P01967,A05867,62
P01967,A05868,63
P01967,A05869,64
P01967,A05870,65
P01967,A05871,66
P01967,A05872,67
P01967,A05873,68
P01967,A05874,69
P01967,A05875,70
P01967,A05876,71
P01967,A05877,72
P01967,A05878,73
P01967,A05879,74
P01967,A05880,75
P01967,A05881,76
P01967,A05882,77
P01967,A05883,78
P01967,A05884,79
P01967,A05885,80
P01967,A05886,81
P01968,A00029,10
P01968,A00524,1
P01968,A02198,3
P01968,A03265,8
P01968,A03267,2
P01968,A04173,9
P01968,A05887,4
P01968,A05888,5
P01968,A05889,6
P01968,A05890,7
P01969,A05891,1
P01969,A05892,2
P01969,A05893,3
P01969,A05894,4
P01969,A05895,5
P01970,A05591,1
P01970,A05592,3
P01970,A05593,2
P01970,A05594,4
P01970,A05595,5
P01970,A05596,6
P01970,A05597,7
P01971,A00018,3
P01971,A00021,2
P01971,A00070,10
P01971,A00170,7
P01971,A00181,4
P01971,A00251,1
P01971,A00389,8
P01971,A00622,15
P01971,A00718,11
P01971,A00768,12
P01971,A02575,9
P01971,A03238,14
P01971,A04187,5
P01971,A04956,16
P01971,A05896,6
P01971,A05897,13
P01972,A00419,2
P01972,A00622,3
P01972,A01489,1
P01972,A02559,5
P01972,A04262,4
P01973,A05898,1
P01973,A05899,2
P01973,A05900,3
P01973,A05901,4
P01974,A00031,1
P01974,A00223,3
P01974,A00700,4
P01974,A03234,2
P01974,A05902,5
P01975,A00212,2
P01975,A03600,3
P01975,A05903,1
P01976,A00074,3
P01976,A00186,6
P01976,A00950,2
P01976,A03819,4
P01976,A05904,1
P01976,A05905,5
P01976,A05906,7
P01976,A05907,8
P01977,A00103,4
P01977,A03176,3
P01977,A03177,2
P01977,A05908,1
P01978,A00051,7
P01978,A00542,6
P01978,A01422,2
P01978,A03103,5
P01978,A05909,1
P01978,A05910,3
P01978,A05911,4
P01979,A00538,3
P01979,A02158,1
P01979,A04301,5
P01979,A04307,12
P01979,A04606,6
P01979,A04711,11
P01979,A04713,8
P01979,A05912,2
P01979,A05913,4
P01979,A05914,7
P01979,A05915,9
P01979,A05916,10
P01979,A05917,13
P01980,A05918,1
P01980,A05919,2
P01981,A00953,1
P01981,A00954,2
P01982,A00158,3
P01982,A00159,2
P01982,A00160,7
P01982,A00672,6
P01982,A02374,4
P01982,A03664,1
P01982,A04188,5
P01983,A05920,1
P01983,A05921,2
P01983,A05922,3
P01983,A05923,4
P01983,A05924,5
P01983,A05925,6
P01984,A01173,3
P01984,A02009,1
P01984,A02011,2
P01984,A02012,11
P01984,A02014,9
P01984,A02016,13
P01984,A02017,14
P01984,A02018,15
P01984,A02019,16
P01984,A02020,17
P01984,A02207,7
P01984,A02579,6
P01984,A02581,5
P01984,A04322,12
P01984,A04324,18
P01984,A05926,4
P01984,A05927,8
P01984,A05928,10
P01985,A04712,1
P01985,A05833,3
P01985,A05834,2
P01985,A05835,6
P01985,A05929,4
P01985,A05930,5
P01986,A04752,1
P01986,A04755,2
P01986,A05931,3
P01987,A03019,7
P01987,A03804,2
P01987,A03805,4
P01987,A03832,1
P01987,A05019,5
P01987,A05020,8
P01987,A05021,9
P01987,A05023,11
P01987,A05932,3
P01987,A05933,6
P01987,A05934,10
P01988,A01136,2
P01988,A05935,1
P01988,A05936,3
P01988,A05937,4
P01988,A05938,5
P01988,A05939,6
P01988,A05940,7
P01989,A04850,4
P01989,A05941,1
P01989,A05942,2
P01989,A05943,3
P01989,A05944,5
P01989,A05945,6
P01990,A00052,3
P01990,A00649,9
P01990,A01820,1
P01990,A02249,4
P01990,A02520,5
P01990,A02816,6
P01990,A05946,2
P01990,A05947,7
P01990,A05948,8
P01990,A05949,10
P01991,A04320,5
P01991,A05233,1
P01991,A05950,2
P01991,A05951,3
P01991,A05952,4
P01991,A05953,6
P01991,A05954,7
P01991,A05955,8
P01992,A05956,1
P01992,A05957,2
P01992,A05958,3
P01993,A00180,9
P01993,A00185,8
P01993,A00315,2
P01993,A00672,4
P01993,A02591,1
P01993,A02782,7
P01993,A03304,5
P01993,A05510,3
P01993,A05959,6
P01994,A00253,5
P01994,A00564,2
P01994,A00877,4
P01994,A00883,8
P01994,A01040,9
P01994,A01240,3
P01994,A02242,6
P01994,A02257,7
P01994,A05960,1
P01995,A00880,1
P01995,A01318,4
P01995,A02855,2
P01995,A05378,3
P01996,A00953,1
P01996,A00954,2
P01997,A00128,2
P01997,A02407,4
P01997,A04184,1
P01997,A04947,3
P01997,A05961,5
P01997,A05962,6
P01997,A05963,7
P01997,A05964,8
P01998,A02559,1
P01998,A04779,2
P01998,A05490,3
P01999,A00170,4
P01999,A00181,1
P01999,A00251,3
P01999,A00718,2
P02000,A00031,3
P02000,A00181,1
P02000,A00718,2
P02001,A05965,1
P02001,A05966,2
P02001,A05967,3
P02001,A05968,4
P02002,A03103,1
P02002,A03104,2
P02002,A05969,3
P02002,A05970,4
P02003,A00157,7
P02003,A00197,6
P02003,A00817,3
P02003,A01098,4
P02003,A02647,1
P02003,A02648,2
P02003,A02650,5
P02003,A02652,11
P02003,A03167,9
P02003,A05971,8
P02003,A05972,10
P02004,A00093,5
P02004,A01754,1
P02004,A01784,6
P02004,A02333,4
P02004,A02340,16
P02004,A02512,2
P02004,A02524,14
P02004,A02700,12
P02004,A02703,11
P02004,A04468,19
P02004,A04469,18
P02004,A04938,10
P02004,A04939,15
P02004,A04940,13
P02004,A04941,17
P02004,A05557,8
P02004,A05973,3
P02004,A05974,7
P02004,A05975,9
P02005,A00018,6
P02005,A00186,7
P02005,A00640,2
P02005,A00734,4
P02005,A01052,5
P02005,A02400,3
P02005,A05976,1
P02006,A01009,2
P02006,A01148,5
P02006,A02177,3
P02006,A04650,4
P02006,A04768,1
P02006,A05977,6
P02006,A05978,7
P02007,A00070,5
P02007,A00073,2
P02007,A00081,7
P02007,A00158,1
P02007,A00160,6
P02007,A00351,8
P02007,A02791,3
P02007,A04498,4
P02008,A05979,1
P02008,A05980,2
P02009,A00117,3
P02009,A00914,2
P02009,A03512,4
P02009,A05981,1
P02009,A05982,5
P02010,A00103,16
P02010,A00197,9
P02010,A03168,7
P02010,A03303,15
P02010,A04328,6
P02010,A04339,18
P02010,A04700,1
P02010,A04701,2
P02010,A04702,3
P02010,A04703,5
P02010,A04704,4
P02010,A04920,10
P02010,A05181,8
P02010,A05983,11
P02010,A05984,12
P02010,A05985,13
P02010,A05986,14
P02010,A05987,17
P02011,A00170,2
P02011,A00180,6
P02011,A01161,4
P02011,A02934,5
P02011,A04103,3
P02011,A04147,7
P02011,A04262,1
P02012,A05988,1
P02012,A05989,2
P02012,A05990,3
P02012,A05991,4
P02013,A00275,4
P02013,A01823,1
P02013,A01824,2
P02013,A05992,3
P02014,A05993,1
P02014,A05994,2
P02014,A05995,3
P02014,A05996,4
P02014,A05997,5
P02014,A05998,6
P02015,A00193,8
P02015,A00229,7
P02015,A00905,6
P02015,A01289,5
P02015,A02530,2
P02015,A03711,3
P02015,A04404,4
P02015,A05999,1
P02016,A00128,2
P02016,A00160,3
P02016,A00199,7
P02016,A01141,5
P02016,A03512,4
P02016,A05803,1
P02016,A06000,6
P02017,A02681,6
P02017,A04572,4
P02017,A06001,1
P02017,A06002,2
P02017,A06003,3
P02017,A06004,5
P02017,A06005,7
P02017,A06006,8
P02018,A01267,3
P02018,A05055,1
P02018,A05151,2
P02018,A05747,4
P02018,A05748,5
P02019,A00351,3
P02019,A00388,2
P02019,A00718,5
P02019,A02340,4
P02019,A06007,1
P02020,A00255,6
P02020,A00564,3
P02020,A01317,4
P02020,A01451,5
P02020,A06008,1
P02020,A06009,2
P02021,A00073,2
P02021,A00081,7
P02021,A00101,12
P02021,A00672,14
P02021,A01256,5
P02021,A02032,6
P02021,A02374,1
P02021,A03059,3
P02021,A04163,8
P02021,A04188,9
P02021,A04314,13
P02021,A04320,4
P02021,A06010,10
P02021,A06011,11
P02022,A04616,1
P02022,A04618,4
P02022,A04620,3
P02022,A06012,2
P02023,A00780,10
P02023,A02369,5
P02023,A02783,8
P02023,A03214,9
P02023,A04577,3
P02023,A06013,1
P02023,A06014,2
P02023,A06015,4
P02023,A06016,6
P02023,A06017,7
P02024,A00812,5
P02024,A05054,3
P02024,A05744,1
P02024,A05745,4
P02024,A05746,2
P02025,A00097,2
P02025,A01730,3
P02025,A05623,1
P02026,A05620,1
P02026,A05621,2
P02026,A06018,3
P02026,A06019,4
P02027,A00128,4
P02027,A00196,3
P02027,A00664,6
P02027,A00781,2
P02027,A03160,1
P02027,A06020,5
P02027,A06021,7
P02027,A06022,8
P02028,A00103,3
P02028,A00158,2
P02028,A00394,5
P02028,A02204,1
P02028,A04099,4
P02029,A00162,1
P02029,A01095,9
P02029,A02806,4
P02029,A03713,8
P02029,A04379,5
P02029,A05886,12
P02029,A06023,2
P02029,A06024,3
P02029,A06025,6
P02029,A06026,7
P02029,A06027,10
P02029,A06028,11
P02029,A06029,13
P02029,A06030,14
P02029,A06031,15
P02030,A00101,2
P02030,A00102,6
P02030,A00103,4
P02030,A00158,8
P02030,A00780,5
P02030,A02032,1
P02030,A02204,3
P02030,A02374,7
P02030,A04099,9
P02030,A04419,11
P02030,A05044,10
P02031,A00052,2
P02031,A01820,1
P02031,A02520,4
P02031,A02816,5
P02031,A05947,6
P02031,A05949,7
P02031,A06032,3
P02032,A00315,5
P02032,A00672,3
P02032,A00674,6
P02032,A02101,4
P02032,A02591,1
P02032,A05510,2
P02033,A02647,7
P02033,A06033,1
P02033,A06034,2
P02033,A06035,3
P02033,A06036,4
P02033,A06037,5
P02033,A06038,6
P02033,A06039,8
P02033,A06040,9
P02033,A06041,10
P02034,A00157,2
P02034,A03167,4
P02034,A03217,8
P02034,A03823,3
P02034,A06042,1
P02034,A06043,5
P02034,A06044,6
P02034,A06045,7
P02035,A01142,2
P02035,A02467,1
P02036,A00128,2
P02036,A02467,1
P02037,A01368,180
P02037,A01470,84
P02037,A01484,169
P02037,A06046,1
P02037,A06047,2
P02037,A06048,3
P02037,A06049,4
P02037,A06050,5
P02037,A06051,6
P02037,A06052,7
P02037,A06053,8
P02037,A06054,9
P02037,A06055,10
P02037,A06056,11
P02037,A06057,12
P02037,A06058,13
P02037,A06059,14
P02037,A06060,15
P02037,A06061,16
P02037,A06062,17
P02037,A06063,18
P02037,A06064,19
P02037,A06065,20
P02037,A06066,21
P02037,A06067,22
P02037,A06068,23
P02037,A06069,24
P02037,A06070,25
P02037,A06071,26
P02037,A06072,27
P02037,A06073,28
P02037,A06074,29
P02037,A06075,30
P02037,A06076,31
P02037,A06077,32
P02037,A06078,33
P02037,A06079,34
P02037,A06080,35
P02037,A06081,36
P02037,A06082,37
P02037,A06083,38
P02037,A06084,39
P02037,A06085,40
P02037,A06086,41
P02037,A06087,42
P02037,A06088,43
P02037,A06089,44
P02037,A06090,45
P02037,A06091,46
P02037,A06092,47
P02037,A06093,48
P02037,A06094,49
P02037,A06095,50
P02037,A06096,51
P02037,A06097,52
P02037,A06098,53
P02037,A06099,54
P02037,A06100,55
P02037,A06101,56
P02037,A06102,57
P02037,A06103,58
P02037,A06104,59
P02037,A06105,60
P02037,A06106,61
P02037,A06107,62
P02037,A06108,63
P02037,A06109,64
P02037,A06110,65
P02037,A06111,66
P02037,A06112,67
P02037,A06113,68
P02037,A06114,69
P02037,A06115,70
P02037,A06116,71
P02037,A06117,72
P02037,A06118,73
P02037,A06119,74
P02037,A06120,75
P02037,A06121,76
P02037,A06122,77
P02037,A06123,78
P02037,A06124,79
P02037,A06125,80
P02037,A06126,81
P02037,A06127,82
P02037,A06128,83
P02037,A06129,85
P02037,A06130,86
P02037,A06131,87
P02037,A06132,88
P02037,A06133,89
P02037,A06134,90
P02037,A06135,91
P02037,A06136,92
P02037,A06137,93
P02037,A06138,94
P02037,A06139,95
P02037,A06140,96
P02037,A06141,97
P02037,A06142,98
P02037,A06143,99
P02037,A06144,100
P02037,A06145,101
P02037,A06146,102
P02037,A06147,103
P02037,A06148,104
P02037,A06149,105
P02037,A06150,106
P02037,A06151,107
P02037,A06152,108
P02037,A06153,109
P02037,A06154,110
P02037,A06155,111
P02037,A06156,112
P02037,A06157,113
P02037,A06158,114
P02037,A06159,115
P02037,A06160,116
P02037,A06161,117
P02037,A06162,118
P02037,A06163,119
P02037,A06164,120
P02037,A06165,121
P02037,A06166,122
P02037,A06167,123
P02037,A06168,124
P02037,A06169,125
P02037,A06170,126
P02037,A06171,127
P02037,A06172,128
P02037,A06173,129
P02037,A06174,130
P02037,A06175,131
P02037,A06176,132
P02037,A06177,133
P02037,A06178,134
P02037,A06179,135
P02037,A06180,136
P02037,A06181,137
P02037,A06182,138
P02037,A06183,139
P02037,A06184,140
P02037,A06185,141
P02037,A06186,142
P02037,A06187,143
P02037,A06188,144
P02037,A06189,145
P02037,A06190,146
P02037,A06191,147
P02037,A06192,148
P02037,A06193,149
P02037,A06194,150
P02037,A06195,151
P02037,A06196,152
P02037,A06197,153
P02037,A06198,154
P02037,A06199,155
P02037,A06200,156
P02037,A06201,157
P02037,A06202,158
P02037,A06203,159
P02037,A06204,160
P02037,A06205,161
P02037,A06206,162
P02037,A06207,163
P02037,A06208,164
P02037,A06209,165
P02037,A06210,166
P02037,A06211,167
P02037,A06212,168
P02037,A06213,170
P02037,A06214,171
P02037,A06215,172
P02037,A06216,173
P02037,A06217,174
P02037,A06218,175
P02037,A06219,176
P02037,A06220,177
P02037,A06221,178
P02037,A06222,179
P02037,A06223,181
P02037,A06224,182
P02037,A06225,183
P02038,A04884,3
P02038,A04886,1
P02038,A04887,2
P02038,A04889,8
P02038,A04890,10
P02038,A04891,13
P02038,A06226,4
P02038,A06227,5
P02038,A06228,6
P02038,A06229,7
P02038,A06230,9
P02038,A06231,11
P02038,A06232,12
P02038,A06233,14
P02038,A06234,15
P02038,A06235,16
P02038,A06236,17
P02038,A06237,18
P02039,A03330,3
P02039,A05555,5
P02039,A06238,1
P02039,A06239,2
P02039,A06240,4
P02039,A06241,6
P02039,A06242,7
P02039,A06243,8
P02039,A06244,9
P02040,A00128,11
P02040,A00158,6
P02040,A00212,9
P02040,A00227,13
P02040,A00319,5
P02040,A00374,7
P02040,A01430,1
P02040,A02154,12
P02040,A02206,4
P02040,A02555,8
P02040,A03153,10
P02040,A06245,2
P02040,A06246,3
P02041,A06247,1
P02041,A06248,2
P02041,A06249,3
P02041,A06250,4
P02041,A06251,5
P02041,A06252,6
P02041,A06253,7
P02042,A01009,3
P02042,A01148,5
P02042,A02177,2
P02042,A04650,4
P02042,A04768,1
P02042,A05977,6
P02043,A00068,7
P02043,A00070,6
P02043,A00158,2
P02043,A00159,1
P02043,A00351,8
P02043,A00672,5
P02043,A02374,3
P02043,A03664,4
P02044,A06254,1
P02044,A06255,2
P02044,A06256,3
P02044,A06257,4
P02044,A06258,5
P02044,A06259,6
P02044,A06260,7
P02044,A06261,8
P02045,A00253,5
P02045,A00564,2
P02045,A00877,4
P02045,A00883,8
P02045,A01040,9
P02045,A01240,3
P02045,A01450,6
P02045,A02257,7
P02045,A05960,1
P02046,A00534,5
P02046,A02157,2
P02046,A02806,8
P02046,A06262,1
P02046,A06263,3
P02046,A06264,4
P02046,A06265,6
P02046,A06266,7
P02047,A00419,2
P02047,A00622,3
P02047,A01374,4
P02047,A01489,1
P02047,A02559,5
P02048,A06267,1
P02048,A06268,2
P02048,A06269,3
P02049,A02271,2
P02049,A02272,1
P02049,A04421,3
P02049,A06270,4
P02049,A06271,5
P02050,A00733,2
P02050,A02588,1
P02050,A06272,3
P02051,A00805,2
P02051,A00914,6
P02051,A00916,4
P02051,A03512,1
P02051,A06273,3
P02051,A06274,5
P02051,A06275,7
P02051,A06276,8
P02051,A06277,9
P02052,A01016,3
P02052,A01381,2
P02052,A06278,1
P02052,A06279,4
P02053,A01979,20
P02053,A04381,5
P02053,A06280,1
P02053,A06281,2
P02053,A06282,3
P02053,A06283,4
P02053,A06284,6
P02053,A06285,7
P02053,A06286,8
P02053,A06287,9
P02053,A06288,10
P02053,A06289,11
P02053,A06290,12
P02053,A06291,13
P02053,A06292,14
P02053,A06293,15
P02053,A06294,16
P02053,A06295,17
P02053,A06296,18
P02053,A06297,19
P02054,A06298,1
P02054,A06299,2
P02054,A06300,3
P02054,A06301,4
P02054,A06302,5
P02055,A00185,8
P02055,A02516,1
P02055,A02570,6
P02055,A04956,7
P02055,A05055,3
P02055,A06303,2
P02055,A06304,4
P02055,A06305,5
P02056,A00054,3
P02056,A00930,2
P02056,A03699,1
P02057,A00066,4
P02057,A01267,3
P02057,A01488,6
P02057,A01797,5
P02057,A02570,2
P02057,A04956,1
P02058,A00023,4
P02058,A00038,8
P02058,A00214,5
P02058,A01374,2
P02058,A01973,9
P02058,A02222,3
P02058,A04946,1
P02058,A04963,7
P02058,A05747,6
P02059,A00054,4
P02059,A00170,1
P02059,A00182,12
P02059,A01351,9
P02059,A01466,8
P02059,A01927,6
P02059,A02219,13
P02059,A02408,7
P02059,A02641,5
P02059,A03074,14
P02059,A03234,11
P02059,A04146,18
P02059,A04147,2
P02059,A04647,3
P02059,A05288,16
P02059,A06306,10
P02059,A06307,15
P02059,A06308,17
P02060,A02472,2
P02060,A05102,1
P02060,A05103,3
P02060,A06309,4
P02061,A00214,3
P02061,A02154,4
P02061,A04219,5
P02061,A04473,6
P02061,A06310,1
P02061,A06311,2
P02062,A03610,9
P02062,A06312,1
P02062,A06313,2
P02062,A06314,3
P02062,A06315,4
P02062,A06316,5
P02062,A06317,6
P02062,A06318,7
P02062,A06319,8
P02062,A06320,10
P02062,A06321,11
P02062,A06322,12
P02062,A06323,13
P02063,A00031,1
P02063,A00032,2
P02064,A04712,3
P02064,A05914,2
P02064,A06324,1
P02064,A06325,4
P02064,A06326,5
P02064,A06327,6
P02064,A06328,7
P02065,A00020,6
P02065,A00868,3
P02065,A02101,4
P02065,A05055,1
P02065,A05151,2
P02065,A06329,5
P02066,A02267,1
P02066,A04929,2
P02067,A01934,1
P02067,A04023,3
P02067,A06330,2
P02068,A00163,4
P02068,A00359,8
P02068,A00580,3
P02068,A00587,5
P02068,A03287,10
P02068,A03303,9
P02068,A03571,1
P02068,A03772,2
P02068,A03773,6
P02068,A06331,7
P02069,A00068,11
P02069,A00170,5
P02069,A01267,12
P02069,A04125,10
P02069,A04523,8
P02069,A05055,1
P02069,A05151,4
P02069,A05152,9
P02069,A05747,2
P02069,A05748,3
P02069,A06332,6
P02069,A06333,7
P02070,A00068,7
P02070,A01267,8
P02070,A04125,6
P02070,A04811,5
P02070,A05055,1
P02070,A05151,4
P02070,A05747,3
P02070,A05748,2
P02071,A00054,4
P02071,A00930,1
P02071,A03699,3
P02071,A04917,2
P02072,A00097,3
P02072,A00158,2
P02072,A00160,12
P02072,A00230,4
P02072,A00671,1
P02072,A00703,5
P02072,A00704,6
P02072,A01324,7
P02072,A03696,9
P02072,A04631,10
P02072,A06334,8
P02072,A06335,11
P02073,A00057,7
P02073,A00067,2
P02073,A00419,6
P02073,A01375,4
P02073,A02265,3
P02073,A02642,5
P02073,A06336,1
P02074,A00128,2
P02074,A00198,4
P02074,A00199,3
P02074,A02407,8
P02074,A04184,7
P02074,A05961,6
P02074,A05962,5
P02074,A06337,1
P02075,A02662,2
P02075,A06338,1
P02076,A05555,3
P02076,A06026,4
P02076,A06339,1
P02076,A06340,2
P02077,A02536,2
P02077,A06341,1
P02077,A06342,3
P02077,A06343,4
P02078,A03019,5
P02078,A03804,3
P02078,A03805,2
P02078,A03832,1
P02078,A05933,4
P02079,A00157,4
P02079,A00541,3
P02079,A00564,8
P02079,A01040,10
P02079,A01098,5
P02079,A01450,9
P02079,A02648,2
P02079,A05149,1
P02079,A05178,7
P02079,A05285,6
P02080,A00133,6
P02080,A02311,3
P02080,A04735,2
P02080,A05427,5
P02080,A06344,1
P02080,A06345,4
P02081,A00234,3
P02081,A06346,1
P02081,A06347,2
P02082,A00419,1
P02082,A00420,6
P02082,A01489,4
P02082,A02054,5
P02082,A04533,3
P02082,A06348,2
P02082,A06349,7
P02083,A06350,1
P02083,A06351,2
P02083,A06352,3
P02083,A06353,4
P02083,A06354,5
P02084,A03456,2
P02084,A05308,5
P02084,A06355,1
P02084,A06356,3
P02084,A06357,4
P02084,A06358,6
P02084,A06359,7
P02085,A06360,1
P02085,A06361,2
P02085,A06362,3
P02086,A06363,1
P02086,A06364,2
P02086,A06365,3
P02086,A06366,4
P02086,A06367,5
P02087,A06326,6
P02087,A06368,1
P02087,A06369,2
P02087,A06370,3
P02087,A06371,4
P02087,A06372,5
P02087,A06373,7
P02087,A06374,8
P02087,A06375,9
P02087,A06376,10
P02088,A00454,2
P02088,A06377,1
P02088,A06378,3
P02089,A00822,4
P02089,A03983,2
P02089,A06379,1
P02089,A06380,3
P02090,A00023,10
P02090,A00054,9
P02090,A00102,11
P02090,A00175,2
P02090,A02063,5
P02090,A03218,4
P02090,A04228,6
P02090,A04310,8
P02090,A04605,1
P02090,A04606,12
P02090,A06381,3
P02090,A06382,7
P02090,A06383,13
P02091,A03199,3
P02091,A04602,1
P02091,A04603,2
P02092,A01222,4
P02092,A06384,1
P02092,A06385,2
P02092,A06386,3
P02093,A06387,1
P02093,A06388,2
P02093,A06389,3
P02093,A06390,4
P02093,A06391,5
P02093,A06392,6
P02094,A00068,3
P02094,A00101,1
P02094,A01328,2
P02095,A00709,2
P02095,A00711,1
P02096,A06393,1
P02096,A06394,2
P02097,A06395,1
P02097,A06396,2
P02097,A06397,3
P02097,A06398,4
P02097,A06399,5
P02097,A06400,6
P02097,A06401,7
P02097,A06402,8
P02097,A06403,9
P02097,A06404,10
P02098,A00914,6
P02098,A00922,4
P02098,A05981,5
P02098,A06274,7
P02098,A06405,1
P02098,A06406,2
P02098,A06407,3
P02099,A00953,1
P02099,A00954,2
P02100,A06408,1
P02100,A06409,2
P02100,A06410,3
P02100,A06411,4
P02100,A06412,5
P02100,A06413,6
P02101,A00170,4
P02101,A03620,2
P02101,A06414,1
P02101,A06415,3
P02102,A04712,3
P02102,A06416,1
P02102,A06417,2
P02103,A00149,1
P02103,A00197,2
P02103,A00844,3
P02103,A02448,4
P02104,A00388,1
P02104,A00423,3
P02104,A04945,2
P02105,A00313,1
P02105,A00314,7
P02105,A00315,6
P02105,A00317,2
P02105,A00321,3
P02105,A00758,4
P02105,A01973,8
P02105,A06418,5
P02106,A01324,2
P02106,A01688,3
P02106,A04006,1
P02107,A03612,3
P02107,A06419,1
P02107,A06420,2
P02107,A06421,4
P02107,A06422,5
P02107,A06423,6
P02108,A06424,1
P02108,A06425,2
P02108,A06426,3
P02108,A06427,4
P02109,A01815,5
P02109,A03620,2
P02109,A06414,1
P02109,A06428,3
P02109,A06429,4
P02109,A06430,6
P02109,A06431,7
P02110,A00067,8
P02110,A00068,9
P02110,A00073,11
P02110,A00158,2
P02110,A00703,6
P02110,A02202,1
P02110,A02791,7
P02110,A03404,3
P02110,A03408,10
P02110,A04046,5
P02110,A06432,4
P02111,A06433,1
P02111,A06434,2
P02111,A06435,3
P02111,A06436,4
P02111,A06437,5
P02111,A06438,6
P02112,A06439,1
P02112,A06440,2
P02112,A06441,3
P02112,A06442,4
P02113,A00129,9
P02113,A00133,5
P02113,A00249,6
P02113,A00395,2
P02113,A00754,4
P02113,A00786,12
P02113,A00881,14
P02113,A01317,16
P02113,A02102,3
P02113,A02525,17
P02113,A02526,15
P02113,A03324,13
P02113,A03692,8
P02113,A05131,1
P02113,A05132,7
P02113,A05824,11
P02113,A06443,10
P02114,A06444,1
P02114,A06445,2
P02114,A06446,3
P02114,A06447,4
P02114,A06448,5
P02114,A06449,6
P02114,A06450,7
P02114,A06451,8
P02114,A06452,9
P02114,A06453,10
P02115,A03076,3
P02115,A03409,2
P02115,A06454,1
P02115,A06455,4
P02115,A06456,5
P02115,A06457,6
P02115,A06458,7
P02116,A00231,12
P02116,A00249,13
P02116,A00824,8
P02116,A00876,2
P02116,A00881,19
P02116,A01267,4
P02116,A01317,15
P02116,A02525,17
P02116,A02526,10
P02116,A02812,11
P02116,A02813,18
P02116,A02882,14
P02116,A03324,9
P02116,A04125,6
P02116,A05055,1
P02116,A05151,3
P02116,A05152,5
P02116,A05747,16
P02116,A06459,7
P02117,A00249,12
P02117,A00649,10
P02117,A01037,16
P02117,A01230,13
P02117,A02245,15
P02117,A02525,9
P02117,A02648,5
P02117,A02882,14
P02117,A03168,2
P02117,A03324,11
P02117,A04700,6
P02117,A04701,7
P02117,A05181,1
P02117,A05182,3
P02117,A05183,8
P02117,A06460,4
P02118,A00031,7
P02118,A04795,1
P02118,A05807,2
P02118,A06461,3
P02118,A06462,4
P02118,A06463,5
P02118,A06464,6
P02118,A06465,8
P02119,A06466,1
P02119,A06467,2
P02119,A06468,3
P02119,A06469,4
P02119,A06470,5
P02120,A00023,6
P02120,A00060,5
P02120,A01267,9
P02120,A01374,2
P02120,A02222,8
P02120,A03700,4
P02120,A04946,1
P02120,A05055,7
P02120,A05747,3
P02121,A03495,1
P02121,A06471,2
P02121,A06472,3
P02122,A00074,6
P02122,A00793,4
P02122,A06473,1
P02122,A06474,2
P02122,A06475,3
P02122,A06476,5
P02122,A06477,7
P02123,A00940,10
P02123,A01264,6
P02123,A01689,11
P02123,A01843,4
P02123,A01844,2
P02123,A02824,5
P02123,A06478,1
P02123,A06479,3
P02123,A06480,7
P02123,A06481,8
P02123,A06482,9
P02124,A06483,1
P02125,A01245,6
P02125,A01374,2
P02125,A02222,7
P02125,A03072,4
P02125,A03439,1
P02125,A06484,3
P02125,A06485,5
P02126,A00103,8
P02126,A00158,6
P02126,A00159,1
P02126,A00160,9
P02126,A00672,7
P02126,A02374,5
P02126,A03664,2
P02126,A04188,4
P02126,A06486,3
P02127,A00180,5
P02127,A00672,2
P02127,A00674,6
P02127,A04219,3
P02127,A04965,1
P02127,A06487,4
P02128,A06488,1
P02128,A06489,2
P02128,A06490,3
P02129,A00395,4
P02129,A00754,2
P02129,A02206,3
P02129,A06491,1
P02130,A00793,7
P02130,A01689,5
P02130,A05382,6
P02130,A05814,1
P02130,A05815,2
P02130,A05816,3
P02130,A05817,4
P02131,A00880,3
P02131,A01135,6
P02131,A01318,5
P02131,A02855,4
P02131,A06492,1
P02131,A06493,2
P02132,A00081,13
P02132,A00158,3
P02132,A01670,5
P02132,A02956,4
P02132,A03177,12
P02132,A04163,6
P02132,A05549,9
P02132,A06494,1
P02132,A06495,2
P02132,A06496,7
P02132,A06497,8
P02132,A06498,10
P02132,A06499,11
P02133,A06500,1
P02133,A06501,2
P02133,A06502,3
P02133,A06503,4
P02133,A06504,5
P02133,A06505,6
P02134,A06360,2
P02134,A06506,1
P02134,A06507,3
P02135,A06508,1
P02135,A06509,2
P02135,A06510,3
P02135,A06511,4
P02135,A06512,5
P02136,A06513,1
P02136,A06514,2
P02136,A06515,3
P02136,A06516,4
P02136,A06517,5
P02136,A06518,6
P02137,A06519,1
P02137,A06520,2
P02138,A00101,3
P02138,A02822,9
P02138,A02998,2
P02138,A03704,14
P02138,A04780,6
P02138,A04868,1
P02138,A06521,4
P02138,A06522,5
P02138,A06523,7
P02138,A06524,8
P02138,A06525,10
P02138,A06526,11
P02138,A06527,12
P02138,A06528,13
P02139,A06529,1
P02139,A06530,2
P02139,A06531,3
P02140,A01420,3
P02140,A02472,2
P02140,A05103,1
P02141,A06532,1
P02141,A06533,2
P02141,A06534,3
P02141,A06535,4
P02141,A06536,5
P02141,A06537,6
P02141,A06538,7
P02141,A06539,8
P02141,A06540,9
P02141,A06541,10
P02141,A06542,11
P02141,A06543,12
P02141,A06544,13
P02142,A00054,10
P02142,A00249,12
P02142,A00868,6
P02142,A00876,7
P02142,A01267,3
P02142,A01317,14
P02142,A02245,16
P02142,A02525,17
P02142,A02812,8
P02142,A02813,11
P02142,A02882,13
P02142,A03324,15
P02142,A04917,9
P02142,A05055,1
P02142,A05151,2
P02142,A05747,5
P02142,A06345,4
P02143,A00674,4
P02143,A00868,5
P02143,A00876,7
P02143,A01267,3
P02143,A01900,8
P02143,A05055,1
P02143,A05151,2
P02143,A05747,6
P02144,A00054,4
P02144,A00171,5
P02144,A02349,3
P02144,A03694,2
P02144,A03700,1
P02145,A01052,2
P02145,A02618,3
P02145,A06545,1
P02146,A06546,1
P02146,A06547,2
P02146,A06548,3
P02146,A06549,4
P02146,A06550,5
P02146,A06551,6
P02146,A06552,7
P02146,A06553,8
P02147,A00170,2
P02147,A02559,1
P02148,A06326,2
P02148,A06373,4
P02148,A06554,1
P02148,A06555,3
P02148,A06556,5
P02148,A06557,6
P02148,A06558,7
P02148,A06559,8
P02148,A06560,9
P02149,A00023,5
P02149,A00158,2
P02149,A00255,7
P02149,A00564,8
P02149,A00772,4
P02149,A02192,6
P02149,A03074,11
P02149,A05467,1
P02149,A06484,3
P02149,A06561,9
P02149,A06562,10
P02150,A00158,2
P02150,A00351,6
P02150,A02282,1
P02150,A06563,3
P02150,A06564,4
P02150,A06565,5
P02151,A00818,3
P02151,A00872,2
P02151,A00876,1
P02152,A00035,2
P02152,A00419,1
P02152,A01489,4
P02152,A02265,3
P02152,A03451,6
P02152,A06566,5
P02153,A02218,3
P02153,A06567,1
P02153,A06568,2
P02153,A06569,4
P02153,A06570,5
P02153,A06571,6
P02153,A06572,7
P02154,A00103,5
P02154,A00315,4
P02154,A03176,2
P02154,A03177,3
P02154,A04350,1
P02155,A00185,9
P02155,A00315,2
P02155,A02101,6
P02155,A02591,1
P02155,A05959,3
P02155,A06573,4
P02155,A06574,5
P02155,A06575,7
P02155,A06576,8
P02156,A06577,1
P02156,A06578,2
P02156,A06579,3
P02156,A06580,4
P02156,A06581,5
P02157,A00158,3
P02157,A01670,1
P02157,A02154,5
P02157,A04452,9
P02157,A06582,2
P02157,A06583,4
P02157,A06584,6
P02157,A06585,7
P02157,A06586,8
P02158,A06587,1
P02158,A06588,2
P02158,A06589,3
P02158,A06590,4
P02158,A06591,5
P02158,A06592,6
P02158,A06593,7
P02158,A06594,8
P02158,A06595,9
P02158,A06596,10
P02159,A06597,1
P02159,A06598,2
P02159,A06599,3
P02159,A06600,4
P02159,A06601,5
P02159,A06602,6
P02159,A06603,7
P02159,A06604,8
P02159,A06605,9
P02160,A00126,5
P02160,A00163,7
P02160,A00359,15
P02160,A00580,4
P02160,A00587,8
P02160,A01751,3
P02160,A03571,1
P02160,A03772,6
P02160,A03773,10
P02160,A05427,12
P02160,A06331,11
P02160,A06606,2
P02160,A06607,9
P02160,A06608,13
P02160,A06609,14
P02161,A00038,3
P02161,A00170,4
P02161,A02279,5
P02161,A03234,2
P02161,A06610,1
P02162,A01779,8
P02162,A04265,6
P02162,A04266,4
P02162,A06611,1
P02162,A06612,2
P02162,A06613,3
P02162,A06614,5
P02162,A06615,7
P02162,A06616,9
P02163,A06617,1
P02163,A06618,2
P02163,A06619,3
P02163,A06620,4
P02164,A00542,3
P02164,A01422,8
P02164,A02568,2
P02164,A03316,4
P02164,A04320,6
P02164,A04437,7
P02164,A04710,5
P02164,A06621,1
P02165,A03760,4
P02165,A06026,2
P02165,A06622,1
P02165,A06623,3
P02166,A02866,3
P02166,A05131,6
P02166,A05477,1
P02166,A05478,2
P02166,A05479,4
P02166,A05762,5
P02166,A06624,7
P02167,A06368,1
P02167,A06369,2
P02167,A06370,4
P02167,A06371,3
P02167,A06372,5
P02167,A06373,6
P02167,A06376,7
P02168,A01052,6
P02168,A03127,5
P02168,A04326,4
P02168,A04328,1
P02168,A04339,3
P02168,A05987,2
P02169,A00953,1
P02169,A00954,2
P02170,A06360,4
P02170,A06625,1
P02170,A06626,2
P02170,A06627,3
P02170,A06628,5
P02171,A00170,2
P02171,A00287,1
P02171,A00775,11
P02171,A02219,6
P02171,A04187,3
P02171,A04561,10
P02171,A05336,14
P02171,A05377,5
P02171,A05601,4
P02171,A06629,7
P02171,A06630,8
P02171,A06631,9
P02171,A06632,12
P02171,A06633,13
P02172,A00054,4
P02172,A00930,2
P02172,A03699,1
P02172,A04917,3
P02173,A00212,8
P02173,A00273,2
P02173,A00319,3
P02173,A00374,9
P02173,A01430,1
P02173,A02455,10
P02173,A02498,11
P02173,A03152,7
P02173,A04188,6
P02173,A06246,5
P02173,A06634,4
P02174,A00454,3
P02174,A02280,1
P02174,A06635,2
P02174,A06636,4
P02174,A06637,5
P02174,A06638,6
P02175,A00537,2
P02175,A06639,1
P02175,A06640,3
P02175,A06641,4
P02175,A06642,5
P02175,A06643,6
P02176,A06644,1
P02176,A06645,2
P02176,A06646,3
P02177,A00170,5
P02177,A02138,7
P02177,A03692,1
P02177,A03693,4
P02177,A03694,2
P02177,A05131,6
P02177,A05132,3
P02177,A06647,8
P02178,A06508,1
P02178,A06510,2
P02178,A06511,3
P02178,A06512,4
P02178,A06648,5
P02178,A06649,6
P02179,A00288,7
P02179,A01397,6
P02179,A02534,8
P02179,A02966,2
P02179,A03109,4
P02179,A04276,3
P02179,A06650,1
P02179,A06651,5
P02180,A06652,1
P02180,A06653,2
P02180,A06654,3
P02180,A06655,4
P02180,A06656,5
P02180,A06657,6
P02180,A06658,7
P02181,A06659,1
P02181,A06660,2
P02181,A06661,3
P02182,A00212,2
P02182,A00319,3
P02182,A01430,4
P02182,A06662,1
P02183,A04370,2
P02183,A06663,1
P02183,A06664,3
P02183,A06665,4
P02184,A00054,4
P02184,A00930,3
P02184,A03699,2
P02184,A04917,1
P02185,A00951,2
P02185,A06666,1
P02185,A06667,3
P02186,A00073,5
P02186,A00158,2
P02186,A02617,6
P02186,A02791,3
P02186,A04498,4
P02186,A06668,1
P02187,A00186,6
P02187,A02229,2
P02187,A02497,8
P02187,A04957,1
P02187,A05224,7
P02187,A06669,3
P02187,A06670,4
P02187,A06671,5
P02188,A02673,2
P02188,A06672,1
P02189,A01420,3
P02189,A02472,2
P02189,A06673,1
P02189,A06674,4
P02189,A06675,5
P02190,A03059,2
P02190,A06344,1
P02191,A01173,3
P02191,A02011,1
P02191,A02012,9
P02191,A02014,8
P02191,A02016,10
P02191,A02018,11
P02191,A02020,12
P02191,A02207,6
P02191,A02581,5
P02191,A05926,4
P02191,A06676,2
P02191,A06677,7
P02191,A06678,13
P02192,A00419,2
P02192,A04533,1
P02192,A06679,3
P02192,A06680,4
P02192,A06681,5
P02193,A00023,6
P02193,A00073,7
P02193,A00175,3
P02193,A00183,5
P02193,A00564,8
P02193,A02063,9
P02193,A03720,4
P02193,A04228,2
P02193,A04310,10
P02193,A04606,12
P02193,A04710,1
P02193,A05428,14
P02193,A05430,11
P02193,A06383,13
P02194,A05898,1
P02194,A05899,3
P02194,A05901,2
P02194,A06682,4
P02195,A05588,3
P02195,A05590,6
P02195,A06683,1
P02195,A06684,2
P02195,A06685,4
P02195,A06686,5
P02196,A06687,1
P02196,A06688,2
P02197,A02438,6
P02197,A04358,2
P02197,A06689,1
P02197,A06690,3
P02197,A06691,4
P02197,A06692,5
P02198,A00128,2
P02198,A01141,3
P02198,A02407,5
P02198,A04184,1
P02198,A04947,4
P02199,A06693,1
P02199,A06694,2
P02199,A06695,3
P02199,A06696,4
P02199,A06697,5
P02200,A00128,9
P02200,A03160,1
P02200,A06698,2
P02200,A06699,3
P02200,A06700,4
P02200,A06701,5
P02200,A06702,6
P02200,A06703,7
P02200,A06704,8
P02201,A01420,27
P02201,A02157,24
P02201,A02412,21
P02201,A04489,16
P02201,A04490,2
P02201,A04728,4
P02201,A04850,8
P02201,A04851,1
P02201,A05711,13
P02201,A05853,15
P02201,A05972,23
P02201,A06705,3
P02201,A06706,5
P02201,A06707,6
P02201,A06708,7
P02201,A06709,9
P02201,A06710,10
P02201,A06711,11
P02201,A06712,12
P02201,A06713,14
P02201,A06714,17
P02201,A06715,18
P02201,A06716,19
P02201,A06717,20
P02201,A06718,22
P02201,A06719,25
P02201,A06720,26
P02202,A00787,5
P02202,A00789,3
P02202,A06721,1
P02202,A06722,2
P02202,A06723,4
P02202,A06724,6
P02202,A06725,7
P02202,A06726,8
P02202,A06727,9
P02203,A00181,3
P02203,A02782,2
P02203,A06728,1
P02204,A00733,5
P02204,A00980,2
P02204,A02320,4
P02204,A02933,7
P02204,A03603,8
P02204,A06729,1
P02204,A06730,3
P02204,A06731,6
P02205,A01420,9
P02205,A01423,2
P02205,A02471,6
P02205,A02958,8
P02205,A03212,1
P02205,A03316,4
P02205,A04439,5
P02205,A04800,7
P02205,A06732,3
P02206,A06733,1
P02206,A06734,2
P02206,A06735,3
P02206,A06736,4
P02206,A06737,5
P02206,A06738,6
P02206,A06739,7
P02206,A06740,8
P02206,A06741,9
P02206,A06742,10
P02206,A06743,11
P02206,A06744,12
P02207,A00351,9
P02207,A04043,8
P02207,A04044,7
P02207,A04073,6
P02207,A04489,2
P02207,A04490,10
P02207,A04539,3
P02207,A04952,5
P02207,A05758,1
P02207,A06745,4
P02208,A00158,3
P02208,A00212,4
P02208,A00319,2
P02208,A00627,8
P02208,A01430,1
P02208,A02555,7
P02208,A03152,5
P02208,A06246,6
P02209,A06746,1
P02209,A06747,2
P02209,A06748,3
P02209,A06749,4
P02209,A06750,5
P02209,A06751,6
P02210,A00714,10
P02210,A00829,3
P02210,A00830,11
P02210,A00849,9
P02210,A01205,1
P02210,A03126,2
P02210,A04489,4
P02210,A04670,7
P02210,A05072,6
P02210,A06752,5
P02210,A06753,8
P02210,A06754,12
P02211,A06484,3
P02211,A06561,2
P02211,A06755,1
P02212,A00170,3
P02212,A02559,1
P02212,A05490,2
P02213,A00640,2
P02213,A02400,1
P02214,A06756,1
P02214,A06757,2
P02214,A06758,3
P02214,A06759,4
P02214,A06760,5
P02214,A06761,6
P02214,A06762,7
P02214,A06763,8
P02214,A06764,9
P02214,A06765,10
P02214,A06766,11
P02214,A06767,12
P02215,A00054,2
P02215,A01023,4
P02215,A01214,3
P02215,A01216,10
P02215,A01561,5
P02215,A01562,6
P02215,A02063,1
P02215,A05562,11
P02215,A06768,7
P02215,A06769,8
P02215,A06770,9
P02215,A06771,12
P02216,A00180,11
P02216,A00231,31
P02216,A00249,16
P02216,A00253,7
P02216,A00351,9
P02216,A00564,2
P02216,A00663,15
P02216,A00783,13
P02216,A00859,3
P02216,A00881,19
P02216,A00883,6
P02216,A01088,8
P02216,A01230,32
P02216,A01317,21
P02216,A01406,28
P02216,A02242,4
P02216,A02245,17
P02216,A02253,5
P02216,A02521,24
P02216,A02522,20
P02216,A02525,33
P02216,A02812,30
P02216,A02813,23
P02216,A02816,22
P02216,A02818,27
P02216,A02984,10
P02216,A03324,18
P02216,A03436,29
P02216,A04102,26
P02216,A04901,14
P02216,A04903,12
P02216,A06772,1
P02216,A06773,25
P02217,A06774,1
P02218,A00023,3
P02218,A00073,7
P02218,A00175,4
P02218,A00183,9
P02218,A01880,2
P02218,A02063,10
P02218,A03578,8
P02218,A04228,5
P02218,A04310,11
P02218,A04710,13
P02218,A05428,1
P02218,A05430,6
P02218,A06769,12
P02218,A06775,14
P02218,A06776,15
P02218,A06777,16
P02219,A00231,15
P02219,A00249,21
P02219,A00255,11
P02219,A00391,23
P02219,A00407,12
P02219,A00498,5
P02219,A00648,16
P02219,A00655,26
P02219,A00824,10
P02219,A01378,3
P02219,A01948,22
P02219,A02812,14
P02219,A02813,28
P02219,A02814,20
P02219,A03264,19
P02219,A03302,4
P02219,A03345,1
P02219,A03451,8
P02219,A03704,25
P02219,A04332,17
P02219,A05999,9
P02219,A06778,2
P02219,A06779,6
P02219,A06780,7
P02219,A06781,13
P02219,A06782,18
P02219,A06783,24
P02219,A06784,27
P02220,A06785,1
P02220,A06786,2
P02221,A03108,1
P02221,A03692,2
P02221,A05131,3
P02222,A06787,1
P02222,A06788,2
P02222,A06789,3
P02222,A06790,4
P02222,A06791,5
P02223,A00931,1
P02223,A00932,9
P02223,A00935,6
P02223,A01024,4
P02223,A01747,8
P02223,A04845,2
P02223,A04847,7
P02223,A06792,3
P02223,A06793,5
P02224,A00050,1
P02224,A00170,2
P02224,A00319,6
P02224,A01797,5
P02224,A03708,3
P02224,A04473,4
P02225,A06794,1
P02225,A06795,2
P02225,A06796,3
P02225,A06797,4
P02225,A06798,5
P02225,A06799,6
P02225,A06800,7
P02225,A06801,8
P02226,A00103,4
P02226,A00158,2
P02226,A02204,1
P02226,A04099,3
P02227,A01791,6
P02227,A06802,1
P02227,A06803,2
P02227,A06804,3
P02227,A06805,4
P02227,A06806,5
P02227,A06807,7
P02227,A06808,8
P02227,A06809,9
P02228,A00067,18
P02228,A00068,17
P02228,A00081,19
P02228,A00095,15
P02228,A00391,5
P02228,A00407,20
P02228,A00628,12
P02228,A00671,13
P02228,A00672,4
P02228,A02202,7
P02228,A02204,2
P02228,A02498,16
P02228,A02998,1
P02228,A03288,9
P02228,A03704,6
P02228,A05046,11
P02228,A05047,10
P02228,A05400,14
P02228,A06731,3
P02228,A06810,8
P02229,A06811,1
P02229,A06812,2
P02229,A06813,3
P02229,A06814,4
P02229,A06815,5
P02229,A06816,6
P02229,A06817,7
P02229,A06818,8
P02229,A06819,9
P02230,A06820,1
P02230,A06821,2
P02230,A06822,3
P02231,A02568,3
P02231,A04270,2
P02231,A04562,6
P02231,A04670,4
P02231,A06823,1
P02231,A06824,5
P02231,A06825,7
P02232,A00423,1
P02232,A00808,5
P02232,A01324,3
P02232,A04006,4
P02232,A04945,6
P02232,A05608,2
P02233,A06826,1
P02234,A03019,1
P02234,A03021,2
P02235,A06827,1
P02235,A06828,2
P02235,A06829,3
P02235,A06830,4
P02235,A06831,5
P02235,A06832,6
P02235,A06833,7
P02236,A04043,7
P02236,A04044,5
P02236,A04073,4
P02236,A04489,2
P02236,A04490,8
P02236,A04539,3
P02236,A05758,1
P02236,A06834,6
P02237,A00197,4
P02237,A00374,2
P02237,A03177,1
P02237,A06835,3
P02238,A00054,3
P02238,A03073,7
P02238,A04917,2
P02238,A05151,6
P02238,A05152,4
P02238,A06459,5
P02238,A06836,1
P02239,A06837,1
P02239,A06838,2
P02239,A06839,3
P02239,A06840,4
P02239,A06841,5
P02240,A03398,3
P02240,A04725,8
P02240,A06842,1
P02240,A06843,2
P02240,A06844,4
P02240,A06845,5
P02240,A06846,6
P02240,A06847,7
P02241,A02986,8
P02241,A06848,1
P02241,A06849,2
P02241,A06850,3
P02241,A06851,4
P02241,A06852,5
P02241,A06853,6
P02241,A06854,7
P02241,A06855,9
P02242,A00116,5
P02242,A00185,7
P02242,A00390,9
P02242,A00578,10
P02242,A00640,4
P02242,A00923,3
P02242,A02400,1
P02242,A03416,2
P02242,A05425,6
P02242,A05427,8
P02243,A06856,1
P02244,A04638,4
P02244,A04712,6
P02244,A05420,3
P02244,A05422,2
P02244,A06857,1
P02244,A06858,5
P02245,A02955,2
P02245,A02956,3
P02245,A05549,4
P02245,A06859,1
P02245,A06860,5
P02246,A01038,2
P02246,A01040,5
P02246,A02859,3
P02246,A06861,1
P02246,A06862,4
P02247,A00319,6
P02247,A00926,4
P02247,A01351,5
P02247,A01813,1
P02247,A01815,7
P02247,A06863,2
P02247,A06864,3
P02248,A00117,3
P02248,A00914,2
P02248,A00966,4
P02248,A05981,1
P02249,A00023,8
P02249,A00073,6
P02249,A00158,7
P02249,A00180,18
P02249,A00351,19
P02249,A02063,12
P02249,A02984,20
P02249,A03316,5
P02249,A04043,17
P02249,A04044,16
P02249,A04073,15
P02249,A04163,11
P02249,A04226,3
P02249,A04489,2
P02249,A04490,14
P02249,A04539,4
P02249,A04606,21
P02249,A05428,13
P02249,A05758,10
P02249,A06865,1
P02249,A06866,9
P02249,A06867,22
P02250,A00067,14
P02250,A00101,4
P02250,A00801,11
P02250,A01900,13
P02250,A04072,15
P02250,A04490,16
P02250,A05510,1
P02250,A05520,7
P02250,A05853,2
P02250,A06868,3
P02250,A06869,5
P02250,A06870,6
P02250,A06871,8
P02250,A06872,9
P02250,A06873,10
P02250,A06874,12
P02251,A00018,5
P02251,A00021,6
P02251,A00038,8
P02251,A00186,7
P02251,A00351,2
P02251,A00388,4
P02251,A02317,3
P02251,A02491,1
P02252,A00052,2
P02252,A01820,1
P02252,A02520,3
P02253,A02229,4
P02253,A02497,6
P02253,A04957,1
P02253,A05224,2
P02253,A06669,3
P02253,A06670,5
P02254,A00795,3
P02254,A01378,7
P02254,A02437,4
P02254,A06637,2
P02254,A06875,1
P02254,A06876,5
P02254,A06877,6
P02255,A00021,3
P02255,A00180,6
P02255,A00185,10
P02255,A00374,4
P02255,A01283,5
P02255,A02822,7
P02255,A04219,1
P02255,A04473,2
P02255,A04899,9
P02255,A06623,8
P02256,A00073,3
P02256,A00103,5
P02256,A00801,2
P02256,A01256,4
P02256,A01324,9
P02256,A02032,8
P02256,A02206,6
P02256,A02374,1
P02256,A04188,7
P02256,A06878,10
P02257,A00392,3
P02257,A01936,11
P02257,A02872,1
P02257,A05240,10
P02257,A05244,9
P02257,A05245,12
P02257,A06563,2
P02257,A06879,4
P02257,A06880,5
P02257,A06881,6
P02257,A06882,7
P02257,A06883,8
P02258,A06023,2
P02258,A06884,1
P02258,A06885,3
P02258,A06886,4
P02258,A06887,5
P02258,A06888,6
P02258,A06889,7
P02258,A06890,8
P02258,A06891,9
P02258,A06892,10
P02258,A06893,11
P02258,A06894,12
P02258,A06895,13
P02258,A06896,14
P02258,A06897,15
P02258,A06898,16
P02258,A06899,17
P02258,A06900,18
P02259,A03168,2
P02259,A04700,4
P02259,A04701,5
P02259,A05181,1
P02259,A05182,3
P02259,A05183,6
P02260,A00067,6
P02260,A00101,3
P02260,A00102,7
P02260,A00103,5
P02260,A00158,8
P02260,A02032,1
P02260,A02204,4
P02260,A06901,2
P02261,A00068,7
P02261,A00070,6
P02261,A00158,2
P02261,A00159,1
P02261,A00255,10
P02261,A00351,8
P02261,A00564,9
P02261,A00672,5
P02261,A02374,3
P02261,A03664,4
P02262,A00051,1
P02262,A00672,10
P02262,A00883,11
P02262,A01283,3
P02262,A01305,2
P02262,A02822,6
P02262,A04669,8
P02262,A04870,4
P02262,A06902,5
P02262,A06903,7
P02262,A06904,9
P02263,A00255,5
P02263,A00401,1
P02263,A00402,6
P02263,A05353,4
P02263,A06905,2
P02263,A06906,3
P02263,A06907,7
P02264,A04786,1
P02264,A06908,2
P02264,A06909,3
P02264,A06910,4
P02264,A06911,5
P02264,A06912,6
P02264,A06913,7
P02265,A02053,1
P02265,A02438,2
P02266,A00105,12
P02266,A01142,1
P02266,A01490,5
P02266,A01564,18
P02266,A01573,4
P02266,A02496,19
P02266,A02497,20
P02266,A02947,9
P02266,A03539,3
P02266,A04525,14
P02266,A04793,11
P02266,A06914,2
P02266,A06915,6
P02266,A06916,7
P02266,A06917,8
P02266,A06918,10
P02266,A06919,13
P02266,A06920,15
P02266,A06921,16
P02266,A06922,17
P02267,A00157,2
P02267,A00850,9
P02267,A01420,6
P02267,A01423,8
P02267,A01507,3
P02267,A02412,4
P02267,A04439,7
P02267,A05507,1
P02267,A05972,5
P02267,A06923,10
P02267,A06924,11
P02267,A06925,12
P02268,A00185,4
P02268,A01730,5
P02268,A02516,1
P02268,A04963,3
P02268,A05660,2
P02269,A00031,1
P02269,A01161,2
P02269,A04023,3
P02270,A00128,5
P02270,A02407,3
P02270,A05964,4
P02270,A06337,1
P02270,A06926,2
P02271,A02407,2
P02271,A06926,1
P02272,A00817,3
P02272,A01939,4
P02272,A02647,2
P02272,A03213,1
P02273,A00349,15
P02273,A01052,7
P02273,A01283,2
P02273,A01305,8
P02273,A02822,4
P02273,A04498,22
P02273,A04562,12
P02273,A04669,1
P02273,A04670,20
P02273,A04732,17
P02273,A05612,21
P02273,A05764,10
P02273,A06340,3
P02273,A06824,18
P02273,A06927,5
P02273,A06928,6
P02273,A06929,9
P02273,A06930,11
P02273,A06931,13
P02273,A06932,14
P02273,A06933,16
P02273,A06934,19
P02273,A06935,23
P02273,A06936,24
P02274,A06937,1
P02274,A06938,2
P02274,A06939,3
P02274,A06940,4
P02274,A06941,5
P02275,A00868,2
P02275,A01062,8
P02275,A01135,7
P02275,A01420,1
P02275,A01421,9
P02275,A02958,10
P02275,A04437,4
P02275,A04439,6
P02275,A04650,3
P02275,A05598,5
P02276,A00018,9
P02276,A00054,2
P02276,A00718,10
P02276,A01214,4
P02276,A02063,1
P02276,A04228,7
P02276,A04310,8
P02276,A04606,6
P02276,A06383,5
P02276,A06942,3
P02277,A00254,3
P02277,A01128,4
P02277,A06810,2
P02277,A06943,1
P02278,A00027,1
P02278,A00475,18
P02278,A00545,5
P02278,A00580,2
P02278,A00590,13
P02278,A00592,16
P02278,A00593,20
P02278,A00607,30
P02278,A00942,23
P02278,A01210,22
P02278,A03279,19
P02278,A03852,31
P02278,A04479,21
P02278,A06609,8
P02278,A06944,3
P02278,A06945,4
P02278,A06946,6
P02278,A06947,7
P02278,A06948,9
P02278,A06949,10
P02278,A06950,11
P02278,A06951,12
P02278,A06952,14
P02278,A06953,15
P02278,A06954,17
P02278,A06955,24
P02278,A06956,25
P02278,A06957,26
P02278,A06958,27
P02278,A06959,28
P02278,A06960,29
P02278,A06961,32
P02278,A06962,33
P02279,A00319,4
P02279,A01031,3
P02279,A01809,2
P02279,A06963,1
P02279,A06964,5
P02280,A03199,2
P02280,A06965,1
P02280,A06966,3
P02280,A06967,4
P02280,A06968,5
P02281,A04712,4
P02281,A05420,3
P02281,A05422,2
P02281,A06367,5
P02281,A06857,1
P02281,A06969,6
P02282,A00073,2
P02282,A00081,5
P02282,A00158,1
P02282,A00160,4
P02282,A02202,3
P02283,A06970,1
P02283,A06971,2
P02284,A06972,1
P02284,A06973,2
P02284,A06974,3
P02284,A06975,4
P02284,A06976,5
P02285,A06977,1
P02285,A06978,2
P02285,A06979,3
P02285,A06980,4
P02286,A00157,13
P02286,A00197,5
P02286,A00848,2
P02286,A00850,7
P02286,A02412,3
P02286,A02647,1
P02286,A02650,4
P02286,A03167,9
P02286,A05972,6
P02286,A06923,8
P02286,A06924,12
P02286,A06925,11
P02286,A06981,10
P02287,A00229,11
P02287,A00786,6
P02287,A01389,10
P02287,A02371,4
P02287,A02573,1
P02287,A02574,2
P02287,A06982,3
P02287,A06983,5
P02287,A06984,7
P02287,A06985,8
P02287,A06986,9
P02287,A06987,12
P02288,A00018,3
P02288,A00021,2
P02288,A00116,8
P02288,A00158,5
P02288,A00181,10
P02288,A00187,7
P02288,A00188,6
P02288,A00251,1
P02288,A00389,9
P02288,A06988,4
P02289,A02138,4
P02289,A02866,5
P02289,A03692,1
P02289,A03694,3
P02289,A06989,2
P02290,A01233,2
P02290,A05576,3
P02290,A05647,4
P02290,A06990,1
P02291,A02866,6
P02291,A06991,1
P02291,A06992,2
P02291,A06993,3
P02291,A06994,4
P02291,A06995,5
P02292,A00170,9
P02292,A02138,6
P02292,A02866,2
P02292,A03692,1
P02292,A03693,4
P02292,A03694,5
P02292,A04638,10
P02292,A05131,8
P02292,A05132,7
P02292,A06647,3
P02293,A06996,1
P02293,A06997,2
P02293,A06998,3
P02293,A06999,4
P02293,A07000,5
P02293,A07001,6
P02293,A07002,7
P02294,A07003,1
P02294,A07004,2
P02294,A07005,3
P02294,A07006,4
P02295,A04301,1
P02295,A06409,3
P02295,A06410,5
P02295,A07007,2
P02295,A07008,4
P02296,A05620,2
P02296,A05621,3
P02296,A07009,1
P02296,A07010,4
P02297,A04588,2
P02297,A04638,3
P02297,A06993,5
P02297,A07011,1
P02297,A07012,4
P02297,A07013,6
P02297,A07014,7
P02298,A00751,3
P02298,A01812,4
P02298,A04027,1
P02298,A04627,5
P02298,A07015,2
P02298,A07016,6
P02299,A03684,1
P02300,A01927,2
P02300,A07017,1
P02301,A02232,1
P02301,A07018,2
P02302,A03828,2
P02302,A07019,1
P02302,A07020,3
P02302,A07021,4
P02302,A07022,5
P02302,A07023,6
P02302,A07024,7
P02302,A07025,8
P02303,A00382,58
P02303,A00384,28
P02303,A00386,30
P02303,A00387,69
P02303,A00557,81
P02303,A00595,18
P02303,A01104,79
P02303,A01121,46
P02303,A03579,35
P02303,A03728,3
P02303,A04787,16
P02303,A07026,1
P02303,A07027,2
P02303,A07028,4
P02303,A07029,5
P02303,A07030,6
P02303,A07031,7
P02303,A07032,8
P02303,A07033,9
P02303,A07034,10
P02303,A07035,11
P02303,A07036,12
P02303,A07037,13
P02303,A07038,14
P02303,A07039,15
P02303,A07040,17
P02303,A07041,19
P02303,A07042,20
P02303,A07043,21
P02303,A07044,22
P02303,A07045,23
P02303,A07046,24
P02303,A07047,25
P02303,A07048,26
P02303,A07049,27
P02303,A07050,29
P02303,A07051,31
P02303,A07052,32
P02303,A07053,33
P02303,A07054,34
P02303,A07055,36
P02303,A07056,37
P02303,A07057,38
P02303,A07058,39
P02303,A07059,40
P02303,A07060,41
P02303,A07061,42
P02303,A07062,43
P02303,A07063,44
P02303,A07064,45
P02303,A07065,47
P02303,A07066,48
P02303,A07067,49
P02303,A07068,50
P02303,A07069,51
P02303,A07070,52
P02303,A07071,53
P02303,A07072,54
P02303,A07073,55
P02303,A07074,56
P02303,A07075,57
P02303,A07076,59
P02303,A07077,60
P02303,A07078,61
P02303,A07079,62
P02303,A07080,63
P02303,A07081,64
P02303,A07082,65
P02303,A07083,66
P02303,A07084,67
P02303,A07085,68
P02303,A07086,70
P02303,A07087,71
P02303,A07088,72
P02303,A07089,73
P02303,A07090,74
P02303,A07091,75
P02303,A07092,76
P02303,A07093,77
P02303,A07094,78
P02303,A07095,80
P02303,A07096,82
P02303,A07097,83
P02303,A07098,84
P02303,A07099,85
P02303,A07100,86
P02303,A07101,87
P02303,A07102,88
P02304,A07103,1
P02304,A07104,2
P02304,A07105,3
P02304,A07106,4
P02304,A07107,5
P02304,A07108,6
P02304,A07109,7
P02304,A07110,8
P02304,A07111,9
P02304,A07112,10
P02304,A07113,11
P02304,A07114,12
P02304,A07115,13
P02304,A07116,14
P02304,A07117,15
P02304,A07118,16
P02304,A07119,17
P02304,A07120,18
P02304,A07121,19
P02304,A07122,20
P02304,A07123,21
P02304,A07124,22
P02304,A07125,23
P02304,A07126,24
P02304,A07127,25
P02304,A07128,26
P02304,A07129,27
P02304,A07130,28
P02304,A07131,29
P02305,A00227,4
P02305,A00319,1
P02305,A01430,2
P02305,A03153,3
P02306,A07132,1
P02306,A07133,2
P02306,A07134,3
P02306,A07135,4
P02306,A07136,5
P02306,A07137,6
P02307,A02559,1
P02307,A07138,2
P02308,A00068,5
P02308,A00101,2
P02308,A07139,1
P02308,A07140,3
P02308,A07141,4
P02309,A00325,3
P02309,A07142,1
P02309,A07143,2
P02310,A00019,5
P02310,A00249,10
P02310,A00255,2
P02310,A00351,1
P02310,A00816,16
P02310,A00881,13
P02310,A00913,18
P02310,A01037,4
P02310,A01135,8
P02310,A01317,6
P02310,A02245,17
P02310,A02246,7
P02310,A02340,3
P02310,A02522,12
P02310,A02524,15
P02310,A02525,11
P02310,A02526,14
P02310,A03073,9
P02310,A04870,19
P02311,A00113,1
P02311,A00371,15
P02311,A00642,5
P02311,A01783,6
P02311,A01784,3
P02311,A01786,9
P02311,A02524,7
P02311,A02687,2
P02311,A02688,4
P02311,A02700,13
P02311,A02702,17
P02311,A02703,18
P02311,A04466,8
P02311,A04467,10
P02311,A04468,11
P02311,A04469,12
P02311,A04470,19
P02311,A04942,14
P02311,A07144,16
P02312,A02204,2
P02312,A04099,1
P02313,A07145,1
P02313,A07146,2
P02313,A07147,3
P02313,A07148,4
P02313,A07149,5
P02313,A07150,6
P02313,A07151,7
P02313,A07152,8
P02313,A07153,9
P02313,A07154,10
P02313,A07155,11
P02313,A07156,12
P02314,A07157,1
P02314,A07158,2
P02314,A07159,3
P02314,A07160,4
P02314,A07161,5
P02314,A07162,6
P02314,A07163,7
P02314,A07164,8
P02314,A07165,9
P02314,A07166,10
P02314,A07167,11
P02314,A07168,12
P02314,A07169,13
P02315,A03708,3
P02315,A07170,1
P02315,A07171,2
P02315,A07172,4
P02315,A07173,5
P02315,A07174,6
P02315,A07175,7
P02315,A07176,8
P02315,A07177,9
P02315,A07178,10
P02315,A07179,11
P02315,A07180,12
P02315,A07181,13
P02316,A02011,1
P02316,A05926,3
P02316,A07182,2
P02317,A01053,10
P02317,A01283,4
P02317,A02822,1
P02317,A02934,7
P02317,A04219,5
P02317,A04781,9
P02317,A05400,6
P02317,A06623,3
P02317,A07183,2
P02317,A07184,8
P02318,A00933,10
P02318,A00935,5
P02318,A01024,4
P02318,A01025,9
P02318,A01028,8
P02318,A02138,7
P02318,A03692,6
P02318,A04845,2
P02318,A05807,3
P02318,A06462,1
P02319,A07185,1
P02319,A07186,2
P02320,A04324,1
P02320,A07187,2
P02320,A07188,3
P02320,A07189,4
P02321,A00073,6
P02321,A00194,11
P02321,A00276,5
P02321,A01447,3
P02321,A02181,10
P02321,A02469,4
P02321,A03484,2
P02321,A04135,1
P02321,A04189,9
P02321,A07190,7
P02321,A07191,8
P02322,A05582,2
P02322,A07192,1
P02323,A00158,4
P02323,A00159,5
P02323,A02202,7
P02323,A02262,3
P02323,A02791,2
P02323,A04498,1
P02323,A07193,6
P02324,A00793,4
P02324,A07194,1
P02324,A07195,2
P02324,A07196,3
P02325,A05157,2
P02325,A07197,1
P02326,A07198,1
P02326,A07199,2
P02326,A07200,3
P02326,A07201,4
P02326,A07202,5
P02327,A00067,2
P02327,A00101,3
P02327,A00671,4
P02327,A05671,1
P02328,A05362,2
P02328,A05555,6
P02328,A07203,1
P02328,A07204,3
P02328,A07205,4
P02328,A07206,5
P02328,A07207,7
P02328,A07208,8
P02328,A07209,9
P02328,A07210,10
P02329,A02216,2
P02329,A07211,1
P02329,A07212,3
P02329,A07213,4
P02329,A07214,5
P02329,A07215,6
P02329,A07216,7
P02330,A07217,1
P02330,A07218,2
P02330,A07219,3
P02330,A07220,4
P02330,A07221,5
P02330,A07222,6
P02331,A00374,5
P02331,A01283,2
P02331,A02405,6
P02331,A02822,4
P02331,A04219,3
P02331,A04473,7
P02331,A04669,1
P02332,A07160,8
P02332,A07223,1
P02332,A07224,2
P02332,A07225,3
P02332,A07226,4
P02332,A07227,5
P02332,A07228,6
P02332,A07229,7
P02332,A07230,9
P02332,A07231,10
P02332,A07232,11
P02332,A07233,12
P02332,A07234,13
P02332,A07235,14
P02332,A07236,15
P02332,A07237,16
P02333,A02063,4
P02333,A04712,5
P02333,A05834,3
P02333,A07238,1
P02333,A07239,2
P02333,A07240,6
P02334,A00390,4
P02334,A00640,2
P02334,A03410,3
P02334,A07241,1
P02335,A00019,4
P02335,A00073,2
P02335,A00081,11
P02335,A00158,1
P02335,A00160,10
P02335,A00351,8
P02335,A02516,3
P02335,A03074,9
P02335,A05660,5
P02335,A07242,6
P02335,A07243,7
P02336,A04292,1
P02336,A04295,5
P02336,A07244,2
P02336,A07245,3
P02336,A07246,4
P02337,A07247,1
P02337,A07248,2
P02337,A07249,3
P02337,A07250,4
P02338,A00116,3
P02338,A00521,2
P02338,A00966,5
P02338,A07251,1
P02338,A07252,4
P02339,A05157,1
P02339,A05159,4
P02339,A05161,5
P02339,A05172,6
P02339,A07253,2
P02339,A07254,3
P02339,A07255,7
P02339,A07256,8
P02340,A01245,2
P02340,A01374,4
P02340,A02222,3
P02340,A02265,7
P02340,A03074,8
P02340,A03439,6
P02340,A05747,5
P02340,A06485,1
P02341,A07257,1
P02341,A07258,2
P02341,A07259,3
P02341,A07260,4
P02341,A07261,5
P02342,A01233,2
P02342,A03620,6
P02342,A03622,3
P02342,A04023,5
P02342,A05649,4
P02342,A07262,1
P02343,A00103,14
P02343,A00374,1
P02343,A01378,10
P02343,A03602,11
P02343,A04219,4
P02343,A05743,2
P02343,A07263,3
P02343,A07264,5
P02343,A07265,6
P02343,A07266,7
P02343,A07267,8
P02343,A07268,9
P02343,A07269,12
P02343,A07270,13
P02343,A07271,15
P02343,A07272,16
P02344,A00051,7
P02344,A00835,9
P02344,A01076,4
P02344,A02242,6
P02344,A02589,2
P02344,A02824,5
P02344,A04489,8
P02344,A05072,1
P02344,A07273,3
P02345,A04670,2
P02345,A07274,1
P02346,A01686,3
P02346,A07275,1
P02346,A07276,2
P02347,A01026,2
P02347,A07277,1
P02348,A00970,9
P02348,A02248,3
P02348,A02569,1
P02348,A03845,2
P02348,A04982,5
P02348,A07278,4
P02348,A07279,6
P02348,A07280,7
P02348,A07281,8
P02349,A00627,5
P02349,A01076,1
P02349,A02589,3
P02349,A02934,8
P02349,A04899,9
P02349,A05072,6
P02349,A07282,2
P02349,A07283,4
P02349,A07284,7
P02349,A07285,10
P02349,A07286,11
P02350,A03569,1
P02351,A07287,1
P02351,A07288,2
P02351,A07289,3
P02352,A07290,1
P02352,A07291,2
P02352,A07292,3
P02353,A02362,1
P02353,A03045,4
P02353,A04638,6
P02353,A05131,5
P02353,A07293,2
P02353,A07294,3
P02354,A07295,1
P02354,A07296,2
P02354,A07297,3
P02355,A00068,4
P02355,A00102,3
P02355,A00103,5
P02355,A00158,2
P02355,A00351,6
P02355,A06545,1
P02356,A00128,2
P02356,A00195,5
P02356,A00196,1
P02356,A00781,4
P02356,A03160,3
P02357,A07298,1
P02357,A07299,2
P02357,A07300,3
P02357,A07301,4
P02357,A07302,5
P02357,A07303,6
P02357,A07304,7
P02358,A00101,3
P02358,A01282,2
P02358,A07305,1
P02358,A07306,4
P02359,A00769,5
P02359,A01245,3
P02359,A01397,4
P02359,A02222,7
P02359,A03072,6
P02359,A03439,2
P02359,A06303,1
P02360,A00396,2
P02360,A00454,5
P02360,A02914,3
P02360,A05491,7
P02360,A07307,1
P02360,A07308,4
P02360,A07309,6
P02360,A07310,8
P02360,A07311,9
P02361,A00249,5
P02361,A00564,6
P02361,A00876,3
P02361,A00881,12
P02361,A01037,8
P02361,A01040,15
P02361,A01087,2
P02361,A01088,16
P02361,A01317,14
P02361,A02101,4
P02361,A02245,10
P02361,A02522,13
P02361,A02525,7
P02361,A02882,9
P02361,A03324,11
P02361,A05714,1
P02362,A00175,4
P02362,A02063,5
P02362,A04228,2
P02362,A04310,8
P02362,A04606,3
P02362,A04710,9
P02362,A07312,1
P02362,A07313,6
P02362,A07314,7
P02362,A07315,10
P02363,A00348,2
P02363,A07316,1
P02364,A00019,4
P02364,A01974,1
P02364,A04945,2
P02364,A05608,3
P02365,A00068,5
P02365,A00102,4
P02365,A00103,6
P02365,A00158,2
P02365,A00351,7
P02365,A01050,3
P02365,A07317,1
P02366,A00733,3
P02366,A01079,8
P02366,A03068,7
P02366,A03490,1
P02366,A07318,2
P02366,A07319,4
P02366,A07320,5
P02366,A07321,6
P02367,A07322,1
P02367,A07323,2
P02367,A07324,3
P02367,A07325,4
P02367,A07326,5
P02367,A07327,6
P02367,A07328,7
P02367,A07329,8
P02368,A07330,1
P02368,A07331,2
P02368,A07332,3
P02369,A03631,1
P02369,A05561,2
P02370,A00848,9
P02370,A04489,8
P02370,A04490,6
P02370,A04728,2
P02370,A04851,3
P02370,A05972,5
P02370,A06705,1
P02370,A06873,7
P02370,A07333,4
P02371,A05695,6
P02371,A05696,2
P02371,A05698,4
P02371,A05700,3
P02371,A05702,5
P02371,A05703,1
P02371,A05704,9
P02371,A07334,7
P02371,A07335,8
P02372,A03374,3
P02372,A07336,1
P02372,A07337,2
P02372,A07338,4
P02372,A07339,5
P02372,A07340,6
P02372,A07341,7
P02372,A07342,8
P02373,A00419,1
P02373,A01489,2
P02373,A07343,3
P02373,A07344,4
P02373,A07345,5
P02374,A04490,8
P02374,A04728,6
P02374,A04851,2
P02374,A05972,7
P02374,A06705,5
P02374,A06706,9
P02374,A06707,1
P02374,A06708,10
P02374,A06873,3
P02374,A07333,4
P02374,A07346,11
P02375,A00212,5
P02375,A01430,1
P02375,A02498,8
P02375,A02555,4
P02375,A03152,3
P02375,A03153,6
P02375,A04497,7
P02375,A07347,2
P02376,A07348,1
P02376,A07349,2
P02376,A07350,3
P02376,A07351,4
P02376,A07352,5
P02376,A07353,6
P02377,A02257,10
P02377,A03803,1
P02377,A03804,13
P02377,A03808,16
P02377,A03810,15
P02377,A05019,8
P02377,A07354,2
P02377,A07355,3
P02377,A07356,4
P02377,A07357,5
P02377,A07358,6
P02377,A07359,7
P02377,A07360,9
P02377,A07361,11
P02377,A07362,12
P02377,A07363,14
P02377,A07364,17
P02378,A00345,5
P02378,A00672,2
P02378,A00718,15
P02378,A04572,6
P02378,A04781,14
P02378,A05054,12
P02378,A05400,13
P02378,A07365,1
P02378,A07366,3
P02378,A07367,4
P02378,A07368,7
P02378,A07369,8
P02378,A07370,9
P02378,A07371,10
P02378,A07372,11
P02379,A00023,7
P02379,A00116,5
P02379,A00170,3
P02379,A00769,10
P02379,A00923,9
P02379,A04076,8
P02379,A06308,2
P02379,A06629,1
P02379,A07373,4
P02379,A07374,6
P02380,A04563,2
P02380,A06443,6
P02380,A06824,5
P02380,A07375,1
P02380,A07376,3
P02380,A07377,4
P02380,A07378,7
P02380,A07379,8
P02381,A00034,2
P02381,A01250,3
P02381,A04599,8
P02381,A07380,1
P02381,A07381,4
P02381,A07382,5
P02381,A07383,6
P02381,A07384,7
P02381,A07385,9
P02382,A02931,5
P02382,A03554,1
P02382,A07386,2
P02382,A07387,3
P02382,A07388,4
P02382,A07389,6
P02383,A00170,2
P02383,A02868,1
P02383,A04147,3
P02383,A04594,6
P02383,A07390,4
P02383,A07391,5
P02384,A03019,7
P02384,A03804,4
P02384,A03805,3
P02384,A03832,1
P02384,A05019,2
P02384,A05020,8
P02384,A05021,9
P02384,A05023,11
P02384,A05718,6
P02384,A05933,5
P02384,A05934,10
P02384,A07392,12
P02385,A01245,3
P02385,A01374,2
P02385,A04338,5
P02385,A07393,1
P02385,A07394,4
P02385,A07395,6
P02386,A03935,4
P02386,A04120,6
P02386,A04121,2
P02386,A04123,3
P02386,A04124,5
P02386,A07396,1
P02386,A07397,7
P02387,A00128,4
P02387,A00199,9
P02387,A00231,12
P02387,A00249,23
P02387,A00481,5
P02387,A00844,6
P02387,A01037,20
P02387,A01317,18
P02387,A02245,22
P02387,A02340,13
P02387,A02524,16
P02387,A02525,19
P02387,A02526,17
P02387,A02812,10
P02387,A02813,11
P02387,A02814,14
P02387,A02815,15
P02387,A02882,21
P02387,A03160,1
P02387,A07398,2
P02387,A07399,3
P02387,A07400,7
P02387,A07401,8
P02388,A00796,1
P02388,A02588,2
P02388,A02985,3
P02388,A07402,4
P02389,A00534,2
P02389,A02949,9
P02389,A02951,6
P02389,A03124,4
P02389,A03374,10
P02389,A04454,7
P02389,A04489,3
P02389,A04874,1
P02389,A07403,5
P02389,A07404,8
P02390,A00170,2
P02390,A04147,4
P02390,A05610,3
P02390,A07405,1
P02391,A00171,2
P02391,A07406,1
